rank,manual_priority_score,manual_tier,function_name,entry_point,scanner_score,scanner_label,modules,evidence,priority_reasons,file_path,copied_file
1,406,A_must_review,FUN_03139398,03139398,249,90_plus_uncertain_gaze_interaction_near_certain,eye_source; weak_source_state; validity_gate; pose_vector; ray_interaction; ui_interaction; telemetry; frame_behavior; structure_combo; ordered_structure,strong_eye_source_hits_2; weak_xr_or_state_hits_6; validity_or_gating_hits_15; strong_pose_or_ray_construction_hits_2; ray_or_cast_sink_hits_4; ui_or_gameplay_sink_hits_10; telemetry_or_network_hits_2; frame_or_lifecycle_behavior; source_validity_pose_sink_structure; strong_eye_source_validity_pose_sink_structure; ordered_eye_source_validity_pose_interaction_sink; functionality_permission_setup; functionality_gaze_retrieval_or_extraction; functionality_gaze_interaction_hits_14; functionality_data_collection_or_telemetry_hits_2,base_scanner_score_249; module_bonus_validity_gate_8; module_bonus_pose_vector_10; module_bonus_ray_interaction_15; module_bonus_ui_interaction_12; module_bonus_telemetry_20; module_bonus_frame_behavior_5; module_bonus_structure_combo_18; evidence_bonus_telemetry_or_network_hits_12; sensitive_sink_telemetry_bonus_15; keyword_support_eye_or_gaze_5_bonus_20; keyword_support_sdk_2_bonus_6; keyword_support_collection_or_telemetry_4_bonus_16,C:\realDesktop\manifest-evaluations\summer-26\ghidra-pipeline\il2cpp-files\vrlegs\general-structure-results\90_plus_uncertain_gaze_interaction_near_certain\03139398_FUN_03139398.c,C:\realDesktop\manifest-evaluations\summer-26\ghidra-pipeline\il2cpp-files\vrlegs\manual-review-pack\A_must_review\001_p406_FUN_03139398.c
2,401,A_must_review,UnityEngine.Android.Permission$$RequestUserPermissions,0355130c,235,90_plus_framework_eye_tracking_support_or_permission_path_near_certain,eye_source; weak_source_state; validity_gate; pose_vector; paired_state_refs; ray_interaction; ui_interaction; telemetry; structure_combo; attempted_use,strong_eye_source_hits_21; weak_xr_or_state_hits_21; validity_or_gating_hits_21; strong_pose_or_ray_construction_hits_12; paired_field_refs_with_eye_source; ray_or_cast_sink_hits_2; ui_or_gameplay_sink_hits_7; telemetry_or_network_hits_2; source_validity_pose_sink_structure; strong_eye_source_validity_pose_sink_structure; attempted_eye_tracking_permission_or_feature_enable; negative_framework_support_context_without_confirmed_app_level_gaze_flow; functionality_permission_setup; functionality_gaze_interaction_hits_7; functionality_data_collection_or_telemetry_hits_2,base_scanner_score_235; module_bonus_validity_gate_8; module_bonus_pose_vector_10; module_bonus_paired_state_refs_8; module_bonus_ray_interaction_15; module_bonus_ui_interaction_12; module_bonus_telemetry_20; module_bonus_structure_combo_18; evidence_bonus_telemetry_or_network_hits_12; sensitive_sink_telemetry_bonus_15; keyword_support_eye_or_gaze_5_bonus_20; keyword_support_sdk_4_bonus_12; keyword_support_collection_or_telemetry_4_bonus_16,C:\realDesktop\manifest-evaluations\summer-26\ghidra-pipeline\il2cpp-files\vrlegs\general-structure-results\90_plus_framework_eye_tracking_support_or_permission_path_near_certain\0355130c_UnityEngine.Android.Permission$$RequestUserPermissions.c,C:\realDesktop\manifest-evaluations\summer-26\ghidra-pipeline\il2cpp-files\vrlegs\manual-review-pack\A_must_review\002_p401_UnityEngine.Android.Permission$$RequestUserPermissions.c
3,401,A_must_review,UnityEngine.Android.Permission$$RequestUserPermissions,03551468,235,90_plus_framework_eye_tracking_support_or_permission_path_near_certain,eye_source; weak_source_state; validity_gate; pose_vector; paired_state_refs; ray_interaction; ui_interaction; telemetry; structure_combo; attempted_use,strong_eye_source_hits_21; weak_xr_or_state_hits_21; validity_or_gating_hits_21; strong_pose_or_ray_construction_hits_12; paired_field_refs_with_eye_source; ray_or_cast_sink_hits_2; ui_or_gameplay_sink_hits_7; telemetry_or_network_hits_2; source_validity_pose_sink_structure; strong_eye_source_validity_pose_sink_structure; attempted_eye_tracking_permission_or_feature_enable; negative_framework_support_context_without_confirmed_app_level_gaze_flow; functionality_permission_setup; functionality_gaze_interaction_hits_7; functionality_data_collection_or_telemetry_hits_2,base_scanner_score_235; module_bonus_validity_gate_8; module_bonus_pose_vector_10; module_bonus_paired_state_refs_8; module_bonus_ray_interaction_15; module_bonus_ui_interaction_12; module_bonus_telemetry_20; module_bonus_structure_combo_18; evidence_bonus_telemetry_or_network_hits_12; sensitive_sink_telemetry_bonus_15; keyword_support_eye_or_gaze_5_bonus_20; keyword_support_sdk_4_bonus_12; keyword_support_collection_or_telemetry_4_bonus_16,C:\realDesktop\manifest-evaluations\summer-26\ghidra-pipeline\il2cpp-files\vrlegs\general-structure-results\90_plus_framework_eye_tracking_support_or_permission_path_near_certain\03551468_UnityEngine.Android.Permission$$RequestUserPermissions.c,C:\realDesktop\manifest-evaluations\summer-26\ghidra-pipeline\il2cpp-files\vrlegs\manual-review-pack\A_must_review\003_p401_UnityEngine.Android.Permission$$RequestUserPermissions.c
4,387,A_must_review,UnityEngine.Android.Permission$$RequestUserPermission,03551280,221,90_plus_framework_support_only_near_certain,eye_source; weak_source_state; validity_gate; pose_vector; paired_state_refs; ray_interaction; ui_interaction; telemetry; structure_combo,strong_eye_source_hits_21; weak_xr_or_state_hits_21; validity_or_gating_hits_21; strong_pose_or_ray_construction_hits_12; paired_field_refs_with_eye_source; ray_or_cast_sink_hits_2; ui_or_gameplay_sink_hits_7; telemetry_or_network_hits_2; source_validity_pose_sink_structure; strong_eye_source_validity_pose_sink_structure; negative_framework_support_context_without_confirmed_app_level_gaze_flow; functionality_permission_setup; functionality_gaze_interaction_hits_7; functionality_data_collection_or_telemetry_hits_2,base_scanner_score_221; module_bonus_validity_gate_8; module_bonus_pose_vector_10; module_bonus_paired_state_refs_8; module_bonus_ray_interaction_15; module_bonus_ui_interaction_12; module_bonus_telemetry_20; module_bonus_structure_combo_18; evidence_bonus_telemetry_or_network_hits_12; sensitive_sink_telemetry_bonus_15; keyword_support_eye_or_gaze_5_bonus_20; keyword_support_sdk_4_bonus_12; keyword_support_collection_or_telemetry_4_bonus_16,C:\realDesktop\manifest-evaluations\summer-26\ghidra-pipeline\il2cpp-files\vrlegs\general-structure-results\90_plus_framework_support_only_near_certain\03551280_UnityEngine.Android.Permission$$RequestUserPermission.c,C:\realDesktop\manifest-evaluations\summer-26\ghidra-pipeline\il2cpp-files\vrlegs\manual-review-pack\A_must_review\004_p387_UnityEngine.Android.Permission$$RequestUserPermission.c
5,387,A_must_review,UnityEngine.Android.Permission$$RequestUserPermission,03551480,221,90_plus_framework_support_only_near_certain,eye_source; weak_source_state; validity_gate; pose_vector; paired_state_refs; ray_interaction; ui_interaction; telemetry; structure_combo,strong_eye_source_hits_21; weak_xr_or_state_hits_21; validity_or_gating_hits_21; strong_pose_or_ray_construction_hits_12; paired_field_refs_with_eye_source; ray_or_cast_sink_hits_2; ui_or_gameplay_sink_hits_7; telemetry_or_network_hits_2; source_validity_pose_sink_structure; strong_eye_source_validity_pose_sink_structure; negative_framework_support_context_without_confirmed_app_level_gaze_flow; functionality_permission_setup; functionality_gaze_interaction_hits_7; functionality_data_collection_or_telemetry_hits_2,base_scanner_score_221; module_bonus_validity_gate_8; module_bonus_pose_vector_10; module_bonus_paired_state_refs_8; module_bonus_ray_interaction_15; module_bonus_ui_interaction_12; module_bonus_telemetry_20; module_bonus_structure_combo_18; evidence_bonus_telemetry_or_network_hits_12; sensitive_sink_telemetry_bonus_15; keyword_support_eye_or_gaze_5_bonus_20; keyword_support_sdk_4_bonus_12; keyword_support_collection_or_telemetry_4_bonus_16,C:\realDesktop\manifest-evaluations\summer-26\ghidra-pipeline\il2cpp-files\vrlegs\general-structure-results\90_plus_framework_support_only_near_certain\03551480_UnityEngine.Android.Permission$$RequestUserPermission.c,C:\realDesktop\manifest-evaluations\summer-26\ghidra-pipeline\il2cpp-files\vrlegs\manual-review-pack\A_must_review\005_p387_UnityEngine.Android.Permission$$RequestUserPermission.c
6,387,A_must_review,UnityEngine.Android.AndroidAssetPackUseMobileDataRequestResult$$.ctor,035500a0,221,90_plus_framework_support_only_near_certain,eye_source; weak_source_state; validity_gate; pose_vector; paired_state_refs; ray_interaction; ui_interaction; telemetry; structure_combo,strong_eye_source_hits_21; weak_xr_or_state_hits_21; validity_or_gating_hits_21; strong_pose_or_ray_construction_hits_12; paired_field_refs_with_eye_source; ray_or_cast_sink_hits_2; ui_or_gameplay_sink_hits_7; telemetry_or_network_hits_2; source_validity_pose_sink_structure; strong_eye_source_validity_pose_sink_structure; negative_framework_support_context_without_confirmed_app_level_gaze_flow; functionality_gaze_interaction_hits_7; functionality_data_collection_or_telemetry_hits_2,base_scanner_score_221; module_bonus_validity_gate_8; module_bonus_pose_vector_10; module_bonus_paired_state_refs_8; module_bonus_ray_interaction_15; module_bonus_ui_interaction_12; module_bonus_telemetry_20; module_bonus_structure_combo_18; evidence_bonus_telemetry_or_network_hits_12; sensitive_sink_telemetry_bonus_15; keyword_support_eye_or_gaze_5_bonus_20; keyword_support_sdk_4_bonus_12; keyword_support_collection_or_telemetry_4_bonus_16,C:\realDesktop\manifest-evaluations\summer-26\ghidra-pipeline\il2cpp-files\vrlegs\general-structure-results\90_plus_framework_support_only_near_certain\035500a0_UnityEngine.Android.AndroidAssetPackUseMobileDataRequestResult$$.ctor.c,C:\realDesktop\manifest-evaluations\summer-26\ghidra-pipeline\il2cpp-files\vrlegs\manual-review-pack\A_must_review\006_p387_UnityEngine.Android.AndroidAssetPackUseMobileDataRequestResult$$.ctor.c
7,382,A_must_review,Unity.Entities.Serialization.SerializeUtilityInterop.AllocAndQueueReadChunkCommands_000014EF$PostfixBurstDelegate$$Invoke,030cc2bc,216,90_plus_uncertain_foveated_rendering_near_certain,eye_source; weak_source_state; validity_gate; pose_vector; ui_interaction; telemetry; foveation_rendering; structure_combo,strong_eye_source_hits_1; weak_xr_or_state_hits_1; validity_or_gating_hits_8; strong_pose_or_ray_construction_hits_8; ui_or_gameplay_sink_hits_2; telemetry_or_network_hits_4; strong_foveation_hits_1; source_validity_pose_sink_structure; strong_eye_source_validity_pose_sink_structure; functionality_foveated_rendering; functionality_gaze_interaction_hits_2; functionality_data_collection_or_telemetry_hits_2,base_scanner_score_216; module_bonus_validity_gate_8; module_bonus_pose_vector_10; module_bonus_ui_interaction_12; module_bonus_telemetry_20; module_bonus_foveation_rendering_20; module_bonus_structure_combo_18; evidence_bonus_telemetry_or_network_hits_12; sensitive_sink_telemetry_bonus_15; sensitive_sink_foveation_bonus_12; keyword_support_eye_or_gaze_5_bonus_20; keyword_support_sdk_1_bonus_3; keyword_support_collection_or_telemetry_4_bonus_16,C:\realDesktop\manifest-evaluations\summer-26\ghidra-pipeline\il2cpp-files\vrlegs\general-structure-results\90_plus_uncertain_foveated_rendering_near_certain\030cc2bc_Unity.Entities.Serialization.SerializeUtilityInterop.AllocAndQueueReadChunkCommands_000014EF$PostfixBurstDelegate$$Invoke.c,C:\realDesktop\manifest-evaluations\summer-26\ghidra-pipeline\il2cpp-files\vrlegs\manual-review-pack\A_must_review\007_p382_Unity.Entities.Serialization.SerializeUtilityInterop.AllocAndQueueReadChunkCommands_000014EF$PostfixBurstDelegate$$Invoke.c
8,373,A_must_review,UnityEngine.InputSystem.FastTouchscreen$$Initialize_ctrlTouchscreentouch6radiusy,03139414,219,90_plus_framework_support_only_near_certain,eye_source; weak_source_state; validity_gate; pose_vector; ray_interaction; ui_interaction; telemetry; frame_behavior; structure_combo; ordered_structure,strong_eye_source_hits_1; weak_xr_or_state_hits_5; validity_or_gating_hits_15; strong_pose_or_ray_construction_hits_2; ray_or_cast_sink_hits_2; ui_or_gameplay_sink_hits_8; telemetry_or_network_hits_2; frame_or_lifecycle_behavior; source_validity_pose_sink_structure; strong_eye_source_validity_pose_sink_structure; ordered_eye_source_validity_pose_interaction_sink; negative_framework_support_context_without_confirmed_app_level_gaze_flow; functionality_permission_setup; functionality_gaze_retrieval_or_extraction; functionality_gaze_interaction_hits_10; functionality_data_collection_or_telemetry_hits_2,base_scanner_score_219; module_bonus_validity_gate_8; module_bonus_pose_vector_10; module_bonus_ray_interaction_15; module_bonus_ui_interaction_12; module_bonus_telemetry_20; module_bonus_frame_behavior_5; module_bonus_structure_combo_18; evidence_bonus_telemetry_or_network_hits_12; sensitive_sink_telemetry_bonus_15; keyword_support_eye_or_gaze_5_bonus_20; keyword_support_sdk_1_bonus_3; keyword_support_collection_or_telemetry_4_bonus_16,C:\realDesktop\manifest-evaluations\summer-26\ghidra-pipeline\il2cpp-files\vrlegs\general-structure-results\90_plus_framework_support_only_near_certain\03139414_UnityEngine.InputSystem.FastTouchscreen$$Initialize_ctrlTouchscreentouch6radiusy.c,C:\realDesktop\manifest-evaluations\summer-26\ghidra-pipeline\il2cpp-files\vrlegs\manual-review-pack\A_must_review\008_p373_UnityEngine.InputSystem.FastTouchscreen$$Initialize_ctrlTouchscreentouch6radiusy.c
9,372,A_must_review,FUN_030c1148,030c1148,206,90_plus_uncertain_foveated_rendering_near_certain,eye_source; weak_source_state; validity_gate; pose_vector; ui_interaction; telemetry; foveation_rendering; structure_combo,strong_eye_source_hits_1; weak_xr_or_state_hits_1; validity_or_gating_hits_5; strong_pose_or_ray_construction_hits_2; ui_or_gameplay_sink_hits_3; telemetry_or_network_hits_2; strong_foveation_hits_1; source_validity_pose_sink_structure; strong_eye_source_validity_pose_sink_structure; functionality_foveated_rendering; functionality_gaze_interaction_hits_3; functionality_data_collection_or_telemetry_hits_2,base_scanner_score_206; module_bonus_validity_gate_8; module_bonus_pose_vector_10; module_bonus_ui_interaction_12; module_bonus_telemetry_20; module_bonus_foveation_rendering_20; module_bonus_structure_combo_18; evidence_bonus_telemetry_or_network_hits_12; sensitive_sink_telemetry_bonus_15; sensitive_sink_foveation_bonus_12; keyword_support_eye_or_gaze_5_bonus_20; keyword_support_sdk_1_bonus_3; keyword_support_collection_or_telemetry_4_bonus_16,C:\realDesktop\manifest-evaluations\summer-26\ghidra-pipeline\il2cpp-files\vrlegs\general-structure-results\90_plus_uncertain_foveated_rendering_near_certain\030c1148_FUN_030c1148.c,C:\realDesktop\manifest-evaluations\summer-26\ghidra-pipeline\il2cpp-files\vrlegs\manual-review-pack\A_must_review\009_p372_FUN_030c1148.c
10,353,A_must_review,UnityEngine.InputSystem.XR.Eyes$$set_leftEyePosition,0315e334,234,90_plus_confirmed_eye_data_collection_near_certain,eye_source; validity_gate; pose_vector; telemetry; structure_combo; active_gaze_retrieval; active_gaze_collection; possible_biometrics,strong_eye_source_hits_2; validity_or_gating_hits_1; strong_pose_or_ray_construction_hits_2; telemetry_or_network_hits_2; source_validity_pose_sink_structure; strong_eye_source_validity_pose_sink_structure; active_gaze_state_retrieval_with_validity_and_pose; active_gaze_values_flow_to_collection_or_telemetry_sink; possible_biometric_feature_from_active_eye_context; functionality_gaze_interaction_hits_1; functionality_data_collection_or_telemetry_hits_2; functionality_possible_biometrics_hits_2,base_scanner_score_234; module_bonus_validity_gate_8; module_bonus_pose_vector_10; module_bonus_telemetry_20; module_bonus_structure_combo_18; evidence_bonus_telemetry_or_network_hits_12; sensitive_sink_telemetry_bonus_15; keyword_support_eye_or_gaze_5_bonus_20; keyword_support_collection_or_telemetry_4_bonus_16,C:\realDesktop\manifest-evaluations\summer-26\ghidra-pipeline\il2cpp-files\vrlegs\general-structure-results\90_plus_confirmed_eye_data_collection_near_certain\0315e334_UnityEngine.InputSystem.XR.Eyes$$set_leftEyePosition.c,C:\realDesktop\manifest-evaluations\summer-26\ghidra-pipeline\il2cpp-files\vrlegs\manual-review-pack\A_must_review\010_p353_UnityEngine.InputSystem.XR.Eyes$$set_leftEyePosition.c
11,353,A_must_review,UnityEngine.InputSystem.XR.Eyes$$get_leftEyeRotation,0315e340,234,90_plus_confirmed_eye_data_collection_near_certain,eye_source; validity_gate; pose_vector; telemetry; structure_combo; active_gaze_retrieval; active_gaze_collection; possible_biometrics,strong_eye_source_hits_2; validity_or_gating_hits_1; strong_pose_or_ray_construction_hits_2; telemetry_or_network_hits_2; source_validity_pose_sink_structure; strong_eye_source_validity_pose_sink_structure; active_gaze_state_retrieval_with_validity_and_pose; active_gaze_values_flow_to_collection_or_telemetry_sink; possible_biometric_feature_from_active_eye_context; functionality_gaze_interaction_hits_1; functionality_data_collection_or_telemetry_hits_2; functionality_possible_biometrics_hits_2,base_scanner_score_234; module_bonus_validity_gate_8; module_bonus_pose_vector_10; module_bonus_telemetry_20; module_bonus_structure_combo_18; evidence_bonus_telemetry_or_network_hits_12; sensitive_sink_telemetry_bonus_15; keyword_support_eye_or_gaze_5_bonus_20; keyword_support_collection_or_telemetry_4_bonus_16,C:\realDesktop\manifest-evaluations\summer-26\ghidra-pipeline\il2cpp-files\vrlegs\general-structure-results\90_plus_confirmed_eye_data_collection_near_certain\0315e340_UnityEngine.InputSystem.XR.Eyes$$get_leftEyeRotation.c,C:\realDesktop\manifest-evaluations\summer-26\ghidra-pipeline\il2cpp-files\vrlegs\manual-review-pack\A_must_review\011_p353_UnityEngine.InputSystem.XR.Eyes$$get_leftEyeRotation.c
12,353,A_must_review,UnityEngine.InputSystem.XR.Eyes$$get_leftEyePosition,0315e328,234,90_plus_confirmed_eye_data_collection_near_certain,eye_source; validity_gate; pose_vector; telemetry; structure_combo; active_gaze_retrieval; active_gaze_collection; possible_biometrics,strong_eye_source_hits_2; validity_or_gating_hits_1; strong_pose_or_ray_construction_hits_2; telemetry_or_network_hits_2; source_validity_pose_sink_structure; strong_eye_source_validity_pose_sink_structure; active_gaze_state_retrieval_with_validity_and_pose; active_gaze_values_flow_to_collection_or_telemetry_sink; possible_biometric_feature_from_active_eye_context; functionality_gaze_interaction_hits_1; functionality_data_collection_or_telemetry_hits_2; functionality_possible_biometrics_hits_2,base_scanner_score_234; module_bonus_validity_gate_8; module_bonus_pose_vector_10; module_bonus_telemetry_20; module_bonus_structure_combo_18; evidence_bonus_telemetry_or_network_hits_12; sensitive_sink_telemetry_bonus_15; keyword_support_eye_or_gaze_5_bonus_20; keyword_support_collection_or_telemetry_4_bonus_16,C:\realDesktop\manifest-evaluations\summer-26\ghidra-pipeline\il2cpp-files\vrlegs\general-structure-results\90_plus_confirmed_eye_data_collection_near_certain\0315e328_UnityEngine.InputSystem.XR.Eyes$$get_leftEyePosition.c,C:\realDesktop\manifest-evaluations\summer-26\ghidra-pipeline\il2cpp-files\vrlegs\manual-review-pack\A_must_review\012_p353_UnityEngine.InputSystem.XR.Eyes$$get_leftEyePosition.c
13,348,A_must_review,UnityEngine.InputSystem.XR.Eyes$$set_rightEyeRotation,0315e37c,229,90_plus_confirmed_eye_data_collection_near_certain,eye_source; validity_gate; pose_vector; telemetry; structure_combo; active_gaze_retrieval; active_gaze_collection; possible_biometrics,strong_eye_source_hits_2; validity_or_gating_hits_1; strong_pose_or_ray_construction_hits_2; telemetry_or_network_hits_1; source_validity_pose_sink_structure; strong_eye_source_validity_pose_sink_structure; active_gaze_state_retrieval_with_validity_and_pose; active_gaze_values_flow_to_collection_or_telemetry_sink; possible_biometric_feature_from_active_eye_context; functionality_data_collection_or_telemetry_hits_1; functionality_possible_biometrics_hits_2,base_scanner_score_229; module_bonus_validity_gate_8; module_bonus_pose_vector_10; module_bonus_telemetry_20; module_bonus_structure_combo_18; evidence_bonus_telemetry_or_network_hits_12; sensitive_sink_telemetry_bonus_15; keyword_support_eye_or_gaze_5_bonus_20; keyword_support_collection_or_telemetry_4_bonus_16,C:\realDesktop\manifest-evaluations\summer-26\ghidra-pipeline\il2cpp-files\vrlegs\general-structure-results\90_plus_confirmed_eye_data_collection_near_certain\0315e37c_UnityEngine.InputSystem.XR.Eyes$$set_rightEyeRotation.c,C:\realDesktop\manifest-evaluations\summer-26\ghidra-pipeline\il2cpp-files\vrlegs\manual-review-pack\A_must_review\013_p348_UnityEngine.InputSystem.XR.Eyes$$set_rightEyeRotation.c
14,348,A_must_review,UnityEngine.InputSystem.XR.Eyes$$set_rightEyePosition,0315e364,229,90_plus_confirmed_eye_data_collection_near_certain,eye_source; validity_gate; pose_vector; telemetry; structure_combo; active_gaze_retrieval; active_gaze_collection; possible_biometrics,strong_eye_source_hits_2; validity_or_gating_hits_1; strong_pose_or_ray_construction_hits_2; telemetry_or_network_hits_1; source_validity_pose_sink_structure; strong_eye_source_validity_pose_sink_structure; active_gaze_state_retrieval_with_validity_and_pose; active_gaze_values_flow_to_collection_or_telemetry_sink; possible_biometric_feature_from_active_eye_context; functionality_data_collection_or_telemetry_hits_1; functionality_possible_biometrics_hits_2,base_scanner_score_229; module_bonus_validity_gate_8; module_bonus_pose_vector_10; module_bonus_telemetry_20; module_bonus_structure_combo_18; evidence_bonus_telemetry_or_network_hits_12; sensitive_sink_telemetry_bonus_15; keyword_support_eye_or_gaze_5_bonus_20; keyword_support_collection_or_telemetry_4_bonus_16,C:\realDesktop\manifest-evaluations\summer-26\ghidra-pipeline\il2cpp-files\vrlegs\general-structure-results\90_plus_confirmed_eye_data_collection_near_certain\0315e364_UnityEngine.InputSystem.XR.Eyes$$set_rightEyePosition.c,C:\realDesktop\manifest-evaluations\summer-26\ghidra-pipeline\il2cpp-files\vrlegs\manual-review-pack\A_must_review\014_p348_UnityEngine.InputSystem.XR.Eyes$$set_rightEyePosition.c
15,348,A_must_review,UnityEngine.InputSystem.XR.Eyes$$set_leftEyeRotation,0315e34c,229,90_plus_confirmed_eye_data_collection_near_certain,eye_source; validity_gate; pose_vector; telemetry; structure_combo; active_gaze_retrieval; active_gaze_collection; possible_biometrics,strong_eye_source_hits_2; validity_or_gating_hits_1; strong_pose_or_ray_construction_hits_2; telemetry_or_network_hits_1; source_validity_pose_sink_structure; strong_eye_source_validity_pose_sink_structure; active_gaze_state_retrieval_with_validity_and_pose; active_gaze_values_flow_to_collection_or_telemetry_sink; possible_biometric_feature_from_active_eye_context; functionality_gaze_interaction_hits_1; functionality_data_collection_or_telemetry_hits_1; functionality_possible_biometrics_hits_2,base_scanner_score_229; module_bonus_validity_gate_8; module_bonus_pose_vector_10; module_bonus_telemetry_20; module_bonus_structure_combo_18; evidence_bonus_telemetry_or_network_hits_12; sensitive_sink_telemetry_bonus_15; keyword_support_eye_or_gaze_5_bonus_20; keyword_support_collection_or_telemetry_4_bonus_16,C:\realDesktop\manifest-evaluations\summer-26\ghidra-pipeline\il2cpp-files\vrlegs\general-structure-results\90_plus_confirmed_eye_data_collection_near_certain\0315e34c_UnityEngine.InputSystem.XR.Eyes$$set_leftEyeRotation.c,C:\realDesktop\manifest-evaluations\summer-26\ghidra-pipeline\il2cpp-files\vrlegs\manual-review-pack\A_must_review\015_p348_UnityEngine.InputSystem.XR.Eyes$$set_leftEyeRotation.c
16,348,A_must_review,UnityEngine.InputSystem.XR.Eyes$$get_rightEyeRotation,0315e370,229,90_plus_confirmed_eye_data_collection_near_certain,eye_source; validity_gate; pose_vector; telemetry; structure_combo; active_gaze_retrieval; active_gaze_collection; possible_biometrics,strong_eye_source_hits_2; validity_or_gating_hits_1; strong_pose_or_ray_construction_hits_2; telemetry_or_network_hits_1; source_validity_pose_sink_structure; strong_eye_source_validity_pose_sink_structure; active_gaze_state_retrieval_with_validity_and_pose; active_gaze_values_flow_to_collection_or_telemetry_sink; possible_biometric_feature_from_active_eye_context; functionality_data_collection_or_telemetry_hits_1; functionality_possible_biometrics_hits_2,base_scanner_score_229; module_bonus_validity_gate_8; module_bonus_pose_vector_10; module_bonus_telemetry_20; module_bonus_structure_combo_18; evidence_bonus_telemetry_or_network_hits_12; sensitive_sink_telemetry_bonus_15; keyword_support_eye_or_gaze_5_bonus_20; keyword_support_collection_or_telemetry_4_bonus_16,C:\realDesktop\manifest-evaluations\summer-26\ghidra-pipeline\il2cpp-files\vrlegs\general-structure-results\90_plus_confirmed_eye_data_collection_near_certain\0315e370_UnityEngine.InputSystem.XR.Eyes$$get_rightEyeRotation.c,C:\realDesktop\manifest-evaluations\summer-26\ghidra-pipeline\il2cpp-files\vrlegs\manual-review-pack\A_must_review\016_p348_UnityEngine.InputSystem.XR.Eyes$$get_rightEyeRotation.c
17,348,A_must_review,UnityEngine.InputSystem.XR.Eyes$$get_rightEyePosition,0315e358,229,90_plus_confirmed_eye_data_collection_near_certain,eye_source; validity_gate; pose_vector; telemetry; structure_combo; active_gaze_retrieval; active_gaze_collection; possible_biometrics,strong_eye_source_hits_2; validity_or_gating_hits_1; strong_pose_or_ray_construction_hits_2; telemetry_or_network_hits_1; source_validity_pose_sink_structure; strong_eye_source_validity_pose_sink_structure; active_gaze_state_retrieval_with_validity_and_pose; active_gaze_values_flow_to_collection_or_telemetry_sink; possible_biometric_feature_from_active_eye_context; functionality_data_collection_or_telemetry_hits_1; functionality_possible_biometrics_hits_2,base_scanner_score_229; module_bonus_validity_gate_8; module_bonus_pose_vector_10; module_bonus_telemetry_20; module_bonus_structure_combo_18; evidence_bonus_telemetry_or_network_hits_12; sensitive_sink_telemetry_bonus_15; keyword_support_eye_or_gaze_5_bonus_20; keyword_support_collection_or_telemetry_4_bonus_16,C:\realDesktop\manifest-evaluations\summer-26\ghidra-pipeline\il2cpp-files\vrlegs\general-structure-results\90_plus_confirmed_eye_data_collection_near_certain\0315e358_UnityEngine.InputSystem.XR.Eyes$$get_rightEyePosition.c,C:\realDesktop\manifest-evaluations\summer-26\ghidra-pipeline\il2cpp-files\vrlegs\manual-review-pack\A_must_review\017_p348_UnityEngine.InputSystem.XR.Eyes$$get_rightEyePosition.c
18,348,A_must_review,FUN_030c3424,030c3424,194,90_plus_uncertain_foveated_rendering_near_certain,eye_source; weak_source_state; validity_gate; pose_vector; telemetry; foveation_rendering; structure_combo,strong_eye_source_hits_1; weak_xr_or_state_hits_1; validity_or_gating_hits_5; strong_pose_or_ray_construction_hits_2; telemetry_or_network_hits_4; strong_foveation_hits_1; source_validity_pose_sink_structure; strong_eye_source_validity_pose_sink_structure; functionality_foveated_rendering; functionality_data_collection_or_telemetry_hits_4,base_scanner_score_194; module_bonus_validity_gate_8; module_bonus_pose_vector_10; module_bonus_telemetry_20; module_bonus_foveation_rendering_20; module_bonus_structure_combo_18; evidence_bonus_telemetry_or_network_hits_12; sensitive_sink_telemetry_bonus_15; sensitive_sink_foveation_bonus_12; keyword_support_eye_or_gaze_5_bonus_20; keyword_support_sdk_1_bonus_3; keyword_support_collection_or_telemetry_4_bonus_16,C:\realDesktop\manifest-evaluations\summer-26\ghidra-pipeline\il2cpp-files\vrlegs\general-structure-results\90_plus_uncertain_foveated_rendering_near_certain\030c3424_FUN_030c3424.c,C:\realDesktop\manifest-evaluations\summer-26\ghidra-pipeline\il2cpp-files\vrlegs\manual-review-pack\A_must_review\018_p348_FUN_030c3424.c
19,347,A_must_review,Unity.Physics.Ray$$get_ReciprocalDisplacement,03247f24,256,90_plus_confirmed_gaze_interaction_near_certain,eye_source; weak_source_state; validity_gate; pose_vector; paired_state_refs; ray_interaction; structure_combo; attempted_use; active_gaze_retrieval; active_gaze_interaction,strong_eye_source_hits_9; weak_xr_or_state_hits_8; validity_or_gating_hits_4; strong_pose_or_ray_construction_hits_2; paired_field_refs_with_eye_source; ray_or_cast_sink_hits_2; source_validity_pose_sink_structure; strong_eye_source_validity_pose_sink_structure; attempted_eye_tracking_permission_or_feature_enable; active_gaze_state_retrieval_with_validity_and_pose; active_gaze_values_flow_to_interaction_sink; functionality_gaze_retrieval_or_extraction,base_scanner_score_256; module_bonus_validity_gate_8; module_bonus_pose_vector_10; module_bonus_paired_state_refs_8; module_bonus_ray_interaction_15; module_bonus_structure_combo_18; keyword_support_eye_or_gaze_5_bonus_20; keyword_support_sdk_4_bonus_12,C:\realDesktop\manifest-evaluations\summer-26\ghidra-pipeline\il2cpp-files\vrlegs\general-structure-results\90_plus_confirmed_gaze_interaction_near_certain\03247f24_Unity.Physics.Ray$$get_ReciprocalDisplacement.c,C:\realDesktop\manifest-evaluations\summer-26\ghidra-pipeline\il2cpp-files\vrlegs\manual-review-pack\A_must_review\019_p347_Unity.Physics.Ray$$get_ReciprocalDisplacement.c
20,343,A_must_review,Unity.Entities.Serialization.SerializeUtilityInterop.AllocAndQueueReadChunkCommands_000014EF$BurstDirectCall$$GetFunctionPointerDiscard,030cc2d0,197,90_plus_uncertain_foveated_rendering_near_certain,eye_source; weak_source_state; validity_gate; pose_vector; telemetry; foveation_rendering; structure_combo,strong_eye_source_hits_1; weak_xr_or_state_hits_1; validity_or_gating_hits_8; strong_pose_or_ray_construction_hits_8; telemetry_or_network_hits_2; strong_foveation_hits_1; source_validity_pose_sink_structure; strong_eye_source_validity_pose_sink_structure; functionality_foveated_rendering,base_scanner_score_197; module_bonus_validity_gate_8; module_bonus_pose_vector_10; module_bonus_telemetry_20; module_bonus_foveation_rendering_20; module_bonus_structure_combo_18; evidence_bonus_telemetry_or_network_hits_12; sensitive_sink_telemetry_bonus_15; sensitive_sink_foveation_bonus_12; keyword_support_eye_or_gaze_5_bonus_20; keyword_support_sdk_1_bonus_3; keyword_support_collection_or_telemetry_2_bonus_8,C:\realDesktop\manifest-evaluations\summer-26\ghidra-pipeline\il2cpp-files\vrlegs\general-structure-results\90_plus_uncertain_foveated_rendering_near_certain\030cc2d0_Unity.Entities.Serialization.SerializeUtilityInterop.AllocAndQueueReadChunkCommands_000014EF$BurstDirectCall$$GetFunctionPointerDiscard.c,C:\realDesktop\manifest-evaluations\summer-26\ghidra-pipeline\il2cpp-files\vrlegs\manual-review-pack\A_must_review\020_p343_Unity.Entities.Serialization.SerializeUtilityInterop.AllocAndQueueReadChunkCommands_000014EF$BurstDirectCall$$GetFunctionPointerDiscard.c
21,343,A_must_review,Unity.Entities.Serialization.SerializeUtilityInterop.AllocAndQueueReadChunkCommands_000014EF$BurstDirectCall$$GetFunctionPointer,030cc3ec,197,90_plus_uncertain_foveated_rendering_near_certain,eye_source; weak_source_state; validity_gate; pose_vector; telemetry; foveation_rendering; structure_combo,strong_eye_source_hits_1; weak_xr_or_state_hits_1; validity_or_gating_hits_8; strong_pose_or_ray_construction_hits_4; telemetry_or_network_hits_2; strong_foveation_hits_1; source_validity_pose_sink_structure; strong_eye_source_validity_pose_sink_structure; functionality_foveated_rendering,base_scanner_score_197; module_bonus_validity_gate_8; module_bonus_pose_vector_10; module_bonus_telemetry_20; module_bonus_foveation_rendering_20; module_bonus_structure_combo_18; evidence_bonus_telemetry_or_network_hits_12; sensitive_sink_telemetry_bonus_15; sensitive_sink_foveation_bonus_12; keyword_support_eye_or_gaze_5_bonus_20; keyword_support_sdk_1_bonus_3; keyword_support_collection_or_telemetry_2_bonus_8,C:\realDesktop\manifest-evaluations\summer-26\ghidra-pipeline\il2cpp-files\vrlegs\general-structure-results\90_plus_uncertain_foveated_rendering_near_certain\030cc3ec_Unity.Entities.Serialization.SerializeUtilityInterop.AllocAndQueueReadChunkCommands_000014EF$BurstDirectCall$$GetFunctionPointer.c,C:\realDesktop\manifest-evaluations\summer-26\ghidra-pipeline\il2cpp-files\vrlegs\manual-review-pack\A_must_review\021_p343_Unity.Entities.Serialization.SerializeUtilityInterop.AllocAndQueueReadChunkCommands_000014EF$BurstDirectCall$$GetFunctionPointer.c
22,343,A_must_review,Unity.Entities.Serialization.SerializeUtilityInterop.AllocAndQueueReadChunkCommands_000014EF$BurstDirectCall$$Constructor,030cc448,197,90_plus_uncertain_foveated_rendering_near_certain,eye_source; weak_source_state; validity_gate; pose_vector; telemetry; foveation_rendering; structure_combo,strong_eye_source_hits_1; weak_xr_or_state_hits_1; validity_or_gating_hits_5; strong_pose_or_ray_construction_hits_4; telemetry_or_network_hits_2; strong_foveation_hits_1; source_validity_pose_sink_structure; strong_eye_source_validity_pose_sink_structure; functionality_foveated_rendering,base_scanner_score_197; module_bonus_validity_gate_8; module_bonus_pose_vector_10; module_bonus_telemetry_20; module_bonus_foveation_rendering_20; module_bonus_structure_combo_18; evidence_bonus_telemetry_or_network_hits_12; sensitive_sink_telemetry_bonus_15; sensitive_sink_foveation_bonus_12; keyword_support_eye_or_gaze_5_bonus_20; keyword_support_sdk_1_bonus_3; keyword_support_collection_or_telemetry_2_bonus_8,C:\realDesktop\manifest-evaluations\summer-26\ghidra-pipeline\il2cpp-files\vrlegs\general-structure-results\90_plus_uncertain_foveated_rendering_near_certain\030cc448_Unity.Entities.Serialization.SerializeUtilityInterop.AllocAndQueueReadChunkCommands_000014EF$BurstDirectCall$$Constructor.c,C:\realDesktop\manifest-evaluations\summer-26\ghidra-pipeline\il2cpp-files\vrlegs\manual-review-pack\A_must_review\022_p343_Unity.Entities.Serialization.SerializeUtilityInterop.AllocAndQueueReadChunkCommands_000014EF$BurstDirectCall$$Constructor.c
23,327,A_must_review,Unity.Physics.Ray$$set_ReciprocalDisplacement,03247f30,244,90_plus_confirmed_gaze_interaction_near_certain,eye_source; weak_source_state; validity_gate; pose_vector; ray_interaction; structure_combo; attempted_use; active_gaze_retrieval; active_gaze_interaction,strong_eye_source_hits_9; weak_xr_or_state_hits_8; validity_or_gating_hits_4; strong_pose_or_ray_construction_hits_2; ray_or_cast_sink_hits_2; source_validity_pose_sink_structure; strong_eye_source_validity_pose_sink_structure; attempted_eye_tracking_permission_or_feature_enable; active_gaze_state_retrieval_with_validity_and_pose; active_gaze_values_flow_to_interaction_sink; functionality_gaze_retrieval_or_extraction,base_scanner_score_244; module_bonus_validity_gate_8; module_bonus_pose_vector_10; module_bonus_ray_interaction_15; module_bonus_structure_combo_18; keyword_support_eye_or_gaze_5_bonus_20; keyword_support_sdk_4_bonus_12,C:\realDesktop\manifest-evaluations\summer-26\ghidra-pipeline\il2cpp-files\vrlegs\general-structure-results\90_plus_confirmed_gaze_interaction_near_certain\03247f30_Unity.Physics.Ray$$set_ReciprocalDisplacement.c,C:\realDesktop\manifest-evaluations\summer-26\ghidra-pipeline\il2cpp-files\vrlegs\manual-review-pack\A_must_review\023_p327_Unity.Physics.Ray$$set_ReciprocalDisplacement.c
24,322,A_must_review,Unity.Physics.Systems.BuildPhysicsWorldDependencyResolver.__codegen__OnUpdate_00000A77$PostfixBurstDelegate$$Invoke,0326bd38,143,90_plus_uncertain_foveated_rendering_near_certain,validity_gate; ray_interaction; ui_interaction; telemetry; foveation_rendering; frame_behavior; keyword_support,validity_or_gating_hits_9; ray_or_cast_sink_hits_4; ui_or_gameplay_sink_hits_2; telemetry_or_network_hits_2; strong_foveation_hits_3; frame_or_lifecycle_behavior; eye_or_gaze_keyword_boost_only; functionality_foveated_rendering,base_scanner_score_143; module_bonus_validity_gate_8; module_bonus_ray_interaction_15; module_bonus_ui_interaction_12; module_bonus_telemetry_20; module_bonus_foveation_rendering_20; module_bonus_frame_behavior_5; module_bonus_keyword_support_12; evidence_bonus_telemetry_or_network_hits_12; evidence_bonus_eye_or_gaze_keyword_boost_12; sensitive_sink_telemetry_bonus_15; sensitive_sink_foveation_bonus_12; keyword_support_eye_or_gaze_5_bonus_20; keyword_support_collection_or_telemetry_4_bonus_16,C:\realDesktop\manifest-evaluations\summer-26\ghidra-pipeline\il2cpp-files\vrlegs\general-structure-results\90_plus_uncertain_foveated_rendering_near_certain\0326bd38_Unity.Physics.Systems.BuildPhysicsWorldDependencyResolver.__codegen__OnUpdate_00000A77$PostfixBurstDelegate$$Invoke.c,C:\realDesktop\manifest-evaluations\summer-26\ghidra-pipeline\il2cpp-files\vrlegs\manual-review-pack\A_must_review\024_p322_Unity.Physics.Systems.BuildPhysicsWorldDependencyResolver.__codegen__OnUpdate_00000A77$PostfixBurstDelegate$$Invoke.c
25,321,A_must_review,UnityEngine.AudioSource$$set_spatializePostEffects,03564fc4,178,90_plus_framework_support_only_near_certain,eye_source; weak_source_state; validity_gate; pose_vector; ui_interaction; telemetry; structure_combo,strong_eye_source_hits_21; weak_xr_or_state_hits_21; validity_or_gating_hits_21; strong_pose_or_ray_construction_hits_2; ui_or_gameplay_sink_hits_2; telemetry_or_network_hits_2; source_validity_pose_sink_structure; strong_eye_source_validity_pose_sink_structure; negative_framework_support_context_without_confirmed_app_level_gaze_flow; functionality_gaze_interaction_hits_2; functionality_data_collection_or_telemetry_hits_2,base_scanner_score_178; module_bonus_validity_gate_8; module_bonus_pose_vector_10; module_bonus_ui_interaction_12; module_bonus_telemetry_20; module_bonus_structure_combo_18; evidence_bonus_telemetry_or_network_hits_12; sensitive_sink_telemetry_bonus_15; keyword_support_eye_or_gaze_5_bonus_20; keyword_support_sdk_4_bonus_12; keyword_support_collection_or_telemetry_4_bonus_16,C:\realDesktop\manifest-evaluations\summer-26\ghidra-pipeline\il2cpp-files\vrlegs\general-structure-results\90_plus_framework_support_only_near_certain\03564fc4_UnityEngine.AudioSource$$set_spatializePostEffects.c,C:\realDesktop\manifest-evaluations\summer-26\ghidra-pipeline\il2cpp-files\vrlegs\manual-review-pack\A_must_review\025_p321_UnityEngine.AudioSource$$set_spatializePostEffects.c
26,321,A_must_review,UnityEngine.AudioSource$$get_spatializePostEffects,03564f88,178,90_plus_framework_support_only_near_certain,eye_source; weak_source_state; validity_gate; pose_vector; ui_interaction; telemetry; structure_combo,strong_eye_source_hits_21; weak_xr_or_state_hits_21; validity_or_gating_hits_21; strong_pose_or_ray_construction_hits_2; ui_or_gameplay_sink_hits_2; telemetry_or_network_hits_2; source_validity_pose_sink_structure; strong_eye_source_validity_pose_sink_structure; negative_framework_support_context_without_confirmed_app_level_gaze_flow; functionality_gaze_interaction_hits_2; functionality_data_collection_or_telemetry_hits_2,base_scanner_score_178; module_bonus_validity_gate_8; module_bonus_pose_vector_10; module_bonus_ui_interaction_12; module_bonus_telemetry_20; module_bonus_structure_combo_18; evidence_bonus_telemetry_or_network_hits_12; sensitive_sink_telemetry_bonus_15; keyword_support_eye_or_gaze_5_bonus_20; keyword_support_sdk_4_bonus_12; keyword_support_collection_or_telemetry_4_bonus_16,C:\realDesktop\manifest-evaluations\summer-26\ghidra-pipeline\il2cpp-files\vrlegs\general-structure-results\90_plus_framework_support_only_near_certain\03564f88_UnityEngine.AudioSource$$get_spatializePostEffects.c,C:\realDesktop\manifest-evaluations\summer-26\ghidra-pipeline\il2cpp-files\vrlegs\manual-review-pack\A_must_review\026_p321_UnityEngine.AudioSource$$get_spatializePostEffects.c
27,315,A_must_review,UnityEngine.AudioSource$$get_timeSamples,03564364,230,90_plus_confirmed_gaze_interaction_near_certain,eye_source; weak_source_state; validity_gate; pose_vector; ui_interaction; frame_behavior; structure_combo; active_gaze_retrieval; active_gaze_interaction,strong_eye_source_hits_21; weak_xr_or_state_hits_21; validity_or_gating_hits_21; strong_pose_or_ray_construction_hits_2; ui_or_gameplay_sink_hits_2; frame_or_lifecycle_behavior; source_validity_pose_sink_structure; strong_eye_source_validity_pose_sink_structure; active_gaze_state_retrieval_with_validity_and_pose; active_gaze_values_flow_to_interaction_sink; functionality_gaze_retrieval_or_extraction; functionality_gaze_interaction_hits_2,base_scanner_score_230; module_bonus_validity_gate_8; module_bonus_pose_vector_10; module_bonus_ui_interaction_12; module_bonus_frame_behavior_5; module_bonus_structure_combo_18; keyword_support_eye_or_gaze_5_bonus_20; keyword_support_sdk_4_bonus_12,C:\realDesktop\manifest-evaluations\summer-26\ghidra-pipeline\il2cpp-files\vrlegs\general-structure-results\90_plus_confirmed_gaze_interaction_near_certain\03564364_UnityEngine.AudioSource$$get_timeSamples.c,C:\realDesktop\manifest-evaluations\summer-26\ghidra-pipeline\il2cpp-files\vrlegs\manual-review-pack\A_must_review\027_p315_UnityEngine.AudioSource$$get_timeSamples.c
28,315,A_must_review,UnityEngine.AudioSource$$get_time,035642dc,230,90_plus_confirmed_gaze_interaction_near_certain,eye_source; weak_source_state; validity_gate; pose_vector; ui_interaction; frame_behavior; structure_combo; active_gaze_retrieval; active_gaze_interaction,strong_eye_source_hits_21; weak_xr_or_state_hits_21; validity_or_gating_hits_21; strong_pose_or_ray_construction_hits_2; ui_or_gameplay_sink_hits_2; frame_or_lifecycle_behavior; source_validity_pose_sink_structure; strong_eye_source_validity_pose_sink_structure; active_gaze_state_retrieval_with_validity_and_pose; active_gaze_values_flow_to_interaction_sink; functionality_gaze_retrieval_or_extraction; functionality_gaze_interaction_hits_2,base_scanner_score_230; module_bonus_validity_gate_8; module_bonus_pose_vector_10; module_bonus_ui_interaction_12; module_bonus_frame_behavior_5; module_bonus_structure_combo_18; keyword_support_eye_or_gaze_5_bonus_20; keyword_support_sdk_4_bonus_12,C:\realDesktop\manifest-evaluations\summer-26\ghidra-pipeline\il2cpp-files\vrlegs\general-structure-results\90_plus_confirmed_gaze_interaction_near_certain\035642dc_UnityEngine.AudioSource$$get_time.c,C:\realDesktop\manifest-evaluations\summer-26\ghidra-pipeline\il2cpp-files\vrlegs\manual-review-pack\A_must_review\028_p315_UnityEngine.AudioSource$$get_time.c
29,312,A_must_review,FUN_03553e1c,03553e1c,209,90_plus_uncertain_gaze_interaction_near_certain,eye_source; weak_source_state; validity_gate; pose_vector; paired_state_refs; ray_interaction; ui_interaction; structure_combo,strong_eye_source_hits_21; weak_xr_or_state_hits_21; validity_or_gating_hits_21; strong_pose_or_ray_construction_hits_12; paired_field_refs_with_eye_source; ray_or_cast_sink_hits_2; ui_or_gameplay_sink_hits_7; source_validity_pose_sink_structure; strong_eye_source_validity_pose_sink_structure; functionality_gaze_interaction_hits_7,base_scanner_score_209; module_bonus_validity_gate_8; module_bonus_pose_vector_10; module_bonus_paired_state_refs_8; module_bonus_ray_interaction_15; module_bonus_ui_interaction_12; module_bonus_structure_combo_18; keyword_support_eye_or_gaze_5_bonus_20; keyword_support_sdk_4_bonus_12,C:\realDesktop\manifest-evaluations\summer-26\ghidra-pipeline\il2cpp-files\vrlegs\general-structure-results\90_plus_uncertain_gaze_interaction_near_certain\03553e1c_FUN_03553e1c.c,C:\realDesktop\manifest-evaluations\summer-26\ghidra-pipeline\il2cpp-files\vrlegs\manual-review-pack\A_must_review\029_p312_FUN_03553e1c.c
30,312,A_must_review,FUN_03551b84,03551b84,209,90_plus_uncertain_gaze_interaction_near_certain,eye_source; weak_source_state; validity_gate; pose_vector; paired_state_refs; ray_interaction; ui_interaction; structure_combo,strong_eye_source_hits_21; weak_xr_or_state_hits_21; validity_or_gating_hits_21; strong_pose_or_ray_construction_hits_12; paired_field_refs_with_eye_source; ray_or_cast_sink_hits_2; ui_or_gameplay_sink_hits_7; source_validity_pose_sink_structure; strong_eye_source_validity_pose_sink_structure; functionality_gaze_interaction_hits_7,base_scanner_score_209; module_bonus_validity_gate_8; module_bonus_pose_vector_10; module_bonus_paired_state_refs_8; module_bonus_ray_interaction_15; module_bonus_ui_interaction_12; module_bonus_structure_combo_18; keyword_support_eye_or_gaze_5_bonus_20; keyword_support_sdk_4_bonus_12,C:\realDesktop\manifest-evaluations\summer-26\ghidra-pipeline\il2cpp-files\vrlegs\general-structure-results\90_plus_uncertain_gaze_interaction_near_certain\03551b84_FUN_03551b84.c,C:\realDesktop\manifest-evaluations\summer-26\ghidra-pipeline\il2cpp-files\vrlegs\manual-review-pack\A_must_review\030_p312_FUN_03551b84.c
31,312,A_must_review,FUN_0354fd34,0354fd34,209,90_plus_uncertain_gaze_interaction_near_certain,eye_source; weak_source_state; validity_gate; pose_vector; paired_state_refs; ray_interaction; ui_interaction; structure_combo,strong_eye_source_hits_21; weak_xr_or_state_hits_21; validity_or_gating_hits_21; strong_pose_or_ray_construction_hits_12; paired_field_refs_with_eye_source; ray_or_cast_sink_hits_2; ui_or_gameplay_sink_hits_7; source_validity_pose_sink_structure; strong_eye_source_validity_pose_sink_structure; functionality_gaze_interaction_hits_7,base_scanner_score_209; module_bonus_validity_gate_8; module_bonus_pose_vector_10; module_bonus_paired_state_refs_8; module_bonus_ray_interaction_15; module_bonus_ui_interaction_12; module_bonus_structure_combo_18; keyword_support_eye_or_gaze_5_bonus_20; keyword_support_sdk_4_bonus_12,C:\realDesktop\manifest-evaluations\summer-26\ghidra-pipeline\il2cpp-files\vrlegs\general-structure-results\90_plus_uncertain_gaze_interaction_near_certain\0354fd34_FUN_0354fd34.c,C:\realDesktop\manifest-evaluations\summer-26\ghidra-pipeline\il2cpp-files\vrlegs\manual-review-pack\A_must_review\031_p312_FUN_0354fd34.c
32,304,A_must_review,UnityEngine.AudioSource$$set_volume,03564208,224,90_plus_confirmed_gaze_interaction_near_certain,eye_source; weak_source_state; validity_gate; pose_vector; ui_interaction; structure_combo; active_gaze_retrieval; active_gaze_interaction,strong_eye_source_hits_21; weak_xr_or_state_hits_21; validity_or_gating_hits_21; strong_pose_or_ray_construction_hits_2; ui_or_gameplay_sink_hits_2; source_validity_pose_sink_structure; strong_eye_source_validity_pose_sink_structure; active_gaze_state_retrieval_with_validity_and_pose; active_gaze_values_flow_to_interaction_sink; functionality_gaze_retrieval_or_extraction; functionality_gaze_interaction_hits_2,base_scanner_score_224; module_bonus_validity_gate_8; module_bonus_pose_vector_10; module_bonus_ui_interaction_12; module_bonus_structure_combo_18; keyword_support_eye_or_gaze_5_bonus_20; keyword_support_sdk_4_bonus_12,C:\realDesktop\manifest-evaluations\summer-26\ghidra-pipeline\il2cpp-files\vrlegs\general-structure-results\90_plus_confirmed_gaze_interaction_near_certain\03564208_UnityEngine.AudioSource$$set_volume.c,C:\realDesktop\manifest-evaluations\summer-26\ghidra-pipeline\il2cpp-files\vrlegs\manual-review-pack\A_must_review\032_p304_UnityEngine.AudioSource$$set_volume.c
33,304,A_must_review,UnityEngine.AudioSource$$set_timeSamples,035643a0,224,90_plus_confirmed_gaze_interaction_near_certain,eye_source; weak_source_state; validity_gate; pose_vector; ui_interaction; structure_combo; active_gaze_retrieval; active_gaze_interaction,strong_eye_source_hits_21; weak_xr_or_state_hits_21; validity_or_gating_hits_21; strong_pose_or_ray_construction_hits_2; ui_or_gameplay_sink_hits_2; source_validity_pose_sink_structure; strong_eye_source_validity_pose_sink_structure; active_gaze_state_retrieval_with_validity_and_pose; active_gaze_values_flow_to_interaction_sink; functionality_gaze_retrieval_or_extraction; functionality_gaze_interaction_hits_2,base_scanner_score_224; module_bonus_validity_gate_8; module_bonus_pose_vector_10; module_bonus_ui_interaction_12; module_bonus_structure_combo_18; keyword_support_eye_or_gaze_5_bonus_20; keyword_support_sdk_4_bonus_12,C:\realDesktop\manifest-evaluations\summer-26\ghidra-pipeline\il2cpp-files\vrlegs\general-structure-results\90_plus_confirmed_gaze_interaction_near_certain\035643a0_UnityEngine.AudioSource$$set_timeSamples.c,C:\realDesktop\manifest-evaluations\summer-26\ghidra-pipeline\il2cpp-files\vrlegs\manual-review-pack\A_must_review\033_p304_UnityEngine.AudioSource$$set_timeSamples.c
34,304,A_must_review,UnityEngine.AudioSource$$set_time,03564318,224,90_plus_confirmed_gaze_interaction_near_certain,eye_source; weak_source_state; validity_gate; pose_vector; ui_interaction; structure_combo; active_gaze_retrieval; active_gaze_interaction,strong_eye_source_hits_21; weak_xr_or_state_hits_21; validity_or_gating_hits_21; strong_pose_or_ray_construction_hits_2; ui_or_gameplay_sink_hits_2; source_validity_pose_sink_structure; strong_eye_source_validity_pose_sink_structure; active_gaze_state_retrieval_with_validity_and_pose; active_gaze_values_flow_to_interaction_sink; functionality_gaze_retrieval_or_extraction; functionality_gaze_interaction_hits_2,base_scanner_score_224; module_bonus_validity_gate_8; module_bonus_pose_vector_10; module_bonus_ui_interaction_12; module_bonus_structure_combo_18; keyword_support_eye_or_gaze_5_bonus_20; keyword_support_sdk_4_bonus_12,C:\realDesktop\manifest-evaluations\summer-26\ghidra-pipeline\il2cpp-files\vrlegs\general-structure-results\90_plus_confirmed_gaze_interaction_near_certain\03564318_UnityEngine.AudioSource$$set_time.c,C:\realDesktop\manifest-evaluations\summer-26\ghidra-pipeline\il2cpp-files\vrlegs\manual-review-pack\A_must_review\034_p304_UnityEngine.AudioSource$$set_time.c
35,304,A_must_review,UnityEngine.AudioSource$$set_pitch,03564290,224,90_plus_confirmed_gaze_interaction_near_certain,eye_source; weak_source_state; validity_gate; pose_vector; ui_interaction; structure_combo; active_gaze_retrieval; active_gaze_interaction,strong_eye_source_hits_21; weak_xr_or_state_hits_21; validity_or_gating_hits_21; strong_pose_or_ray_construction_hits_2; ui_or_gameplay_sink_hits_2; source_validity_pose_sink_structure; strong_eye_source_validity_pose_sink_structure; active_gaze_state_retrieval_with_validity_and_pose; active_gaze_values_flow_to_interaction_sink; functionality_gaze_retrieval_or_extraction; functionality_gaze_interaction_hits_2,base_scanner_score_224; module_bonus_validity_gate_8; module_bonus_pose_vector_10; module_bonus_ui_interaction_12; module_bonus_structure_combo_18; keyword_support_eye_or_gaze_5_bonus_20; keyword_support_sdk_4_bonus_12,C:\realDesktop\manifest-evaluations\summer-26\ghidra-pipeline\il2cpp-files\vrlegs\general-structure-results\90_plus_confirmed_gaze_interaction_near_certain\03564290_UnityEngine.AudioSource$$set_pitch.c,C:\realDesktop\manifest-evaluations\summer-26\ghidra-pipeline\il2cpp-files\vrlegs\manual-review-pack\A_must_review\035_p304_UnityEngine.AudioSource$$set_pitch.c
36,304,A_must_review,UnityEngine.AudioSource$$set_outputAudioMixerGroup,035644a0,224,90_plus_confirmed_gaze_interaction_near_certain,eye_source; weak_source_state; validity_gate; pose_vector; ui_interaction; structure_combo; active_gaze_retrieval; active_gaze_interaction,strong_eye_source_hits_21; weak_xr_or_state_hits_21; validity_or_gating_hits_21; strong_pose_or_ray_construction_hits_2; ui_or_gameplay_sink_hits_2; source_validity_pose_sink_structure; strong_eye_source_validity_pose_sink_structure; active_gaze_state_retrieval_with_validity_and_pose; active_gaze_values_flow_to_interaction_sink; functionality_gaze_retrieval_or_extraction; functionality_gaze_interaction_hits_2,base_scanner_score_224; module_bonus_validity_gate_8; module_bonus_pose_vector_10; module_bonus_ui_interaction_12; module_bonus_structure_combo_18; keyword_support_eye_or_gaze_5_bonus_20; keyword_support_sdk_4_bonus_12,C:\realDesktop\manifest-evaluations\summer-26\ghidra-pipeline\il2cpp-files\vrlegs\general-structure-results\90_plus_confirmed_gaze_interaction_near_certain\035644a0_UnityEngine.AudioSource$$set_outputAudioMixerGroup.c,C:\realDesktop\manifest-evaluations\summer-26\ghidra-pipeline\il2cpp-files\vrlegs\manual-review-pack\A_must_review\036_p304_UnityEngine.AudioSource$$set_outputAudioMixerGroup.c
37,304,A_must_review,UnityEngine.AudioSource$$set_clip,03564420,224,90_plus_confirmed_gaze_interaction_near_certain,eye_source; weak_source_state; validity_gate; pose_vector; ui_interaction; structure_combo; active_gaze_retrieval; active_gaze_interaction,strong_eye_source_hits_21; weak_xr_or_state_hits_21; validity_or_gating_hits_21; strong_pose_or_ray_construction_hits_2; ui_or_gameplay_sink_hits_2; source_validity_pose_sink_structure; strong_eye_source_validity_pose_sink_structure; active_gaze_state_retrieval_with_validity_and_pose; active_gaze_values_flow_to_interaction_sink; functionality_gaze_retrieval_or_extraction; functionality_gaze_interaction_hits_2,base_scanner_score_224; module_bonus_validity_gate_8; module_bonus_pose_vector_10; module_bonus_ui_interaction_12; module_bonus_structure_combo_18; keyword_support_eye_or_gaze_5_bonus_20; keyword_support_sdk_4_bonus_12,C:\realDesktop\manifest-evaluations\summer-26\ghidra-pipeline\il2cpp-files\vrlegs\general-structure-results\90_plus_confirmed_gaze_interaction_near_certain\03564420_UnityEngine.AudioSource$$set_clip.c,C:\realDesktop\manifest-evaluations\summer-26\ghidra-pipeline\il2cpp-files\vrlegs\manual-review-pack\A_must_review\037_p304_UnityEngine.AudioSource$$set_clip.c
38,304,A_must_review,UnityEngine.AudioSource$$get_volume,035641cc,224,90_plus_confirmed_gaze_interaction_near_certain,eye_source; weak_source_state; validity_gate; pose_vector; ui_interaction; structure_combo; active_gaze_retrieval; active_gaze_interaction,strong_eye_source_hits_21; weak_xr_or_state_hits_21; validity_or_gating_hits_21; strong_pose_or_ray_construction_hits_2; ui_or_gameplay_sink_hits_2; source_validity_pose_sink_structure; strong_eye_source_validity_pose_sink_structure; active_gaze_state_retrieval_with_validity_and_pose; active_gaze_values_flow_to_interaction_sink; functionality_gaze_retrieval_or_extraction; functionality_gaze_interaction_hits_2,base_scanner_score_224; module_bonus_validity_gate_8; module_bonus_pose_vector_10; module_bonus_ui_interaction_12; module_bonus_structure_combo_18; keyword_support_eye_or_gaze_5_bonus_20; keyword_support_sdk_4_bonus_12,C:\realDesktop\manifest-evaluations\summer-26\ghidra-pipeline\il2cpp-files\vrlegs\general-structure-results\90_plus_confirmed_gaze_interaction_near_certain\035641cc_UnityEngine.AudioSource$$get_volume.c,C:\realDesktop\manifest-evaluations\summer-26\ghidra-pipeline\il2cpp-files\vrlegs\manual-review-pack\A_must_review\038_p304_UnityEngine.AudioSource$$get_volume.c
39,304,A_must_review,UnityEngine.AudioSource$$get_pitch,03564254,224,90_plus_confirmed_gaze_interaction_near_certain,eye_source; weak_source_state; validity_gate; pose_vector; ui_interaction; structure_combo; active_gaze_retrieval; active_gaze_interaction,strong_eye_source_hits_21; weak_xr_or_state_hits_21; validity_or_gating_hits_21; strong_pose_or_ray_construction_hits_2; ui_or_gameplay_sink_hits_2; source_validity_pose_sink_structure; strong_eye_source_validity_pose_sink_structure; active_gaze_state_retrieval_with_validity_and_pose; active_gaze_values_flow_to_interaction_sink; functionality_gaze_retrieval_or_extraction; functionality_gaze_interaction_hits_2,base_scanner_score_224; module_bonus_validity_gate_8; module_bonus_pose_vector_10; module_bonus_ui_interaction_12; module_bonus_structure_combo_18; keyword_support_eye_or_gaze_5_bonus_20; keyword_support_sdk_4_bonus_12,C:\realDesktop\manifest-evaluations\summer-26\ghidra-pipeline\il2cpp-files\vrlegs\general-structure-results\90_plus_confirmed_gaze_interaction_near_certain\03564254_UnityEngine.AudioSource$$get_pitch.c,C:\realDesktop\manifest-evaluations\summer-26\ghidra-pipeline\il2cpp-files\vrlegs\manual-review-pack\A_must_review\039_p304_UnityEngine.AudioSource$$get_pitch.c
40,304,A_must_review,UnityEngine.AudioSource$$get_outputAudioMixerGroup,03564464,224,90_plus_confirmed_gaze_interaction_near_certain,eye_source; weak_source_state; validity_gate; pose_vector; ui_interaction; structure_combo; active_gaze_retrieval; active_gaze_interaction,strong_eye_source_hits_21; weak_xr_or_state_hits_21; validity_or_gating_hits_21; strong_pose_or_ray_construction_hits_2; ui_or_gameplay_sink_hits_2; source_validity_pose_sink_structure; strong_eye_source_validity_pose_sink_structure; active_gaze_state_retrieval_with_validity_and_pose; active_gaze_values_flow_to_interaction_sink; functionality_gaze_retrieval_or_extraction; functionality_gaze_interaction_hits_2,base_scanner_score_224; module_bonus_validity_gate_8; module_bonus_pose_vector_10; module_bonus_ui_interaction_12; module_bonus_structure_combo_18; keyword_support_eye_or_gaze_5_bonus_20; keyword_support_sdk_4_bonus_12,C:\realDesktop\manifest-evaluations\summer-26\ghidra-pipeline\il2cpp-files\vrlegs\general-structure-results\90_plus_confirmed_gaze_interaction_near_certain\03564464_UnityEngine.AudioSource$$get_outputAudioMixerGroup.c,C:\realDesktop\manifest-evaluations\summer-26\ghidra-pipeline\il2cpp-files\vrlegs\manual-review-pack\A_must_review\040_p304_UnityEngine.AudioSource$$get_outputAudioMixerGroup.c
41,304,A_must_review,UnityEngine.AudioSource$$get_clip,035643e4,224,90_plus_confirmed_gaze_interaction_near_certain,eye_source; weak_source_state; validity_gate; pose_vector; ui_interaction; structure_combo; active_gaze_retrieval; active_gaze_interaction,strong_eye_source_hits_21; weak_xr_or_state_hits_21; validity_or_gating_hits_21; strong_pose_or_ray_construction_hits_2; ui_or_gameplay_sink_hits_2; source_validity_pose_sink_structure; strong_eye_source_validity_pose_sink_structure; active_gaze_state_retrieval_with_validity_and_pose; active_gaze_values_flow_to_interaction_sink; functionality_gaze_retrieval_or_extraction; functionality_gaze_interaction_hits_2,base_scanner_score_224; module_bonus_validity_gate_8; module_bonus_pose_vector_10; module_bonus_ui_interaction_12; module_bonus_structure_combo_18; keyword_support_eye_or_gaze_5_bonus_20; keyword_support_sdk_4_bonus_12,C:\realDesktop\manifest-evaluations\summer-26\ghidra-pipeline\il2cpp-files\vrlegs\general-structure-results\90_plus_confirmed_gaze_interaction_near_certain\035643e4_UnityEngine.AudioSource$$get_clip.c,C:\realDesktop\manifest-evaluations\summer-26\ghidra-pipeline\il2cpp-files\vrlegs\manual-review-pack\A_must_review\041_p304_UnityEngine.AudioSource$$get_clip.c
42,304,A_must_review,UnityEngine.AudioSource$$Play,035644e4,224,90_plus_confirmed_gaze_interaction_near_certain,eye_source; weak_source_state; validity_gate; pose_vector; ui_interaction; structure_combo; active_gaze_retrieval; active_gaze_interaction,strong_eye_source_hits_21; weak_xr_or_state_hits_21; validity_or_gating_hits_21; strong_pose_or_ray_construction_hits_2; ui_or_gameplay_sink_hits_2; source_validity_pose_sink_structure; strong_eye_source_validity_pose_sink_structure; active_gaze_state_retrieval_with_validity_and_pose; active_gaze_values_flow_to_interaction_sink; functionality_gaze_retrieval_or_extraction; functionality_gaze_interaction_hits_2,base_scanner_score_224; module_bonus_validity_gate_8; module_bonus_pose_vector_10; module_bonus_ui_interaction_12; module_bonus_structure_combo_18; keyword_support_eye_or_gaze_5_bonus_20; keyword_support_sdk_4_bonus_12,C:\realDesktop\manifest-evaluations\summer-26\ghidra-pipeline\il2cpp-files\vrlegs\general-structure-results\90_plus_confirmed_gaze_interaction_near_certain\035644e4_UnityEngine.AudioSource$$Play.c,C:\realDesktop\manifest-evaluations\summer-26\ghidra-pipeline\il2cpp-files\vrlegs\manual-review-pack\A_must_review\042_p304_UnityEngine.AudioSource$$Play.c
43,304,A_must_review,UnityEngine.AudioSource$$GetSpectrumDataHelper,03564170,224,90_plus_confirmed_gaze_interaction_near_certain,eye_source; weak_source_state; validity_gate; pose_vector; ui_interaction; structure_combo; active_gaze_retrieval; active_gaze_interaction,strong_eye_source_hits_21; weak_xr_or_state_hits_21; validity_or_gating_hits_21; strong_pose_or_ray_construction_hits_2; ui_or_gameplay_sink_hits_2; source_validity_pose_sink_structure; strong_eye_source_validity_pose_sink_structure; active_gaze_state_retrieval_with_validity_and_pose; active_gaze_values_flow_to_interaction_sink; functionality_gaze_retrieval_or_extraction; functionality_gaze_interaction_hits_2,base_scanner_score_224; module_bonus_validity_gate_8; module_bonus_pose_vector_10; module_bonus_ui_interaction_12; module_bonus_structure_combo_18; keyword_support_eye_or_gaze_5_bonus_20; keyword_support_sdk_4_bonus_12,C:\realDesktop\manifest-evaluations\summer-26\ghidra-pipeline\il2cpp-files\vrlegs\general-structure-results\90_plus_confirmed_gaze_interaction_near_certain\03564170_UnityEngine.AudioSource$$GetSpectrumDataHelper.c,C:\realDesktop\manifest-evaluations\summer-26\ghidra-pipeline\il2cpp-files\vrlegs\manual-review-pack\A_must_review\043_p304_UnityEngine.AudioSource$$GetSpectrumDataHelper.c
44,304,A_must_review,FUN_0356416c,0356416c,224,90_plus_confirmed_gaze_interaction_near_certain,eye_source; weak_source_state; validity_gate; pose_vector; ui_interaction; structure_combo; active_gaze_retrieval; active_gaze_interaction,strong_eye_source_hits_21; weak_xr_or_state_hits_21; validity_or_gating_hits_21; strong_pose_or_ray_construction_hits_2; ui_or_gameplay_sink_hits_2; source_validity_pose_sink_structure; strong_eye_source_validity_pose_sink_structure; active_gaze_state_retrieval_with_validity_and_pose; active_gaze_values_flow_to_interaction_sink; functionality_gaze_retrieval_or_extraction; functionality_gaze_interaction_hits_2,base_scanner_score_224; module_bonus_validity_gate_8; module_bonus_pose_vector_10; module_bonus_ui_interaction_12; module_bonus_structure_combo_18; keyword_support_eye_or_gaze_5_bonus_20; keyword_support_sdk_4_bonus_12,C:\realDesktop\manifest-evaluations\summer-26\ghidra-pipeline\il2cpp-files\vrlegs\general-structure-results\90_plus_confirmed_gaze_interaction_near_certain\0356416c_FUN_0356416c.c,C:\realDesktop\manifest-evaluations\summer-26\ghidra-pipeline\il2cpp-files\vrlegs\manual-review-pack\A_must_review\044_p304_FUN_0356416c.c
45,303,A_must_review,UnityEngine.Animator$$set_updateMode,03553fd0,195,90_plus_framework_support_only_near_certain,eye_source; weak_source_state; validity_gate; pose_vector; paired_state_refs; ray_interaction; ui_interaction; frame_behavior; structure_combo,strong_eye_source_hits_21; weak_xr_or_state_hits_21; validity_or_gating_hits_21; strong_pose_or_ray_construction_hits_12; paired_field_refs_with_eye_source; ray_or_cast_sink_hits_2; ui_or_gameplay_sink_hits_7; frame_or_lifecycle_behavior; source_validity_pose_sink_structure; strong_eye_source_validity_pose_sink_structure; negative_framework_support_context_without_confirmed_app_level_gaze_flow; functionality_gaze_interaction_hits_7,base_scanner_score_195; module_bonus_validity_gate_8; module_bonus_pose_vector_10; module_bonus_paired_state_refs_8; module_bonus_ray_interaction_15; module_bonus_ui_interaction_12; module_bonus_frame_behavior_5; module_bonus_structure_combo_18; keyword_support_eye_or_gaze_5_bonus_20; keyword_support_sdk_4_bonus_12,C:\realDesktop\manifest-evaluations\summer-26\ghidra-pipeline\il2cpp-files\vrlegs\general-structure-results\90_plus_framework_support_only_near_certain\03553fd0_UnityEngine.Animator$$set_updateMode.c,C:\realDesktop\manifest-evaluations\summer-26\ghidra-pipeline\il2cpp-files\vrlegs\manual-review-pack\A_must_review\045_p303_UnityEngine.Animator$$set_updateMode.c
46,303,A_must_review,UnityEngine.Animator$$get_updateMode,03553f48,195,90_plus_framework_support_only_near_certain,eye_source; weak_source_state; validity_gate; pose_vector; paired_state_refs; ray_interaction; ui_interaction; frame_behavior; structure_combo,strong_eye_source_hits_21; weak_xr_or_state_hits_21; validity_or_gating_hits_21; strong_pose_or_ray_construction_hits_12; paired_field_refs_with_eye_source; ray_or_cast_sink_hits_2; ui_or_gameplay_sink_hits_7; frame_or_lifecycle_behavior; source_validity_pose_sink_structure; strong_eye_source_validity_pose_sink_structure; negative_framework_support_context_without_confirmed_app_level_gaze_flow; functionality_gaze_interaction_hits_7,base_scanner_score_195; module_bonus_validity_gate_8; module_bonus_pose_vector_10; module_bonus_paired_state_refs_8; module_bonus_ray_interaction_15; module_bonus_ui_interaction_12; module_bonus_frame_behavior_5; module_bonus_structure_combo_18; keyword_support_eye_or_gaze_5_bonus_20; keyword_support_sdk_4_bonus_12,C:\realDesktop\manifest-evaluations\summer-26\ghidra-pipeline\il2cpp-files\vrlegs\general-structure-results\90_plus_framework_support_only_near_certain\03553f48_UnityEngine.Animator$$get_updateMode.c,C:\realDesktop\manifest-evaluations\summer-26\ghidra-pipeline\il2cpp-files\vrlegs\manual-review-pack\A_must_review\046_p303_UnityEngine.Animator$$get_updateMode.c
47,303,A_must_review,UnityEngine.AnimationEvent$$get_time,03551dec,195,90_plus_framework_support_only_near_certain,eye_source; weak_source_state; validity_gate; pose_vector; paired_state_refs; ray_interaction; ui_interaction; frame_behavior; structure_combo,strong_eye_source_hits_21; weak_xr_or_state_hits_21; validity_or_gating_hits_21; strong_pose_or_ray_construction_hits_12; paired_field_refs_with_eye_source; ray_or_cast_sink_hits_2; ui_or_gameplay_sink_hits_7; frame_or_lifecycle_behavior; source_validity_pose_sink_structure; strong_eye_source_validity_pose_sink_structure; negative_framework_support_context_without_confirmed_app_level_gaze_flow; functionality_gaze_interaction_hits_7,base_scanner_score_195; module_bonus_validity_gate_8; module_bonus_pose_vector_10; module_bonus_paired_state_refs_8; module_bonus_ray_interaction_15; module_bonus_ui_interaction_12; module_bonus_frame_behavior_5; module_bonus_structure_combo_18; keyword_support_eye_or_gaze_5_bonus_20; keyword_support_sdk_4_bonus_12,C:\realDesktop\manifest-evaluations\summer-26\ghidra-pipeline\il2cpp-files\vrlegs\general-structure-results\90_plus_framework_support_only_near_certain\03551dec_UnityEngine.AnimationEvent$$get_time.c,C:\realDesktop\manifest-evaluations\summer-26\ghidra-pipeline\il2cpp-files\vrlegs\manual-review-pack\A_must_review\047_p303_UnityEngine.AnimationEvent$$get_time.c
48,303,A_must_review,UnityEngine.AnimationClip$$get_startTime,0355224c,195,90_plus_framework_support_only_near_certain,eye_source; weak_source_state; validity_gate; pose_vector; paired_state_refs; ray_interaction; ui_interaction; frame_behavior; structure_combo,strong_eye_source_hits_21; weak_xr_or_state_hits_21; validity_or_gating_hits_21; strong_pose_or_ray_construction_hits_12; paired_field_refs_with_eye_source; ray_or_cast_sink_hits_2; ui_or_gameplay_sink_hits_7; frame_or_lifecycle_behavior; source_validity_pose_sink_structure; strong_eye_source_validity_pose_sink_structure; negative_framework_support_context_without_confirmed_app_level_gaze_flow; functionality_gaze_interaction_hits_7,base_scanner_score_195; module_bonus_validity_gate_8; module_bonus_pose_vector_10; module_bonus_paired_state_refs_8; module_bonus_ray_interaction_15; module_bonus_ui_interaction_12; module_bonus_frame_behavior_5; module_bonus_structure_combo_18; keyword_support_eye_or_gaze_5_bonus_20; keyword_support_sdk_4_bonus_12,C:\realDesktop\manifest-evaluations\summer-26\ghidra-pipeline\il2cpp-files\vrlegs\general-structure-results\90_plus_framework_support_only_near_certain\0355224c_UnityEngine.AnimationClip$$get_startTime.c,C:\realDesktop\manifest-evaluations\summer-26\ghidra-pipeline\il2cpp-files\vrlegs\manual-review-pack\A_must_review\048_p303_UnityEngine.AnimationClip$$get_startTime.c
49,303,A_must_review,UnityEngine.Android.AndroidAssetPacks.AssetPackManagerDownloadStatusCallback$$onStatusUpdate,03550528,195,90_plus_framework_support_only_near_certain,eye_source; weak_source_state; validity_gate; pose_vector; paired_state_refs; ray_interaction; ui_interaction; frame_behavior; structure_combo,strong_eye_source_hits_21; weak_xr_or_state_hits_21; validity_or_gating_hits_21; strong_pose_or_ray_construction_hits_12; paired_field_refs_with_eye_source; ray_or_cast_sink_hits_2; ui_or_gameplay_sink_hits_7; frame_or_lifecycle_behavior; source_validity_pose_sink_structure; strong_eye_source_validity_pose_sink_structure; negative_framework_support_context_without_confirmed_app_level_gaze_flow; functionality_gaze_interaction_hits_7,base_scanner_score_195; module_bonus_validity_gate_8; module_bonus_pose_vector_10; module_bonus_paired_state_refs_8; module_bonus_ray_interaction_15; module_bonus_ui_interaction_12; module_bonus_frame_behavior_5; module_bonus_structure_combo_18; keyword_support_eye_or_gaze_5_bonus_20; keyword_support_sdk_4_bonus_12,C:\realDesktop\manifest-evaluations\summer-26\ghidra-pipeline\il2cpp-files\vrlegs\general-structure-results\90_plus_framework_support_only_near_certain\03550528_UnityEngine.Android.AndroidAssetPacks.AssetPackManagerDownloadStatusCallback$$onStatusUpdate.c,C:\realDesktop\manifest-evaluations\summer-26\ghidra-pipeline\il2cpp-files\vrlegs\manual-review-pack\A_must_review\049_p303_UnityEngine.Android.AndroidAssetPacks.AssetPackManagerDownloadStatusCallback$$onStatusUpdate.c
50,299,A_must_review,FUN_0356f38c,0356f38c,168,90_plus_uncertain_gaze_or_xr_structure_near_certain,eye_source; weak_source_state; validity_gate; paired_state_refs; ray_interaction; telemetry; frame_behavior,strong_eye_source_hits_6; weak_xr_or_state_hits_6; validity_or_gating_hits_18; paired_field_refs_with_eye_source; ray_or_cast_sink_hits_3; telemetry_or_network_hits_3; frame_or_lifecycle_behavior; functionality_data_collection_or_telemetry_hits_3,base_scanner_score_168; module_bonus_validity_gate_8; module_bonus_paired_state_refs_8; module_bonus_ray_interaction_15; module_bonus_telemetry_20; module_bonus_frame_behavior_5; evidence_bonus_telemetry_or_network_hits_12; sensitive_sink_telemetry_bonus_15; keyword_support_eye_or_gaze_5_bonus_20; keyword_support_sdk_4_bonus_12; keyword_support_collection_or_telemetry_4_bonus_16,C:\realDesktop\manifest-evaluations\summer-26\ghidra-pipeline\il2cpp-files\vrlegs\general-structure-results\90_plus_uncertain_gaze_or_xr_structure_near_certain\0356f38c_FUN_0356f38c.c,C:\realDesktop\manifest-evaluations\summer-26\ghidra-pipeline\il2cpp-files\vrlegs\manual-review-pack\A_must_review\050_p299_FUN_0356f38c.c
51,299,A_must_review,FUN_030972ac,030972ac,168,90_plus_uncertain_gaze_or_xr_structure_near_certain,eye_source; weak_source_state; validity_gate; paired_state_refs; ray_interaction; telemetry; frame_behavior,strong_eye_source_hits_5; weak_xr_or_state_hits_5; validity_or_gating_hits_9; paired_field_refs_with_eye_source; ray_or_cast_sink_hits_4; telemetry_or_network_hits_5; frame_or_lifecycle_behavior; functionality_data_collection_or_telemetry_hits_5,base_scanner_score_168; module_bonus_validity_gate_8; module_bonus_paired_state_refs_8; module_bonus_ray_interaction_15; module_bonus_telemetry_20; module_bonus_frame_behavior_5; evidence_bonus_telemetry_or_network_hits_12; sensitive_sink_telemetry_bonus_15; keyword_support_eye_or_gaze_5_bonus_20; keyword_support_sdk_4_bonus_12; keyword_support_collection_or_telemetry_4_bonus_16,C:\realDesktop\manifest-evaluations\summer-26\ghidra-pipeline\il2cpp-files\vrlegs\general-structure-results\90_plus_uncertain_gaze_or_xr_structure_near_certain\030972ac_FUN_030972ac.c,C:\realDesktop\manifest-evaluations\summer-26\ghidra-pipeline\il2cpp-files\vrlegs\manual-review-pack\A_must_review\051_p299_FUN_030972ac.c
52,296,A_must_review,UnityEngine.Animator$$get_animatePhysics,03553f00,193,90_plus_framework_support_only_near_certain,eye_source; weak_source_state; validity_gate; pose_vector; paired_state_refs; ray_interaction; ui_interaction; structure_combo,strong_eye_source_hits_21; weak_xr_or_state_hits_21; validity_or_gating_hits_21; strong_pose_or_ray_construction_hits_12; paired_field_refs_with_eye_source; ray_or_cast_sink_hits_4; ui_or_gameplay_sink_hits_7; source_validity_pose_sink_structure; strong_eye_source_validity_pose_sink_structure; negative_framework_support_context_without_confirmed_app_level_gaze_flow; functionality_gaze_interaction_hits_7,base_scanner_score_193; module_bonus_validity_gate_8; module_bonus_pose_vector_10; module_bonus_paired_state_refs_8; module_bonus_ray_interaction_15; module_bonus_ui_interaction_12; module_bonus_structure_combo_18; keyword_support_eye_or_gaze_5_bonus_20; keyword_support_sdk_4_bonus_12,C:\realDesktop\manifest-evaluations\summer-26\ghidra-pipeline\il2cpp-files\vrlegs\general-structure-results\90_plus_framework_support_only_near_certain\03553f00_UnityEngine.Animator$$get_animatePhysics.c,C:\realDesktop\manifest-evaluations\summer-26\ghidra-pipeline\il2cpp-files\vrlegs\manual-review-pack\A_must_review\052_p296_UnityEngine.Animator$$get_animatePhysics.c
53,296,A_must_review,UnityEngine.Animation$$get_animatePhysics,03551b2c,193,90_plus_framework_support_only_near_certain,eye_source; weak_source_state; validity_gate; pose_vector; paired_state_refs; ray_interaction; ui_interaction; structure_combo,strong_eye_source_hits_21; weak_xr_or_state_hits_21; validity_or_gating_hits_21; strong_pose_or_ray_construction_hits_12; paired_field_refs_with_eye_source; ray_or_cast_sink_hits_4; ui_or_gameplay_sink_hits_7; source_validity_pose_sink_structure; strong_eye_source_validity_pose_sink_structure; negative_framework_support_context_without_confirmed_app_level_gaze_flow; functionality_gaze_interaction_hits_7,base_scanner_score_193; module_bonus_validity_gate_8; module_bonus_pose_vector_10; module_bonus_paired_state_refs_8; module_bonus_ray_interaction_15; module_bonus_ui_interaction_12; module_bonus_structure_combo_18; keyword_support_eye_or_gaze_5_bonus_20; keyword_support_sdk_4_bonus_12,C:\realDesktop\manifest-evaluations\summer-26\ghidra-pipeline\il2cpp-files\vrlegs\general-structure-results\90_plus_framework_support_only_near_certain\03551b2c_UnityEngine.Animation$$get_animatePhysics.c,C:\realDesktop\manifest-evaluations\summer-26\ghidra-pipeline\il2cpp-files\vrlegs\manual-review-pack\A_must_review\053_p296_UnityEngine.Animation$$get_animatePhysics.c
54,296,A_must_review,Unity.Physics.Systems.BuildPhysicsWorldDependencyResolver.__codegen__OnUpdate_00000A77$PostfixBurstDelegate$$.ctor,0326bc98,129,90_plus_uncertain_foveated_rendering_near_certain,validity_gate; ray_interaction; telemetry; foveation_rendering; frame_behavior; keyword_support,validity_or_gating_hits_10; ray_or_cast_sink_hits_4; telemetry_or_network_hits_2; strong_foveation_hits_3; frame_or_lifecycle_behavior; eye_or_gaze_keyword_boost_only; functionality_foveated_rendering,base_scanner_score_129; module_bonus_validity_gate_8; module_bonus_ray_interaction_15; module_bonus_telemetry_20; module_bonus_foveation_rendering_20; module_bonus_frame_behavior_5; module_bonus_keyword_support_12; evidence_bonus_telemetry_or_network_hits_12; evidence_bonus_eye_or_gaze_keyword_boost_12; sensitive_sink_telemetry_bonus_15; sensitive_sink_foveation_bonus_12; keyword_support_eye_or_gaze_5_bonus_20; keyword_support_collection_or_telemetry_4_bonus_16,C:\realDesktop\manifest-evaluations\summer-26\ghidra-pipeline\il2cpp-files\vrlegs\general-structure-results\90_plus_uncertain_foveated_rendering_near_certain\0326bc98_Unity.Physics.Systems.BuildPhysicsWorldDependencyResolver.__codegen__OnUpdate_00000A77$PostfixBurstDelegate$$.ctor.c,C:\realDesktop\manifest-evaluations\summer-26\ghidra-pipeline\il2cpp-files\vrlegs\manual-review-pack\A_must_review\054_p296_Unity.Physics.Systems.BuildPhysicsWorldDependencyResolver.__codegen__OnUpdate_00000A77$PostfixBurstDelegate$$.ctor.c
55,292,A_must_review,UnityEngine.StateMachineBehaviour$$.ctor,03551510,189,90_plus_framework_support_only_near_certain,eye_source; weak_source_state; validity_gate; pose_vector; paired_state_refs; ray_interaction; ui_interaction; structure_combo,strong_eye_source_hits_21; weak_xr_or_state_hits_21; validity_or_gating_hits_21; strong_pose_or_ray_construction_hits_12; paired_field_refs_with_eye_source; ray_or_cast_sink_hits_2; ui_or_gameplay_sink_hits_7; source_validity_pose_sink_structure; strong_eye_source_validity_pose_sink_structure; negative_framework_support_context_without_confirmed_app_level_gaze_flow; functionality_gaze_interaction_hits_7,base_scanner_score_189; module_bonus_validity_gate_8; module_bonus_pose_vector_10; module_bonus_paired_state_refs_8; module_bonus_ray_interaction_15; module_bonus_ui_interaction_12; module_bonus_structure_combo_18; keyword_support_eye_or_gaze_5_bonus_20; keyword_support_sdk_4_bonus_12,C:\realDesktop\manifest-evaluations\summer-26\ghidra-pipeline\il2cpp-files\vrlegs\general-structure-results\90_plus_framework_support_only_near_certain\03551510_UnityEngine.StateMachineBehaviour$$.ctor.c,C:\realDesktop\manifest-evaluations\summer-26\ghidra-pipeline\il2cpp-files\vrlegs\manual-review-pack\A_must_review\055_p292_UnityEngine.StateMachineBehaviour$$.ctor.c
56,292,A_must_review,UnityEngine.Motion$$.ctor,03552050,189,90_plus_framework_support_only_near_certain,eye_source; weak_source_state; validity_gate; pose_vector; paired_state_refs; ray_interaction; ui_interaction; structure_combo,strong_eye_source_hits_21; weak_xr_or_state_hits_21; validity_or_gating_hits_21; strong_pose_or_ray_construction_hits_12; paired_field_refs_with_eye_source; ray_or_cast_sink_hits_2; ui_or_gameplay_sink_hits_7; source_validity_pose_sink_structure; strong_eye_source_validity_pose_sink_structure; negative_framework_support_context_without_confirmed_app_level_gaze_flow; functionality_gaze_interaction_hits_7,base_scanner_score_189; module_bonus_validity_gate_8; module_bonus_pose_vector_10; module_bonus_paired_state_refs_8; module_bonus_ray_interaction_15; module_bonus_ui_interaction_12; module_bonus_structure_combo_18; keyword_support_eye_or_gaze_5_bonus_20; keyword_support_sdk_4_bonus_12,C:\realDesktop\manifest-evaluations\summer-26\ghidra-pipeline\il2cpp-files\vrlegs\general-structure-results\90_plus_framework_support_only_near_certain\03552050_UnityEngine.Motion$$.ctor.c,C:\realDesktop\manifest-evaluations\summer-26\ghidra-pipeline\il2cpp-files\vrlegs\manual-review-pack\A_must_review\056_p292_UnityEngine.Motion$$.ctor.c
57,292,A_must_review,UnityEngine.AnimatorTransitionInfo$$IsUserName,03552b60,189,90_plus_framework_support_only_near_certain,eye_source; weak_source_state; validity_gate; pose_vector; paired_state_refs; ray_interaction; ui_interaction; structure_combo,strong_eye_source_hits_21; weak_xr_or_state_hits_21; validity_or_gating_hits_21; strong_pose_or_ray_construction_hits_12; paired_field_refs_with_eye_source; ray_or_cast_sink_hits_2; ui_or_gameplay_sink_hits_7; source_validity_pose_sink_structure; strong_eye_source_validity_pose_sink_structure; negative_framework_support_context_without_confirmed_app_level_gaze_flow; functionality_gaze_interaction_hits_7,base_scanner_score_189; module_bonus_validity_gate_8; module_bonus_pose_vector_10; module_bonus_paired_state_refs_8; module_bonus_ray_interaction_15; module_bonus_ui_interaction_12; module_bonus_structure_combo_18; keyword_support_eye_or_gaze_5_bonus_20; keyword_support_sdk_4_bonus_12,C:\realDesktop\manifest-evaluations\summer-26\ghidra-pipeline\il2cpp-files\vrlegs\general-structure-results\90_plus_framework_support_only_near_certain\03552b60_UnityEngine.AnimatorTransitionInfo$$IsUserName.c,C:\realDesktop\manifest-evaluations\summer-26\ghidra-pipeline\il2cpp-files\vrlegs\manual-review-pack\A_must_review\057_p292_UnityEngine.AnimatorTransitionInfo$$IsUserName.c
58,292,A_must_review,UnityEngine.AnimatorStateInfo$$get_shortNameHash,03552b38,189,90_plus_framework_support_only_near_certain,eye_source; weak_source_state; validity_gate; pose_vector; paired_state_refs; ray_interaction; ui_interaction; structure_combo,strong_eye_source_hits_21; weak_xr_or_state_hits_21; validity_or_gating_hits_21; strong_pose_or_ray_construction_hits_12; paired_field_refs_with_eye_source; ray_or_cast_sink_hits_2; ui_or_gameplay_sink_hits_7; source_validity_pose_sink_structure; strong_eye_source_validity_pose_sink_structure; negative_framework_support_context_without_confirmed_app_level_gaze_flow; functionality_gaze_interaction_hits_7,base_scanner_score_189; module_bonus_validity_gate_8; module_bonus_pose_vector_10; module_bonus_paired_state_refs_8; module_bonus_ray_interaction_15; module_bonus_ui_interaction_12; module_bonus_structure_combo_18; keyword_support_eye_or_gaze_5_bonus_20; keyword_support_sdk_4_bonus_12,C:\realDesktop\manifest-evaluations\summer-26\ghidra-pipeline\il2cpp-files\vrlegs\general-structure-results\90_plus_framework_support_only_near_certain\03552b38_UnityEngine.AnimatorStateInfo$$get_shortNameHash.c,C:\realDesktop\manifest-evaluations\summer-26\ghidra-pipeline\il2cpp-files\vrlegs\manual-review-pack\A_must_review\058_p292_UnityEngine.AnimatorStateInfo$$get_shortNameHash.c
59,292,A_must_review,UnityEngine.AnimatorStateInfo$$get_normalizedTime,03552b40,189,90_plus_framework_support_only_near_certain,eye_source; weak_source_state; validity_gate; pose_vector; paired_state_refs; ray_interaction; ui_interaction; structure_combo,strong_eye_source_hits_21; weak_xr_or_state_hits_21; validity_or_gating_hits_21; strong_pose_or_ray_construction_hits_12; paired_field_refs_with_eye_source; ray_or_cast_sink_hits_2; ui_or_gameplay_sink_hits_7; source_validity_pose_sink_structure; strong_eye_source_validity_pose_sink_structure; negative_framework_support_context_without_confirmed_app_level_gaze_flow; functionality_gaze_interaction_hits_7,base_scanner_score_189; module_bonus_validity_gate_8; module_bonus_pose_vector_10; module_bonus_paired_state_refs_8; module_bonus_ray_interaction_15; module_bonus_ui_interaction_12; module_bonus_structure_combo_18; keyword_support_eye_or_gaze_5_bonus_20; keyword_support_sdk_4_bonus_12,C:\realDesktop\manifest-evaluations\summer-26\ghidra-pipeline\il2cpp-files\vrlegs\general-structure-results\90_plus_framework_support_only_near_certain\03552b40_UnityEngine.AnimatorStateInfo$$get_normalizedTime.c,C:\realDesktop\manifest-evaluations\summer-26\ghidra-pipeline\il2cpp-files\vrlegs\manual-review-pack\A_must_review\059_p292_UnityEngine.AnimatorStateInfo$$get_normalizedTime.c
60,292,A_must_review,UnityEngine.AnimatorStateInfo$$get_loop,03552b50,189,90_plus_framework_support_only_near_certain,eye_source; weak_source_state; validity_gate; pose_vector; paired_state_refs; ray_interaction; ui_interaction; structure_combo,strong_eye_source_hits_21; weak_xr_or_state_hits_21; validity_or_gating_hits_21; strong_pose_or_ray_construction_hits_12; paired_field_refs_with_eye_source; ray_or_cast_sink_hits_2; ui_or_gameplay_sink_hits_7; source_validity_pose_sink_structure; strong_eye_source_validity_pose_sink_structure; negative_framework_support_context_without_confirmed_app_level_gaze_flow; functionality_gaze_interaction_hits_7,base_scanner_score_189; module_bonus_validity_gate_8; module_bonus_pose_vector_10; module_bonus_paired_state_refs_8; module_bonus_ray_interaction_15; module_bonus_ui_interaction_12; module_bonus_structure_combo_18; keyword_support_eye_or_gaze_5_bonus_20; keyword_support_sdk_4_bonus_12,C:\realDesktop\manifest-evaluations\summer-26\ghidra-pipeline\il2cpp-files\vrlegs\general-structure-results\90_plus_framework_support_only_near_certain\03552b50_UnityEngine.AnimatorStateInfo$$get_loop.c,C:\realDesktop\manifest-evaluations\summer-26\ghidra-pipeline\il2cpp-files\vrlegs\manual-review-pack\A_must_review\060_p292_UnityEngine.AnimatorStateInfo$$get_loop.c
61,292,A_must_review,UnityEngine.AnimatorStateInfo$$get_length,03552b48,189,90_plus_framework_support_only_near_certain,eye_source; weak_source_state; validity_gate; pose_vector; paired_state_refs; ray_interaction; ui_interaction; structure_combo,strong_eye_source_hits_21; weak_xr_or_state_hits_21; validity_or_gating_hits_21; strong_pose_or_ray_construction_hits_12; paired_field_refs_with_eye_source; ray_or_cast_sink_hits_2; ui_or_gameplay_sink_hits_7; source_validity_pose_sink_structure; strong_eye_source_validity_pose_sink_structure; negative_framework_support_context_without_confirmed_app_level_gaze_flow; functionality_gaze_interaction_hits_7,base_scanner_score_189; module_bonus_validity_gate_8; module_bonus_pose_vector_10; module_bonus_paired_state_refs_8; module_bonus_ray_interaction_15; module_bonus_ui_interaction_12; module_bonus_structure_combo_18; keyword_support_eye_or_gaze_5_bonus_20; keyword_support_sdk_4_bonus_12,C:\realDesktop\manifest-evaluations\summer-26\ghidra-pipeline\il2cpp-files\vrlegs\general-structure-results\90_plus_framework_support_only_near_certain\03552b48_UnityEngine.AnimatorStateInfo$$get_length.c,C:\realDesktop\manifest-evaluations\summer-26\ghidra-pipeline\il2cpp-files\vrlegs\manual-review-pack\A_must_review\061_p292_UnityEngine.AnimatorStateInfo$$get_length.c
62,292,A_must_review,UnityEngine.AnimatorStateInfo$$get_fullPathHash,03552b30,189,90_plus_framework_support_only_near_certain,eye_source; weak_source_state; validity_gate; pose_vector; paired_state_refs; ray_interaction; ui_interaction; structure_combo,strong_eye_source_hits_21; weak_xr_or_state_hits_21; validity_or_gating_hits_21; strong_pose_or_ray_construction_hits_12; paired_field_refs_with_eye_source; ray_or_cast_sink_hits_2; ui_or_gameplay_sink_hits_7; source_validity_pose_sink_structure; strong_eye_source_validity_pose_sink_structure; negative_framework_support_context_without_confirmed_app_level_gaze_flow; functionality_gaze_interaction_hits_7,base_scanner_score_189; module_bonus_validity_gate_8; module_bonus_pose_vector_10; module_bonus_paired_state_refs_8; module_bonus_ray_interaction_15; module_bonus_ui_interaction_12; module_bonus_structure_combo_18; keyword_support_eye_or_gaze_5_bonus_20; keyword_support_sdk_4_bonus_12,C:\realDesktop\manifest-evaluations\summer-26\ghidra-pipeline\il2cpp-files\vrlegs\general-structure-results\90_plus_framework_support_only_near_certain\03552b30_UnityEngine.AnimatorStateInfo$$get_fullPathHash.c,C:\realDesktop\manifest-evaluations\summer-26\ghidra-pipeline\il2cpp-files\vrlegs\manual-review-pack\A_must_review\062_p292_UnityEngine.AnimatorStateInfo$$get_fullPathHash.c
63,292,A_must_review,UnityEngine.AnimatorStateInfo$$IsName,03552a84,189,90_plus_framework_support_only_near_certain,eye_source; weak_source_state; validity_gate; pose_vector; paired_state_refs; ray_interaction; ui_interaction; structure_combo,strong_eye_source_hits_21; weak_xr_or_state_hits_21; validity_or_gating_hits_21; strong_pose_or_ray_construction_hits_12; paired_field_refs_with_eye_source; ray_or_cast_sink_hits_2; ui_or_gameplay_sink_hits_7; source_validity_pose_sink_structure; strong_eye_source_validity_pose_sink_structure; negative_framework_support_context_without_confirmed_app_level_gaze_flow; functionality_gaze_interaction_hits_7,base_scanner_score_189; module_bonus_validity_gate_8; module_bonus_pose_vector_10; module_bonus_paired_state_refs_8; module_bonus_ray_interaction_15; module_bonus_ui_interaction_12; module_bonus_structure_combo_18; keyword_support_eye_or_gaze_5_bonus_20; keyword_support_sdk_4_bonus_12,C:\realDesktop\manifest-evaluations\summer-26\ghidra-pipeline\il2cpp-files\vrlegs\general-structure-results\90_plus_framework_support_only_near_certain\03552a84_UnityEngine.AnimatorStateInfo$$IsName.c,C:\realDesktop\manifest-evaluations\summer-26\ghidra-pipeline\il2cpp-files\vrlegs\manual-review-pack\A_must_review\063_p292_UnityEngine.AnimatorStateInfo$$IsName.c
64,292,A_must_review,UnityEngine.AnimatorClipInfo$$get_weight,03552a7c,189,90_plus_framework_support_only_near_certain,eye_source; weak_source_state; validity_gate; pose_vector; paired_state_refs; ray_interaction; ui_interaction; structure_combo,strong_eye_source_hits_21; weak_xr_or_state_hits_21; validity_or_gating_hits_21; strong_pose_or_ray_construction_hits_12; paired_field_refs_with_eye_source; ray_or_cast_sink_hits_2; ui_or_gameplay_sink_hits_7; source_validity_pose_sink_structure; strong_eye_source_validity_pose_sink_structure; negative_framework_support_context_without_confirmed_app_level_gaze_flow; functionality_gaze_interaction_hits_7,base_scanner_score_189; module_bonus_validity_gate_8; module_bonus_pose_vector_10; module_bonus_paired_state_refs_8; module_bonus_ray_interaction_15; module_bonus_ui_interaction_12; module_bonus_structure_combo_18; keyword_support_eye_or_gaze_5_bonus_20; keyword_support_sdk_4_bonus_12,C:\realDesktop\manifest-evaluations\summer-26\ghidra-pipeline\il2cpp-files\vrlegs\general-structure-results\90_plus_framework_support_only_near_certain\03552a7c_UnityEngine.AnimatorClipInfo$$get_weight.c,C:\realDesktop\manifest-evaluations\summer-26\ghidra-pipeline\il2cpp-files\vrlegs\manual-review-pack\A_must_review\064_p292_UnityEngine.AnimatorClipInfo$$get_weight.c
65,292,A_must_review,UnityEngine.AnimatorClipInfo$$get_clip,035529f0,189,90_plus_framework_support_only_near_certain,eye_source; weak_source_state; validity_gate; pose_vector; paired_state_refs; ray_interaction; ui_interaction; structure_combo,strong_eye_source_hits_21; weak_xr_or_state_hits_21; validity_or_gating_hits_21; strong_pose_or_ray_construction_hits_12; paired_field_refs_with_eye_source; ray_or_cast_sink_hits_2; ui_or_gameplay_sink_hits_7; source_validity_pose_sink_structure; strong_eye_source_validity_pose_sink_structure; negative_framework_support_context_without_confirmed_app_level_gaze_flow; functionality_gaze_interaction_hits_7,base_scanner_score_189; module_bonus_validity_gate_8; module_bonus_pose_vector_10; module_bonus_paired_state_refs_8; module_bonus_ray_interaction_15; module_bonus_ui_interaction_12; module_bonus_structure_combo_18; keyword_support_eye_or_gaze_5_bonus_20; keyword_support_sdk_4_bonus_12,C:\realDesktop\manifest-evaluations\summer-26\ghidra-pipeline\il2cpp-files\vrlegs\general-structure-results\90_plus_framework_support_only_near_certain\035529f0_UnityEngine.AnimatorClipInfo$$get_clip.c,C:\realDesktop\manifest-evaluations\summer-26\ghidra-pipeline\il2cpp-files\vrlegs\manual-review-pack\A_must_review\065_p292_UnityEngine.AnimatorClipInfo$$get_clip.c
66,292,A_must_review,UnityEngine.AnimatorClipInfo$$InstanceIDToAnimationClipPPtr,03552a40,189,90_plus_framework_support_only_near_certain,eye_source; weak_source_state; validity_gate; pose_vector; paired_state_refs; ray_interaction; ui_interaction; structure_combo,strong_eye_source_hits_21; weak_xr_or_state_hits_21; validity_or_gating_hits_21; strong_pose_or_ray_construction_hits_12; paired_field_refs_with_eye_source; ray_or_cast_sink_hits_2; ui_or_gameplay_sink_hits_7; source_validity_pose_sink_structure; strong_eye_source_validity_pose_sink_structure; negative_framework_support_context_without_confirmed_app_level_gaze_flow; functionality_gaze_interaction_hits_7,base_scanner_score_189; module_bonus_validity_gate_8; module_bonus_pose_vector_10; module_bonus_paired_state_refs_8; module_bonus_ray_interaction_15; module_bonus_ui_interaction_12; module_bonus_structure_combo_18; keyword_support_eye_or_gaze_5_bonus_20; keyword_support_sdk_4_bonus_12,C:\realDesktop\manifest-evaluations\summer-26\ghidra-pipeline\il2cpp-files\vrlegs\general-structure-results\90_plus_framework_support_only_near_certain\03552a40_UnityEngine.AnimatorClipInfo$$InstanceIDToAnimationClipPPtr.c,C:\realDesktop\manifest-evaluations\summer-26\ghidra-pipeline\il2cpp-files\vrlegs\manual-review-pack\A_must_review\066_p292_UnityEngine.AnimatorClipInfo$$InstanceIDToAnimationClipPPtr.c
67,292,A_must_review,UnityEngine.Animator$$set_rootRotation_Injected,03553dbc,189,90_plus_framework_support_only_near_certain,eye_source; weak_source_state; validity_gate; pose_vector; paired_state_refs; ray_interaction; ui_interaction; structure_combo,strong_eye_source_hits_21; weak_xr_or_state_hits_21; validity_or_gating_hits_21; strong_pose_or_ray_construction_hits_12; paired_field_refs_with_eye_source; ray_or_cast_sink_hits_2; ui_or_gameplay_sink_hits_7; source_validity_pose_sink_structure; strong_eye_source_validity_pose_sink_structure; negative_framework_support_context_without_confirmed_app_level_gaze_flow; functionality_gaze_interaction_hits_7,base_scanner_score_189; module_bonus_validity_gate_8; module_bonus_pose_vector_10; module_bonus_paired_state_refs_8; module_bonus_ray_interaction_15; module_bonus_ui_interaction_12; module_bonus_structure_combo_18; keyword_support_eye_or_gaze_5_bonus_20; keyword_support_sdk_4_bonus_12,C:\realDesktop\manifest-evaluations\summer-26\ghidra-pipeline\il2cpp-files\vrlegs\general-structure-results\90_plus_framework_support_only_near_certain\03553dbc_UnityEngine.Animator$$set_rootRotation_Injected.c,C:\realDesktop\manifest-evaluations\summer-26\ghidra-pipeline\il2cpp-files\vrlegs\manual-review-pack\A_must_review\067_p292_UnityEngine.Animator$$set_rootRotation_Injected.c
68,292,A_must_review,UnityEngine.Animator$$set_rootRotation,03553d68,189,90_plus_framework_support_only_near_certain,eye_source; weak_source_state; validity_gate; pose_vector; paired_state_refs; ray_interaction; ui_interaction; structure_combo,strong_eye_source_hits_21; weak_xr_or_state_hits_21; validity_or_gating_hits_21; strong_pose_or_ray_construction_hits_14; paired_field_refs_with_eye_source; ray_or_cast_sink_hits_2; ui_or_gameplay_sink_hits_7; source_validity_pose_sink_structure; strong_eye_source_validity_pose_sink_structure; negative_framework_support_context_without_confirmed_app_level_gaze_flow; functionality_gaze_interaction_hits_7,base_scanner_score_189; module_bonus_validity_gate_8; module_bonus_pose_vector_10; module_bonus_paired_state_refs_8; module_bonus_ray_interaction_15; module_bonus_ui_interaction_12; module_bonus_structure_combo_18; keyword_support_eye_or_gaze_5_bonus_20; keyword_support_sdk_4_bonus_12,C:\realDesktop\manifest-evaluations\summer-26\ghidra-pipeline\il2cpp-files\vrlegs\general-structure-results\90_plus_framework_support_only_near_certain\03553d68_UnityEngine.Animator$$set_rootRotation.c,C:\realDesktop\manifest-evaluations\summer-26\ghidra-pipeline\il2cpp-files\vrlegs\manual-review-pack\A_must_review\068_p292_UnityEngine.Animator$$set_rootRotation.c
69,292,A_must_review,UnityEngine.Animator$$set_rootPosition_Injected,03553c88,189,90_plus_framework_support_only_near_certain,eye_source; weak_source_state; validity_gate; pose_vector; paired_state_refs; ray_interaction; ui_interaction; structure_combo,strong_eye_source_hits_21; weak_xr_or_state_hits_21; validity_or_gating_hits_21; strong_pose_or_ray_construction_hits_12; paired_field_refs_with_eye_source; ray_or_cast_sink_hits_2; ui_or_gameplay_sink_hits_7; source_validity_pose_sink_structure; strong_eye_source_validity_pose_sink_structure; negative_framework_support_context_without_confirmed_app_level_gaze_flow; functionality_gaze_interaction_hits_7,base_scanner_score_189; module_bonus_validity_gate_8; module_bonus_pose_vector_10; module_bonus_paired_state_refs_8; module_bonus_ray_interaction_15; module_bonus_ui_interaction_12; module_bonus_structure_combo_18; keyword_support_eye_or_gaze_5_bonus_20; keyword_support_sdk_4_bonus_12,C:\realDesktop\manifest-evaluations\summer-26\ghidra-pipeline\il2cpp-files\vrlegs\general-structure-results\90_plus_framework_support_only_near_certain\03553c88_UnityEngine.Animator$$set_rootPosition_Injected.c,C:\realDesktop\manifest-evaluations\summer-26\ghidra-pipeline\il2cpp-files\vrlegs\manual-review-pack\A_must_review\069_p292_UnityEngine.Animator$$set_rootPosition_Injected.c
70,292,A_must_review,UnityEngine.Animator$$set_rootPosition,03553c34,189,90_plus_framework_support_only_near_certain,eye_source; weak_source_state; validity_gate; pose_vector; paired_state_refs; ray_interaction; ui_interaction; structure_combo,strong_eye_source_hits_21; weak_xr_or_state_hits_21; validity_or_gating_hits_21; strong_pose_or_ray_construction_hits_14; paired_field_refs_with_eye_source; ray_or_cast_sink_hits_2; ui_or_gameplay_sink_hits_7; source_validity_pose_sink_structure; strong_eye_source_validity_pose_sink_structure; negative_framework_support_context_without_confirmed_app_level_gaze_flow; functionality_gaze_interaction_hits_7,base_scanner_score_189; module_bonus_validity_gate_8; module_bonus_pose_vector_10; module_bonus_paired_state_refs_8; module_bonus_ray_interaction_15; module_bonus_ui_interaction_12; module_bonus_structure_combo_18; keyword_support_eye_or_gaze_5_bonus_20; keyword_support_sdk_4_bonus_12,C:\realDesktop\manifest-evaluations\summer-26\ghidra-pipeline\il2cpp-files\vrlegs\general-structure-results\90_plus_framework_support_only_near_certain\03553c34_UnityEngine.Animator$$set_rootPosition.c,C:\realDesktop\manifest-evaluations\summer-26\ghidra-pipeline\il2cpp-files\vrlegs\manual-review-pack\A_must_review\070_p292_UnityEngine.Animator$$set_rootPosition.c
71,292,A_must_review,UnityEngine.Animator$$set_linearVelocityBlending,03553ebc,189,90_plus_framework_support_only_near_certain,eye_source; weak_source_state; validity_gate; pose_vector; paired_state_refs; ray_interaction; ui_interaction; structure_combo,strong_eye_source_hits_21; weak_xr_or_state_hits_21; validity_or_gating_hits_21; strong_pose_or_ray_construction_hits_12; paired_field_refs_with_eye_source; ray_or_cast_sink_hits_2; ui_or_gameplay_sink_hits_7; source_validity_pose_sink_structure; strong_eye_source_validity_pose_sink_structure; negative_framework_support_context_without_confirmed_app_level_gaze_flow; functionality_gaze_interaction_hits_7,base_scanner_score_189; module_bonus_validity_gate_8; module_bonus_pose_vector_10; module_bonus_paired_state_refs_8; module_bonus_ray_interaction_15; module_bonus_ui_interaction_12; module_bonus_structure_combo_18; keyword_support_eye_or_gaze_5_bonus_20; keyword_support_sdk_4_bonus_12,C:\realDesktop\manifest-evaluations\summer-26\ghidra-pipeline\il2cpp-files\vrlegs\general-structure-results\90_plus_framework_support_only_near_certain\03553ebc_UnityEngine.Animator$$set_linearVelocityBlending.c,C:\realDesktop\manifest-evaluations\summer-26\ghidra-pipeline\il2cpp-files\vrlegs\manual-review-pack\A_must_review\071_p292_UnityEngine.Animator$$set_linearVelocityBlending.c
72,292,A_must_review,UnityEngine.Animator$$set_bodyRotationInternal_Injected,035544bc,189,90_plus_framework_support_only_near_certain,eye_source; weak_source_state; validity_gate; pose_vector; paired_state_refs; ray_interaction; ui_interaction; structure_combo,strong_eye_source_hits_21; weak_xr_or_state_hits_21; validity_or_gating_hits_21; strong_pose_or_ray_construction_hits_12; paired_field_refs_with_eye_source; ray_or_cast_sink_hits_2; ui_or_gameplay_sink_hits_7; source_validity_pose_sink_structure; strong_eye_source_validity_pose_sink_structure; negative_framework_support_context_without_confirmed_app_level_gaze_flow; functionality_gaze_interaction_hits_7,base_scanner_score_189; module_bonus_validity_gate_8; module_bonus_pose_vector_10; module_bonus_paired_state_refs_8; module_bonus_ray_interaction_15; module_bonus_ui_interaction_12; module_bonus_structure_combo_18; keyword_support_eye_or_gaze_5_bonus_20; keyword_support_sdk_4_bonus_12,C:\realDesktop\manifest-evaluations\summer-26\ghidra-pipeline\il2cpp-files\vrlegs\general-structure-results\90_plus_framework_support_only_near_certain\035544bc_UnityEngine.Animator$$set_bodyRotationInternal_Injected.c,C:\realDesktop\manifest-evaluations\summer-26\ghidra-pipeline\il2cpp-files\vrlegs\manual-review-pack\A_must_review\072_p292_UnityEngine.Animator$$set_bodyRotationInternal_Injected.c
73,292,A_must_review,UnityEngine.Animator$$set_bodyRotationInternal,03554424,189,90_plus_framework_support_only_near_certain,eye_source; weak_source_state; validity_gate; pose_vector; paired_state_refs; ray_interaction; ui_interaction; structure_combo,strong_eye_source_hits_21; weak_xr_or_state_hits_21; validity_or_gating_hits_21; strong_pose_or_ray_construction_hits_12; paired_field_refs_with_eye_source; ray_or_cast_sink_hits_2; ui_or_gameplay_sink_hits_7; source_validity_pose_sink_structure; strong_eye_source_validity_pose_sink_structure; negative_framework_support_context_without_confirmed_app_level_gaze_flow; functionality_gaze_interaction_hits_7,base_scanner_score_189; module_bonus_validity_gate_8; module_bonus_pose_vector_10; module_bonus_paired_state_refs_8; module_bonus_ray_interaction_15; module_bonus_ui_interaction_12; module_bonus_structure_combo_18; keyword_support_eye_or_gaze_5_bonus_20; keyword_support_sdk_4_bonus_12,C:\realDesktop\manifest-evaluations\summer-26\ghidra-pipeline\il2cpp-files\vrlegs\general-structure-results\90_plus_framework_support_only_near_certain\03554424_UnityEngine.Animator$$set_bodyRotationInternal.c,C:\realDesktop\manifest-evaluations\summer-26\ghidra-pipeline\il2cpp-files\vrlegs\manual-review-pack\A_must_review\073_p292_UnityEngine.Animator$$set_bodyRotationInternal.c
74,292,A_must_review,UnityEngine.Animator$$set_bodyRotation,035543dc,189,90_plus_framework_support_only_near_certain,eye_source; weak_source_state; validity_gate; pose_vector; paired_state_refs; ray_interaction; ui_interaction; structure_combo,strong_eye_source_hits_21; weak_xr_or_state_hits_21; validity_or_gating_hits_21; strong_pose_or_ray_construction_hits_14; paired_field_refs_with_eye_source; ray_or_cast_sink_hits_2; ui_or_gameplay_sink_hits_7; source_validity_pose_sink_structure; strong_eye_source_validity_pose_sink_structure; negative_framework_support_context_without_confirmed_app_level_gaze_flow; functionality_gaze_interaction_hits_7,base_scanner_score_189; module_bonus_validity_gate_8; module_bonus_pose_vector_10; module_bonus_paired_state_refs_8; module_bonus_ray_interaction_15; module_bonus_ui_interaction_12; module_bonus_structure_combo_18; keyword_support_eye_or_gaze_5_bonus_20; keyword_support_sdk_4_bonus_12,C:\realDesktop\manifest-evaluations\summer-26\ghidra-pipeline\il2cpp-files\vrlegs\general-structure-results\90_plus_framework_support_only_near_certain\035543dc_UnityEngine.Animator$$set_bodyRotation.c,C:\realDesktop\manifest-evaluations\summer-26\ghidra-pipeline\il2cpp-files\vrlegs\manual-review-pack\A_must_review\074_p292_UnityEngine.Animator$$set_bodyRotation.c
75,292,A_must_review,UnityEngine.Animator$$set_bodyPositionInternal_Injected,03554328,189,90_plus_framework_support_only_near_certain,eye_source; weak_source_state; validity_gate; pose_vector; paired_state_refs; ray_interaction; ui_interaction; structure_combo,strong_eye_source_hits_21; weak_xr_or_state_hits_21; validity_or_gating_hits_21; strong_pose_or_ray_construction_hits_12; paired_field_refs_with_eye_source; ray_or_cast_sink_hits_2; ui_or_gameplay_sink_hits_7; source_validity_pose_sink_structure; strong_eye_source_validity_pose_sink_structure; negative_framework_support_context_without_confirmed_app_level_gaze_flow; functionality_gaze_interaction_hits_7,base_scanner_score_189; module_bonus_validity_gate_8; module_bonus_pose_vector_10; module_bonus_paired_state_refs_8; module_bonus_ray_interaction_15; module_bonus_ui_interaction_12; module_bonus_structure_combo_18; keyword_support_eye_or_gaze_5_bonus_20; keyword_support_sdk_4_bonus_12,C:\realDesktop\manifest-evaluations\summer-26\ghidra-pipeline\il2cpp-files\vrlegs\general-structure-results\90_plus_framework_support_only_near_certain\03554328_UnityEngine.Animator$$set_bodyPositionInternal_Injected.c,C:\realDesktop\manifest-evaluations\summer-26\ghidra-pipeline\il2cpp-files\vrlegs\manual-review-pack\A_must_review\075_p292_UnityEngine.Animator$$set_bodyPositionInternal_Injected.c
76,292,A_must_review,UnityEngine.Animator$$set_bodyPositionInternal,03554290,189,90_plus_framework_support_only_near_certain,eye_source; weak_source_state; validity_gate; pose_vector; paired_state_refs; ray_interaction; ui_interaction; structure_combo,strong_eye_source_hits_21; weak_xr_or_state_hits_21; validity_or_gating_hits_21; strong_pose_or_ray_construction_hits_12; paired_field_refs_with_eye_source; ray_or_cast_sink_hits_2; ui_or_gameplay_sink_hits_7; source_validity_pose_sink_structure; strong_eye_source_validity_pose_sink_structure; negative_framework_support_context_without_confirmed_app_level_gaze_flow; functionality_gaze_interaction_hits_7,base_scanner_score_189; module_bonus_validity_gate_8; module_bonus_pose_vector_10; module_bonus_paired_state_refs_8; module_bonus_ray_interaction_15; module_bonus_ui_interaction_12; module_bonus_structure_combo_18; keyword_support_eye_or_gaze_5_bonus_20; keyword_support_sdk_4_bonus_12,C:\realDesktop\manifest-evaluations\summer-26\ghidra-pipeline\il2cpp-files\vrlegs\general-structure-results\90_plus_framework_support_only_near_certain\03554290_UnityEngine.Animator$$set_bodyPositionInternal.c,C:\realDesktop\manifest-evaluations\summer-26\ghidra-pipeline\il2cpp-files\vrlegs\manual-review-pack\A_must_review\076_p292_UnityEngine.Animator$$set_bodyPositionInternal.c
77,292,A_must_review,UnityEngine.Animator$$set_bodyPosition,03554250,189,90_plus_framework_support_only_near_certain,eye_source; weak_source_state; validity_gate; pose_vector; paired_state_refs; ray_interaction; ui_interaction; structure_combo,strong_eye_source_hits_21; weak_xr_or_state_hits_21; validity_or_gating_hits_21; strong_pose_or_ray_construction_hits_14; paired_field_refs_with_eye_source; ray_or_cast_sink_hits_2; ui_or_gameplay_sink_hits_7; source_validity_pose_sink_structure; strong_eye_source_validity_pose_sink_structure; negative_framework_support_context_without_confirmed_app_level_gaze_flow; functionality_gaze_interaction_hits_7,base_scanner_score_189; module_bonus_validity_gate_8; module_bonus_pose_vector_10; module_bonus_paired_state_refs_8; module_bonus_ray_interaction_15; module_bonus_ui_interaction_12; module_bonus_structure_combo_18; keyword_support_eye_or_gaze_5_bonus_20; keyword_support_sdk_4_bonus_12,C:\realDesktop\manifest-evaluations\summer-26\ghidra-pipeline\il2cpp-files\vrlegs\general-structure-results\90_plus_framework_support_only_near_certain\03554250_UnityEngine.Animator$$set_bodyPosition.c,C:\realDesktop\manifest-evaluations\summer-26\ghidra-pipeline\il2cpp-files\vrlegs\manual-review-pack\A_must_review\077_p292_UnityEngine.Animator$$set_bodyPosition.c
78,292,A_must_review,UnityEngine.Animator$$set_applyRootMotion,03553e3c,189,90_plus_framework_support_only_near_certain,eye_source; weak_source_state; validity_gate; pose_vector; paired_state_refs; ray_interaction; ui_interaction; structure_combo,strong_eye_source_hits_21; weak_xr_or_state_hits_21; validity_or_gating_hits_21; strong_pose_or_ray_construction_hits_12; paired_field_refs_with_eye_source; ray_or_cast_sink_hits_2; ui_or_gameplay_sink_hits_7; source_validity_pose_sink_structure; strong_eye_source_validity_pose_sink_structure; negative_framework_support_context_without_confirmed_app_level_gaze_flow; functionality_gaze_interaction_hits_7,base_scanner_score_189; module_bonus_validity_gate_8; module_bonus_pose_vector_10; module_bonus_paired_state_refs_8; module_bonus_ray_interaction_15; module_bonus_ui_interaction_12; module_bonus_structure_combo_18; keyword_support_eye_or_gaze_5_bonus_20; keyword_support_sdk_4_bonus_12,C:\realDesktop\manifest-evaluations\summer-26\ghidra-pipeline\il2cpp-files\vrlegs\general-structure-results\90_plus_framework_support_only_near_certain\03553e3c_UnityEngine.Animator$$set_applyRootMotion.c,C:\realDesktop\manifest-evaluations\summer-26\ghidra-pipeline\il2cpp-files\vrlegs\manual-review-pack\A_must_review\078_p292_UnityEngine.Animator$$set_applyRootMotion.c
79,292,A_must_review,UnityEngine.Animator$$set_animatePhysics,03553f84,189,90_plus_framework_support_only_near_certain,eye_source; weak_source_state; validity_gate; pose_vector; paired_state_refs; ray_interaction; ui_interaction; structure_combo,strong_eye_source_hits_21; weak_xr_or_state_hits_21; validity_or_gating_hits_21; strong_pose_or_ray_construction_hits_12; paired_field_refs_with_eye_source; ray_or_cast_sink_hits_2; ui_or_gameplay_sink_hits_7; source_validity_pose_sink_structure; strong_eye_source_validity_pose_sink_structure; negative_framework_support_context_without_confirmed_app_level_gaze_flow; functionality_gaze_interaction_hits_7,base_scanner_score_189; module_bonus_validity_gate_8; module_bonus_pose_vector_10; module_bonus_paired_state_refs_8; module_bonus_ray_interaction_15; module_bonus_ui_interaction_12; module_bonus_structure_combo_18; keyword_support_eye_or_gaze_5_bonus_20; keyword_support_sdk_4_bonus_12,C:\realDesktop\manifest-evaluations\summer-26\ghidra-pipeline\il2cpp-files\vrlegs\general-structure-results\90_plus_framework_support_only_near_certain\03553f84_UnityEngine.Animator$$set_animatePhysics.c,C:\realDesktop\manifest-evaluations\summer-26\ghidra-pipeline\il2cpp-files\vrlegs\manual-review-pack\A_must_review\079_p292_UnityEngine.Animator$$set_animatePhysics.c
80,292,A_must_review,UnityEngine.Animator$$set_allowConstantClipSamplingOptimization,0355408c,189,90_plus_framework_support_only_near_certain,eye_source; weak_source_state; validity_gate; pose_vector; paired_state_refs; ray_interaction; ui_interaction; structure_combo,strong_eye_source_hits_21; weak_xr_or_state_hits_21; validity_or_gating_hits_21; strong_pose_or_ray_construction_hits_12; paired_field_refs_with_eye_source; ray_or_cast_sink_hits_2; ui_or_gameplay_sink_hits_7; source_validity_pose_sink_structure; strong_eye_source_validity_pose_sink_structure; negative_framework_support_context_without_confirmed_app_level_gaze_flow; functionality_gaze_interaction_hits_7,base_scanner_score_189; module_bonus_validity_gate_8; module_bonus_pose_vector_10; module_bonus_paired_state_refs_8; module_bonus_ray_interaction_15; module_bonus_ui_interaction_12; module_bonus_structure_combo_18; keyword_support_eye_or_gaze_5_bonus_20; keyword_support_sdk_4_bonus_12,C:\realDesktop\manifest-evaluations\summer-26\ghidra-pipeline\il2cpp-files\vrlegs\general-structure-results\90_plus_framework_support_only_near_certain\0355408c_UnityEngine.Animator$$set_allowConstantClipSamplingOptimization.c,C:\realDesktop\manifest-evaluations\summer-26\ghidra-pipeline\il2cpp-files\vrlegs\manual-review-pack\A_must_review\080_p292_UnityEngine.Animator$$set_allowConstantClipSamplingOptimization.c
81,292,A_must_review,UnityEngine.Animator$$get_velocity_Injected,03553ab0,189,90_plus_framework_support_only_near_certain,eye_source; weak_source_state; validity_gate; pose_vector; paired_state_refs; ray_interaction; ui_interaction; structure_combo,strong_eye_source_hits_21; weak_xr_or_state_hits_21; validity_or_gating_hits_21; strong_pose_or_ray_construction_hits_12; paired_field_refs_with_eye_source; ray_or_cast_sink_hits_2; ui_or_gameplay_sink_hits_7; source_validity_pose_sink_structure; strong_eye_source_validity_pose_sink_structure; negative_framework_support_context_without_confirmed_app_level_gaze_flow; functionality_gaze_interaction_hits_7,base_scanner_score_189; module_bonus_validity_gate_8; module_bonus_pose_vector_10; module_bonus_paired_state_refs_8; module_bonus_ray_interaction_15; module_bonus_ui_interaction_12; module_bonus_structure_combo_18; keyword_support_eye_or_gaze_5_bonus_20; keyword_support_sdk_4_bonus_12,C:\realDesktop\manifest-evaluations\summer-26\ghidra-pipeline\il2cpp-files\vrlegs\general-structure-results\90_plus_framework_support_only_near_certain\03553ab0_UnityEngine.Animator$$get_velocity_Injected.c,C:\realDesktop\manifest-evaluations\summer-26\ghidra-pipeline\il2cpp-files\vrlegs\manual-review-pack\A_must_review\081_p292_UnityEngine.Animator$$get_velocity_Injected.c
82,292,A_must_review,UnityEngine.Animator$$get_velocity,03553a54,189,90_plus_framework_support_only_near_certain,eye_source; weak_source_state; validity_gate; pose_vector; paired_state_refs; ray_interaction; ui_interaction; structure_combo,strong_eye_source_hits_21; weak_xr_or_state_hits_21; validity_or_gating_hits_21; strong_pose_or_ray_construction_hits_12; paired_field_refs_with_eye_source; ray_or_cast_sink_hits_2; ui_or_gameplay_sink_hits_7; source_validity_pose_sink_structure; strong_eye_source_validity_pose_sink_structure; negative_framework_support_context_without_confirmed_app_level_gaze_flow; functionality_gaze_interaction_hits_7,base_scanner_score_189; module_bonus_validity_gate_8; module_bonus_pose_vector_10; module_bonus_paired_state_refs_8; module_bonus_ray_interaction_15; module_bonus_ui_interaction_12; module_bonus_structure_combo_18; keyword_support_eye_or_gaze_5_bonus_20; keyword_support_sdk_4_bonus_12,C:\realDesktop\manifest-evaluations\summer-26\ghidra-pipeline\il2cpp-files\vrlegs\general-structure-results\90_plus_framework_support_only_near_certain\03553a54_UnityEngine.Animator$$get_velocity.c,C:\realDesktop\manifest-evaluations\summer-26\ghidra-pipeline\il2cpp-files\vrlegs\manual-review-pack\A_must_review\082_p292_UnityEngine.Animator$$get_velocity.c
83,292,A_must_review,UnityEngine.Animator$$get_rootRotation_Injected,03553d24,189,90_plus_framework_support_only_near_certain,eye_source; weak_source_state; validity_gate; pose_vector; paired_state_refs; ray_interaction; ui_interaction; structure_combo,strong_eye_source_hits_21; weak_xr_or_state_hits_21; validity_or_gating_hits_21; strong_pose_or_ray_construction_hits_12; paired_field_refs_with_eye_source; ray_or_cast_sink_hits_2; ui_or_gameplay_sink_hits_7; source_validity_pose_sink_structure; strong_eye_source_validity_pose_sink_structure; negative_framework_support_context_without_confirmed_app_level_gaze_flow; functionality_gaze_interaction_hits_7,base_scanner_score_189; module_bonus_validity_gate_8; module_bonus_pose_vector_10; module_bonus_paired_state_refs_8; module_bonus_ray_interaction_15; module_bonus_ui_interaction_12; module_bonus_structure_combo_18; keyword_support_eye_or_gaze_5_bonus_20; keyword_support_sdk_4_bonus_12,C:\realDesktop\manifest-evaluations\summer-26\ghidra-pipeline\il2cpp-files\vrlegs\general-structure-results\90_plus_framework_support_only_near_certain\03553d24_UnityEngine.Animator$$get_rootRotation_Injected.c,C:\realDesktop\manifest-evaluations\summer-26\ghidra-pipeline\il2cpp-files\vrlegs\manual-review-pack\A_must_review\083_p292_UnityEngine.Animator$$get_rootRotation_Injected.c
84,292,A_must_review,UnityEngine.Animator$$get_rootRotation,03553ccc,189,90_plus_framework_support_only_near_certain,eye_source; weak_source_state; validity_gate; pose_vector; paired_state_refs; ray_interaction; ui_interaction; structure_combo,strong_eye_source_hits_21; weak_xr_or_state_hits_21; validity_or_gating_hits_21; strong_pose_or_ray_construction_hits_14; paired_field_refs_with_eye_source; ray_or_cast_sink_hits_2; ui_or_gameplay_sink_hits_7; source_validity_pose_sink_structure; strong_eye_source_validity_pose_sink_structure; negative_framework_support_context_without_confirmed_app_level_gaze_flow; functionality_gaze_interaction_hits_7,base_scanner_score_189; module_bonus_validity_gate_8; module_bonus_pose_vector_10; module_bonus_paired_state_refs_8; module_bonus_ray_interaction_15; module_bonus_ui_interaction_12; module_bonus_structure_combo_18; keyword_support_eye_or_gaze_5_bonus_20; keyword_support_sdk_4_bonus_12,C:\realDesktop\manifest-evaluations\summer-26\ghidra-pipeline\il2cpp-files\vrlegs\general-structure-results\90_plus_framework_support_only_near_certain\03553ccc_UnityEngine.Animator$$get_rootRotation.c,C:\realDesktop\manifest-evaluations\summer-26\ghidra-pipeline\il2cpp-files\vrlegs\manual-review-pack\A_must_review\084_p292_UnityEngine.Animator$$get_rootRotation.c
85,292,A_must_review,UnityEngine.Animator$$get_rootPosition_Injected,03553bf0,189,90_plus_framework_support_only_near_certain,eye_source; weak_source_state; validity_gate; pose_vector; paired_state_refs; ray_interaction; ui_interaction; structure_combo,strong_eye_source_hits_21; weak_xr_or_state_hits_21; validity_or_gating_hits_21; strong_pose_or_ray_construction_hits_12; paired_field_refs_with_eye_source; ray_or_cast_sink_hits_2; ui_or_gameplay_sink_hits_7; source_validity_pose_sink_structure; strong_eye_source_validity_pose_sink_structure; negative_framework_support_context_without_confirmed_app_level_gaze_flow; functionality_gaze_interaction_hits_7,base_scanner_score_189; module_bonus_validity_gate_8; module_bonus_pose_vector_10; module_bonus_paired_state_refs_8; module_bonus_ray_interaction_15; module_bonus_ui_interaction_12; module_bonus_structure_combo_18; keyword_support_eye_or_gaze_5_bonus_20; keyword_support_sdk_4_bonus_12,C:\realDesktop\manifest-evaluations\summer-26\ghidra-pipeline\il2cpp-files\vrlegs\general-structure-results\90_plus_framework_support_only_near_certain\03553bf0_UnityEngine.Animator$$get_rootPosition_Injected.c,C:\realDesktop\manifest-evaluations\summer-26\ghidra-pipeline\il2cpp-files\vrlegs\manual-review-pack\A_must_review\085_p292_UnityEngine.Animator$$get_rootPosition_Injected.c
86,292,A_must_review,UnityEngine.Animator$$get_rootPosition,03553b94,189,90_plus_framework_support_only_near_certain,eye_source; weak_source_state; validity_gate; pose_vector; paired_state_refs; ray_interaction; ui_interaction; structure_combo,strong_eye_source_hits_21; weak_xr_or_state_hits_21; validity_or_gating_hits_21; strong_pose_or_ray_construction_hits_14; paired_field_refs_with_eye_source; ray_or_cast_sink_hits_2; ui_or_gameplay_sink_hits_7; source_validity_pose_sink_structure; strong_eye_source_validity_pose_sink_structure; negative_framework_support_context_without_confirmed_app_level_gaze_flow; functionality_gaze_interaction_hits_7,base_scanner_score_189; module_bonus_validity_gate_8; module_bonus_pose_vector_10; module_bonus_paired_state_refs_8; module_bonus_ray_interaction_15; module_bonus_ui_interaction_12; module_bonus_structure_combo_18; keyword_support_eye_or_gaze_5_bonus_20; keyword_support_sdk_4_bonus_12,C:\realDesktop\manifest-evaluations\summer-26\ghidra-pipeline\il2cpp-files\vrlegs\general-structure-results\90_plus_framework_support_only_near_certain\03553b94_UnityEngine.Animator$$get_rootPosition.c,C:\realDesktop\manifest-evaluations\summer-26\ghidra-pipeline\il2cpp-files\vrlegs\manual-review-pack\A_must_review\086_p292_UnityEngine.Animator$$get_rootPosition.c
87,292,A_must_review,UnityEngine.Animator$$get_linearVelocityBlending,03553e80,189,90_plus_framework_support_only_near_certain,eye_source; weak_source_state; validity_gate; pose_vector; paired_state_refs; ray_interaction; ui_interaction; structure_combo,strong_eye_source_hits_21; weak_xr_or_state_hits_21; validity_or_gating_hits_21; strong_pose_or_ray_construction_hits_12; paired_field_refs_with_eye_source; ray_or_cast_sink_hits_2; ui_or_gameplay_sink_hits_7; source_validity_pose_sink_structure; strong_eye_source_validity_pose_sink_structure; negative_framework_support_context_without_confirmed_app_level_gaze_flow; functionality_gaze_interaction_hits_7,base_scanner_score_189; module_bonus_validity_gate_8; module_bonus_pose_vector_10; module_bonus_paired_state_refs_8; module_bonus_ray_interaction_15; module_bonus_ui_interaction_12; module_bonus_structure_combo_18; keyword_support_eye_or_gaze_5_bonus_20; keyword_support_sdk_4_bonus_12,C:\realDesktop\manifest-evaluations\summer-26\ghidra-pipeline\il2cpp-files\vrlegs\general-structure-results\90_plus_framework_support_only_near_certain\03553e80_UnityEngine.Animator$$get_linearVelocityBlending.c,C:\realDesktop\manifest-evaluations\summer-26\ghidra-pipeline\il2cpp-files\vrlegs\manual-review-pack\A_must_review\087_p292_UnityEngine.Animator$$get_linearVelocityBlending.c
88,292,A_must_review,UnityEngine.Animator$$get_isRootPositionOrRotationControlledByCurves,03552c64,189,90_plus_framework_support_only_near_certain,eye_source; weak_source_state; validity_gate; pose_vector; paired_state_refs; ray_interaction; ui_interaction; structure_combo,strong_eye_source_hits_21; weak_xr_or_state_hits_21; validity_or_gating_hits_21; strong_pose_or_ray_construction_hits_12; paired_field_refs_with_eye_source; ray_or_cast_sink_hits_2; ui_or_gameplay_sink_hits_7; source_validity_pose_sink_structure; strong_eye_source_validity_pose_sink_structure; negative_framework_support_context_without_confirmed_app_level_gaze_flow; functionality_gaze_interaction_hits_7,base_scanner_score_189; module_bonus_validity_gate_8; module_bonus_pose_vector_10; module_bonus_paired_state_refs_8; module_bonus_ray_interaction_15; module_bonus_ui_interaction_12; module_bonus_structure_combo_18; keyword_support_eye_or_gaze_5_bonus_20; keyword_support_sdk_4_bonus_12,C:\realDesktop\manifest-evaluations\summer-26\ghidra-pipeline\il2cpp-files\vrlegs\general-structure-results\90_plus_framework_support_only_near_certain\03552c64_UnityEngine.Animator$$get_isRootPositionOrRotationControlledByCurves.c,C:\realDesktop\manifest-evaluations\summer-26\ghidra-pipeline\il2cpp-files\vrlegs\manual-review-pack\A_must_review\088_p292_UnityEngine.Animator$$get_isRootPositionOrRotationControlledByCurves.c
89,292,A_must_review,UnityEngine.Animator$$get_isOptimizable,03552bb0,189,90_plus_framework_support_only_near_certain,eye_source; weak_source_state; validity_gate; pose_vector; paired_state_refs; ray_interaction; ui_interaction; structure_combo,strong_eye_source_hits_21; weak_xr_or_state_hits_21; validity_or_gating_hits_21; strong_pose_or_ray_construction_hits_12; paired_field_refs_with_eye_source; ray_or_cast_sink_hits_2; ui_or_gameplay_sink_hits_7; source_validity_pose_sink_structure; strong_eye_source_validity_pose_sink_structure; negative_framework_support_context_without_confirmed_app_level_gaze_flow; functionality_gaze_interaction_hits_7,base_scanner_score_189; module_bonus_validity_gate_8; module_bonus_pose_vector_10; module_bonus_paired_state_refs_8; module_bonus_ray_interaction_15; module_bonus_ui_interaction_12; module_bonus_structure_combo_18; keyword_support_eye_or_gaze_5_bonus_20; keyword_support_sdk_4_bonus_12,C:\realDesktop\manifest-evaluations\summer-26\ghidra-pipeline\il2cpp-files\vrlegs\general-structure-results\90_plus_framework_support_only_near_certain\03552bb0_UnityEngine.Animator$$get_isOptimizable.c,C:\realDesktop\manifest-evaluations\summer-26\ghidra-pipeline\il2cpp-files\vrlegs\manual-review-pack\A_must_review\089_p292_UnityEngine.Animator$$get_isOptimizable.c
90,292,A_must_review,UnityEngine.Animator$$get_isInitialized,03552cdc,189,90_plus_framework_support_only_near_certain,eye_source; weak_source_state; validity_gate; pose_vector; paired_state_refs; ray_interaction; ui_interaction; structure_combo,strong_eye_source_hits_21; weak_xr_or_state_hits_21; validity_or_gating_hits_21; strong_pose_or_ray_construction_hits_12; paired_field_refs_with_eye_source; ray_or_cast_sink_hits_2; ui_or_gameplay_sink_hits_7; source_validity_pose_sink_structure; strong_eye_source_validity_pose_sink_structure; negative_framework_support_context_without_confirmed_app_level_gaze_flow; functionality_gaze_interaction_hits_7,base_scanner_score_189; module_bonus_validity_gate_8; module_bonus_pose_vector_10; module_bonus_paired_state_refs_8; module_bonus_ray_interaction_15; module_bonus_ui_interaction_12; module_bonus_structure_combo_18; keyword_support_eye_or_gaze_5_bonus_20; keyword_support_sdk_4_bonus_12,C:\realDesktop\manifest-evaluations\summer-26\ghidra-pipeline\il2cpp-files\vrlegs\general-structure-results\90_plus_framework_support_only_near_certain\03552cdc_UnityEngine.Animator$$get_isInitialized.c,C:\realDesktop\manifest-evaluations\summer-26\ghidra-pipeline\il2cpp-files\vrlegs\manual-review-pack\A_must_review\090_p292_UnityEngine.Animator$$get_isInitialized.c
91,292,A_must_review,UnityEngine.Animator$$get_isHuman,03552bec,189,90_plus_framework_support_only_near_certain,eye_source; weak_source_state; validity_gate; pose_vector; paired_state_refs; ray_interaction; ui_interaction; structure_combo,strong_eye_source_hits_21; weak_xr_or_state_hits_21; validity_or_gating_hits_21; strong_pose_or_ray_construction_hits_12; paired_field_refs_with_eye_source; ray_or_cast_sink_hits_2; ui_or_gameplay_sink_hits_7; source_validity_pose_sink_structure; strong_eye_source_validity_pose_sink_structure; negative_framework_support_context_without_confirmed_app_level_gaze_flow; functionality_gaze_interaction_hits_7,base_scanner_score_189; module_bonus_validity_gate_8; module_bonus_pose_vector_10; module_bonus_paired_state_refs_8; module_bonus_ray_interaction_15; module_bonus_ui_interaction_12; module_bonus_structure_combo_18; keyword_support_eye_or_gaze_5_bonus_20; keyword_support_sdk_4_bonus_12,C:\realDesktop\manifest-evaluations\summer-26\ghidra-pipeline\il2cpp-files\vrlegs\general-structure-results\90_plus_framework_support_only_near_certain\03552bec_UnityEngine.Animator$$get_isHuman.c,C:\realDesktop\manifest-evaluations\summer-26\ghidra-pipeline\il2cpp-files\vrlegs\manual-review-pack\A_must_review\091_p292_UnityEngine.Animator$$get_isHuman.c
92,292,A_must_review,UnityEngine.Animator$$get_humanScale,03552ca0,189,90_plus_framework_support_only_near_certain,eye_source; weak_source_state; validity_gate; pose_vector; paired_state_refs; ray_interaction; ui_interaction; structure_combo,strong_eye_source_hits_21; weak_xr_or_state_hits_21; validity_or_gating_hits_21; strong_pose_or_ray_construction_hits_12; paired_field_refs_with_eye_source; ray_or_cast_sink_hits_2; ui_or_gameplay_sink_hits_7; source_validity_pose_sink_structure; strong_eye_source_validity_pose_sink_structure; negative_framework_support_context_without_confirmed_app_level_gaze_flow; functionality_gaze_interaction_hits_7,base_scanner_score_189; module_bonus_validity_gate_8; module_bonus_pose_vector_10; module_bonus_paired_state_refs_8; module_bonus_ray_interaction_15; module_bonus_ui_interaction_12; module_bonus_structure_combo_18; keyword_support_eye_or_gaze_5_bonus_20; keyword_support_sdk_4_bonus_12,C:\realDesktop\manifest-evaluations\summer-26\ghidra-pipeline\il2cpp-files\vrlegs\general-structure-results\90_plus_framework_support_only_near_certain\03552ca0_UnityEngine.Animator$$get_humanScale.c,C:\realDesktop\manifest-evaluations\summer-26\ghidra-pipeline\il2cpp-files\vrlegs\manual-review-pack\A_must_review\092_p292_UnityEngine.Animator$$get_humanScale.c
93,292,A_must_review,UnityEngine.Animator$$get_hasTransformHierarchy,03554014,189,90_plus_framework_support_only_near_certain,eye_source; weak_source_state; validity_gate; pose_vector; paired_state_refs; ray_interaction; ui_interaction; structure_combo,strong_eye_source_hits_21; weak_xr_or_state_hits_21; validity_or_gating_hits_21; strong_pose_or_ray_construction_hits_12; paired_field_refs_with_eye_source; ray_or_cast_sink_hits_2; ui_or_gameplay_sink_hits_7; source_validity_pose_sink_structure; strong_eye_source_validity_pose_sink_structure; negative_framework_support_context_without_confirmed_app_level_gaze_flow; functionality_gaze_interaction_hits_7,base_scanner_score_189; module_bonus_validity_gate_8; module_bonus_pose_vector_10; module_bonus_paired_state_refs_8; module_bonus_ray_interaction_15; module_bonus_ui_interaction_12; module_bonus_structure_combo_18; keyword_support_eye_or_gaze_5_bonus_20; keyword_support_sdk_4_bonus_12,C:\realDesktop\manifest-evaluations\summer-26\ghidra-pipeline\il2cpp-files\vrlegs\general-structure-results\90_plus_framework_support_only_near_certain\03554014_UnityEngine.Animator$$get_hasTransformHierarchy.c,C:\realDesktop\manifest-evaluations\summer-26\ghidra-pipeline\il2cpp-files\vrlegs\manual-review-pack\A_must_review\093_p292_UnityEngine.Animator$$get_hasTransformHierarchy.c
94,292,A_must_review,UnityEngine.Animator$$get_hasRootMotion,03552c28,189,90_plus_framework_support_only_near_certain,eye_source; weak_source_state; validity_gate; pose_vector; paired_state_refs; ray_interaction; ui_interaction; structure_combo,strong_eye_source_hits_21; weak_xr_or_state_hits_21; validity_or_gating_hits_21; strong_pose_or_ray_construction_hits_12; paired_field_refs_with_eye_source; ray_or_cast_sink_hits_2; ui_or_gameplay_sink_hits_7; source_validity_pose_sink_structure; strong_eye_source_validity_pose_sink_structure; negative_framework_support_context_without_confirmed_app_level_gaze_flow; functionality_gaze_interaction_hits_7,base_scanner_score_189; module_bonus_validity_gate_8; module_bonus_pose_vector_10; module_bonus_paired_state_refs_8; module_bonus_ray_interaction_15; module_bonus_ui_interaction_12; module_bonus_structure_combo_18; keyword_support_eye_or_gaze_5_bonus_20; keyword_support_sdk_4_bonus_12,C:\realDesktop\manifest-evaluations\summer-26\ghidra-pipeline\il2cpp-files\vrlegs\general-structure-results\90_plus_framework_support_only_near_certain\03552c28_UnityEngine.Animator$$get_hasRootMotion.c,C:\realDesktop\manifest-evaluations\summer-26\ghidra-pipeline\il2cpp-files\vrlegs\manual-review-pack\A_must_review\094_p292_UnityEngine.Animator$$get_hasRootMotion.c
95,292,A_must_review,UnityEngine.Animator$$get_gravityWeight,035540d0,189,90_plus_framework_support_only_near_certain,eye_source; weak_source_state; validity_gate; pose_vector; paired_state_refs; ray_interaction; ui_interaction; structure_combo,strong_eye_source_hits_21; weak_xr_or_state_hits_21; validity_or_gating_hits_21; strong_pose_or_ray_construction_hits_12; paired_field_refs_with_eye_source; ray_or_cast_sink_hits_2; ui_or_gameplay_sink_hits_7; source_validity_pose_sink_structure; strong_eye_source_validity_pose_sink_structure; negative_framework_support_context_without_confirmed_app_level_gaze_flow; functionality_gaze_interaction_hits_7,base_scanner_score_189; module_bonus_validity_gate_8; module_bonus_pose_vector_10; module_bonus_paired_state_refs_8; module_bonus_ray_interaction_15; module_bonus_ui_interaction_12; module_bonus_structure_combo_18; keyword_support_eye_or_gaze_5_bonus_20; keyword_support_sdk_4_bonus_12,C:\realDesktop\manifest-evaluations\summer-26\ghidra-pipeline\il2cpp-files\vrlegs\general-structure-results\90_plus_framework_support_only_near_certain\035540d0_UnityEngine.Animator$$get_gravityWeight.c,C:\realDesktop\manifest-evaluations\summer-26\ghidra-pipeline\il2cpp-files\vrlegs\manual-review-pack\A_must_review\095_p292_UnityEngine.Animator$$get_gravityWeight.c
96,292,A_must_review,UnityEngine.Animator$$get_deltaRotation_Injected,03553a10,189,90_plus_framework_support_only_near_certain,eye_source; weak_source_state; validity_gate; pose_vector; paired_state_refs; ray_interaction; ui_interaction; structure_combo,strong_eye_source_hits_21; weak_xr_or_state_hits_21; validity_or_gating_hits_21; strong_pose_or_ray_construction_hits_12; paired_field_refs_with_eye_source; ray_or_cast_sink_hits_2; ui_or_gameplay_sink_hits_7; source_validity_pose_sink_structure; strong_eye_source_validity_pose_sink_structure; negative_framework_support_context_without_confirmed_app_level_gaze_flow; functionality_gaze_interaction_hits_7,base_scanner_score_189; module_bonus_validity_gate_8; module_bonus_pose_vector_10; module_bonus_paired_state_refs_8; module_bonus_ray_interaction_15; module_bonus_ui_interaction_12; module_bonus_structure_combo_18; keyword_support_eye_or_gaze_5_bonus_20; keyword_support_sdk_4_bonus_12,C:\realDesktop\manifest-evaluations\summer-26\ghidra-pipeline\il2cpp-files\vrlegs\general-structure-results\90_plus_framework_support_only_near_certain\03553a10_UnityEngine.Animator$$get_deltaRotation_Injected.c,C:\realDesktop\manifest-evaluations\summer-26\ghidra-pipeline\il2cpp-files\vrlegs\manual-review-pack\A_must_review\096_p292_UnityEngine.Animator$$get_deltaRotation_Injected.c
97,292,A_must_review,UnityEngine.Animator$$get_deltaRotation,035539b8,189,90_plus_framework_support_only_near_certain,eye_source; weak_source_state; validity_gate; pose_vector; paired_state_refs; ray_interaction; ui_interaction; structure_combo,strong_eye_source_hits_21; weak_xr_or_state_hits_21; validity_or_gating_hits_21; strong_pose_or_ray_construction_hits_14; paired_field_refs_with_eye_source; ray_or_cast_sink_hits_2; ui_or_gameplay_sink_hits_7; source_validity_pose_sink_structure; strong_eye_source_validity_pose_sink_structure; negative_framework_support_context_without_confirmed_app_level_gaze_flow; functionality_gaze_interaction_hits_7,base_scanner_score_189; module_bonus_validity_gate_8; module_bonus_pose_vector_10; module_bonus_paired_state_refs_8; module_bonus_ray_interaction_15; module_bonus_ui_interaction_12; module_bonus_structure_combo_18; keyword_support_eye_or_gaze_5_bonus_20; keyword_support_sdk_4_bonus_12,C:\realDesktop\manifest-evaluations\summer-26\ghidra-pipeline\il2cpp-files\vrlegs\general-structure-results\90_plus_framework_support_only_near_certain\035539b8_UnityEngine.Animator$$get_deltaRotation.c,C:\realDesktop\manifest-evaluations\summer-26\ghidra-pipeline\il2cpp-files\vrlegs\manual-review-pack\A_must_review\097_p292_UnityEngine.Animator$$get_deltaRotation.c
98,292,A_must_review,UnityEngine.Animator$$get_deltaPosition_Injected,03553974,189,90_plus_framework_support_only_near_certain,eye_source; weak_source_state; validity_gate; pose_vector; paired_state_refs; ray_interaction; ui_interaction; structure_combo,strong_eye_source_hits_21; weak_xr_or_state_hits_21; validity_or_gating_hits_21; strong_pose_or_ray_construction_hits_12; paired_field_refs_with_eye_source; ray_or_cast_sink_hits_2; ui_or_gameplay_sink_hits_7; source_validity_pose_sink_structure; strong_eye_source_validity_pose_sink_structure; negative_framework_support_context_without_confirmed_app_level_gaze_flow; functionality_gaze_interaction_hits_7,base_scanner_score_189; module_bonus_validity_gate_8; module_bonus_pose_vector_10; module_bonus_paired_state_refs_8; module_bonus_ray_interaction_15; module_bonus_ui_interaction_12; module_bonus_structure_combo_18; keyword_support_eye_or_gaze_5_bonus_20; keyword_support_sdk_4_bonus_12,C:\realDesktop\manifest-evaluations\summer-26\ghidra-pipeline\il2cpp-files\vrlegs\general-structure-results\90_plus_framework_support_only_near_certain\03553974_UnityEngine.Animator$$get_deltaPosition_Injected.c,C:\realDesktop\manifest-evaluations\summer-26\ghidra-pipeline\il2cpp-files\vrlegs\manual-review-pack\A_must_review\098_p292_UnityEngine.Animator$$get_deltaPosition_Injected.c
99,292,A_must_review,UnityEngine.Animator$$get_deltaPosition,03553918,189,90_plus_framework_support_only_near_certain,eye_source; weak_source_state; validity_gate; pose_vector; paired_state_refs; ray_interaction; ui_interaction; structure_combo,strong_eye_source_hits_21; weak_xr_or_state_hits_21; validity_or_gating_hits_21; strong_pose_or_ray_construction_hits_14; paired_field_refs_with_eye_source; ray_or_cast_sink_hits_2; ui_or_gameplay_sink_hits_7; source_validity_pose_sink_structure; strong_eye_source_validity_pose_sink_structure; negative_framework_support_context_without_confirmed_app_level_gaze_flow; functionality_gaze_interaction_hits_7,base_scanner_score_189; module_bonus_validity_gate_8; module_bonus_pose_vector_10; module_bonus_paired_state_refs_8; module_bonus_ray_interaction_15; module_bonus_ui_interaction_12; module_bonus_structure_combo_18; keyword_support_eye_or_gaze_5_bonus_20; keyword_support_sdk_4_bonus_12,C:\realDesktop\manifest-evaluations\summer-26\ghidra-pipeline\il2cpp-files\vrlegs\general-structure-results\90_plus_framework_support_only_near_certain\03553918_UnityEngine.Animator$$get_deltaPosition.c,C:\realDesktop\manifest-evaluations\summer-26\ghidra-pipeline\il2cpp-files\vrlegs\manual-review-pack\A_must_review\099_p292_UnityEngine.Animator$$get_deltaPosition.c
100,292,A_must_review,UnityEngine.Animator$$get_bodyRotationInternal_Injected,03554478,189,90_plus_framework_support_only_near_certain,eye_source; weak_source_state; validity_gate; pose_vector; paired_state_refs; ray_interaction; ui_interaction; structure_combo,strong_eye_source_hits_21; weak_xr_or_state_hits_21; validity_or_gating_hits_21; strong_pose_or_ray_construction_hits_12; paired_field_refs_with_eye_source; ray_or_cast_sink_hits_2; ui_or_gameplay_sink_hits_7; source_validity_pose_sink_structure; strong_eye_source_validity_pose_sink_structure; negative_framework_support_context_without_confirmed_app_level_gaze_flow; functionality_gaze_interaction_hits_7,base_scanner_score_189; module_bonus_validity_gate_8; module_bonus_pose_vector_10; module_bonus_paired_state_refs_8; module_bonus_ray_interaction_15; module_bonus_ui_interaction_12; module_bonus_structure_combo_18; keyword_support_eye_or_gaze_5_bonus_20; keyword_support_sdk_4_bonus_12,C:\realDesktop\manifest-evaluations\summer-26\ghidra-pipeline\il2cpp-files\vrlegs\general-structure-results\90_plus_framework_support_only_near_certain\03554478_UnityEngine.Animator$$get_bodyRotationInternal_Injected.c,C:\realDesktop\manifest-evaluations\summer-26\ghidra-pipeline\il2cpp-files\vrlegs\manual-review-pack\A_must_review\100_p292_UnityEngine.Animator$$get_bodyRotationInternal_Injected.c
