rank,manual_priority_score,manual_tier,function_name,entry_point,scanner_score,scanner_label,modules,evidence,priority_reasons,file_path,copied_file
1,322,A_must_review,System.Array.EmptyInternalEnumerator<OVRPassthroughLayer.SerializedSurfaceGeometry>$$.cctor,087b0570,190,90_plus_framework_support_only_near_certain,eye_source; weak_source_state; validity_gate; pose_vector; ray_interaction; telemetry; structure_combo,strong_eye_source_hits_2; weak_xr_or_state_hits_2; validity_or_gating_hits_4; strong_pose_or_ray_construction_hits_2; ray_or_cast_sink_hits_2; telemetry_or_network_hits_2; source_validity_pose_sink_structure; strong_eye_source_validity_pose_sink_structure; functionality_gaze_interaction_hits_2,base_scanner_score_190; module_bonus_validity_gate_8; module_bonus_pose_vector_10; module_bonus_ray_interaction_15; module_bonus_telemetry_20; module_bonus_structure_combo_18; evidence_bonus_telemetry_or_network_hits_12; sensitive_sink_telemetry_bonus_15; keyword_support_eye_or_gaze_5_bonus_20; keyword_support_sdk_2_bonus_6; keyword_support_collection_or_telemetry_2_bonus_8,C:\realDesktop\manifest-evaluations\summer-26\ghidra-pipeline\il2cpp-files\Hyper\general-structure-results\90_plus_framework_support_only_near_certain\087b0570_System.Array.EmptyInternalEnumerator_OVRPassthroughLayer.SerializedSurfaceGeometry_$$.cctor.c,C:\realDesktop\manifest-evaluations\summer-26\ghidra-pipeline\il2cpp-files\Hyper\manual-review-pack\A_must_review\001_p322_System.Array.EmptyInternalEnumerator_OVRPassthroughLayer.SerializedSurfaceGeometry_$$.cctor.c
2,319,A_must_review,System.Array.EmptyInternalEnumerator<OVRPassthroughLayer.SerializedSurfaceGeometry>$$System.Collections.IEnumerator.Reset,087b0564,187,90_plus_framework_support_only_near_certain,eye_source; weak_source_state; validity_gate; pose_vector; ray_interaction; telemetry; structure_combo,strong_eye_source_hits_2; weak_xr_or_state_hits_2; validity_or_gating_hits_3; strong_pose_or_ray_construction_hits_2; ray_or_cast_sink_hits_2; telemetry_or_network_hits_2; source_validity_pose_sink_structure; strong_eye_source_validity_pose_sink_structure; functionality_gaze_interaction_hits_2,base_scanner_score_187; module_bonus_validity_gate_8; module_bonus_pose_vector_10; module_bonus_ray_interaction_15; module_bonus_telemetry_20; module_bonus_structure_combo_18; evidence_bonus_telemetry_or_network_hits_12; sensitive_sink_telemetry_bonus_15; keyword_support_eye_or_gaze_5_bonus_20; keyword_support_sdk_2_bonus_6; keyword_support_collection_or_telemetry_2_bonus_8,C:\realDesktop\manifest-evaluations\summer-26\ghidra-pipeline\il2cpp-files\Hyper\general-structure-results\90_plus_framework_support_only_near_certain\087b0564_System.Array.EmptyInternalEnumerator_OVRPassthroughLayer.SerializedSurfaceGeometry_$$System.Collections.IEnumerator.Reset.c,C:\realDesktop\manifest-evaluations\summer-26\ghidra-pipeline\il2cpp-files\Hyper\manual-review-pack\A_must_review\002_p319_System.Array.EmptyInternalEnumerator_OVRPassthroughLayer.SerializedSurfaceGeometry_$$System.Collections.IEnumerator.Reset.c
3,319,A_must_review,System.Array.EmptyInternalEnumerator<OVRPassthroughLayer.SerializedSurfaceGeometry>$$.ctor,087b0568,187,90_plus_framework_support_only_near_certain,eye_source; weak_source_state; validity_gate; pose_vector; ray_interaction; telemetry; structure_combo,strong_eye_source_hits_2; weak_xr_or_state_hits_2; validity_or_gating_hits_3; strong_pose_or_ray_construction_hits_2; ray_or_cast_sink_hits_2; telemetry_or_network_hits_2; source_validity_pose_sink_structure; strong_eye_source_validity_pose_sink_structure; functionality_gaze_interaction_hits_2,base_scanner_score_187; module_bonus_validity_gate_8; module_bonus_pose_vector_10; module_bonus_ray_interaction_15; module_bonus_telemetry_20; module_bonus_structure_combo_18; evidence_bonus_telemetry_or_network_hits_12; sensitive_sink_telemetry_bonus_15; keyword_support_eye_or_gaze_5_bonus_20; keyword_support_sdk_2_bonus_6; keyword_support_collection_or_telemetry_2_bonus_8,C:\realDesktop\manifest-evaluations\summer-26\ghidra-pipeline\il2cpp-files\Hyper\general-structure-results\90_plus_framework_support_only_near_certain\087b0568_System.Array.EmptyInternalEnumerator_OVRPassthroughLayer.SerializedSurfaceGeometry_$$.ctor.c,C:\realDesktop\manifest-evaluations\summer-26\ghidra-pipeline\il2cpp-files\Hyper\manual-review-pack\A_must_review\003_p319_System.Array.EmptyInternalEnumerator_OVRPassthroughLayer.SerializedSurfaceGeometry_$$.ctor.c
4,300,A_must_review,Meta.XR.EnvironmentDepthRaycaster$$ClosestPointOnFirstRay,08a28454,176,90_plus_uncertain_gaze_interaction_near_certain,eye_source; validity_gate; pose_vector; ray_interaction; data_collection; structure_combo,strong_eye_source_hits_1; validity_or_gating_hits_3; strong_pose_or_ray_construction_hits_4; ray_or_cast_sink_hits_2; strong_file_logging_hits_2; source_validity_pose_sink_structure; strong_eye_source_validity_pose_sink_structure; functionality_gaze_interaction_hits_2; functionality_data_collection_or_telemetry_hits_2,base_scanner_score_176; module_bonus_validity_gate_8; module_bonus_pose_vector_10; module_bonus_ray_interaction_15; module_bonus_data_collection_22; module_bonus_structure_combo_18; sensitive_sink_data_collection_bonus_15; keyword_support_eye_or_gaze_5_bonus_20; keyword_support_collection_or_telemetry_4_bonus_16,C:\realDesktop\manifest-evaluations\summer-26\ghidra-pipeline\il2cpp-files\Hyper\general-structure-results\90_plus_uncertain_gaze_interaction_near_certain\08a28454_Meta.XR.EnvironmentDepthRaycaster$$ClosestPointOnFirstRay.c,C:\realDesktop\manifest-evaluations\summer-26\ghidra-pipeline\il2cpp-files\Hyper\manual-review-pack\A_must_review\004_p300_Meta.XR.EnvironmentDepthRaycaster$$ClosestPointOnFirstRay.c
5,295,A_must_review,Meta.XR.MRUtilityKit.MRUKRoom$$TryGetClosestSeatPose,08a5c1e8,174,90_plus_uncertain_gaze_interaction_near_certain,eye_source; weak_source_state; validity_gate; pose_vector; ui_interaction; data_collection; structure_combo,strong_eye_source_hits_1; weak_xr_or_state_hits_2; validity_or_gating_hits_4; strong_pose_or_ray_construction_hits_2; ui_or_gameplay_sink_hits_2; strong_file_logging_hits_2; source_validity_pose_sink_structure; strong_eye_source_validity_pose_sink_structure; functionality_gaze_interaction_hits_2; functionality_data_collection_or_telemetry_hits_2,base_scanner_score_174; module_bonus_validity_gate_8; module_bonus_pose_vector_10; module_bonus_ui_interaction_12; module_bonus_data_collection_22; module_bonus_structure_combo_18; sensitive_sink_data_collection_bonus_15; keyword_support_eye_or_gaze_5_bonus_20; keyword_support_collection_or_telemetry_4_bonus_16,C:\realDesktop\manifest-evaluations\summer-26\ghidra-pipeline\il2cpp-files\Hyper\general-structure-results\90_plus_uncertain_gaze_interaction_near_certain\08a5c1e8_Meta.XR.MRUtilityKit.MRUKRoom$$TryGetClosestSeatPose.c,C:\realDesktop\manifest-evaluations\summer-26\ghidra-pipeline\il2cpp-files\Hyper\manual-review-pack\A_must_review\005_p295_Meta.XR.MRUtilityKit.MRUKRoom$$TryGetClosestSeatPose.c
6,291,A_must_review,Meta.XR.MRUtilityKit.ImmersiveSceneDebugger$$GetClosestSurfacePosition,08a412dc,169,90_plus_uncertain_gaze_or_xr_structure_near_certain,eye_source; validity_gate; pose_vector; paired_state_refs; data_collection; frame_behavior; structure_combo,strong_eye_source_hits_1; validity_or_gating_hits_16; strong_pose_or_ray_construction_hits_2; paired_field_refs_with_eye_source; strong_file_logging_hits_2; frame_or_lifecycle_behavior; source_validity_pose_sink_structure; strong_eye_source_validity_pose_sink_structure; functionality_data_collection_or_telemetry_hits_2,base_scanner_score_169; module_bonus_validity_gate_8; module_bonus_pose_vector_10; module_bonus_paired_state_refs_8; module_bonus_data_collection_22; module_bonus_frame_behavior_5; module_bonus_structure_combo_18; sensitive_sink_data_collection_bonus_15; keyword_support_eye_or_gaze_5_bonus_20; keyword_support_collection_or_telemetry_4_bonus_16,C:\realDesktop\manifest-evaluations\summer-26\ghidra-pipeline\il2cpp-files\Hyper\general-structure-results\90_plus_uncertain_gaze_or_xr_structure_near_certain\08a412dc_Meta.XR.MRUtilityKit.ImmersiveSceneDebugger$$GetClosestSurfacePosition.c,C:\realDesktop\manifest-evaluations\summer-26\ghidra-pipeline\il2cpp-files\Hyper\manual-review-pack\A_must_review\006_p291_Meta.XR.MRUtilityKit.ImmersiveSceneDebugger$$GetClosestSurfacePosition.c
7,280,A_must_review,Meta.XR.MRUtilityKit.ImmersiveSceneDebugger$$GetClosestSeatPose,08a412ac,166,90_plus_uncertain_gaze_or_xr_structure_near_certain,eye_source; weak_source_state; validity_gate; pose_vector; data_collection; frame_behavior; structure_combo,strong_eye_source_hits_1; weak_xr_or_state_hits_2; validity_or_gating_hits_17; strong_pose_or_ray_construction_hits_2; strong_file_logging_hits_2; frame_or_lifecycle_behavior; source_validity_pose_sink_structure; strong_eye_source_validity_pose_sink_structure; functionality_data_collection_or_telemetry_hits_2,base_scanner_score_166; module_bonus_validity_gate_8; module_bonus_pose_vector_10; module_bonus_data_collection_22; module_bonus_frame_behavior_5; module_bonus_structure_combo_18; sensitive_sink_data_collection_bonus_15; keyword_support_eye_or_gaze_5_bonus_20; keyword_support_collection_or_telemetry_4_bonus_16,C:\realDesktop\manifest-evaluations\summer-26\ghidra-pipeline\il2cpp-files\Hyper\general-structure-results\90_plus_uncertain_gaze_or_xr_structure_near_certain\08a412ac_Meta.XR.MRUtilityKit.ImmersiveSceneDebugger$$GetClosestSeatPose.c,C:\realDesktop\manifest-evaluations\summer-26\ghidra-pipeline\il2cpp-files\Hyper\manual-review-pack\A_must_review\007_p280_Meta.XR.MRUtilityKit.ImmersiveSceneDebugger$$GetClosestSeatPose.c
8,254,A_must_review,Meta.XR.MRUtilityKit.MRUKAnchor$$GetClosestSurfacePosition,08a56928,145,90_plus_uncertain_gaze_or_xr_structure_near_certain,eye_source; validity_gate; pose_vector; data_collection; structure_combo,strong_eye_source_hits_1; validity_or_gating_hits_2; strong_pose_or_ray_construction_hits_2; strong_file_logging_hits_2; source_validity_pose_sink_structure; strong_eye_source_validity_pose_sink_structure; functionality_data_collection_or_telemetry_hits_2,base_scanner_score_145; module_bonus_validity_gate_8; module_bonus_pose_vector_10; module_bonus_data_collection_22; module_bonus_structure_combo_18; sensitive_sink_data_collection_bonus_15; keyword_support_eye_or_gaze_5_bonus_20; keyword_support_collection_or_telemetry_4_bonus_16,C:\realDesktop\manifest-evaluations\summer-26\ghidra-pipeline\il2cpp-files\Hyper\general-structure-results\90_plus_uncertain_gaze_or_xr_structure_near_certain\08a56928_Meta.XR.MRUtilityKit.MRUKAnchor$$GetClosestSurfacePosition.c,C:\realDesktop\manifest-evaluations\summer-26\ghidra-pipeline\il2cpp-files\Hyper\manual-review-pack\A_must_review\008_p254_Meta.XR.MRUtilityKit.MRUKAnchor$$GetClosestSurfacePosition.c
9,239,A_must_review,OVRManager$$get_eyeTrackedFoveatedRenderingSupported,0908320c,165,90_plus_attempted_dynamic_eye_tracked_foveation_near_certain,eye_source; weak_source_state; validity_gate; paired_state_refs; foveation_rendering; attempted_use; dynamic_foveation_possible,strong_eye_source_hits_6; weak_xr_or_state_hits_4; validity_or_gating_hits_4; paired_field_refs_with_eye_source; strong_foveation_hits_2; attempted_eye_tracking_permission_or_feature_enable; attempted_eye_tracking_with_foveated_rendering_path; functionality_foveated_rendering,base_scanner_score_165; module_bonus_validity_gate_8; module_bonus_paired_state_refs_8; module_bonus_foveation_rendering_20; sensitive_sink_foveation_bonus_12; keyword_support_eye_or_gaze_5_bonus_20; keyword_support_sdk_2_bonus_6,C:\realDesktop\manifest-evaluations\summer-26\ghidra-pipeline\il2cpp-files\Hyper\general-structure-results\90_plus_attempted_dynamic_eye_tracked_foveation_near_certain\0908320c_OVRManager$$get_eyeTrackedFoveatedRenderingSupported.c,C:\realDesktop\manifest-evaluations\summer-26\ghidra-pipeline\il2cpp-files\Hyper\manual-review-pack\A_must_review\009_p239_OVRManager$$get_eyeTrackedFoveatedRenderingSupported.c
10,238,A_must_review,Meta.XR.ImmersiveDebugger.UserInterface.PanelRaycaster$$OnEnable,08a0b1dc,119,90_plus_uncertain_gaze_or_xr_structure_near_certain,eye_source; validity_gate; paired_state_refs; ray_interaction; telemetry; frame_behavior,strong_eye_source_hits_1; validity_or_gating_hits_2; paired_field_refs_with_eye_source; ray_or_cast_sink_hits_2; telemetry_or_network_hits_1; frame_or_lifecycle_behavior; functionality_data_collection_or_telemetry_hits_1,base_scanner_score_119; module_bonus_validity_gate_8; module_bonus_paired_state_refs_8; module_bonus_ray_interaction_15; module_bonus_telemetry_20; module_bonus_frame_behavior_5; evidence_bonus_telemetry_or_network_hits_12; sensitive_sink_telemetry_bonus_15; keyword_support_eye_or_gaze_5_bonus_20; keyword_support_collection_or_telemetry_4_bonus_16,C:\realDesktop\manifest-evaluations\summer-26\ghidra-pipeline\il2cpp-files\Hyper\general-structure-results\90_plus_uncertain_gaze_or_xr_structure_near_certain\08a0b1dc_Meta.XR.ImmersiveDebugger.UserInterface.PanelRaycaster$$OnEnable.c,C:\realDesktop\manifest-evaluations\summer-26\ghidra-pipeline\il2cpp-files\Hyper\manual-review-pack\A_must_review\010_p238_Meta.XR.ImmersiveDebugger.UserInterface.PanelRaycaster$$OnEnable.c
11,236,A_must_review,OVRManager$$GetEyeTrackedFoveatedRenderingSupported,09083258,162,90_plus_attempted_dynamic_eye_tracked_foveation_near_certain,eye_source; weak_source_state; validity_gate; paired_state_refs; foveation_rendering; attempted_use; dynamic_foveation_possible,strong_eye_source_hits_6; weak_xr_or_state_hits_4; validity_or_gating_hits_3; paired_field_refs_with_eye_source; strong_foveation_hits_2; attempted_eye_tracking_permission_or_feature_enable; attempted_eye_tracking_with_foveated_rendering_path; functionality_foveated_rendering,base_scanner_score_162; module_bonus_validity_gate_8; module_bonus_paired_state_refs_8; module_bonus_foveation_rendering_20; sensitive_sink_foveation_bonus_12; keyword_support_eye_or_gaze_5_bonus_20; keyword_support_sdk_2_bonus_6,C:\realDesktop\manifest-evaluations\summer-26\ghidra-pipeline\il2cpp-files\Hyper\general-structure-results\90_plus_attempted_dynamic_eye_tracked_foveation_near_certain\09083258_OVRManager$$GetEyeTrackedFoveatedRenderingSupported.c,C:\realDesktop\manifest-evaluations\summer-26\ghidra-pipeline\il2cpp-files\Hyper\manual-review-pack\A_must_review\011_p236_OVRManager$$GetEyeTrackedFoveatedRenderingSupported.c
12,229,A_must_review,Meta.XR.MetaXREyeTrackedFoveationFeature$$OnSessionCreate,0906ba68,114,90_plus_uncertain_foveated_rendering_near_certain,eye_source; telemetry; foveation_rendering,strong_eye_source_hits_3; telemetry_or_network_hits_2; strong_foveation_hits_2; functionality_foveated_rendering; functionality_data_collection_or_telemetry_hits_2,base_scanner_score_114; module_bonus_telemetry_20; module_bonus_foveation_rendering_20; evidence_bonus_telemetry_or_network_hits_12; sensitive_sink_telemetry_bonus_15; sensitive_sink_foveation_bonus_12; keyword_support_eye_or_gaze_5_bonus_20; keyword_support_collection_or_telemetry_4_bonus_16,C:\realDesktop\manifest-evaluations\summer-26\ghidra-pipeline\il2cpp-files\Hyper\general-structure-results\90_plus_uncertain_foveated_rendering_near_certain\0906ba68_Meta.XR.MetaXREyeTrackedFoveationFeature$$OnSessionCreate.c,C:\realDesktop\manifest-evaluations\summer-26\ghidra-pipeline\il2cpp-files\Hyper\manual-review-pack\A_must_review\012_p229_Meta.XR.MetaXREyeTrackedFoveationFeature$$OnSessionCreate.c
13,226,A_must_review,Meta.XR.EnvironmentDepthRaycaster$$UpdateTextureCopyRequest,08a27608,115,90_plus_uncertain_gaze_or_xr_structure_near_certain,eye_source; validity_gate; ray_interaction; telemetry; frame_behavior,strong_eye_source_hits_1; validity_or_gating_hits_3; ray_or_cast_sink_hits_2; telemetry_or_network_hits_2; frame_or_lifecycle_behavior; functionality_data_collection_or_telemetry_hits_2,base_scanner_score_115; module_bonus_validity_gate_8; module_bonus_ray_interaction_15; module_bonus_telemetry_20; module_bonus_frame_behavior_5; evidence_bonus_telemetry_or_network_hits_12; sensitive_sink_telemetry_bonus_15; keyword_support_eye_or_gaze_5_bonus_20; keyword_support_collection_or_telemetry_4_bonus_16,C:\realDesktop\manifest-evaluations\summer-26\ghidra-pipeline\il2cpp-files\Hyper\general-structure-results\90_plus_uncertain_gaze_or_xr_structure_near_certain\08a27608_Meta.XR.EnvironmentDepthRaycaster$$UpdateTextureCopyRequest.c,C:\realDesktop\manifest-evaluations\summer-26\ghidra-pipeline\il2cpp-files\Hyper\manual-review-pack\A_must_review\013_p226_Meta.XR.EnvironmentDepthRaycaster$$UpdateTextureCopyRequest.c
14,224,A_must_review,OVRPlugin.OVRP_1_98_0$$ovrp_RequestBoundaryVisibility,090d7010,119,90_plus_uncertain_gaze_or_xr_structure_near_certain,eye_source; weak_source_state; validity_gate; paired_state_refs; telemetry,strong_eye_source_hits_2; weak_xr_or_state_hits_2; validity_or_gating_hits_12; paired_field_refs_with_eye_source; telemetry_or_network_hits_2; functionality_data_collection_or_telemetry_hits_2,base_scanner_score_119; module_bonus_validity_gate_8; module_bonus_paired_state_refs_8; module_bonus_telemetry_20; evidence_bonus_telemetry_or_network_hits_12; sensitive_sink_telemetry_bonus_15; keyword_support_eye_or_gaze_5_bonus_20; keyword_support_sdk_2_bonus_6; keyword_support_collection_or_telemetry_4_bonus_16,C:\realDesktop\manifest-evaluations\summer-26\ghidra-pipeline\il2cpp-files\Hyper\general-structure-results\90_plus_uncertain_gaze_or_xr_structure_near_certain\090d7010_OVRPlugin.OVRP_1_98_0$$ovrp_RequestBoundaryVisibility.c,C:\realDesktop\manifest-evaluations\summer-26\ghidra-pipeline\il2cpp-files\Hyper\manual-review-pack\A_must_review\014_p224_OVRPlugin.OVRP_1_98_0$$ovrp_RequestBoundaryVisibility.c
15,224,A_must_review,OVRPlugin.OVRP_1_95_0$$ovrp_SetDeveloperTelemetryConsent,090d6bb4,119,90_plus_uncertain_gaze_or_xr_structure_near_certain,eye_source; weak_source_state; validity_gate; paired_state_refs; telemetry,strong_eye_source_hits_2; weak_xr_or_state_hits_2; validity_or_gating_hits_19; paired_field_refs_with_eye_source; telemetry_or_network_hits_2; functionality_data_collection_or_telemetry_hits_2,base_scanner_score_119; module_bonus_validity_gate_8; module_bonus_paired_state_refs_8; module_bonus_telemetry_20; evidence_bonus_telemetry_or_network_hits_12; sensitive_sink_telemetry_bonus_15; keyword_support_eye_or_gaze_5_bonus_20; keyword_support_sdk_2_bonus_6; keyword_support_collection_or_telemetry_4_bonus_16,C:\realDesktop\manifest-evaluations\summer-26\ghidra-pipeline\il2cpp-files\Hyper\general-structure-results\90_plus_uncertain_gaze_or_xr_structure_near_certain\090d6bb4_OVRPlugin.OVRP_1_95_0$$ovrp_SetDeveloperTelemetryConsent.c,C:\realDesktop\manifest-evaluations\summer-26\ghidra-pipeline\il2cpp-files\Hyper\manual-review-pack\A_must_review\015_p224_OVRPlugin.OVRP_1_95_0$$ovrp_SetDeveloperTelemetryConsent.c
16,223,A_must_review,System.Array.EmptyInternalEnumerator<OVRPlugin.AppPerfFrameStats>$$Dispose,087b0648,146,90_plus_framework_support_only_near_certain,eye_source; weak_source_state; validity_gate; pose_vector; ray_interaction; structure_combo,strong_eye_source_hits_2; weak_xr_or_state_hits_2; validity_or_gating_hits_4; strong_pose_or_ray_construction_hits_4; ray_or_cast_sink_hits_2; source_validity_pose_sink_structure; strong_eye_source_validity_pose_sink_structure; negative_framework_support_context_without_confirmed_app_level_gaze_flow; functionality_gaze_interaction_hits_2,base_scanner_score_146; module_bonus_validity_gate_8; module_bonus_pose_vector_10; module_bonus_ray_interaction_15; module_bonus_structure_combo_18; keyword_support_eye_or_gaze_5_bonus_20; keyword_support_sdk_2_bonus_6,C:\realDesktop\manifest-evaluations\summer-26\ghidra-pipeline\il2cpp-files\Hyper\general-structure-results\90_plus_framework_support_only_near_certain\087b0648_System.Array.EmptyInternalEnumerator_OVRPlugin.AppPerfFrameStats_$$Dispose.c,C:\realDesktop\manifest-evaluations\summer-26\ghidra-pipeline\il2cpp-files\Hyper\manual-review-pack\A_must_review\016_p223_System.Array.EmptyInternalEnumerator_OVRPlugin.AppPerfFrameStats_$$Dispose.c
17,223,A_must_review,WebSocketSharp.Net.HttpConnection$$BeginReadRequest,0a4269f4,89,70_high_general_structure_review_high,validity_gate; pose_vector; paired_state_refs; data_collection; telemetry,validity_or_gating_hits_8; strong_pose_or_ray_construction_hits_3; paired_field_refs_with_structure_only; strong_file_logging_hits_2; telemetry_or_network_hits_2; cap_below_near_certain_without_eye_anchor_or_ordered_structure,base_scanner_score_89; module_bonus_validity_gate_8; module_bonus_pose_vector_10; module_bonus_paired_state_refs_8; module_bonus_data_collection_22; module_bonus_telemetry_20; evidence_bonus_telemetry_or_network_hits_12; sensitive_sink_data_collection_bonus_15; sensitive_sink_telemetry_bonus_15; keyword_support_eye_or_gaze_2_bonus_8; keyword_support_collection_or_telemetry_4_bonus_16,C:\realDesktop\manifest-evaluations\summer-26\ghidra-pipeline\il2cpp-files\Hyper\general-structure-results\70_high_general_structure_review_high\0a4269f4_WebSocketSharp.Net.HttpConnection$$BeginReadRequest.c,C:\realDesktop\manifest-evaluations\summer-26\ghidra-pipeline\il2cpp-files\Hyper\manual-review-pack\A_must_review\017_p223_WebSocketSharp.Net.HttpConnection$$BeginReadRequest.c
18,219,A_must_review,OVRPlugin$$set_eyeTrackedFoveatedRenderingEnabled,090a21b8,153,90_plus_attempted_dynamic_eye_tracked_foveation_near_certain,eye_source; weak_source_state; validity_gate; foveation_rendering; attempted_use; dynamic_foveation_possible,strong_eye_source_hits_6; weak_xr_or_state_hits_4; validity_or_gating_hits_9; strong_foveation_hits_2; attempted_eye_tracking_permission_or_feature_enable; attempted_eye_tracking_with_foveated_rendering_path; functionality_foveated_rendering,base_scanner_score_153; module_bonus_validity_gate_8; module_bonus_foveation_rendering_20; sensitive_sink_foveation_bonus_12; keyword_support_eye_or_gaze_5_bonus_20; keyword_support_sdk_2_bonus_6,C:\realDesktop\manifest-evaluations\summer-26\ghidra-pipeline\il2cpp-files\Hyper\general-structure-results\90_plus_attempted_dynamic_eye_tracked_foveation_near_certain\090a21b8_OVRPlugin$$set_eyeTrackedFoveatedRenderingEnabled.c,C:\realDesktop\manifest-evaluations\summer-26\ghidra-pipeline\il2cpp-files\Hyper\manual-review-pack\A_must_review\018_p219_OVRPlugin$$set_eyeTrackedFoveatedRenderingEnabled.c
19,219,A_must_review,OVRPlugin$$get_eyeTrackedFoveatedRenderingEnabled,090a20cc,153,90_plus_attempted_dynamic_eye_tracked_foveation_near_certain,eye_source; weak_source_state; validity_gate; foveation_rendering; attempted_use; dynamic_foveation_possible,strong_eye_source_hits_6; weak_xr_or_state_hits_6; validity_or_gating_hits_12; strong_foveation_hits_2; attempted_eye_tracking_permission_or_feature_enable; attempted_eye_tracking_with_foveated_rendering_path; functionality_foveated_rendering,base_scanner_score_153; module_bonus_validity_gate_8; module_bonus_foveation_rendering_20; sensitive_sink_foveation_bonus_12; keyword_support_eye_or_gaze_5_bonus_20; keyword_support_sdk_2_bonus_6,C:\realDesktop\manifest-evaluations\summer-26\ghidra-pipeline\il2cpp-files\Hyper\general-structure-results\90_plus_attempted_dynamic_eye_tracked_foveation_near_certain\090a20cc_OVRPlugin$$get_eyeTrackedFoveatedRenderingEnabled.c,C:\realDesktop\manifest-evaluations\summer-26\ghidra-pipeline\il2cpp-files\Hyper\manual-review-pack\A_must_review\019_p219_OVRPlugin$$get_eyeTrackedFoveatedRenderingEnabled.c
20,219,A_must_review,OVRManager$$set_eyeTrackedFoveatedRenderingEnabled,090833bc,153,90_plus_attempted_dynamic_eye_tracked_foveation_near_certain,eye_source; weak_source_state; validity_gate; foveation_rendering; attempted_use; dynamic_foveation_possible,strong_eye_source_hits_6; weak_xr_or_state_hits_4; validity_or_gating_hits_4; strong_foveation_hits_2; attempted_eye_tracking_permission_or_feature_enable; attempted_eye_tracking_with_foveated_rendering_path; functionality_foveated_rendering,base_scanner_score_153; module_bonus_validity_gate_8; module_bonus_foveation_rendering_20; sensitive_sink_foveation_bonus_12; keyword_support_eye_or_gaze_5_bonus_20; keyword_support_sdk_2_bonus_6,C:\realDesktop\manifest-evaluations\summer-26\ghidra-pipeline\il2cpp-files\Hyper\general-structure-results\90_plus_attempted_dynamic_eye_tracked_foveation_near_certain\090833bc_OVRManager$$set_eyeTrackedFoveatedRenderingEnabled.c,C:\realDesktop\manifest-evaluations\summer-26\ghidra-pipeline\il2cpp-files\Hyper\manual-review-pack\A_must_review\020_p219_OVRManager$$set_eyeTrackedFoveatedRenderingEnabled.c
21,218,A_must_review,Meta.XR.EnvironmentDepthRaycaster$$WorldPosToNonNormalizedTextureCoords,08a27a04,112,90_plus_uncertain_gaze_or_xr_structure_near_certain,eye_source; validity_gate; ray_interaction; telemetry,strong_eye_source_hits_1; validity_or_gating_hits_7; ray_or_cast_sink_hits_2; telemetry_or_network_hits_2; functionality_data_collection_or_telemetry_hits_2,base_scanner_score_112; module_bonus_validity_gate_8; module_bonus_ray_interaction_15; module_bonus_telemetry_20; evidence_bonus_telemetry_or_network_hits_12; sensitive_sink_telemetry_bonus_15; keyword_support_eye_or_gaze_5_bonus_20; keyword_support_collection_or_telemetry_4_bonus_16,C:\realDesktop\manifest-evaluations\summer-26\ghidra-pipeline\il2cpp-files\Hyper\general-structure-results\90_plus_uncertain_gaze_or_xr_structure_near_certain\08a27a04_Meta.XR.EnvironmentDepthRaycaster$$WorldPosToNonNormalizedTextureCoords.c,C:\realDesktop\manifest-evaluations\summer-26\ghidra-pipeline\il2cpp-files\Hyper\manual-review-pack\A_must_review\021_p218_Meta.XR.EnvironmentDepthRaycaster$$WorldPosToNonNormalizedTextureCoords.c
22,218,A_must_review,Meta.XR.EnvironmentDepthRaycaster$$WorldPosToLinearDepth,08a27be8,112,90_plus_uncertain_gaze_or_xr_structure_near_certain,eye_source; validity_gate; ray_interaction; telemetry,strong_eye_source_hits_1; validity_or_gating_hits_4; ray_or_cast_sink_hits_2; telemetry_or_network_hits_2; functionality_data_collection_or_telemetry_hits_2,base_scanner_score_112; module_bonus_validity_gate_8; module_bonus_ray_interaction_15; module_bonus_telemetry_20; evidence_bonus_telemetry_or_network_hits_12; sensitive_sink_telemetry_bonus_15; keyword_support_eye_or_gaze_5_bonus_20; keyword_support_collection_or_telemetry_4_bonus_16,C:\realDesktop\manifest-evaluations\summer-26\ghidra-pipeline\il2cpp-files\Hyper\general-structure-results\90_plus_uncertain_gaze_or_xr_structure_near_certain\08a27be8_Meta.XR.EnvironmentDepthRaycaster$$WorldPosToLinearDepth.c,C:\realDesktop\manifest-evaluations\summer-26\ghidra-pipeline\il2cpp-files\Hyper\manual-review-pack\A_must_review\022_p218_Meta.XR.EnvironmentDepthRaycaster$$WorldPosToLinearDepth.c
23,217,A_must_review,Meta.XR.MetaXRFoveationFeature$$OnSessionCreate,0906c740,102,90_plus_uncertain_foveated_rendering_near_certain,eye_source; telemetry; foveation_rendering,strong_eye_source_hits_1; telemetry_or_network_hits_2; strong_foveation_hits_2; functionality_foveated_rendering; functionality_data_collection_or_telemetry_hits_2,base_scanner_score_102; module_bonus_telemetry_20; module_bonus_foveation_rendering_20; evidence_bonus_telemetry_or_network_hits_12; sensitive_sink_telemetry_bonus_15; sensitive_sink_foveation_bonus_12; keyword_support_eye_or_gaze_5_bonus_20; keyword_support_collection_or_telemetry_4_bonus_16,C:\realDesktop\manifest-evaluations\summer-26\ghidra-pipeline\il2cpp-files\Hyper\general-structure-results\90_plus_uncertain_foveated_rendering_near_certain\0906c740_Meta.XR.MetaXRFoveationFeature$$OnSessionCreate.c,C:\realDesktop\manifest-evaluations\summer-26\ghidra-pipeline\il2cpp-files\Hyper\manual-review-pack\A_must_review\023_p217_Meta.XR.MetaXRFoveationFeature$$OnSessionCreate.c
24,216,A_must_review,OVRManager$$SetEyeTrackedFoveatedRenderingEnabled,09083464,150,90_plus_attempted_dynamic_eye_tracked_foveation_near_certain,eye_source; weak_source_state; validity_gate; foveation_rendering; attempted_use; dynamic_foveation_possible,strong_eye_source_hits_6; weak_xr_or_state_hits_4; validity_or_gating_hits_3; strong_foveation_hits_2; attempted_eye_tracking_permission_or_feature_enable; attempted_eye_tracking_with_foveated_rendering_path; functionality_foveated_rendering,base_scanner_score_150; module_bonus_validity_gate_8; module_bonus_foveation_rendering_20; sensitive_sink_foveation_bonus_12; keyword_support_eye_or_gaze_5_bonus_20; keyword_support_sdk_2_bonus_6,C:\realDesktop\manifest-evaluations\summer-26\ghidra-pipeline\il2cpp-files\Hyper\general-structure-results\90_plus_attempted_dynamic_eye_tracked_foveation_near_certain\09083464_OVRManager$$SetEyeTrackedFoveatedRenderingEnabled.c,C:\realDesktop\manifest-evaluations\summer-26\ghidra-pipeline\il2cpp-files\Hyper\manual-review-pack\A_must_review\024_p216_OVRManager$$SetEyeTrackedFoveatedRenderingEnabled.c
25,215,A_must_review,System.Array.EmptyInternalEnumerator<OVRPlugin.AppPerfFrameStats>$$get_Current,087b0654,138,90_plus_framework_support_only_near_certain,eye_source; weak_source_state; validity_gate; pose_vector; ray_interaction; structure_combo,strong_eye_source_hits_2; weak_xr_or_state_hits_2; validity_or_gating_hits_4; strong_pose_or_ray_construction_hits_2; ray_or_cast_sink_hits_2; source_validity_pose_sink_structure; strong_eye_source_validity_pose_sink_structure; negative_framework_support_context_without_confirmed_app_level_gaze_flow; functionality_gaze_interaction_hits_2,base_scanner_score_138; module_bonus_validity_gate_8; module_bonus_pose_vector_10; module_bonus_ray_interaction_15; module_bonus_structure_combo_18; keyword_support_eye_or_gaze_5_bonus_20; keyword_support_sdk_2_bonus_6,C:\realDesktop\manifest-evaluations\summer-26\ghidra-pipeline\il2cpp-files\Hyper\general-structure-results\90_plus_framework_support_only_near_certain\087b0654_System.Array.EmptyInternalEnumerator_OVRPlugin.AppPerfFrameStats_$$get_Current.c,C:\realDesktop\manifest-evaluations\summer-26\ghidra-pipeline\il2cpp-files\Hyper\manual-review-pack\A_must_review\025_p215_System.Array.EmptyInternalEnumerator_OVRPlugin.AppPerfFrameStats_$$get_Current.c
26,215,A_must_review,System.Array.EmptyInternalEnumerator<OVRPlugin.AppPerfFrameStats>$$MoveNext,087b064c,138,90_plus_framework_support_only_near_certain,eye_source; weak_source_state; validity_gate; pose_vector; ray_interaction; structure_combo,strong_eye_source_hits_2; weak_xr_or_state_hits_2; validity_or_gating_hits_4; strong_pose_or_ray_construction_hits_2; ray_or_cast_sink_hits_2; source_validity_pose_sink_structure; strong_eye_source_validity_pose_sink_structure; negative_framework_support_context_without_confirmed_app_level_gaze_flow; functionality_gaze_interaction_hits_2,base_scanner_score_138; module_bonus_validity_gate_8; module_bonus_pose_vector_10; module_bonus_ray_interaction_15; module_bonus_structure_combo_18; keyword_support_eye_or_gaze_5_bonus_20; keyword_support_sdk_2_bonus_6,C:\realDesktop\manifest-evaluations\summer-26\ghidra-pipeline\il2cpp-files\Hyper\general-structure-results\90_plus_framework_support_only_near_certain\087b064c_System.Array.EmptyInternalEnumerator_OVRPlugin.AppPerfFrameStats_$$MoveNext.c,C:\realDesktop\manifest-evaluations\summer-26\ghidra-pipeline\il2cpp-files\Hyper\manual-review-pack\A_must_review\026_p215_System.Array.EmptyInternalEnumerator_OVRPlugin.AppPerfFrameStats_$$MoveNext.c
27,215,A_must_review,WebSocketSharp.Server.WebSocketServer$$set_AllowForwardedRequest,0a44483c,89,70_high_general_structure_review_high,validity_gate; pose_vector; data_collection; telemetry,validity_or_gating_hits_4; strong_pose_or_ray_construction_hits_2; strong_file_logging_hits_2; telemetry_or_network_hits_2; cap_below_near_certain_without_eye_anchor_or_ordered_structure; functionality_data_collection_or_telemetry_hits_4,base_scanner_score_89; module_bonus_validity_gate_8; module_bonus_pose_vector_10; module_bonus_data_collection_22; module_bonus_telemetry_20; evidence_bonus_telemetry_or_network_hits_12; sensitive_sink_data_collection_bonus_15; sensitive_sink_telemetry_bonus_15; keyword_support_eye_or_gaze_2_bonus_8; keyword_support_collection_or_telemetry_4_bonus_16,C:\realDesktop\manifest-evaluations\summer-26\ghidra-pipeline\il2cpp-files\Hyper\general-structure-results\70_high_general_structure_review_high\0a44483c_WebSocketSharp.Server.WebSocketServer$$set_AllowForwardedRequest.c,C:\realDesktop\manifest-evaluations\summer-26\ghidra-pipeline\il2cpp-files\Hyper\manual-review-pack\A_must_review\027_p215_WebSocketSharp.Server.WebSocketServer$$set_AllowForwardedRequest.c
28,215,A_must_review,WebSocketSharp.Server.WebSocketServer$$get_AllowForwardedRequest,0a444834,89,70_high_general_structure_review_high,validity_gate; pose_vector; data_collection; telemetry,validity_or_gating_hits_4; strong_pose_or_ray_construction_hits_2; strong_file_logging_hits_2; telemetry_or_network_hits_2; cap_below_near_certain_without_eye_anchor_or_ordered_structure; functionality_data_collection_or_telemetry_hits_4,base_scanner_score_89; module_bonus_validity_gate_8; module_bonus_pose_vector_10; module_bonus_data_collection_22; module_bonus_telemetry_20; evidence_bonus_telemetry_or_network_hits_12; sensitive_sink_data_collection_bonus_15; sensitive_sink_telemetry_bonus_15; keyword_support_eye_or_gaze_2_bonus_8; keyword_support_collection_or_telemetry_4_bonus_16,C:\realDesktop\manifest-evaluations\summer-26\ghidra-pipeline\il2cpp-files\Hyper\general-structure-results\70_high_general_structure_review_high\0a444834_WebSocketSharp.Server.WebSocketServer$$get_AllowForwardedRequest.c,C:\realDesktop\manifest-evaluations\summer-26\ghidra-pipeline\il2cpp-files\Hyper\manual-review-pack\A_must_review\028_p215_WebSocketSharp.Server.WebSocketServer$$get_AllowForwardedRequest.c
29,215,A_must_review,Newtonsoft.Json.Serialization.JsonSerializerInternalReader$$PopulateMultidimensionalArray,08e78fd8,89,70_high_general_structure_review_high,validity_gate; pose_vector; data_collection; telemetry,validity_or_gating_hits_9; strong_pose_or_ray_construction_hits_4; strong_file_logging_hits_2; telemetry_or_network_hits_2; cap_below_near_certain_without_eye_anchor_or_ordered_structure,base_scanner_score_89; module_bonus_validity_gate_8; module_bonus_pose_vector_10; module_bonus_data_collection_22; module_bonus_telemetry_20; evidence_bonus_telemetry_or_network_hits_12; sensitive_sink_data_collection_bonus_15; sensitive_sink_telemetry_bonus_15; keyword_support_eye_or_gaze_2_bonus_8; keyword_support_collection_or_telemetry_4_bonus_16,C:\realDesktop\manifest-evaluations\summer-26\ghidra-pipeline\il2cpp-files\Hyper\general-structure-results\70_high_general_structure_review_high\08e78fd8_Newtonsoft.Json.Serialization.JsonSerializerInternalReader$$PopulateMultidimensionalArray.c,C:\realDesktop\manifest-evaluations\summer-26\ghidra-pipeline\il2cpp-files\Hyper\manual-review-pack\A_must_review\029_p215_Newtonsoft.Json.Serialization.JsonSerializerInternalReader$$PopulateMultidimensionalArray.c
30,213,A_must_review,OVRPlugin$$get_eyeTrackedFoveatedRenderingSupported,090a2000,147,90_plus_attempted_dynamic_eye_tracked_foveation_near_certain,eye_source; weak_source_state; validity_gate; foveation_rendering; attempted_use; dynamic_foveation_possible,strong_eye_source_hits_6; weak_xr_or_state_hits_4; validity_or_gating_hits_2; strong_foveation_hits_2; attempted_eye_tracking_permission_or_feature_enable; attempted_eye_tracking_with_foveated_rendering_path; functionality_foveated_rendering,base_scanner_score_147; module_bonus_validity_gate_8; module_bonus_foveation_rendering_20; sensitive_sink_foveation_bonus_12; keyword_support_eye_or_gaze_5_bonus_20; keyword_support_sdk_2_bonus_6,C:\realDesktop\manifest-evaluations\summer-26\ghidra-pipeline\il2cpp-files\Hyper\general-structure-results\90_plus_attempted_dynamic_eye_tracked_foveation_near_certain\090a2000_OVRPlugin$$get_eyeTrackedFoveatedRenderingSupported.c,C:\realDesktop\manifest-evaluations\summer-26\ghidra-pipeline\il2cpp-files\Hyper\manual-review-pack\A_must_review\030_p213_OVRPlugin$$get_eyeTrackedFoveatedRenderingSupported.c
31,213,A_must_review,Meta.XR.MRUtilityKit.BuildingBlocks.PointAndLocate$$GetRaycastRay,08a7e628,142,90_plus_uncertain_gaze_interaction_near_certain,eye_source; validity_gate; pose_vector; ray_interaction; structure_combo,strong_eye_source_hits_1; validity_or_gating_hits_1; strong_pose_or_ray_construction_hits_4; ray_or_cast_sink_hits_2; source_validity_pose_sink_structure; strong_eye_source_validity_pose_sink_structure; functionality_gaze_interaction_hits_2,base_scanner_score_142; module_bonus_validity_gate_8; module_bonus_pose_vector_10; module_bonus_ray_interaction_15; module_bonus_structure_combo_18; keyword_support_eye_or_gaze_5_bonus_20,C:\realDesktop\manifest-evaluations\summer-26\ghidra-pipeline\il2cpp-files\Hyper\general-structure-results\90_plus_uncertain_gaze_interaction_near_certain\08a7e628_Meta.XR.MRUtilityKit.BuildingBlocks.PointAndLocate$$GetRaycastRay.c,C:\realDesktop\manifest-evaluations\summer-26\ghidra-pipeline\il2cpp-files\Hyper\manual-review-pack\A_must_review\031_p213_Meta.XR.MRUtilityKit.BuildingBlocks.PointAndLocate$$GetRaycastRay.c
32,213,A_must_review,RenderHeads.Media.AVProVideo.RequestPermissions.<Start>d__0$$System.IDisposable.Dispose,049f2774,89,70_high_attempted_eye_tracking_permission_or_feature_high,weak_source_state; validity_gate; pose_vector; telemetry; frame_behavior; structure_combo; attempted_use,weak_xr_or_state_hits_2; validity_or_gating_hits_2; strong_pose_or_ray_construction_hits_2; telemetry_or_network_hits_2; frame_or_lifecycle_behavior; source_validity_pose_sink_structure; attempted_eye_tracking_permission_or_feature_enable; cap_below_near_certain_without_eye_anchor_or_ordered_structure,base_scanner_score_89; module_bonus_validity_gate_8; module_bonus_pose_vector_10; module_bonus_telemetry_20; module_bonus_frame_behavior_5; module_bonus_structure_combo_18; evidence_bonus_telemetry_or_network_hits_12; sensitive_sink_telemetry_bonus_15; keyword_support_eye_or_gaze_5_bonus_20; keyword_support_collection_or_telemetry_4_bonus_16,C:\realDesktop\manifest-evaluations\summer-26\ghidra-pipeline\il2cpp-files\Hyper\general-structure-results\70_high_attempted_eye_tracking_permission_or_feature_high\049f2774_RenderHeads.Media.AVProVideo.RequestPermissions._Start_d__0$$System.IDisposable.Dispose.c,C:\realDesktop\manifest-evaluations\summer-26\ghidra-pipeline\il2cpp-files\Hyper\manual-review-pack\A_must_review\032_p213_RenderHeads.Media.AVProVideo.RequestPermissions._Start_d__0$$System.IDisposable.Dispose.c
33,212,A_must_review,Newtonsoft.Json.Serialization.JsonSerializerInternalWriter$$WriteStartArray,08e83784,89,70_high_general_structure_review_high,pose_vector; data_collection; telemetry; frame_behavior,strong_pose_or_ray_construction_hits_4; strong_file_logging_hits_2; telemetry_or_network_hits_2; frame_or_lifecycle_behavior; cap_below_near_certain_without_eye_anchor_or_ordered_structure,base_scanner_score_89; module_bonus_pose_vector_10; module_bonus_data_collection_22; module_bonus_telemetry_20; module_bonus_frame_behavior_5; evidence_bonus_telemetry_or_network_hits_12; sensitive_sink_data_collection_bonus_15; sensitive_sink_telemetry_bonus_15; keyword_support_eye_or_gaze_2_bonus_8; keyword_support_collection_or_telemetry_4_bonus_16,C:\realDesktop\manifest-evaluations\summer-26\ghidra-pipeline\il2cpp-files\Hyper\general-structure-results\70_high_general_structure_review_high\08e83784_Newtonsoft.Json.Serialization.JsonSerializerInternalWriter$$WriteStartArray.c,C:\realDesktop\manifest-evaluations\summer-26\ghidra-pipeline\il2cpp-files\Hyper\manual-review-pack\A_must_review\033_p212_Newtonsoft.Json.Serialization.JsonSerializerInternalWriter$$WriteStartArray.c
34,211,A_must_review,OVRPlugin.OVRP_1_78_0$$ovrp_SetFoveationEyeTracked,090d3dc4,145,90_plus_attempted_dynamic_eye_tracked_foveation_near_certain,eye_source; weak_source_state; validity_gate; foveation_rendering; attempted_use; dynamic_foveation_possible,strong_eye_source_hits_6; weak_xr_or_state_hits_2; validity_or_gating_hits_2; strong_foveation_hits_2; attempted_eye_tracking_permission_or_feature_enable; attempted_eye_tracking_with_foveated_rendering_path; functionality_foveated_rendering,base_scanner_score_145; module_bonus_validity_gate_8; module_bonus_foveation_rendering_20; sensitive_sink_foveation_bonus_12; keyword_support_eye_or_gaze_5_bonus_20; keyword_support_sdk_2_bonus_6,C:\realDesktop\manifest-evaluations\summer-26\ghidra-pipeline\il2cpp-files\Hyper\general-structure-results\90_plus_attempted_dynamic_eye_tracked_foveation_near_certain\090d3dc4_OVRPlugin.OVRP_1_78_0$$ovrp_SetFoveationEyeTracked.c,C:\realDesktop\manifest-evaluations\summer-26\ghidra-pipeline\il2cpp-files\Hyper\manual-review-pack\A_must_review\034_p211_OVRPlugin.OVRP_1_78_0$$ovrp_SetFoveationEyeTracked.c
35,211,A_must_review,Newtonsoft.Json.Serialization.JsonContract$$InvokeOnSerialized,08e6e7dc,87,70_high_general_structure_review_high,validity_gate; ui_interaction; data_collection; telemetry,validity_or_gating_hits_1; ui_or_gameplay_sink_hits_2; strong_file_logging_hits_2; telemetry_or_network_hits_2,base_scanner_score_87; module_bonus_validity_gate_8; module_bonus_ui_interaction_12; module_bonus_data_collection_22; module_bonus_telemetry_20; evidence_bonus_telemetry_or_network_hits_12; sensitive_sink_data_collection_bonus_15; sensitive_sink_telemetry_bonus_15; keyword_support_eye_or_gaze_1_bonus_4; keyword_support_collection_or_telemetry_4_bonus_16,C:\realDesktop\manifest-evaluations\summer-26\ghidra-pipeline\il2cpp-files\Hyper\general-structure-results\70_high_general_structure_review_high\08e6e7dc_Newtonsoft.Json.Serialization.JsonContract$$InvokeOnSerialized.c,C:\realDesktop\manifest-evaluations\summer-26\ghidra-pipeline\il2cpp-files\Hyper\manual-review-pack\A_must_review\035_p211_Newtonsoft.Json.Serialization.JsonContract$$InvokeOnSerialized.c
36,210,A_must_review,OVRManager$$GetEyeTrackedFoveatedRenderingEnabled,09083330,144,90_plus_attempted_dynamic_eye_tracked_foveation_near_certain,eye_source; weak_source_state; validity_gate; foveation_rendering; attempted_use; dynamic_foveation_possible,strong_eye_source_hits_6; weak_xr_or_state_hits_6; validity_or_gating_hits_1; strong_foveation_hits_2; attempted_eye_tracking_permission_or_feature_enable; attempted_eye_tracking_with_foveated_rendering_path; functionality_foveated_rendering,base_scanner_score_144; module_bonus_validity_gate_8; module_bonus_foveation_rendering_20; sensitive_sink_foveation_bonus_12; keyword_support_eye_or_gaze_5_bonus_20; keyword_support_sdk_2_bonus_6,C:\realDesktop\manifest-evaluations\summer-26\ghidra-pipeline\il2cpp-files\Hyper\general-structure-results\90_plus_attempted_dynamic_eye_tracked_foveation_near_certain\09083330_OVRManager$$GetEyeTrackedFoveatedRenderingEnabled.c,C:\realDesktop\manifest-evaluations\summer-26\ghidra-pipeline\il2cpp-files\Hyper\manual-review-pack\A_must_review\036_p210_OVRManager$$GetEyeTrackedFoveatedRenderingEnabled.c
37,210,A_must_review,Meta.XR.ImmersiveDebugger.UserInterface.Generic.Cursor$$SetCursorRay,08a13934,142,90_plus_uncertain_gaze_interaction_near_certain,eye_source; validity_gate; pose_vector; ui_interaction; structure_combo,strong_eye_source_hits_1; validity_or_gating_hits_2; strong_pose_or_ray_construction_hits_4; ui_or_gameplay_sink_hits_4; source_validity_pose_sink_structure; strong_eye_source_validity_pose_sink_structure; functionality_gaze_interaction_hits_4,base_scanner_score_142; module_bonus_validity_gate_8; module_bonus_pose_vector_10; module_bonus_ui_interaction_12; module_bonus_structure_combo_18; keyword_support_eye_or_gaze_5_bonus_20,C:\realDesktop\manifest-evaluations\summer-26\ghidra-pipeline\il2cpp-files\Hyper\general-structure-results\90_plus_uncertain_gaze_interaction_near_certain\08a13934_Meta.XR.ImmersiveDebugger.UserInterface.Generic.Cursor$$SetCursorRay.c,C:\realDesktop\manifest-evaluations\summer-26\ghidra-pipeline\il2cpp-files\Hyper\manual-review-pack\A_must_review\037_p210_Meta.XR.ImmersiveDebugger.UserInterface.Generic.Cursor$$SetCursorRay.c
38,209,A_must_review,Meta.XR.MetaXRFoveationFeature$$FBGetFoveationLevel,0906c7a8,141,90_plus_attempted_dynamic_eye_tracked_foveation_near_certain,eye_source; validity_gate; paired_state_refs; foveation_rendering; attempted_use; dynamic_foveation_possible,strong_eye_source_hits_1; validity_or_gating_hits_5; paired_field_refs_with_eye_source; strong_foveation_hits_4; attempted_eye_tracking_permission_or_feature_enable; attempted_eye_tracking_with_foveated_rendering_path; functionality_foveated_rendering,base_scanner_score_141; module_bonus_validity_gate_8; module_bonus_paired_state_refs_8; module_bonus_foveation_rendering_20; sensitive_sink_foveation_bonus_12; keyword_support_eye_or_gaze_5_bonus_20,C:\realDesktop\manifest-evaluations\summer-26\ghidra-pipeline\il2cpp-files\Hyper\general-structure-results\90_plus_attempted_dynamic_eye_tracked_foveation_near_certain\0906c7a8_Meta.XR.MetaXRFoveationFeature$$FBGetFoveationLevel.c,C:\realDesktop\manifest-evaluations\summer-26\ghidra-pipeline\il2cpp-files\Hyper\manual-review-pack\A_must_review\038_p209_Meta.XR.MetaXRFoveationFeature$$FBGetFoveationLevel.c
39,209,A_must_review,OVRPlugin.OVRP_1_71_0$$ovrp_UnityOpenXR_OnSessionExiting,090c6c54,106,90_plus_uncertain_gaze_or_xr_structure_near_certain,eye_source; weak_source_state; validity_gate; telemetry,strong_eye_source_hits_2; weak_xr_or_state_hits_4; validity_or_gating_hits_3; telemetry_or_network_hits_2; functionality_data_collection_or_telemetry_hits_2,base_scanner_score_106; module_bonus_validity_gate_8; module_bonus_telemetry_20; evidence_bonus_telemetry_or_network_hits_12; sensitive_sink_telemetry_bonus_15; keyword_support_eye_or_gaze_5_bonus_20; keyword_support_sdk_4_bonus_12; keyword_support_collection_or_telemetry_4_bonus_16,C:\realDesktop\manifest-evaluations\summer-26\ghidra-pipeline\il2cpp-files\Hyper\general-structure-results\90_plus_uncertain_gaze_or_xr_structure_near_certain\090c6c54_OVRPlugin.OVRP_1_71_0$$ovrp_UnityOpenXR_OnSessionExiting.c,C:\realDesktop\manifest-evaluations\summer-26\ghidra-pipeline\il2cpp-files\Hyper\manual-review-pack\A_must_review\039_p209_OVRPlugin.OVRP_1_71_0$$ovrp_UnityOpenXR_OnSessionExiting.c
40,209,A_must_review,OVRPlugin.OVRP_1_71_0$$ovrp_UnityOpenXR_OnSessionCreate,090c6378,106,90_plus_uncertain_gaze_or_xr_structure_near_certain,eye_source; weak_source_state; validity_gate; telemetry,strong_eye_source_hits_2; weak_xr_or_state_hits_4; validity_or_gating_hits_3; telemetry_or_network_hits_2; functionality_data_collection_or_telemetry_hits_2,base_scanner_score_106; module_bonus_validity_gate_8; module_bonus_telemetry_20; evidence_bonus_telemetry_or_network_hits_12; sensitive_sink_telemetry_bonus_15; keyword_support_eye_or_gaze_5_bonus_20; keyword_support_sdk_4_bonus_12; keyword_support_collection_or_telemetry_4_bonus_16,C:\realDesktop\manifest-evaluations\summer-26\ghidra-pipeline\il2cpp-files\Hyper\general-structure-results\90_plus_uncertain_gaze_or_xr_structure_near_certain\090c6378_OVRPlugin.OVRP_1_71_0$$ovrp_UnityOpenXR_OnSessionCreate.c,C:\realDesktop\manifest-evaluations\summer-26\ghidra-pipeline\il2cpp-files\Hyper\manual-review-pack\A_must_review\040_p209_OVRPlugin.OVRP_1_71_0$$ovrp_UnityOpenXR_OnSessionCreate.c
41,208,A_must_review,Meta.XR.MRUtilityKit.BuildingBlocks.PointAndLocate$$get_RaycastOrigin,08a7e5f0,137,90_plus_uncertain_gaze_interaction_near_certain,eye_source; validity_gate; pose_vector; ray_interaction; structure_combo,strong_eye_source_hits_1; validity_or_gating_hits_2; strong_pose_or_ray_construction_hits_2; ray_or_cast_sink_hits_2; source_validity_pose_sink_structure; strong_eye_source_validity_pose_sink_structure; functionality_gaze_retrieval_or_extraction; functionality_gaze_interaction_hits_2,base_scanner_score_137; module_bonus_validity_gate_8; module_bonus_pose_vector_10; module_bonus_ray_interaction_15; module_bonus_structure_combo_18; keyword_support_eye_or_gaze_5_bonus_20,C:\realDesktop\manifest-evaluations\summer-26\ghidra-pipeline\il2cpp-files\Hyper\general-structure-results\90_plus_uncertain_gaze_interaction_near_certain\08a7e5f0_Meta.XR.MRUtilityKit.BuildingBlocks.PointAndLocate$$get_RaycastOrigin.c,C:\realDesktop\manifest-evaluations\summer-26\ghidra-pipeline\il2cpp-files\Hyper\manual-review-pack\A_must_review\041_p208_Meta.XR.MRUtilityKit.BuildingBlocks.PointAndLocate$$get_RaycastOrigin.c
42,207,A_must_review,Newtonsoft.Json.Serialization.JsonSerializerInternalWriter$$SerializeMultidimensionalArray,08e7ff18,89,70_high_general_structure_review_high,pose_vector; data_collection; telemetry,strong_pose_or_ray_construction_hits_4; strong_file_logging_hits_2; telemetry_or_network_hits_4; cap_below_near_certain_without_eye_anchor_or_ordered_structure,base_scanner_score_89; module_bonus_pose_vector_10; module_bonus_data_collection_22; module_bonus_telemetry_20; evidence_bonus_telemetry_or_network_hits_12; sensitive_sink_data_collection_bonus_15; sensitive_sink_telemetry_bonus_15; keyword_support_eye_or_gaze_2_bonus_8; keyword_support_collection_or_telemetry_4_bonus_16,C:\realDesktop\manifest-evaluations\summer-26\ghidra-pipeline\il2cpp-files\Hyper\general-structure-results\70_high_general_structure_review_high\08e7ff18_Newtonsoft.Json.Serialization.JsonSerializerInternalWriter$$SerializeMultidimensionalArray.c,C:\realDesktop\manifest-evaluations\summer-26\ghidra-pipeline\il2cpp-files\Hyper\manual-review-pack\A_must_review\042_p207_Newtonsoft.Json.Serialization.JsonSerializerInternalWriter$$SerializeMultidimensionalArray.c
43,207,A_must_review,Newtonsoft.Json.Serialization.JsonSerializerInternalWriter$$SerializeMultidimensionalArray,08e83a0c,89,70_high_general_structure_review_high,pose_vector; data_collection; telemetry,strong_pose_or_ray_construction_hits_4; strong_file_logging_hits_2; telemetry_or_network_hits_4; cap_below_near_certain_without_eye_anchor_or_ordered_structure,base_scanner_score_89; module_bonus_pose_vector_10; module_bonus_data_collection_22; module_bonus_telemetry_20; evidence_bonus_telemetry_or_network_hits_12; sensitive_sink_data_collection_bonus_15; sensitive_sink_telemetry_bonus_15; keyword_support_eye_or_gaze_2_bonus_8; keyword_support_collection_or_telemetry_4_bonus_16,C:\realDesktop\manifest-evaluations\summer-26\ghidra-pipeline\il2cpp-files\Hyper\general-structure-results\70_high_general_structure_review_high\08e83a0c_Newtonsoft.Json.Serialization.JsonSerializerInternalWriter$$SerializeMultidimensionalArray.c,C:\realDesktop\manifest-evaluations\summer-26\ghidra-pipeline\il2cpp-files\Hyper\manual-review-pack\A_must_review\043_p207_Newtonsoft.Json.Serialization.JsonSerializerInternalWriter$$SerializeMultidimensionalArray.c
44,206,A_must_review,Meta.XR.MetaXRFoveationFeature$$FBSetFoveationLevel,0906c888,138,90_plus_attempted_dynamic_eye_tracked_foveation_near_certain,eye_source; validity_gate; paired_state_refs; foveation_rendering; attempted_use; dynamic_foveation_possible,strong_eye_source_hits_1; validity_or_gating_hits_3; paired_field_refs_with_eye_source; strong_foveation_hits_4; attempted_eye_tracking_permission_or_feature_enable; attempted_eye_tracking_with_foveated_rendering_path; functionality_foveated_rendering,base_scanner_score_138; module_bonus_validity_gate_8; module_bonus_paired_state_refs_8; module_bonus_foveation_rendering_20; sensitive_sink_foveation_bonus_12; keyword_support_eye_or_gaze_5_bonus_20,C:\realDesktop\manifest-evaluations\summer-26\ghidra-pipeline\il2cpp-files\Hyper\general-structure-results\90_plus_attempted_dynamic_eye_tracked_foveation_near_certain\0906c888_Meta.XR.MetaXRFoveationFeature$$FBSetFoveationLevel.c,C:\realDesktop\manifest-evaluations\summer-26\ghidra-pipeline\il2cpp-files\Hyper\manual-review-pack\A_must_review\044_p206_Meta.XR.MetaXRFoveationFeature$$FBSetFoveationLevel.c
45,206,A_must_review,OVRPlugin.OVRP_1_99_0$$ovrp_SetTrackingPoseEnabledForInvisibleSession,090d720c,109,90_plus_uncertain_gaze_or_xr_structure_near_certain,eye_source; weak_source_state; validity_gate; telemetry,strong_eye_source_hits_2; weak_xr_or_state_hits_4; validity_or_gating_hits_10; telemetry_or_network_hits_2; functionality_data_collection_or_telemetry_hits_2,base_scanner_score_109; module_bonus_validity_gate_8; module_bonus_telemetry_20; evidence_bonus_telemetry_or_network_hits_12; sensitive_sink_telemetry_bonus_15; keyword_support_eye_or_gaze_5_bonus_20; keyword_support_sdk_2_bonus_6; keyword_support_collection_or_telemetry_4_bonus_16,C:\realDesktop\manifest-evaluations\summer-26\ghidra-pipeline\il2cpp-files\Hyper\general-structure-results\90_plus_uncertain_gaze_or_xr_structure_near_certain\090d720c_OVRPlugin.OVRP_1_99_0$$ovrp_SetTrackingPoseEnabledForInvisibleSession.c,C:\realDesktop\manifest-evaluations\summer-26\ghidra-pipeline\il2cpp-files\Hyper\manual-review-pack\A_must_review\045_p206_OVRPlugin.OVRP_1_99_0$$ovrp_SetTrackingPoseEnabledForInvisibleSession.c
46,206,A_must_review,OVRPlugin.OVRP_1_99_0$$ovrp_GetTrackingPoseEnabledForInvisibleSession,090d7190,109,90_plus_uncertain_gaze_or_xr_structure_near_certain,eye_source; weak_source_state; validity_gate; telemetry,strong_eye_source_hits_2; weak_xr_or_state_hits_6; validity_or_gating_hits_10; telemetry_or_network_hits_2; functionality_data_collection_or_telemetry_hits_2,base_scanner_score_109; module_bonus_validity_gate_8; module_bonus_telemetry_20; evidence_bonus_telemetry_or_network_hits_12; sensitive_sink_telemetry_bonus_15; keyword_support_eye_or_gaze_5_bonus_20; keyword_support_sdk_2_bonus_6; keyword_support_collection_or_telemetry_4_bonus_16,C:\realDesktop\manifest-evaluations\summer-26\ghidra-pipeline\il2cpp-files\Hyper\general-structure-results\90_plus_uncertain_gaze_or_xr_structure_near_certain\090d7190_OVRPlugin.OVRP_1_99_0$$ovrp_GetTrackingPoseEnabledForInvisibleSession.c,C:\realDesktop\manifest-evaluations\summer-26\ghidra-pipeline\il2cpp-files\Hyper\manual-review-pack\A_must_review\046_p206_OVRPlugin.OVRP_1_99_0$$ovrp_GetTrackingPoseEnabledForInvisibleSession.c
47,205,A_must_review,Meta.XR.MRUtilityKit.BuildingBlocks.GrabAndLocate$$get_RaycastOrigin,08a7db38,134,90_plus_uncertain_gaze_interaction_near_certain,eye_source; validity_gate; pose_vector; ray_interaction; structure_combo,strong_eye_source_hits_1; validity_or_gating_hits_1; strong_pose_or_ray_construction_hits_2; ray_or_cast_sink_hits_2; source_validity_pose_sink_structure; strong_eye_source_validity_pose_sink_structure; functionality_gaze_retrieval_or_extraction; functionality_gaze_interaction_hits_2,base_scanner_score_134; module_bonus_validity_gate_8; module_bonus_pose_vector_10; module_bonus_ray_interaction_15; module_bonus_structure_combo_18; keyword_support_eye_or_gaze_5_bonus_20,C:\realDesktop\manifest-evaluations\summer-26\ghidra-pipeline\il2cpp-files\Hyper\general-structure-results\90_plus_uncertain_gaze_interaction_near_certain\08a7db38_Meta.XR.MRUtilityKit.BuildingBlocks.GrabAndLocate$$get_RaycastOrigin.c,C:\realDesktop\manifest-evaluations\summer-26\ghidra-pipeline\il2cpp-files\Hyper\manual-review-pack\A_must_review\047_p205_Meta.XR.MRUtilityKit.BuildingBlocks.GrabAndLocate$$get_RaycastOrigin.c
48,205,A_must_review,WebSocketSharp.CloseEventArgs$$get_PayloadData,0a40c348,89,70_high_general_structure_review_high,weak_source_state; validity_gate; data_collection; telemetry,weak_xr_or_state_hits_2; validity_or_gating_hits_17; strong_file_logging_hits_2; telemetry_or_network_hits_2; cap_below_near_certain_without_eye_anchor_or_ordered_structure,base_scanner_score_89; module_bonus_validity_gate_8; module_bonus_data_collection_22; module_bonus_telemetry_20; evidence_bonus_telemetry_or_network_hits_12; sensitive_sink_data_collection_bonus_15; sensitive_sink_telemetry_bonus_15; keyword_support_eye_or_gaze_2_bonus_8; keyword_support_collection_or_telemetry_4_bonus_16,C:\realDesktop\manifest-evaluations\summer-26\ghidra-pipeline\il2cpp-files\Hyper\general-structure-results\70_high_general_structure_review_high\0a40c348_WebSocketSharp.CloseEventArgs$$get_PayloadData.c,C:\realDesktop\manifest-evaluations\summer-26\ghidra-pipeline\il2cpp-files\Hyper\manual-review-pack\A_must_review\048_p205_WebSocketSharp.CloseEventArgs$$get_PayloadData.c
49,205,A_must_review,Newtonsoft.Json.Serialization.JsonSerializerInternalReader$$ReadMetadataPropertiesToken,08e76658,89,70_high_general_structure_review_high,weak_source_state; validity_gate; data_collection; telemetry,weak_xr_or_state_hits_2; validity_or_gating_hits_7; strong_file_logging_hits_2; telemetry_or_network_hits_2; cap_below_near_certain_without_eye_anchor_or_ordered_structure,base_scanner_score_89; module_bonus_validity_gate_8; module_bonus_data_collection_22; module_bonus_telemetry_20; evidence_bonus_telemetry_or_network_hits_12; sensitive_sink_data_collection_bonus_15; sensitive_sink_telemetry_bonus_15; keyword_support_eye_or_gaze_2_bonus_8; keyword_support_collection_or_telemetry_4_bonus_16,C:\realDesktop\manifest-evaluations\summer-26\ghidra-pipeline\il2cpp-files\Hyper\general-structure-results\70_high_general_structure_review_high\08e76658_Newtonsoft.Json.Serialization.JsonSerializerInternalReader$$ReadMetadataPropertiesToken.c,C:\realDesktop\manifest-evaluations\summer-26\ghidra-pipeline\il2cpp-files\Hyper\manual-review-pack\A_must_review\049_p205_Newtonsoft.Json.Serialization.JsonSerializerInternalReader$$ReadMetadataPropertiesToken.c
50,205,A_must_review,Newtonsoft.Json.Serialization.JsonSerializerInternalReader$$ReadMetadataProperties,08e76db8,89,70_high_general_structure_review_high,weak_source_state; validity_gate; data_collection; telemetry,weak_xr_or_state_hits_2; validity_or_gating_hits_15; strong_file_logging_hits_2; telemetry_or_network_hits_2; cap_below_near_certain_without_eye_anchor_or_ordered_structure,base_scanner_score_89; module_bonus_validity_gate_8; module_bonus_data_collection_22; module_bonus_telemetry_20; evidence_bonus_telemetry_or_network_hits_12; sensitive_sink_data_collection_bonus_15; sensitive_sink_telemetry_bonus_15; keyword_support_eye_or_gaze_2_bonus_8; keyword_support_collection_or_telemetry_4_bonus_16,C:\realDesktop\manifest-evaluations\summer-26\ghidra-pipeline\il2cpp-files\Hyper\general-structure-results\70_high_general_structure_review_high\08e76db8_Newtonsoft.Json.Serialization.JsonSerializerInternalReader$$ReadMetadataProperties.c,C:\realDesktop\manifest-evaluations\summer-26\ghidra-pipeline\il2cpp-files\Hyper\manual-review-pack\A_must_review\050_p205_Newtonsoft.Json.Serialization.JsonSerializerInternalReader$$ReadMetadataProperties.c
51,205,A_must_review,Newtonsoft.Json.JsonSerializer$$get_MetadataPropertyHandling,08e0a184,89,70_high_general_structure_review_high,weak_source_state; validity_gate; data_collection; telemetry,weak_xr_or_state_hits_2; validity_or_gating_hits_8; strong_file_logging_hits_2; telemetry_or_network_hits_4; cap_below_near_certain_without_eye_anchor_or_ordered_structure,base_scanner_score_89; module_bonus_validity_gate_8; module_bonus_data_collection_22; module_bonus_telemetry_20; evidence_bonus_telemetry_or_network_hits_12; sensitive_sink_data_collection_bonus_15; sensitive_sink_telemetry_bonus_15; keyword_support_eye_or_gaze_2_bonus_8; keyword_support_collection_or_telemetry_4_bonus_16,C:\realDesktop\manifest-evaluations\summer-26\ghidra-pipeline\il2cpp-files\Hyper\general-structure-results\70_high_general_structure_review_high\08e0a184_Newtonsoft.Json.JsonSerializer$$get_MetadataPropertyHandling.c,C:\realDesktop\manifest-evaluations\summer-26\ghidra-pipeline\il2cpp-files\Hyper\manual-review-pack\A_must_review\051_p205_Newtonsoft.Json.JsonSerializer$$get_MetadataPropertyHandling.c
52,205,A_must_review,Newtonsoft.Json.JsonReader$$SetPostValueState,08e079a0,89,70_high_general_structure_review_high,weak_source_state; validity_gate; data_collection; telemetry,weak_xr_or_state_hits_2; validity_or_gating_hits_9; strong_file_logging_hits_2; telemetry_or_network_hits_2; cap_below_near_certain_without_eye_anchor_or_ordered_structure,base_scanner_score_89; module_bonus_validity_gate_8; module_bonus_data_collection_22; module_bonus_telemetry_20; evidence_bonus_telemetry_or_network_hits_12; sensitive_sink_data_collection_bonus_15; sensitive_sink_telemetry_bonus_15; keyword_support_eye_or_gaze_2_bonus_8; keyword_support_collection_or_telemetry_4_bonus_16,C:\realDesktop\manifest-evaluations\summer-26\ghidra-pipeline\il2cpp-files\Hyper\general-structure-results\70_high_general_structure_review_high\08e079a0_Newtonsoft.Json.JsonReader$$SetPostValueState.c,C:\realDesktop\manifest-evaluations\summer-26\ghidra-pipeline\il2cpp-files\Hyper\manual-review-pack\A_must_review\052_p205_Newtonsoft.Json.JsonReader$$SetPostValueState.c
53,205,A_must_review,Amazon.Runtime.Credentials.Internal.SsoTokenUtils$$ToJson,04a6a5e4,89,70_high_general_structure_review_high,weak_source_state; validity_gate; data_collection; telemetry,weak_xr_or_state_hits_3; validity_or_gating_hits_14; strong_file_logging_hits_3; telemetry_or_network_hits_2; cap_below_near_certain_without_eye_anchor_or_ordered_structure,base_scanner_score_89; module_bonus_validity_gate_8; module_bonus_data_collection_22; module_bonus_telemetry_20; evidence_bonus_telemetry_or_network_hits_12; sensitive_sink_data_collection_bonus_15; sensitive_sink_telemetry_bonus_15; keyword_support_eye_or_gaze_2_bonus_8; keyword_support_collection_or_telemetry_4_bonus_16,C:\realDesktop\manifest-evaluations\summer-26\ghidra-pipeline\il2cpp-files\Hyper\general-structure-results\70_high_general_structure_review_high\04a6a5e4_Amazon.Runtime.Credentials.Internal.SsoTokenUtils$$ToJson.c,C:\realDesktop\manifest-evaluations\summer-26\ghidra-pipeline\il2cpp-files\Hyper\manual-review-pack\A_must_review\053_p205_Amazon.Runtime.Credentials.Internal.SsoTokenUtils$$ToJson.c
54,205,A_must_review,WebSocketSharp.Net.ChunkedRequestStream$$Close,0a43ef2c,88,70_high_general_structure_review_high,validity_gate; data_collection; telemetry; frame_behavior,validity_or_gating_hits_21; strong_file_logging_hits_2; telemetry_or_network_hits_2; frame_or_lifecycle_behavior,base_scanner_score_88; module_bonus_validity_gate_8; module_bonus_data_collection_22; module_bonus_telemetry_20; module_bonus_frame_behavior_5; evidence_bonus_telemetry_or_network_hits_12; sensitive_sink_data_collection_bonus_15; sensitive_sink_telemetry_bonus_15; keyword_support_eye_or_gaze_1_bonus_4; keyword_support_collection_or_telemetry_4_bonus_16,C:\realDesktop\manifest-evaluations\summer-26\ghidra-pipeline\il2cpp-files\Hyper\general-structure-results\70_high_general_structure_review_high\0a43ef2c_WebSocketSharp.Net.ChunkedRequestStream$$Close.c,C:\realDesktop\manifest-evaluations\summer-26\ghidra-pipeline\il2cpp-files\Hyper\manual-review-pack\A_must_review\054_p205_WebSocketSharp.Net.ChunkedRequestStream$$Close.c
55,205,A_must_review,Newtonsoft.Json.Serialization.JsonSerializerInternalReader$$CreateNewDictionary,08e7768c,88,70_high_general_structure_review_high,validity_gate; data_collection; telemetry; frame_behavior,validity_or_gating_hits_16; strong_file_logging_hits_2; telemetry_or_network_hits_2; frame_or_lifecycle_behavior,base_scanner_score_88; module_bonus_validity_gate_8; module_bonus_data_collection_22; module_bonus_telemetry_20; module_bonus_frame_behavior_5; evidence_bonus_telemetry_or_network_hits_12; sensitive_sink_data_collection_bonus_15; sensitive_sink_telemetry_bonus_15; keyword_support_eye_or_gaze_1_bonus_4; keyword_support_collection_or_telemetry_4_bonus_16,C:\realDesktop\manifest-evaluations\summer-26\ghidra-pipeline\il2cpp-files\Hyper\general-structure-results\70_high_general_structure_review_high\08e7768c_Newtonsoft.Json.Serialization.JsonSerializerInternalReader$$CreateNewDictionary.c,C:\realDesktop\manifest-evaluations\summer-26\ghidra-pipeline\il2cpp-files\Hyper\manual-review-pack\A_must_review\055_p205_Newtonsoft.Json.Serialization.JsonSerializerInternalReader$$CreateNewDictionary.c
56,205,A_must_review,Newtonsoft.Json.Serialization.JsonContract$$get_OnSerializedCallbacks,08e66628,88,70_high_general_structure_review_high,validity_gate; data_collection; telemetry; frame_behavior,validity_or_gating_hits_21; strong_file_logging_hits_2; telemetry_or_network_hits_2; frame_or_lifecycle_behavior,base_scanner_score_88; module_bonus_validity_gate_8; module_bonus_data_collection_22; module_bonus_telemetry_20; module_bonus_frame_behavior_5; evidence_bonus_telemetry_or_network_hits_12; sensitive_sink_data_collection_bonus_15; sensitive_sink_telemetry_bonus_15; keyword_support_eye_or_gaze_1_bonus_4; keyword_support_collection_or_telemetry_4_bonus_16,C:\realDesktop\manifest-evaluations\summer-26\ghidra-pipeline\il2cpp-files\Hyper\general-structure-results\70_high_general_structure_review_high\08e66628_Newtonsoft.Json.Serialization.JsonContract$$get_OnSerializedCallbacks.c,C:\realDesktop\manifest-evaluations\summer-26\ghidra-pipeline\il2cpp-files\Hyper\manual-review-pack\A_must_review\056_p205_Newtonsoft.Json.Serialization.JsonContract$$get_OnSerializedCallbacks.c
57,205,A_must_review,Newtonsoft.Json.Serialization.JsonContract$$get_OnDeserializedCallbacks,08e66730,88,70_high_general_structure_review_high,validity_gate; data_collection; telemetry; frame_behavior,validity_or_gating_hits_18; strong_file_logging_hits_2; telemetry_or_network_hits_2; frame_or_lifecycle_behavior,base_scanner_score_88; module_bonus_validity_gate_8; module_bonus_data_collection_22; module_bonus_telemetry_20; module_bonus_frame_behavior_5; evidence_bonus_telemetry_or_network_hits_12; sensitive_sink_data_collection_bonus_15; sensitive_sink_telemetry_bonus_15; keyword_support_eye_or_gaze_1_bonus_4; keyword_support_collection_or_telemetry_4_bonus_16,C:\realDesktop\manifest-evaluations\summer-26\ghidra-pipeline\il2cpp-files\Hyper\general-structure-results\70_high_general_structure_review_high\08e66730_Newtonsoft.Json.Serialization.JsonContract$$get_OnDeserializedCallbacks.c,C:\realDesktop\manifest-evaluations\summer-26\ghidra-pipeline\il2cpp-files\Hyper\manual-review-pack\A_must_review\057_p205_Newtonsoft.Json.Serialization.JsonContract$$get_OnDeserializedCallbacks.c
58,204,A_must_review,UniRx.ReactiveCommandExtensions.<>c$$<BindToOnClick>b__7_0,09aa39fc,89,70_high_general_structure_review_high,weak_source_state; validity_gate; pose_vector; ui_interaction; telemetry; structure_combo,weak_xr_or_state_hits_2; validity_or_gating_hits_1; strong_pose_or_ray_construction_hits_1; ui_or_gameplay_sink_hits_2; telemetry_or_network_hits_1; source_validity_pose_sink_structure; cap_below_near_certain_without_eye_anchor_or_ordered_structure,base_scanner_score_89; module_bonus_validity_gate_8; module_bonus_pose_vector_10; module_bonus_ui_interaction_12; module_bonus_telemetry_20; module_bonus_structure_combo_18; evidence_bonus_telemetry_or_network_hits_12; sensitive_sink_telemetry_bonus_15; keyword_support_eye_or_gaze_2_bonus_8; keyword_support_collection_or_telemetry_3_bonus_12,C:\realDesktop\manifest-evaluations\summer-26\ghidra-pipeline\il2cpp-files\Hyper\general-structure-results\70_high_general_structure_review_high\09aa39fc_UniRx.ReactiveCommandExtensions._c$$_BindToOnClick_b__7_0.c,C:\realDesktop\manifest-evaluations\summer-26\ghidra-pipeline\il2cpp-files\Hyper\manual-review-pack\A_must_review\058_p204_UniRx.ReactiveCommandExtensions._c$$_BindToOnClick_b__7_0.c
59,203,A_must_review,OVRManager$$InitPermissionRequest,09087c4c,106,90_plus_uncertain_gaze_or_xr_structure_near_certain,eye_source; weak_source_state; validity_gate; telemetry,strong_eye_source_hits_2; weak_xr_or_state_hits_4; validity_or_gating_hits_3; telemetry_or_network_hits_2; functionality_permission_setup; functionality_data_collection_or_telemetry_hits_2,base_scanner_score_106; module_bonus_validity_gate_8; module_bonus_telemetry_20; evidence_bonus_telemetry_or_network_hits_12; sensitive_sink_telemetry_bonus_15; keyword_support_eye_or_gaze_5_bonus_20; keyword_support_sdk_2_bonus_6; keyword_support_collection_or_telemetry_4_bonus_16,C:\realDesktop\manifest-evaluations\summer-26\ghidra-pipeline\il2cpp-files\Hyper\general-structure-results\90_plus_uncertain_gaze_or_xr_structure_near_certain\09087c4c_OVRManager$$InitPermissionRequest.c,C:\realDesktop\manifest-evaluations\summer-26\ghidra-pipeline\il2cpp-files\Hyper\manual-review-pack\A_must_review\059_p203_OVRManager$$InitPermissionRequest.c
60,203,A_must_review,Meta.XR.MultiplayerBlocks.Shared.LocalMatchmaking.<StopAdvertisingColocationSession>d__20$$MoveNext,08a8a048,104,90_plus_uncertain_gaze_or_xr_structure_near_certain,eye_source; validity_gate; paired_state_refs; telemetry,strong_eye_source_hits_1; validity_or_gating_hits_6; paired_field_refs_with_eye_source; telemetry_or_network_hits_2; functionality_data_collection_or_telemetry_hits_2,base_scanner_score_104; module_bonus_validity_gate_8; module_bonus_paired_state_refs_8; module_bonus_telemetry_20; evidence_bonus_telemetry_or_network_hits_12; sensitive_sink_telemetry_bonus_15; keyword_support_eye_or_gaze_5_bonus_20; keyword_support_collection_or_telemetry_4_bonus_16,C:\realDesktop\manifest-evaluations\summer-26\ghidra-pipeline\il2cpp-files\Hyper\general-structure-results\90_plus_uncertain_gaze_or_xr_structure_near_certain\08a8a048_Meta.XR.MultiplayerBlocks.Shared.LocalMatchmaking._StopAdvertisingColocationSession_d__20$$MoveNext.c,C:\realDesktop\manifest-evaluations\summer-26\ghidra-pipeline\il2cpp-files\Hyper\manual-review-pack\A_must_review\060_p203_Meta.XR.MultiplayerBlocks.Shared.LocalMatchmaking._StopAdvertisingColocationSession_d__20$$MoveNext.c
61,203,A_must_review,Meta.XR.MultiplayerBlocks.Colocation.AutomaticColocationLauncher$$SendAnchorShareRequest,08a8cc50,104,90_plus_uncertain_gaze_or_xr_structure_near_certain,eye_source; validity_gate; paired_state_refs; telemetry,strong_eye_source_hits_1; validity_or_gating_hits_11; paired_field_refs_with_eye_source; telemetry_or_network_hits_2; functionality_data_collection_or_telemetry_hits_2,base_scanner_score_104; module_bonus_validity_gate_8; module_bonus_paired_state_refs_8; module_bonus_telemetry_20; evidence_bonus_telemetry_or_network_hits_12; sensitive_sink_telemetry_bonus_15; keyword_support_eye_or_gaze_5_bonus_20; keyword_support_collection_or_telemetry_4_bonus_16,C:\realDesktop\manifest-evaluations\summer-26\ghidra-pipeline\il2cpp-files\Hyper\general-structure-results\90_plus_uncertain_gaze_or_xr_structure_near_certain\08a8cc50_Meta.XR.MultiplayerBlocks.Colocation.AutomaticColocationLauncher$$SendAnchorShareRequest.c,C:\realDesktop\manifest-evaluations\summer-26\ghidra-pipeline\il2cpp-files\Hyper\manual-review-pack\A_must_review\061_p203_Meta.XR.MultiplayerBlocks.Colocation.AutomaticColocationLauncher$$SendAnchorShareRequest.c
62,203,A_must_review,Meta.XR.MetaXRFeature$$OnSessionStateChange,0906c378,104,90_plus_uncertain_gaze_or_xr_structure_near_certain,eye_source; validity_gate; paired_state_refs; telemetry,strong_eye_source_hits_1; validity_or_gating_hits_4; paired_field_refs_with_eye_source; telemetry_or_network_hits_2; functionality_data_collection_or_telemetry_hits_2,base_scanner_score_104; module_bonus_validity_gate_8; module_bonus_paired_state_refs_8; module_bonus_telemetry_20; evidence_bonus_telemetry_or_network_hits_12; sensitive_sink_telemetry_bonus_15; keyword_support_eye_or_gaze_5_bonus_20; keyword_support_collection_or_telemetry_4_bonus_16,C:\realDesktop\manifest-evaluations\summer-26\ghidra-pipeline\il2cpp-files\Hyper\general-structure-results\90_plus_uncertain_gaze_or_xr_structure_near_certain\0906c378_Meta.XR.MetaXRFeature$$OnSessionStateChange.c,C:\realDesktop\manifest-evaluations\summer-26\ghidra-pipeline\il2cpp-files\Hyper\manual-review-pack\A_must_review\062_p203_Meta.XR.MetaXRFeature$$OnSessionStateChange.c
63,203,A_must_review,OVRPlugin.UnityOpenXR$$OnSessionStateChange,090c67c4,100,90_plus_uncertain_gaze_or_xr_structure_near_certain,eye_source; weak_source_state; validity_gate; telemetry,strong_eye_source_hits_2; weak_xr_or_state_hits_4; validity_or_gating_hits_1; telemetry_or_network_hits_2; functionality_data_collection_or_telemetry_hits_2,base_scanner_score_100; module_bonus_validity_gate_8; module_bonus_telemetry_20; evidence_bonus_telemetry_or_network_hits_12; sensitive_sink_telemetry_bonus_15; keyword_support_eye_or_gaze_5_bonus_20; keyword_support_sdk_4_bonus_12; keyword_support_collection_or_telemetry_4_bonus_16,C:\realDesktop\manifest-evaluations\summer-26\ghidra-pipeline\il2cpp-files\Hyper\general-structure-results\90_plus_uncertain_gaze_or_xr_structure_near_certain\090c67c4_OVRPlugin.UnityOpenXR$$OnSessionStateChange.c,C:\realDesktop\manifest-evaluations\summer-26\ghidra-pipeline\il2cpp-files\Hyper\manual-review-pack\A_must_review\063_p203_OVRPlugin.UnityOpenXR$$OnSessionStateChange.c
64,203,A_must_review,OVRPlugin.OVRP_1_71_0$$ovrp_UnityOpenXR_OnSessionStateChange,090c6898,100,90_plus_uncertain_gaze_or_xr_structure_near_certain,eye_source; weak_source_state; validity_gate; telemetry,strong_eye_source_hits_2; weak_xr_or_state_hits_4; validity_or_gating_hits_1; telemetry_or_network_hits_2; functionality_data_collection_or_telemetry_hits_2,base_scanner_score_100; module_bonus_validity_gate_8; module_bonus_telemetry_20; evidence_bonus_telemetry_or_network_hits_12; sensitive_sink_telemetry_bonus_15; keyword_support_eye_or_gaze_5_bonus_20; keyword_support_sdk_4_bonus_12; keyword_support_collection_or_telemetry_4_bonus_16,C:\realDesktop\manifest-evaluations\summer-26\ghidra-pipeline\il2cpp-files\Hyper\general-structure-results\90_plus_uncertain_gaze_or_xr_structure_near_certain\090c6898_OVRPlugin.OVRP_1_71_0$$ovrp_UnityOpenXR_OnSessionStateChange.c,C:\realDesktop\manifest-evaluations\summer-26\ghidra-pipeline\il2cpp-files\Hyper\manual-review-pack\A_must_review\064_p203_OVRPlugin.OVRP_1_71_0$$ovrp_UnityOpenXR_OnSessionStateChange.c
65,203,A_must_review,OVRPlugin.OVRP_1_71_0$$ovrp_UnityOpenXR_OnSessionBegin,090c69dc,100,90_plus_uncertain_gaze_or_xr_structure_near_certain,eye_source; weak_source_state; validity_gate; telemetry,strong_eye_source_hits_2; weak_xr_or_state_hits_4; validity_or_gating_hits_1; telemetry_or_network_hits_2; functionality_data_collection_or_telemetry_hits_2,base_scanner_score_100; module_bonus_validity_gate_8; module_bonus_telemetry_20; evidence_bonus_telemetry_or_network_hits_12; sensitive_sink_telemetry_bonus_15; keyword_support_eye_or_gaze_5_bonus_20; keyword_support_sdk_4_bonus_12; keyword_support_collection_or_telemetry_4_bonus_16,C:\realDesktop\manifest-evaluations\summer-26\ghidra-pipeline\il2cpp-files\Hyper\general-structure-results\90_plus_uncertain_gaze_or_xr_structure_near_certain\090c69dc_OVRPlugin.OVRP_1_71_0$$ovrp_UnityOpenXR_OnSessionBegin.c,C:\realDesktop\manifest-evaluations\summer-26\ghidra-pipeline\il2cpp-files\Hyper\manual-review-pack\A_must_review\065_p203_OVRPlugin.OVRP_1_71_0$$ovrp_UnityOpenXR_OnSessionBegin.c
66,203,A_must_review,Meta.XR.ImmersiveDebugger.UserInterface.DebugBar$$Update,08a02bd0,99,90_plus_uncertain_gaze_or_xr_structure_near_certain,eye_source; validity_gate; paired_state_refs; telemetry; frame_behavior,strong_eye_source_hits_1; validity_or_gating_hits_2; paired_field_refs_with_eye_source; telemetry_or_network_hits_1; frame_or_lifecycle_behavior; functionality_data_collection_or_telemetry_hits_1,base_scanner_score_99; module_bonus_validity_gate_8; module_bonus_paired_state_refs_8; module_bonus_telemetry_20; module_bonus_frame_behavior_5; evidence_bonus_telemetry_or_network_hits_12; sensitive_sink_telemetry_bonus_15; keyword_support_eye_or_gaze_5_bonus_20; keyword_support_collection_or_telemetry_4_bonus_16,C:\realDesktop\manifest-evaluations\summer-26\ghidra-pipeline\il2cpp-files\Hyper\general-structure-results\90_plus_uncertain_gaze_or_xr_structure_near_certain\08a02bd0_Meta.XR.ImmersiveDebugger.UserInterface.DebugBar$$Update.c,C:\realDesktop\manifest-evaluations\summer-26\ghidra-pipeline\il2cpp-files\Hyper\manual-review-pack\A_must_review\066_p203_Meta.XR.ImmersiveDebugger.UserInterface.DebugBar$$Update.c
67,202,A_must_review,Best.HTTP.JSON.Json$$SerializeArray,04e91638,88,70_high_general_structure_review_high,pose_vector; data_collection; telemetry,strong_pose_or_ray_construction_hits_4; strong_file_logging_hits_2; telemetry_or_network_hits_2,base_scanner_score_88; module_bonus_pose_vector_10; module_bonus_data_collection_22; module_bonus_telemetry_20; evidence_bonus_telemetry_or_network_hits_12; sensitive_sink_data_collection_bonus_15; sensitive_sink_telemetry_bonus_15; keyword_support_eye_or_gaze_1_bonus_4; keyword_support_collection_or_telemetry_4_bonus_16,C:\realDesktop\manifest-evaluations\summer-26\ghidra-pipeline\il2cpp-files\Hyper\general-structure-results\70_high_general_structure_review_high\04e91638_Best.HTTP.JSON.Json$$SerializeArray.c,C:\realDesktop\manifest-evaluations\summer-26\ghidra-pipeline\il2cpp-files\Hyper\manual-review-pack\A_must_review\067_p202_Best.HTTP.JSON.Json$$SerializeArray.c
68,201,A_must_review,OVRPlugin.UnifiedConsent$$ShouldShowTelemetryConsentWindow,090c93b0,104,90_plus_uncertain_gaze_or_xr_structure_near_certain,eye_source; weak_source_state; validity_gate; telemetry,strong_eye_source_hits_2; weak_xr_or_state_hits_2; validity_or_gating_hits_3; telemetry_or_network_hits_2; functionality_data_collection_or_telemetry_hits_2,base_scanner_score_104; module_bonus_validity_gate_8; module_bonus_telemetry_20; evidence_bonus_telemetry_or_network_hits_12; sensitive_sink_telemetry_bonus_15; keyword_support_eye_or_gaze_5_bonus_20; keyword_support_sdk_2_bonus_6; keyword_support_collection_or_telemetry_4_bonus_16,C:\realDesktop\manifest-evaluations\summer-26\ghidra-pipeline\il2cpp-files\Hyper\general-structure-results\90_plus_uncertain_gaze_or_xr_structure_near_certain\090c93b0_OVRPlugin.UnifiedConsent$$ShouldShowTelemetryConsentWindow.c,C:\realDesktop\manifest-evaluations\summer-26\ghidra-pipeline\il2cpp-files\Hyper\manual-review-pack\A_must_review\068_p201_OVRPlugin.UnifiedConsent$$ShouldShowTelemetryConsentWindow.c
69,201,A_must_review,OVRPlugin$$SetDeveloperTelemetryConsent,090b2dd0,104,90_plus_uncertain_gaze_or_xr_structure_near_certain,eye_source; weak_source_state; validity_gate; telemetry,strong_eye_source_hits_2; weak_xr_or_state_hits_2; validity_or_gating_hits_3; telemetry_or_network_hits_2; functionality_data_collection_or_telemetry_hits_2,base_scanner_score_104; module_bonus_validity_gate_8; module_bonus_telemetry_20; evidence_bonus_telemetry_or_network_hits_12; sensitive_sink_telemetry_bonus_15; keyword_support_eye_or_gaze_5_bonus_20; keyword_support_sdk_2_bonus_6; keyword_support_collection_or_telemetry_4_bonus_16,C:\realDesktop\manifest-evaluations\summer-26\ghidra-pipeline\il2cpp-files\Hyper\general-structure-results\90_plus_uncertain_gaze_or_xr_structure_near_certain\090b2dd0_OVRPlugin$$SetDeveloperTelemetryConsent.c,C:\realDesktop\manifest-evaluations\summer-26\ghidra-pipeline\il2cpp-files\Hyper\manual-review-pack\A_must_review\069_p201_OVRPlugin$$SetDeveloperTelemetryConsent.c
70,201,A_must_review,OVRManager$$get_xrSession,0908286c,104,90_plus_uncertain_gaze_or_xr_structure_near_certain,eye_source; weak_source_state; validity_gate; telemetry,strong_eye_source_hits_2; weak_xr_or_state_hits_2; validity_or_gating_hits_3; telemetry_or_network_hits_2; functionality_data_collection_or_telemetry_hits_2,base_scanner_score_104; module_bonus_validity_gate_8; module_bonus_telemetry_20; evidence_bonus_telemetry_or_network_hits_12; sensitive_sink_telemetry_bonus_15; keyword_support_eye_or_gaze_5_bonus_20; keyword_support_sdk_2_bonus_6; keyword_support_collection_or_telemetry_4_bonus_16,C:\realDesktop\manifest-evaluations\summer-26\ghidra-pipeline\il2cpp-files\Hyper\general-structure-results\90_plus_uncertain_gaze_or_xr_structure_near_certain\0908286c_OVRManager$$get_xrSession.c,C:\realDesktop\manifest-evaluations\summer-26\ghidra-pipeline\il2cpp-files\Hyper\manual-review-pack\A_must_review\070_p201_OVRManager$$get_xrSession.c
71,200,A_must_review,Meta.XR.MetaXRFeature$$OnSessionBegin,0906c458,101,90_plus_uncertain_gaze_or_xr_structure_near_certain,eye_source; validity_gate; paired_state_refs; telemetry,strong_eye_source_hits_1; validity_or_gating_hits_3; paired_field_refs_with_eye_source; telemetry_or_network_hits_2; functionality_data_collection_or_telemetry_hits_2,base_scanner_score_101; module_bonus_validity_gate_8; module_bonus_paired_state_refs_8; module_bonus_telemetry_20; evidence_bonus_telemetry_or_network_hits_12; sensitive_sink_telemetry_bonus_15; keyword_support_eye_or_gaze_5_bonus_20; keyword_support_collection_or_telemetry_4_bonus_16,C:\realDesktop\manifest-evaluations\summer-26\ghidra-pipeline\il2cpp-files\Hyper\general-structure-results\90_plus_uncertain_gaze_or_xr_structure_near_certain\0906c458_Meta.XR.MetaXRFeature$$OnSessionBegin.c,C:\realDesktop\manifest-evaluations\summer-26\ghidra-pipeline\il2cpp-files\Hyper\manual-review-pack\A_must_review\071_p200_Meta.XR.MetaXRFeature$$OnSessionBegin.c
72,200,A_must_review,thunk_FUN_0497576c,04972f70,88,70_high_general_structure_review_high,validity_gate; data_collection; telemetry,validity_or_gating_hits_3; strong_file_logging_hits_3; telemetry_or_network_hits_6,base_scanner_score_88; module_bonus_validity_gate_8; module_bonus_data_collection_22; module_bonus_telemetry_20; evidence_bonus_telemetry_or_network_hits_12; sensitive_sink_data_collection_bonus_15; sensitive_sink_telemetry_bonus_15; keyword_support_eye_or_gaze_1_bonus_4; keyword_support_collection_or_telemetry_4_bonus_16,C:\realDesktop\manifest-evaluations\summer-26\ghidra-pipeline\il2cpp-files\Hyper\general-structure-results\70_high_general_structure_review_high\04972f70_thunk_FUN_0497576c.c,C:\realDesktop\manifest-evaluations\summer-26\ghidra-pipeline\il2cpp-files\Hyper\manual-review-pack\A_must_review\072_p200_thunk_FUN_0497576c.c
73,200,A_must_review,Hyper.AnalyticsModule.Managers.AnalyticsManager$$DashboardSectionDisplayed,04975794,88,70_high_general_structure_review_high,validity_gate; data_collection; telemetry,validity_or_gating_hits_3; strong_file_logging_hits_3; telemetry_or_network_hits_10,base_scanner_score_88; module_bonus_validity_gate_8; module_bonus_data_collection_22; module_bonus_telemetry_20; evidence_bonus_telemetry_or_network_hits_12; sensitive_sink_data_collection_bonus_15; sensitive_sink_telemetry_bonus_15; keyword_support_eye_or_gaze_1_bonus_4; keyword_support_collection_or_telemetry_4_bonus_16,C:\realDesktop\manifest-evaluations\summer-26\ghidra-pipeline\il2cpp-files\Hyper\general-structure-results\70_high_general_structure_review_high\04975794_Hyper.AnalyticsModule.Managers.AnalyticsManager$$DashboardSectionDisplayed.c,C:\realDesktop\manifest-evaluations\summer-26\ghidra-pipeline\il2cpp-files\Hyper\manual-review-pack\A_must_review\073_p200_Hyper.AnalyticsModule.Managers.AnalyticsManager$$DashboardSectionDisplayed.c
74,200,A_must_review,FUN_0497576c,0497576c,88,70_high_general_structure_review_high,validity_gate; data_collection; telemetry,validity_or_gating_hits_3; strong_file_logging_hits_3; telemetry_or_network_hits_6,base_scanner_score_88; module_bonus_validity_gate_8; module_bonus_data_collection_22; module_bonus_telemetry_20; evidence_bonus_telemetry_or_network_hits_12; sensitive_sink_data_collection_bonus_15; sensitive_sink_telemetry_bonus_15; keyword_support_eye_or_gaze_1_bonus_4; keyword_support_collection_or_telemetry_4_bonus_16,C:\realDesktop\manifest-evaluations\summer-26\ghidra-pipeline\il2cpp-files\Hyper\general-structure-results\70_high_general_structure_review_high\0497576c_FUN_0497576c.c,C:\realDesktop\manifest-evaluations\summer-26\ghidra-pipeline\il2cpp-files\Hyper\manual-review-pack\A_must_review\074_p200_FUN_0497576c.c
75,199,A_must_review,WebSocketSharp.Server.WebSocketSessionManager$$CloseSession,0a4500f8,87,70_high_general_structure_review_high,validity_gate; data_collection; telemetry,validity_or_gating_hits_5; strong_file_logging_hits_2; telemetry_or_network_hits_4,base_scanner_score_87; module_bonus_validity_gate_8; module_bonus_data_collection_22; module_bonus_telemetry_20; evidence_bonus_telemetry_or_network_hits_12; sensitive_sink_data_collection_bonus_15; sensitive_sink_telemetry_bonus_15; keyword_support_eye_or_gaze_1_bonus_4; keyword_support_collection_or_telemetry_4_bonus_16,C:\realDesktop\manifest-evaluations\summer-26\ghidra-pipeline\il2cpp-files\Hyper\general-structure-results\70_high_general_structure_review_high\0a4500f8_WebSocketSharp.Server.WebSocketSessionManager$$CloseSession.c,C:\realDesktop\manifest-evaluations\summer-26\ghidra-pipeline\il2cpp-files\Hyper\manual-review-pack\A_must_review\075_p199_WebSocketSharp.Server.WebSocketSessionManager$$CloseSession.c
76,199,A_must_review,WebSocketSharp.Server.WebSocketSessionManager$$CloseSession,0a4502dc,87,70_high_general_structure_review_high,validity_gate; data_collection; telemetry,validity_or_gating_hits_21; strong_file_logging_hits_2; telemetry_or_network_hits_4,base_scanner_score_87; module_bonus_validity_gate_8; module_bonus_data_collection_22; module_bonus_telemetry_20; evidence_bonus_telemetry_or_network_hits_12; sensitive_sink_data_collection_bonus_15; sensitive_sink_telemetry_bonus_15; keyword_support_eye_or_gaze_1_bonus_4; keyword_support_collection_or_telemetry_4_bonus_16,C:\realDesktop\manifest-evaluations\summer-26\ghidra-pipeline\il2cpp-files\Hyper\general-structure-results\70_high_general_structure_review_high\0a4502dc_WebSocketSharp.Server.WebSocketSessionManager$$CloseSession.c,C:\realDesktop\manifest-evaluations\summer-26\ghidra-pipeline\il2cpp-files\Hyper\manual-review-pack\A_must_review\076_p199_WebSocketSharp.Server.WebSocketSessionManager$$CloseSession.c
77,199,A_must_review,WebSocketSharp.Server.WebSocketSessionManager$$CloseSession,0a450428,87,70_high_general_structure_review_high,validity_gate; data_collection; telemetry,validity_or_gating_hits_7; strong_file_logging_hits_2; telemetry_or_network_hits_4,base_scanner_score_87; module_bonus_validity_gate_8; module_bonus_data_collection_22; module_bonus_telemetry_20; evidence_bonus_telemetry_or_network_hits_12; sensitive_sink_data_collection_bonus_15; sensitive_sink_telemetry_bonus_15; keyword_support_eye_or_gaze_1_bonus_4; keyword_support_collection_or_telemetry_4_bonus_16,C:\realDesktop\manifest-evaluations\summer-26\ghidra-pipeline\il2cpp-files\Hyper\general-structure-results\70_high_general_structure_review_high\0a450428_WebSocketSharp.Server.WebSocketSessionManager$$CloseSession.c,C:\realDesktop\manifest-evaluations\summer-26\ghidra-pipeline\il2cpp-files\Hyper\manual-review-pack\A_must_review\077_p199_WebSocketSharp.Server.WebSocketSessionManager$$CloseSession.c
78,199,A_must_review,Newtonsoft.Json.Serialization.JsonSerializerInternalWriter$$SerializeValue,08e7dd4c,87,70_high_general_structure_review_high,validity_gate; data_collection; telemetry,validity_or_gating_hits_7; strong_file_logging_hits_2; telemetry_or_network_hits_4,base_scanner_score_87; module_bonus_validity_gate_8; module_bonus_data_collection_22; module_bonus_telemetry_20; evidence_bonus_telemetry_or_network_hits_12; sensitive_sink_data_collection_bonus_15; sensitive_sink_telemetry_bonus_15; keyword_support_eye_or_gaze_1_bonus_4; keyword_support_collection_or_telemetry_4_bonus_16,C:\realDesktop\manifest-evaluations\summer-26\ghidra-pipeline\il2cpp-files\Hyper\general-structure-results\70_high_general_structure_review_high\08e7dd4c_Newtonsoft.Json.Serialization.JsonSerializerInternalWriter$$SerializeValue.c,C:\realDesktop\manifest-evaluations\summer-26\ghidra-pipeline\il2cpp-files\Hyper\manual-review-pack\A_must_review\078_p199_Newtonsoft.Json.Serialization.JsonSerializerInternalWriter$$SerializeValue.c
79,199,A_must_review,Newtonsoft.Json.Serialization.JsonSerializerInternalWriter$$SerializeString,08e80124,87,70_high_general_structure_review_high,validity_gate; data_collection; telemetry,validity_or_gating_hits_10; strong_file_logging_hits_2; telemetry_or_network_hits_4,base_scanner_score_87; module_bonus_validity_gate_8; module_bonus_data_collection_22; module_bonus_telemetry_20; evidence_bonus_telemetry_or_network_hits_12; sensitive_sink_data_collection_bonus_15; sensitive_sink_telemetry_bonus_15; keyword_support_eye_or_gaze_1_bonus_4; keyword_support_collection_or_telemetry_4_bonus_16,C:\realDesktop\manifest-evaluations\summer-26\ghidra-pipeline\il2cpp-files\Hyper\general-structure-results\70_high_general_structure_review_high\08e80124_Newtonsoft.Json.Serialization.JsonSerializerInternalWriter$$SerializeString.c,C:\realDesktop\manifest-evaluations\summer-26\ghidra-pipeline\il2cpp-files\Hyper\manual-review-pack\A_must_review\079_p199_Newtonsoft.Json.Serialization.JsonSerializerInternalWriter$$SerializeString.c
80,199,A_must_review,Newtonsoft.Json.Serialization.JsonSerializerInternalWriter$$SerializeDictionary,08e801a8,87,70_high_general_structure_review_high,validity_gate; data_collection; telemetry,validity_or_gating_hits_10; strong_file_logging_hits_2; telemetry_or_network_hits_4,base_scanner_score_87; module_bonus_validity_gate_8; module_bonus_data_collection_22; module_bonus_telemetry_20; evidence_bonus_telemetry_or_network_hits_12; sensitive_sink_data_collection_bonus_15; sensitive_sink_telemetry_bonus_15; keyword_support_eye_or_gaze_1_bonus_4; keyword_support_collection_or_telemetry_4_bonus_16,C:\realDesktop\manifest-evaluations\summer-26\ghidra-pipeline\il2cpp-files\Hyper\general-structure-results\70_high_general_structure_review_high\08e801a8_Newtonsoft.Json.Serialization.JsonSerializerInternalWriter$$SerializeDictionary.c,C:\realDesktop\manifest-evaluations\summer-26\ghidra-pipeline\il2cpp-files\Hyper\manual-review-pack\A_must_review\080_p199_Newtonsoft.Json.Serialization.JsonSerializerInternalWriter$$SerializeDictionary.c
81,199,A_must_review,Newtonsoft.Json.Serialization.JsonSerializerInternalWriter$$Serialize,08e7d650,87,70_high_general_structure_review_high,validity_gate; data_collection; telemetry,validity_or_gating_hits_9; strong_file_logging_hits_2; telemetry_or_network_hits_4,base_scanner_score_87; module_bonus_validity_gate_8; module_bonus_data_collection_22; module_bonus_telemetry_20; evidence_bonus_telemetry_or_network_hits_12; sensitive_sink_data_collection_bonus_15; sensitive_sink_telemetry_bonus_15; keyword_support_eye_or_gaze_1_bonus_4; keyword_support_collection_or_telemetry_4_bonus_16,C:\realDesktop\manifest-evaluations\summer-26\ghidra-pipeline\il2cpp-files\Hyper\general-structure-results\70_high_general_structure_review_high\08e7d650_Newtonsoft.Json.Serialization.JsonSerializerInternalWriter$$Serialize.c,C:\realDesktop\manifest-evaluations\summer-26\ghidra-pipeline\il2cpp-files\Hyper\manual-review-pack\A_must_review\081_p199_Newtonsoft.Json.Serialization.JsonSerializerInternalWriter$$Serialize.c
82,199,A_must_review,Newtonsoft.Json.Serialization.JsonSerializerInternalWriter$$GetInternalSerializer,08e7e44c,87,70_high_general_structure_review_high,validity_gate; data_collection; telemetry,validity_or_gating_hits_4; strong_file_logging_hits_2; telemetry_or_network_hits_4,base_scanner_score_87; module_bonus_validity_gate_8; module_bonus_data_collection_22; module_bonus_telemetry_20; evidence_bonus_telemetry_or_network_hits_12; sensitive_sink_data_collection_bonus_15; sensitive_sink_telemetry_bonus_15; keyword_support_eye_or_gaze_1_bonus_4; keyword_support_collection_or_telemetry_4_bonus_16,C:\realDesktop\manifest-evaluations\summer-26\ghidra-pipeline\il2cpp-files\Hyper\general-structure-results\70_high_general_structure_review_high\08e7e44c_Newtonsoft.Json.Serialization.JsonSerializerInternalWriter$$GetInternalSerializer.c,C:\realDesktop\manifest-evaluations\summer-26\ghidra-pipeline\il2cpp-files\Hyper\manual-review-pack\A_must_review\082_p199_Newtonsoft.Json.Serialization.JsonSerializerInternalWriter$$GetInternalSerializer.c
83,199,A_must_review,Newtonsoft.Json.Serialization.JsonSerializerInternalReader$$ShouldDeserialize,08e7d164,87,70_high_general_structure_review_high,validity_gate; data_collection; telemetry,validity_or_gating_hits_8; strong_file_logging_hits_2; telemetry_or_network_hits_4,base_scanner_score_87; module_bonus_validity_gate_8; module_bonus_data_collection_22; module_bonus_telemetry_20; evidence_bonus_telemetry_or_network_hits_12; sensitive_sink_data_collection_bonus_15; sensitive_sink_telemetry_bonus_15; keyword_support_eye_or_gaze_1_bonus_4; keyword_support_collection_or_telemetry_4_bonus_16,C:\realDesktop\manifest-evaluations\summer-26\ghidra-pipeline\il2cpp-files\Hyper\general-structure-results\70_high_general_structure_review_high\08e7d164_Newtonsoft.Json.Serialization.JsonSerializerInternalReader$$ShouldDeserialize.c,C:\realDesktop\manifest-evaluations\summer-26\ghidra-pipeline\il2cpp-files\Hyper\manual-review-pack\A_must_review\083_p199_Newtonsoft.Json.Serialization.JsonSerializerInternalReader$$ShouldDeserialize.c
84,199,A_must_review,Newtonsoft.Json.Serialization.JsonSerializerInternalReader$$DeserializeConvertable,08e73ca0,87,70_high_general_structure_review_high,validity_gate; data_collection; telemetry,validity_or_gating_hits_10; strong_file_logging_hits_2; telemetry_or_network_hits_4,base_scanner_score_87; module_bonus_validity_gate_8; module_bonus_data_collection_22; module_bonus_telemetry_20; evidence_bonus_telemetry_or_network_hits_12; sensitive_sink_data_collection_bonus_15; sensitive_sink_telemetry_bonus_15; keyword_support_eye_or_gaze_1_bonus_4; keyword_support_collection_or_telemetry_4_bonus_16,C:\realDesktop\manifest-evaluations\summer-26\ghidra-pipeline\il2cpp-files\Hyper\general-structure-results\70_high_general_structure_review_high\08e73ca0_Newtonsoft.Json.Serialization.JsonSerializerInternalReader$$DeserializeConvertable.c,C:\realDesktop\manifest-evaluations\summer-26\ghidra-pipeline\il2cpp-files\Hyper\manual-review-pack\A_must_review\084_p199_Newtonsoft.Json.Serialization.JsonSerializerInternalReader$$DeserializeConvertable.c
85,199,A_must_review,Newtonsoft.Json.JsonSerializer$$set_TypeNameAssemblyFormatHandling,08e09e6c,87,70_high_general_structure_review_high,validity_gate; data_collection; telemetry,validity_or_gating_hits_14; strong_file_logging_hits_2; telemetry_or_network_hits_7,base_scanner_score_87; module_bonus_validity_gate_8; module_bonus_data_collection_22; module_bonus_telemetry_20; evidence_bonus_telemetry_or_network_hits_12; sensitive_sink_data_collection_bonus_15; sensitive_sink_telemetry_bonus_15; keyword_support_eye_or_gaze_1_bonus_4; keyword_support_collection_or_telemetry_4_bonus_16,C:\realDesktop\manifest-evaluations\summer-26\ghidra-pipeline\il2cpp-files\Hyper\general-structure-results\70_high_general_structure_review_high\08e09e6c_Newtonsoft.Json.JsonSerializer$$set_TypeNameAssemblyFormatHandling.c,C:\realDesktop\manifest-evaluations\summer-26\ghidra-pipeline\il2cpp-files\Hyper\manual-review-pack\A_must_review\085_p199_Newtonsoft.Json.JsonSerializer$$set_TypeNameAssemblyFormatHandling.c
86,199,A_must_review,Newtonsoft.Json.JsonSerializer$$set_ReferenceLoopHandling,08e09f34,87,70_high_general_structure_review_high,validity_gate; data_collection; telemetry,validity_or_gating_hits_14; strong_file_logging_hits_2; telemetry_or_network_hits_7,base_scanner_score_87; module_bonus_validity_gate_8; module_bonus_data_collection_22; module_bonus_telemetry_20; evidence_bonus_telemetry_or_network_hits_12; sensitive_sink_data_collection_bonus_15; sensitive_sink_telemetry_bonus_15; keyword_support_eye_or_gaze_1_bonus_4; keyword_support_collection_or_telemetry_4_bonus_16,C:\realDesktop\manifest-evaluations\summer-26\ghidra-pipeline\il2cpp-files\Hyper\general-structure-results\70_high_general_structure_review_high\08e09f34_Newtonsoft.Json.JsonSerializer$$set_ReferenceLoopHandling.c,C:\realDesktop\manifest-evaluations\summer-26\ghidra-pipeline\il2cpp-files\Hyper\manual-review-pack\A_must_review\086_p199_Newtonsoft.Json.JsonSerializer$$set_ReferenceLoopHandling.c
87,199,A_must_review,Newtonsoft.Json.JsonSerializer$$set_PreserveReferencesHandling,08e09ed0,87,70_high_general_structure_review_high,validity_gate; data_collection; telemetry,validity_or_gating_hits_14; strong_file_logging_hits_2; telemetry_or_network_hits_7,base_scanner_score_87; module_bonus_validity_gate_8; module_bonus_data_collection_22; module_bonus_telemetry_20; evidence_bonus_telemetry_or_network_hits_12; sensitive_sink_data_collection_bonus_15; sensitive_sink_telemetry_bonus_15; keyword_support_eye_or_gaze_1_bonus_4; keyword_support_collection_or_telemetry_4_bonus_16,C:\realDesktop\manifest-evaluations\summer-26\ghidra-pipeline\il2cpp-files\Hyper\general-structure-results\70_high_general_structure_review_high\08e09ed0_Newtonsoft.Json.JsonSerializer$$set_PreserveReferencesHandling.c,C:\realDesktop\manifest-evaluations\summer-26\ghidra-pipeline\il2cpp-files\Hyper\manual-review-pack\A_must_review\087_p199_Newtonsoft.Json.JsonSerializer$$set_PreserveReferencesHandling.c
88,199,A_must_review,Newtonsoft.Json.JsonSerializer$$set_ObjectCreationHandling,08e0a0c4,87,70_high_general_structure_review_high,validity_gate; data_collection; telemetry,validity_or_gating_hits_9; strong_file_logging_hits_2; telemetry_or_network_hits_4,base_scanner_score_87; module_bonus_validity_gate_8; module_bonus_data_collection_22; module_bonus_telemetry_20; evidence_bonus_telemetry_or_network_hits_12; sensitive_sink_data_collection_bonus_15; sensitive_sink_telemetry_bonus_15; keyword_support_eye_or_gaze_1_bonus_4; keyword_support_collection_or_telemetry_4_bonus_16,C:\realDesktop\manifest-evaluations\summer-26\ghidra-pipeline\il2cpp-files\Hyper\general-structure-results\70_high_general_structure_review_high\08e0a0c4_Newtonsoft.Json.JsonSerializer$$set_ObjectCreationHandling.c,C:\realDesktop\manifest-evaluations\summer-26\ghidra-pipeline\il2cpp-files\Hyper\manual-review-pack\A_must_review\088_p199_Newtonsoft.Json.JsonSerializer$$set_ObjectCreationHandling.c
89,199,A_must_review,Newtonsoft.Json.JsonSerializer$$set_NullValueHandling,08e09ffc,87,70_high_general_structure_review_high,validity_gate; data_collection; telemetry,validity_or_gating_hits_11; strong_file_logging_hits_2; telemetry_or_network_hits_8,base_scanner_score_87; module_bonus_validity_gate_8; module_bonus_data_collection_22; module_bonus_telemetry_20; evidence_bonus_telemetry_or_network_hits_12; sensitive_sink_data_collection_bonus_15; sensitive_sink_telemetry_bonus_15; keyword_support_eye_or_gaze_1_bonus_4; keyword_support_collection_or_telemetry_4_bonus_16,C:\realDesktop\manifest-evaluations\summer-26\ghidra-pipeline\il2cpp-files\Hyper\general-structure-results\70_high_general_structure_review_high\08e09ffc_Newtonsoft.Json.JsonSerializer$$set_NullValueHandling.c,C:\realDesktop\manifest-evaluations\summer-26\ghidra-pipeline\il2cpp-files\Hyper\manual-review-pack\A_must_review\089_p199_Newtonsoft.Json.JsonSerializer$$set_NullValueHandling.c
90,199,A_must_review,Newtonsoft.Json.JsonSerializer$$set_MissingMemberHandling,08e09f98,87,70_high_general_structure_review_high,validity_gate; data_collection; telemetry,validity_or_gating_hits_13; strong_file_logging_hits_2; telemetry_or_network_hits_7,base_scanner_score_87; module_bonus_validity_gate_8; module_bonus_data_collection_22; module_bonus_telemetry_20; evidence_bonus_telemetry_or_network_hits_12; sensitive_sink_data_collection_bonus_15; sensitive_sink_telemetry_bonus_15; keyword_support_eye_or_gaze_1_bonus_4; keyword_support_collection_or_telemetry_4_bonus_16,C:\realDesktop\manifest-evaluations\summer-26\ghidra-pipeline\il2cpp-files\Hyper\general-structure-results\70_high_general_structure_review_high\08e09f98_Newtonsoft.Json.JsonSerializer$$set_MissingMemberHandling.c,C:\realDesktop\manifest-evaluations\summer-26\ghidra-pipeline\il2cpp-files\Hyper\manual-review-pack\A_must_review\090_p199_Newtonsoft.Json.JsonSerializer$$set_MissingMemberHandling.c
91,199,A_must_review,Newtonsoft.Json.JsonSerializer$$set_DefaultValueHandling,08e0a060,87,70_high_general_structure_review_high,validity_gate; data_collection; telemetry,validity_or_gating_hits_10; strong_file_logging_hits_2; telemetry_or_network_hits_7,base_scanner_score_87; module_bonus_validity_gate_8; module_bonus_data_collection_22; module_bonus_telemetry_20; evidence_bonus_telemetry_or_network_hits_12; sensitive_sink_data_collection_bonus_15; sensitive_sink_telemetry_bonus_15; keyword_support_eye_or_gaze_1_bonus_4; keyword_support_collection_or_telemetry_4_bonus_16,C:\realDesktop\manifest-evaluations\summer-26\ghidra-pipeline\il2cpp-files\Hyper\general-structure-results\70_high_general_structure_review_high\08e0a060_Newtonsoft.Json.JsonSerializer$$set_DefaultValueHandling.c,C:\realDesktop\manifest-evaluations\summer-26\ghidra-pipeline\il2cpp-files\Hyper\manual-review-pack\A_must_review\091_p199_Newtonsoft.Json.JsonSerializer$$set_DefaultValueHandling.c
92,199,A_must_review,Newtonsoft.Json.JsonSerializer$$set_ConstructorHandling,08e0a128,87,70_high_general_structure_review_high,validity_gate; data_collection; telemetry,validity_or_gating_hits_9; strong_file_logging_hits_2; telemetry_or_network_hits_4,base_scanner_score_87; module_bonus_validity_gate_8; module_bonus_data_collection_22; module_bonus_telemetry_20; evidence_bonus_telemetry_or_network_hits_12; sensitive_sink_data_collection_bonus_15; sensitive_sink_telemetry_bonus_15; keyword_support_eye_or_gaze_1_bonus_4; keyword_support_collection_or_telemetry_4_bonus_16,C:\realDesktop\manifest-evaluations\summer-26\ghidra-pipeline\il2cpp-files\Hyper\general-structure-results\70_high_general_structure_review_high\08e0a128_Newtonsoft.Json.JsonSerializer$$set_ConstructorHandling.c,C:\realDesktop\manifest-evaluations\summer-26\ghidra-pipeline\il2cpp-files\Hyper\manual-review-pack\A_must_review\092_p199_Newtonsoft.Json.JsonSerializer$$set_ConstructorHandling.c
93,199,A_must_review,Newtonsoft.Json.JsonSerializer$$get_TypeNameAssemblyFormatHandling,08e09e64,87,70_high_general_structure_review_high,validity_gate; data_collection; telemetry,validity_or_gating_hits_14; strong_file_logging_hits_2; telemetry_or_network_hits_7,base_scanner_score_87; module_bonus_validity_gate_8; module_bonus_data_collection_22; module_bonus_telemetry_20; evidence_bonus_telemetry_or_network_hits_12; sensitive_sink_data_collection_bonus_15; sensitive_sink_telemetry_bonus_15; keyword_support_eye_or_gaze_1_bonus_4; keyword_support_collection_or_telemetry_4_bonus_16,C:\realDesktop\manifest-evaluations\summer-26\ghidra-pipeline\il2cpp-files\Hyper\general-structure-results\70_high_general_structure_review_high\08e09e64_Newtonsoft.Json.JsonSerializer$$get_TypeNameAssemblyFormatHandling.c,C:\realDesktop\manifest-evaluations\summer-26\ghidra-pipeline\il2cpp-files\Hyper\manual-review-pack\A_must_review\093_p199_Newtonsoft.Json.JsonSerializer$$get_TypeNameAssemblyFormatHandling.c
94,199,A_must_review,Newtonsoft.Json.JsonSerializer$$get_ReferenceLoopHandling,08e09f2c,87,70_high_general_structure_review_high,validity_gate; data_collection; telemetry,validity_or_gating_hits_14; strong_file_logging_hits_2; telemetry_or_network_hits_7,base_scanner_score_87; module_bonus_validity_gate_8; module_bonus_data_collection_22; module_bonus_telemetry_20; evidence_bonus_telemetry_or_network_hits_12; sensitive_sink_data_collection_bonus_15; sensitive_sink_telemetry_bonus_15; keyword_support_eye_or_gaze_1_bonus_4; keyword_support_collection_or_telemetry_4_bonus_16,C:\realDesktop\manifest-evaluations\summer-26\ghidra-pipeline\il2cpp-files\Hyper\general-structure-results\70_high_general_structure_review_high\08e09f2c_Newtonsoft.Json.JsonSerializer$$get_ReferenceLoopHandling.c,C:\realDesktop\manifest-evaluations\summer-26\ghidra-pipeline\il2cpp-files\Hyper\manual-review-pack\A_must_review\094_p199_Newtonsoft.Json.JsonSerializer$$get_ReferenceLoopHandling.c
95,199,A_must_review,Newtonsoft.Json.JsonSerializer$$get_PreserveReferencesHandling,08e09ec8,87,70_high_general_structure_review_high,validity_gate; data_collection; telemetry,validity_or_gating_hits_14; strong_file_logging_hits_2; telemetry_or_network_hits_7,base_scanner_score_87; module_bonus_validity_gate_8; module_bonus_data_collection_22; module_bonus_telemetry_20; evidence_bonus_telemetry_or_network_hits_12; sensitive_sink_data_collection_bonus_15; sensitive_sink_telemetry_bonus_15; keyword_support_eye_or_gaze_1_bonus_4; keyword_support_collection_or_telemetry_4_bonus_16,C:\realDesktop\manifest-evaluations\summer-26\ghidra-pipeline\il2cpp-files\Hyper\general-structure-results\70_high_general_structure_review_high\08e09ec8_Newtonsoft.Json.JsonSerializer$$get_PreserveReferencesHandling.c,C:\realDesktop\manifest-evaluations\summer-26\ghidra-pipeline\il2cpp-files\Hyper\manual-review-pack\A_must_review\095_p199_Newtonsoft.Json.JsonSerializer$$get_PreserveReferencesHandling.c
96,199,A_must_review,Newtonsoft.Json.JsonSerializer$$get_ObjectCreationHandling,08e0a0bc,87,70_high_general_structure_review_high,validity_gate; data_collection; telemetry,validity_or_gating_hits_9; strong_file_logging_hits_2; telemetry_or_network_hits_4,base_scanner_score_87; module_bonus_validity_gate_8; module_bonus_data_collection_22; module_bonus_telemetry_20; evidence_bonus_telemetry_or_network_hits_12; sensitive_sink_data_collection_bonus_15; sensitive_sink_telemetry_bonus_15; keyword_support_eye_or_gaze_1_bonus_4; keyword_support_collection_or_telemetry_4_bonus_16,C:\realDesktop\manifest-evaluations\summer-26\ghidra-pipeline\il2cpp-files\Hyper\general-structure-results\70_high_general_structure_review_high\08e0a0bc_Newtonsoft.Json.JsonSerializer$$get_ObjectCreationHandling.c,C:\realDesktop\manifest-evaluations\summer-26\ghidra-pipeline\il2cpp-files\Hyper\manual-review-pack\A_must_review\096_p199_Newtonsoft.Json.JsonSerializer$$get_ObjectCreationHandling.c
97,199,A_must_review,Newtonsoft.Json.JsonSerializer$$get_NullValueHandling,08e09ff4,87,70_high_general_structure_review_high,validity_gate; data_collection; telemetry,validity_or_gating_hits_12; strong_file_logging_hits_2; telemetry_or_network_hits_7,base_scanner_score_87; module_bonus_validity_gate_8; module_bonus_data_collection_22; module_bonus_telemetry_20; evidence_bonus_telemetry_or_network_hits_12; sensitive_sink_data_collection_bonus_15; sensitive_sink_telemetry_bonus_15; keyword_support_eye_or_gaze_1_bonus_4; keyword_support_collection_or_telemetry_4_bonus_16,C:\realDesktop\manifest-evaluations\summer-26\ghidra-pipeline\il2cpp-files\Hyper\general-structure-results\70_high_general_structure_review_high\08e09ff4_Newtonsoft.Json.JsonSerializer$$get_NullValueHandling.c,C:\realDesktop\manifest-evaluations\summer-26\ghidra-pipeline\il2cpp-files\Hyper\manual-review-pack\A_must_review\097_p199_Newtonsoft.Json.JsonSerializer$$get_NullValueHandling.c
98,199,A_must_review,Newtonsoft.Json.JsonSerializer$$get_MissingMemberHandling,08e09f90,87,70_high_general_structure_review_high,validity_gate; data_collection; telemetry,validity_or_gating_hits_13; strong_file_logging_hits_2; telemetry_or_network_hits_7,base_scanner_score_87; module_bonus_validity_gate_8; module_bonus_data_collection_22; module_bonus_telemetry_20; evidence_bonus_telemetry_or_network_hits_12; sensitive_sink_data_collection_bonus_15; sensitive_sink_telemetry_bonus_15; keyword_support_eye_or_gaze_1_bonus_4; keyword_support_collection_or_telemetry_4_bonus_16,C:\realDesktop\manifest-evaluations\summer-26\ghidra-pipeline\il2cpp-files\Hyper\general-structure-results\70_high_general_structure_review_high\08e09f90_Newtonsoft.Json.JsonSerializer$$get_MissingMemberHandling.c,C:\realDesktop\manifest-evaluations\summer-26\ghidra-pipeline\il2cpp-files\Hyper\manual-review-pack\A_must_review\098_p199_Newtonsoft.Json.JsonSerializer$$get_MissingMemberHandling.c
99,199,A_must_review,Newtonsoft.Json.JsonSerializer$$get_DefaultValueHandling,08e0a058,87,70_high_general_structure_review_high,validity_gate; data_collection; telemetry,validity_or_gating_hits_10; strong_file_logging_hits_2; telemetry_or_network_hits_7,base_scanner_score_87; module_bonus_validity_gate_8; module_bonus_data_collection_22; module_bonus_telemetry_20; evidence_bonus_telemetry_or_network_hits_12; sensitive_sink_data_collection_bonus_15; sensitive_sink_telemetry_bonus_15; keyword_support_eye_or_gaze_1_bonus_4; keyword_support_collection_or_telemetry_4_bonus_16,C:\realDesktop\manifest-evaluations\summer-26\ghidra-pipeline\il2cpp-files\Hyper\general-structure-results\70_high_general_structure_review_high\08e0a058_Newtonsoft.Json.JsonSerializer$$get_DefaultValueHandling.c,C:\realDesktop\manifest-evaluations\summer-26\ghidra-pipeline\il2cpp-files\Hyper\manual-review-pack\A_must_review\099_p199_Newtonsoft.Json.JsonSerializer$$get_DefaultValueHandling.c
100,199,A_must_review,Newtonsoft.Json.JsonSerializer$$get_ConstructorHandling,08e0a120,87,70_high_general_structure_review_high,validity_gate; data_collection; telemetry,validity_or_gating_hits_9; strong_file_logging_hits_2; telemetry_or_network_hits_4,base_scanner_score_87; module_bonus_validity_gate_8; module_bonus_data_collection_22; module_bonus_telemetry_20; evidence_bonus_telemetry_or_network_hits_12; sensitive_sink_data_collection_bonus_15; sensitive_sink_telemetry_bonus_15; keyword_support_eye_or_gaze_1_bonus_4; keyword_support_collection_or_telemetry_4_bonus_16,C:\realDesktop\manifest-evaluations\summer-26\ghidra-pipeline\il2cpp-files\Hyper\general-structure-results\70_high_general_structure_review_high\08e0a120_Newtonsoft.Json.JsonSerializer$$get_ConstructorHandling.c,C:\realDesktop\manifest-evaluations\summer-26\ghidra-pipeline\il2cpp-files\Hyper\manual-review-pack\A_must_review\100_p199_Newtonsoft.Json.JsonSerializer$$get_ConstructorHandling.c
