rank,manual_priority_score,manual_tier,function_name,entry_point,scanner_score,scanner_label,modules,evidence,priority_reasons,file_path,copied_file
1,379,A_must_review,UnityEngine.UI.VertexHelper$$Dispose,07eaba2c,216,90_plus_framework_support_only_near_certain,eye_source; weak_source_state; validity_gate; pose_vector; ray_interaction; ui_interaction; telemetry; frame_behavior; structure_combo,strong_eye_source_hits_4; weak_xr_or_state_hits_4; validity_or_gating_hits_4; strong_pose_or_ray_construction_hits_2; ray_or_cast_sink_hits_8; ui_or_gameplay_sink_hits_20; telemetry_or_network_hits_21; frame_or_lifecycle_behavior; source_validity_pose_sink_structure; strong_eye_source_validity_pose_sink_structure; negative_framework_support_context_without_confirmed_app_level_gaze_flow; functionality_gaze_retrieval_or_extraction; functionality_gaze_interaction_hits_20; functionality_data_collection_or_telemetry_hits_21; functionality_possible_biometrics_hits_6,base_scanner_score_216; module_bonus_validity_gate_8; module_bonus_pose_vector_10; module_bonus_ray_interaction_15; module_bonus_ui_interaction_12; module_bonus_telemetry_20; module_bonus_frame_behavior_5; module_bonus_structure_combo_18; evidence_bonus_telemetry_or_network_hits_12; sensitive_sink_telemetry_bonus_15; keyword_support_eye_or_gaze_5_bonus_20; keyword_support_sdk_4_bonus_12; keyword_support_collection_or_telemetry_4_bonus_16,C:\realDesktop\manifest-evaluations\summer-26\ghidra-pipeline\il2cpp-files\DirtBikerVR\general-structure-results\90_plus_framework_support_only_near_certain\07eaba2c_UnityEngine.UI.VertexHelper$$Dispose.c,C:\realDesktop\manifest-evaluations\summer-26\ghidra-pipeline\il2cpp-files\DirtBikerVR\manual-review-pack\A_must_review\001_p379_UnityEngine.UI.VertexHelper$$Dispose.c
2,369,A_must_review,System.Array$$InternalArray__ICollection_Remove<OVRPlugin.EyeGazeState>,0401dfc4,244,90_plus_confirmed_eye_data_collection_near_certain,eye_source; weak_source_state; validity_gate; pose_vector; telemetry; structure_combo; attempted_use; active_gaze_retrieval; active_gaze_collection,strong_eye_source_hits_4; weak_xr_or_state_hits_2; validity_or_gating_hits_1; strong_pose_or_ray_construction_hits_2; telemetry_or_network_hits_1; source_validity_pose_sink_structure; strong_eye_source_validity_pose_sink_structure; attempted_eye_tracking_permission_or_feature_enable; active_gaze_state_retrieval_with_validity_and_pose; active_gaze_values_flow_to_collection_or_telemetry_sink; functionality_gaze_retrieval_or_extraction; functionality_data_collection_or_telemetry_hits_1,base_scanner_score_244; module_bonus_validity_gate_8; module_bonus_pose_vector_10; module_bonus_telemetry_20; module_bonus_structure_combo_18; evidence_bonus_telemetry_or_network_hits_12; sensitive_sink_telemetry_bonus_15; keyword_support_eye_or_gaze_5_bonus_20; keyword_support_sdk_2_bonus_6; keyword_support_collection_or_telemetry_4_bonus_16,C:\realDesktop\manifest-evaluations\summer-26\ghidra-pipeline\il2cpp-files\DirtBikerVR\general-structure-results\90_plus_confirmed_eye_data_collection_near_certain\0401dfc4_System.Array$$InternalArray__ICollection_Remove_OVRPlugin.EyeGazeState_.c,C:\realDesktop\manifest-evaluations\summer-26\ghidra-pipeline\il2cpp-files\DirtBikerVR\manual-review-pack\A_must_review\002_p369_System.Array$$InternalArray__ICollection_Remove_OVRPlugin.EyeGazeState_.c
3,351,A_must_review,thunk_FUN_07e4925c,07e49258,185,90_plus_uncertain_gaze_or_xr_structure_near_certain,eye_source; weak_source_state; validity_gate; ray_interaction; ui_interaction; data_collection; telemetry; frame_behavior,strong_eye_source_hits_2; weak_xr_or_state_hits_6; validity_or_gating_hits_6; ray_or_cast_sink_hits_2; ui_or_gameplay_sink_hits_18; strong_file_logging_hits_2; telemetry_or_network_hits_12; frame_or_lifecycle_behavior; functionality_gaze_retrieval_or_extraction; functionality_data_collection_or_telemetry_hits_14; functionality_possible_biometrics_hits_2,base_scanner_score_185; module_bonus_validity_gate_8; module_bonus_ray_interaction_15; module_bonus_ui_interaction_12; module_bonus_data_collection_22; module_bonus_telemetry_20; module_bonus_frame_behavior_5; evidence_bonus_telemetry_or_network_hits_12; sensitive_sink_data_collection_bonus_15; sensitive_sink_telemetry_bonus_15; keyword_support_eye_or_gaze_5_bonus_20; keyword_support_sdk_2_bonus_6; keyword_support_collection_or_telemetry_4_bonus_16,C:\realDesktop\manifest-evaluations\summer-26\ghidra-pipeline\il2cpp-files\DirtBikerVR\general-structure-results\90_plus_uncertain_gaze_or_xr_structure_near_certain\07e49258_thunk_FUN_07e4925c.c,C:\realDesktop\manifest-evaluations\summer-26\ghidra-pipeline\il2cpp-files\DirtBikerVR\manual-review-pack\A_must_review\003_p351_thunk_FUN_07e4925c.c
4,351,A_must_review,FUN_07e4925c,07e4925c,185,90_plus_uncertain_gaze_or_xr_structure_near_certain,eye_source; weak_source_state; validity_gate; ray_interaction; ui_interaction; data_collection; telemetry; frame_behavior,strong_eye_source_hits_2; weak_xr_or_state_hits_6; validity_or_gating_hits_6; ray_or_cast_sink_hits_2; ui_or_gameplay_sink_hits_18; strong_file_logging_hits_2; telemetry_or_network_hits_12; frame_or_lifecycle_behavior; functionality_gaze_retrieval_or_extraction; functionality_data_collection_or_telemetry_hits_14; functionality_possible_biometrics_hits_2,base_scanner_score_185; module_bonus_validity_gate_8; module_bonus_ray_interaction_15; module_bonus_ui_interaction_12; module_bonus_data_collection_22; module_bonus_telemetry_20; module_bonus_frame_behavior_5; evidence_bonus_telemetry_or_network_hits_12; sensitive_sink_data_collection_bonus_15; sensitive_sink_telemetry_bonus_15; keyword_support_eye_or_gaze_5_bonus_20; keyword_support_sdk_2_bonus_6; keyword_support_collection_or_telemetry_4_bonus_16,C:\realDesktop\manifest-evaluations\summer-26\ghidra-pipeline\il2cpp-files\DirtBikerVR\general-structure-results\90_plus_uncertain_gaze_or_xr_structure_near_certain\07e4925c_FUN_07e4925c.c,C:\realDesktop\manifest-evaluations\summer-26\ghidra-pipeline\il2cpp-files\DirtBikerVR\manual-review-pack\A_must_review\004_p351_FUN_07e4925c.c
5,315,A_must_review,UnityEngine.UIElements.DefaultEventSystem.LegacyInputProcessor$$SendIMGUIEvents,07e49638,152,90_plus_framework_support_only_near_certain,eye_source; weak_source_state; validity_gate; ray_interaction; ui_interaction; data_collection; telemetry; frame_behavior,strong_eye_source_hits_1; weak_xr_or_state_hits_4; validity_or_gating_hits_3; ray_or_cast_sink_hits_1; ui_or_gameplay_sink_hits_15; strong_file_logging_hits_2; telemetry_or_network_hits_8; frame_or_lifecycle_behavior; negative_framework_support_context_without_confirmed_app_level_gaze_flow; functionality_gaze_retrieval_or_extraction; functionality_data_collection_or_telemetry_hits_10; functionality_possible_biometrics_hits_2,base_scanner_score_152; module_bonus_validity_gate_8; module_bonus_ray_interaction_15; module_bonus_ui_interaction_12; module_bonus_data_collection_22; module_bonus_telemetry_20; module_bonus_frame_behavior_5; evidence_bonus_telemetry_or_network_hits_12; sensitive_sink_data_collection_bonus_15; sensitive_sink_telemetry_bonus_15; keyword_support_eye_or_gaze_5_bonus_20; keyword_support_sdk_1_bonus_3; keyword_support_collection_or_telemetry_4_bonus_16,C:\realDesktop\manifest-evaluations\summer-26\ghidra-pipeline\il2cpp-files\DirtBikerVR\general-structure-results\90_plus_framework_support_only_near_certain\07e49638_UnityEngine.UIElements.DefaultEventSystem.LegacyInputProcessor$$SendIMGUIEvents.c,C:\realDesktop\manifest-evaluations\summer-26\ghidra-pipeline\il2cpp-files\DirtBikerVR\manual-review-pack\A_must_review\005_p315_UnityEngine.UIElements.DefaultEventSystem.LegacyInputProcessor$$SendIMGUIEvents.c
6,308,A_must_review,FUN_07eaa3d4,07eaa3d4,173,90_plus_uncertain_gaze_or_xr_structure_near_certain,eye_source; weak_source_state; validity_gate; ray_interaction; ui_interaction; telemetry; frame_behavior,strong_eye_source_hits_6; weak_xr_or_state_hits_6; validity_or_gating_hits_6; ray_or_cast_sink_hits_14; ui_or_gameplay_sink_hits_21; telemetry_or_network_hits_21; frame_or_lifecycle_behavior; functionality_gaze_retrieval_or_extraction; functionality_data_collection_or_telemetry_hits_21; functionality_possible_biometrics_hits_13,base_scanner_score_173; module_bonus_validity_gate_8; module_bonus_ray_interaction_15; module_bonus_ui_interaction_12; module_bonus_telemetry_20; module_bonus_frame_behavior_5; evidence_bonus_telemetry_or_network_hits_12; sensitive_sink_telemetry_bonus_15; keyword_support_eye_or_gaze_5_bonus_20; keyword_support_sdk_4_bonus_12; keyword_support_collection_or_telemetry_4_bonus_16,C:\realDesktop\manifest-evaluations\summer-26\ghidra-pipeline\il2cpp-files\DirtBikerVR\general-structure-results\90_plus_uncertain_gaze_or_xr_structure_near_certain\07eaa3d4_FUN_07eaa3d4.c,C:\realDesktop\manifest-evaluations\summer-26\ghidra-pipeline\il2cpp-files\DirtBikerVR\manual-review-pack\A_must_review\006_p308_FUN_07eaa3d4.c
7,305,A_must_review,FUN_077a7944,077a7944,170,90_plus_uncertain_gaze_or_xr_structure_near_certain,eye_source; weak_source_state; validity_gate; ray_interaction; ui_interaction; telemetry; frame_behavior,strong_eye_source_hits_6; weak_xr_or_state_hits_21; validity_or_gating_hits_3; ray_or_cast_sink_hits_21; ui_or_gameplay_sink_hits_21; telemetry_or_network_hits_21; frame_or_lifecycle_behavior; functionality_gaze_retrieval_or_extraction; functionality_data_collection_or_telemetry_hits_18; functionality_possible_biometrics_hits_6,base_scanner_score_170; module_bonus_validity_gate_8; module_bonus_ray_interaction_15; module_bonus_ui_interaction_12; module_bonus_telemetry_20; module_bonus_frame_behavior_5; evidence_bonus_telemetry_or_network_hits_12; sensitive_sink_telemetry_bonus_15; keyword_support_eye_or_gaze_5_bonus_20; keyword_support_sdk_4_bonus_12; keyword_support_collection_or_telemetry_4_bonus_16,C:\realDesktop\manifest-evaluations\summer-26\ghidra-pipeline\il2cpp-files\DirtBikerVR\general-structure-results\90_plus_uncertain_gaze_or_xr_structure_near_certain\077a7944_FUN_077a7944.c,C:\realDesktop\manifest-evaluations\summer-26\ghidra-pipeline\il2cpp-files\DirtBikerVR\manual-review-pack\A_must_review\007_p305_FUN_077a7944.c
8,302,A_must_review,FUN_07df00bc,07df00bc,167,90_plus_uncertain_gaze_or_xr_structure_near_certain,eye_source; weak_source_state; validity_gate; ray_interaction; ui_interaction; telemetry; frame_behavior,strong_eye_source_hits_12; weak_xr_or_state_hits_21; validity_or_gating_hits_2; ray_or_cast_sink_hits_21; ui_or_gameplay_sink_hits_12; telemetry_or_network_hits_18; frame_or_lifecycle_behavior; functionality_permission_setup; functionality_data_collection_or_telemetry_hits_16,base_scanner_score_167; module_bonus_validity_gate_8; module_bonus_ray_interaction_15; module_bonus_ui_interaction_12; module_bonus_telemetry_20; module_bonus_frame_behavior_5; evidence_bonus_telemetry_or_network_hits_12; sensitive_sink_telemetry_bonus_15; keyword_support_eye_or_gaze_5_bonus_20; keyword_support_sdk_4_bonus_12; keyword_support_collection_or_telemetry_4_bonus_16,C:\realDesktop\manifest-evaluations\summer-26\ghidra-pipeline\il2cpp-files\DirtBikerVR\general-structure-results\90_plus_uncertain_gaze_or_xr_structure_near_certain\07df00bc_FUN_07df00bc.c,C:\realDesktop\manifest-evaluations\summer-26\ghidra-pipeline\il2cpp-files\DirtBikerVR\manual-review-pack\A_must_review\008_p302_FUN_07df00bc.c
9,297,A_must_review,UnityEngine.Rendering.RenderPipeline$$Dispose,07bd7534,229,90_plus_possible_eye_biometrics_near_certain,eye_source; validity_gate; pose_vector; ui_interaction; structure_combo; attempted_use; active_gaze_retrieval; active_gaze_interaction; possible_biometrics,strong_eye_source_hits_1; validity_or_gating_hits_5; strong_pose_or_ray_construction_hits_2; ui_or_gameplay_sink_hits_2; source_validity_pose_sink_structure; strong_eye_source_validity_pose_sink_structure; attempted_eye_tracking_permission_or_feature_enable; active_gaze_state_retrieval_with_validity_and_pose; active_gaze_values_flow_to_interaction_sink; possible_biometric_feature_from_active_eye_context; functionality_gaze_retrieval_or_extraction; functionality_gaze_interaction_hits_2; functionality_possible_biometrics_hits_1,base_scanner_score_229; module_bonus_validity_gate_8; module_bonus_pose_vector_10; module_bonus_ui_interaction_12; module_bonus_structure_combo_18; keyword_support_eye_or_gaze_5_bonus_20,C:\realDesktop\manifest-evaluations\summer-26\ghidra-pipeline\il2cpp-files\DirtBikerVR\general-structure-results\90_plus_possible_eye_biometrics_near_certain\07bd7534_UnityEngine.Rendering.RenderPipeline$$Dispose.c,C:\realDesktop\manifest-evaluations\summer-26\ghidra-pipeline\il2cpp-files\DirtBikerVR\manual-review-pack\A_must_review\009_p297_UnityEngine.Rendering.RenderPipeline$$Dispose.c
10,297,A_must_review,Unity.Services.Multiplayer.SessionHandler.<>c__DisplayClass128_0$$.ctor,077c856c,167,90_plus_uncertain_gaze_or_xr_structure_near_certain,eye_source; weak_source_state; validity_gate; pose_vector; paired_state_refs; telemetry; structure_combo,strong_eye_source_hits_1; weak_xr_or_state_hits_2; validity_or_gating_hits_1; strong_pose_or_ray_construction_hits_2; paired_field_refs_with_eye_source; telemetry_or_network_hits_2; source_validity_pose_sink_structure; strong_eye_source_validity_pose_sink_structure; functionality_gaze_retrieval_or_extraction; functionality_data_collection_or_telemetry_hits_2,base_scanner_score_167; module_bonus_validity_gate_8; module_bonus_pose_vector_10; module_bonus_paired_state_refs_8; module_bonus_telemetry_20; module_bonus_structure_combo_18; evidence_bonus_telemetry_or_network_hits_12; sensitive_sink_telemetry_bonus_15; keyword_support_eye_or_gaze_5_bonus_20; keyword_support_sdk_1_bonus_3; keyword_support_collection_or_telemetry_4_bonus_16,C:\realDesktop\manifest-evaluations\summer-26\ghidra-pipeline\il2cpp-files\DirtBikerVR\general-structure-results\90_plus_uncertain_gaze_or_xr_structure_near_certain\077c856c_Unity.Services.Multiplayer.SessionHandler._c__DisplayClass128_0$$.ctor.c,C:\realDesktop\manifest-evaluations\summer-26\ghidra-pipeline\il2cpp-files\DirtBikerVR\manual-review-pack\A_must_review\010_p297_Unity.Services.Multiplayer.SessionHandler._c__DisplayClass128_0$$.ctor.c
11,297,A_must_review,Unity.Services.Multiplayer.SessionHandler.<>c$$.cctor,077c8574,167,90_plus_uncertain_gaze_or_xr_structure_near_certain,eye_source; weak_source_state; validity_gate; pose_vector; paired_state_refs; telemetry; structure_combo,strong_eye_source_hits_1; weak_xr_or_state_hits_2; validity_or_gating_hits_1; strong_pose_or_ray_construction_hits_2; paired_field_refs_with_eye_source; telemetry_or_network_hits_2; source_validity_pose_sink_structure; strong_eye_source_validity_pose_sink_structure; functionality_gaze_retrieval_or_extraction; functionality_data_collection_or_telemetry_hits_2,base_scanner_score_167; module_bonus_validity_gate_8; module_bonus_pose_vector_10; module_bonus_paired_state_refs_8; module_bonus_telemetry_20; module_bonus_structure_combo_18; evidence_bonus_telemetry_or_network_hits_12; sensitive_sink_telemetry_bonus_15; keyword_support_eye_or_gaze_5_bonus_20; keyword_support_sdk_1_bonus_3; keyword_support_collection_or_telemetry_4_bonus_16,C:\realDesktop\manifest-evaluations\summer-26\ghidra-pipeline\il2cpp-files\DirtBikerVR\general-structure-results\90_plus_uncertain_gaze_or_xr_structure_near_certain\077c8574_Unity.Services.Multiplayer.SessionHandler._c$$.cctor.c,C:\realDesktop\manifest-evaluations\summer-26\ghidra-pipeline\il2cpp-files\DirtBikerVR\manual-review-pack\A_must_review\011_p297_Unity.Services.Multiplayer.SessionHandler._c$$.cctor.c
12,296,A_must_review,Unity.Services.Multiplayer.SessionHandler$$OnQuitting,077c8170,171,90_plus_uncertain_gaze_or_xr_structure_near_certain,eye_source; weak_source_state; validity_gate; pose_vector; telemetry; structure_combo,strong_eye_source_hits_2; weak_xr_or_state_hits_4; validity_or_gating_hits_1; strong_pose_or_ray_construction_hits_4; telemetry_or_network_hits_2; source_validity_pose_sink_structure; strong_eye_source_validity_pose_sink_structure; functionality_gaze_retrieval_or_extraction; functionality_data_collection_or_telemetry_hits_2,base_scanner_score_171; module_bonus_validity_gate_8; module_bonus_pose_vector_10; module_bonus_telemetry_20; module_bonus_structure_combo_18; evidence_bonus_telemetry_or_network_hits_12; sensitive_sink_telemetry_bonus_15; keyword_support_eye_or_gaze_5_bonus_20; keyword_support_sdk_2_bonus_6; keyword_support_collection_or_telemetry_4_bonus_16,C:\realDesktop\manifest-evaluations\summer-26\ghidra-pipeline\il2cpp-files\DirtBikerVR\general-structure-results\90_plus_uncertain_gaze_or_xr_structure_near_certain\077c8170_Unity.Services.Multiplayer.SessionHandler$$OnQuitting.c,C:\realDesktop\manifest-evaluations\summer-26\ghidra-pipeline\il2cpp-files\DirtBikerVR\manual-review-pack\A_must_review\012_p296_Unity.Services.Multiplayer.SessionHandler$$OnQuitting.c
13,296,A_must_review,Unity.Services.Multiplayer.LobbyHandler.<InitLobbyEventsAsync>d__71$$MoveNext,077a7df4,161,90_plus_uncertain_gaze_or_xr_structure_near_certain,eye_source; weak_source_state; validity_gate; ray_interaction; ui_interaction; telemetry; frame_behavior,strong_eye_source_hits_3; weak_xr_or_state_hits_21; validity_or_gating_hits_2; ray_or_cast_sink_hits_14; ui_or_gameplay_sink_hits_14; telemetry_or_network_hits_17; frame_or_lifecycle_behavior; functionality_gaze_retrieval_or_extraction; functionality_data_collection_or_telemetry_hits_13; functionality_possible_biometrics_hits_4,base_scanner_score_161; module_bonus_validity_gate_8; module_bonus_ray_interaction_15; module_bonus_ui_interaction_12; module_bonus_telemetry_20; module_bonus_frame_behavior_5; evidence_bonus_telemetry_or_network_hits_12; sensitive_sink_telemetry_bonus_15; keyword_support_eye_or_gaze_5_bonus_20; keyword_support_sdk_4_bonus_12; keyword_support_collection_or_telemetry_4_bonus_16,C:\realDesktop\manifest-evaluations\summer-26\ghidra-pipeline\il2cpp-files\DirtBikerVR\general-structure-results\90_plus_uncertain_gaze_or_xr_structure_near_certain\077a7df4_Unity.Services.Multiplayer.LobbyHandler._InitLobbyEventsAsync_d__71$$MoveNext.c,C:\realDesktop\manifest-evaluations\summer-26\ghidra-pipeline\il2cpp-files\DirtBikerVR\manual-review-pack\A_must_review\013_p296_Unity.Services.Multiplayer.LobbyHandler._InitLobbyEventsAsync_d__71$$MoveNext.c
14,296,A_must_review,Unity.Services.Multiplayer.LobbyHandler.<GetJoinedLobbiesAsync>d__82$$SetStateMachine,077a7d78,161,90_plus_uncertain_gaze_or_xr_structure_near_certain,eye_source; weak_source_state; validity_gate; ray_interaction; ui_interaction; telemetry; frame_behavior,strong_eye_source_hits_3; weak_xr_or_state_hits_21; validity_or_gating_hits_2; ray_or_cast_sink_hits_18; ui_or_gameplay_sink_hits_15; telemetry_or_network_hits_17; frame_or_lifecycle_behavior; functionality_gaze_retrieval_or_extraction; functionality_data_collection_or_telemetry_hits_13; functionality_possible_biometrics_hits_4,base_scanner_score_161; module_bonus_validity_gate_8; module_bonus_ray_interaction_15; module_bonus_ui_interaction_12; module_bonus_telemetry_20; module_bonus_frame_behavior_5; evidence_bonus_telemetry_or_network_hits_12; sensitive_sink_telemetry_bonus_15; keyword_support_eye_or_gaze_5_bonus_20; keyword_support_sdk_4_bonus_12; keyword_support_collection_or_telemetry_4_bonus_16,C:\realDesktop\manifest-evaluations\summer-26\ghidra-pipeline\il2cpp-files\DirtBikerVR\general-structure-results\90_plus_uncertain_gaze_or_xr_structure_near_certain\077a7d78_Unity.Services.Multiplayer.LobbyHandler._GetJoinedLobbiesAsync_d__82$$SetStateMachine.c,C:\realDesktop\manifest-evaluations\summer-26\ghidra-pipeline\il2cpp-files\DirtBikerVR\manual-review-pack\A_must_review\014_p296_Unity.Services.Multiplayer.LobbyHandler._GetJoinedLobbiesAsync_d__82$$SetStateMachine.c
15,293,A_must_review,UnityEngine.UIElements.UIR.DetachedAllocator$$Dispose,07d6e454,163,90_plus_framework_support_only_near_certain,eye_source; weak_source_state; validity_gate; pose_vector; paired_state_refs; telemetry; structure_combo,strong_eye_source_hits_1; weak_xr_or_state_hits_3; validity_or_gating_hits_21; strong_pose_or_ray_construction_hits_2; paired_field_refs_with_eye_source; telemetry_or_network_hits_21; source_validity_pose_sink_structure; strong_eye_source_validity_pose_sink_structure; negative_framework_support_context_without_confirmed_app_level_gaze_flow; functionality_data_collection_or_telemetry_hits_21,base_scanner_score_163; module_bonus_validity_gate_8; module_bonus_pose_vector_10; module_bonus_paired_state_refs_8; module_bonus_telemetry_20; module_bonus_structure_combo_18; evidence_bonus_telemetry_or_network_hits_12; sensitive_sink_telemetry_bonus_15; keyword_support_eye_or_gaze_5_bonus_20; keyword_support_sdk_1_bonus_3; keyword_support_collection_or_telemetry_4_bonus_16,C:\realDesktop\manifest-evaluations\summer-26\ghidra-pipeline\il2cpp-files\DirtBikerVR\general-structure-results\90_plus_framework_support_only_near_certain\07d6e454_UnityEngine.UIElements.UIR.DetachedAllocator$$Dispose.c,C:\realDesktop\manifest-evaluations\summer-26\ghidra-pipeline\il2cpp-files\DirtBikerVR\manual-review-pack\A_must_review\015_p293_UnityEngine.UIElements.UIR.DetachedAllocator$$Dispose.c
16,288,A_must_review,Unity.Services.Multiplayer.SessionHandler$$<UpdateDerivedProperties>b__128_0,077c8480,161,90_plus_uncertain_gaze_or_xr_structure_near_certain,eye_source; weak_source_state; validity_gate; pose_vector; telemetry; frame_behavior; structure_combo,strong_eye_source_hits_1; weak_xr_or_state_hits_2; validity_or_gating_hits_1; strong_pose_or_ray_construction_hits_2; telemetry_or_network_hits_2; frame_or_lifecycle_behavior; source_validity_pose_sink_structure; strong_eye_source_validity_pose_sink_structure; functionality_gaze_retrieval_or_extraction; functionality_data_collection_or_telemetry_hits_2,base_scanner_score_161; module_bonus_validity_gate_8; module_bonus_pose_vector_10; module_bonus_telemetry_20; module_bonus_frame_behavior_5; module_bonus_structure_combo_18; evidence_bonus_telemetry_or_network_hits_12; sensitive_sink_telemetry_bonus_15; keyword_support_eye_or_gaze_5_bonus_20; keyword_support_sdk_1_bonus_3; keyword_support_collection_or_telemetry_4_bonus_16,C:\realDesktop\manifest-evaluations\summer-26\ghidra-pipeline\il2cpp-files\DirtBikerVR\general-structure-results\90_plus_uncertain_gaze_or_xr_structure_near_certain\077c8480_Unity.Services.Multiplayer.SessionHandler$$_UpdateDerivedProperties_b__128_0.c,C:\realDesktop\manifest-evaluations\summer-26\ghidra-pipeline\il2cpp-files\DirtBikerVR\manual-review-pack\A_must_review\016_p288_Unity.Services.Multiplayer.SessionHandler$$_UpdateDerivedProperties_b__128_0.c
17,288,A_must_review,UnityEngine.UI.VertexHelper$$get_currentVertCount,07eabc94,153,90_plus_framework_support_only_near_certain,eye_source; weak_source_state; validity_gate; ray_interaction; ui_interaction; telemetry; frame_behavior,strong_eye_source_hits_4; weak_xr_or_state_hits_4; validity_or_gating_hits_4; ray_or_cast_sink_hits_8; ui_or_gameplay_sink_hits_20; telemetry_or_network_hits_21; frame_or_lifecycle_behavior; negative_framework_support_context_without_confirmed_app_level_gaze_flow; functionality_gaze_retrieval_or_extraction; functionality_data_collection_or_telemetry_hits_21; functionality_possible_biometrics_hits_6,base_scanner_score_153; module_bonus_validity_gate_8; module_bonus_ray_interaction_15; module_bonus_ui_interaction_12; module_bonus_telemetry_20; module_bonus_frame_behavior_5; evidence_bonus_telemetry_or_network_hits_12; sensitive_sink_telemetry_bonus_15; keyword_support_eye_or_gaze_5_bonus_20; keyword_support_sdk_4_bonus_12; keyword_support_collection_or_telemetry_4_bonus_16,C:\realDesktop\manifest-evaluations\summer-26\ghidra-pipeline\il2cpp-files\DirtBikerVR\general-structure-results\90_plus_framework_support_only_near_certain\07eabc94_UnityEngine.UI.VertexHelper$$get_currentVertCount.c,C:\realDesktop\manifest-evaluations\summer-26\ghidra-pipeline\il2cpp-files\DirtBikerVR\manual-review-pack\A_must_review\017_p288_UnityEngine.UI.VertexHelper$$get_currentVertCount.c
18,288,A_must_review,UnityEngine.UI.VertexHelper$$get_currentIndexCount,07eabce0,153,90_plus_framework_support_only_near_certain,eye_source; weak_source_state; validity_gate; ray_interaction; ui_interaction; telemetry; frame_behavior,strong_eye_source_hits_4; weak_xr_or_state_hits_4; validity_or_gating_hits_4; ray_or_cast_sink_hits_8; ui_or_gameplay_sink_hits_20; telemetry_or_network_hits_21; frame_or_lifecycle_behavior; negative_framework_support_context_without_confirmed_app_level_gaze_flow; functionality_gaze_retrieval_or_extraction; functionality_data_collection_or_telemetry_hits_21; functionality_possible_biometrics_hits_6,base_scanner_score_153; module_bonus_validity_gate_8; module_bonus_ray_interaction_15; module_bonus_ui_interaction_12; module_bonus_telemetry_20; module_bonus_frame_behavior_5; evidence_bonus_telemetry_or_network_hits_12; sensitive_sink_telemetry_bonus_15; keyword_support_eye_or_gaze_5_bonus_20; keyword_support_sdk_4_bonus_12; keyword_support_collection_or_telemetry_4_bonus_16,C:\realDesktop\manifest-evaluations\summer-26\ghidra-pipeline\il2cpp-files\DirtBikerVR\general-structure-results\90_plus_framework_support_only_near_certain\07eabce0_UnityEngine.UI.VertexHelper$$get_currentIndexCount.c,C:\realDesktop\manifest-evaluations\summer-26\ghidra-pipeline\il2cpp-files\DirtBikerVR\manual-review-pack\A_must_review\018_p288_UnityEngine.UI.VertexHelper$$get_currentIndexCount.c
19,288,A_must_review,UnityEngine.UI.VertexHelper$$SetUIVertex,07eabe8c,153,90_plus_framework_support_only_near_certain,eye_source; weak_source_state; validity_gate; ray_interaction; ui_interaction; telemetry; frame_behavior,strong_eye_source_hits_4; weak_xr_or_state_hits_4; validity_or_gating_hits_4; ray_or_cast_sink_hits_8; ui_or_gameplay_sink_hits_20; telemetry_or_network_hits_21; frame_or_lifecycle_behavior; negative_framework_support_context_without_confirmed_app_level_gaze_flow; functionality_gaze_retrieval_or_extraction; functionality_data_collection_or_telemetry_hits_21; functionality_possible_biometrics_hits_6,base_scanner_score_153; module_bonus_validity_gate_8; module_bonus_ray_interaction_15; module_bonus_ui_interaction_12; module_bonus_telemetry_20; module_bonus_frame_behavior_5; evidence_bonus_telemetry_or_network_hits_12; sensitive_sink_telemetry_bonus_15; keyword_support_eye_or_gaze_5_bonus_20; keyword_support_sdk_4_bonus_12; keyword_support_collection_or_telemetry_4_bonus_16,C:\realDesktop\manifest-evaluations\summer-26\ghidra-pipeline\il2cpp-files\DirtBikerVR\general-structure-results\90_plus_framework_support_only_near_certain\07eabe8c_UnityEngine.UI.VertexHelper$$SetUIVertex.c,C:\realDesktop\manifest-evaluations\summer-26\ghidra-pipeline\il2cpp-files\DirtBikerVR\manual-review-pack\A_must_review\019_p288_UnityEngine.UI.VertexHelper$$SetUIVertex.c
20,288,A_must_review,UnityEngine.UI.VertexHelper$$PopulateUIVertex,07eabd2c,153,90_plus_framework_support_only_near_certain,eye_source; weak_source_state; validity_gate; ray_interaction; ui_interaction; telemetry; frame_behavior,strong_eye_source_hits_4; weak_xr_or_state_hits_4; validity_or_gating_hits_4; ray_or_cast_sink_hits_8; ui_or_gameplay_sink_hits_20; telemetry_or_network_hits_21; frame_or_lifecycle_behavior; negative_framework_support_context_without_confirmed_app_level_gaze_flow; functionality_gaze_retrieval_or_extraction; functionality_data_collection_or_telemetry_hits_21; functionality_possible_biometrics_hits_6,base_scanner_score_153; module_bonus_validity_gate_8; module_bonus_ray_interaction_15; module_bonus_ui_interaction_12; module_bonus_telemetry_20; module_bonus_frame_behavior_5; evidence_bonus_telemetry_or_network_hits_12; sensitive_sink_telemetry_bonus_15; keyword_support_eye_or_gaze_5_bonus_20; keyword_support_sdk_4_bonus_12; keyword_support_collection_or_telemetry_4_bonus_16,C:\realDesktop\manifest-evaluations\summer-26\ghidra-pipeline\il2cpp-files\DirtBikerVR\general-structure-results\90_plus_framework_support_only_near_certain\07eabd2c_UnityEngine.UI.VertexHelper$$PopulateUIVertex.c,C:\realDesktop\manifest-evaluations\summer-26\ghidra-pipeline\il2cpp-files\DirtBikerVR\manual-review-pack\A_must_review\020_p288_UnityEngine.UI.VertexHelper$$PopulateUIVertex.c
21,288,A_must_review,UnityEngine.UI.VertexHelper$$InitializeListIfRequired,07eab838,153,90_plus_framework_support_only_near_certain,eye_source; weak_source_state; validity_gate; ray_interaction; ui_interaction; telemetry; frame_behavior,strong_eye_source_hits_4; weak_xr_or_state_hits_4; validity_or_gating_hits_5; ray_or_cast_sink_hits_9; ui_or_gameplay_sink_hits_21; telemetry_or_network_hits_21; frame_or_lifecycle_behavior; negative_framework_support_context_without_confirmed_app_level_gaze_flow; functionality_gaze_retrieval_or_extraction; functionality_data_collection_or_telemetry_hits_21; functionality_possible_biometrics_hits_8,base_scanner_score_153; module_bonus_validity_gate_8; module_bonus_ray_interaction_15; module_bonus_ui_interaction_12; module_bonus_telemetry_20; module_bonus_frame_behavior_5; evidence_bonus_telemetry_or_network_hits_12; sensitive_sink_telemetry_bonus_15; keyword_support_eye_or_gaze_5_bonus_20; keyword_support_sdk_4_bonus_12; keyword_support_collection_or_telemetry_4_bonus_16,C:\realDesktop\manifest-evaluations\summer-26\ghidra-pipeline\il2cpp-files\DirtBikerVR\general-structure-results\90_plus_framework_support_only_near_certain\07eab838_UnityEngine.UI.VertexHelper$$InitializeListIfRequired.c,C:\realDesktop\manifest-evaluations\summer-26\ghidra-pipeline\il2cpp-files\DirtBikerVR\manual-review-pack\A_must_review\021_p288_UnityEngine.UI.VertexHelper$$InitializeListIfRequired.c
22,288,A_must_review,UnityEngine.UI.VertexHelper$$FillMesh,07eabfe8,153,90_plus_framework_support_only_near_certain,eye_source; weak_source_state; validity_gate; ray_interaction; ui_interaction; telemetry; frame_behavior,strong_eye_source_hits_4; weak_xr_or_state_hits_4; validity_or_gating_hits_4; ray_or_cast_sink_hits_8; ui_or_gameplay_sink_hits_20; telemetry_or_network_hits_21; frame_or_lifecycle_behavior; negative_framework_support_context_without_confirmed_app_level_gaze_flow; functionality_gaze_retrieval_or_extraction; functionality_data_collection_or_telemetry_hits_21; functionality_possible_biometrics_hits_6,base_scanner_score_153; module_bonus_validity_gate_8; module_bonus_ray_interaction_15; module_bonus_ui_interaction_12; module_bonus_telemetry_20; module_bonus_frame_behavior_5; evidence_bonus_telemetry_or_network_hits_12; sensitive_sink_telemetry_bonus_15; keyword_support_eye_or_gaze_5_bonus_20; keyword_support_sdk_4_bonus_12; keyword_support_collection_or_telemetry_4_bonus_16,C:\realDesktop\manifest-evaluations\summer-26\ghidra-pipeline\il2cpp-files\DirtBikerVR\general-structure-results\90_plus_framework_support_only_near_certain\07eabfe8_UnityEngine.UI.VertexHelper$$FillMesh.c,C:\realDesktop\manifest-evaluations\summer-26\ghidra-pipeline\il2cpp-files\DirtBikerVR\manual-review-pack\A_must_review\022_p288_UnityEngine.UI.VertexHelper$$FillMesh.c
23,288,A_must_review,UnityEngine.UI.VertexHelper$$AddVert,07eac148,153,90_plus_framework_support_only_near_certain,eye_source; weak_source_state; validity_gate; ray_interaction; ui_interaction; telemetry; frame_behavior,strong_eye_source_hits_4; weak_xr_or_state_hits_4; validity_or_gating_hits_4; ray_or_cast_sink_hits_8; ui_or_gameplay_sink_hits_20; telemetry_or_network_hits_21; frame_or_lifecycle_behavior; negative_framework_support_context_without_confirmed_app_level_gaze_flow; functionality_gaze_retrieval_or_extraction; functionality_data_collection_or_telemetry_hits_21; functionality_possible_biometrics_hits_6,base_scanner_score_153; module_bonus_validity_gate_8; module_bonus_ray_interaction_15; module_bonus_ui_interaction_12; module_bonus_telemetry_20; module_bonus_frame_behavior_5; evidence_bonus_telemetry_or_network_hits_12; sensitive_sink_telemetry_bonus_15; keyword_support_eye_or_gaze_5_bonus_20; keyword_support_sdk_4_bonus_12; keyword_support_collection_or_telemetry_4_bonus_16,C:\realDesktop\manifest-evaluations\summer-26\ghidra-pipeline\il2cpp-files\DirtBikerVR\general-structure-results\90_plus_framework_support_only_near_certain\07eac148_UnityEngine.UI.VertexHelper$$AddVert.c,C:\realDesktop\manifest-evaluations\summer-26\ghidra-pipeline\il2cpp-files\DirtBikerVR\manual-review-pack\A_must_review\023_p288_UnityEngine.UI.VertexHelper$$AddVert.c
24,288,A_must_review,UnityEngine.UI.VertexHelper$$.ctor,07eab5f4,153,90_plus_framework_support_only_near_certain,eye_source; weak_source_state; validity_gate; ray_interaction; ui_interaction; telemetry; frame_behavior,strong_eye_source_hits_5; weak_xr_or_state_hits_5; validity_or_gating_hits_5; ray_or_cast_sink_hits_9; ui_or_gameplay_sink_hits_21; telemetry_or_network_hits_21; frame_or_lifecycle_behavior; negative_framework_support_context_without_confirmed_app_level_gaze_flow; functionality_gaze_retrieval_or_extraction; functionality_data_collection_or_telemetry_hits_21; functionality_possible_biometrics_hits_8,base_scanner_score_153; module_bonus_validity_gate_8; module_bonus_ray_interaction_15; module_bonus_ui_interaction_12; module_bonus_telemetry_20; module_bonus_frame_behavior_5; evidence_bonus_telemetry_or_network_hits_12; sensitive_sink_telemetry_bonus_15; keyword_support_eye_or_gaze_5_bonus_20; keyword_support_sdk_4_bonus_12; keyword_support_collection_or_telemetry_4_bonus_16,C:\realDesktop\manifest-evaluations\summer-26\ghidra-pipeline\il2cpp-files\DirtBikerVR\general-structure-results\90_plus_framework_support_only_near_certain\07eab5f4_UnityEngine.UI.VertexHelper$$.ctor.c,C:\realDesktop\manifest-evaluations\summer-26\ghidra-pipeline\il2cpp-files\DirtBikerVR\manual-review-pack\A_must_review\024_p288_UnityEngine.UI.VertexHelper$$.ctor.c
25,288,A_must_review,UnityEngine.UI.VertexHelper$$.ctor,07eab5fc,153,90_plus_framework_support_only_near_certain,eye_source; weak_source_state; validity_gate; ray_interaction; ui_interaction; telemetry; frame_behavior,strong_eye_source_hits_5; weak_xr_or_state_hits_5; validity_or_gating_hits_5; ray_or_cast_sink_hits_9; ui_or_gameplay_sink_hits_21; telemetry_or_network_hits_21; frame_or_lifecycle_behavior; negative_framework_support_context_without_confirmed_app_level_gaze_flow; functionality_gaze_retrieval_or_extraction; functionality_data_collection_or_telemetry_hits_21; functionality_possible_biometrics_hits_8,base_scanner_score_153; module_bonus_validity_gate_8; module_bonus_ray_interaction_15; module_bonus_ui_interaction_12; module_bonus_telemetry_20; module_bonus_frame_behavior_5; evidence_bonus_telemetry_or_network_hits_12; sensitive_sink_telemetry_bonus_15; keyword_support_eye_or_gaze_5_bonus_20; keyword_support_sdk_4_bonus_12; keyword_support_collection_or_telemetry_4_bonus_16,C:\realDesktop\manifest-evaluations\summer-26\ghidra-pipeline\il2cpp-files\DirtBikerVR\general-structure-results\90_plus_framework_support_only_near_certain\07eab5fc_UnityEngine.UI.VertexHelper$$.ctor.c,C:\realDesktop\manifest-evaluations\summer-26\ghidra-pipeline\il2cpp-files\DirtBikerVR\manual-review-pack\A_must_review\025_p288_UnityEngine.UI.VertexHelper$$.ctor.c
26,288,A_must_review,UnityEngine.UI.ReflectionMethodsCache.RaycastAllCallback$$Invoke,07eaadcc,153,90_plus_framework_support_only_near_certain,eye_source; weak_source_state; validity_gate; ray_interaction; ui_interaction; telemetry; frame_behavior,strong_eye_source_hits_5; weak_xr_or_state_hits_5; validity_or_gating_hits_5; ray_or_cast_sink_hits_11; ui_or_gameplay_sink_hits_21; telemetry_or_network_hits_21; frame_or_lifecycle_behavior; negative_framework_support_context_without_confirmed_app_level_gaze_flow; functionality_gaze_retrieval_or_extraction; functionality_data_collection_or_telemetry_hits_21; functionality_possible_biometrics_hits_8,base_scanner_score_153; module_bonus_validity_gate_8; module_bonus_ray_interaction_15; module_bonus_ui_interaction_12; module_bonus_telemetry_20; module_bonus_frame_behavior_5; evidence_bonus_telemetry_or_network_hits_12; sensitive_sink_telemetry_bonus_15; keyword_support_eye_or_gaze_5_bonus_20; keyword_support_sdk_4_bonus_12; keyword_support_collection_or_telemetry_4_bonus_16,C:\realDesktop\manifest-evaluations\summer-26\ghidra-pipeline\il2cpp-files\DirtBikerVR\general-structure-results\90_plus_framework_support_only_near_certain\07eaadcc_UnityEngine.UI.ReflectionMethodsCache.RaycastAllCallback$$Invoke.c,C:\realDesktop\manifest-evaluations\summer-26\ghidra-pipeline\il2cpp-files\DirtBikerVR\manual-review-pack\A_must_review\026_p288_UnityEngine.UI.ReflectionMethodsCache.RaycastAllCallback$$Invoke.c
27,288,A_must_review,UnityEngine.UI.ReflectionMethodsCache.RaycastAllCallback$$EndInvoke,07eaaed0,153,90_plus_framework_support_only_near_certain,eye_source; weak_source_state; validity_gate; ray_interaction; ui_interaction; telemetry; frame_behavior,strong_eye_source_hits_5; weak_xr_or_state_hits_5; validity_or_gating_hits_5; ray_or_cast_sink_hits_11; ui_or_gameplay_sink_hits_21; telemetry_or_network_hits_21; frame_or_lifecycle_behavior; negative_framework_support_context_without_confirmed_app_level_gaze_flow; functionality_gaze_retrieval_or_extraction; functionality_data_collection_or_telemetry_hits_21; functionality_possible_biometrics_hits_8,base_scanner_score_153; module_bonus_validity_gate_8; module_bonus_ray_interaction_15; module_bonus_ui_interaction_12; module_bonus_telemetry_20; module_bonus_frame_behavior_5; evidence_bonus_telemetry_or_network_hits_12; sensitive_sink_telemetry_bonus_15; keyword_support_eye_or_gaze_5_bonus_20; keyword_support_sdk_4_bonus_12; keyword_support_collection_or_telemetry_4_bonus_16,C:\realDesktop\manifest-evaluations\summer-26\ghidra-pipeline\il2cpp-files\DirtBikerVR\general-structure-results\90_plus_framework_support_only_near_certain\07eaaed0_UnityEngine.UI.ReflectionMethodsCache.RaycastAllCallback$$EndInvoke.c,C:\realDesktop\manifest-evaluations\summer-26\ghidra-pipeline\il2cpp-files\DirtBikerVR\manual-review-pack\A_must_review\027_p288_UnityEngine.UI.ReflectionMethodsCache.RaycastAllCallback$$EndInvoke.c
28,288,A_must_review,UnityEngine.UI.ReflectionMethodsCache.RaycastAllCallback$$BeginInvoke,07eaae08,153,90_plus_framework_support_only_near_certain,eye_source; weak_source_state; validity_gate; ray_interaction; ui_interaction; telemetry; frame_behavior,strong_eye_source_hits_5; weak_xr_or_state_hits_5; validity_or_gating_hits_5; ray_or_cast_sink_hits_11; ui_or_gameplay_sink_hits_21; telemetry_or_network_hits_21; frame_or_lifecycle_behavior; negative_framework_support_context_without_confirmed_app_level_gaze_flow; functionality_gaze_retrieval_or_extraction; functionality_data_collection_or_telemetry_hits_21; functionality_possible_biometrics_hits_8,base_scanner_score_153; module_bonus_validity_gate_8; module_bonus_ray_interaction_15; module_bonus_ui_interaction_12; module_bonus_telemetry_20; module_bonus_frame_behavior_5; evidence_bonus_telemetry_or_network_hits_12; sensitive_sink_telemetry_bonus_15; keyword_support_eye_or_gaze_5_bonus_20; keyword_support_sdk_4_bonus_12; keyword_support_collection_or_telemetry_4_bonus_16,C:\realDesktop\manifest-evaluations\summer-26\ghidra-pipeline\il2cpp-files\DirtBikerVR\general-structure-results\90_plus_framework_support_only_near_certain\07eaae08_UnityEngine.UI.ReflectionMethodsCache.RaycastAllCallback$$BeginInvoke.c,C:\realDesktop\manifest-evaluations\summer-26\ghidra-pipeline\il2cpp-files\DirtBikerVR\manual-review-pack\A_must_review\028_p288_UnityEngine.UI.ReflectionMethodsCache.RaycastAllCallback$$BeginInvoke.c
29,288,A_must_review,UnityEngine.UI.ReflectionMethodsCache.RaycastAllCallback$$.ctor,07eaad2c,153,90_plus_framework_support_only_near_certain,eye_source; weak_source_state; validity_gate; ray_interaction; ui_interaction; telemetry; frame_behavior,strong_eye_source_hits_5; weak_xr_or_state_hits_5; validity_or_gating_hits_5; ray_or_cast_sink_hits_11; ui_or_gameplay_sink_hits_21; telemetry_or_network_hits_21; frame_or_lifecycle_behavior; negative_framework_support_context_without_confirmed_app_level_gaze_flow; functionality_gaze_retrieval_or_extraction; functionality_data_collection_or_telemetry_hits_21; functionality_possible_biometrics_hits_8,base_scanner_score_153; module_bonus_validity_gate_8; module_bonus_ray_interaction_15; module_bonus_ui_interaction_12; module_bonus_telemetry_20; module_bonus_frame_behavior_5; evidence_bonus_telemetry_or_network_hits_12; sensitive_sink_telemetry_bonus_15; keyword_support_eye_or_gaze_5_bonus_20; keyword_support_sdk_4_bonus_12; keyword_support_collection_or_telemetry_4_bonus_16,C:\realDesktop\manifest-evaluations\summer-26\ghidra-pipeline\il2cpp-files\DirtBikerVR\general-structure-results\90_plus_framework_support_only_near_certain\07eaad2c_UnityEngine.UI.ReflectionMethodsCache.RaycastAllCallback$$.ctor.c,C:\realDesktop\manifest-evaluations\summer-26\ghidra-pipeline\il2cpp-files\DirtBikerVR\manual-review-pack\A_must_review\029_p288_UnityEngine.UI.ReflectionMethodsCache.RaycastAllCallback$$.ctor.c
30,288,A_must_review,UnityEngine.UI.ReflectionMethodsCache.Raycast3DCallback$$Invoke,07eaabc4,153,90_plus_framework_support_only_near_certain,eye_source; weak_source_state; validity_gate; ray_interaction; ui_interaction; telemetry; frame_behavior,strong_eye_source_hits_5; weak_xr_or_state_hits_5; validity_or_gating_hits_6; ray_or_cast_sink_hits_12; ui_or_gameplay_sink_hits_21; telemetry_or_network_hits_21; frame_or_lifecycle_behavior; negative_framework_support_context_without_confirmed_app_level_gaze_flow; functionality_gaze_retrieval_or_extraction; functionality_data_collection_or_telemetry_hits_21; functionality_possible_biometrics_hits_10,base_scanner_score_153; module_bonus_validity_gate_8; module_bonus_ray_interaction_15; module_bonus_ui_interaction_12; module_bonus_telemetry_20; module_bonus_frame_behavior_5; evidence_bonus_telemetry_or_network_hits_12; sensitive_sink_telemetry_bonus_15; keyword_support_eye_or_gaze_5_bonus_20; keyword_support_sdk_4_bonus_12; keyword_support_collection_or_telemetry_4_bonus_16,C:\realDesktop\manifest-evaluations\summer-26\ghidra-pipeline\il2cpp-files\DirtBikerVR\general-structure-results\90_plus_framework_support_only_near_certain\07eaabc4_UnityEngine.UI.ReflectionMethodsCache.Raycast3DCallback$$Invoke.c,C:\realDesktop\manifest-evaluations\summer-26\ghidra-pipeline\il2cpp-files\DirtBikerVR\manual-review-pack\A_must_review\030_p288_UnityEngine.UI.ReflectionMethodsCache.Raycast3DCallback$$Invoke.c
31,288,A_must_review,UnityEngine.UI.ReflectionMethodsCache.Raycast3DCallback$$EndInvoke,07eaad04,153,90_plus_framework_support_only_near_certain,eye_source; weak_source_state; validity_gate; ray_interaction; ui_interaction; telemetry; frame_behavior,strong_eye_source_hits_5; weak_xr_or_state_hits_5; validity_or_gating_hits_5; ray_or_cast_sink_hits_11; ui_or_gameplay_sink_hits_21; telemetry_or_network_hits_21; frame_or_lifecycle_behavior; negative_framework_support_context_without_confirmed_app_level_gaze_flow; functionality_gaze_retrieval_or_extraction; functionality_data_collection_or_telemetry_hits_21; functionality_possible_biometrics_hits_8,base_scanner_score_153; module_bonus_validity_gate_8; module_bonus_ray_interaction_15; module_bonus_ui_interaction_12; module_bonus_telemetry_20; module_bonus_frame_behavior_5; evidence_bonus_telemetry_or_network_hits_12; sensitive_sink_telemetry_bonus_15; keyword_support_eye_or_gaze_5_bonus_20; keyword_support_sdk_4_bonus_12; keyword_support_collection_or_telemetry_4_bonus_16,C:\realDesktop\manifest-evaluations\summer-26\ghidra-pipeline\il2cpp-files\DirtBikerVR\general-structure-results\90_plus_framework_support_only_near_certain\07eaad04_UnityEngine.UI.ReflectionMethodsCache.Raycast3DCallback$$EndInvoke.c,C:\realDesktop\manifest-evaluations\summer-26\ghidra-pipeline\il2cpp-files\DirtBikerVR\manual-review-pack\A_must_review\031_p288_UnityEngine.UI.ReflectionMethodsCache.Raycast3DCallback$$EndInvoke.c
32,288,A_must_review,UnityEngine.UI.ReflectionMethodsCache.Raycast3DCallback$$BeginInvoke,07eaac04,153,90_plus_framework_support_only_near_certain,eye_source; weak_source_state; validity_gate; ray_interaction; ui_interaction; telemetry; frame_behavior,strong_eye_source_hits_5; weak_xr_or_state_hits_5; validity_or_gating_hits_6; ray_or_cast_sink_hits_12; ui_or_gameplay_sink_hits_21; telemetry_or_network_hits_21; frame_or_lifecycle_behavior; negative_framework_support_context_without_confirmed_app_level_gaze_flow; functionality_gaze_retrieval_or_extraction; functionality_data_collection_or_telemetry_hits_21; functionality_possible_biometrics_hits_10,base_scanner_score_153; module_bonus_validity_gate_8; module_bonus_ray_interaction_15; module_bonus_ui_interaction_12; module_bonus_telemetry_20; module_bonus_frame_behavior_5; evidence_bonus_telemetry_or_network_hits_12; sensitive_sink_telemetry_bonus_15; keyword_support_eye_or_gaze_5_bonus_20; keyword_support_sdk_4_bonus_12; keyword_support_collection_or_telemetry_4_bonus_16,C:\realDesktop\manifest-evaluations\summer-26\ghidra-pipeline\il2cpp-files\DirtBikerVR\general-structure-results\90_plus_framework_support_only_near_certain\07eaac04_UnityEngine.UI.ReflectionMethodsCache.Raycast3DCallback$$BeginInvoke.c,C:\realDesktop\manifest-evaluations\summer-26\ghidra-pipeline\il2cpp-files\DirtBikerVR\manual-review-pack\A_must_review\032_p288_UnityEngine.UI.ReflectionMethodsCache.Raycast3DCallback$$BeginInvoke.c
33,288,A_must_review,UnityEngine.UI.ReflectionMethodsCache.Raycast3DCallback$$.ctor,07eaab24,153,90_plus_framework_support_only_near_certain,eye_source; weak_source_state; validity_gate; ray_interaction; ui_interaction; telemetry; frame_behavior,strong_eye_source_hits_5; weak_xr_or_state_hits_5; validity_or_gating_hits_6; ray_or_cast_sink_hits_12; ui_or_gameplay_sink_hits_21; telemetry_or_network_hits_21; frame_or_lifecycle_behavior; negative_framework_support_context_without_confirmed_app_level_gaze_flow; functionality_gaze_retrieval_or_extraction; functionality_data_collection_or_telemetry_hits_21; functionality_possible_biometrics_hits_10,base_scanner_score_153; module_bonus_validity_gate_8; module_bonus_ray_interaction_15; module_bonus_ui_interaction_12; module_bonus_telemetry_20; module_bonus_frame_behavior_5; evidence_bonus_telemetry_or_network_hits_12; sensitive_sink_telemetry_bonus_15; keyword_support_eye_or_gaze_5_bonus_20; keyword_support_sdk_4_bonus_12; keyword_support_collection_or_telemetry_4_bonus_16,C:\realDesktop\manifest-evaluations\summer-26\ghidra-pipeline\il2cpp-files\DirtBikerVR\general-structure-results\90_plus_framework_support_only_near_certain\07eaab24_UnityEngine.UI.ReflectionMethodsCache.Raycast3DCallback$$.ctor.c,C:\realDesktop\manifest-evaluations\summer-26\ghidra-pipeline\il2cpp-files\DirtBikerVR\manual-review-pack\A_must_review\033_p288_UnityEngine.UI.ReflectionMethodsCache.Raycast3DCallback$$.ctor.c
34,288,A_must_review,UnityEngine.UI.ReflectionMethodsCache.Raycast2DCallback$$Invoke,07eab14c,153,90_plus_framework_support_only_near_certain,eye_source; weak_source_state; validity_gate; ray_interaction; ui_interaction; telemetry; frame_behavior,strong_eye_source_hits_5; weak_xr_or_state_hits_5; validity_or_gating_hits_5; ray_or_cast_sink_hits_11; ui_or_gameplay_sink_hits_21; telemetry_or_network_hits_21; frame_or_lifecycle_behavior; negative_framework_support_context_without_confirmed_app_level_gaze_flow; functionality_gaze_retrieval_or_extraction; functionality_data_collection_or_telemetry_hits_21; functionality_possible_biometrics_hits_8,base_scanner_score_153; module_bonus_validity_gate_8; module_bonus_ray_interaction_15; module_bonus_ui_interaction_12; module_bonus_telemetry_20; module_bonus_frame_behavior_5; evidence_bonus_telemetry_or_network_hits_12; sensitive_sink_telemetry_bonus_15; keyword_support_eye_or_gaze_5_bonus_20; keyword_support_sdk_4_bonus_12; keyword_support_collection_or_telemetry_4_bonus_16,C:\realDesktop\manifest-evaluations\summer-26\ghidra-pipeline\il2cpp-files\DirtBikerVR\general-structure-results\90_plus_framework_support_only_near_certain\07eab14c_UnityEngine.UI.ReflectionMethodsCache.Raycast2DCallback$$Invoke.c,C:\realDesktop\manifest-evaluations\summer-26\ghidra-pipeline\il2cpp-files\DirtBikerVR\manual-review-pack\A_must_review\034_p288_UnityEngine.UI.ReflectionMethodsCache.Raycast2DCallback$$Invoke.c
35,288,A_must_review,UnityEngine.UI.ReflectionMethodsCache.Raycast2DCallback$$EndInvoke,07eab23c,153,90_plus_framework_support_only_near_certain,eye_source; weak_source_state; validity_gate; ray_interaction; ui_interaction; telemetry; frame_behavior,strong_eye_source_hits_5; weak_xr_or_state_hits_5; validity_or_gating_hits_5; ray_or_cast_sink_hits_11; ui_or_gameplay_sink_hits_21; telemetry_or_network_hits_21; frame_or_lifecycle_behavior; negative_framework_support_context_without_confirmed_app_level_gaze_flow; functionality_gaze_retrieval_or_extraction; functionality_data_collection_or_telemetry_hits_21; functionality_possible_biometrics_hits_8,base_scanner_score_153; module_bonus_validity_gate_8; module_bonus_ray_interaction_15; module_bonus_ui_interaction_12; module_bonus_telemetry_20; module_bonus_frame_behavior_5; evidence_bonus_telemetry_or_network_hits_12; sensitive_sink_telemetry_bonus_15; keyword_support_eye_or_gaze_5_bonus_20; keyword_support_sdk_4_bonus_12; keyword_support_collection_or_telemetry_4_bonus_16,C:\realDesktop\manifest-evaluations\summer-26\ghidra-pipeline\il2cpp-files\DirtBikerVR\general-structure-results\90_plus_framework_support_only_near_certain\07eab23c_UnityEngine.UI.ReflectionMethodsCache.Raycast2DCallback$$EndInvoke.c,C:\realDesktop\manifest-evaluations\summer-26\ghidra-pipeline\il2cpp-files\DirtBikerVR\manual-review-pack\A_must_review\035_p288_UnityEngine.UI.ReflectionMethodsCache.Raycast2DCallback$$EndInvoke.c
36,288,A_must_review,UnityEngine.UI.ReflectionMethodsCache.Raycast2DCallback$$BeginInvoke,07eab160,153,90_plus_framework_support_only_near_certain,eye_source; weak_source_state; validity_gate; ray_interaction; ui_interaction; telemetry; frame_behavior,strong_eye_source_hits_5; weak_xr_or_state_hits_5; validity_or_gating_hits_5; ray_or_cast_sink_hits_11; ui_or_gameplay_sink_hits_21; telemetry_or_network_hits_21; frame_or_lifecycle_behavior; negative_framework_support_context_without_confirmed_app_level_gaze_flow; functionality_gaze_retrieval_or_extraction; functionality_data_collection_or_telemetry_hits_21; functionality_possible_biometrics_hits_8,base_scanner_score_153; module_bonus_validity_gate_8; module_bonus_ray_interaction_15; module_bonus_ui_interaction_12; module_bonus_telemetry_20; module_bonus_frame_behavior_5; evidence_bonus_telemetry_or_network_hits_12; sensitive_sink_telemetry_bonus_15; keyword_support_eye_or_gaze_5_bonus_20; keyword_support_sdk_4_bonus_12; keyword_support_collection_or_telemetry_4_bonus_16,C:\realDesktop\manifest-evaluations\summer-26\ghidra-pipeline\il2cpp-files\DirtBikerVR\general-structure-results\90_plus_framework_support_only_near_certain\07eab160_UnityEngine.UI.ReflectionMethodsCache.Raycast2DCallback$$BeginInvoke.c,C:\realDesktop\manifest-evaluations\summer-26\ghidra-pipeline\il2cpp-files\DirtBikerVR\manual-review-pack\A_must_review\036_p288_UnityEngine.UI.ReflectionMethodsCache.Raycast2DCallback$$BeginInvoke.c
37,288,A_must_review,UnityEngine.UI.ReflectionMethodsCache.Raycast2DCallback$$.ctor,07eab0ac,153,90_plus_framework_support_only_near_certain,eye_source; weak_source_state; validity_gate; ray_interaction; ui_interaction; telemetry; frame_behavior,strong_eye_source_hits_5; weak_xr_or_state_hits_5; validity_or_gating_hits_5; ray_or_cast_sink_hits_11; ui_or_gameplay_sink_hits_21; telemetry_or_network_hits_21; frame_or_lifecycle_behavior; negative_framework_support_context_without_confirmed_app_level_gaze_flow; functionality_gaze_retrieval_or_extraction; functionality_data_collection_or_telemetry_hits_21; functionality_possible_biometrics_hits_8,base_scanner_score_153; module_bonus_validity_gate_8; module_bonus_ray_interaction_15; module_bonus_ui_interaction_12; module_bonus_telemetry_20; module_bonus_frame_behavior_5; evidence_bonus_telemetry_or_network_hits_12; sensitive_sink_telemetry_bonus_15; keyword_support_eye_or_gaze_5_bonus_20; keyword_support_sdk_4_bonus_12; keyword_support_collection_or_telemetry_4_bonus_16,C:\realDesktop\manifest-evaluations\summer-26\ghidra-pipeline\il2cpp-files\DirtBikerVR\general-structure-results\90_plus_framework_support_only_near_certain\07eab0ac_UnityEngine.UI.ReflectionMethodsCache.Raycast2DCallback$$.ctor.c,C:\realDesktop\manifest-evaluations\summer-26\ghidra-pipeline\il2cpp-files\DirtBikerVR\manual-review-pack\A_must_review\037_p288_UnityEngine.UI.ReflectionMethodsCache.Raycast2DCallback$$.ctor.c
38,288,A_must_review,UnityEngine.UI.ReflectionMethodsCache.GetRaycastNonAllocCallback$$Invoke,07eaaf7c,153,90_plus_framework_support_only_near_certain,eye_source; weak_source_state; validity_gate; ray_interaction; ui_interaction; telemetry; frame_behavior,strong_eye_source_hits_5; weak_xr_or_state_hits_5; validity_or_gating_hits_5; ray_or_cast_sink_hits_11; ui_or_gameplay_sink_hits_21; telemetry_or_network_hits_21; frame_or_lifecycle_behavior; negative_framework_support_context_without_confirmed_app_level_gaze_flow; functionality_gaze_retrieval_or_extraction; functionality_data_collection_or_telemetry_hits_21; functionality_possible_biometrics_hits_8,base_scanner_score_153; module_bonus_validity_gate_8; module_bonus_ray_interaction_15; module_bonus_ui_interaction_12; module_bonus_telemetry_20; module_bonus_frame_behavior_5; evidence_bonus_telemetry_or_network_hits_12; sensitive_sink_telemetry_bonus_15; keyword_support_eye_or_gaze_5_bonus_20; keyword_support_sdk_4_bonus_12; keyword_support_collection_or_telemetry_4_bonus_16,C:\realDesktop\manifest-evaluations\summer-26\ghidra-pipeline\il2cpp-files\DirtBikerVR\general-structure-results\90_plus_framework_support_only_near_certain\07eaaf7c_UnityEngine.UI.ReflectionMethodsCache.GetRaycastNonAllocCallback$$Invoke.c,C:\realDesktop\manifest-evaluations\summer-26\ghidra-pipeline\il2cpp-files\DirtBikerVR\manual-review-pack\A_must_review\038_p288_UnityEngine.UI.ReflectionMethodsCache.GetRaycastNonAllocCallback$$Invoke.c
39,288,A_must_review,UnityEngine.UI.ReflectionMethodsCache.GetRaycastNonAllocCallback$$EndInvoke,07eab084,153,90_plus_framework_support_only_near_certain,eye_source; weak_source_state; validity_gate; ray_interaction; ui_interaction; telemetry; frame_behavior,strong_eye_source_hits_5; weak_xr_or_state_hits_5; validity_or_gating_hits_5; ray_or_cast_sink_hits_11; ui_or_gameplay_sink_hits_21; telemetry_or_network_hits_21; frame_or_lifecycle_behavior; negative_framework_support_context_without_confirmed_app_level_gaze_flow; functionality_gaze_retrieval_or_extraction; functionality_data_collection_or_telemetry_hits_21; functionality_possible_biometrics_hits_8,base_scanner_score_153; module_bonus_validity_gate_8; module_bonus_ray_interaction_15; module_bonus_ui_interaction_12; module_bonus_telemetry_20; module_bonus_frame_behavior_5; evidence_bonus_telemetry_or_network_hits_12; sensitive_sink_telemetry_bonus_15; keyword_support_eye_or_gaze_5_bonus_20; keyword_support_sdk_4_bonus_12; keyword_support_collection_or_telemetry_4_bonus_16,C:\realDesktop\manifest-evaluations\summer-26\ghidra-pipeline\il2cpp-files\DirtBikerVR\general-structure-results\90_plus_framework_support_only_near_certain\07eab084_UnityEngine.UI.ReflectionMethodsCache.GetRaycastNonAllocCallback$$EndInvoke.c,C:\realDesktop\manifest-evaluations\summer-26\ghidra-pipeline\il2cpp-files\DirtBikerVR\manual-review-pack\A_must_review\039_p288_UnityEngine.UI.ReflectionMethodsCache.GetRaycastNonAllocCallback$$EndInvoke.c
40,288,A_must_review,UnityEngine.UI.ReflectionMethodsCache.GetRaycastNonAllocCallback$$BeginInvoke,07eaafb8,153,90_plus_framework_support_only_near_certain,eye_source; weak_source_state; validity_gate; ray_interaction; ui_interaction; telemetry; frame_behavior,strong_eye_source_hits_5; weak_xr_or_state_hits_5; validity_or_gating_hits_5; ray_or_cast_sink_hits_11; ui_or_gameplay_sink_hits_21; telemetry_or_network_hits_21; frame_or_lifecycle_behavior; negative_framework_support_context_without_confirmed_app_level_gaze_flow; functionality_gaze_retrieval_or_extraction; functionality_data_collection_or_telemetry_hits_21; functionality_possible_biometrics_hits_8,base_scanner_score_153; module_bonus_validity_gate_8; module_bonus_ray_interaction_15; module_bonus_ui_interaction_12; module_bonus_telemetry_20; module_bonus_frame_behavior_5; evidence_bonus_telemetry_or_network_hits_12; sensitive_sink_telemetry_bonus_15; keyword_support_eye_or_gaze_5_bonus_20; keyword_support_sdk_4_bonus_12; keyword_support_collection_or_telemetry_4_bonus_16,C:\realDesktop\manifest-evaluations\summer-26\ghidra-pipeline\il2cpp-files\DirtBikerVR\general-structure-results\90_plus_framework_support_only_near_certain\07eaafb8_UnityEngine.UI.ReflectionMethodsCache.GetRaycastNonAllocCallback$$BeginInvoke.c,C:\realDesktop\manifest-evaluations\summer-26\ghidra-pipeline\il2cpp-files\DirtBikerVR\manual-review-pack\A_must_review\040_p288_UnityEngine.UI.ReflectionMethodsCache.GetRaycastNonAllocCallback$$BeginInvoke.c
41,288,A_must_review,UnityEngine.UI.ReflectionMethodsCache.GetRaycastNonAllocCallback$$.ctor,07eaaedc,153,90_plus_framework_support_only_near_certain,eye_source; weak_source_state; validity_gate; ray_interaction; ui_interaction; telemetry; frame_behavior,strong_eye_source_hits_5; weak_xr_or_state_hits_5; validity_or_gating_hits_5; ray_or_cast_sink_hits_11; ui_or_gameplay_sink_hits_21; telemetry_or_network_hits_21; frame_or_lifecycle_behavior; negative_framework_support_context_without_confirmed_app_level_gaze_flow; functionality_gaze_retrieval_or_extraction; functionality_data_collection_or_telemetry_hits_21; functionality_possible_biometrics_hits_8,base_scanner_score_153; module_bonus_validity_gate_8; module_bonus_ray_interaction_15; module_bonus_ui_interaction_12; module_bonus_telemetry_20; module_bonus_frame_behavior_5; evidence_bonus_telemetry_or_network_hits_12; sensitive_sink_telemetry_bonus_15; keyword_support_eye_or_gaze_5_bonus_20; keyword_support_sdk_4_bonus_12; keyword_support_collection_or_telemetry_4_bonus_16,C:\realDesktop\manifest-evaluations\summer-26\ghidra-pipeline\il2cpp-files\DirtBikerVR\general-structure-results\90_plus_framework_support_only_near_certain\07eaaedc_UnityEngine.UI.ReflectionMethodsCache.GetRaycastNonAllocCallback$$.ctor.c,C:\realDesktop\manifest-evaluations\summer-26\ghidra-pipeline\il2cpp-files\DirtBikerVR\manual-review-pack\A_must_review\041_p288_UnityEngine.UI.ReflectionMethodsCache.GetRaycastNonAllocCallback$$.ctor.c
42,288,A_must_review,UnityEngine.UI.ReflectionMethodsCache.GetRayIntersectionAllNonAllocCallback$$Invoke,07eab4c4,153,90_plus_framework_support_only_near_certain,eye_source; weak_source_state; validity_gate; ray_interaction; ui_interaction; telemetry; frame_behavior,strong_eye_source_hits_5; weak_xr_or_state_hits_5; validity_or_gating_hits_5; ray_or_cast_sink_hits_9; ui_or_gameplay_sink_hits_21; telemetry_or_network_hits_21; frame_or_lifecycle_behavior; negative_framework_support_context_without_confirmed_app_level_gaze_flow; functionality_gaze_retrieval_or_extraction; functionality_data_collection_or_telemetry_hits_21; functionality_possible_biometrics_hits_8,base_scanner_score_153; module_bonus_validity_gate_8; module_bonus_ray_interaction_15; module_bonus_ui_interaction_12; module_bonus_telemetry_20; module_bonus_frame_behavior_5; evidence_bonus_telemetry_or_network_hits_12; sensitive_sink_telemetry_bonus_15; keyword_support_eye_or_gaze_5_bonus_20; keyword_support_sdk_4_bonus_12; keyword_support_collection_or_telemetry_4_bonus_16,C:\realDesktop\manifest-evaluations\summer-26\ghidra-pipeline\il2cpp-files\DirtBikerVR\general-structure-results\90_plus_framework_support_only_near_certain\07eab4c4_UnityEngine.UI.ReflectionMethodsCache.GetRayIntersectionAllNonAllocCallback$$Invoke.c,C:\realDesktop\manifest-evaluations\summer-26\ghidra-pipeline\il2cpp-files\DirtBikerVR\manual-review-pack\A_must_review\042_p288_UnityEngine.UI.ReflectionMethodsCache.GetRayIntersectionAllNonAllocCallback$$Invoke.c
43,288,A_must_review,UnityEngine.UI.ReflectionMethodsCache.GetRayIntersectionAllNonAllocCallback$$EndInvoke,07eab5cc,153,90_plus_framework_support_only_near_certain,eye_source; weak_source_state; validity_gate; ray_interaction; ui_interaction; telemetry; frame_behavior,strong_eye_source_hits_5; weak_xr_or_state_hits_5; validity_or_gating_hits_5; ray_or_cast_sink_hits_9; ui_or_gameplay_sink_hits_21; telemetry_or_network_hits_21; frame_or_lifecycle_behavior; negative_framework_support_context_without_confirmed_app_level_gaze_flow; functionality_gaze_retrieval_or_extraction; functionality_data_collection_or_telemetry_hits_21; functionality_possible_biometrics_hits_8,base_scanner_score_153; module_bonus_validity_gate_8; module_bonus_ray_interaction_15; module_bonus_ui_interaction_12; module_bonus_telemetry_20; module_bonus_frame_behavior_5; evidence_bonus_telemetry_or_network_hits_12; sensitive_sink_telemetry_bonus_15; keyword_support_eye_or_gaze_5_bonus_20; keyword_support_sdk_4_bonus_12; keyword_support_collection_or_telemetry_4_bonus_16,C:\realDesktop\manifest-evaluations\summer-26\ghidra-pipeline\il2cpp-files\DirtBikerVR\general-structure-results\90_plus_framework_support_only_near_certain\07eab5cc_UnityEngine.UI.ReflectionMethodsCache.GetRayIntersectionAllNonAllocCallback$$EndInvoke.c,C:\realDesktop\manifest-evaluations\summer-26\ghidra-pipeline\il2cpp-files\DirtBikerVR\manual-review-pack\A_must_review\043_p288_UnityEngine.UI.ReflectionMethodsCache.GetRayIntersectionAllNonAllocCallback$$EndInvoke.c
44,288,A_must_review,UnityEngine.UI.ReflectionMethodsCache.GetRayIntersectionAllNonAllocCallback$$BeginInvoke,07eab500,153,90_plus_framework_support_only_near_certain,eye_source; weak_source_state; validity_gate; ray_interaction; ui_interaction; telemetry; frame_behavior,strong_eye_source_hits_5; weak_xr_or_state_hits_5; validity_or_gating_hits_5; ray_or_cast_sink_hits_9; ui_or_gameplay_sink_hits_21; telemetry_or_network_hits_21; frame_or_lifecycle_behavior; negative_framework_support_context_without_confirmed_app_level_gaze_flow; functionality_gaze_retrieval_or_extraction; functionality_data_collection_or_telemetry_hits_21; functionality_possible_biometrics_hits_8,base_scanner_score_153; module_bonus_validity_gate_8; module_bonus_ray_interaction_15; module_bonus_ui_interaction_12; module_bonus_telemetry_20; module_bonus_frame_behavior_5; evidence_bonus_telemetry_or_network_hits_12; sensitive_sink_telemetry_bonus_15; keyword_support_eye_or_gaze_5_bonus_20; keyword_support_sdk_4_bonus_12; keyword_support_collection_or_telemetry_4_bonus_16,C:\realDesktop\manifest-evaluations\summer-26\ghidra-pipeline\il2cpp-files\DirtBikerVR\general-structure-results\90_plus_framework_support_only_near_certain\07eab500_UnityEngine.UI.ReflectionMethodsCache.GetRayIntersectionAllNonAllocCallback$$BeginInvoke.c,C:\realDesktop\manifest-evaluations\summer-26\ghidra-pipeline\il2cpp-files\DirtBikerVR\manual-review-pack\A_must_review\044_p288_UnityEngine.UI.ReflectionMethodsCache.GetRayIntersectionAllNonAllocCallback$$BeginInvoke.c
45,288,A_must_review,UnityEngine.UI.ReflectionMethodsCache.GetRayIntersectionAllNonAllocCallback$$.ctor,07eab424,153,90_plus_framework_support_only_near_certain,eye_source; weak_source_state; validity_gate; ray_interaction; ui_interaction; telemetry; frame_behavior,strong_eye_source_hits_5; weak_xr_or_state_hits_5; validity_or_gating_hits_5; ray_or_cast_sink_hits_9; ui_or_gameplay_sink_hits_21; telemetry_or_network_hits_21; frame_or_lifecycle_behavior; negative_framework_support_context_without_confirmed_app_level_gaze_flow; functionality_gaze_retrieval_or_extraction; functionality_data_collection_or_telemetry_hits_21; functionality_possible_biometrics_hits_8,base_scanner_score_153; module_bonus_validity_gate_8; module_bonus_ray_interaction_15; module_bonus_ui_interaction_12; module_bonus_telemetry_20; module_bonus_frame_behavior_5; evidence_bonus_telemetry_or_network_hits_12; sensitive_sink_telemetry_bonus_15; keyword_support_eye_or_gaze_5_bonus_20; keyword_support_sdk_4_bonus_12; keyword_support_collection_or_telemetry_4_bonus_16,C:\realDesktop\manifest-evaluations\summer-26\ghidra-pipeline\il2cpp-files\DirtBikerVR\general-structure-results\90_plus_framework_support_only_near_certain\07eab424_UnityEngine.UI.ReflectionMethodsCache.GetRayIntersectionAllNonAllocCallback$$.ctor.c,C:\realDesktop\manifest-evaluations\summer-26\ghidra-pipeline\il2cpp-files\DirtBikerVR\manual-review-pack\A_must_review\045_p288_UnityEngine.UI.ReflectionMethodsCache.GetRayIntersectionAllNonAllocCallback$$.ctor.c
46,288,A_must_review,UnityEngine.UI.ReflectionMethodsCache.GetRayIntersectionAllCallback$$Invoke,07eab314,153,90_plus_framework_support_only_near_certain,eye_source; weak_source_state; validity_gate; ray_interaction; ui_interaction; telemetry; frame_behavior,strong_eye_source_hits_5; weak_xr_or_state_hits_5; validity_or_gating_hits_5; ray_or_cast_sink_hits_9; ui_or_gameplay_sink_hits_21; telemetry_or_network_hits_21; frame_or_lifecycle_behavior; negative_framework_support_context_without_confirmed_app_level_gaze_flow; functionality_gaze_retrieval_or_extraction; functionality_data_collection_or_telemetry_hits_21; functionality_possible_biometrics_hits_8,base_scanner_score_153; module_bonus_validity_gate_8; module_bonus_ray_interaction_15; module_bonus_ui_interaction_12; module_bonus_telemetry_20; module_bonus_frame_behavior_5; evidence_bonus_telemetry_or_network_hits_12; sensitive_sink_telemetry_bonus_15; keyword_support_eye_or_gaze_5_bonus_20; keyword_support_sdk_4_bonus_12; keyword_support_collection_or_telemetry_4_bonus_16,C:\realDesktop\manifest-evaluations\summer-26\ghidra-pipeline\il2cpp-files\DirtBikerVR\general-structure-results\90_plus_framework_support_only_near_certain\07eab314_UnityEngine.UI.ReflectionMethodsCache.GetRayIntersectionAllCallback$$Invoke.c,C:\realDesktop\manifest-evaluations\summer-26\ghidra-pipeline\il2cpp-files\DirtBikerVR\manual-review-pack\A_must_review\046_p288_UnityEngine.UI.ReflectionMethodsCache.GetRayIntersectionAllCallback$$Invoke.c
47,288,A_must_review,UnityEngine.UI.ReflectionMethodsCache.GetRayIntersectionAllCallback$$EndInvoke,07eab418,153,90_plus_framework_support_only_near_certain,eye_source; weak_source_state; validity_gate; ray_interaction; ui_interaction; telemetry; frame_behavior,strong_eye_source_hits_5; weak_xr_or_state_hits_5; validity_or_gating_hits_5; ray_or_cast_sink_hits_9; ui_or_gameplay_sink_hits_21; telemetry_or_network_hits_21; frame_or_lifecycle_behavior; negative_framework_support_context_without_confirmed_app_level_gaze_flow; functionality_gaze_retrieval_or_extraction; functionality_data_collection_or_telemetry_hits_21; functionality_possible_biometrics_hits_8,base_scanner_score_153; module_bonus_validity_gate_8; module_bonus_ray_interaction_15; module_bonus_ui_interaction_12; module_bonus_telemetry_20; module_bonus_frame_behavior_5; evidence_bonus_telemetry_or_network_hits_12; sensitive_sink_telemetry_bonus_15; keyword_support_eye_or_gaze_5_bonus_20; keyword_support_sdk_4_bonus_12; keyword_support_collection_or_telemetry_4_bonus_16,C:\realDesktop\manifest-evaluations\summer-26\ghidra-pipeline\il2cpp-files\DirtBikerVR\general-structure-results\90_plus_framework_support_only_near_certain\07eab418_UnityEngine.UI.ReflectionMethodsCache.GetRayIntersectionAllCallback$$EndInvoke.c,C:\realDesktop\manifest-evaluations\summer-26\ghidra-pipeline\il2cpp-files\DirtBikerVR\manual-review-pack\A_must_review\047_p288_UnityEngine.UI.ReflectionMethodsCache.GetRayIntersectionAllCallback$$EndInvoke.c
48,288,A_must_review,UnityEngine.UI.ReflectionMethodsCache.GetRayIntersectionAllCallback$$BeginInvoke,07eab350,153,90_plus_framework_support_only_near_certain,eye_source; weak_source_state; validity_gate; ray_interaction; ui_interaction; telemetry; frame_behavior,strong_eye_source_hits_5; weak_xr_or_state_hits_5; validity_or_gating_hits_5; ray_or_cast_sink_hits_9; ui_or_gameplay_sink_hits_21; telemetry_or_network_hits_21; frame_or_lifecycle_behavior; negative_framework_support_context_without_confirmed_app_level_gaze_flow; functionality_gaze_retrieval_or_extraction; functionality_data_collection_or_telemetry_hits_21; functionality_possible_biometrics_hits_8,base_scanner_score_153; module_bonus_validity_gate_8; module_bonus_ray_interaction_15; module_bonus_ui_interaction_12; module_bonus_telemetry_20; module_bonus_frame_behavior_5; evidence_bonus_telemetry_or_network_hits_12; sensitive_sink_telemetry_bonus_15; keyword_support_eye_or_gaze_5_bonus_20; keyword_support_sdk_4_bonus_12; keyword_support_collection_or_telemetry_4_bonus_16,C:\realDesktop\manifest-evaluations\summer-26\ghidra-pipeline\il2cpp-files\DirtBikerVR\general-structure-results\90_plus_framework_support_only_near_certain\07eab350_UnityEngine.UI.ReflectionMethodsCache.GetRayIntersectionAllCallback$$BeginInvoke.c,C:\realDesktop\manifest-evaluations\summer-26\ghidra-pipeline\il2cpp-files\DirtBikerVR\manual-review-pack\A_must_review\048_p288_UnityEngine.UI.ReflectionMethodsCache.GetRayIntersectionAllCallback$$BeginInvoke.c
49,288,A_must_review,UnityEngine.UI.ReflectionMethodsCache.GetRayIntersectionAllCallback$$.ctor,07eab274,153,90_plus_framework_support_only_near_certain,eye_source; weak_source_state; validity_gate; ray_interaction; ui_interaction; telemetry; frame_behavior,strong_eye_source_hits_5; weak_xr_or_state_hits_5; validity_or_gating_hits_5; ray_or_cast_sink_hits_9; ui_or_gameplay_sink_hits_21; telemetry_or_network_hits_21; frame_or_lifecycle_behavior; negative_framework_support_context_without_confirmed_app_level_gaze_flow; functionality_gaze_retrieval_or_extraction; functionality_data_collection_or_telemetry_hits_21; functionality_possible_biometrics_hits_8,base_scanner_score_153; module_bonus_validity_gate_8; module_bonus_ray_interaction_15; module_bonus_ui_interaction_12; module_bonus_telemetry_20; module_bonus_frame_behavior_5; evidence_bonus_telemetry_or_network_hits_12; sensitive_sink_telemetry_bonus_15; keyword_support_eye_or_gaze_5_bonus_20; keyword_support_sdk_4_bonus_12; keyword_support_collection_or_telemetry_4_bonus_16,C:\realDesktop\manifest-evaluations\summer-26\ghidra-pipeline\il2cpp-files\DirtBikerVR\general-structure-results\90_plus_framework_support_only_near_certain\07eab274_UnityEngine.UI.ReflectionMethodsCache.GetRayIntersectionAllCallback$$.ctor.c,C:\realDesktop\manifest-evaluations\summer-26\ghidra-pipeline\il2cpp-files\DirtBikerVR\manual-review-pack\A_must_review\049_p288_UnityEngine.UI.ReflectionMethodsCache.GetRayIntersectionAllCallback$$.ctor.c
50,288,A_must_review,UnityEngine.UI.ReflectionMethodsCache$$get_Singleton,07eaaaa0,153,90_plus_framework_support_only_near_certain,eye_source; weak_source_state; validity_gate; ray_interaction; ui_interaction; telemetry; frame_behavior,strong_eye_source_hits_5; weak_xr_or_state_hits_5; validity_or_gating_hits_6; ray_or_cast_sink_hits_11; ui_or_gameplay_sink_hits_21; telemetry_or_network_hits_21; frame_or_lifecycle_behavior; negative_framework_support_context_without_confirmed_app_level_gaze_flow; functionality_gaze_retrieval_or_extraction; functionality_data_collection_or_telemetry_hits_21; functionality_possible_biometrics_hits_10,base_scanner_score_153; module_bonus_validity_gate_8; module_bonus_ray_interaction_15; module_bonus_ui_interaction_12; module_bonus_telemetry_20; module_bonus_frame_behavior_5; evidence_bonus_telemetry_or_network_hits_12; sensitive_sink_telemetry_bonus_15; keyword_support_eye_or_gaze_5_bonus_20; keyword_support_sdk_4_bonus_12; keyword_support_collection_or_telemetry_4_bonus_16,C:\realDesktop\manifest-evaluations\summer-26\ghidra-pipeline\il2cpp-files\DirtBikerVR\general-structure-results\90_plus_framework_support_only_near_certain\07eaaaa0_UnityEngine.UI.ReflectionMethodsCache$$get_Singleton.c,C:\realDesktop\manifest-evaluations\summer-26\ghidra-pipeline\il2cpp-files\DirtBikerVR\manual-review-pack\A_must_review\050_p288_UnityEngine.UI.ReflectionMethodsCache$$get_Singleton.c
51,286,A_must_review,System.Array$$IndexOfImpl<OVRPlugin.Qpl.Annotation.Builder.Entry>,03f2acf4,161,90_plus_framework_support_only_near_certain,eye_source; weak_source_state; validity_gate; pose_vector; paired_state_refs; telemetry; structure_combo,strong_eye_source_hits_2; weak_xr_or_state_hits_2; validity_or_gating_hits_21; strong_pose_or_ray_construction_hits_3; paired_field_refs_with_eye_source; telemetry_or_network_hits_1; source_validity_pose_sink_structure; strong_eye_source_validity_pose_sink_structure; negative_framework_support_context_without_confirmed_app_level_gaze_flow; functionality_eye_api_context_without_clear_sink_hits_2,base_scanner_score_161; module_bonus_validity_gate_8; module_bonus_pose_vector_10; module_bonus_paired_state_refs_8; module_bonus_telemetry_20; module_bonus_structure_combo_18; evidence_bonus_telemetry_or_network_hits_12; sensitive_sink_telemetry_bonus_15; keyword_support_eye_or_gaze_5_bonus_20; keyword_support_sdk_2_bonus_6; keyword_support_collection_or_telemetry_2_bonus_8,C:\realDesktop\manifest-evaluations\summer-26\ghidra-pipeline\il2cpp-files\DirtBikerVR\general-structure-results\90_plus_framework_support_only_near_certain\03f2acf4_System.Array$$IndexOfImpl_OVRPlugin.Qpl.Annotation.Builder.Entry_.c,C:\realDesktop\manifest-evaluations\summer-26\ghidra-pipeline\il2cpp-files\DirtBikerVR\manual-review-pack\A_must_review\051_p286_System.Array$$IndexOfImpl_OVRPlugin.Qpl.Annotation.Builder.Entry_.c
52,284,A_must_review,Unity.Services.Vivox.vx_req_account_login_t$$get_acct_mgmt_server,0793f6f4,155,90_plus_uncertain_gaze_or_xr_structure_near_certain,eye_source; weak_source_state; validity_gate; ray_interaction; ui_interaction; telemetry; frame_behavior,strong_eye_source_hits_2; weak_xr_or_state_hits_2; validity_or_gating_hits_6; ray_or_cast_sink_hits_2; ui_or_gameplay_sink_hits_4; telemetry_or_network_hits_3; frame_or_lifecycle_behavior; functionality_gaze_retrieval_or_extraction; functionality_data_collection_or_telemetry_hits_3,base_scanner_score_155; module_bonus_validity_gate_8; module_bonus_ray_interaction_15; module_bonus_ui_interaction_12; module_bonus_telemetry_20; module_bonus_frame_behavior_5; evidence_bonus_telemetry_or_network_hits_12; sensitive_sink_telemetry_bonus_15; keyword_support_eye_or_gaze_5_bonus_20; keyword_support_sdk_2_bonus_6; keyword_support_collection_or_telemetry_4_bonus_16,C:\realDesktop\manifest-evaluations\summer-26\ghidra-pipeline\il2cpp-files\DirtBikerVR\general-structure-results\90_plus_uncertain_gaze_or_xr_structure_near_certain\0793f6f4_Unity.Services.Vivox.vx_req_account_login_t$$get_acct_mgmt_server.c,C:\realDesktop\manifest-evaluations\summer-26\ghidra-pipeline\il2cpp-files\DirtBikerVR\manual-review-pack\A_must_review\052_p284_Unity.Services.Vivox.vx_req_account_login_t$$get_acct_mgmt_server.c
53,284,A_must_review,FUN_0793f6c0,0793f6c0,155,90_plus_uncertain_gaze_or_xr_structure_near_certain,eye_source; weak_source_state; validity_gate; ray_interaction; ui_interaction; telemetry; frame_behavior,strong_eye_source_hits_2; weak_xr_or_state_hits_2; validity_or_gating_hits_6; ray_or_cast_sink_hits_2; ui_or_gameplay_sink_hits_4; telemetry_or_network_hits_3; frame_or_lifecycle_behavior; functionality_gaze_retrieval_or_extraction; functionality_data_collection_or_telemetry_hits_3,base_scanner_score_155; module_bonus_validity_gate_8; module_bonus_ray_interaction_15; module_bonus_ui_interaction_12; module_bonus_telemetry_20; module_bonus_frame_behavior_5; evidence_bonus_telemetry_or_network_hits_12; sensitive_sink_telemetry_bonus_15; keyword_support_eye_or_gaze_5_bonus_20; keyword_support_sdk_2_bonus_6; keyword_support_collection_or_telemetry_4_bonus_16,C:\realDesktop\manifest-evaluations\summer-26\ghidra-pipeline\il2cpp-files\DirtBikerVR\general-structure-results\90_plus_uncertain_gaze_or_xr_structure_near_certain\0793f6c0_FUN_0793f6c0.c,C:\realDesktop\manifest-evaluations\summer-26\ghidra-pipeline\il2cpp-files\DirtBikerVR\manual-review-pack\A_must_review\053_p284_FUN_0793f6c0.c
54,279,A_must_review,Meta.XR.MetaXREyeTrackedFoveationFeature$$OnSessionCreate,0690f96c,148,90_plus_uncertain_foveated_rendering_near_certain,eye_source; validity_gate; paired_state_refs; telemetry; foveation_rendering,strong_eye_source_hits_3; validity_or_gating_hits_6; paired_field_refs_with_eye_source; telemetry_or_network_hits_2; strong_foveation_hits_2; functionality_foveated_rendering; functionality_data_collection_or_telemetry_hits_2,base_scanner_score_148; module_bonus_validity_gate_8; module_bonus_paired_state_refs_8; module_bonus_telemetry_20; module_bonus_foveation_rendering_20; evidence_bonus_telemetry_or_network_hits_12; sensitive_sink_telemetry_bonus_15; sensitive_sink_foveation_bonus_12; keyword_support_eye_or_gaze_5_bonus_20; keyword_support_collection_or_telemetry_4_bonus_16,C:\realDesktop\manifest-evaluations\summer-26\ghidra-pipeline\il2cpp-files\DirtBikerVR\general-structure-results\90_plus_uncertain_foveated_rendering_near_certain\0690f96c_Meta.XR.MetaXREyeTrackedFoveationFeature$$OnSessionCreate.c,C:\realDesktop\manifest-evaluations\summer-26\ghidra-pipeline\il2cpp-files\DirtBikerVR\manual-review-pack\A_must_review\054_p279_Meta.XR.MetaXREyeTrackedFoveationFeature$$OnSessionCreate.c
55,278,A_must_review,UnityEngine.UIElements.Columns$$IndexOf,07df0590,147,90_plus_framework_support_only_near_certain,eye_source; weak_source_state; validity_gate; ray_interaction; ui_interaction; telemetry; frame_behavior,strong_eye_source_hits_4; weak_xr_or_state_hits_21; validity_or_gating_hits_2; ray_or_cast_sink_hits_17; ui_or_gameplay_sink_hits_8; telemetry_or_network_hits_5; frame_or_lifecycle_behavior; negative_framework_support_context_without_confirmed_app_level_gaze_flow; functionality_permission_setup; functionality_data_collection_or_telemetry_hits_4,base_scanner_score_147; module_bonus_validity_gate_8; module_bonus_ray_interaction_15; module_bonus_ui_interaction_12; module_bonus_telemetry_20; module_bonus_frame_behavior_5; evidence_bonus_telemetry_or_network_hits_12; sensitive_sink_telemetry_bonus_15; keyword_support_eye_or_gaze_4_bonus_16; keyword_support_sdk_4_bonus_12; keyword_support_collection_or_telemetry_4_bonus_16,C:\realDesktop\manifest-evaluations\summer-26\ghidra-pipeline\il2cpp-files\DirtBikerVR\general-structure-results\90_plus_framework_support_only_near_certain\07df0590_UnityEngine.UIElements.Columns$$IndexOf.c,C:\realDesktop\manifest-evaluations\summer-26\ghidra-pipeline\il2cpp-files\DirtBikerVR\manual-review-pack\A_must_review\055_p278_UnityEngine.UIElements.Columns$$IndexOf.c
56,278,A_must_review,UnityEngine.UIElements.Column$$set_title,07df03d8,147,90_plus_framework_support_only_near_certain,eye_source; weak_source_state; validity_gate; ray_interaction; ui_interaction; telemetry; frame_behavior,strong_eye_source_hits_5; weak_xr_or_state_hits_21; validity_or_gating_hits_2; ray_or_cast_sink_hits_17; ui_or_gameplay_sink_hits_8; telemetry_or_network_hits_8; frame_or_lifecycle_behavior; negative_framework_support_context_without_confirmed_app_level_gaze_flow; functionality_permission_setup; functionality_data_collection_or_telemetry_hits_6,base_scanner_score_147; module_bonus_validity_gate_8; module_bonus_ray_interaction_15; module_bonus_ui_interaction_12; module_bonus_telemetry_20; module_bonus_frame_behavior_5; evidence_bonus_telemetry_or_network_hits_12; sensitive_sink_telemetry_bonus_15; keyword_support_eye_or_gaze_4_bonus_16; keyword_support_sdk_4_bonus_12; keyword_support_collection_or_telemetry_4_bonus_16,C:\realDesktop\manifest-evaluations\summer-26\ghidra-pipeline\il2cpp-files\DirtBikerVR\general-structure-results\90_plus_framework_support_only_near_certain\07df03d8_UnityEngine.UIElements.Column$$set_title.c,C:\realDesktop\manifest-evaluations\summer-26\ghidra-pipeline\il2cpp-files\DirtBikerVR\manual-review-pack\A_must_review\056_p278_UnityEngine.UIElements.Column$$set_title.c
57,278,A_must_review,UnityEngine.UIElements.Column$$set_name,07df026c,147,90_plus_framework_support_only_near_certain,eye_source; weak_source_state; validity_gate; ray_interaction; ui_interaction; telemetry; frame_behavior,strong_eye_source_hits_6; weak_xr_or_state_hits_21; validity_or_gating_hits_2; ray_or_cast_sink_hits_19; ui_or_gameplay_sink_hits_8; telemetry_or_network_hits_13; frame_or_lifecycle_behavior; negative_framework_support_context_without_confirmed_app_level_gaze_flow; functionality_permission_setup; functionality_data_collection_or_telemetry_hits_11,base_scanner_score_147; module_bonus_validity_gate_8; module_bonus_ray_interaction_15; module_bonus_ui_interaction_12; module_bonus_telemetry_20; module_bonus_frame_behavior_5; evidence_bonus_telemetry_or_network_hits_12; sensitive_sink_telemetry_bonus_15; keyword_support_eye_or_gaze_4_bonus_16; keyword_support_sdk_4_bonus_12; keyword_support_collection_or_telemetry_4_bonus_16,C:\realDesktop\manifest-evaluations\summer-26\ghidra-pipeline\il2cpp-files\DirtBikerVR\general-structure-results\90_plus_framework_support_only_near_certain\07df026c_UnityEngine.UIElements.Column$$set_name.c,C:\realDesktop\manifest-evaluations\summer-26\ghidra-pipeline\il2cpp-files\DirtBikerVR\manual-review-pack\A_must_review\057_p278_UnityEngine.UIElements.Column$$set_name.c
58,278,A_must_review,UnityEngine.UIElements.Column$$set_icon,07df04a8,147,90_plus_framework_support_only_near_certain,eye_source; weak_source_state; validity_gate; ray_interaction; ui_interaction; telemetry; frame_behavior,strong_eye_source_hits_5; weak_xr_or_state_hits_21; validity_or_gating_hits_2; ray_or_cast_sink_hits_17; ui_or_gameplay_sink_hits_8; telemetry_or_network_hits_5; frame_or_lifecycle_behavior; negative_framework_support_context_without_confirmed_app_level_gaze_flow; functionality_permission_setup; functionality_data_collection_or_telemetry_hits_4,base_scanner_score_147; module_bonus_validity_gate_8; module_bonus_ray_interaction_15; module_bonus_ui_interaction_12; module_bonus_telemetry_20; module_bonus_frame_behavior_5; evidence_bonus_telemetry_or_network_hits_12; sensitive_sink_telemetry_bonus_15; keyword_support_eye_or_gaze_4_bonus_16; keyword_support_sdk_4_bonus_12; keyword_support_collection_or_telemetry_4_bonus_16,C:\realDesktop\manifest-evaluations\summer-26\ghidra-pipeline\il2cpp-files\DirtBikerVR\general-structure-results\90_plus_framework_support_only_near_certain\07df04a8_UnityEngine.UIElements.Column$$set_icon.c,C:\realDesktop\manifest-evaluations\summer-26\ghidra-pipeline\il2cpp-files\DirtBikerVR\manual-review-pack\A_must_review\058_p278_UnityEngine.UIElements.Column$$set_icon.c
59,278,A_must_review,UnityEngine.UIElements.Column$$remove_propertyChanged,07df01b4,147,90_plus_framework_support_only_near_certain,eye_source; weak_source_state; validity_gate; ray_interaction; ui_interaction; telemetry; frame_behavior,strong_eye_source_hits_6; weak_xr_or_state_hits_21; validity_or_gating_hits_2; ray_or_cast_sink_hits_19; ui_or_gameplay_sink_hits_12; telemetry_or_network_hits_13; frame_or_lifecycle_behavior; negative_framework_support_context_without_confirmed_app_level_gaze_flow; functionality_permission_setup; functionality_data_collection_or_telemetry_hits_11,base_scanner_score_147; module_bonus_validity_gate_8; module_bonus_ray_interaction_15; module_bonus_ui_interaction_12; module_bonus_telemetry_20; module_bonus_frame_behavior_5; evidence_bonus_telemetry_or_network_hits_12; sensitive_sink_telemetry_bonus_15; keyword_support_eye_or_gaze_4_bonus_16; keyword_support_sdk_4_bonus_12; keyword_support_collection_or_telemetry_4_bonus_16,C:\realDesktop\manifest-evaluations\summer-26\ghidra-pipeline\il2cpp-files\DirtBikerVR\general-structure-results\90_plus_framework_support_only_near_certain\07df01b4_UnityEngine.UIElements.Column$$remove_propertyChanged.c,C:\realDesktop\manifest-evaluations\summer-26\ghidra-pipeline\il2cpp-files\DirtBikerVR\manual-review-pack\A_must_review\059_p278_UnityEngine.UIElements.Column$$remove_propertyChanged.c
60,278,A_must_review,UnityEngine.UIElements.Column$$get_title,07df03d0,147,90_plus_framework_support_only_near_certain,eye_source; weak_source_state; validity_gate; ray_interaction; ui_interaction; telemetry; frame_behavior,strong_eye_source_hits_5; weak_xr_or_state_hits_21; validity_or_gating_hits_2; ray_or_cast_sink_hits_17; ui_or_gameplay_sink_hits_8; telemetry_or_network_hits_8; frame_or_lifecycle_behavior; negative_framework_support_context_without_confirmed_app_level_gaze_flow; functionality_permission_setup; functionality_data_collection_or_telemetry_hits_6,base_scanner_score_147; module_bonus_validity_gate_8; module_bonus_ray_interaction_15; module_bonus_ui_interaction_12; module_bonus_telemetry_20; module_bonus_frame_behavior_5; evidence_bonus_telemetry_or_network_hits_12; sensitive_sink_telemetry_bonus_15; keyword_support_eye_or_gaze_4_bonus_16; keyword_support_sdk_4_bonus_12; keyword_support_collection_or_telemetry_4_bonus_16,C:\realDesktop\manifest-evaluations\summer-26\ghidra-pipeline\il2cpp-files\DirtBikerVR\general-structure-results\90_plus_framework_support_only_near_certain\07df03d0_UnityEngine.UIElements.Column$$get_title.c,C:\realDesktop\manifest-evaluations\summer-26\ghidra-pipeline\il2cpp-files\DirtBikerVR\manual-review-pack\A_must_review\060_p278_UnityEngine.UIElements.Column$$get_title.c
61,278,A_must_review,UnityEngine.UIElements.Column$$get_name,07df0264,147,90_plus_framework_support_only_near_certain,eye_source; weak_source_state; validity_gate; ray_interaction; ui_interaction; telemetry; frame_behavior,strong_eye_source_hits_6; weak_xr_or_state_hits_21; validity_or_gating_hits_2; ray_or_cast_sink_hits_19; ui_or_gameplay_sink_hits_8; telemetry_or_network_hits_13; frame_or_lifecycle_behavior; negative_framework_support_context_without_confirmed_app_level_gaze_flow; functionality_permission_setup; functionality_data_collection_or_telemetry_hits_11,base_scanner_score_147; module_bonus_validity_gate_8; module_bonus_ray_interaction_15; module_bonus_ui_interaction_12; module_bonus_telemetry_20; module_bonus_frame_behavior_5; evidence_bonus_telemetry_or_network_hits_12; sensitive_sink_telemetry_bonus_15; keyword_support_eye_or_gaze_4_bonus_16; keyword_support_sdk_4_bonus_12; keyword_support_collection_or_telemetry_4_bonus_16,C:\realDesktop\manifest-evaluations\summer-26\ghidra-pipeline\il2cpp-files\DirtBikerVR\general-structure-results\90_plus_framework_support_only_near_certain\07df0264_UnityEngine.UIElements.Column$$get_name.c,C:\realDesktop\manifest-evaluations\summer-26\ghidra-pipeline\il2cpp-files\DirtBikerVR\manual-review-pack\A_must_review\061_p278_UnityEngine.UIElements.Column$$get_name.c
62,278,A_must_review,UnityEngine.UIElements.Column$$get_index,07df0578,147,90_plus_framework_support_only_near_certain,eye_source; weak_source_state; validity_gate; ray_interaction; ui_interaction; telemetry; frame_behavior,strong_eye_source_hits_4; weak_xr_or_state_hits_21; validity_or_gating_hits_2; ray_or_cast_sink_hits_17; ui_or_gameplay_sink_hits_8; telemetry_or_network_hits_5; frame_or_lifecycle_behavior; negative_framework_support_context_without_confirmed_app_level_gaze_flow; functionality_permission_setup; functionality_data_collection_or_telemetry_hits_4,base_scanner_score_147; module_bonus_validity_gate_8; module_bonus_ray_interaction_15; module_bonus_ui_interaction_12; module_bonus_telemetry_20; module_bonus_frame_behavior_5; evidence_bonus_telemetry_or_network_hits_12; sensitive_sink_telemetry_bonus_15; keyword_support_eye_or_gaze_4_bonus_16; keyword_support_sdk_4_bonus_12; keyword_support_collection_or_telemetry_4_bonus_16,C:\realDesktop\manifest-evaluations\summer-26\ghidra-pipeline\il2cpp-files\DirtBikerVR\general-structure-results\90_plus_framework_support_only_near_certain\07df0578_UnityEngine.UIElements.Column$$get_index.c,C:\realDesktop\manifest-evaluations\summer-26\ghidra-pipeline\il2cpp-files\DirtBikerVR\manual-review-pack\A_must_review\062_p278_UnityEngine.UIElements.Column$$get_index.c
63,278,A_must_review,UnityEngine.UIElements.Column$$get_icon,07df049c,147,90_plus_framework_support_only_near_certain,eye_source; weak_source_state; validity_gate; ray_interaction; ui_interaction; telemetry; frame_behavior,strong_eye_source_hits_5; weak_xr_or_state_hits_21; validity_or_gating_hits_2; ray_or_cast_sink_hits_17; ui_or_gameplay_sink_hits_8; telemetry_or_network_hits_5; frame_or_lifecycle_behavior; negative_framework_support_context_without_confirmed_app_level_gaze_flow; functionality_permission_setup; functionality_data_collection_or_telemetry_hits_4,base_scanner_score_147; module_bonus_validity_gate_8; module_bonus_ray_interaction_15; module_bonus_ui_interaction_12; module_bonus_telemetry_20; module_bonus_frame_behavior_5; evidence_bonus_telemetry_or_network_hits_12; sensitive_sink_telemetry_bonus_15; keyword_support_eye_or_gaze_4_bonus_16; keyword_support_sdk_4_bonus_12; keyword_support_collection_or_telemetry_4_bonus_16,C:\realDesktop\manifest-evaluations\summer-26\ghidra-pipeline\il2cpp-files\DirtBikerVR\general-structure-results\90_plus_framework_support_only_near_certain\07df049c_UnityEngine.UIElements.Column$$get_icon.c,C:\realDesktop\manifest-evaluations\summer-26\ghidra-pipeline\il2cpp-files\DirtBikerVR\manual-review-pack\A_must_review\063_p278_UnityEngine.UIElements.Column$$get_icon.c
64,278,A_must_review,UnityEngine.UIElements.Column$$get_displayIndex,07df063c,147,90_plus_framework_support_only_near_certain,eye_source; weak_source_state; validity_gate; ray_interaction; ui_interaction; telemetry; frame_behavior,strong_eye_source_hits_4; weak_xr_or_state_hits_21; validity_or_gating_hits_2; ray_or_cast_sink_hits_16; ui_or_gameplay_sink_hits_8; telemetry_or_network_hits_5; frame_or_lifecycle_behavior; negative_framework_support_context_without_confirmed_app_level_gaze_flow; functionality_permission_setup; functionality_data_collection_or_telemetry_hits_4,base_scanner_score_147; module_bonus_validity_gate_8; module_bonus_ray_interaction_15; module_bonus_ui_interaction_12; module_bonus_telemetry_20; module_bonus_frame_behavior_5; evidence_bonus_telemetry_or_network_hits_12; sensitive_sink_telemetry_bonus_15; keyword_support_eye_or_gaze_4_bonus_16; keyword_support_sdk_4_bonus_12; keyword_support_collection_or_telemetry_4_bonus_16,C:\realDesktop\manifest-evaluations\summer-26\ghidra-pipeline\il2cpp-files\DirtBikerVR\general-structure-results\90_plus_framework_support_only_near_certain\07df063c_UnityEngine.UIElements.Column$$get_displayIndex.c,C:\realDesktop\manifest-evaluations\summer-26\ghidra-pipeline\il2cpp-files\DirtBikerVR\manual-review-pack\A_must_review\064_p278_UnityEngine.UIElements.Column$$get_displayIndex.c
65,278,A_must_review,UnityEngine.UIElements.Column$$get_comparison,07df0570,147,90_plus_framework_support_only_near_certain,eye_source; weak_source_state; validity_gate; ray_interaction; ui_interaction; telemetry; frame_behavior,strong_eye_source_hits_4; weak_xr_or_state_hits_21; validity_or_gating_hits_2; ray_or_cast_sink_hits_17; ui_or_gameplay_sink_hits_8; telemetry_or_network_hits_5; frame_or_lifecycle_behavior; negative_framework_support_context_without_confirmed_app_level_gaze_flow; functionality_permission_setup; functionality_data_collection_or_telemetry_hits_4,base_scanner_score_147; module_bonus_validity_gate_8; module_bonus_ray_interaction_15; module_bonus_ui_interaction_12; module_bonus_telemetry_20; module_bonus_frame_behavior_5; evidence_bonus_telemetry_or_network_hits_12; sensitive_sink_telemetry_bonus_15; keyword_support_eye_or_gaze_4_bonus_16; keyword_support_sdk_4_bonus_12; keyword_support_collection_or_telemetry_4_bonus_16,C:\realDesktop\manifest-evaluations\summer-26\ghidra-pipeline\il2cpp-files\DirtBikerVR\general-structure-results\90_plus_framework_support_only_near_certain\07df0570_UnityEngine.UIElements.Column$$get_comparison.c,C:\realDesktop\manifest-evaluations\summer-26\ghidra-pipeline\il2cpp-files\DirtBikerVR\manual-review-pack\A_must_review\065_p278_UnityEngine.UIElements.Column$$get_comparison.c
66,278,A_must_review,UnityEngine.UIElements.Column$$add_propertyChanged,07df0104,147,90_plus_framework_support_only_near_certain,eye_source; weak_source_state; validity_gate; ray_interaction; ui_interaction; telemetry; frame_behavior,strong_eye_source_hits_8; weak_xr_or_state_hits_21; validity_or_gating_hits_2; ray_or_cast_sink_hits_21; ui_or_gameplay_sink_hits_12; telemetry_or_network_hits_13; frame_or_lifecycle_behavior; negative_framework_support_context_without_confirmed_app_level_gaze_flow; functionality_permission_setup; functionality_data_collection_or_telemetry_hits_11,base_scanner_score_147; module_bonus_validity_gate_8; module_bonus_ray_interaction_15; module_bonus_ui_interaction_12; module_bonus_telemetry_20; module_bonus_frame_behavior_5; evidence_bonus_telemetry_or_network_hits_12; sensitive_sink_telemetry_bonus_15; keyword_support_eye_or_gaze_4_bonus_16; keyword_support_sdk_4_bonus_12; keyword_support_collection_or_telemetry_4_bonus_16,C:\realDesktop\manifest-evaluations\summer-26\ghidra-pipeline\il2cpp-files\DirtBikerVR\general-structure-results\90_plus_framework_support_only_near_certain\07df0104_UnityEngine.UIElements.Column$$add_propertyChanged.c,C:\realDesktop\manifest-evaluations\summer-26\ghidra-pipeline\il2cpp-files\DirtBikerVR\manual-review-pack\A_must_review\066_p278_UnityEngine.UIElements.Column$$add_propertyChanged.c
67,278,A_must_review,UnityEngine.UIElements.Column$$NotifyPropertyChanged,07df0354,147,90_plus_framework_support_only_near_certain,eye_source; weak_source_state; validity_gate; ray_interaction; ui_interaction; telemetry; frame_behavior,strong_eye_source_hits_5; weak_xr_or_state_hits_21; validity_or_gating_hits_2; ray_or_cast_sink_hits_19; ui_or_gameplay_sink_hits_8; telemetry_or_network_hits_8; frame_or_lifecycle_behavior; negative_framework_support_context_without_confirmed_app_level_gaze_flow; functionality_permission_setup; functionality_data_collection_or_telemetry_hits_6,base_scanner_score_147; module_bonus_validity_gate_8; module_bonus_ray_interaction_15; module_bonus_ui_interaction_12; module_bonus_telemetry_20; module_bonus_frame_behavior_5; evidence_bonus_telemetry_or_network_hits_12; sensitive_sink_telemetry_bonus_15; keyword_support_eye_or_gaze_4_bonus_16; keyword_support_sdk_4_bonus_12; keyword_support_collection_or_telemetry_4_bonus_16,C:\realDesktop\manifest-evaluations\summer-26\ghidra-pipeline\il2cpp-files\DirtBikerVR\general-structure-results\90_plus_framework_support_only_near_certain\07df0354_UnityEngine.UIElements.Column$$NotifyPropertyChanged.c,C:\realDesktop\manifest-evaluations\summer-26\ghidra-pipeline\il2cpp-files\DirtBikerVR\manual-review-pack\A_must_review\067_p278_UnityEngine.UIElements.Column$$NotifyPropertyChanged.c
68,278,A_must_review,UnityEngine.UIElements.Column$$NotifyChange,07df032c,147,90_plus_framework_support_only_near_certain,eye_source; weak_source_state; validity_gate; ray_interaction; ui_interaction; telemetry; frame_behavior,strong_eye_source_hits_5; weak_xr_or_state_hits_21; validity_or_gating_hits_2; ray_or_cast_sink_hits_19; ui_or_gameplay_sink_hits_8; telemetry_or_network_hits_8; frame_or_lifecycle_behavior; negative_framework_support_context_without_confirmed_app_level_gaze_flow; functionality_permission_setup; functionality_data_collection_or_telemetry_hits_6,base_scanner_score_147; module_bonus_validity_gate_8; module_bonus_ray_interaction_15; module_bonus_ui_interaction_12; module_bonus_telemetry_20; module_bonus_frame_behavior_5; evidence_bonus_telemetry_or_network_hits_12; sensitive_sink_telemetry_bonus_15; keyword_support_eye_or_gaze_4_bonus_16; keyword_support_sdk_4_bonus_12; keyword_support_collection_or_telemetry_4_bonus_16,C:\realDesktop\manifest-evaluations\summer-26\ghidra-pipeline\il2cpp-files\DirtBikerVR\general-structure-results\90_plus_framework_support_only_near_certain\07df032c_UnityEngine.UIElements.Column$$NotifyChange.c,C:\realDesktop\manifest-evaluations\summer-26\ghidra-pipeline\il2cpp-files\DirtBikerVR\manual-review-pack\A_must_review\068_p278_UnityEngine.UIElements.Column$$NotifyChange.c
69,275,A_must_review,UnityEngine.UIElements.Columns$$get_displayList,07df06ec,144,90_plus_framework_support_only_near_certain,eye_source; weak_source_state; validity_gate; ray_interaction; ui_interaction; telemetry; frame_behavior,strong_eye_source_hits_4; weak_xr_or_state_hits_21; validity_or_gating_hits_1; ray_or_cast_sink_hits_10; ui_or_gameplay_sink_hits_6; telemetry_or_network_hits_4; frame_or_lifecycle_behavior; negative_framework_support_context_without_confirmed_app_level_gaze_flow; functionality_permission_setup; functionality_data_collection_or_telemetry_hits_3,base_scanner_score_144; module_bonus_validity_gate_8; module_bonus_ray_interaction_15; module_bonus_ui_interaction_12; module_bonus_telemetry_20; module_bonus_frame_behavior_5; evidence_bonus_telemetry_or_network_hits_12; sensitive_sink_telemetry_bonus_15; keyword_support_eye_or_gaze_4_bonus_16; keyword_support_sdk_4_bonus_12; keyword_support_collection_or_telemetry_4_bonus_16,C:\realDesktop\manifest-evaluations\summer-26\ghidra-pipeline\il2cpp-files\DirtBikerVR\general-structure-results\90_plus_framework_support_only_near_certain\07df06ec_UnityEngine.UIElements.Columns$$get_displayList.c,C:\realDesktop\manifest-evaluations\summer-26\ghidra-pipeline\il2cpp-files\DirtBikerVR\manual-review-pack\A_must_review\069_p275_UnityEngine.UIElements.Columns$$get_displayList.c
70,275,A_must_review,UnityEngine.UIElements.Column$$get_visibleIndex,07df0704,144,90_plus_framework_support_only_near_certain,eye_source; weak_source_state; validity_gate; ray_interaction; ui_interaction; telemetry; frame_behavior,strong_eye_source_hits_4; weak_xr_or_state_hits_21; validity_or_gating_hits_1; ray_or_cast_sink_hits_10; ui_or_gameplay_sink_hits_6; telemetry_or_network_hits_4; frame_or_lifecycle_behavior; negative_framework_support_context_without_confirmed_app_level_gaze_flow; functionality_permission_setup; functionality_data_collection_or_telemetry_hits_3,base_scanner_score_144; module_bonus_validity_gate_8; module_bonus_ray_interaction_15; module_bonus_ui_interaction_12; module_bonus_telemetry_20; module_bonus_frame_behavior_5; evidence_bonus_telemetry_or_network_hits_12; sensitive_sink_telemetry_bonus_15; keyword_support_eye_or_gaze_4_bonus_16; keyword_support_sdk_4_bonus_12; keyword_support_collection_or_telemetry_4_bonus_16,C:\realDesktop\manifest-evaluations\summer-26\ghidra-pipeline\il2cpp-files\DirtBikerVR\general-structure-results\90_plus_framework_support_only_near_certain\07df0704_UnityEngine.UIElements.Column$$get_visibleIndex.c,C:\realDesktop\manifest-evaluations\summer-26\ghidra-pipeline\il2cpp-files\DirtBikerVR\manual-review-pack\A_must_review\070_p275_UnityEngine.UIElements.Column$$get_visibleIndex.c
71,274,A_must_review,FUN_07bbbe78,07bbbe78,146,90_plus_uncertain_foveated_rendering_near_certain,eye_source; validity_gate; telemetry; foveation_rendering; frame_behavior,strong_eye_source_hits_2; validity_or_gating_hits_21; telemetry_or_network_hits_13; strong_foveation_hits_3; frame_or_lifecycle_behavior; functionality_foveated_rendering; functionality_data_collection_or_telemetry_hits_13,base_scanner_score_146; module_bonus_validity_gate_8; module_bonus_telemetry_20; module_bonus_foveation_rendering_20; module_bonus_frame_behavior_5; evidence_bonus_telemetry_or_network_hits_12; sensitive_sink_telemetry_bonus_15; sensitive_sink_foveation_bonus_12; keyword_support_eye_or_gaze_5_bonus_20; keyword_support_collection_or_telemetry_4_bonus_16,C:\realDesktop\manifest-evaluations\summer-26\ghidra-pipeline\il2cpp-files\DirtBikerVR\general-structure-results\90_plus_uncertain_foveated_rendering_near_certain\07bbbe78_FUN_07bbbe78.c,C:\realDesktop\manifest-evaluations\summer-26\ghidra-pipeline\il2cpp-files\DirtBikerVR\manual-review-pack\A_must_review\071_p274_FUN_07bbbe78.c
72,272,A_must_review,UnityEngine.UI.VertexHelper$$GetUIVertexStream,07eac858,144,90_plus_framework_support_only_near_certain,eye_source; weak_source_state; validity_gate; ray_interaction; ui_interaction; telemetry; frame_behavior,strong_eye_source_hits_3; weak_xr_or_state_hits_3; validity_or_gating_hits_3; ray_or_cast_sink_hits_4; ui_or_gameplay_sink_hits_10; telemetry_or_network_hits_21; frame_or_lifecycle_behavior; negative_framework_support_context_without_confirmed_app_level_gaze_flow; functionality_data_collection_or_telemetry_hits_21; functionality_possible_biometrics_hits_3,base_scanner_score_144; module_bonus_validity_gate_8; module_bonus_ray_interaction_15; module_bonus_ui_interaction_12; module_bonus_telemetry_20; module_bonus_frame_behavior_5; evidence_bonus_telemetry_or_network_hits_12; sensitive_sink_telemetry_bonus_15; keyword_support_eye_or_gaze_4_bonus_16; keyword_support_sdk_3_bonus_9; keyword_support_collection_or_telemetry_4_bonus_16,C:\realDesktop\manifest-evaluations\summer-26\ghidra-pipeline\il2cpp-files\DirtBikerVR\general-structure-results\90_plus_framework_support_only_near_certain\07eac858_UnityEngine.UI.VertexHelper$$GetUIVertexStream.c,C:\realDesktop\manifest-evaluations\summer-26\ghidra-pipeline\il2cpp-files\DirtBikerVR\manual-review-pack\A_must_review\072_p272_UnityEngine.UI.VertexHelper$$GetUIVertexStream.c
73,272,A_must_review,UnityEngine.UI.VertexHelper$$AddVert,07eac5b0,144,90_plus_framework_support_only_near_certain,eye_source; weak_source_state; validity_gate; ray_interaction; ui_interaction; telemetry; frame_behavior,strong_eye_source_hits_3; weak_xr_or_state_hits_3; validity_or_gating_hits_3; ray_or_cast_sink_hits_4; ui_or_gameplay_sink_hits_10; telemetry_or_network_hits_21; frame_or_lifecycle_behavior; negative_framework_support_context_without_confirmed_app_level_gaze_flow; functionality_data_collection_or_telemetry_hits_21; functionality_possible_biometrics_hits_3,base_scanner_score_144; module_bonus_validity_gate_8; module_bonus_ray_interaction_15; module_bonus_ui_interaction_12; module_bonus_telemetry_20; module_bonus_frame_behavior_5; evidence_bonus_telemetry_or_network_hits_12; sensitive_sink_telemetry_bonus_15; keyword_support_eye_or_gaze_4_bonus_16; keyword_support_sdk_3_bonus_9; keyword_support_collection_or_telemetry_4_bonus_16,C:\realDesktop\manifest-evaluations\summer-26\ghidra-pipeline\il2cpp-files\DirtBikerVR\general-structure-results\90_plus_framework_support_only_near_certain\07eac5b0_UnityEngine.UI.VertexHelper$$AddVert.c,C:\realDesktop\manifest-evaluations\summer-26\ghidra-pipeline\il2cpp-files\DirtBikerVR\manual-review-pack\A_must_review\073_p272_UnityEngine.UI.VertexHelper$$AddVert.c
74,272,A_must_review,UnityEngine.UI.VertexHelper$$AddVert,07eac6c8,144,90_plus_framework_support_only_near_certain,eye_source; weak_source_state; validity_gate; ray_interaction; ui_interaction; telemetry; frame_behavior,strong_eye_source_hits_3; weak_xr_or_state_hits_3; validity_or_gating_hits_3; ray_or_cast_sink_hits_4; ui_or_gameplay_sink_hits_10; telemetry_or_network_hits_21; frame_or_lifecycle_behavior; negative_framework_support_context_without_confirmed_app_level_gaze_flow; functionality_data_collection_or_telemetry_hits_21; functionality_possible_biometrics_hits_3,base_scanner_score_144; module_bonus_validity_gate_8; module_bonus_ray_interaction_15; module_bonus_ui_interaction_12; module_bonus_telemetry_20; module_bonus_frame_behavior_5; evidence_bonus_telemetry_or_network_hits_12; sensitive_sink_telemetry_bonus_15; keyword_support_eye_or_gaze_4_bonus_16; keyword_support_sdk_3_bonus_9; keyword_support_collection_or_telemetry_4_bonus_16,C:\realDesktop\manifest-evaluations\summer-26\ghidra-pipeline\il2cpp-files\DirtBikerVR\general-structure-results\90_plus_framework_support_only_near_certain\07eac6c8_UnityEngine.UI.VertexHelper$$AddVert.c,C:\realDesktop\manifest-evaluations\summer-26\ghidra-pipeline\il2cpp-files\DirtBikerVR\manual-review-pack\A_must_review\074_p272_UnityEngine.UI.VertexHelper$$AddVert.c
75,272,A_must_review,UnityEngine.UI.VertexHelper$$AddUIVertexTriangleStream,07eac808,144,90_plus_framework_support_only_near_certain,eye_source; weak_source_state; validity_gate; ray_interaction; ui_interaction; telemetry; frame_behavior,strong_eye_source_hits_3; weak_xr_or_state_hits_3; validity_or_gating_hits_3; ray_or_cast_sink_hits_4; ui_or_gameplay_sink_hits_10; telemetry_or_network_hits_21; frame_or_lifecycle_behavior; negative_framework_support_context_without_confirmed_app_level_gaze_flow; functionality_data_collection_or_telemetry_hits_21; functionality_possible_biometrics_hits_3,base_scanner_score_144; module_bonus_validity_gate_8; module_bonus_ray_interaction_15; module_bonus_ui_interaction_12; module_bonus_telemetry_20; module_bonus_frame_behavior_5; evidence_bonus_telemetry_or_network_hits_12; sensitive_sink_telemetry_bonus_15; keyword_support_eye_or_gaze_4_bonus_16; keyword_support_sdk_3_bonus_9; keyword_support_collection_or_telemetry_4_bonus_16,C:\realDesktop\manifest-evaluations\summer-26\ghidra-pipeline\il2cpp-files\DirtBikerVR\general-structure-results\90_plus_framework_support_only_near_certain\07eac808_UnityEngine.UI.VertexHelper$$AddUIVertexTriangleStream.c,C:\realDesktop\manifest-evaluations\summer-26\ghidra-pipeline\il2cpp-files\DirtBikerVR\manual-review-pack\A_must_review\075_p272_UnityEngine.UI.VertexHelper$$AddUIVertexTriangleStream.c
76,272,A_must_review,UnityEngine.UI.VertexHelper$$AddUIVertexStream,07eac75c,144,90_plus_framework_support_only_near_certain,eye_source; weak_source_state; validity_gate; ray_interaction; ui_interaction; telemetry; frame_behavior,strong_eye_source_hits_3; weak_xr_or_state_hits_3; validity_or_gating_hits_3; ray_or_cast_sink_hits_4; ui_or_gameplay_sink_hits_10; telemetry_or_network_hits_21; frame_or_lifecycle_behavior; negative_framework_support_context_without_confirmed_app_level_gaze_flow; functionality_data_collection_or_telemetry_hits_21; functionality_possible_biometrics_hits_3,base_scanner_score_144; module_bonus_validity_gate_8; module_bonus_ray_interaction_15; module_bonus_ui_interaction_12; module_bonus_telemetry_20; module_bonus_frame_behavior_5; evidence_bonus_telemetry_or_network_hits_12; sensitive_sink_telemetry_bonus_15; keyword_support_eye_or_gaze_4_bonus_16; keyword_support_sdk_3_bonus_9; keyword_support_collection_or_telemetry_4_bonus_16,C:\realDesktop\manifest-evaluations\summer-26\ghidra-pipeline\il2cpp-files\DirtBikerVR\general-structure-results\90_plus_framework_support_only_near_certain\07eac75c_UnityEngine.UI.VertexHelper$$AddUIVertexStream.c,C:\realDesktop\manifest-evaluations\summer-26\ghidra-pipeline\il2cpp-files\DirtBikerVR\manual-review-pack\A_must_review\076_p272_UnityEngine.UI.VertexHelper$$AddUIVertexStream.c
77,272,A_must_review,UnityEngine.UI.VertexHelper$$.cctor,07eac8a8,144,90_plus_framework_support_only_near_certain,eye_source; weak_source_state; validity_gate; ray_interaction; ui_interaction; telemetry; frame_behavior,strong_eye_source_hits_3; weak_xr_or_state_hits_3; validity_or_gating_hits_3; ray_or_cast_sink_hits_4; ui_or_gameplay_sink_hits_10; telemetry_or_network_hits_21; frame_or_lifecycle_behavior; negative_framework_support_context_without_confirmed_app_level_gaze_flow; functionality_data_collection_or_telemetry_hits_21; functionality_possible_biometrics_hits_3,base_scanner_score_144; module_bonus_validity_gate_8; module_bonus_ray_interaction_15; module_bonus_ui_interaction_12; module_bonus_telemetry_20; module_bonus_frame_behavior_5; evidence_bonus_telemetry_or_network_hits_12; sensitive_sink_telemetry_bonus_15; keyword_support_eye_or_gaze_4_bonus_16; keyword_support_sdk_3_bonus_9; keyword_support_collection_or_telemetry_4_bonus_16,C:\realDesktop\manifest-evaluations\summer-26\ghidra-pipeline\il2cpp-files\DirtBikerVR\general-structure-results\90_plus_framework_support_only_near_certain\07eac8a8_UnityEngine.UI.VertexHelper$$.cctor.c,C:\realDesktop\manifest-evaluations\summer-26\ghidra-pipeline\il2cpp-files\DirtBikerVR\manual-review-pack\A_must_review\077_p272_UnityEngine.UI.VertexHelper$$.cctor.c
78,272,A_must_review,UnityEngine.UI.PositionAsUV1$$ModifyMesh,07eacf90,144,90_plus_framework_support_only_near_certain,eye_source; weak_source_state; validity_gate; ray_interaction; ui_interaction; telemetry; frame_behavior,strong_eye_source_hits_3; weak_xr_or_state_hits_3; validity_or_gating_hits_3; ray_or_cast_sink_hits_4; ui_or_gameplay_sink_hits_10; telemetry_or_network_hits_21; frame_or_lifecycle_behavior; negative_framework_support_context_without_confirmed_app_level_gaze_flow; functionality_data_collection_or_telemetry_hits_21; functionality_possible_biometrics_hits_3,base_scanner_score_144; module_bonus_validity_gate_8; module_bonus_ray_interaction_15; module_bonus_ui_interaction_12; module_bonus_telemetry_20; module_bonus_frame_behavior_5; evidence_bonus_telemetry_or_network_hits_12; sensitive_sink_telemetry_bonus_15; keyword_support_eye_or_gaze_4_bonus_16; keyword_support_sdk_3_bonus_9; keyword_support_collection_or_telemetry_4_bonus_16,C:\realDesktop\manifest-evaluations\summer-26\ghidra-pipeline\il2cpp-files\DirtBikerVR\general-structure-results\90_plus_framework_support_only_near_certain\07eacf90_UnityEngine.UI.PositionAsUV1$$ModifyMesh.c,C:\realDesktop\manifest-evaluations\summer-26\ghidra-pipeline\il2cpp-files\DirtBikerVR\manual-review-pack\A_must_review\078_p272_UnityEngine.UI.PositionAsUV1$$ModifyMesh.c
79,272,A_must_review,UnityEngine.UI.PositionAsUV1$$.ctor,07eacf88,144,90_plus_framework_support_only_near_certain,eye_source; weak_source_state; validity_gate; ray_interaction; ui_interaction; telemetry; frame_behavior,strong_eye_source_hits_3; weak_xr_or_state_hits_3; validity_or_gating_hits_3; ray_or_cast_sink_hits_4; ui_or_gameplay_sink_hits_10; telemetry_or_network_hits_21; frame_or_lifecycle_behavior; negative_framework_support_context_without_confirmed_app_level_gaze_flow; functionality_data_collection_or_telemetry_hits_21; functionality_possible_biometrics_hits_3,base_scanner_score_144; module_bonus_validity_gate_8; module_bonus_ray_interaction_15; module_bonus_ui_interaction_12; module_bonus_telemetry_20; module_bonus_frame_behavior_5; evidence_bonus_telemetry_or_network_hits_12; sensitive_sink_telemetry_bonus_15; keyword_support_eye_or_gaze_4_bonus_16; keyword_support_sdk_3_bonus_9; keyword_support_collection_or_telemetry_4_bonus_16,C:\realDesktop\manifest-evaluations\summer-26\ghidra-pipeline\il2cpp-files\DirtBikerVR\general-structure-results\90_plus_framework_support_only_near_certain\07eacf88_UnityEngine.UI.PositionAsUV1$$.ctor.c,C:\realDesktop\manifest-evaluations\summer-26\ghidra-pipeline\il2cpp-files\DirtBikerVR\manual-review-pack\A_must_review\079_p272_UnityEngine.UI.PositionAsUV1$$.ctor.c
80,272,A_must_review,UnityEngine.UI.Outline$$ModifyMesh,07eacd48,144,90_plus_framework_support_only_near_certain,eye_source; weak_source_state; validity_gate; ray_interaction; ui_interaction; telemetry; frame_behavior,strong_eye_source_hits_3; weak_xr_or_state_hits_3; validity_or_gating_hits_3; ray_or_cast_sink_hits_4; ui_or_gameplay_sink_hits_10; telemetry_or_network_hits_21; frame_or_lifecycle_behavior; negative_framework_support_context_without_confirmed_app_level_gaze_flow; functionality_data_collection_or_telemetry_hits_21; functionality_possible_biometrics_hits_3,base_scanner_score_144; module_bonus_validity_gate_8; module_bonus_ray_interaction_15; module_bonus_ui_interaction_12; module_bonus_telemetry_20; module_bonus_frame_behavior_5; evidence_bonus_telemetry_or_network_hits_12; sensitive_sink_telemetry_bonus_15; keyword_support_eye_or_gaze_4_bonus_16; keyword_support_sdk_3_bonus_9; keyword_support_collection_or_telemetry_4_bonus_16,C:\realDesktop\manifest-evaluations\summer-26\ghidra-pipeline\il2cpp-files\DirtBikerVR\general-structure-results\90_plus_framework_support_only_near_certain\07eacd48_UnityEngine.UI.Outline$$ModifyMesh.c,C:\realDesktop\manifest-evaluations\summer-26\ghidra-pipeline\il2cpp-files\DirtBikerVR\manual-review-pack\A_must_review\080_p272_UnityEngine.UI.Outline$$ModifyMesh.c
81,272,A_must_review,UnityEngine.UI.Outline$$.ctor,07eacd40,144,90_plus_framework_support_only_near_certain,eye_source; weak_source_state; validity_gate; ray_interaction; ui_interaction; telemetry; frame_behavior,strong_eye_source_hits_3; weak_xr_or_state_hits_3; validity_or_gating_hits_3; ray_or_cast_sink_hits_4; ui_or_gameplay_sink_hits_10; telemetry_or_network_hits_21; frame_or_lifecycle_behavior; negative_framework_support_context_without_confirmed_app_level_gaze_flow; functionality_data_collection_or_telemetry_hits_21; functionality_possible_biometrics_hits_3,base_scanner_score_144; module_bonus_validity_gate_8; module_bonus_ray_interaction_15; module_bonus_ui_interaction_12; module_bonus_telemetry_20; module_bonus_frame_behavior_5; evidence_bonus_telemetry_or_network_hits_12; sensitive_sink_telemetry_bonus_15; keyword_support_eye_or_gaze_4_bonus_16; keyword_support_sdk_3_bonus_9; keyword_support_collection_or_telemetry_4_bonus_16,C:\realDesktop\manifest-evaluations\summer-26\ghidra-pipeline\il2cpp-files\DirtBikerVR\general-structure-results\90_plus_framework_support_only_near_certain\07eacd40_UnityEngine.UI.Outline$$.ctor.c,C:\realDesktop\manifest-evaluations\summer-26\ghidra-pipeline\il2cpp-files\DirtBikerVR\manual-review-pack\A_must_review\081_p272_UnityEngine.UI.Outline$$.ctor.c
82,272,A_must_review,UnityEngine.UI.BaseVertexEffect$$.ctor,07eac940,144,90_plus_framework_support_only_near_certain,eye_source; weak_source_state; validity_gate; ray_interaction; ui_interaction; telemetry; frame_behavior,strong_eye_source_hits_3; weak_xr_or_state_hits_3; validity_or_gating_hits_3; ray_or_cast_sink_hits_4; ui_or_gameplay_sink_hits_10; telemetry_or_network_hits_21; frame_or_lifecycle_behavior; negative_framework_support_context_without_confirmed_app_level_gaze_flow; functionality_data_collection_or_telemetry_hits_21; functionality_possible_biometrics_hits_3,base_scanner_score_144; module_bonus_validity_gate_8; module_bonus_ray_interaction_15; module_bonus_ui_interaction_12; module_bonus_telemetry_20; module_bonus_frame_behavior_5; evidence_bonus_telemetry_or_network_hits_12; sensitive_sink_telemetry_bonus_15; keyword_support_eye_or_gaze_4_bonus_16; keyword_support_sdk_3_bonus_9; keyword_support_collection_or_telemetry_4_bonus_16,C:\realDesktop\manifest-evaluations\summer-26\ghidra-pipeline\il2cpp-files\DirtBikerVR\general-structure-results\90_plus_framework_support_only_near_certain\07eac940_UnityEngine.UI.BaseVertexEffect$$.ctor.c,C:\realDesktop\manifest-evaluations\summer-26\ghidra-pipeline\il2cpp-files\DirtBikerVR\manual-review-pack\A_must_review\082_p272_UnityEngine.UI.BaseVertexEffect$$.ctor.c
83,272,A_must_review,UnityEngine.UI.BaseMeshEffect$$get_graphic,07eac948,144,90_plus_framework_support_only_near_certain,eye_source; weak_source_state; validity_gate; ray_interaction; ui_interaction; telemetry; frame_behavior,strong_eye_source_hits_3; weak_xr_or_state_hits_3; validity_or_gating_hits_3; ray_or_cast_sink_hits_4; ui_or_gameplay_sink_hits_10; telemetry_or_network_hits_21; frame_or_lifecycle_behavior; negative_framework_support_context_without_confirmed_app_level_gaze_flow; functionality_data_collection_or_telemetry_hits_21; functionality_possible_biometrics_hits_3,base_scanner_score_144; module_bonus_validity_gate_8; module_bonus_ray_interaction_15; module_bonus_ui_interaction_12; module_bonus_telemetry_20; module_bonus_frame_behavior_5; evidence_bonus_telemetry_or_network_hits_12; sensitive_sink_telemetry_bonus_15; keyword_support_eye_or_gaze_4_bonus_16; keyword_support_sdk_3_bonus_9; keyword_support_collection_or_telemetry_4_bonus_16,C:\realDesktop\manifest-evaluations\summer-26\ghidra-pipeline\il2cpp-files\DirtBikerVR\general-structure-results\90_plus_framework_support_only_near_certain\07eac948_UnityEngine.UI.BaseMeshEffect$$get_graphic.c,C:\realDesktop\manifest-evaluations\summer-26\ghidra-pipeline\il2cpp-files\DirtBikerVR\manual-review-pack\A_must_review\083_p272_UnityEngine.UI.BaseMeshEffect$$get_graphic.c
84,272,A_must_review,UnityEngine.UI.BaseMeshEffect$$OnEnable,07eac9e8,144,90_plus_framework_support_only_near_certain,eye_source; weak_source_state; validity_gate; ray_interaction; ui_interaction; telemetry; frame_behavior,strong_eye_source_hits_3; weak_xr_or_state_hits_3; validity_or_gating_hits_3; ray_or_cast_sink_hits_4; ui_or_gameplay_sink_hits_10; telemetry_or_network_hits_21; frame_or_lifecycle_behavior; negative_framework_support_context_without_confirmed_app_level_gaze_flow; functionality_data_collection_or_telemetry_hits_21; functionality_possible_biometrics_hits_3,base_scanner_score_144; module_bonus_validity_gate_8; module_bonus_ray_interaction_15; module_bonus_ui_interaction_12; module_bonus_telemetry_20; module_bonus_frame_behavior_5; evidence_bonus_telemetry_or_network_hits_12; sensitive_sink_telemetry_bonus_15; keyword_support_eye_or_gaze_4_bonus_16; keyword_support_sdk_3_bonus_9; keyword_support_collection_or_telemetry_4_bonus_16,C:\realDesktop\manifest-evaluations\summer-26\ghidra-pipeline\il2cpp-files\DirtBikerVR\general-structure-results\90_plus_framework_support_only_near_certain\07eac9e8_UnityEngine.UI.BaseMeshEffect$$OnEnable.c,C:\realDesktop\manifest-evaluations\summer-26\ghidra-pipeline\il2cpp-files\DirtBikerVR\manual-review-pack\A_must_review\084_p272_UnityEngine.UI.BaseMeshEffect$$OnEnable.c
85,272,A_must_review,UnityEngine.UI.BaseMeshEffect$$OnDisable,07eaca90,144,90_plus_framework_support_only_near_certain,eye_source; weak_source_state; validity_gate; ray_interaction; ui_interaction; telemetry; frame_behavior,strong_eye_source_hits_3; weak_xr_or_state_hits_3; validity_or_gating_hits_3; ray_or_cast_sink_hits_4; ui_or_gameplay_sink_hits_10; telemetry_or_network_hits_21; frame_or_lifecycle_behavior; negative_framework_support_context_without_confirmed_app_level_gaze_flow; functionality_data_collection_or_telemetry_hits_21; functionality_possible_biometrics_hits_3,base_scanner_score_144; module_bonus_validity_gate_8; module_bonus_ray_interaction_15; module_bonus_ui_interaction_12; module_bonus_telemetry_20; module_bonus_frame_behavior_5; evidence_bonus_telemetry_or_network_hits_12; sensitive_sink_telemetry_bonus_15; keyword_support_eye_or_gaze_4_bonus_16; keyword_support_sdk_3_bonus_9; keyword_support_collection_or_telemetry_4_bonus_16,C:\realDesktop\manifest-evaluations\summer-26\ghidra-pipeline\il2cpp-files\DirtBikerVR\general-structure-results\90_plus_framework_support_only_near_certain\07eaca90_UnityEngine.UI.BaseMeshEffect$$OnDisable.c,C:\realDesktop\manifest-evaluations\summer-26\ghidra-pipeline\il2cpp-files\DirtBikerVR\manual-review-pack\A_must_review\085_p272_UnityEngine.UI.BaseMeshEffect$$OnDisable.c
86,272,A_must_review,UnityEngine.UI.BaseMeshEffect$$OnDidApplyAnimationProperties,07eacb2c,144,90_plus_framework_support_only_near_certain,eye_source; weak_source_state; validity_gate; ray_interaction; ui_interaction; telemetry; frame_behavior,strong_eye_source_hits_3; weak_xr_or_state_hits_3; validity_or_gating_hits_3; ray_or_cast_sink_hits_4; ui_or_gameplay_sink_hits_10; telemetry_or_network_hits_21; frame_or_lifecycle_behavior; negative_framework_support_context_without_confirmed_app_level_gaze_flow; functionality_data_collection_or_telemetry_hits_21; functionality_possible_biometrics_hits_3,base_scanner_score_144; module_bonus_validity_gate_8; module_bonus_ray_interaction_15; module_bonus_ui_interaction_12; module_bonus_telemetry_20; module_bonus_frame_behavior_5; evidence_bonus_telemetry_or_network_hits_12; sensitive_sink_telemetry_bonus_15; keyword_support_eye_or_gaze_4_bonus_16; keyword_support_sdk_3_bonus_9; keyword_support_collection_or_telemetry_4_bonus_16,C:\realDesktop\manifest-evaluations\summer-26\ghidra-pipeline\il2cpp-files\DirtBikerVR\general-structure-results\90_plus_framework_support_only_near_certain\07eacb2c_UnityEngine.UI.BaseMeshEffect$$OnDidApplyAnimationProperties.c,C:\realDesktop\manifest-evaluations\summer-26\ghidra-pipeline\il2cpp-files\DirtBikerVR\manual-review-pack\A_must_review\086_p272_UnityEngine.UI.BaseMeshEffect$$OnDidApplyAnimationProperties.c
87,272,A_must_review,UnityEngine.UI.BaseMeshEffect$$ModifyMesh,07eacbc8,144,90_plus_framework_support_only_near_certain,eye_source; weak_source_state; validity_gate; ray_interaction; ui_interaction; telemetry; frame_behavior,strong_eye_source_hits_3; weak_xr_or_state_hits_3; validity_or_gating_hits_3; ray_or_cast_sink_hits_4; ui_or_gameplay_sink_hits_10; telemetry_or_network_hits_21; frame_or_lifecycle_behavior; negative_framework_support_context_without_confirmed_app_level_gaze_flow; functionality_data_collection_or_telemetry_hits_21; functionality_possible_biometrics_hits_3,base_scanner_score_144; module_bonus_validity_gate_8; module_bonus_ray_interaction_15; module_bonus_ui_interaction_12; module_bonus_telemetry_20; module_bonus_frame_behavior_5; evidence_bonus_telemetry_or_network_hits_12; sensitive_sink_telemetry_bonus_15; keyword_support_eye_or_gaze_4_bonus_16; keyword_support_sdk_3_bonus_9; keyword_support_collection_or_telemetry_4_bonus_16,C:\realDesktop\manifest-evaluations\summer-26\ghidra-pipeline\il2cpp-files\DirtBikerVR\general-structure-results\90_plus_framework_support_only_near_certain\07eacbc8_UnityEngine.UI.BaseMeshEffect$$ModifyMesh.c,C:\realDesktop\manifest-evaluations\summer-26\ghidra-pipeline\il2cpp-files\DirtBikerVR\manual-review-pack\A_must_review\087_p272_UnityEngine.UI.BaseMeshEffect$$ModifyMesh.c
88,272,A_must_review,UnityEngine.UI.BaseMeshEffect$$.ctor,07eacd38,144,90_plus_framework_support_only_near_certain,eye_source; weak_source_state; validity_gate; ray_interaction; ui_interaction; telemetry; frame_behavior,strong_eye_source_hits_3; weak_xr_or_state_hits_3; validity_or_gating_hits_3; ray_or_cast_sink_hits_4; ui_or_gameplay_sink_hits_10; telemetry_or_network_hits_21; frame_or_lifecycle_behavior; negative_framework_support_context_without_confirmed_app_level_gaze_flow; functionality_data_collection_or_telemetry_hits_21; functionality_possible_biometrics_hits_3,base_scanner_score_144; module_bonus_validity_gate_8; module_bonus_ray_interaction_15; module_bonus_ui_interaction_12; module_bonus_telemetry_20; module_bonus_frame_behavior_5; evidence_bonus_telemetry_or_network_hits_12; sensitive_sink_telemetry_bonus_15; keyword_support_eye_or_gaze_4_bonus_16; keyword_support_sdk_3_bonus_9; keyword_support_collection_or_telemetry_4_bonus_16,C:\realDesktop\manifest-evaluations\summer-26\ghidra-pipeline\il2cpp-files\DirtBikerVR\general-structure-results\90_plus_framework_support_only_near_certain\07eacd38_UnityEngine.UI.BaseMeshEffect$$.ctor.c,C:\realDesktop\manifest-evaluations\summer-26\ghidra-pipeline\il2cpp-files\DirtBikerVR\manual-review-pack\A_must_review\088_p272_UnityEngine.UI.BaseMeshEffect$$.ctor.c
89,270,A_must_review,System.Array$$InternalArray__ICollection_Remove<OVRPlugin.VirtualKeyboardModelAnimationState>,0401e204,145,90_plus_framework_support_only_near_certain,eye_source; weak_source_state; validity_gate; pose_vector; telemetry; structure_combo,strong_eye_source_hits_2; weak_xr_or_state_hits_2; validity_or_gating_hits_4; strong_pose_or_ray_construction_hits_2; telemetry_or_network_hits_1; source_validity_pose_sink_structure; strong_eye_source_validity_pose_sink_structure; negative_framework_support_context_without_confirmed_app_level_gaze_flow; functionality_data_collection_or_telemetry_hits_1,base_scanner_score_145; module_bonus_validity_gate_8; module_bonus_pose_vector_10; module_bonus_telemetry_20; module_bonus_structure_combo_18; evidence_bonus_telemetry_or_network_hits_12; sensitive_sink_telemetry_bonus_15; keyword_support_eye_or_gaze_5_bonus_20; keyword_support_sdk_2_bonus_6; keyword_support_collection_or_telemetry_4_bonus_16,C:\realDesktop\manifest-evaluations\summer-26\ghidra-pipeline\il2cpp-files\DirtBikerVR\general-structure-results\90_plus_framework_support_only_near_certain\0401e204_System.Array$$InternalArray__ICollection_Remove_OVRPlugin.VirtualKeyboardModelAnimationState_.c,C:\realDesktop\manifest-evaluations\summer-26\ghidra-pipeline\il2cpp-files\DirtBikerVR\manual-review-pack\A_must_review\089_p270_System.Array$$InternalArray__ICollection_Remove_OVRPlugin.VirtualKeyboardModelAnimationState_.c
90,270,A_must_review,System.Array$$InternalArray__ICollection_Remove<OVRPlugin.BoneCapsule>,0401df7c,145,90_plus_framework_support_only_near_certain,eye_source; weak_source_state; validity_gate; pose_vector; telemetry; structure_combo,strong_eye_source_hits_2; weak_xr_or_state_hits_2; validity_or_gating_hits_4; strong_pose_or_ray_construction_hits_2; telemetry_or_network_hits_1; source_validity_pose_sink_structure; strong_eye_source_validity_pose_sink_structure; negative_framework_support_context_without_confirmed_app_level_gaze_flow; functionality_data_collection_or_telemetry_hits_1,base_scanner_score_145; module_bonus_validity_gate_8; module_bonus_pose_vector_10; module_bonus_telemetry_20; module_bonus_structure_combo_18; evidence_bonus_telemetry_or_network_hits_12; sensitive_sink_telemetry_bonus_15; keyword_support_eye_or_gaze_5_bonus_20; keyword_support_sdk_2_bonus_6; keyword_support_collection_or_telemetry_4_bonus_16,C:\realDesktop\manifest-evaluations\summer-26\ghidra-pipeline\il2cpp-files\DirtBikerVR\general-structure-results\90_plus_framework_support_only_near_certain\0401df7c_System.Array$$InternalArray__ICollection_Remove_OVRPlugin.BoneCapsule_.c,C:\realDesktop\manifest-evaluations\summer-26\ghidra-pipeline\il2cpp-files\DirtBikerVR\manual-review-pack\A_must_review\090_p270_System.Array$$InternalArray__ICollection_Remove_OVRPlugin.BoneCapsule_.c
91,270,A_must_review,System.Array$$InternalArray__ICollection_CopyTo<OVRPlugin.Qpl.Annotation>,04005ba0,145,90_plus_framework_support_only_near_certain,eye_source; weak_source_state; validity_gate; pose_vector; telemetry; structure_combo,strong_eye_source_hits_2; weak_xr_or_state_hits_2; validity_or_gating_hits_4; strong_pose_or_ray_construction_hits_2; telemetry_or_network_hits_1; source_validity_pose_sink_structure; strong_eye_source_validity_pose_sink_structure; negative_framework_support_context_without_confirmed_app_level_gaze_flow; functionality_data_collection_or_telemetry_hits_1,base_scanner_score_145; module_bonus_validity_gate_8; module_bonus_pose_vector_10; module_bonus_telemetry_20; module_bonus_structure_combo_18; evidence_bonus_telemetry_or_network_hits_12; sensitive_sink_telemetry_bonus_15; keyword_support_eye_or_gaze_5_bonus_20; keyword_support_sdk_2_bonus_6; keyword_support_collection_or_telemetry_4_bonus_16,C:\realDesktop\manifest-evaluations\summer-26\ghidra-pipeline\il2cpp-files\DirtBikerVR\general-structure-results\90_plus_framework_support_only_near_certain\04005ba0_System.Array$$InternalArray__ICollection_CopyTo_OVRPlugin.Qpl.Annotation_.c,C:\realDesktop\manifest-evaluations\summer-26\ghidra-pipeline\il2cpp-files\DirtBikerVR\manual-review-pack\A_must_review\091_p270_System.Array$$InternalArray__ICollection_CopyTo_OVRPlugin.Qpl.Annotation_.c
92,270,A_must_review,Unity.Services.Vivox.vx_req_account_login_t$$set_connector_handle,0793ee64,141,90_plus_uncertain_gaze_or_xr_structure_near_certain,eye_source; weak_source_state; validity_gate; ray_interaction; ui_interaction; telemetry; frame_behavior,strong_eye_source_hits_2; weak_xr_or_state_hits_2; validity_or_gating_hits_4; ray_or_cast_sink_hits_1; ui_or_gameplay_sink_hits_3; telemetry_or_network_hits_1; frame_or_lifecycle_behavior; functionality_gaze_retrieval_or_extraction; functionality_data_collection_or_telemetry_hits_1,base_scanner_score_141; module_bonus_validity_gate_8; module_bonus_ray_interaction_15; module_bonus_ui_interaction_12; module_bonus_telemetry_20; module_bonus_frame_behavior_5; evidence_bonus_telemetry_or_network_hits_12; sensitive_sink_telemetry_bonus_15; keyword_support_eye_or_gaze_5_bonus_20; keyword_support_sdk_2_bonus_6; keyword_support_collection_or_telemetry_4_bonus_16,C:\realDesktop\manifest-evaluations\summer-26\ghidra-pipeline\il2cpp-files\DirtBikerVR\general-structure-results\90_plus_uncertain_gaze_or_xr_structure_near_certain\0793ee64_Unity.Services.Vivox.vx_req_account_login_t$$set_connector_handle.c,C:\realDesktop\manifest-evaluations\summer-26\ghidra-pipeline\il2cpp-files\DirtBikerVR\manual-review-pack\A_must_review\092_p270_Unity.Services.Vivox.vx_req_account_login_t$$set_connector_handle.c
93,270,A_must_review,FUN_0793ee1c,0793ee1c,141,90_plus_uncertain_gaze_or_xr_structure_near_certain,eye_source; weak_source_state; validity_gate; ray_interaction; ui_interaction; telemetry; frame_behavior,strong_eye_source_hits_2; weak_xr_or_state_hits_2; validity_or_gating_hits_4; ray_or_cast_sink_hits_1; ui_or_gameplay_sink_hits_3; telemetry_or_network_hits_1; frame_or_lifecycle_behavior; functionality_gaze_retrieval_or_extraction; functionality_data_collection_or_telemetry_hits_1,base_scanner_score_141; module_bonus_validity_gate_8; module_bonus_ray_interaction_15; module_bonus_ui_interaction_12; module_bonus_telemetry_20; module_bonus_frame_behavior_5; evidence_bonus_telemetry_or_network_hits_12; sensitive_sink_telemetry_bonus_15; keyword_support_eye_or_gaze_5_bonus_20; keyword_support_sdk_2_bonus_6; keyword_support_collection_or_telemetry_4_bonus_16,C:\realDesktop\manifest-evaluations\summer-26\ghidra-pipeline\il2cpp-files\DirtBikerVR\general-structure-results\90_plus_uncertain_gaze_or_xr_structure_near_certain\0793ee1c_FUN_0793ee1c.c,C:\realDesktop\manifest-evaluations\summer-26\ghidra-pipeline\il2cpp-files\DirtBikerVR\manual-review-pack\A_must_review\093_p270_FUN_0793ee1c.c
94,268,A_must_review,Unity.Services.Vivox.vx_req_account_login_t$$set_application_token,0793f754,142,90_plus_uncertain_gaze_or_xr_structure_near_certain,eye_source; weak_source_state; validity_gate; ray_interaction; ui_interaction; telemetry; frame_behavior,strong_eye_source_hits_1; weak_xr_or_state_hits_1; validity_or_gating_hits_6; ray_or_cast_sink_hits_2; ui_or_gameplay_sink_hits_3; telemetry_or_network_hits_2; frame_or_lifecycle_behavior; functionality_data_collection_or_telemetry_hits_2,base_scanner_score_142; module_bonus_validity_gate_8; module_bonus_ray_interaction_15; module_bonus_ui_interaction_12; module_bonus_telemetry_20; module_bonus_frame_behavior_5; evidence_bonus_telemetry_or_network_hits_12; sensitive_sink_telemetry_bonus_15; keyword_support_eye_or_gaze_5_bonus_20; keyword_support_sdk_1_bonus_3; keyword_support_collection_or_telemetry_4_bonus_16,C:\realDesktop\manifest-evaluations\summer-26\ghidra-pipeline\il2cpp-files\DirtBikerVR\general-structure-results\90_plus_uncertain_gaze_or_xr_structure_near_certain\0793f754_Unity.Services.Vivox.vx_req_account_login_t$$set_application_token.c,C:\realDesktop\manifest-evaluations\summer-26\ghidra-pipeline\il2cpp-files\DirtBikerVR\manual-review-pack\A_must_review\094_p268_Unity.Services.Vivox.vx_req_account_login_t$$set_application_token.c
95,267,A_must_review,System.Array$$InternalArray__ICollection_Remove<OVRPlugin.Vector2f>,0401e0e4,142,90_plus_framework_support_only_near_certain,eye_source; weak_source_state; validity_gate; pose_vector; telemetry; structure_combo,strong_eye_source_hits_2; weak_xr_or_state_hits_2; validity_or_gating_hits_3; strong_pose_or_ray_construction_hits_2; telemetry_or_network_hits_1; source_validity_pose_sink_structure; strong_eye_source_validity_pose_sink_structure; negative_framework_support_context_without_confirmed_app_level_gaze_flow; functionality_data_collection_or_telemetry_hits_1,base_scanner_score_142; module_bonus_validity_gate_8; module_bonus_pose_vector_10; module_bonus_telemetry_20; module_bonus_structure_combo_18; evidence_bonus_telemetry_or_network_hits_12; sensitive_sink_telemetry_bonus_15; keyword_support_eye_or_gaze_5_bonus_20; keyword_support_sdk_2_bonus_6; keyword_support_collection_or_telemetry_4_bonus_16,C:\realDesktop\manifest-evaluations\summer-26\ghidra-pipeline\il2cpp-files\DirtBikerVR\general-structure-results\90_plus_framework_support_only_near_certain\0401e0e4_System.Array$$InternalArray__ICollection_Remove_OVRPlugin.Vector2f_.c,C:\realDesktop\manifest-evaluations\summer-26\ghidra-pipeline\il2cpp-files\DirtBikerVR\manual-review-pack\A_must_review\095_p267_System.Array$$InternalArray__ICollection_Remove_OVRPlugin.Vector2f_.c
96,264,A_must_review,FUN_07f6a1c4,07f6a1c4,144,90_plus_uncertain_gaze_or_xr_structure_near_certain,eye_source; weak_source_state; validity_gate; ui_interaction; telemetry; frame_behavior,strong_eye_source_hits_21; weak_xr_or_state_hits_21; validity_or_gating_hits_21; ui_or_gameplay_sink_hits_8; telemetry_or_network_hits_2; frame_or_lifecycle_behavior; functionality_data_collection_or_telemetry_hits_2,base_scanner_score_144; module_bonus_validity_gate_8; module_bonus_ui_interaction_12; module_bonus_telemetry_20; module_bonus_frame_behavior_5; evidence_bonus_telemetry_or_network_hits_12; sensitive_sink_telemetry_bonus_15; keyword_support_eye_or_gaze_5_bonus_20; keyword_support_sdk_4_bonus_12; keyword_support_collection_or_telemetry_4_bonus_16,C:\realDesktop\manifest-evaluations\summer-26\ghidra-pipeline\il2cpp-files\DirtBikerVR\general-structure-results\90_plus_uncertain_gaze_or_xr_structure_near_certain\07f6a1c4_FUN_07f6a1c4.c,C:\realDesktop\manifest-evaluations\summer-26\ghidra-pipeline\il2cpp-files\DirtBikerVR\manual-review-pack\A_must_review\096_p264_FUN_07f6a1c4.c
97,263,A_must_review,FUN_07de42d8,07de42d8,145,90_plus_uncertain_gaze_or_xr_structure_near_certain,eye_source; weak_source_state; validity_gate; ray_interaction; telemetry,strong_eye_source_hits_16; weak_xr_or_state_hits_20; validity_or_gating_hits_4; ray_or_cast_sink_hits_4; telemetry_or_network_hits_2; functionality_permission_setup; functionality_data_collection_or_telemetry_hits_2,base_scanner_score_145; module_bonus_validity_gate_8; module_bonus_ray_interaction_15; module_bonus_telemetry_20; evidence_bonus_telemetry_or_network_hits_12; sensitive_sink_telemetry_bonus_15; keyword_support_eye_or_gaze_5_bonus_20; keyword_support_sdk_4_bonus_12; keyword_support_collection_or_telemetry_4_bonus_16,C:\realDesktop\manifest-evaluations\summer-26\ghidra-pipeline\il2cpp-files\DirtBikerVR\general-structure-results\90_plus_uncertain_gaze_or_xr_structure_near_certain\07de42d8_FUN_07de42d8.c,C:\realDesktop\manifest-evaluations\summer-26\ghidra-pipeline\il2cpp-files\DirtBikerVR\manual-review-pack\A_must_review\097_p263_FUN_07de42d8.c
98,263,A_must_review,FUN_07d7c4c4,07d7c4c4,142,90_plus_uncertain_gaze_or_xr_structure_near_certain,eye_source; weak_source_state; validity_gate; ray_interaction; ui_interaction; telemetry,strong_eye_source_hits_1; weak_xr_or_state_hits_5; validity_or_gating_hits_21; ray_or_cast_sink_hits_2; ui_or_gameplay_sink_hits_2; telemetry_or_network_hits_10; functionality_data_collection_or_telemetry_hits_10,base_scanner_score_142; module_bonus_validity_gate_8; module_bonus_ray_interaction_15; module_bonus_ui_interaction_12; module_bonus_telemetry_20; evidence_bonus_telemetry_or_network_hits_12; sensitive_sink_telemetry_bonus_15; keyword_support_eye_or_gaze_5_bonus_20; keyword_support_sdk_1_bonus_3; keyword_support_collection_or_telemetry_4_bonus_16,C:\realDesktop\manifest-evaluations\summer-26\ghidra-pipeline\il2cpp-files\DirtBikerVR\general-structure-results\90_plus_uncertain_gaze_or_xr_structure_near_certain\07d7c4c4_FUN_07d7c4c4.c,C:\realDesktop\manifest-evaluations\summer-26\ghidra-pipeline\il2cpp-files\DirtBikerVR\manual-review-pack\A_must_review\098_p263_FUN_07d7c4c4.c
99,263,A_must_review,UnityEngine.UIElements.Columns$$get_visibleList,07df07b4,132,90_plus_framework_support_only_near_certain,eye_source; weak_source_state; validity_gate; ray_interaction; ui_interaction; telemetry; frame_behavior,strong_eye_source_hits_2; weak_xr_or_state_hits_21; validity_or_gating_hits_1; ray_or_cast_sink_hits_10; ui_or_gameplay_sink_hits_4; telemetry_or_network_hits_4; frame_or_lifecycle_behavior; negative_framework_support_context_without_confirmed_app_level_gaze_flow; functionality_permission_setup; functionality_data_collection_or_telemetry_hits_3,base_scanner_score_132; module_bonus_validity_gate_8; module_bonus_ray_interaction_15; module_bonus_ui_interaction_12; module_bonus_telemetry_20; module_bonus_frame_behavior_5; evidence_bonus_telemetry_or_network_hits_12; sensitive_sink_telemetry_bonus_15; keyword_support_eye_or_gaze_4_bonus_16; keyword_support_sdk_4_bonus_12; keyword_support_collection_or_telemetry_4_bonus_16,C:\realDesktop\manifest-evaluations\summer-26\ghidra-pipeline\il2cpp-files\DirtBikerVR\general-structure-results\90_plus_framework_support_only_near_certain\07df07b4_UnityEngine.UIElements.Columns$$get_visibleList.c,C:\realDesktop\manifest-evaluations\summer-26\ghidra-pipeline\il2cpp-files\DirtBikerVR\manual-review-pack\A_must_review\099_p263_UnityEngine.UIElements.Columns$$get_visibleList.c
100,263,A_must_review,UnityEngine.UIElements.Column$$set_visible,07df07d4,132,90_plus_framework_support_only_near_certain,eye_source; weak_source_state; validity_gate; ray_interaction; ui_interaction; telemetry; frame_behavior,strong_eye_source_hits_2; weak_xr_or_state_hits_21; validity_or_gating_hits_1; ray_or_cast_sink_hits_10; ui_or_gameplay_sink_hits_4; telemetry_or_network_hits_4; frame_or_lifecycle_behavior; negative_framework_support_context_without_confirmed_app_level_gaze_flow; functionality_permission_setup; functionality_data_collection_or_telemetry_hits_3,base_scanner_score_132; module_bonus_validity_gate_8; module_bonus_ray_interaction_15; module_bonus_ui_interaction_12; module_bonus_telemetry_20; module_bonus_frame_behavior_5; evidence_bonus_telemetry_or_network_hits_12; sensitive_sink_telemetry_bonus_15; keyword_support_eye_or_gaze_4_bonus_16; keyword_support_sdk_4_bonus_12; keyword_support_collection_or_telemetry_4_bonus_16,C:\realDesktop\manifest-evaluations\summer-26\ghidra-pipeline\il2cpp-files\DirtBikerVR\general-structure-results\90_plus_framework_support_only_near_certain\07df07d4_UnityEngine.UIElements.Column$$set_visible.c,C:\realDesktop\manifest-evaluations\summer-26\ghidra-pipeline\il2cpp-files\DirtBikerVR\manual-review-pack\A_must_review\100_p263_UnityEngine.UIElements.Column$$set_visible.c
