rank,manual_priority_score,manual_tier,function_name,entry_point,scanner_score,scanner_label,modules,evidence,priority_reasons,file_path,copied_file
1,234,A_must_review,OVRPlugin$$GetHeadPoseModifier,06ac26c8,157,90_plus_uncertain_gaze_interaction_near_certain,eye_source; weak_source_state; validity_gate; pose_vector; ray_interaction; structure_combo,strong_eye_source_hits_2; weak_xr_or_state_hits_4; validity_or_gating_hits_3; strong_pose_or_ray_construction_hits_1; ray_or_cast_sink_hits_4; source_validity_pose_sink_structure; strong_eye_source_validity_pose_sink_structure; functionality_gaze_retrieval_or_extraction; functionality_gaze_interaction_hits_4,base_scanner_score_157; module_bonus_validity_gate_8; module_bonus_pose_vector_10; module_bonus_ray_interaction_15; module_bonus_structure_combo_18; keyword_support_eye_or_gaze_5_bonus_20; keyword_support_sdk_2_bonus_6,C:\realDesktop\manifest-evaluations\summer-26\ghidra-pipeline\il2cpp-files\Waifu\general-structure-results\90_plus_uncertain_gaze_interaction_near_certain\06ac26c8_OVRPlugin$$GetHeadPoseModifier.c,C:\realDesktop\manifest-evaluations\summer-26\ghidra-pipeline\il2cpp-files\Waifu\manual-review-pack\A_must_review\001_p234_OVRPlugin$$GetHeadPoseModifier.c
2,232,A_must_review,OVRPlugin.UnityOpenXR$$OnSessionDestroy,06af3030,121,90_plus_uncertain_gaze_or_xr_structure_near_certain,eye_source; weak_source_state; validity_gate; paired_state_refs; telemetry,strong_eye_source_hits_2; weak_xr_or_state_hits_5; validity_or_gating_hits_10; paired_field_refs_with_eye_source; telemetry_or_network_hits_2; functionality_data_collection_or_telemetry_hits_2,base_scanner_score_121; module_bonus_validity_gate_8; module_bonus_paired_state_refs_8; module_bonus_telemetry_20; evidence_bonus_telemetry_or_network_hits_12; sensitive_sink_telemetry_bonus_15; keyword_support_eye_or_gaze_5_bonus_20; keyword_support_sdk_4_bonus_12; keyword_support_collection_or_telemetry_4_bonus_16,C:\realDesktop\manifest-evaluations\summer-26\ghidra-pipeline\il2cpp-files\Waifu\general-structure-results\90_plus_uncertain_gaze_or_xr_structure_near_certain\06af3030_OVRPlugin.UnityOpenXR$$OnSessionDestroy.c,C:\realDesktop\manifest-evaluations\summer-26\ghidra-pipeline\il2cpp-files\Waifu\manual-review-pack\A_must_review\002_p232_OVRPlugin.UnityOpenXR$$OnSessionDestroy.c
3,232,A_must_review,OVRPlugin.OVRP_1_71_0$$ovrp_UnityOpenXR_OnSessionDestroy,06af30f4,121,90_plus_uncertain_gaze_or_xr_structure_near_certain,eye_source; weak_source_state; validity_gate; paired_state_refs; telemetry,strong_eye_source_hits_2; weak_xr_or_state_hits_5; validity_or_gating_hits_10; paired_field_refs_with_eye_source; telemetry_or_network_hits_2; functionality_data_collection_or_telemetry_hits_2,base_scanner_score_121; module_bonus_validity_gate_8; module_bonus_paired_state_refs_8; module_bonus_telemetry_20; evidence_bonus_telemetry_or_network_hits_12; sensitive_sink_telemetry_bonus_15; keyword_support_eye_or_gaze_5_bonus_20; keyword_support_sdk_4_bonus_12; keyword_support_collection_or_telemetry_4_bonus_16,C:\realDesktop\manifest-evaluations\summer-26\ghidra-pipeline\il2cpp-files\Waifu\general-structure-results\90_plus_uncertain_gaze_or_xr_structure_near_certain\06af30f4_OVRPlugin.OVRP_1_71_0$$ovrp_UnityOpenXR_OnSessionDestroy.c,C:\realDesktop\manifest-evaluations\summer-26\ghidra-pipeline\il2cpp-files\Waifu\manual-review-pack\A_must_review\003_p232_OVRPlugin.OVRP_1_71_0$$ovrp_UnityOpenXR_OnSessionDestroy.c
4,232,A_must_review,OVRPlugin.OVRP_1_71_0$$ovrp_UnityOpenXR_OnSessionCreate,06af2958,121,90_plus_uncertain_gaze_or_xr_structure_near_certain,eye_source; weak_source_state; validity_gate; paired_state_refs; telemetry,strong_eye_source_hits_2; weak_xr_or_state_hits_4; validity_or_gating_hits_9; paired_field_refs_with_eye_source; telemetry_or_network_hits_2; functionality_data_collection_or_telemetry_hits_2,base_scanner_score_121; module_bonus_validity_gate_8; module_bonus_paired_state_refs_8; module_bonus_telemetry_20; evidence_bonus_telemetry_or_network_hits_12; sensitive_sink_telemetry_bonus_15; keyword_support_eye_or_gaze_5_bonus_20; keyword_support_sdk_4_bonus_12; keyword_support_collection_or_telemetry_4_bonus_16,C:\realDesktop\manifest-evaluations\summer-26\ghidra-pipeline\il2cpp-files\Waifu\general-structure-results\90_plus_uncertain_gaze_or_xr_structure_near_certain\06af2958_OVRPlugin.OVRP_1_71_0$$ovrp_UnityOpenXR_OnSessionCreate.c,C:\realDesktop\manifest-evaluations\summer-26\ghidra-pipeline\il2cpp-files\Waifu\manual-review-pack\A_must_review\004_p232_OVRPlugin.OVRP_1_71_0$$ovrp_UnityOpenXR_OnSessionCreate.c
5,231,A_must_review,OVRPlugin$$IsPerfMetricsSupported,06ac2820,154,90_plus_uncertain_gaze_interaction_near_certain,eye_source; weak_source_state; validity_gate; pose_vector; ray_interaction; structure_combo,strong_eye_source_hits_2; weak_xr_or_state_hits_4; validity_or_gating_hits_2; strong_pose_or_ray_construction_hits_1; ray_or_cast_sink_hits_3; source_validity_pose_sink_structure; strong_eye_source_validity_pose_sink_structure; functionality_gaze_retrieval_or_extraction; functionality_gaze_interaction_hits_3,base_scanner_score_154; module_bonus_validity_gate_8; module_bonus_pose_vector_10; module_bonus_ray_interaction_15; module_bonus_structure_combo_18; keyword_support_eye_or_gaze_5_bonus_20; keyword_support_sdk_2_bonus_6,C:\realDesktop\manifest-evaluations\summer-26\ghidra-pipeline\il2cpp-files\Waifu\general-structure-results\90_plus_uncertain_gaze_interaction_near_certain\06ac2820_OVRPlugin$$IsPerfMetricsSupported.c,C:\realDesktop\manifest-evaluations\summer-26\ghidra-pipeline\il2cpp-files\Waifu\manual-review-pack\A_must_review\005_p231_OVRPlugin$$IsPerfMetricsSupported.c
6,230,A_must_review,System.Collections.Generic.EqualityComparer<OVRPlugin.Qpl.Annotation.Builder.Entry>$$.ctor,0412890c,156,90_plus_framework_support_only_near_certain,eye_source; weak_source_state; validity_gate; pose_vector; ui_interaction; structure_combo; ordered_structure,strong_eye_source_hits_2; weak_xr_or_state_hits_2; validity_or_gating_hits_2; strong_pose_or_ray_construction_hits_2; ui_or_gameplay_sink_hits_2; source_validity_pose_sink_structure; strong_eye_source_validity_pose_sink_structure; ordered_eye_source_validity_pose_interaction_sink; negative_framework_support_context_without_confirmed_app_level_gaze_flow; functionality_gaze_interaction_hits_2,base_scanner_score_156; module_bonus_validity_gate_8; module_bonus_pose_vector_10; module_bonus_ui_interaction_12; module_bonus_structure_combo_18; keyword_support_eye_or_gaze_5_bonus_20; keyword_support_sdk_2_bonus_6,C:\realDesktop\manifest-evaluations\summer-26\ghidra-pipeline\il2cpp-files\Waifu\general-structure-results\90_plus_framework_support_only_near_certain\0412890c_System.Collections.Generic.EqualityComparer_OVRPlugin.Qpl.Annotation.Builder.Entry_$$.ctor.c,C:\realDesktop\manifest-evaluations\summer-26\ghidra-pipeline\il2cpp-files\Waifu\manual-review-pack\A_must_review\006_p230_System.Collections.Generic.EqualityComparer_OVRPlugin.Qpl.Annotation.Builder.Entry_$$.ctor.c
7,228,A_must_review,Newtonsoft.Json.Serialization.JsonSerializerInternalWriter$$WriteStartArray,06865c18,89,70_high_general_structure_review_high,validity_gate; pose_vector; paired_state_refs; data_collection; telemetry; frame_behavior,validity_or_gating_hits_16; strong_pose_or_ray_construction_hits_4; paired_field_refs_with_structure_only; strong_file_logging_hits_2; telemetry_or_network_hits_2; frame_or_lifecycle_behavior; cap_below_near_certain_without_eye_anchor_or_ordered_structure,base_scanner_score_89; module_bonus_validity_gate_8; module_bonus_pose_vector_10; module_bonus_paired_state_refs_8; module_bonus_data_collection_22; module_bonus_telemetry_20; module_bonus_frame_behavior_5; evidence_bonus_telemetry_or_network_hits_12; sensitive_sink_data_collection_bonus_15; sensitive_sink_telemetry_bonus_15; keyword_support_eye_or_gaze_2_bonus_8; keyword_support_collection_or_telemetry_4_bonus_16,C:\realDesktop\manifest-evaluations\summer-26\ghidra-pipeline\il2cpp-files\Waifu\general-structure-results\70_high_general_structure_review_high\06865c18_Newtonsoft.Json.Serialization.JsonSerializerInternalWriter$$WriteStartArray.c,C:\realDesktop\manifest-evaluations\summer-26\ghidra-pipeline\il2cpp-files\Waifu\manual-review-pack\A_must_review\007_p228_Newtonsoft.Json.Serialization.JsonSerializerInternalWriter$$WriteStartArray.c
8,224,A_must_review,OVRPlugin$$SetDeveloperTelemetryConsent,06ad1ea0,119,90_plus_uncertain_gaze_or_xr_structure_near_certain,eye_source; weak_source_state; validity_gate; paired_state_refs; telemetry,strong_eye_source_hits_2; weak_xr_or_state_hits_2; validity_or_gating_hits_21; paired_field_refs_with_eye_source; telemetry_or_network_hits_2; functionality_data_collection_or_telemetry_hits_2,base_scanner_score_119; module_bonus_validity_gate_8; module_bonus_paired_state_refs_8; module_bonus_telemetry_20; evidence_bonus_telemetry_or_network_hits_12; sensitive_sink_telemetry_bonus_15; keyword_support_eye_or_gaze_5_bonus_20; keyword_support_sdk_2_bonus_6; keyword_support_collection_or_telemetry_4_bonus_16,C:\realDesktop\manifest-evaluations\summer-26\ghidra-pipeline\il2cpp-files\Waifu\general-structure-results\90_plus_uncertain_gaze_or_xr_structure_near_certain\06ad1ea0_OVRPlugin$$SetDeveloperTelemetryConsent.c,C:\realDesktop\manifest-evaluations\summer-26\ghidra-pipeline\il2cpp-files\Waifu\manual-review-pack\A_must_review\008_p224_OVRPlugin$$SetDeveloperTelemetryConsent.c
9,222,A_must_review,OVRPlugin.Media$$SetMrcHeadsetControllerPose,06af0db8,148,90_plus_uncertain_gaze_interaction_near_certain,eye_source; weak_source_state; validity_gate; pose_vector; ui_interaction; structure_combo,strong_eye_source_hits_2; weak_xr_or_state_hits_3; validity_or_gating_hits_2; strong_pose_or_ray_construction_hits_2; ui_or_gameplay_sink_hits_2; source_validity_pose_sink_structure; strong_eye_source_validity_pose_sink_structure; functionality_gaze_interaction_hits_2,base_scanner_score_148; module_bonus_validity_gate_8; module_bonus_pose_vector_10; module_bonus_ui_interaction_12; module_bonus_structure_combo_18; keyword_support_eye_or_gaze_5_bonus_20; keyword_support_sdk_2_bonus_6,C:\realDesktop\manifest-evaluations\summer-26\ghidra-pipeline\il2cpp-files\Waifu\general-structure-results\90_plus_uncertain_gaze_interaction_near_certain\06af0db8_OVRPlugin.Media$$SetMrcHeadsetControllerPose.c,C:\realDesktop\manifest-evaluations\summer-26\ghidra-pipeline\il2cpp-files\Waifu\manual-review-pack\A_must_review\009_p222_OVRPlugin.Media$$SetMrcHeadsetControllerPose.c
10,219,A_must_review,OVRManager$$get_eyeTrackedFoveatedRenderingEnabled,06aabb6c,153,90_plus_attempted_dynamic_eye_tracked_foveation_near_certain,eye_source; weak_source_state; validity_gate; foveation_rendering; attempted_use; dynamic_foveation_possible,strong_eye_source_hits_6; weak_xr_or_state_hits_6; validity_or_gating_hits_5; strong_foveation_hits_2; attempted_eye_tracking_permission_or_feature_enable; attempted_eye_tracking_with_foveated_rendering_path; functionality_foveated_rendering,base_scanner_score_153; module_bonus_validity_gate_8; module_bonus_foveation_rendering_20; sensitive_sink_foveation_bonus_12; keyword_support_eye_or_gaze_5_bonus_20; keyword_support_sdk_2_bonus_6,C:\realDesktop\manifest-evaluations\summer-26\ghidra-pipeline\il2cpp-files\Waifu\general-structure-results\90_plus_attempted_dynamic_eye_tracked_foveation_near_certain\06aabb6c_OVRManager$$get_eyeTrackedFoveatedRenderingEnabled.c,C:\realDesktop\manifest-evaluations\summer-26\ghidra-pipeline\il2cpp-files\Waifu\manual-review-pack\A_must_review\010_p219_OVRManager$$get_eyeTrackedFoveatedRenderingEnabled.c
11,219,A_must_review,OVRManager$$GetEyeTrackedFoveatedRenderingSupported,06aabb18,153,90_plus_attempted_dynamic_eye_tracked_foveation_near_certain,eye_source; weak_source_state; validity_gate; foveation_rendering; attempted_use; dynamic_foveation_possible,strong_eye_source_hits_6; weak_xr_or_state_hits_4; validity_or_gating_hits_4; strong_foveation_hits_2; attempted_eye_tracking_permission_or_feature_enable; attempted_eye_tracking_with_foveated_rendering_path; functionality_foveated_rendering,base_scanner_score_153; module_bonus_validity_gate_8; module_bonus_foveation_rendering_20; sensitive_sink_foveation_bonus_12; keyword_support_eye_or_gaze_5_bonus_20; keyword_support_sdk_2_bonus_6,C:\realDesktop\manifest-evaluations\summer-26\ghidra-pipeline\il2cpp-files\Waifu\general-structure-results\90_plus_attempted_dynamic_eye_tracked_foveation_near_certain\06aabb18_OVRManager$$GetEyeTrackedFoveatedRenderingSupported.c,C:\realDesktop\manifest-evaluations\summer-26\ghidra-pipeline\il2cpp-files\Waifu\manual-review-pack\A_must_review\011_p219_OVRManager$$GetEyeTrackedFoveatedRenderingSupported.c
12,219,A_must_review,OVRManager$$GetEyeTrackedFoveatedRenderingEnabled,06aabbbc,153,90_plus_attempted_dynamic_eye_tracked_foveation_near_certain,eye_source; weak_source_state; validity_gate; foveation_rendering; attempted_use; dynamic_foveation_possible,strong_eye_source_hits_6; weak_xr_or_state_hits_6; validity_or_gating_hits_4; strong_foveation_hits_2; attempted_eye_tracking_permission_or_feature_enable; attempted_eye_tracking_with_foveated_rendering_path; functionality_foveated_rendering,base_scanner_score_153; module_bonus_validity_gate_8; module_bonus_foveation_rendering_20; sensitive_sink_foveation_bonus_12; keyword_support_eye_or_gaze_5_bonus_20; keyword_support_sdk_2_bonus_6,C:\realDesktop\manifest-evaluations\summer-26\ghidra-pipeline\il2cpp-files\Waifu\general-structure-results\90_plus_attempted_dynamic_eye_tracked_foveation_near_certain\06aabbbc_OVRManager$$GetEyeTrackedFoveatedRenderingEnabled.c,C:\realDesktop\manifest-evaluations\summer-26\ghidra-pipeline\il2cpp-files\Waifu\manual-review-pack\A_must_review\012_p219_OVRManager$$GetEyeTrackedFoveatedRenderingEnabled.c
13,219,A_must_review,Meta.XR.ImmersiveDebugger.Telemetry.TelemetryTracker$$OnStart,0634f870,115,90_plus_uncertain_gaze_or_xr_structure_near_certain,eye_source; validity_gate; paired_state_refs; telemetry; frame_behavior,strong_eye_source_hits_1; validity_or_gating_hits_4; paired_field_refs_with_eye_source; telemetry_or_network_hits_4; frame_or_lifecycle_behavior; functionality_data_collection_or_telemetry_hits_4,base_scanner_score_115; module_bonus_validity_gate_8; module_bonus_paired_state_refs_8; module_bonus_telemetry_20; module_bonus_frame_behavior_5; evidence_bonus_telemetry_or_network_hits_12; sensitive_sink_telemetry_bonus_15; keyword_support_eye_or_gaze_5_bonus_20; keyword_support_collection_or_telemetry_4_bonus_16,C:\realDesktop\manifest-evaluations\summer-26\ghidra-pipeline\il2cpp-files\Waifu\general-structure-results\90_plus_uncertain_gaze_or_xr_structure_near_certain\0634f870_Meta.XR.ImmersiveDebugger.Telemetry.TelemetryTracker$$OnStart.c,C:\realDesktop\manifest-evaluations\summer-26\ghidra-pipeline\il2cpp-files\Waifu\manual-review-pack\A_must_review\013_p219_Meta.XR.ImmersiveDebugger.Telemetry.TelemetryTracker$$OnStart.c
14,219,A_must_review,Meta.XR.ImmersiveDebugger.Telemetry.TelemetryTracker$$Init,0634f748,115,90_plus_uncertain_gaze_or_xr_structure_near_certain,eye_source; validity_gate; paired_state_refs; telemetry; frame_behavior,strong_eye_source_hits_1; validity_or_gating_hits_5; paired_field_refs_with_eye_source; telemetry_or_network_hits_6; frame_or_lifecycle_behavior; functionality_data_collection_or_telemetry_hits_6,base_scanner_score_115; module_bonus_validity_gate_8; module_bonus_paired_state_refs_8; module_bonus_telemetry_20; module_bonus_frame_behavior_5; evidence_bonus_telemetry_or_network_hits_12; sensitive_sink_telemetry_bonus_15; keyword_support_eye_or_gaze_5_bonus_20; keyword_support_collection_or_telemetry_4_bonus_16,C:\realDesktop\manifest-evaluations\summer-26\ghidra-pipeline\il2cpp-files\Waifu\general-structure-results\90_plus_uncertain_gaze_or_xr_structure_near_certain\0634f748_Meta.XR.ImmersiveDebugger.Telemetry.TelemetryTracker$$Init.c,C:\realDesktop\manifest-evaluations\summer-26\ghidra-pipeline\il2cpp-files\Waifu\manual-review-pack\A_must_review\014_p219_Meta.XR.ImmersiveDebugger.Telemetry.TelemetryTracker$$Init.c
15,216,A_must_review,OVRManager$$set_eyeTrackedFoveatedRenderingEnabled,06aabc10,150,90_plus_attempted_dynamic_eye_tracked_foveation_near_certain,eye_source; weak_source_state; validity_gate; foveation_rendering; attempted_use; dynamic_foveation_possible,strong_eye_source_hits_6; weak_xr_or_state_hits_4; validity_or_gating_hits_3; strong_foveation_hits_2; attempted_eye_tracking_permission_or_feature_enable; attempted_eye_tracking_with_foveated_rendering_path; functionality_foveated_rendering,base_scanner_score_150; module_bonus_validity_gate_8; module_bonus_foveation_rendering_20; sensitive_sink_foveation_bonus_12; keyword_support_eye_or_gaze_5_bonus_20; keyword_support_sdk_2_bonus_6,C:\realDesktop\manifest-evaluations\summer-26\ghidra-pipeline\il2cpp-files\Waifu\general-structure-results\90_plus_attempted_dynamic_eye_tracked_foveation_near_certain\06aabc10_OVRManager$$set_eyeTrackedFoveatedRenderingEnabled.c,C:\realDesktop\manifest-evaluations\summer-26\ghidra-pipeline\il2cpp-files\Waifu\manual-review-pack\A_must_review\015_p216_OVRManager$$set_eyeTrackedFoveatedRenderingEnabled.c
16,216,A_must_review,Meta.XR.BuildingBlocks.RoomMeshController.<Start>d__4$$System.IDisposable.Dispose,06342678,143,90_plus_uncertain_gaze_interaction_near_certain,eye_source; validity_gate; pose_vector; ui_interaction; frame_behavior; structure_combo,strong_eye_source_hits_1; validity_or_gating_hits_13; strong_pose_or_ray_construction_hits_2; ui_or_gameplay_sink_hits_2; frame_or_lifecycle_behavior; source_validity_pose_sink_structure; strong_eye_source_validity_pose_sink_structure; functionality_gaze_interaction_hits_2,base_scanner_score_143; module_bonus_validity_gate_8; module_bonus_pose_vector_10; module_bonus_ui_interaction_12; module_bonus_frame_behavior_5; module_bonus_structure_combo_18; keyword_support_eye_or_gaze_5_bonus_20,C:\realDesktop\manifest-evaluations\summer-26\ghidra-pipeline\il2cpp-files\Waifu\general-structure-results\90_plus_uncertain_gaze_interaction_near_certain\06342678_Meta.XR.BuildingBlocks.RoomMeshController._Start_d__4$$System.IDisposable.Dispose.c,C:\realDesktop\manifest-evaluations\summer-26\ghidra-pipeline\il2cpp-files\Waifu\manual-review-pack\A_must_review\016_p216_Meta.XR.BuildingBlocks.RoomMeshController._Start_d__4$$System.IDisposable.Dispose.c
17,216,A_must_review,Estrada.DefaultMicrophoneController.MacOSMicrophonePermissionRequester.<RequestPermission>d__2$$System.IDisposable.Dispose,036a4944,89,70_high_attempted_eye_tracking_permission_or_feature_high,weak_source_state; validity_gate; pose_vector; paired_state_refs; telemetry; structure_combo; attempted_use,weak_xr_or_state_hits_4; validity_or_gating_hits_16; strong_pose_or_ray_construction_hits_2; paired_field_refs_with_structure_only; telemetry_or_network_hits_4; source_validity_pose_sink_structure; attempted_eye_tracking_permission_or_feature_enable; cap_below_near_certain_without_eye_anchor_or_ordered_structure,base_scanner_score_89; module_bonus_validity_gate_8; module_bonus_pose_vector_10; module_bonus_paired_state_refs_8; module_bonus_telemetry_20; module_bonus_structure_combo_18; evidence_bonus_telemetry_or_network_hits_12; sensitive_sink_telemetry_bonus_15; keyword_support_eye_or_gaze_5_bonus_20; keyword_support_collection_or_telemetry_4_bonus_16,C:\realDesktop\manifest-evaluations\summer-26\ghidra-pipeline\il2cpp-files\Waifu\general-structure-results\70_high_attempted_eye_tracking_permission_or_feature_high\036a4944_Estrada.DefaultMicrophoneController.MacOSMicrophonePermissionRequester._RequestPermission_d__2$$System.IDisposable.Dispose.c,C:\realDesktop\manifest-evaluations\summer-26\ghidra-pipeline\il2cpp-files\Waifu\manual-review-pack\A_must_review\017_p216_Estrada.DefaultMicrophoneController.MacOSMicrophonePermissionRequester._RequestPermission_d__2$$System.IDisposable.Dispose.c
18,216,A_must_review,Estrada.DefaultMicrophoneController.<RequestPermission>d__3$$System.IDisposable.Dispose,036a4a74,89,70_high_attempted_eye_tracking_permission_or_feature_high,weak_source_state; validity_gate; pose_vector; paired_state_refs; telemetry; structure_combo; attempted_use,weak_xr_or_state_hits_2; validity_or_gating_hits_12; strong_pose_or_ray_construction_hits_2; paired_field_refs_with_structure_only; telemetry_or_network_hits_2; source_validity_pose_sink_structure; attempted_eye_tracking_permission_or_feature_enable; cap_below_near_certain_without_eye_anchor_or_ordered_structure,base_scanner_score_89; module_bonus_validity_gate_8; module_bonus_pose_vector_10; module_bonus_paired_state_refs_8; module_bonus_telemetry_20; module_bonus_structure_combo_18; evidence_bonus_telemetry_or_network_hits_12; sensitive_sink_telemetry_bonus_15; keyword_support_eye_or_gaze_5_bonus_20; keyword_support_collection_or_telemetry_4_bonus_16,C:\realDesktop\manifest-evaluations\summer-26\ghidra-pipeline\il2cpp-files\Waifu\general-structure-results\70_high_attempted_eye_tracking_permission_or_feature_high\036a4a74_Estrada.DefaultMicrophoneController._RequestPermission_d__3$$System.IDisposable.Dispose.c,C:\realDesktop\manifest-evaluations\summer-26\ghidra-pipeline\il2cpp-files\Waifu\manual-review-pack\A_must_review\018_p216_Estrada.DefaultMicrophoneController._RequestPermission_d__3$$System.IDisposable.Dispose.c
19,213,A_must_review,ShadowGroveGames.WebhooksForDiscord.Scripts.DiscordWebhook.<SendHttpRequestAsync>d__26$$MoveNext,06bae4cc,87,70_high_general_structure_review_high,weak_source_state; validity_gate; ui_interaction; telemetry; keyword_support,weak_xr_or_state_hits_5; validity_or_gating_hits_21; ui_or_gameplay_sink_hits_2; telemetry_or_network_hits_2; eye_or_gaze_keyword_boost_only,base_scanner_score_87; module_bonus_validity_gate_8; module_bonus_ui_interaction_12; module_bonus_telemetry_20; module_bonus_keyword_support_12; evidence_bonus_telemetry_or_network_hits_12; evidence_bonus_eye_or_gaze_keyword_boost_12; sensitive_sink_telemetry_bonus_15; keyword_support_eye_or_gaze_4_bonus_16; keyword_support_sdk_1_bonus_3; keyword_support_collection_or_telemetry_4_bonus_16,C:\realDesktop\manifest-evaluations\summer-26\ghidra-pipeline\il2cpp-files\Waifu\general-structure-results\70_high_general_structure_review_high\06bae4cc_ShadowGroveGames.WebhooksForDiscord.Scripts.DiscordWebhook._SendHttpRequestAsync_d__26$$MoveNext.c,C:\realDesktop\manifest-evaluations\summer-26\ghidra-pipeline\il2cpp-files\Waifu\manual-review-pack\A_must_review\019_p213_ShadowGroveGames.WebhooksForDiscord.Scripts.DiscordWebhook._SendHttpRequestAsync_d__26$$MoveNext.c
20,212,A_must_review,OVRPlugin.UnityOpenXR$$OnSessionExiting,06af2ef0,109,90_plus_uncertain_gaze_or_xr_structure_near_certain,eye_source; weak_source_state; validity_gate; telemetry,strong_eye_source_hits_2; weak_xr_or_state_hits_5; validity_or_gating_hits_13; telemetry_or_network_hits_2; functionality_data_collection_or_telemetry_hits_2,base_scanner_score_109; module_bonus_validity_gate_8; module_bonus_telemetry_20; evidence_bonus_telemetry_or_network_hits_12; sensitive_sink_telemetry_bonus_15; keyword_support_eye_or_gaze_5_bonus_20; keyword_support_sdk_4_bonus_12; keyword_support_collection_or_telemetry_4_bonus_16,C:\realDesktop\manifest-evaluations\summer-26\ghidra-pipeline\il2cpp-files\Waifu\general-structure-results\90_plus_uncertain_gaze_or_xr_structure_near_certain\06af2ef0_OVRPlugin.UnityOpenXR$$OnSessionExiting.c,C:\realDesktop\manifest-evaluations\summer-26\ghidra-pipeline\il2cpp-files\Waifu\manual-review-pack\A_must_review\020_p212_OVRPlugin.UnityOpenXR$$OnSessionExiting.c
21,212,A_must_review,OVRPlugin.OVRP_1_71_0$$ovrp_UnityOpenXR_OnSessionExiting,06af2fb4,109,90_plus_uncertain_gaze_or_xr_structure_near_certain,eye_source; weak_source_state; validity_gate; telemetry,strong_eye_source_hits_2; weak_xr_or_state_hits_5; validity_or_gating_hits_11; telemetry_or_network_hits_2; functionality_data_collection_or_telemetry_hits_2,base_scanner_score_109; module_bonus_validity_gate_8; module_bonus_telemetry_20; evidence_bonus_telemetry_or_network_hits_12; sensitive_sink_telemetry_bonus_15; keyword_support_eye_or_gaze_5_bonus_20; keyword_support_sdk_4_bonus_12; keyword_support_collection_or_telemetry_4_bonus_16,C:\realDesktop\manifest-evaluations\summer-26\ghidra-pipeline\il2cpp-files\Waifu\general-structure-results\90_plus_uncertain_gaze_or_xr_structure_near_certain\06af2fb4_OVRPlugin.OVRP_1_71_0$$ovrp_UnityOpenXR_OnSessionExiting.c,C:\realDesktop\manifest-evaluations\summer-26\ghidra-pipeline\il2cpp-files\Waifu\manual-review-pack\A_must_review\021_p212_OVRPlugin.OVRP_1_71_0$$ovrp_UnityOpenXR_OnSessionExiting.c
22,212,A_must_review,OVRPlugin.OVRP_1_71_0$$ovrp_UnityOpenXR_OnSessionEnd,06af2e74,109,90_plus_uncertain_gaze_or_xr_structure_near_certain,eye_source; weak_source_state; validity_gate; telemetry,strong_eye_source_hits_2; weak_xr_or_state_hits_5; validity_or_gating_hits_13; telemetry_or_network_hits_2; functionality_data_collection_or_telemetry_hits_2,base_scanner_score_109; module_bonus_validity_gate_8; module_bonus_telemetry_20; evidence_bonus_telemetry_or_network_hits_12; sensitive_sink_telemetry_bonus_15; keyword_support_eye_or_gaze_5_bonus_20; keyword_support_sdk_4_bonus_12; keyword_support_collection_or_telemetry_4_bonus_16,C:\realDesktop\manifest-evaluations\summer-26\ghidra-pipeline\il2cpp-files\Waifu\general-structure-results\90_plus_uncertain_gaze_or_xr_structure_near_certain\06af2e74_OVRPlugin.OVRP_1_71_0$$ovrp_UnityOpenXR_OnSessionEnd.c,C:\realDesktop\manifest-evaluations\summer-26\ghidra-pipeline\il2cpp-files\Waifu\manual-review-pack\A_must_review\022_p212_OVRPlugin.OVRP_1_71_0$$ovrp_UnityOpenXR_OnSessionEnd.c
23,211,A_must_review,System.Array$$InternalArray__ICollection_Add<OVRPlugin.Qpl.Annotation>,0377d45c,137,90_plus_framework_support_only_near_certain,eye_source; weak_source_state; validity_gate; pose_vector; ui_interaction; structure_combo,strong_eye_source_hits_2; weak_xr_or_state_hits_4; validity_or_gating_hits_6; strong_pose_or_ray_construction_hits_2; ui_or_gameplay_sink_hits_4; source_validity_pose_sink_structure; strong_eye_source_validity_pose_sink_structure; negative_framework_support_context_without_confirmed_app_level_gaze_flow; functionality_gaze_interaction_hits_4,base_scanner_score_137; module_bonus_validity_gate_8; module_bonus_pose_vector_10; module_bonus_ui_interaction_12; module_bonus_structure_combo_18; keyword_support_eye_or_gaze_5_bonus_20; keyword_support_sdk_2_bonus_6,C:\realDesktop\manifest-evaluations\summer-26\ghidra-pipeline\il2cpp-files\Waifu\general-structure-results\90_plus_framework_support_only_near_certain\0377d45c_System.Array$$InternalArray__ICollection_Add_OVRPlugin.Qpl.Annotation_.c,C:\realDesktop\manifest-evaluations\summer-26\ghidra-pipeline\il2cpp-files\Waifu\manual-review-pack\A_must_review\023_p211_System.Array$$InternalArray__ICollection_Add_OVRPlugin.Qpl.Annotation_.c
24,211,A_must_review,Newtonsoft.Json.Serialization.JsonContract$$InvokeOnDeserialized,0684e14c,87,70_high_general_structure_review_high,validity_gate; ui_interaction; data_collection; telemetry,validity_or_gating_hits_1; ui_or_gameplay_sink_hits_2; strong_file_logging_hits_2; telemetry_or_network_hits_2,base_scanner_score_87; module_bonus_validity_gate_8; module_bonus_ui_interaction_12; module_bonus_data_collection_22; module_bonus_telemetry_20; evidence_bonus_telemetry_or_network_hits_12; sensitive_sink_data_collection_bonus_15; sensitive_sink_telemetry_bonus_15; keyword_support_eye_or_gaze_1_bonus_4; keyword_support_collection_or_telemetry_4_bonus_16,C:\realDesktop\manifest-evaluations\summer-26\ghidra-pipeline\il2cpp-files\Waifu\general-structure-results\70_high_general_structure_review_high\0684e14c_Newtonsoft.Json.Serialization.JsonContract$$InvokeOnDeserialized.c,C:\realDesktop\manifest-evaluations\summer-26\ghidra-pipeline\il2cpp-files\Waifu\manual-review-pack\A_must_review\024_p211_Newtonsoft.Json.Serialization.JsonContract$$InvokeOnDeserialized.c
25,210,A_must_review,Meta.XR.ImmersiveDebugger.UserInterface.Generic.Cursor$$SetCursorRay,0636e204,142,90_plus_uncertain_gaze_interaction_near_certain,eye_source; validity_gate; pose_vector; ui_interaction; structure_combo,strong_eye_source_hits_1; validity_or_gating_hits_2; strong_pose_or_ray_construction_hits_4; ui_or_gameplay_sink_hits_4; source_validity_pose_sink_structure; strong_eye_source_validity_pose_sink_structure; functionality_gaze_interaction_hits_4,base_scanner_score_142; module_bonus_validity_gate_8; module_bonus_pose_vector_10; module_bonus_ui_interaction_12; module_bonus_structure_combo_18; keyword_support_eye_or_gaze_5_bonus_20,C:\realDesktop\manifest-evaluations\summer-26\ghidra-pipeline\il2cpp-files\Waifu\general-structure-results\90_plus_uncertain_gaze_interaction_near_certain\0636e204_Meta.XR.ImmersiveDebugger.UserInterface.Generic.Cursor$$SetCursorRay.c,C:\realDesktop\manifest-evaluations\summer-26\ghidra-pipeline\il2cpp-files\Waifu\manual-review-pack\A_must_review\025_p210_Meta.XR.ImmersiveDebugger.UserInterface.Generic.Cursor$$SetCursorRay.c
26,210,A_must_review,Unity.VisualScripting.UnityMessageListener$$OnMove,07675868,89,70_high_general_structure_review_high,validity_gate; data_collection; telemetry; frame_behavior,validity_or_gating_hits_4; strong_file_logging_hits_4; telemetry_or_network_hits_3; frame_or_lifecycle_behavior; cap_below_near_certain_without_eye_anchor_or_ordered_structure,base_scanner_score_89; module_bonus_validity_gate_8; module_bonus_data_collection_22; module_bonus_telemetry_20; module_bonus_frame_behavior_5; evidence_bonus_telemetry_or_network_hits_12; sensitive_sink_data_collection_bonus_15; sensitive_sink_telemetry_bonus_15; keyword_support_eye_or_gaze_2_bonus_8; keyword_support_collection_or_telemetry_4_bonus_16,C:\realDesktop\manifest-evaluations\summer-26\ghidra-pipeline\il2cpp-files\Waifu\general-structure-results\70_high_general_structure_review_high\07675868_Unity.VisualScripting.UnityMessageListener$$OnMove.c,C:\realDesktop\manifest-evaluations\summer-26\ghidra-pipeline\il2cpp-files\Waifu\manual-review-pack\A_must_review\026_p210_Unity.VisualScripting.UnityMessageListener$$OnMove.c
27,210,A_must_review,Unity.VisualScripting.UnityMessageListener$$OnBecameInvisible,07675938,89,70_high_general_structure_review_high,validity_gate; data_collection; telemetry; frame_behavior,validity_or_gating_hits_3; strong_file_logging_hits_4; telemetry_or_network_hits_2; frame_or_lifecycle_behavior; cap_below_near_certain_without_eye_anchor_or_ordered_structure,base_scanner_score_89; module_bonus_validity_gate_8; module_bonus_data_collection_22; module_bonus_telemetry_20; module_bonus_frame_behavior_5; evidence_bonus_telemetry_or_network_hits_12; sensitive_sink_data_collection_bonus_15; sensitive_sink_telemetry_bonus_15; keyword_support_eye_or_gaze_2_bonus_8; keyword_support_collection_or_telemetry_4_bonus_16,C:\realDesktop\manifest-evaluations\summer-26\ghidra-pipeline\il2cpp-files\Waifu\general-structure-results\70_high_general_structure_review_high\07675938_Unity.VisualScripting.UnityMessageListener$$OnBecameInvisible.c,C:\realDesktop\manifest-evaluations\summer-26\ghidra-pipeline\il2cpp-files\Waifu\manual-review-pack\A_must_review\027_p210_Unity.VisualScripting.UnityMessageListener$$OnBecameInvisible.c
28,210,A_must_review,FUN_07675858,07675858,89,70_high_general_structure_review_high,validity_gate; data_collection; telemetry; frame_behavior,validity_or_gating_hits_4; strong_file_logging_hits_4; telemetry_or_network_hits_3; frame_or_lifecycle_behavior; cap_below_near_certain_without_eye_anchor_or_ordered_structure,base_scanner_score_89; module_bonus_validity_gate_8; module_bonus_data_collection_22; module_bonus_telemetry_20; module_bonus_frame_behavior_5; evidence_bonus_telemetry_or_network_hits_12; sensitive_sink_data_collection_bonus_15; sensitive_sink_telemetry_bonus_15; keyword_support_eye_or_gaze_2_bonus_8; keyword_support_collection_or_telemetry_4_bonus_16,C:\realDesktop\manifest-evaluations\summer-26\ghidra-pipeline\il2cpp-files\Waifu\general-structure-results\70_high_general_structure_review_high\07675858_FUN_07675858.c,C:\realDesktop\manifest-evaluations\summer-26\ghidra-pipeline\il2cpp-files\Waifu\manual-review-pack\A_must_review\028_p210_FUN_07675858.c
29,210,A_must_review,FUN_06600648,06600648,89,70_high_general_structure_review_high,validity_gate; data_collection; telemetry; frame_behavior,validity_or_gating_hits_13; strong_file_logging_hits_2; telemetry_or_network_hits_4; frame_or_lifecycle_behavior; cap_below_near_certain_without_eye_anchor_or_ordered_structure,base_scanner_score_89; module_bonus_validity_gate_8; module_bonus_data_collection_22; module_bonus_telemetry_20; module_bonus_frame_behavior_5; evidence_bonus_telemetry_or_network_hits_12; sensitive_sink_data_collection_bonus_15; sensitive_sink_telemetry_bonus_15; keyword_support_eye_or_gaze_2_bonus_8; keyword_support_collection_or_telemetry_4_bonus_16,C:\realDesktop\manifest-evaluations\summer-26\ghidra-pipeline\il2cpp-files\Waifu\general-structure-results\70_high_general_structure_review_high\06600648_FUN_06600648.c,C:\realDesktop\manifest-evaluations\summer-26\ghidra-pipeline\il2cpp-files\Waifu\manual-review-pack\A_must_review\029_p210_FUN_06600648.c
30,208,A_must_review,Estrada.Microphone.<RequestPermission>d__5$$System.IDisposable.Dispose,036a573c,89,70_high_attempted_eye_tracking_permission_or_feature_high,weak_source_state; validity_gate; pose_vector; telemetry; structure_combo; attempted_use,weak_xr_or_state_hits_3; validity_or_gating_hits_8; strong_pose_or_ray_construction_hits_2; telemetry_or_network_hits_2; source_validity_pose_sink_structure; attempted_eye_tracking_permission_or_feature_enable; cap_below_near_certain_without_eye_anchor_or_ordered_structure,base_scanner_score_89; module_bonus_validity_gate_8; module_bonus_pose_vector_10; module_bonus_telemetry_20; module_bonus_structure_combo_18; evidence_bonus_telemetry_or_network_hits_12; sensitive_sink_telemetry_bonus_15; keyword_support_eye_or_gaze_5_bonus_20; keyword_support_collection_or_telemetry_4_bonus_16,C:\realDesktop\manifest-evaluations\summer-26\ghidra-pipeline\il2cpp-files\Waifu\general-structure-results\70_high_attempted_eye_tracking_permission_or_feature_high\036a573c_Estrada.Microphone._RequestPermission_d__5$$System.IDisposable.Dispose.c,C:\realDesktop\manifest-evaluations\summer-26\ghidra-pipeline\il2cpp-files\Waifu\manual-review-pack\A_must_review\030_p208_Estrada.Microphone._RequestPermission_d__5$$System.IDisposable.Dispose.c
31,208,A_must_review,Estrada.DefaultMicrophoneController.IOSMicrophonePermissionRequester.<RequestPermission>d__0$$System.IDisposable.Dispose,036a4590,89,70_high_attempted_eye_tracking_permission_or_feature_high,weak_source_state; validity_gate; pose_vector; telemetry; structure_combo; attempted_use,weak_xr_or_state_hits_4; validity_or_gating_hits_4; strong_pose_or_ray_construction_hits_2; telemetry_or_network_hits_4; source_validity_pose_sink_structure; attempted_eye_tracking_permission_or_feature_enable; cap_below_near_certain_without_eye_anchor_or_ordered_structure,base_scanner_score_89; module_bonus_validity_gate_8; module_bonus_pose_vector_10; module_bonus_telemetry_20; module_bonus_structure_combo_18; evidence_bonus_telemetry_or_network_hits_12; sensitive_sink_telemetry_bonus_15; keyword_support_eye_or_gaze_5_bonus_20; keyword_support_collection_or_telemetry_4_bonus_16,C:\realDesktop\manifest-evaluations\summer-26\ghidra-pipeline\il2cpp-files\Waifu\general-structure-results\70_high_attempted_eye_tracking_permission_or_feature_high\036a4590_Estrada.DefaultMicrophoneController.IOSMicrophonePermissionRequester._RequestPermission_d__0$$System.IDisposable.Dispose.c,C:\realDesktop\manifest-evaluations\summer-26\ghidra-pipeline\il2cpp-files\Waifu\manual-review-pack\A_must_review\031_p208_Estrada.DefaultMicrophoneController.IOSMicrophonePermissionRequester._RequestPermission_d__0$$System.IDisposable.Dispose.c
32,208,A_must_review,Estrada.DefaultMicrophoneController.AndroidMicrophonePermissionRequester.<RequestPermission>d__3$$System.IDisposable.Dispose,036a42ec,89,70_high_attempted_eye_tracking_permission_or_feature_high,weak_source_state; validity_gate; pose_vector; telemetry; structure_combo; attempted_use,weak_xr_or_state_hits_4; validity_or_gating_hits_5; strong_pose_or_ray_construction_hits_2; telemetry_or_network_hits_4; source_validity_pose_sink_structure; attempted_eye_tracking_permission_or_feature_enable; cap_below_near_certain_without_eye_anchor_or_ordered_structure,base_scanner_score_89; module_bonus_validity_gate_8; module_bonus_pose_vector_10; module_bonus_telemetry_20; module_bonus_structure_combo_18; evidence_bonus_telemetry_or_network_hits_12; sensitive_sink_telemetry_bonus_15; keyword_support_eye_or_gaze_5_bonus_20; keyword_support_collection_or_telemetry_4_bonus_16,C:\realDesktop\manifest-evaluations\summer-26\ghidra-pipeline\il2cpp-files\Waifu\general-structure-results\70_high_attempted_eye_tracking_permission_or_feature_high\036a42ec_Estrada.DefaultMicrophoneController.AndroidMicrophonePermissionRequester._RequestPermission_d__3$$System.IDisposable.Dispose.c,C:\realDesktop\manifest-evaluations\summer-26\ghidra-pipeline\il2cpp-files\Waifu\manual-review-pack\A_must_review\032_p208_Estrada.DefaultMicrophoneController.AndroidMicrophonePermissionRequester._RequestPermission_d__3$$System.IDisposable.Dispose.c
33,207,A_must_review,System.Array.EmptyInternalEnumerator<OVRPlugin.EyeGazeState>$$System.Collections.IEnumerator.get_Current,05e747e4,157,90_plus_confirmed_gaze_retrieval_near_certain,eye_source; weak_source_state; validity_gate; pose_vector; attempted_use; active_gaze_retrieval,strong_eye_source_hits_6; weak_xr_or_state_hits_4; validity_or_gating_hits_7; strong_pose_or_ray_construction_hits_2; attempted_eye_tracking_permission_or_feature_enable; active_gaze_state_retrieval_with_validity_and_pose; functionality_gaze_retrieval_or_extraction,base_scanner_score_157; module_bonus_validity_gate_8; module_bonus_pose_vector_10; keyword_support_eye_or_gaze_5_bonus_20; keyword_support_sdk_4_bonus_12,C:\realDesktop\manifest-evaluations\summer-26\ghidra-pipeline\il2cpp-files\Waifu\general-structure-results\90_plus_confirmed_gaze_retrieval_near_certain\05e747e4_System.Array.EmptyInternalEnumerator_OVRPlugin.EyeGazeState_$$System.Collections.IEnumerator.get_Current.c,C:\realDesktop\manifest-evaluations\summer-26\ghidra-pipeline\il2cpp-files\Waifu\manual-review-pack\A_must_review\033_p207_System.Array.EmptyInternalEnumerator_OVRPlugin.EyeGazeState_$$System.Collections.IEnumerator.get_Current.c
34,207,A_must_review,System.Array.EmptyInternalEnumerator<OVRPlugin.EyeGazeState>$$System.Collections.IEnumerator.Reset,05e747f8,157,90_plus_confirmed_gaze_retrieval_near_certain,eye_source; weak_source_state; validity_gate; pose_vector; attempted_use; active_gaze_retrieval,strong_eye_source_hits_6; weak_xr_or_state_hits_4; validity_or_gating_hits_7; strong_pose_or_ray_construction_hits_2; attempted_eye_tracking_permission_or_feature_enable; active_gaze_state_retrieval_with_validity_and_pose; functionality_gaze_retrieval_or_extraction,base_scanner_score_157; module_bonus_validity_gate_8; module_bonus_pose_vector_10; keyword_support_eye_or_gaze_5_bonus_20; keyword_support_sdk_4_bonus_12,C:\realDesktop\manifest-evaluations\summer-26\ghidra-pipeline\il2cpp-files\Waifu\general-structure-results\90_plus_confirmed_gaze_retrieval_near_certain\05e747f8_System.Array.EmptyInternalEnumerator_OVRPlugin.EyeGazeState_$$System.Collections.IEnumerator.Reset.c,C:\realDesktop\manifest-evaluations\summer-26\ghidra-pipeline\il2cpp-files\Waifu\manual-review-pack\A_must_review\034_p207_System.Array.EmptyInternalEnumerator_OVRPlugin.EyeGazeState_$$System.Collections.IEnumerator.Reset.c
35,207,A_must_review,System.Array.EmptyInternalEnumerator<OVRPlugin.EyeGazeState>$$.ctor,05e747fc,157,90_plus_confirmed_gaze_retrieval_near_certain,eye_source; weak_source_state; validity_gate; pose_vector; attempted_use; active_gaze_retrieval,strong_eye_source_hits_6; weak_xr_or_state_hits_4; validity_or_gating_hits_7; strong_pose_or_ray_construction_hits_2; attempted_eye_tracking_permission_or_feature_enable; active_gaze_state_retrieval_with_validity_and_pose; functionality_gaze_retrieval_or_extraction,base_scanner_score_157; module_bonus_validity_gate_8; module_bonus_pose_vector_10; keyword_support_eye_or_gaze_5_bonus_20; keyword_support_sdk_4_bonus_12,C:\realDesktop\manifest-evaluations\summer-26\ghidra-pipeline\il2cpp-files\Waifu\general-structure-results\90_plus_confirmed_gaze_retrieval_near_certain\05e747fc_System.Array.EmptyInternalEnumerator_OVRPlugin.EyeGazeState_$$.ctor.c,C:\realDesktop\manifest-evaluations\summer-26\ghidra-pipeline\il2cpp-files\Waifu\manual-review-pack\A_must_review\035_p207_System.Array.EmptyInternalEnumerator_OVRPlugin.EyeGazeState_$$.ctor.c
36,207,A_must_review,System.Array.EmptyInternalEnumerator<OVRPlugin.EyeGazeState>$$.cctor,05e74800,157,90_plus_confirmed_gaze_retrieval_near_certain,eye_source; weak_source_state; validity_gate; pose_vector; attempted_use; active_gaze_retrieval,strong_eye_source_hits_6; weak_xr_or_state_hits_4; validity_or_gating_hits_7; strong_pose_or_ray_construction_hits_2; attempted_eye_tracking_permission_or_feature_enable; active_gaze_state_retrieval_with_validity_and_pose; functionality_gaze_retrieval_or_extraction,base_scanner_score_157; module_bonus_validity_gate_8; module_bonus_pose_vector_10; keyword_support_eye_or_gaze_5_bonus_20; keyword_support_sdk_4_bonus_12,C:\realDesktop\manifest-evaluations\summer-26\ghidra-pipeline\il2cpp-files\Waifu\general-structure-results\90_plus_confirmed_gaze_retrieval_near_certain\05e74800_System.Array.EmptyInternalEnumerator_OVRPlugin.EyeGazeState_$$.cctor.c,C:\realDesktop\manifest-evaluations\summer-26\ghidra-pipeline\il2cpp-files\Waifu\manual-review-pack\A_must_review\036_p207_System.Array.EmptyInternalEnumerator_OVRPlugin.EyeGazeState_$$.cctor.c
37,207,A_must_review,Newtonsoft.Json.Serialization.JsonSerializerInternalWriter$$SerializeMultidimensionalArray,06861d84,89,70_high_general_structure_review_high,pose_vector; data_collection; telemetry,strong_pose_or_ray_construction_hits_4; strong_file_logging_hits_2; telemetry_or_network_hits_4; cap_below_near_certain_without_eye_anchor_or_ordered_structure,base_scanner_score_89; module_bonus_pose_vector_10; module_bonus_data_collection_22; module_bonus_telemetry_20; evidence_bonus_telemetry_or_network_hits_12; sensitive_sink_data_collection_bonus_15; sensitive_sink_telemetry_bonus_15; keyword_support_eye_or_gaze_2_bonus_8; keyword_support_collection_or_telemetry_4_bonus_16,C:\realDesktop\manifest-evaluations\summer-26\ghidra-pipeline\il2cpp-files\Waifu\general-structure-results\70_high_general_structure_review_high\06861d84_Newtonsoft.Json.Serialization.JsonSerializerInternalWriter$$SerializeMultidimensionalArray.c,C:\realDesktop\manifest-evaluations\summer-26\ghidra-pipeline\il2cpp-files\Waifu\manual-review-pack\A_must_review\037_p207_Newtonsoft.Json.Serialization.JsonSerializerInternalWriter$$SerializeMultidimensionalArray.c
38,207,A_must_review,Newtonsoft.Json.Serialization.JsonSerializerInternalWriter$$SerializeMultidimensionalArray,06865eec,89,70_high_general_structure_review_high,pose_vector; data_collection; telemetry,strong_pose_or_ray_construction_hits_4; strong_file_logging_hits_2; telemetry_or_network_hits_4; cap_below_near_certain_without_eye_anchor_or_ordered_structure,base_scanner_score_89; module_bonus_pose_vector_10; module_bonus_data_collection_22; module_bonus_telemetry_20; evidence_bonus_telemetry_or_network_hits_12; sensitive_sink_data_collection_bonus_15; sensitive_sink_telemetry_bonus_15; keyword_support_eye_or_gaze_2_bonus_8; keyword_support_collection_or_telemetry_4_bonus_16,C:\realDesktop\manifest-evaluations\summer-26\ghidra-pipeline\il2cpp-files\Waifu\general-structure-results\70_high_general_structure_review_high\06865eec_Newtonsoft.Json.Serialization.JsonSerializerInternalWriter$$SerializeMultidimensionalArray.c,C:\realDesktop\manifest-evaluations\summer-26\ghidra-pipeline\il2cpp-files\Waifu\manual-review-pack\A_must_review\038_p207_Newtonsoft.Json.Serialization.JsonSerializerInternalWriter$$SerializeMultidimensionalArray.c
39,206,A_must_review,OVRPlugin.UnityOpenXR$$OnSessionStateChange,06af2b14,103,90_plus_uncertain_gaze_or_xr_structure_near_certain,eye_source; weak_source_state; validity_gate; telemetry,strong_eye_source_hits_2; weak_xr_or_state_hits_4; validity_or_gating_hits_2; telemetry_or_network_hits_2; functionality_data_collection_or_telemetry_hits_2,base_scanner_score_103; module_bonus_validity_gate_8; module_bonus_telemetry_20; evidence_bonus_telemetry_or_network_hits_12; sensitive_sink_telemetry_bonus_15; keyword_support_eye_or_gaze_5_bonus_20; keyword_support_sdk_4_bonus_12; keyword_support_collection_or_telemetry_4_bonus_16,C:\realDesktop\manifest-evaluations\summer-26\ghidra-pipeline\il2cpp-files\Waifu\general-structure-results\90_plus_uncertain_gaze_or_xr_structure_near_certain\06af2b14_OVRPlugin.UnityOpenXR$$OnSessionStateChange.c,C:\realDesktop\manifest-evaluations\summer-26\ghidra-pipeline\il2cpp-files\Waifu\manual-review-pack\A_must_review\039_p206_OVRPlugin.UnityOpenXR$$OnSessionStateChange.c
40,205,A_must_review,Unity.Services.Analytics.Internal.Dispatcher$$remove_FlushStarted,0759a19c,88,70_high_general_structure_review_high,validity_gate; data_collection; telemetry; frame_behavior,validity_or_gating_hits_6; strong_file_logging_hits_2; telemetry_or_network_hits_2; frame_or_lifecycle_behavior,base_scanner_score_88; module_bonus_validity_gate_8; module_bonus_data_collection_22; module_bonus_telemetry_20; module_bonus_frame_behavior_5; evidence_bonus_telemetry_or_network_hits_12; sensitive_sink_data_collection_bonus_15; sensitive_sink_telemetry_bonus_15; keyword_support_eye_or_gaze_1_bonus_4; keyword_support_collection_or_telemetry_4_bonus_16,C:\realDesktop\manifest-evaluations\summer-26\ghidra-pipeline\il2cpp-files\Waifu\general-structure-results\70_high_general_structure_review_high\0759a19c_Unity.Services.Analytics.Internal.Dispatcher$$remove_FlushStarted.c,C:\realDesktop\manifest-evaluations\summer-26\ghidra-pipeline\il2cpp-files\Waifu\manual-review-pack\A_must_review\040_p205_Unity.Services.Analytics.Internal.Dispatcher$$remove_FlushStarted.c
41,205,A_must_review,Unity.Services.Analytics.Internal.Dispatcher$$add_FlushStarted,0759a084,88,70_high_general_structure_review_high,validity_gate; data_collection; telemetry; frame_behavior,validity_or_gating_hits_10; strong_file_logging_hits_2; telemetry_or_network_hits_2; frame_or_lifecycle_behavior,base_scanner_score_88; module_bonus_validity_gate_8; module_bonus_data_collection_22; module_bonus_telemetry_20; module_bonus_frame_behavior_5; evidence_bonus_telemetry_or_network_hits_12; sensitive_sink_data_collection_bonus_15; sensitive_sink_telemetry_bonus_15; keyword_support_eye_or_gaze_1_bonus_4; keyword_support_collection_or_telemetry_4_bonus_16,C:\realDesktop\manifest-evaluations\summer-26\ghidra-pipeline\il2cpp-files\Waifu\general-structure-results\70_high_general_structure_review_high\0759a084_Unity.Services.Analytics.Internal.Dispatcher$$add_FlushStarted.c,C:\realDesktop\manifest-evaluations\summer-26\ghidra-pipeline\il2cpp-files\Waifu\manual-review-pack\A_must_review\041_p205_Unity.Services.Analytics.Internal.Dispatcher$$add_FlushStarted.c
42,205,A_must_review,Meta.WitAi.Json.JsonConvert$$SerializeToken,063088cc,88,70_high_general_structure_review_high,validity_gate; data_collection; telemetry; frame_behavior,validity_or_gating_hits_21; strong_file_logging_hits_2; telemetry_or_network_hits_2; frame_or_lifecycle_behavior,base_scanner_score_88; module_bonus_validity_gate_8; module_bonus_data_collection_22; module_bonus_telemetry_20; module_bonus_frame_behavior_5; evidence_bonus_telemetry_or_network_hits_12; sensitive_sink_data_collection_bonus_15; sensitive_sink_telemetry_bonus_15; keyword_support_eye_or_gaze_1_bonus_4; keyword_support_collection_or_telemetry_4_bonus_16,C:\realDesktop\manifest-evaluations\summer-26\ghidra-pipeline\il2cpp-files\Waifu\general-structure-results\70_high_general_structure_review_high\063088cc_Meta.WitAi.Json.JsonConvert$$SerializeToken.c,C:\realDesktop\manifest-evaluations\summer-26\ghidra-pipeline\il2cpp-files\Waifu\manual-review-pack\A_must_review\042_p205_Meta.WitAi.Json.JsonConvert$$SerializeToken.c
43,204,A_must_review,OVRPlugin$$RequestSceneCapture,06ad0a4c,107,90_plus_uncertain_gaze_or_xr_structure_near_certain,eye_source; weak_source_state; validity_gate; telemetry,strong_eye_source_hits_2; weak_xr_or_state_hits_2; validity_or_gating_hits_8; telemetry_or_network_hits_2; functionality_data_collection_or_telemetry_hits_2,base_scanner_score_107; module_bonus_validity_gate_8; module_bonus_telemetry_20; evidence_bonus_telemetry_or_network_hits_12; sensitive_sink_telemetry_bonus_15; keyword_support_eye_or_gaze_5_bonus_20; keyword_support_sdk_2_bonus_6; keyword_support_collection_or_telemetry_4_bonus_16,C:\realDesktop\manifest-evaluations\summer-26\ghidra-pipeline\il2cpp-files\Waifu\general-structure-results\90_plus_uncertain_gaze_or_xr_structure_near_certain\06ad0a4c_OVRPlugin$$RequestSceneCapture.c,C:\realDesktop\manifest-evaluations\summer-26\ghidra-pipeline\il2cpp-files\Waifu\manual-review-pack\A_must_review\043_p204_OVRPlugin$$RequestSceneCapture.c
44,204,A_must_review,Meta.XR.ImmersiveDebugger.Manager.Watch.ToDisplayStringSignature<__Il2CppFullySharedGenericType>$$EndInvoke,0533c920,101,90_plus_uncertain_gaze_or_xr_structure_near_certain,eye_source; validity_gate; ui_interaction; telemetry,strong_eye_source_hits_1; validity_or_gating_hits_6; ui_or_gameplay_sink_hits_2; telemetry_or_network_hits_1; functionality_data_collection_or_telemetry_hits_1,base_scanner_score_101; module_bonus_validity_gate_8; module_bonus_ui_interaction_12; module_bonus_telemetry_20; evidence_bonus_telemetry_or_network_hits_12; sensitive_sink_telemetry_bonus_15; keyword_support_eye_or_gaze_5_bonus_20; keyword_support_collection_or_telemetry_4_bonus_16,C:\realDesktop\manifest-evaluations\summer-26\ghidra-pipeline\il2cpp-files\Waifu\general-structure-results\90_plus_uncertain_gaze_or_xr_structure_near_certain\0533c920_Meta.XR.ImmersiveDebugger.Manager.Watch.ToDisplayStringSignature___Il2CppFullySharedGenericType_$$EndInvoke.c,C:\realDesktop\manifest-evaluations\summer-26\ghidra-pipeline\il2cpp-files\Waifu\manual-review-pack\A_must_review\044_p204_Meta.XR.ImmersiveDebugger.Manager.Watch.ToDisplayStringSignature___Il2CppFullySharedGenericType_$$EndInvoke.c
45,203,A_must_review,OVRPlugin$$SendEvent,06ac2450,106,90_plus_uncertain_gaze_or_xr_structure_near_certain,eye_source; weak_source_state; validity_gate; telemetry,strong_eye_source_hits_2; weak_xr_or_state_hits_3; validity_or_gating_hits_3; telemetry_or_network_hits_2; functionality_data_collection_or_telemetry_hits_2,base_scanner_score_106; module_bonus_validity_gate_8; module_bonus_telemetry_20; evidence_bonus_telemetry_or_network_hits_12; sensitive_sink_telemetry_bonus_15; keyword_support_eye_or_gaze_5_bonus_20; keyword_support_sdk_2_bonus_6; keyword_support_collection_or_telemetry_4_bonus_16,C:\realDesktop\manifest-evaluations\summer-26\ghidra-pipeline\il2cpp-files\Waifu\general-structure-results\90_plus_uncertain_gaze_or_xr_structure_near_certain\06ac2450_OVRPlugin$$SendEvent.c,C:\realDesktop\manifest-evaluations\summer-26\ghidra-pipeline\il2cpp-files\Waifu\manual-review-pack\A_must_review\045_p203_OVRPlugin$$SendEvent.c
46,203,A_must_review,Meta.XR.ImmersiveDebugger.UserInterface.Generic.ScrollView$$RefreshLayoutPostChildren,0636b31c,104,90_plus_uncertain_gaze_or_xr_structure_near_certain,eye_source; validity_gate; paired_state_refs; telemetry,strong_eye_source_hits_1; validity_or_gating_hits_21; paired_field_refs_with_eye_source; telemetry_or_network_hits_2; functionality_data_collection_or_telemetry_hits_2,base_scanner_score_104; module_bonus_validity_gate_8; module_bonus_paired_state_refs_8; module_bonus_telemetry_20; evidence_bonus_telemetry_or_network_hits_12; sensitive_sink_telemetry_bonus_15; keyword_support_eye_or_gaze_5_bonus_20; keyword_support_collection_or_telemetry_4_bonus_16,C:\realDesktop\manifest-evaluations\summer-26\ghidra-pipeline\il2cpp-files\Waifu\general-structure-results\90_plus_uncertain_gaze_or_xr_structure_near_certain\0636b31c_Meta.XR.ImmersiveDebugger.UserInterface.Generic.ScrollView$$RefreshLayoutPostChildren.c,C:\realDesktop\manifest-evaluations\summer-26\ghidra-pipeline\il2cpp-files\Waifu\manual-review-pack\A_must_review\046_p203_Meta.XR.ImmersiveDebugger.UserInterface.Generic.ScrollView$$RefreshLayoutPostChildren.c
47,203,A_must_review,Meta.XR.ImmersiveDebugger.UserInterface.Generic.Flex$$RefreshLayoutPostChildren,0636a18c,104,90_plus_uncertain_gaze_or_xr_structure_near_certain,eye_source; validity_gate; paired_state_refs; telemetry,strong_eye_source_hits_1; validity_or_gating_hits_21; paired_field_refs_with_eye_source; telemetry_or_network_hits_2; functionality_data_collection_or_telemetry_hits_2,base_scanner_score_104; module_bonus_validity_gate_8; module_bonus_paired_state_refs_8; module_bonus_telemetry_20; evidence_bonus_telemetry_or_network_hits_12; sensitive_sink_telemetry_bonus_15; keyword_support_eye_or_gaze_5_bonus_20; keyword_support_collection_or_telemetry_4_bonus_16,C:\realDesktop\manifest-evaluations\summer-26\ghidra-pipeline\il2cpp-files\Waifu\general-structure-results\90_plus_uncertain_gaze_or_xr_structure_near_certain\0636a18c_Meta.XR.ImmersiveDebugger.UserInterface.Generic.Flex$$RefreshLayoutPostChildren.c,C:\realDesktop\manifest-evaluations\summer-26\ghidra-pipeline\il2cpp-files\Waifu\manual-review-pack\A_must_review\047_p203_Meta.XR.ImmersiveDebugger.UserInterface.Generic.Flex$$RefreshLayoutPostChildren.c
48,203,A_must_review,Meta.XR.ImmersiveDebugger.UserInterface.Generic.Controller$$RefreshLayoutPostChildren,06368c4c,104,90_plus_uncertain_gaze_or_xr_structure_near_certain,eye_source; validity_gate; paired_state_refs; telemetry,strong_eye_source_hits_1; validity_or_gating_hits_5; paired_field_refs_with_eye_source; telemetry_or_network_hits_2; functionality_data_collection_or_telemetry_hits_2,base_scanner_score_104; module_bonus_validity_gate_8; module_bonus_paired_state_refs_8; module_bonus_telemetry_20; evidence_bonus_telemetry_or_network_hits_12; sensitive_sink_telemetry_bonus_15; keyword_support_eye_or_gaze_5_bonus_20; keyword_support_collection_or_telemetry_4_bonus_16,C:\realDesktop\manifest-evaluations\summer-26\ghidra-pipeline\il2cpp-files\Waifu\general-structure-results\90_plus_uncertain_gaze_or_xr_structure_near_certain\06368c4c_Meta.XR.ImmersiveDebugger.UserInterface.Generic.Controller$$RefreshLayoutPostChildren.c,C:\realDesktop\manifest-evaluations\summer-26\ghidra-pipeline\il2cpp-files\Waifu\manual-review-pack\A_must_review\048_p203_Meta.XR.ImmersiveDebugger.UserInterface.Generic.Controller$$RefreshLayoutPostChildren.c
49,203,A_must_review,Meta.XR.ImmersiveDebugger.DebugInspectorManager.ActionManagerFromInspector$$get_TelemetryAnnotation,06350640,104,90_plus_uncertain_gaze_or_xr_structure_near_certain,eye_source; validity_gate; paired_state_refs; telemetry,strong_eye_source_hits_1; validity_or_gating_hits_12; paired_field_refs_with_eye_source; telemetry_or_network_hits_2; functionality_data_collection_or_telemetry_hits_2,base_scanner_score_104; module_bonus_validity_gate_8; module_bonus_paired_state_refs_8; module_bonus_telemetry_20; evidence_bonus_telemetry_or_network_hits_12; sensitive_sink_telemetry_bonus_15; keyword_support_eye_or_gaze_5_bonus_20; keyword_support_collection_or_telemetry_4_bonus_16,C:\realDesktop\manifest-evaluations\summer-26\ghidra-pipeline\il2cpp-files\Waifu\general-structure-results\90_plus_uncertain_gaze_or_xr_structure_near_certain\06350640_Meta.XR.ImmersiveDebugger.DebugInspectorManager.ActionManagerFromInspector$$get_TelemetryAnnotation.c,C:\realDesktop\manifest-evaluations\summer-26\ghidra-pipeline\il2cpp-files\Waifu\manual-review-pack\A_must_review\049_p203_Meta.XR.ImmersiveDebugger.DebugInspectorManager.ActionManagerFromInspector$$get_TelemetryAnnotation.c
50,203,A_must_review,Meta.XR.BuildingBlocks.Telemetry$$AddSceneInfo,0634aaac,104,90_plus_uncertain_gaze_or_xr_structure_near_certain,eye_source; validity_gate; paired_state_refs; telemetry,strong_eye_source_hits_1; validity_or_gating_hits_4; paired_field_refs_with_eye_source; telemetry_or_network_hits_2; functionality_data_collection_or_telemetry_hits_2,base_scanner_score_104; module_bonus_validity_gate_8; module_bonus_paired_state_refs_8; module_bonus_telemetry_20; evidence_bonus_telemetry_or_network_hits_12; sensitive_sink_telemetry_bonus_15; keyword_support_eye_or_gaze_5_bonus_20; keyword_support_collection_or_telemetry_4_bonus_16,C:\realDesktop\manifest-evaluations\summer-26\ghidra-pipeline\il2cpp-files\Waifu\general-structure-results\90_plus_uncertain_gaze_or_xr_structure_near_certain\0634aaac_Meta.XR.BuildingBlocks.Telemetry$$AddSceneInfo.c,C:\realDesktop\manifest-evaluations\summer-26\ghidra-pipeline\il2cpp-files\Waifu\manual-review-pack\A_must_review\050_p203_Meta.XR.BuildingBlocks.Telemetry$$AddSceneInfo.c
51,203,A_must_review,Meta.XR.BuildingBlocks.Telemetry$$AddInstallationRoutineInfo,0634a7a0,104,90_plus_uncertain_gaze_or_xr_structure_near_certain,eye_source; validity_gate; paired_state_refs; telemetry,strong_eye_source_hits_1; validity_or_gating_hits_4; paired_field_refs_with_eye_source; telemetry_or_network_hits_2; functionality_data_collection_or_telemetry_hits_2,base_scanner_score_104; module_bonus_validity_gate_8; module_bonus_paired_state_refs_8; module_bonus_telemetry_20; evidence_bonus_telemetry_or_network_hits_12; sensitive_sink_telemetry_bonus_15; keyword_support_eye_or_gaze_5_bonus_20; keyword_support_collection_or_telemetry_4_bonus_16,C:\realDesktop\manifest-evaluations\summer-26\ghidra-pipeline\il2cpp-files\Waifu\general-structure-results\90_plus_uncertain_gaze_or_xr_structure_near_certain\0634a7a0_Meta.XR.BuildingBlocks.Telemetry$$AddInstallationRoutineInfo.c,C:\realDesktop\manifest-evaluations\summer-26\ghidra-pipeline\il2cpp-files\Waifu\manual-review-pack\A_must_review\051_p203_Meta.XR.BuildingBlocks.Telemetry$$AddInstallationRoutineInfo.c
52,203,A_must_review,Meta.XR.BuildingBlocks.Telemetry$$AddBlockVariantInfo,0634a6e4,104,90_plus_uncertain_gaze_or_xr_structure_near_certain,eye_source; validity_gate; paired_state_refs; telemetry,strong_eye_source_hits_1; validity_or_gating_hits_4; paired_field_refs_with_eye_source; telemetry_or_network_hits_2; functionality_data_collection_or_telemetry_hits_2,base_scanner_score_104; module_bonus_validity_gate_8; module_bonus_paired_state_refs_8; module_bonus_telemetry_20; evidence_bonus_telemetry_or_network_hits_12; sensitive_sink_telemetry_bonus_15; keyword_support_eye_or_gaze_5_bonus_20; keyword_support_collection_or_telemetry_4_bonus_16,C:\realDesktop\manifest-evaluations\summer-26\ghidra-pipeline\il2cpp-files\Waifu\general-structure-results\90_plus_uncertain_gaze_or_xr_structure_near_certain\0634a6e4_Meta.XR.BuildingBlocks.Telemetry$$AddBlockVariantInfo.c,C:\realDesktop\manifest-evaluations\summer-26\ghidra-pipeline\il2cpp-files\Waifu\manual-review-pack\A_must_review\052_p203_Meta.XR.BuildingBlocks.Telemetry$$AddBlockVariantInfo.c
53,203,A_must_review,OVRPlugin.UnityOpenXR$$OnSessionEnd,06af2db0,100,90_plus_uncertain_gaze_or_xr_structure_near_certain,eye_source; weak_source_state; validity_gate; telemetry,strong_eye_source_hits_2; weak_xr_or_state_hits_4; validity_or_gating_hits_1; telemetry_or_network_hits_2; functionality_data_collection_or_telemetry_hits_2,base_scanner_score_100; module_bonus_validity_gate_8; module_bonus_telemetry_20; evidence_bonus_telemetry_or_network_hits_12; sensitive_sink_telemetry_bonus_15; keyword_support_eye_or_gaze_5_bonus_20; keyword_support_sdk_4_bonus_12; keyword_support_collection_or_telemetry_4_bonus_16,C:\realDesktop\manifest-evaluations\summer-26\ghidra-pipeline\il2cpp-files\Waifu\general-structure-results\90_plus_uncertain_gaze_or_xr_structure_near_certain\06af2db0_OVRPlugin.UnityOpenXR$$OnSessionEnd.c,C:\realDesktop\manifest-evaluations\summer-26\ghidra-pipeline\il2cpp-files\Waifu\manual-review-pack\A_must_review\053_p203_OVRPlugin.UnityOpenXR$$OnSessionEnd.c
54,203,A_must_review,Proyecto26.RequestHelper$$get_Params,035afe6c,89,70_high_general_structure_review_high,validity_gate; pose_vector; paired_state_refs; ui_interaction; telemetry; frame_behavior,validity_or_gating_hits_21; strong_pose_or_ray_construction_hits_1; paired_field_refs_with_structure_only; ui_or_gameplay_sink_hits_2; telemetry_or_network_hits_2; frame_or_lifecycle_behavior; cap_below_near_certain_without_eye_anchor_or_ordered_structure,base_scanner_score_89; module_bonus_validity_gate_8; module_bonus_pose_vector_10; module_bonus_paired_state_refs_8; module_bonus_ui_interaction_12; module_bonus_telemetry_20; module_bonus_frame_behavior_5; evidence_bonus_telemetry_or_network_hits_12; sensitive_sink_telemetry_bonus_15; keyword_support_eye_or_gaze_2_bonus_8; keyword_support_collection_or_telemetry_4_bonus_16,C:\realDesktop\manifest-evaluations\summer-26\ghidra-pipeline\il2cpp-files\Waifu\general-structure-results\70_high_general_structure_review_high\035afe6c_Proyecto26.RequestHelper$$get_Params.c,C:\realDesktop\manifest-evaluations\summer-26\ghidra-pipeline\il2cpp-files\Waifu\manual-review-pack\A_must_review\054_p203_Proyecto26.RequestHelper$$get_Params.c
55,203,A_must_review,Proyecto26.RequestException$$.ctor,035b04f0,89,70_high_general_structure_review_high,validity_gate; pose_vector; paired_state_refs; ui_interaction; telemetry; frame_behavior,validity_or_gating_hits_21; strong_pose_or_ray_construction_hits_1; paired_field_refs_with_structure_only; ui_or_gameplay_sink_hits_2; telemetry_or_network_hits_2; frame_or_lifecycle_behavior; cap_below_near_certain_without_eye_anchor_or_ordered_structure,base_scanner_score_89; module_bonus_validity_gate_8; module_bonus_pose_vector_10; module_bonus_paired_state_refs_8; module_bonus_ui_interaction_12; module_bonus_telemetry_20; module_bonus_frame_behavior_5; evidence_bonus_telemetry_or_network_hits_12; sensitive_sink_telemetry_bonus_15; keyword_support_eye_or_gaze_2_bonus_8; keyword_support_collection_or_telemetry_4_bonus_16,C:\realDesktop\manifest-evaluations\summer-26\ghidra-pipeline\il2cpp-files\Waifu\general-structure-results\70_high_general_structure_review_high\035b04f0_Proyecto26.RequestException$$.ctor.c,C:\realDesktop\manifest-evaluations\summer-26\ghidra-pipeline\il2cpp-files\Waifu\manual-review-pack\A_must_review\055_p203_Proyecto26.RequestException$$.ctor.c
56,203,A_must_review,Proyecto26.HttpBase.<CreateRequestAndRetry>d__1$$System.IDisposable.Dispose,035b0620,89,70_high_general_structure_review_high,validity_gate; pose_vector; paired_state_refs; ui_interaction; telemetry; frame_behavior,validity_or_gating_hits_21; strong_pose_or_ray_construction_hits_3; paired_field_refs_with_structure_only; ui_or_gameplay_sink_hits_2; telemetry_or_network_hits_2; frame_or_lifecycle_behavior; cap_below_near_certain_without_eye_anchor_or_ordered_structure,base_scanner_score_89; module_bonus_validity_gate_8; module_bonus_pose_vector_10; module_bonus_paired_state_refs_8; module_bonus_ui_interaction_12; module_bonus_telemetry_20; module_bonus_frame_behavior_5; evidence_bonus_telemetry_or_network_hits_12; sensitive_sink_telemetry_bonus_15; keyword_support_eye_or_gaze_2_bonus_8; keyword_support_collection_or_telemetry_4_bonus_16,C:\realDesktop\manifest-evaluations\summer-26\ghidra-pipeline\il2cpp-files\Waifu\general-structure-results\70_high_general_structure_review_high\035b0620_Proyecto26.HttpBase._CreateRequestAndRetry_d__1$$System.IDisposable.Dispose.c,C:\realDesktop\manifest-evaluations\summer-26\ghidra-pipeline\il2cpp-files\Waifu\manual-review-pack\A_must_review\056_p203_Proyecto26.HttpBase._CreateRequestAndRetry_d__1$$System.IDisposable.Dispose.c
57,203,A_must_review,Proyecto26.HttpBase.<CreateRequestAndRetry>d__1$$MoveNext,035b064c,89,70_high_general_structure_review_high,validity_gate; pose_vector; paired_state_refs; ui_interaction; telemetry; frame_behavior,validity_or_gating_hits_21; strong_pose_or_ray_construction_hits_1; paired_field_refs_with_structure_only; ui_or_gameplay_sink_hits_2; telemetry_or_network_hits_2; frame_or_lifecycle_behavior; cap_below_near_certain_without_eye_anchor_or_ordered_structure,base_scanner_score_89; module_bonus_validity_gate_8; module_bonus_pose_vector_10; module_bonus_paired_state_refs_8; module_bonus_ui_interaction_12; module_bonus_telemetry_20; module_bonus_frame_behavior_5; evidence_bonus_telemetry_or_network_hits_12; sensitive_sink_telemetry_bonus_15; keyword_support_eye_or_gaze_2_bonus_8; keyword_support_collection_or_telemetry_4_bonus_16,C:\realDesktop\manifest-evaluations\summer-26\ghidra-pipeline\il2cpp-files\Waifu\general-structure-results\70_high_general_structure_review_high\035b064c_Proyecto26.HttpBase._CreateRequestAndRetry_d__1$$MoveNext.c,C:\realDesktop\manifest-evaluations\summer-26\ghidra-pipeline\il2cpp-files\Waifu\manual-review-pack\A_must_review\057_p203_Proyecto26.HttpBase._CreateRequestAndRetry_d__1$$MoveNext.c
58,203,A_must_review,Proyecto26.HttpBase.<CreateRequestAndRetry>d__1$$.ctor,035afd18,89,70_high_general_structure_review_high,validity_gate; pose_vector; paired_state_refs; ui_interaction; telemetry; frame_behavior,validity_or_gating_hits_21; strong_pose_or_ray_construction_hits_1; paired_field_refs_with_structure_only; ui_or_gameplay_sink_hits_2; telemetry_or_network_hits_2; frame_or_lifecycle_behavior; cap_below_near_certain_without_eye_anchor_or_ordered_structure,base_scanner_score_89; module_bonus_validity_gate_8; module_bonus_pose_vector_10; module_bonus_paired_state_refs_8; module_bonus_ui_interaction_12; module_bonus_telemetry_20; module_bonus_frame_behavior_5; evidence_bonus_telemetry_or_network_hits_12; sensitive_sink_telemetry_bonus_15; keyword_support_eye_or_gaze_2_bonus_8; keyword_support_collection_or_telemetry_4_bonus_16,C:\realDesktop\manifest-evaluations\summer-26\ghidra-pipeline\il2cpp-files\Waifu\general-structure-results\70_high_general_structure_review_high\035afd18_Proyecto26.HttpBase._CreateRequestAndRetry_d__1$$.ctor.c,C:\realDesktop\manifest-evaluations\summer-26\ghidra-pipeline\il2cpp-files\Waifu\manual-review-pack\A_must_review\058_p203_Proyecto26.HttpBase._CreateRequestAndRetry_d__1$$.ctor.c
59,203,A_must_review,Proyecto26.HttpBase$$DefaultUnityWebRequest,035b061c,89,70_high_general_structure_review_high,validity_gate; pose_vector; paired_state_refs; ui_interaction; telemetry; frame_behavior,validity_or_gating_hits_21; strong_pose_or_ray_construction_hits_1; paired_field_refs_with_structure_only; ui_or_gameplay_sink_hits_2; telemetry_or_network_hits_2; frame_or_lifecycle_behavior; cap_below_near_certain_without_eye_anchor_or_ordered_structure,base_scanner_score_89; module_bonus_validity_gate_8; module_bonus_pose_vector_10; module_bonus_paired_state_refs_8; module_bonus_ui_interaction_12; module_bonus_telemetry_20; module_bonus_frame_behavior_5; evidence_bonus_telemetry_or_network_hits_12; sensitive_sink_telemetry_bonus_15; keyword_support_eye_or_gaze_2_bonus_8; keyword_support_collection_or_telemetry_4_bonus_16,C:\realDesktop\manifest-evaluations\summer-26\ghidra-pipeline\il2cpp-files\Waifu\general-structure-results\70_high_general_structure_review_high\035b061c_Proyecto26.HttpBase$$DefaultUnityWebRequest.c,C:\realDesktop\manifest-evaluations\summer-26\ghidra-pipeline\il2cpp-files\Waifu\manual-review-pack\A_must_review\059_p203_Proyecto26.HttpBase$$DefaultUnityWebRequest.c
60,203,A_must_review,Proyecto26.HttpBase$$CreateRequest,035afd20,89,70_high_general_structure_review_high,validity_gate; pose_vector; paired_state_refs; ui_interaction; telemetry; frame_behavior,validity_or_gating_hits_21; strong_pose_or_ray_construction_hits_1; paired_field_refs_with_structure_only; ui_or_gameplay_sink_hits_2; telemetry_or_network_hits_2; frame_or_lifecycle_behavior; cap_below_near_certain_without_eye_anchor_or_ordered_structure,base_scanner_score_89; module_bonus_validity_gate_8; module_bonus_pose_vector_10; module_bonus_paired_state_refs_8; module_bonus_ui_interaction_12; module_bonus_telemetry_20; module_bonus_frame_behavior_5; evidence_bonus_telemetry_or_network_hits_12; sensitive_sink_telemetry_bonus_15; keyword_support_eye_or_gaze_2_bonus_8; keyword_support_collection_or_telemetry_4_bonus_16,C:\realDesktop\manifest-evaluations\summer-26\ghidra-pipeline\il2cpp-files\Waifu\general-structure-results\70_high_general_structure_review_high\035afd20_Proyecto26.HttpBase$$CreateRequest.c,C:\realDesktop\manifest-evaluations\summer-26\ghidra-pipeline\il2cpp-files\Waifu\manual-review-pack\A_must_review\060_p203_Proyecto26.HttpBase$$CreateRequest.c
61,202,A_must_review,Meta.XR.ImmersiveDebugger.Manager.Watch.ToDisplayStringSignature<Vector2>$$BeginInvoke,0533c4b8,134,90_plus_uncertain_gaze_interaction_near_certain,eye_source; validity_gate; pose_vector; ui_interaction; structure_combo,strong_eye_source_hits_1; validity_or_gating_hits_3; strong_pose_or_ray_construction_hits_2; ui_or_gameplay_sink_hits_2; source_validity_pose_sink_structure; strong_eye_source_validity_pose_sink_structure; functionality_gaze_interaction_hits_2,base_scanner_score_134; module_bonus_validity_gate_8; module_bonus_pose_vector_10; module_bonus_ui_interaction_12; module_bonus_structure_combo_18; keyword_support_eye_or_gaze_5_bonus_20,C:\realDesktop\manifest-evaluations\summer-26\ghidra-pipeline\il2cpp-files\Waifu\general-structure-results\90_plus_uncertain_gaze_interaction_near_certain\0533c4b8_Meta.XR.ImmersiveDebugger.Manager.Watch.ToDisplayStringSignature_Vector2_$$BeginInvoke.c,C:\realDesktop\manifest-evaluations\summer-26\ghidra-pipeline\il2cpp-files\Waifu\manual-review-pack\A_must_review\061_p202_Meta.XR.ImmersiveDebugger.Manager.Watch.ToDisplayStringSignature_Vector2_$$BeginInvoke.c
62,202,A_must_review,QRCoder.PayloadGenerator.RussiaPaymentOrder.OptionalFields$$.ctor,064426bc,89,70_high_general_structure_review_high,validity_gate; data_collection; telemetry; frame_behavior,validity_or_gating_hits_14; strong_file_logging_hits_4; telemetry_or_network_hits_2; frame_or_lifecycle_behavior; cap_below_near_certain_without_eye_anchor_or_ordered_structure,base_scanner_score_89; module_bonus_validity_gate_8; module_bonus_data_collection_22; module_bonus_telemetry_20; module_bonus_frame_behavior_5; evidence_bonus_telemetry_or_network_hits_12; sensitive_sink_data_collection_bonus_15; sensitive_sink_telemetry_bonus_15; keyword_support_eye_or_gaze_2_bonus_8; keyword_support_collection_or_telemetry_2_bonus_8,C:\realDesktop\manifest-evaluations\summer-26\ghidra-pipeline\il2cpp-files\Waifu\general-structure-results\70_high_general_structure_review_high\064426bc_QRCoder.PayloadGenerator.RussiaPaymentOrder.OptionalFields$$.ctor.c,C:\realDesktop\manifest-evaluations\summer-26\ghidra-pipeline\il2cpp-files\Waifu\manual-review-pack\A_must_review\062_p202_QRCoder.PayloadGenerator.RussiaPaymentOrder.OptionalFields$$.ctor.c
63,202,A_must_review,QRCoder.PayloadGenerator.RussiaPaymentOrder.MandatoryFields$$.ctor,064426b8,89,70_high_general_structure_review_high,validity_gate; data_collection; telemetry; frame_behavior,validity_or_gating_hits_14; strong_file_logging_hits_4; telemetry_or_network_hits_2; frame_or_lifecycle_behavior; cap_below_near_certain_without_eye_anchor_or_ordered_structure,base_scanner_score_89; module_bonus_validity_gate_8; module_bonus_data_collection_22; module_bonus_telemetry_20; module_bonus_frame_behavior_5; evidence_bonus_telemetry_or_network_hits_12; sensitive_sink_data_collection_bonus_15; sensitive_sink_telemetry_bonus_15; keyword_support_eye_or_gaze_2_bonus_8; keyword_support_collection_or_telemetry_2_bonus_8,C:\realDesktop\manifest-evaluations\summer-26\ghidra-pipeline\il2cpp-files\Waifu\general-structure-results\70_high_general_structure_review_high\064426b8_QRCoder.PayloadGenerator.RussiaPaymentOrder.MandatoryFields$$.ctor.c,C:\realDesktop\manifest-evaluations\summer-26\ghidra-pipeline\il2cpp-files\Waifu\manual-review-pack\A_must_review\063_p202_QRCoder.PayloadGenerator.RussiaPaymentOrder.MandatoryFields$$.ctor.c
64,202,A_must_review,QRCoder.PayloadGenerator.RussiaPaymentOrder$$.ctor,064426c0,89,70_high_general_structure_review_high,validity_gate; data_collection; telemetry; frame_behavior,validity_or_gating_hits_14; strong_file_logging_hits_4; telemetry_or_network_hits_2; frame_or_lifecycle_behavior; cap_below_near_certain_without_eye_anchor_or_ordered_structure,base_scanner_score_89; module_bonus_validity_gate_8; module_bonus_data_collection_22; module_bonus_telemetry_20; module_bonus_frame_behavior_5; evidence_bonus_telemetry_or_network_hits_12; sensitive_sink_data_collection_bonus_15; sensitive_sink_telemetry_bonus_15; keyword_support_eye_or_gaze_2_bonus_8; keyword_support_collection_or_telemetry_2_bonus_8,C:\realDesktop\manifest-evaluations\summer-26\ghidra-pipeline\il2cpp-files\Waifu\general-structure-results\70_high_general_structure_review_high\064426c0_QRCoder.PayloadGenerator.RussiaPaymentOrder$$.ctor.c,C:\realDesktop\manifest-evaluations\summer-26\ghidra-pipeline\il2cpp-files\Waifu\manual-review-pack\A_must_review\064_p202_QRCoder.PayloadGenerator.RussiaPaymentOrder$$.ctor.c
65,202,A_must_review,Newtonsoft.Json.Serialization.JsonSerializerInternalReader$$PopulateMultidimensionalArray,06859fa4,88,70_high_general_structure_review_high,pose_vector; data_collection; telemetry,strong_pose_or_ray_construction_hits_4; strong_file_logging_hits_2; telemetry_or_network_hits_2,base_scanner_score_88; module_bonus_pose_vector_10; module_bonus_data_collection_22; module_bonus_telemetry_20; evidence_bonus_telemetry_or_network_hits_12; sensitive_sink_data_collection_bonus_15; sensitive_sink_telemetry_bonus_15; keyword_support_eye_or_gaze_1_bonus_4; keyword_support_collection_or_telemetry_4_bonus_16,C:\realDesktop\manifest-evaluations\summer-26\ghidra-pipeline\il2cpp-files\Waifu\general-structure-results\70_high_general_structure_review_high\06859fa4_Newtonsoft.Json.Serialization.JsonSerializerInternalReader$$PopulateMultidimensionalArray.c,C:\realDesktop\manifest-evaluations\summer-26\ghidra-pipeline\il2cpp-files\Waifu\manual-review-pack\A_must_review\065_p202_Newtonsoft.Json.Serialization.JsonSerializerInternalReader$$PopulateMultidimensionalArray.c
66,200,A_must_review,OVRManager$$InitPermissionRequest,06ab04ec,103,90_plus_uncertain_gaze_or_xr_structure_near_certain,eye_source; weak_source_state; validity_gate; telemetry,strong_eye_source_hits_2; weak_xr_or_state_hits_4; validity_or_gating_hits_2; telemetry_or_network_hits_2; functionality_permission_setup; functionality_data_collection_or_telemetry_hits_2,base_scanner_score_103; module_bonus_validity_gate_8; module_bonus_telemetry_20; evidence_bonus_telemetry_or_network_hits_12; sensitive_sink_telemetry_bonus_15; keyword_support_eye_or_gaze_5_bonus_20; keyword_support_sdk_2_bonus_6; keyword_support_collection_or_telemetry_4_bonus_16,C:\realDesktop\manifest-evaluations\summer-26\ghidra-pipeline\il2cpp-files\Waifu\general-structure-results\90_plus_uncertain_gaze_or_xr_structure_near_certain\06ab04ec_OVRManager$$InitPermissionRequest.c,C:\realDesktop\manifest-evaluations\summer-26\ghidra-pipeline\il2cpp-files\Waifu\manual-review-pack\A_must_review\066_p200_OVRManager$$InitPermissionRequest.c
67,199,A_must_review,System.Array$$InternalArray__ICollection_Contains<OVRPlugin.EyeGazeState>,0380722c,155,90_plus_confirmed_gaze_retrieval_near_certain,eye_source; weak_source_state; validity_gate; pose_vector; attempted_use; active_gaze_retrieval,strong_eye_source_hits_4; weak_xr_or_state_hits_2; validity_or_gating_hits_4; strong_pose_or_ray_construction_hits_2; attempted_eye_tracking_permission_or_feature_enable; active_gaze_state_retrieval_with_validity_and_pose; functionality_gaze_retrieval_or_extraction,base_scanner_score_155; module_bonus_validity_gate_8; module_bonus_pose_vector_10; keyword_support_eye_or_gaze_5_bonus_20; keyword_support_sdk_2_bonus_6,C:\realDesktop\manifest-evaluations\summer-26\ghidra-pipeline\il2cpp-files\Waifu\general-structure-results\90_plus_confirmed_gaze_retrieval_near_certain\0380722c_System.Array$$InternalArray__ICollection_Contains_OVRPlugin.EyeGazeState_.c,C:\realDesktop\manifest-evaluations\summer-26\ghidra-pipeline\il2cpp-files\Waifu\manual-review-pack\A_must_review\067_p199_System.Array$$InternalArray__ICollection_Contains_OVRPlugin.EyeGazeState_.c
68,199,A_must_review,Meta.XR.ImmersiveDebugger.Manager.Watch.ToDisplayStringSignature<Vector2>$$Invoke,0533c4a4,131,90_plus_uncertain_gaze_interaction_near_certain,eye_source; validity_gate; pose_vector; ui_interaction; structure_combo,strong_eye_source_hits_1; validity_or_gating_hits_2; strong_pose_or_ray_construction_hits_2; ui_or_gameplay_sink_hits_2; source_validity_pose_sink_structure; strong_eye_source_validity_pose_sink_structure; functionality_gaze_interaction_hits_2,base_scanner_score_131; module_bonus_validity_gate_8; module_bonus_pose_vector_10; module_bonus_ui_interaction_12; module_bonus_structure_combo_18; keyword_support_eye_or_gaze_5_bonus_20,C:\realDesktop\manifest-evaluations\summer-26\ghidra-pipeline\il2cpp-files\Waifu\general-structure-results\90_plus_uncertain_gaze_interaction_near_certain\0533c4a4_Meta.XR.ImmersiveDebugger.Manager.Watch.ToDisplayStringSignature_Vector2_$$Invoke.c,C:\realDesktop\manifest-evaluations\summer-26\ghidra-pipeline\il2cpp-files\Waifu\manual-review-pack\A_must_review\068_p199_Meta.XR.ImmersiveDebugger.Manager.Watch.ToDisplayStringSignature_Vector2_$$Invoke.c
69,199,A_must_review,Newtonsoft.Json.Serialization.JsonSerializerInternalWriter$$SerializeValue,0685f8c8,87,70_high_general_structure_review_high,validity_gate; data_collection; telemetry,validity_or_gating_hits_21; strong_file_logging_hits_2; telemetry_or_network_hits_4,base_scanner_score_87; module_bonus_validity_gate_8; module_bonus_data_collection_22; module_bonus_telemetry_20; evidence_bonus_telemetry_or_network_hits_12; sensitive_sink_data_collection_bonus_15; sensitive_sink_telemetry_bonus_15; keyword_support_eye_or_gaze_1_bonus_4; keyword_support_collection_or_telemetry_4_bonus_16,C:\realDesktop\manifest-evaluations\summer-26\ghidra-pipeline\il2cpp-files\Waifu\general-structure-results\70_high_general_structure_review_high\0685f8c8_Newtonsoft.Json.Serialization.JsonSerializerInternalWriter$$SerializeValue.c,C:\realDesktop\manifest-evaluations\summer-26\ghidra-pipeline\il2cpp-files\Waifu\manual-review-pack\A_must_review\069_p199_Newtonsoft.Json.Serialization.JsonSerializerInternalWriter$$SerializeValue.c
70,199,A_must_review,Newtonsoft.Json.Serialization.JsonSerializerInternalWriter$$SerializeString,06861fd4,87,70_high_general_structure_review_high,validity_gate; data_collection; telemetry,validity_or_gating_hits_21; strong_file_logging_hits_2; telemetry_or_network_hits_4,base_scanner_score_87; module_bonus_validity_gate_8; module_bonus_data_collection_22; module_bonus_telemetry_20; evidence_bonus_telemetry_or_network_hits_12; sensitive_sink_data_collection_bonus_15; sensitive_sink_telemetry_bonus_15; keyword_support_eye_or_gaze_1_bonus_4; keyword_support_collection_or_telemetry_4_bonus_16,C:\realDesktop\manifest-evaluations\summer-26\ghidra-pipeline\il2cpp-files\Waifu\general-structure-results\70_high_general_structure_review_high\06861fd4_Newtonsoft.Json.Serialization.JsonSerializerInternalWriter$$SerializeString.c,C:\realDesktop\manifest-evaluations\summer-26\ghidra-pipeline\il2cpp-files\Waifu\manual-review-pack\A_must_review\070_p199_Newtonsoft.Json.Serialization.JsonSerializerInternalWriter$$SerializeString.c
71,199,A_must_review,Newtonsoft.Json.Serialization.JsonSerializerInternalWriter$$SerializeISerializable,068631cc,87,70_high_general_structure_review_high,validity_gate; data_collection; telemetry,validity_or_gating_hits_18; strong_file_logging_hits_2; telemetry_or_network_hits_4,base_scanner_score_87; module_bonus_validity_gate_8; module_bonus_data_collection_22; module_bonus_telemetry_20; evidence_bonus_telemetry_or_network_hits_12; sensitive_sink_data_collection_bonus_15; sensitive_sink_telemetry_bonus_15; keyword_support_eye_or_gaze_1_bonus_4; keyword_support_collection_or_telemetry_4_bonus_16,C:\realDesktop\manifest-evaluations\summer-26\ghidra-pipeline\il2cpp-files\Waifu\general-structure-results\70_high_general_structure_review_high\068631cc_Newtonsoft.Json.Serialization.JsonSerializerInternalWriter$$SerializeISerializable.c,C:\realDesktop\manifest-evaluations\summer-26\ghidra-pipeline\il2cpp-files\Waifu\manual-review-pack\A_must_review\071_p199_Newtonsoft.Json.Serialization.JsonSerializerInternalWriter$$SerializeISerializable.c
72,199,A_must_review,Newtonsoft.Json.Serialization.JsonSerializerInternalWriter$$SerializeDictionary,06862058,87,70_high_general_structure_review_high,validity_gate; data_collection; telemetry,validity_or_gating_hits_21; strong_file_logging_hits_2; telemetry_or_network_hits_4,base_scanner_score_87; module_bonus_validity_gate_8; module_bonus_data_collection_22; module_bonus_telemetry_20; evidence_bonus_telemetry_or_network_hits_12; sensitive_sink_data_collection_bonus_15; sensitive_sink_telemetry_bonus_15; keyword_support_eye_or_gaze_1_bonus_4; keyword_support_collection_or_telemetry_4_bonus_16,C:\realDesktop\manifest-evaluations\summer-26\ghidra-pipeline\il2cpp-files\Waifu\general-structure-results\70_high_general_structure_review_high\06862058_Newtonsoft.Json.Serialization.JsonSerializerInternalWriter$$SerializeDictionary.c,C:\realDesktop\manifest-evaluations\summer-26\ghidra-pipeline\il2cpp-files\Waifu\manual-review-pack\A_must_review\072_p199_Newtonsoft.Json.Serialization.JsonSerializerInternalWriter$$SerializeDictionary.c
73,199,A_must_review,Newtonsoft.Json.Serialization.JsonSerializerInternalWriter$$SerializeConvertable,068608ac,87,70_high_general_structure_review_high,validity_gate; data_collection; telemetry,validity_or_gating_hits_7; strong_file_logging_hits_2; telemetry_or_network_hits_4,base_scanner_score_87; module_bonus_validity_gate_8; module_bonus_data_collection_22; module_bonus_telemetry_20; evidence_bonus_telemetry_or_network_hits_12; sensitive_sink_data_collection_bonus_15; sensitive_sink_telemetry_bonus_15; keyword_support_eye_or_gaze_1_bonus_4; keyword_support_collection_or_telemetry_4_bonus_16,C:\realDesktop\manifest-evaluations\summer-26\ghidra-pipeline\il2cpp-files\Waifu\general-structure-results\70_high_general_structure_review_high\068608ac_Newtonsoft.Json.Serialization.JsonSerializerInternalWriter$$SerializeConvertable.c,C:\realDesktop\manifest-evaluations\summer-26\ghidra-pipeline\il2cpp-files\Waifu\manual-review-pack\A_must_review\073_p199_Newtonsoft.Json.Serialization.JsonSerializerInternalWriter$$SerializeConvertable.c
74,199,A_must_review,Newtonsoft.Json.Serialization.JsonSerializerInternalWriter$$Serialize,0685f118,87,70_high_general_structure_review_high,validity_gate; data_collection; telemetry,validity_or_gating_hits_21; strong_file_logging_hits_2; telemetry_or_network_hits_4,base_scanner_score_87; module_bonus_validity_gate_8; module_bonus_data_collection_22; module_bonus_telemetry_20; evidence_bonus_telemetry_or_network_hits_12; sensitive_sink_data_collection_bonus_15; sensitive_sink_telemetry_bonus_15; keyword_support_eye_or_gaze_1_bonus_4; keyword_support_collection_or_telemetry_4_bonus_16,C:\realDesktop\manifest-evaluations\summer-26\ghidra-pipeline\il2cpp-files\Waifu\general-structure-results\70_high_general_structure_review_high\0685f118_Newtonsoft.Json.Serialization.JsonSerializerInternalWriter$$Serialize.c,C:\realDesktop\manifest-evaluations\summer-26\ghidra-pipeline\il2cpp-files\Waifu\manual-review-pack\A_must_review\074_p199_Newtonsoft.Json.Serialization.JsonSerializerInternalWriter$$Serialize.c
75,199,A_must_review,Newtonsoft.Json.Serialization.JsonSerializerInternalWriter$$OnSerialized,06864614,87,70_high_general_structure_review_high,validity_gate; data_collection; telemetry,validity_or_gating_hits_14; strong_file_logging_hits_2; telemetry_or_network_hits_4,base_scanner_score_87; module_bonus_validity_gate_8; module_bonus_data_collection_22; module_bonus_telemetry_20; evidence_bonus_telemetry_or_network_hits_12; sensitive_sink_data_collection_bonus_15; sensitive_sink_telemetry_bonus_15; keyword_support_eye_or_gaze_1_bonus_4; keyword_support_collection_or_telemetry_4_bonus_16,C:\realDesktop\manifest-evaluations\summer-26\ghidra-pipeline\il2cpp-files\Waifu\general-structure-results\70_high_general_structure_review_high\06864614_Newtonsoft.Json.Serialization.JsonSerializerInternalWriter$$OnSerialized.c,C:\realDesktop\manifest-evaluations\summer-26\ghidra-pipeline\il2cpp-files\Waifu\manual-review-pack\A_must_review\075_p199_Newtonsoft.Json.Serialization.JsonSerializerInternalWriter$$OnSerialized.c
76,199,A_must_review,Newtonsoft.Json.Serialization.JsonSerializerInternalWriter$$GetInternalSerializer,0685ffd8,87,70_high_general_structure_review_high,validity_gate; data_collection; telemetry,validity_or_gating_hits_9; strong_file_logging_hits_2; telemetry_or_network_hits_4,base_scanner_score_87; module_bonus_validity_gate_8; module_bonus_data_collection_22; module_bonus_telemetry_20; evidence_bonus_telemetry_or_network_hits_12; sensitive_sink_data_collection_bonus_15; sensitive_sink_telemetry_bonus_15; keyword_support_eye_or_gaze_1_bonus_4; keyword_support_collection_or_telemetry_4_bonus_16,C:\realDesktop\manifest-evaluations\summer-26\ghidra-pipeline\il2cpp-files\Waifu\general-structure-results\70_high_general_structure_review_high\0685ffd8_Newtonsoft.Json.Serialization.JsonSerializerInternalWriter$$GetInternalSerializer.c,C:\realDesktop\manifest-evaluations\summer-26\ghidra-pipeline\il2cpp-files\Waifu\manual-review-pack\A_must_review\076_p199_Newtonsoft.Json.Serialization.JsonSerializerInternalWriter$$GetInternalSerializer.c
77,199,A_must_review,Newtonsoft.Json.Serialization.JsonSerializerInternalReader$$ShouldDeserialize,0685eb4c,87,70_high_general_structure_review_high,validity_gate; data_collection; telemetry,validity_or_gating_hits_21; strong_file_logging_hits_2; telemetry_or_network_hits_4,base_scanner_score_87; module_bonus_validity_gate_8; module_bonus_data_collection_22; module_bonus_telemetry_20; evidence_bonus_telemetry_or_network_hits_12; sensitive_sink_data_collection_bonus_15; sensitive_sink_telemetry_bonus_15; keyword_support_eye_or_gaze_1_bonus_4; keyword_support_collection_or_telemetry_4_bonus_16,C:\realDesktop\manifest-evaluations\summer-26\ghidra-pipeline\il2cpp-files\Waifu\general-structure-results\70_high_general_structure_review_high\0685eb4c_Newtonsoft.Json.Serialization.JsonSerializerInternalReader$$ShouldDeserialize.c,C:\realDesktop\manifest-evaluations\summer-26\ghidra-pipeline\il2cpp-files\Waifu\manual-review-pack\A_must_review\077_p199_Newtonsoft.Json.Serialization.JsonSerializerInternalReader$$ShouldDeserialize.c
78,199,A_must_review,Newtonsoft.Json.Serialization.JsonSerializerInternalReader$$DeserializeConvertable,0685439c,87,70_high_general_structure_review_high,validity_gate; data_collection; telemetry,validity_or_gating_hits_7; strong_file_logging_hits_2; telemetry_or_network_hits_4,base_scanner_score_87; module_bonus_validity_gate_8; module_bonus_data_collection_22; module_bonus_telemetry_20; evidence_bonus_telemetry_or_network_hits_12; sensitive_sink_data_collection_bonus_15; sensitive_sink_telemetry_bonus_15; keyword_support_eye_or_gaze_1_bonus_4; keyword_support_collection_or_telemetry_4_bonus_16,C:\realDesktop\manifest-evaluations\summer-26\ghidra-pipeline\il2cpp-files\Waifu\general-structure-results\70_high_general_structure_review_high\0685439c_Newtonsoft.Json.Serialization.JsonSerializerInternalReader$$DeserializeConvertable.c,C:\realDesktop\manifest-evaluations\summer-26\ghidra-pipeline\il2cpp-files\Waifu\manual-review-pack\A_must_review\078_p199_Newtonsoft.Json.Serialization.JsonSerializerInternalReader$$DeserializeConvertable.c
79,199,A_must_review,Newtonsoft.Json.JsonSerializer$$Deserialize<Int32Enum>,03f2e4fc,87,70_high_general_structure_review_high,validity_gate; data_collection; telemetry,validity_or_gating_hits_9; strong_file_logging_hits_2; telemetry_or_network_hits_4,base_scanner_score_87; module_bonus_validity_gate_8; module_bonus_data_collection_22; module_bonus_telemetry_20; evidence_bonus_telemetry_or_network_hits_12; sensitive_sink_data_collection_bonus_15; sensitive_sink_telemetry_bonus_15; keyword_support_eye_or_gaze_1_bonus_4; keyword_support_collection_or_telemetry_4_bonus_16,C:\realDesktop\manifest-evaluations\summer-26\ghidra-pipeline\il2cpp-files\Waifu\general-structure-results\70_high_general_structure_review_high\03f2e4fc_Newtonsoft.Json.JsonSerializer$$Deserialize_Int32Enum_.c,C:\realDesktop\manifest-evaluations\summer-26\ghidra-pipeline\il2cpp-files\Waifu\manual-review-pack\A_must_review\079_p199_Newtonsoft.Json.JsonSerializer$$Deserialize_Int32Enum_.c
80,199,A_must_review,Newtonsoft.Json.JsonConvert$$DeserializeObject<MultipartUpload>,03f2b82c,87,70_high_general_structure_review_high,validity_gate; data_collection; telemetry,validity_or_gating_hits_4; strong_file_logging_hits_2; telemetry_or_network_hits_4,base_scanner_score_87; module_bonus_validity_gate_8; module_bonus_data_collection_22; module_bonus_telemetry_20; evidence_bonus_telemetry_or_network_hits_12; sensitive_sink_data_collection_bonus_15; sensitive_sink_telemetry_bonus_15; keyword_support_eye_or_gaze_1_bonus_4; keyword_support_collection_or_telemetry_4_bonus_16,C:\realDesktop\manifest-evaluations\summer-26\ghidra-pipeline\il2cpp-files\Waifu\general-structure-results\70_high_general_structure_review_high\03f2b82c_Newtonsoft.Json.JsonConvert$$DeserializeObject_MultipartUpload_.c,C:\realDesktop\manifest-evaluations\summer-26\ghidra-pipeline\il2cpp-files\Waifu\manual-review-pack\A_must_review\080_p199_Newtonsoft.Json.JsonConvert$$DeserializeObject_MultipartUpload_.c
81,199,A_must_review,Newtonsoft.Json.JsonConvert$$DeserializeObject<Example3_PostRequestHandler.PostJsonBody>,03f2a968,87,70_high_general_structure_review_high,validity_gate; data_collection; telemetry,validity_or_gating_hits_5; strong_file_logging_hits_2; telemetry_or_network_hits_8,base_scanner_score_87; module_bonus_validity_gate_8; module_bonus_data_collection_22; module_bonus_telemetry_20; evidence_bonus_telemetry_or_network_hits_12; sensitive_sink_data_collection_bonus_15; sensitive_sink_telemetry_bonus_15; keyword_support_eye_or_gaze_1_bonus_4; keyword_support_collection_or_telemetry_4_bonus_16,C:\realDesktop\manifest-evaluations\summer-26\ghidra-pipeline\il2cpp-files\Waifu\general-structure-results\70_high_general_structure_review_high\03f2a968_Newtonsoft.Json.JsonConvert$$DeserializeObject_Example3_PostRequestHandler.PostJsonBody_.c,C:\realDesktop\manifest-evaluations\summer-26\ghidra-pipeline\il2cpp-files\Waifu\manual-review-pack\A_must_review\081_p199_Newtonsoft.Json.JsonConvert$$DeserializeObject_Example3_PostRequestHandler.PostJsonBody_.c
82,199,A_must_review,Meta.WitAi.WitRequest$$CloseRequestStream,062c02d0,87,70_high_general_structure_review_high,validity_gate; data_collection; telemetry,validity_or_gating_hits_5; strong_file_logging_hits_2; telemetry_or_network_hits_4,base_scanner_score_87; module_bonus_validity_gate_8; module_bonus_data_collection_22; module_bonus_telemetry_20; evidence_bonus_telemetry_or_network_hits_12; sensitive_sink_data_collection_bonus_15; sensitive_sink_telemetry_bonus_15; keyword_support_eye_or_gaze_1_bonus_4; keyword_support_collection_or_telemetry_4_bonus_16,C:\realDesktop\manifest-evaluations\summer-26\ghidra-pipeline\il2cpp-files\Waifu\general-structure-results\70_high_general_structure_review_high\062c02d0_Meta.WitAi.WitRequest$$CloseRequestStream.c,C:\realDesktop\manifest-evaluations\summer-26\ghidra-pipeline\il2cpp-files\Waifu\manual-review-pack\A_must_review\082_p199_Meta.WitAi.WitRequest$$CloseRequestStream.c
83,199,A_must_review,Newtonsoft.Json.Serialization.JsonSerializerInternalWriter$$WriteObjectStart,0686482c,82,70_high_general_structure_review_high,validity_gate; data_collection; telemetry; frame_behavior,validity_or_gating_hits_2; strong_file_logging_hits_2; telemetry_or_network_hits_2; frame_or_lifecycle_behavior,base_scanner_score_82; module_bonus_validity_gate_8; module_bonus_data_collection_22; module_bonus_telemetry_20; module_bonus_frame_behavior_5; evidence_bonus_telemetry_or_network_hits_12; sensitive_sink_data_collection_bonus_15; sensitive_sink_telemetry_bonus_15; keyword_support_eye_or_gaze_1_bonus_4; keyword_support_collection_or_telemetry_4_bonus_16,C:\realDesktop\manifest-evaluations\summer-26\ghidra-pipeline\il2cpp-files\Waifu\general-structure-results\70_high_general_structure_review_high\0686482c_Newtonsoft.Json.Serialization.JsonSerializerInternalWriter$$WriteObjectStart.c,C:\realDesktop\manifest-evaluations\summer-26\ghidra-pipeline\il2cpp-files\Waifu\manual-review-pack\A_must_review\083_p199_Newtonsoft.Json.Serialization.JsonSerializerInternalWriter$$WriteObjectStart.c
84,198,A_must_review,OVRPlugin.OVRP_1_28_0$$ovrp_SendEvent,06af9da8,101,90_plus_uncertain_gaze_or_xr_structure_near_certain,eye_source; weak_source_state; validity_gate; telemetry,strong_eye_source_hits_2; weak_xr_or_state_hits_2; validity_or_gating_hits_2; telemetry_or_network_hits_2; functionality_data_collection_or_telemetry_hits_2,base_scanner_score_101; module_bonus_validity_gate_8; module_bonus_telemetry_20; evidence_bonus_telemetry_or_network_hits_12; sensitive_sink_telemetry_bonus_15; keyword_support_eye_or_gaze_5_bonus_20; keyword_support_sdk_2_bonus_6; keyword_support_collection_or_telemetry_4_bonus_16,C:\realDesktop\manifest-evaluations\summer-26\ghidra-pipeline\il2cpp-files\Waifu\general-structure-results\90_plus_uncertain_gaze_or_xr_structure_near_certain\06af9da8_OVRPlugin.OVRP_1_28_0$$ovrp_SendEvent.c,C:\realDesktop\manifest-evaluations\summer-26\ghidra-pipeline\il2cpp-files\Waifu\manual-review-pack\A_must_review\084_p198_OVRPlugin.OVRP_1_28_0$$ovrp_SendEvent.c
85,197,A_must_review,Meta.WitAi.WitRequest$$CloseActiveStream,062c2bfc,85,70_high_general_structure_review_high,weak_source_state; validity_gate; data_collection; telemetry,weak_xr_or_state_hits_2; validity_or_gating_hits_2; strong_file_logging_hits_2; telemetry_or_network_hits_2,base_scanner_score_85; module_bonus_validity_gate_8; module_bonus_data_collection_22; module_bonus_telemetry_20; evidence_bonus_telemetry_or_network_hits_12; sensitive_sink_data_collection_bonus_15; sensitive_sink_telemetry_bonus_15; keyword_support_eye_or_gaze_1_bonus_4; keyword_support_collection_or_telemetry_4_bonus_16,C:\realDesktop\manifest-evaluations\summer-26\ghidra-pipeline\il2cpp-files\Waifu\general-structure-results\70_high_general_structure_review_high\062c2bfc_Meta.WitAi.WitRequest$$CloseActiveStream.c,C:\realDesktop\manifest-evaluations\summer-26\ghidra-pipeline\il2cpp-files\Waifu\manual-review-pack\A_must_review\085_p197_Meta.WitAi.WitRequest$$CloseActiveStream.c
86,196,A_must_review,System.Array$$InternalArray__IndexOf<OVRPlugin.EyeGazeState>,0398332c,152,90_plus_confirmed_gaze_retrieval_near_certain,eye_source; weak_source_state; validity_gate; pose_vector; attempted_use; active_gaze_retrieval,strong_eye_source_hits_4; weak_xr_or_state_hits_2; validity_or_gating_hits_3; strong_pose_or_ray_construction_hits_2; attempted_eye_tracking_permission_or_feature_enable; active_gaze_state_retrieval_with_validity_and_pose; functionality_gaze_retrieval_or_extraction,base_scanner_score_152; module_bonus_validity_gate_8; module_bonus_pose_vector_10; keyword_support_eye_or_gaze_5_bonus_20; keyword_support_sdk_2_bonus_6,C:\realDesktop\manifest-evaluations\summer-26\ghidra-pipeline\il2cpp-files\Waifu\general-structure-results\90_plus_confirmed_gaze_retrieval_near_certain\0398332c_System.Array$$InternalArray__IndexOf_OVRPlugin.EyeGazeState_.c,C:\realDesktop\manifest-evaluations\summer-26\ghidra-pipeline\il2cpp-files\Waifu\manual-review-pack\A_must_review\086_p196_System.Array$$InternalArray__IndexOf_OVRPlugin.EyeGazeState_.c
87,195,A_must_review,Meta.XR.ImmersiveDebugger.RuntimeSettings$$OnBeforeSerialize,0635354c,104,90_plus_uncertain_eye_setup_near_certain,eye_source; validity_gate; paired_state_refs; telemetry,strong_eye_source_hits_1; validity_or_gating_hits_11; paired_field_refs_with_eye_source; telemetry_or_network_hits_2; functionality_eye_api_context_without_clear_sink_hits_1,base_scanner_score_104; module_bonus_validity_gate_8; module_bonus_paired_state_refs_8; module_bonus_telemetry_20; evidence_bonus_telemetry_or_network_hits_12; sensitive_sink_telemetry_bonus_15; keyword_support_eye_or_gaze_5_bonus_20; keyword_support_collection_or_telemetry_2_bonus_8,C:\realDesktop\manifest-evaluations\summer-26\ghidra-pipeline\il2cpp-files\Waifu\general-structure-results\90_plus_uncertain_eye_setup_near_certain\0635354c_Meta.XR.ImmersiveDebugger.RuntimeSettings$$OnBeforeSerialize.c,C:\realDesktop\manifest-evaluations\summer-26\ghidra-pipeline\il2cpp-files\Waifu\manual-review-pack\A_must_review\087_p195_Meta.XR.ImmersiveDebugger.RuntimeSettings$$OnBeforeSerialize.c
88,195,A_must_review,Meta.XR.ImmersiveDebugger.RuntimeSettings$$OnAfterDeserialize,06353808,104,90_plus_uncertain_eye_setup_near_certain,eye_source; validity_gate; paired_state_refs; telemetry,strong_eye_source_hits_1; validity_or_gating_hits_8; paired_field_refs_with_eye_source; telemetry_or_network_hits_2; functionality_eye_api_context_without_clear_sink_hits_1,base_scanner_score_104; module_bonus_validity_gate_8; module_bonus_paired_state_refs_8; module_bonus_telemetry_20; evidence_bonus_telemetry_or_network_hits_12; sensitive_sink_telemetry_bonus_15; keyword_support_eye_or_gaze_5_bonus_20; keyword_support_collection_or_telemetry_2_bonus_8,C:\realDesktop\manifest-evaluations\summer-26\ghidra-pipeline\il2cpp-files\Waifu\general-structure-results\90_plus_uncertain_eye_setup_near_certain\06353808_Meta.XR.ImmersiveDebugger.RuntimeSettings$$OnAfterDeserialize.c,C:\realDesktop\manifest-evaluations\summer-26\ghidra-pipeline\il2cpp-files\Waifu\manual-review-pack\A_must_review\088_p195_Meta.XR.ImmersiveDebugger.RuntimeSettings$$OnAfterDeserialize.c
89,195,A_must_review,OVRPlugin$$RequestBoundaryVisibility,06ad1aa8,98,90_plus_uncertain_gaze_or_xr_structure_near_certain,eye_source; weak_source_state; validity_gate; telemetry,strong_eye_source_hits_2; weak_xr_or_state_hits_2; validity_or_gating_hits_1; telemetry_or_network_hits_2; functionality_data_collection_or_telemetry_hits_2,base_scanner_score_98; module_bonus_validity_gate_8; module_bonus_telemetry_20; evidence_bonus_telemetry_or_network_hits_12; sensitive_sink_telemetry_bonus_15; keyword_support_eye_or_gaze_5_bonus_20; keyword_support_sdk_2_bonus_6; keyword_support_collection_or_telemetry_4_bonus_16,C:\realDesktop\manifest-evaluations\summer-26\ghidra-pipeline\il2cpp-files\Waifu\general-structure-results\90_plus_uncertain_gaze_or_xr_structure_near_certain\06ad1aa8_OVRPlugin$$RequestBoundaryVisibility.c,C:\realDesktop\manifest-evaluations\summer-26\ghidra-pipeline\il2cpp-files\Waifu\manual-review-pack\A_must_review\089_p195_OVRPlugin$$RequestBoundaryVisibility.c
90,194,A_must_review,Meta.XR.ImmersiveDebugger.Telemetry$$.cctor,06354074,95,90_plus_uncertain_gaze_or_xr_structure_near_certain,eye_source; validity_gate; paired_state_refs; telemetry,strong_eye_source_hits_1; validity_or_gating_hits_1; paired_field_refs_with_eye_source; telemetry_or_network_hits_2; functionality_data_collection_or_telemetry_hits_2,base_scanner_score_95; module_bonus_validity_gate_8; module_bonus_paired_state_refs_8; module_bonus_telemetry_20; evidence_bonus_telemetry_or_network_hits_12; sensitive_sink_telemetry_bonus_15; keyword_support_eye_or_gaze_5_bonus_20; keyword_support_collection_or_telemetry_4_bonus_16,C:\realDesktop\manifest-evaluations\summer-26\ghidra-pipeline\il2cpp-files\Waifu\general-structure-results\90_plus_uncertain_gaze_or_xr_structure_near_certain\06354074_Meta.XR.ImmersiveDebugger.Telemetry$$.cctor.c,C:\realDesktop\manifest-evaluations\summer-26\ghidra-pipeline\il2cpp-files\Waifu\manual-review-pack\A_must_review\090_p194_Meta.XR.ImmersiveDebugger.Telemetry$$.cctor.c
91,194,A_must_review,Unity.Services.Analytics.Internal.Dispatcher$$set_FlushInProgress,0759a078,82,70_high_general_structure_review_high,validity_gate; data_collection; telemetry,validity_or_gating_hits_10; strong_file_logging_hits_2; telemetry_or_network_hits_2,base_scanner_score_82; module_bonus_validity_gate_8; module_bonus_data_collection_22; module_bonus_telemetry_20; evidence_bonus_telemetry_or_network_hits_12; sensitive_sink_data_collection_bonus_15; sensitive_sink_telemetry_bonus_15; keyword_support_eye_or_gaze_1_bonus_4; keyword_support_collection_or_telemetry_4_bonus_16,C:\realDesktop\manifest-evaluations\summer-26\ghidra-pipeline\il2cpp-files\Waifu\general-structure-results\70_high_general_structure_review_high\0759a078_Unity.Services.Analytics.Internal.Dispatcher$$set_FlushInProgress.c,C:\realDesktop\manifest-evaluations\summer-26\ghidra-pipeline\il2cpp-files\Waifu\manual-review-pack\A_must_review\091_p194_Unity.Services.Analytics.Internal.Dispatcher$$set_FlushInProgress.c
92,194,A_must_review,Unity.Services.Analytics.Internal.Dispatcher$$remove_FlushFinished,0759a3cc,82,70_high_general_structure_review_high,validity_gate; data_collection; telemetry,validity_or_gating_hits_11; strong_file_logging_hits_2; telemetry_or_network_hits_2,base_scanner_score_82; module_bonus_validity_gate_8; module_bonus_data_collection_22; module_bonus_telemetry_20; evidence_bonus_telemetry_or_network_hits_12; sensitive_sink_data_collection_bonus_15; sensitive_sink_telemetry_bonus_15; keyword_support_eye_or_gaze_1_bonus_4; keyword_support_collection_or_telemetry_4_bonus_16,C:\realDesktop\manifest-evaluations\summer-26\ghidra-pipeline\il2cpp-files\Waifu\general-structure-results\70_high_general_structure_review_high\0759a3cc_Unity.Services.Analytics.Internal.Dispatcher$$remove_FlushFinished.c,C:\realDesktop\manifest-evaluations\summer-26\ghidra-pipeline\il2cpp-files\Waifu\manual-review-pack\A_must_review\092_p194_Unity.Services.Analytics.Internal.Dispatcher$$remove_FlushFinished.c
93,194,A_must_review,Unity.Services.Analytics.Internal.Dispatcher$$get_FlushInProgress,0759a070,82,70_high_general_structure_review_high,validity_gate; data_collection; telemetry,validity_or_gating_hits_10; strong_file_logging_hits_2; telemetry_or_network_hits_2,base_scanner_score_82; module_bonus_validity_gate_8; module_bonus_data_collection_22; module_bonus_telemetry_20; evidence_bonus_telemetry_or_network_hits_12; sensitive_sink_data_collection_bonus_15; sensitive_sink_telemetry_bonus_15; keyword_support_eye_or_gaze_1_bonus_4; keyword_support_collection_or_telemetry_4_bonus_16,C:\realDesktop\manifest-evaluations\summer-26\ghidra-pipeline\il2cpp-files\Waifu\general-structure-results\70_high_general_structure_review_high\0759a070_Unity.Services.Analytics.Internal.Dispatcher$$get_FlushInProgress.c,C:\realDesktop\manifest-evaluations\summer-26\ghidra-pipeline\il2cpp-files\Waifu\manual-review-pack\A_must_review\093_p194_Unity.Services.Analytics.Internal.Dispatcher$$get_FlushInProgress.c
94,194,A_must_review,Unity.Services.Analytics.Internal.BufferX$$FlushToDisk,07598868,82,70_high_general_structure_review_high,validity_gate; data_collection; telemetry,validity_or_gating_hits_10; strong_file_logging_hits_2; telemetry_or_network_hits_2,base_scanner_score_82; module_bonus_validity_gate_8; module_bonus_data_collection_22; module_bonus_telemetry_20; evidence_bonus_telemetry_or_network_hits_12; sensitive_sink_data_collection_bonus_15; sensitive_sink_telemetry_bonus_15; keyword_support_eye_or_gaze_1_bonus_4; keyword_support_collection_or_telemetry_4_bonus_16,C:\realDesktop\manifest-evaluations\summer-26\ghidra-pipeline\il2cpp-files\Waifu\general-structure-results\70_high_general_structure_review_high\07598868_Unity.Services.Analytics.Internal.BufferX$$FlushToDisk.c,C:\realDesktop\manifest-evaluations\summer-26\ghidra-pipeline\il2cpp-files\Waifu\manual-review-pack\A_must_review\094_p194_Unity.Services.Analytics.Internal.BufferX$$FlushToDisk.c
95,194,A_must_review,ShadowGroveGames.LoginWithDiscord.Examples.StoreSession.LoggedInDetailViewScript$$CloseDetailView,06b91d84,82,70_high_general_structure_review_high,validity_gate; data_collection; telemetry,validity_or_gating_hits_5; strong_file_logging_hits_2; telemetry_or_network_hits_2,base_scanner_score_82; module_bonus_validity_gate_8; module_bonus_data_collection_22; module_bonus_telemetry_20; evidence_bonus_telemetry_or_network_hits_12; sensitive_sink_data_collection_bonus_15; sensitive_sink_telemetry_bonus_15; keyword_support_eye_or_gaze_1_bonus_4; keyword_support_collection_or_telemetry_4_bonus_16,C:\realDesktop\manifest-evaluations\summer-26\ghidra-pipeline\il2cpp-files\Waifu\general-structure-results\70_high_general_structure_review_high\06b91d84_ShadowGroveGames.LoginWithDiscord.Examples.StoreSession.LoggedInDetailViewScript$$CloseDetailView.c,C:\realDesktop\manifest-evaluations\summer-26\ghidra-pipeline\il2cpp-files\Waifu\manual-review-pack\A_must_review\095_p194_ShadowGroveGames.LoginWithDiscord.Examples.StoreSession.LoggedInDetailViewScript$$CloseDetailView.c
96,194,A_must_review,Newtonsoft.Json.Utilities.JsonTokenUtils$$IsEndToken,0681b364,82,70_high_general_structure_review_high,validity_gate; data_collection; telemetry,validity_or_gating_hits_9; strong_file_logging_hits_2; telemetry_or_network_hits_2,base_scanner_score_82; module_bonus_validity_gate_8; module_bonus_data_collection_22; module_bonus_telemetry_20; evidence_bonus_telemetry_or_network_hits_12; sensitive_sink_data_collection_bonus_15; sensitive_sink_telemetry_bonus_15; keyword_support_eye_or_gaze_1_bonus_4; keyword_support_collection_or_telemetry_4_bonus_16,C:\realDesktop\manifest-evaluations\summer-26\ghidra-pipeline\il2cpp-files\Waifu\general-structure-results\70_high_general_structure_review_high\0681b364_Newtonsoft.Json.Utilities.JsonTokenUtils$$IsEndToken.c,C:\realDesktop\manifest-evaluations\summer-26\ghidra-pipeline\il2cpp-files\Waifu\manual-review-pack\A_must_review\096_p194_Newtonsoft.Json.Utilities.JsonTokenUtils$$IsEndToken.c
97,194,A_must_review,Newtonsoft.Json.Serialization.JsonSerializerProxy$$.ctor,0686008c,82,70_high_general_structure_review_high,validity_gate; data_collection; telemetry,validity_or_gating_hits_11; strong_file_logging_hits_2; telemetry_or_network_hits_2,base_scanner_score_82; module_bonus_validity_gate_8; module_bonus_data_collection_22; module_bonus_telemetry_20; evidence_bonus_telemetry_or_network_hits_12; sensitive_sink_data_collection_bonus_15; sensitive_sink_telemetry_bonus_15; keyword_support_eye_or_gaze_1_bonus_4; keyword_support_collection_or_telemetry_4_bonus_16,C:\realDesktop\manifest-evaluations\summer-26\ghidra-pipeline\il2cpp-files\Waifu\general-structure-results\70_high_general_structure_review_high\0686008c_Newtonsoft.Json.Serialization.JsonSerializerProxy$$.ctor.c,C:\realDesktop\manifest-evaluations\summer-26\ghidra-pipeline\il2cpp-files\Waifu\manual-review-pack\A_must_review\097_p194_Newtonsoft.Json.Serialization.JsonSerializerProxy$$.ctor.c
98,194,A_must_review,Newtonsoft.Json.Serialization.JsonSerializerInternalWriter$$WriteTypeProperty,06860614,82,70_high_general_structure_review_high,validity_gate; data_collection; telemetry,validity_or_gating_hits_8; strong_file_logging_hits_2; telemetry_or_network_hits_2,base_scanner_score_82; module_bonus_validity_gate_8; module_bonus_data_collection_22; module_bonus_telemetry_20; evidence_bonus_telemetry_or_network_hits_12; sensitive_sink_data_collection_bonus_15; sensitive_sink_telemetry_bonus_15; keyword_support_eye_or_gaze_1_bonus_4; keyword_support_collection_or_telemetry_4_bonus_16,C:\realDesktop\manifest-evaluations\summer-26\ghidra-pipeline\il2cpp-files\Waifu\general-structure-results\70_high_general_structure_review_high\06860614_Newtonsoft.Json.Serialization.JsonSerializerInternalWriter$$WriteTypeProperty.c,C:\realDesktop\manifest-evaluations\summer-26\ghidra-pipeline\il2cpp-files\Waifu\manual-review-pack\A_must_review\098_p194_Newtonsoft.Json.Serialization.JsonSerializerInternalWriter$$WriteTypeProperty.c
99,194,A_must_review,Newtonsoft.Json.Serialization.JsonSerializerInternalWriter$$WriteReference,0685f630,82,70_high_general_structure_review_high,validity_gate; data_collection; telemetry,validity_or_gating_hits_21; strong_file_logging_hits_2; telemetry_or_network_hits_2,base_scanner_score_82; module_bonus_validity_gate_8; module_bonus_data_collection_22; module_bonus_telemetry_20; evidence_bonus_telemetry_or_network_hits_12; sensitive_sink_data_collection_bonus_15; sensitive_sink_telemetry_bonus_15; keyword_support_eye_or_gaze_1_bonus_4; keyword_support_collection_or_telemetry_4_bonus_16,C:\realDesktop\manifest-evaluations\summer-26\ghidra-pipeline\il2cpp-files\Waifu\general-structure-results\70_high_general_structure_review_high\0685f630_Newtonsoft.Json.Serialization.JsonSerializerInternalWriter$$WriteReference.c,C:\realDesktop\manifest-evaluations\summer-26\ghidra-pipeline\il2cpp-files\Waifu\manual-review-pack\A_must_review\099_p194_Newtonsoft.Json.Serialization.JsonSerializerInternalWriter$$WriteReference.c
100,194,A_must_review,Newtonsoft.Json.Serialization.JsonSerializerInternalWriter$$ShouldWriteType,068603e0,82,70_high_general_structure_review_high,validity_gate; data_collection; telemetry,validity_or_gating_hits_21; strong_file_logging_hits_2; telemetry_or_network_hits_2,base_scanner_score_82; module_bonus_validity_gate_8; module_bonus_data_collection_22; module_bonus_telemetry_20; evidence_bonus_telemetry_or_network_hits_12; sensitive_sink_data_collection_bonus_15; sensitive_sink_telemetry_bonus_15; keyword_support_eye_or_gaze_1_bonus_4; keyword_support_collection_or_telemetry_4_bonus_16,C:\realDesktop\manifest-evaluations\summer-26\ghidra-pipeline\il2cpp-files\Waifu\general-structure-results\70_high_general_structure_review_high\068603e0_Newtonsoft.Json.Serialization.JsonSerializerInternalWriter$$ShouldWriteType.c,C:\realDesktop\manifest-evaluations\summer-26\ghidra-pipeline\il2cpp-files\Waifu\manual-review-pack\A_must_review\100_p194_Newtonsoft.Json.Serialization.JsonSerializerInternalWriter$$ShouldWriteType.c
