rank,manual_priority_score,manual_tier,function_name,entry_point,scanner_score,scanner_label,modules,evidence,priority_reasons,file_path,copied_file
1,481,A_must_review,FUN_07266314,07266314,315,90_plus_uncertain_gaze_interaction_near_certain,eye_source; weak_source_state; validity_gate; pose_vector; paired_state_refs; ray_interaction; ui_interaction; telemetry; structure_combo; ordered_structure,strong_eye_source_hits_6; weak_xr_or_state_hits_10; validity_or_gating_hits_21; strong_pose_or_ray_construction_hits_7; paired_field_refs_with_eye_source; ray_or_cast_sink_hits_8; ui_or_gameplay_sink_hits_14; telemetry_or_network_hits_14; source_validity_pose_sink_structure; strong_eye_source_validity_pose_sink_structure; ordered_eye_source_validity_pose_collection_sink; ordered_eye_source_validity_pose_interaction_sink; functionality_gaze_retrieval_or_extraction; functionality_gaze_interaction_hits_20; functionality_data_collection_or_telemetry_hits_12,base_scanner_score_315; module_bonus_validity_gate_8; module_bonus_pose_vector_10; module_bonus_paired_state_refs_8; module_bonus_ray_interaction_15; module_bonus_ui_interaction_12; module_bonus_telemetry_20; module_bonus_structure_combo_18; evidence_bonus_telemetry_or_network_hits_12; sensitive_sink_telemetry_bonus_15; keyword_support_eye_or_gaze_5_bonus_20; keyword_support_sdk_4_bonus_12; keyword_support_collection_or_telemetry_4_bonus_16,C:\realDesktop\manifest-evaluations\summer-26\ghidra-pipeline\il2cpp-files\AimAssaultDemo\general-structure-results\90_plus_uncertain_gaze_interaction_near_certain\07266314_FUN_07266314.c,C:\realDesktop\manifest-evaluations\summer-26\ghidra-pipeline\il2cpp-files\AimAssaultDemo\manual-review-pack\A_must_review\001_p481_FUN_07266314.c
2,472,A_must_review,UnityEngine.XR.ARFoundation.ARMeshManager$$OnDrawGizmosSelected,072697ac,301,90_plus_framework_support_only_near_certain,eye_source; weak_source_state; validity_gate; pose_vector; paired_state_refs; ray_interaction; ui_interaction; telemetry; frame_behavior; structure_combo; ordered_structure,strong_eye_source_hits_5; weak_xr_or_state_hits_21; validity_or_gating_hits_21; strong_pose_or_ray_construction_hits_5; paired_field_refs_with_eye_source; ray_or_cast_sink_hits_18; ui_or_gameplay_sink_hits_21; telemetry_or_network_hits_10; frame_or_lifecycle_behavior; source_validity_pose_sink_structure; strong_eye_source_validity_pose_sink_structure; ordered_eye_source_validity_pose_collection_sink; ordered_eye_source_validity_pose_interaction_sink; negative_framework_support_context_without_confirmed_app_level_gaze_flow; functionality_gaze_interaction_hits_21; functionality_data_collection_or_telemetry_hits_7,base_scanner_score_301; module_bonus_validity_gate_8; module_bonus_pose_vector_10; module_bonus_paired_state_refs_8; module_bonus_ray_interaction_15; module_bonus_ui_interaction_12; module_bonus_telemetry_20; module_bonus_frame_behavior_5; module_bonus_structure_combo_18; evidence_bonus_telemetry_or_network_hits_12; sensitive_sink_telemetry_bonus_15; keyword_support_eye_or_gaze_5_bonus_20; keyword_support_sdk_4_bonus_12; keyword_support_collection_or_telemetry_4_bonus_16,C:\realDesktop\manifest-evaluations\summer-26\ghidra-pipeline\il2cpp-files\AimAssaultDemo\general-structure-results\90_plus_framework_support_only_near_certain\072697ac_UnityEngine.XR.ARFoundation.ARMeshManager$$OnDrawGizmosSelected.c,C:\realDesktop\manifest-evaluations\summer-26\ghidra-pipeline\il2cpp-files\AimAssaultDemo\manual-review-pack\A_must_review\002_p472_UnityEngine.XR.ARFoundation.ARMeshManager$$OnDrawGizmosSelected.c
3,458,A_must_review,UnityEngine.XR.ARFoundation.ARFaceMeshVisualizer$$SetMeshTopology,072663b0,300,90_plus_framework_support_only_near_certain,eye_source; weak_source_state; validity_gate; pose_vector; ray_interaction; ui_interaction; telemetry; structure_combo; ordered_structure,strong_eye_source_hits_6; weak_xr_or_state_hits_9; validity_or_gating_hits_3; strong_pose_or_ray_construction_hits_7; ray_or_cast_sink_hits_7; ui_or_gameplay_sink_hits_12; telemetry_or_network_hits_13; source_validity_pose_sink_structure; strong_eye_source_validity_pose_sink_structure; ordered_eye_source_validity_pose_collection_sink; ordered_eye_source_validity_pose_interaction_sink; functionality_gaze_retrieval_or_extraction; functionality_gaze_interaction_hits_17; functionality_data_collection_or_telemetry_hits_11,base_scanner_score_300; module_bonus_validity_gate_8; module_bonus_pose_vector_10; module_bonus_ray_interaction_15; module_bonus_ui_interaction_12; module_bonus_telemetry_20; module_bonus_structure_combo_18; evidence_bonus_telemetry_or_network_hits_12; sensitive_sink_telemetry_bonus_15; keyword_support_eye_or_gaze_5_bonus_20; keyword_support_sdk_4_bonus_12; keyword_support_collection_or_telemetry_4_bonus_16,C:\realDesktop\manifest-evaluations\summer-26\ghidra-pipeline\il2cpp-files\AimAssaultDemo\general-structure-results\90_plus_framework_support_only_near_certain\072663b0_UnityEngine.XR.ARFoundation.ARFaceMeshVisualizer$$SetMeshTopology.c,C:\realDesktop\manifest-evaluations\summer-26\ghidra-pipeline\il2cpp-files\AimAssaultDemo\manual-review-pack\A_must_review\003_p458_UnityEngine.XR.ARFoundation.ARFaceMeshVisualizer$$SetMeshTopology.c
4,443,A_must_review,UnityEngine.XR.ARFoundation.ARMeshManager$$UpdateMeshInfos,07269ddc,280,90_plus_framework_support_only_near_certain,eye_source; weak_source_state; validity_gate; pose_vector; ray_interaction; ui_interaction; telemetry; frame_behavior; structure_combo; ordered_structure,strong_eye_source_hits_5; weak_xr_or_state_hits_21; validity_or_gating_hits_1; strong_pose_or_ray_construction_hits_4; ray_or_cast_sink_hits_13; ui_or_gameplay_sink_hits_21; telemetry_or_network_hits_8; frame_or_lifecycle_behavior; source_validity_pose_sink_structure; strong_eye_source_validity_pose_sink_structure; ordered_eye_source_validity_pose_collection_sink; ordered_eye_source_validity_pose_interaction_sink; negative_framework_support_context_without_confirmed_app_level_gaze_flow; functionality_gaze_interaction_hits_21; functionality_data_collection_or_telemetry_hits_5,base_scanner_score_280; module_bonus_validity_gate_8; module_bonus_pose_vector_10; module_bonus_ray_interaction_15; module_bonus_ui_interaction_12; module_bonus_telemetry_20; module_bonus_frame_behavior_5; module_bonus_structure_combo_18; evidence_bonus_telemetry_or_network_hits_12; sensitive_sink_telemetry_bonus_15; keyword_support_eye_or_gaze_5_bonus_20; keyword_support_sdk_4_bonus_12; keyword_support_collection_or_telemetry_4_bonus_16,C:\realDesktop\manifest-evaluations\summer-26\ghidra-pipeline\il2cpp-files\AimAssaultDemo\general-structure-results\90_plus_framework_support_only_near_certain\07269ddc_UnityEngine.XR.ARFoundation.ARMeshManager$$UpdateMeshInfos.c,C:\realDesktop\manifest-evaluations\summer-26\ghidra-pipeline\il2cpp-files\AimAssaultDemo\manual-review-pack\A_must_review\004_p443_UnityEngine.XR.ARFoundation.ARMeshManager$$UpdateMeshInfos.c
5,443,A_must_review,UnityEngine.XR.ARFoundation.ARMeshManager$$Update,072698ac,280,90_plus_framework_support_only_near_certain,eye_source; weak_source_state; validity_gate; pose_vector; ray_interaction; ui_interaction; telemetry; frame_behavior; structure_combo; ordered_structure,strong_eye_source_hits_5; weak_xr_or_state_hits_21; validity_or_gating_hits_1; strong_pose_or_ray_construction_hits_5; ray_or_cast_sink_hits_16; ui_or_gameplay_sink_hits_21; telemetry_or_network_hits_9; frame_or_lifecycle_behavior; source_validity_pose_sink_structure; strong_eye_source_validity_pose_sink_structure; ordered_eye_source_validity_pose_collection_sink; ordered_eye_source_validity_pose_interaction_sink; negative_framework_support_context_without_confirmed_app_level_gaze_flow; functionality_gaze_interaction_hits_21; functionality_data_collection_or_telemetry_hits_6,base_scanner_score_280; module_bonus_validity_gate_8; module_bonus_pose_vector_10; module_bonus_ray_interaction_15; module_bonus_ui_interaction_12; module_bonus_telemetry_20; module_bonus_frame_behavior_5; module_bonus_structure_combo_18; evidence_bonus_telemetry_or_network_hits_12; sensitive_sink_telemetry_bonus_15; keyword_support_eye_or_gaze_5_bonus_20; keyword_support_sdk_4_bonus_12; keyword_support_collection_or_telemetry_4_bonus_16,C:\realDesktop\manifest-evaluations\summer-26\ghidra-pipeline\il2cpp-files\AimAssaultDemo\general-structure-results\90_plus_framework_support_only_near_certain\072698ac_UnityEngine.XR.ARFoundation.ARMeshManager$$Update.c,C:\realDesktop\manifest-evaluations\summer-26\ghidra-pipeline\il2cpp-files\AimAssaultDemo\manual-review-pack\A_must_review\005_p443_UnityEngine.XR.ARFoundation.ARMeshManager$$Update.c
6,442,A_must_review,UnityEngine.XR.ARSubsystems.XRFace$$get_leftEyePose,07293918,296,90_plus_confirmed_eye_data_collection_near_certain,eye_source; weak_source_state; validity_gate; pose_vector; ray_interaction; ui_interaction; telemetry; structure_combo; active_gaze_retrieval; active_gaze_interaction; active_gaze_collection; possible_biometrics,strong_eye_source_hits_2; weak_xr_or_state_hits_2; validity_or_gating_hits_1; strong_pose_or_ray_construction_hits_2; ray_or_cast_sink_hits_2; ui_or_gameplay_sink_hits_2; telemetry_or_network_hits_1; source_validity_pose_sink_structure; strong_eye_source_validity_pose_sink_structure; active_gaze_state_retrieval_with_validity_and_pose; active_gaze_values_flow_to_interaction_sink; active_gaze_values_flow_to_collection_or_telemetry_sink; possible_biometric_feature_from_active_eye_context; functionality_gaze_interaction_hits_3; functionality_possible_biometrics_hits_2,base_scanner_score_296; module_bonus_validity_gate_8; module_bonus_pose_vector_10; module_bonus_ray_interaction_15; module_bonus_ui_interaction_12; module_bonus_telemetry_20; module_bonus_structure_combo_18; evidence_bonus_telemetry_or_network_hits_12; sensitive_sink_telemetry_bonus_15; keyword_support_eye_or_gaze_5_bonus_20; keyword_support_collection_or_telemetry_4_bonus_16,C:\realDesktop\manifest-evaluations\summer-26\ghidra-pipeline\il2cpp-files\AimAssaultDemo\general-structure-results\90_plus_confirmed_eye_data_collection_near_certain\07293918_UnityEngine.XR.ARSubsystems.XRFace$$get_leftEyePose.c,C:\realDesktop\manifest-evaluations\summer-26\ghidra-pipeline\il2cpp-files\AimAssaultDemo\manual-review-pack\A_must_review\006_p442_UnityEngine.XR.ARSubsystems.XRFace$$get_leftEyePose.c
7,427,A_must_review,FUN_07269794,07269794,256,90_plus_uncertain_gaze_interaction_near_certain,eye_source; weak_source_state; validity_gate; pose_vector; paired_state_refs; ray_interaction; ui_interaction; telemetry; frame_behavior; structure_combo,strong_eye_source_hits_6; weak_xr_or_state_hits_21; validity_or_gating_hits_21; strong_pose_or_ray_construction_hits_5; paired_field_refs_with_eye_source; ray_or_cast_sink_hits_18; ui_or_gameplay_sink_hits_21; telemetry_or_network_hits_10; frame_or_lifecycle_behavior; source_validity_pose_sink_structure; strong_eye_source_validity_pose_sink_structure; functionality_gaze_interaction_hits_21; functionality_data_collection_or_telemetry_hits_7,base_scanner_score_256; module_bonus_validity_gate_8; module_bonus_pose_vector_10; module_bonus_paired_state_refs_8; module_bonus_ray_interaction_15; module_bonus_ui_interaction_12; module_bonus_telemetry_20; module_bonus_frame_behavior_5; module_bonus_structure_combo_18; evidence_bonus_telemetry_or_network_hits_12; sensitive_sink_telemetry_bonus_15; keyword_support_eye_or_gaze_5_bonus_20; keyword_support_sdk_4_bonus_12; keyword_support_collection_or_telemetry_4_bonus_16,C:\realDesktop\manifest-evaluations\summer-26\ghidra-pipeline\il2cpp-files\AimAssaultDemo\general-structure-results\90_plus_uncertain_gaze_interaction_near_certain\07269794_FUN_07269794.c,C:\realDesktop\manifest-evaluations\summer-26\ghidra-pipeline\il2cpp-files\AimAssaultDemo\manual-review-pack\A_must_review\007_p427_FUN_07269794.c
8,425,A_must_review,UnityEngine.XR.ARFoundation.ARCameraBackground$$SetShaderKeywords,07258e3c,262,90_plus_framework_support_only_near_certain,eye_source; weak_source_state; validity_gate; pose_vector; ray_interaction; ui_interaction; telemetry; frame_behavior; structure_combo; ordered_structure,strong_eye_source_hits_1; weak_xr_or_state_hits_14; validity_or_gating_hits_1; strong_pose_or_ray_construction_hits_5; ray_or_cast_sink_hits_21; ui_or_gameplay_sink_hits_21; telemetry_or_network_hits_13; frame_or_lifecycle_behavior; source_validity_pose_sink_structure; strong_eye_source_validity_pose_sink_structure; ordered_eye_source_validity_pose_collection_sink; ordered_eye_source_validity_pose_interaction_sink; negative_framework_support_context_without_confirmed_app_level_gaze_flow; functionality_gaze_interaction_hits_21; functionality_data_collection_or_telemetry_hits_6,base_scanner_score_262; module_bonus_validity_gate_8; module_bonus_pose_vector_10; module_bonus_ray_interaction_15; module_bonus_ui_interaction_12; module_bonus_telemetry_20; module_bonus_frame_behavior_5; module_bonus_structure_combo_18; evidence_bonus_telemetry_or_network_hits_12; sensitive_sink_telemetry_bonus_15; keyword_support_eye_or_gaze_5_bonus_20; keyword_support_sdk_4_bonus_12; keyword_support_collection_or_telemetry_4_bonus_16,C:\realDesktop\manifest-evaluations\summer-26\ghidra-pipeline\il2cpp-files\AimAssaultDemo\general-structure-results\90_plus_framework_support_only_near_certain\07258e3c_UnityEngine.XR.ARFoundation.ARCameraBackground$$SetShaderKeywords.c,C:\realDesktop\manifest-evaluations\summer-26\ghidra-pipeline\il2cpp-files\AimAssaultDemo\manual-review-pack\A_must_review\008_p425_UnityEngine.XR.ARFoundation.ARCameraBackground$$SetShaderKeywords.c
9,425,A_must_review,UnityEngine.XR.ARFoundation.ARCameraBackground$$SetCameraDepthTextureMode,07258dc8,262,90_plus_framework_support_only_near_certain,eye_source; weak_source_state; validity_gate; pose_vector; ray_interaction; ui_interaction; telemetry; frame_behavior; structure_combo; ordered_structure,strong_eye_source_hits_1; weak_xr_or_state_hits_14; validity_or_gating_hits_1; strong_pose_or_ray_construction_hits_6; ray_or_cast_sink_hits_21; ui_or_gameplay_sink_hits_21; telemetry_or_network_hits_13; frame_or_lifecycle_behavior; source_validity_pose_sink_structure; strong_eye_source_validity_pose_sink_structure; ordered_eye_source_validity_pose_collection_sink; ordered_eye_source_validity_pose_interaction_sink; negative_framework_support_context_without_confirmed_app_level_gaze_flow; functionality_gaze_interaction_hits_21; functionality_data_collection_or_telemetry_hits_6,base_scanner_score_262; module_bonus_validity_gate_8; module_bonus_pose_vector_10; module_bonus_ray_interaction_15; module_bonus_ui_interaction_12; module_bonus_telemetry_20; module_bonus_frame_behavior_5; module_bonus_structure_combo_18; evidence_bonus_telemetry_or_network_hits_12; sensitive_sink_telemetry_bonus_15; keyword_support_eye_or_gaze_5_bonus_20; keyword_support_sdk_4_bonus_12; keyword_support_collection_or_telemetry_4_bonus_16,C:\realDesktop\manifest-evaluations\summer-26\ghidra-pipeline\il2cpp-files\AimAssaultDemo\general-structure-results\90_plus_framework_support_only_near_certain\07258dc8_UnityEngine.XR.ARFoundation.ARCameraBackground$$SetCameraDepthTextureMode.c,C:\realDesktop\manifest-evaluations\summer-26\ghidra-pipeline\il2cpp-files\AimAssaultDemo\manual-review-pack\A_must_review\009_p425_UnityEngine.XR.ARFoundation.ARCameraBackground$$SetCameraDepthTextureMode.c
10,425,A_must_review,UnityEngine.XR.ARFoundation.ARCameraBackground$$OnCameraFrameReceived,072589d0,262,90_plus_framework_support_only_near_certain,eye_source; weak_source_state; validity_gate; pose_vector; ray_interaction; ui_interaction; telemetry; frame_behavior; structure_combo; ordered_structure,strong_eye_source_hits_1; weak_xr_or_state_hits_15; validity_or_gating_hits_1; strong_pose_or_ray_construction_hits_7; ray_or_cast_sink_hits_21; ui_or_gameplay_sink_hits_21; telemetry_or_network_hits_14; frame_or_lifecycle_behavior; source_validity_pose_sink_structure; strong_eye_source_validity_pose_sink_structure; ordered_eye_source_validity_pose_collection_sink; ordered_eye_source_validity_pose_interaction_sink; negative_framework_support_context_without_confirmed_app_level_gaze_flow; functionality_gaze_interaction_hits_21; functionality_data_collection_or_telemetry_hits_7,base_scanner_score_262; module_bonus_validity_gate_8; module_bonus_pose_vector_10; module_bonus_ray_interaction_15; module_bonus_ui_interaction_12; module_bonus_telemetry_20; module_bonus_frame_behavior_5; module_bonus_structure_combo_18; evidence_bonus_telemetry_or_network_hits_12; sensitive_sink_telemetry_bonus_15; keyword_support_eye_or_gaze_5_bonus_20; keyword_support_sdk_4_bonus_12; keyword_support_collection_or_telemetry_4_bonus_16,C:\realDesktop\manifest-evaluations\summer-26\ghidra-pipeline\il2cpp-files\AimAssaultDemo\general-structure-results\90_plus_framework_support_only_near_certain\072589d0_UnityEngine.XR.ARFoundation.ARCameraBackground$$OnCameraFrameReceived.c,C:\realDesktop\manifest-evaluations\summer-26\ghidra-pipeline\il2cpp-files\AimAssaultDemo\manual-review-pack\A_must_review\010_p425_UnityEngine.XR.ARFoundation.ARCameraBackground$$OnCameraFrameReceived.c
11,422,A_must_review,UnityEngine.XR.ARFoundation.ARMeshManager$$GetTrackableId,0726a724,264,90_plus_framework_support_only_near_certain,eye_source; weak_source_state; validity_gate; pose_vector; ray_interaction; ui_interaction; telemetry; structure_combo; ordered_structure,strong_eye_source_hits_3; weak_xr_or_state_hits_13; validity_or_gating_hits_1; strong_pose_or_ray_construction_hits_3; ray_or_cast_sink_hits_7; ui_or_gameplay_sink_hits_11; telemetry_or_network_hits_3; source_validity_pose_sink_structure; strong_eye_source_validity_pose_sink_structure; ordered_eye_source_validity_pose_collection_sink; ordered_eye_source_validity_pose_interaction_sink; negative_framework_support_context_without_confirmed_app_level_gaze_flow; functionality_gaze_interaction_hits_15; functionality_data_collection_or_telemetry_hits_2,base_scanner_score_264; module_bonus_validity_gate_8; module_bonus_pose_vector_10; module_bonus_ray_interaction_15; module_bonus_ui_interaction_12; module_bonus_telemetry_20; module_bonus_structure_combo_18; evidence_bonus_telemetry_or_network_hits_12; sensitive_sink_telemetry_bonus_15; keyword_support_eye_or_gaze_5_bonus_20; keyword_support_sdk_4_bonus_12; keyword_support_collection_or_telemetry_4_bonus_16,C:\realDesktop\manifest-evaluations\summer-26\ghidra-pipeline\il2cpp-files\AimAssaultDemo\general-structure-results\90_plus_framework_support_only_near_certain\0726a724_UnityEngine.XR.ARFoundation.ARMeshManager$$GetTrackableId.c,C:\realDesktop\manifest-evaluations\summer-26\ghidra-pipeline\il2cpp-files\AimAssaultDemo\manual-review-pack\A_must_review\011_p422_UnityEngine.XR.ARFoundation.ARMeshManager$$GetTrackableId.c
12,422,A_must_review,UnityEngine.XR.ARFoundation.ARMeshManager$$GetOrCreateMeshFilter,0726a728,264,90_plus_framework_support_only_near_certain,eye_source; weak_source_state; validity_gate; pose_vector; ray_interaction; ui_interaction; telemetry; structure_combo; ordered_structure,strong_eye_source_hits_3; weak_xr_or_state_hits_13; validity_or_gating_hits_1; strong_pose_or_ray_construction_hits_3; ray_or_cast_sink_hits_7; ui_or_gameplay_sink_hits_11; telemetry_or_network_hits_3; source_validity_pose_sink_structure; strong_eye_source_validity_pose_sink_structure; ordered_eye_source_validity_pose_collection_sink; ordered_eye_source_validity_pose_interaction_sink; negative_framework_support_context_without_confirmed_app_level_gaze_flow; functionality_gaze_interaction_hits_15; functionality_data_collection_or_telemetry_hits_2,base_scanner_score_264; module_bonus_validity_gate_8; module_bonus_pose_vector_10; module_bonus_ray_interaction_15; module_bonus_ui_interaction_12; module_bonus_telemetry_20; module_bonus_structure_combo_18; evidence_bonus_telemetry_or_network_hits_12; sensitive_sink_telemetry_bonus_15; keyword_support_eye_or_gaze_5_bonus_20; keyword_support_sdk_4_bonus_12; keyword_support_collection_or_telemetry_4_bonus_16,C:\realDesktop\manifest-evaluations\summer-26\ghidra-pipeline\il2cpp-files\AimAssaultDemo\general-structure-results\90_plus_framework_support_only_near_certain\0726a728_UnityEngine.XR.ARFoundation.ARMeshManager$$GetOrCreateMeshFilter.c,C:\realDesktop\manifest-evaluations\summer-26\ghidra-pipeline\il2cpp-files\AimAssaultDemo\manual-review-pack\A_must_review\012_p422_UnityEngine.XR.ARFoundation.ARMeshManager$$GetOrCreateMeshFilter.c
13,422,A_must_review,UnityEngine.XR.ARFoundation.ARMeshManager$$Generate,0726a4f8,264,90_plus_framework_support_only_near_certain,eye_source; weak_source_state; validity_gate; pose_vector; ray_interaction; ui_interaction; telemetry; structure_combo; ordered_structure,strong_eye_source_hits_3; weak_xr_or_state_hits_13; validity_or_gating_hits_1; strong_pose_or_ray_construction_hits_3; ray_or_cast_sink_hits_7; ui_or_gameplay_sink_hits_12; telemetry_or_network_hits_3; source_validity_pose_sink_structure; strong_eye_source_validity_pose_sink_structure; ordered_eye_source_validity_pose_collection_sink; ordered_eye_source_validity_pose_interaction_sink; negative_framework_support_context_without_confirmed_app_level_gaze_flow; functionality_gaze_interaction_hits_16; functionality_data_collection_or_telemetry_hits_2,base_scanner_score_264; module_bonus_validity_gate_8; module_bonus_pose_vector_10; module_bonus_ray_interaction_15; module_bonus_ui_interaction_12; module_bonus_telemetry_20; module_bonus_structure_combo_18; evidence_bonus_telemetry_or_network_hits_12; sensitive_sink_telemetry_bonus_15; keyword_support_eye_or_gaze_5_bonus_20; keyword_support_sdk_4_bonus_12; keyword_support_collection_or_telemetry_4_bonus_16,C:\realDesktop\manifest-evaluations\summer-26\ghidra-pipeline\il2cpp-files\AimAssaultDemo\general-structure-results\90_plus_framework_support_only_near_certain\0726a4f8_UnityEngine.XR.ARFoundation.ARMeshManager$$Generate.c,C:\realDesktop\manifest-evaluations\summer-26\ghidra-pipeline\il2cpp-files\AimAssaultDemo\manual-review-pack\A_must_review\013_p422_UnityEngine.XR.ARFoundation.ARMeshManager$$Generate.c
14,416,A_must_review,UnityEngine.XR.ARFoundation.ARCameraBackground$$OnOcclusionFrameReceived,07259334,262,90_plus_framework_support_only_near_certain,eye_source; weak_source_state; validity_gate; pose_vector; ray_interaction; ui_interaction; telemetry; frame_behavior; structure_combo; ordered_structure,strong_eye_source_hits_1; weak_xr_or_state_hits_7; validity_or_gating_hits_1; strong_pose_or_ray_construction_hits_5; ray_or_cast_sink_hits_19; ui_or_gameplay_sink_hits_21; telemetry_or_network_hits_7; frame_or_lifecycle_behavior; source_validity_pose_sink_structure; strong_eye_source_validity_pose_sink_structure; ordered_eye_source_validity_pose_collection_sink; ordered_eye_source_validity_pose_interaction_sink; negative_framework_support_context_without_confirmed_app_level_gaze_flow; functionality_gaze_interaction_hits_21; functionality_data_collection_or_telemetry_hits_4,base_scanner_score_262; module_bonus_validity_gate_8; module_bonus_pose_vector_10; module_bonus_ray_interaction_15; module_bonus_ui_interaction_12; module_bonus_telemetry_20; module_bonus_frame_behavior_5; module_bonus_structure_combo_18; evidence_bonus_telemetry_or_network_hits_12; sensitive_sink_telemetry_bonus_15; keyword_support_eye_or_gaze_5_bonus_20; keyword_support_sdk_1_bonus_3; keyword_support_collection_or_telemetry_4_bonus_16,C:\realDesktop\manifest-evaluations\summer-26\ghidra-pipeline\il2cpp-files\AimAssaultDemo\general-structure-results\90_plus_framework_support_only_near_certain\07259334_UnityEngine.XR.ARFoundation.ARCameraBackground$$OnOcclusionFrameReceived.c,C:\realDesktop\manifest-evaluations\summer-26\ghidra-pipeline\il2cpp-files\AimAssaultDemo\manual-review-pack\A_must_review\014_p416_UnityEngine.XR.ARFoundation.ARCameraBackground$$OnOcclusionFrameReceived.c
15,416,A_must_review,UnityEngine.XR.ARFoundation.ARCameraBackground$$.ctor,0725957c,262,90_plus_framework_support_only_near_certain,eye_source; weak_source_state; validity_gate; pose_vector; ray_interaction; ui_interaction; telemetry; frame_behavior; structure_combo; ordered_structure,strong_eye_source_hits_1; weak_xr_or_state_hits_4; validity_or_gating_hits_1; strong_pose_or_ray_construction_hits_4; ray_or_cast_sink_hits_14; ui_or_gameplay_sink_hits_19; telemetry_or_network_hits_6; frame_or_lifecycle_behavior; source_validity_pose_sink_structure; strong_eye_source_validity_pose_sink_structure; ordered_eye_source_validity_pose_collection_sink; ordered_eye_source_validity_pose_interaction_sink; negative_framework_support_context_without_confirmed_app_level_gaze_flow; functionality_gaze_interaction_hits_21; functionality_data_collection_or_telemetry_hits_3,base_scanner_score_262; module_bonus_validity_gate_8; module_bonus_pose_vector_10; module_bonus_ray_interaction_15; module_bonus_ui_interaction_12; module_bonus_telemetry_20; module_bonus_frame_behavior_5; module_bonus_structure_combo_18; evidence_bonus_telemetry_or_network_hits_12; sensitive_sink_telemetry_bonus_15; keyword_support_eye_or_gaze_5_bonus_20; keyword_support_sdk_1_bonus_3; keyword_support_collection_or_telemetry_4_bonus_16,C:\realDesktop\manifest-evaluations\summer-26\ghidra-pipeline\il2cpp-files\AimAssaultDemo\general-structure-results\90_plus_framework_support_only_near_certain\0725957c_UnityEngine.XR.ARFoundation.ARCameraBackground$$.ctor.c,C:\realDesktop\manifest-evaluations\summer-26\ghidra-pipeline\il2cpp-files\AimAssaultDemo\manual-review-pack\A_must_review\015_p416_UnityEngine.XR.ARFoundation.ARCameraBackground$$.ctor.c
16,416,A_must_review,UnityEngine.XR.ARFoundation.ARCameraBackground$$.cctor,07259584,262,90_plus_framework_support_only_near_certain,eye_source; weak_source_state; validity_gate; pose_vector; ray_interaction; ui_interaction; telemetry; frame_behavior; structure_combo; ordered_structure,strong_eye_source_hits_1; weak_xr_or_state_hits_4; validity_or_gating_hits_1; strong_pose_or_ray_construction_hits_4; ray_or_cast_sink_hits_14; ui_or_gameplay_sink_hits_19; telemetry_or_network_hits_6; frame_or_lifecycle_behavior; source_validity_pose_sink_structure; strong_eye_source_validity_pose_sink_structure; ordered_eye_source_validity_pose_collection_sink; ordered_eye_source_validity_pose_interaction_sink; negative_framework_support_context_without_confirmed_app_level_gaze_flow; functionality_gaze_interaction_hits_21; functionality_data_collection_or_telemetry_hits_3,base_scanner_score_262; module_bonus_validity_gate_8; module_bonus_pose_vector_10; module_bonus_ray_interaction_15; module_bonus_ui_interaction_12; module_bonus_telemetry_20; module_bonus_frame_behavior_5; module_bonus_structure_combo_18; evidence_bonus_telemetry_or_network_hits_12; sensitive_sink_telemetry_bonus_15; keyword_support_eye_or_gaze_5_bonus_20; keyword_support_sdk_1_bonus_3; keyword_support_collection_or_telemetry_4_bonus_16,C:\realDesktop\manifest-evaluations\summer-26\ghidra-pipeline\il2cpp-files\AimAssaultDemo\general-structure-results\90_plus_framework_support_only_near_certain\07259584_UnityEngine.XR.ARFoundation.ARCameraBackground$$.cctor.c,C:\realDesktop\manifest-evaluations\summer-26\ghidra-pipeline\il2cpp-files\AimAssaultDemo\manual-review-pack\A_must_review\016_p416_UnityEngine.XR.ARFoundation.ARCameraBackground$$.cctor.c
17,415,A_must_review,FUN_072586ec,072586ec,244,90_plus_uncertain_gaze_interaction_near_certain,eye_source; weak_source_state; validity_gate; pose_vector; paired_state_refs; ray_interaction; ui_interaction; telemetry; frame_behavior; structure_combo,strong_eye_source_hits_2; weak_xr_or_state_hits_17; validity_or_gating_hits_21; strong_pose_or_ray_construction_hits_7; paired_field_refs_with_eye_source; ray_or_cast_sink_hits_21; ui_or_gameplay_sink_hits_21; telemetry_or_network_hits_16; frame_or_lifecycle_behavior; source_validity_pose_sink_structure; strong_eye_source_validity_pose_sink_structure; functionality_gaze_interaction_hits_21; functionality_data_collection_or_telemetry_hits_8,base_scanner_score_244; module_bonus_validity_gate_8; module_bonus_pose_vector_10; module_bonus_paired_state_refs_8; module_bonus_ray_interaction_15; module_bonus_ui_interaction_12; module_bonus_telemetry_20; module_bonus_frame_behavior_5; module_bonus_structure_combo_18; evidence_bonus_telemetry_or_network_hits_12; sensitive_sink_telemetry_bonus_15; keyword_support_eye_or_gaze_5_bonus_20; keyword_support_sdk_4_bonus_12; keyword_support_collection_or_telemetry_4_bonus_16,C:\realDesktop\manifest-evaluations\summer-26\ghidra-pipeline\il2cpp-files\AimAssaultDemo\general-structure-results\90_plus_uncertain_gaze_interaction_near_certain\072586ec_FUN_072586ec.c,C:\realDesktop\manifest-evaluations\summer-26\ghidra-pipeline\il2cpp-files\AimAssaultDemo\manual-review-pack\A_must_review\017_p415_FUN_072586ec.c
18,414,A_must_review,thunk_FUN_071fa2fc,071fa2f8,289,90_plus_confirmed_eye_data_collection_near_certain,eye_source; weak_source_state; validity_gate; pose_vector; telemetry; structure_combo; ordered_structure; active_gaze_retrieval; active_gaze_collection; possible_biometrics,strong_eye_source_hits_2; weak_xr_or_state_hits_6; validity_or_gating_hits_5; strong_pose_or_ray_construction_hits_2; telemetry_or_network_hits_2; source_validity_pose_sink_structure; strong_eye_source_validity_pose_sink_structure; ordered_eye_source_validity_pose_collection_sink; active_gaze_state_retrieval_with_validity_and_pose; active_gaze_values_flow_to_collection_or_telemetry_sink; possible_biometric_feature_from_active_eye_context; functionality_permission_setup; functionality_data_collection_or_telemetry_hits_2; functionality_possible_biometrics_hits_4,base_scanner_score_289; module_bonus_validity_gate_8; module_bonus_pose_vector_10; module_bonus_telemetry_20; module_bonus_structure_combo_18; evidence_bonus_telemetry_or_network_hits_12; sensitive_sink_telemetry_bonus_15; keyword_support_eye_or_gaze_5_bonus_20; keyword_support_sdk_2_bonus_6; keyword_support_collection_or_telemetry_4_bonus_16,C:\realDesktop\manifest-evaluations\summer-26\ghidra-pipeline\il2cpp-files\AimAssaultDemo\general-structure-results\90_plus_confirmed_eye_data_collection_near_certain\071fa2f8_thunk_FUN_071fa2fc.c,C:\realDesktop\manifest-evaluations\summer-26\ghidra-pipeline\il2cpp-files\AimAssaultDemo\manual-review-pack\A_must_review\018_p414_thunk_FUN_071fa2fc.c
19,414,A_must_review,thunk_FUN_071fa2fc,071fa408,289,90_plus_confirmed_eye_data_collection_near_certain,eye_source; weak_source_state; validity_gate; pose_vector; telemetry; structure_combo; ordered_structure; active_gaze_retrieval; active_gaze_collection; possible_biometrics,strong_eye_source_hits_2; weak_xr_or_state_hits_6; validity_or_gating_hits_5; strong_pose_or_ray_construction_hits_2; telemetry_or_network_hits_2; source_validity_pose_sink_structure; strong_eye_source_validity_pose_sink_structure; ordered_eye_source_validity_pose_collection_sink; active_gaze_state_retrieval_with_validity_and_pose; active_gaze_values_flow_to_collection_or_telemetry_sink; possible_biometric_feature_from_active_eye_context; functionality_permission_setup; functionality_data_collection_or_telemetry_hits_2; functionality_possible_biometrics_hits_4,base_scanner_score_289; module_bonus_validity_gate_8; module_bonus_pose_vector_10; module_bonus_telemetry_20; module_bonus_structure_combo_18; evidence_bonus_telemetry_or_network_hits_12; sensitive_sink_telemetry_bonus_15; keyword_support_eye_or_gaze_5_bonus_20; keyword_support_sdk_2_bonus_6; keyword_support_collection_or_telemetry_4_bonus_16,C:\realDesktop\manifest-evaluations\summer-26\ghidra-pipeline\il2cpp-files\AimAssaultDemo\general-structure-results\90_plus_confirmed_eye_data_collection_near_certain\071fa408_thunk_FUN_071fa2fc.c,C:\realDesktop\manifest-evaluations\summer-26\ghidra-pipeline\il2cpp-files\AimAssaultDemo\manual-review-pack\A_must_review\019_p414_thunk_FUN_071fa2fc.c
20,414,A_must_review,Unity.VisualScripting.FlowGraphData$$.ctor,071fa304,289,90_plus_confirmed_eye_data_collection_near_certain,eye_source; weak_source_state; validity_gate; pose_vector; telemetry; structure_combo; ordered_structure; active_gaze_retrieval; active_gaze_collection; possible_biometrics,strong_eye_source_hits_2; weak_xr_or_state_hits_6; validity_or_gating_hits_5; strong_pose_or_ray_construction_hits_2; telemetry_or_network_hits_2; source_validity_pose_sink_structure; strong_eye_source_validity_pose_sink_structure; ordered_eye_source_validity_pose_collection_sink; active_gaze_state_retrieval_with_validity_and_pose; active_gaze_values_flow_to_collection_or_telemetry_sink; possible_biometric_feature_from_active_eye_context; functionality_permission_setup; functionality_data_collection_or_telemetry_hits_2; functionality_possible_biometrics_hits_4,base_scanner_score_289; module_bonus_validity_gate_8; module_bonus_pose_vector_10; module_bonus_telemetry_20; module_bonus_structure_combo_18; evidence_bonus_telemetry_or_network_hits_12; sensitive_sink_telemetry_bonus_15; keyword_support_eye_or_gaze_5_bonus_20; keyword_support_sdk_2_bonus_6; keyword_support_collection_or_telemetry_4_bonus_16,C:\realDesktop\manifest-evaluations\summer-26\ghidra-pipeline\il2cpp-files\AimAssaultDemo\general-structure-results\90_plus_confirmed_eye_data_collection_near_certain\071fa304_Unity.VisualScripting.FlowGraphData$$.ctor.c,C:\realDesktop\manifest-evaluations\summer-26\ghidra-pipeline\il2cpp-files\AimAssaultDemo\manual-review-pack\A_must_review\020_p414_Unity.VisualScripting.FlowGraphData$$.ctor.c
21,414,A_must_review,FUN_071fa2fc,071fa2fc,289,90_plus_confirmed_eye_data_collection_near_certain,eye_source; weak_source_state; validity_gate; pose_vector; telemetry; structure_combo; ordered_structure; active_gaze_retrieval; active_gaze_collection; possible_biometrics,strong_eye_source_hits_2; weak_xr_or_state_hits_6; validity_or_gating_hits_5; strong_pose_or_ray_construction_hits_2; telemetry_or_network_hits_2; source_validity_pose_sink_structure; strong_eye_source_validity_pose_sink_structure; ordered_eye_source_validity_pose_collection_sink; active_gaze_state_retrieval_with_validity_and_pose; active_gaze_values_flow_to_collection_or_telemetry_sink; possible_biometric_feature_from_active_eye_context; functionality_permission_setup; functionality_data_collection_or_telemetry_hits_2; functionality_possible_biometrics_hits_4,base_scanner_score_289; module_bonus_validity_gate_8; module_bonus_pose_vector_10; module_bonus_telemetry_20; module_bonus_structure_combo_18; evidence_bonus_telemetry_or_network_hits_12; sensitive_sink_telemetry_bonus_15; keyword_support_eye_or_gaze_5_bonus_20; keyword_support_sdk_2_bonus_6; keyword_support_collection_or_telemetry_4_bonus_16,C:\realDesktop\manifest-evaluations\summer-26\ghidra-pipeline\il2cpp-files\AimAssaultDemo\general-structure-results\90_plus_confirmed_eye_data_collection_near_certain\071fa2fc_FUN_071fa2fc.c,C:\realDesktop\manifest-evaluations\summer-26\ghidra-pipeline\il2cpp-files\AimAssaultDemo\manual-review-pack\A_must_review\021_p414_FUN_071fa2fc.c
22,392,A_must_review,UnityEngine.XR.ARFoundation.ARFaceMeshVisualizer$$UpdateVisibility,07266cd4,229,90_plus_framework_support_only_near_certain,eye_source; weak_source_state; validity_gate; pose_vector; ray_interaction; ui_interaction; telemetry; frame_behavior; structure_combo,strong_eye_source_hits_3; weak_xr_or_state_hits_4; validity_or_gating_hits_1; strong_pose_or_ray_construction_hits_4; ray_or_cast_sink_hits_3; ui_or_gameplay_sink_hits_5; telemetry_or_network_hits_6; frame_or_lifecycle_behavior; source_validity_pose_sink_structure; strong_eye_source_validity_pose_sink_structure; functionality_gaze_retrieval_or_extraction; functionality_gaze_interaction_hits_7; functionality_data_collection_or_telemetry_hits_5,base_scanner_score_229; module_bonus_validity_gate_8; module_bonus_pose_vector_10; module_bonus_ray_interaction_15; module_bonus_ui_interaction_12; module_bonus_telemetry_20; module_bonus_frame_behavior_5; module_bonus_structure_combo_18; evidence_bonus_telemetry_or_network_hits_12; sensitive_sink_telemetry_bonus_15; keyword_support_eye_or_gaze_5_bonus_20; keyword_support_sdk_4_bonus_12; keyword_support_collection_or_telemetry_4_bonus_16,C:\realDesktop\manifest-evaluations\summer-26\ghidra-pipeline\il2cpp-files\AimAssaultDemo\general-structure-results\90_plus_framework_support_only_near_certain\07266cd4_UnityEngine.XR.ARFoundation.ARFaceMeshVisualizer$$UpdateVisibility.c,C:\realDesktop\manifest-evaluations\summer-26\ghidra-pipeline\il2cpp-files\AimAssaultDemo\manual-review-pack\A_must_review\022_p392_UnityEngine.XR.ARFoundation.ARFaceMeshVisualizer$$UpdateVisibility.c
23,392,A_must_review,UnityEngine.XR.ARFoundation.ARFaceMeshVisualizer$$OnUpdated,07266d5c,229,90_plus_framework_support_only_near_certain,eye_source; weak_source_state; validity_gate; pose_vector; ray_interaction; ui_interaction; telemetry; frame_behavior; structure_combo,strong_eye_source_hits_3; weak_xr_or_state_hits_4; validity_or_gating_hits_1; strong_pose_or_ray_construction_hits_4; ray_or_cast_sink_hits_3; ui_or_gameplay_sink_hits_5; telemetry_or_network_hits_6; frame_or_lifecycle_behavior; source_validity_pose_sink_structure; strong_eye_source_validity_pose_sink_structure; functionality_gaze_retrieval_or_extraction; functionality_gaze_interaction_hits_7; functionality_data_collection_or_telemetry_hits_5,base_scanner_score_229; module_bonus_validity_gate_8; module_bonus_pose_vector_10; module_bonus_ray_interaction_15; module_bonus_ui_interaction_12; module_bonus_telemetry_20; module_bonus_frame_behavior_5; module_bonus_structure_combo_18; evidence_bonus_telemetry_or_network_hits_12; sensitive_sink_telemetry_bonus_15; keyword_support_eye_or_gaze_5_bonus_20; keyword_support_sdk_4_bonus_12; keyword_support_collection_or_telemetry_4_bonus_16,C:\realDesktop\manifest-evaluations\summer-26\ghidra-pipeline\il2cpp-files\AimAssaultDemo\general-structure-results\90_plus_framework_support_only_near_certain\07266d5c_UnityEngine.XR.ARFoundation.ARFaceMeshVisualizer$$OnUpdated.c,C:\realDesktop\manifest-evaluations\summer-26\ghidra-pipeline\il2cpp-files\AimAssaultDemo\manual-review-pack\A_must_review\023_p392_UnityEngine.XR.ARFoundation.ARFaceMeshVisualizer$$OnUpdated.c
24,388,A_must_review,UnityEngine.XR.ARFoundation.ARFaceUpdatedEventArgs$$set_face,07267020,225,90_plus_framework_support_only_near_certain,eye_source; weak_source_state; validity_gate; pose_vector; ray_interaction; ui_interaction; telemetry; frame_behavior; structure_combo,strong_eye_source_hits_3; weak_xr_or_state_hits_4; validity_or_gating_hits_1; strong_pose_or_ray_construction_hits_3; ray_or_cast_sink_hits_3; ui_or_gameplay_sink_hits_5; telemetry_or_network_hits_6; frame_or_lifecycle_behavior; source_validity_pose_sink_structure; strong_eye_source_validity_pose_sink_structure; functionality_gaze_retrieval_or_extraction; functionality_gaze_interaction_hits_7; functionality_data_collection_or_telemetry_hits_5,base_scanner_score_225; module_bonus_validity_gate_8; module_bonus_pose_vector_10; module_bonus_ray_interaction_15; module_bonus_ui_interaction_12; module_bonus_telemetry_20; module_bonus_frame_behavior_5; module_bonus_structure_combo_18; evidence_bonus_telemetry_or_network_hits_12; sensitive_sink_telemetry_bonus_15; keyword_support_eye_or_gaze_5_bonus_20; keyword_support_sdk_4_bonus_12; keyword_support_collection_or_telemetry_4_bonus_16,C:\realDesktop\manifest-evaluations\summer-26\ghidra-pipeline\il2cpp-files\AimAssaultDemo\general-structure-results\90_plus_framework_support_only_near_certain\07267020_UnityEngine.XR.ARFoundation.ARFaceUpdatedEventArgs$$set_face.c,C:\realDesktop\manifest-evaluations\summer-26\ghidra-pipeline\il2cpp-files\AimAssaultDemo\manual-review-pack\A_must_review\024_p388_UnityEngine.XR.ARFoundation.ARFaceUpdatedEventArgs$$set_face.c
25,388,A_must_review,UnityEngine.XR.ARFoundation.ARFaceUpdatedEventArgs$$op_Inequality,07267134,225,90_plus_framework_support_only_near_certain,eye_source; weak_source_state; validity_gate; pose_vector; ray_interaction; ui_interaction; telemetry; frame_behavior; structure_combo,strong_eye_source_hits_3; weak_xr_or_state_hits_4; validity_or_gating_hits_1; strong_pose_or_ray_construction_hits_3; ray_or_cast_sink_hits_3; ui_or_gameplay_sink_hits_5; telemetry_or_network_hits_5; frame_or_lifecycle_behavior; source_validity_pose_sink_structure; strong_eye_source_validity_pose_sink_structure; functionality_gaze_retrieval_or_extraction; functionality_gaze_interaction_hits_7; functionality_data_collection_or_telemetry_hits_4,base_scanner_score_225; module_bonus_validity_gate_8; module_bonus_pose_vector_10; module_bonus_ray_interaction_15; module_bonus_ui_interaction_12; module_bonus_telemetry_20; module_bonus_frame_behavior_5; module_bonus_structure_combo_18; evidence_bonus_telemetry_or_network_hits_12; sensitive_sink_telemetry_bonus_15; keyword_support_eye_or_gaze_5_bonus_20; keyword_support_sdk_4_bonus_12; keyword_support_collection_or_telemetry_4_bonus_16,C:\realDesktop\manifest-evaluations\summer-26\ghidra-pipeline\il2cpp-files\AimAssaultDemo\general-structure-results\90_plus_framework_support_only_near_certain\07267134_UnityEngine.XR.ARFoundation.ARFaceUpdatedEventArgs$$op_Inequality.c,C:\realDesktop\manifest-evaluations\summer-26\ghidra-pipeline\il2cpp-files\AimAssaultDemo\manual-review-pack\A_must_review\025_p388_UnityEngine.XR.ARFoundation.ARFaceUpdatedEventArgs$$op_Inequality.c
26,388,A_must_review,UnityEngine.XR.ARFoundation.ARFaceUpdatedEventArgs$$op_Equality,07267118,225,90_plus_framework_support_only_near_certain,eye_source; weak_source_state; validity_gate; pose_vector; ray_interaction; ui_interaction; telemetry; frame_behavior; structure_combo,strong_eye_source_hits_3; weak_xr_or_state_hits_4; validity_or_gating_hits_1; strong_pose_or_ray_construction_hits_3; ray_or_cast_sink_hits_3; ui_or_gameplay_sink_hits_5; telemetry_or_network_hits_5; frame_or_lifecycle_behavior; source_validity_pose_sink_structure; strong_eye_source_validity_pose_sink_structure; functionality_gaze_retrieval_or_extraction; functionality_gaze_interaction_hits_7; functionality_data_collection_or_telemetry_hits_4,base_scanner_score_225; module_bonus_validity_gate_8; module_bonus_pose_vector_10; module_bonus_ray_interaction_15; module_bonus_ui_interaction_12; module_bonus_telemetry_20; module_bonus_frame_behavior_5; module_bonus_structure_combo_18; evidence_bonus_telemetry_or_network_hits_12; sensitive_sink_telemetry_bonus_15; keyword_support_eye_or_gaze_5_bonus_20; keyword_support_sdk_4_bonus_12; keyword_support_collection_or_telemetry_4_bonus_16,C:\realDesktop\manifest-evaluations\summer-26\ghidra-pipeline\il2cpp-files\AimAssaultDemo\general-structure-results\90_plus_framework_support_only_near_certain\07267118_UnityEngine.XR.ARFoundation.ARFaceUpdatedEventArgs$$op_Equality.c,C:\realDesktop\manifest-evaluations\summer-26\ghidra-pipeline\il2cpp-files\AimAssaultDemo\manual-review-pack\A_must_review\026_p388_UnityEngine.XR.ARFoundation.ARFaceUpdatedEventArgs$$op_Equality.c
27,388,A_must_review,UnityEngine.XR.ARFoundation.ARFaceUpdatedEventArgs$$get_face,07267018,225,90_plus_framework_support_only_near_certain,eye_source; weak_source_state; validity_gate; pose_vector; ray_interaction; ui_interaction; telemetry; frame_behavior; structure_combo,strong_eye_source_hits_3; weak_xr_or_state_hits_4; validity_or_gating_hits_1; strong_pose_or_ray_construction_hits_3; ray_or_cast_sink_hits_3; ui_or_gameplay_sink_hits_5; telemetry_or_network_hits_6; frame_or_lifecycle_behavior; source_validity_pose_sink_structure; strong_eye_source_validity_pose_sink_structure; functionality_gaze_retrieval_or_extraction; functionality_gaze_interaction_hits_7; functionality_data_collection_or_telemetry_hits_5,base_scanner_score_225; module_bonus_validity_gate_8; module_bonus_pose_vector_10; module_bonus_ray_interaction_15; module_bonus_ui_interaction_12; module_bonus_telemetry_20; module_bonus_frame_behavior_5; module_bonus_structure_combo_18; evidence_bonus_telemetry_or_network_hits_12; sensitive_sink_telemetry_bonus_15; keyword_support_eye_or_gaze_5_bonus_20; keyword_support_sdk_4_bonus_12; keyword_support_collection_or_telemetry_4_bonus_16,C:\realDesktop\manifest-evaluations\summer-26\ghidra-pipeline\il2cpp-files\AimAssaultDemo\general-structure-results\90_plus_framework_support_only_near_certain\07267018_UnityEngine.XR.ARFoundation.ARFaceUpdatedEventArgs$$get_face.c,C:\realDesktop\manifest-evaluations\summer-26\ghidra-pipeline\il2cpp-files\AimAssaultDemo\manual-review-pack\A_must_review\027_p388_UnityEngine.XR.ARFoundation.ARFaceUpdatedEventArgs$$get_face.c
28,388,A_must_review,UnityEngine.XR.ARFoundation.ARFaceUpdatedEventArgs$$GetHashCode,07267028,225,90_plus_framework_support_only_near_certain,eye_source; weak_source_state; validity_gate; pose_vector; ray_interaction; ui_interaction; telemetry; frame_behavior; structure_combo,strong_eye_source_hits_3; weak_xr_or_state_hits_4; validity_or_gating_hits_1; strong_pose_or_ray_construction_hits_3; ray_or_cast_sink_hits_3; ui_or_gameplay_sink_hits_5; telemetry_or_network_hits_6; frame_or_lifecycle_behavior; source_validity_pose_sink_structure; strong_eye_source_validity_pose_sink_structure; functionality_gaze_retrieval_or_extraction; functionality_gaze_interaction_hits_7; functionality_data_collection_or_telemetry_hits_5,base_scanner_score_225; module_bonus_validity_gate_8; module_bonus_pose_vector_10; module_bonus_ray_interaction_15; module_bonus_ui_interaction_12; module_bonus_telemetry_20; module_bonus_frame_behavior_5; module_bonus_structure_combo_18; evidence_bonus_telemetry_or_network_hits_12; sensitive_sink_telemetry_bonus_15; keyword_support_eye_or_gaze_5_bonus_20; keyword_support_sdk_4_bonus_12; keyword_support_collection_or_telemetry_4_bonus_16,C:\realDesktop\manifest-evaluations\summer-26\ghidra-pipeline\il2cpp-files\AimAssaultDemo\general-structure-results\90_plus_framework_support_only_near_certain\07267028_UnityEngine.XR.ARFoundation.ARFaceUpdatedEventArgs$$GetHashCode.c,C:\realDesktop\manifest-evaluations\summer-26\ghidra-pipeline\il2cpp-files\AimAssaultDemo\manual-review-pack\A_must_review\028_p388_UnityEngine.XR.ARFoundation.ARFaceUpdatedEventArgs$$GetHashCode.c
29,388,A_must_review,UnityEngine.XR.ARFoundation.ARFaceUpdatedEventArgs$$Equals,07267034,225,90_plus_framework_support_only_near_certain,eye_source; weak_source_state; validity_gate; pose_vector; ray_interaction; ui_interaction; telemetry; frame_behavior; structure_combo,strong_eye_source_hits_3; weak_xr_or_state_hits_4; validity_or_gating_hits_1; strong_pose_or_ray_construction_hits_3; ray_or_cast_sink_hits_3; ui_or_gameplay_sink_hits_5; telemetry_or_network_hits_6; frame_or_lifecycle_behavior; source_validity_pose_sink_structure; strong_eye_source_validity_pose_sink_structure; functionality_gaze_retrieval_or_extraction; functionality_gaze_interaction_hits_7; functionality_data_collection_or_telemetry_hits_5,base_scanner_score_225; module_bonus_validity_gate_8; module_bonus_pose_vector_10; module_bonus_ray_interaction_15; module_bonus_ui_interaction_12; module_bonus_telemetry_20; module_bonus_frame_behavior_5; module_bonus_structure_combo_18; evidence_bonus_telemetry_or_network_hits_12; sensitive_sink_telemetry_bonus_15; keyword_support_eye_or_gaze_5_bonus_20; keyword_support_sdk_4_bonus_12; keyword_support_collection_or_telemetry_4_bonus_16,C:\realDesktop\manifest-evaluations\summer-26\ghidra-pipeline\il2cpp-files\AimAssaultDemo\general-structure-results\90_plus_framework_support_only_near_certain\07267034_UnityEngine.XR.ARFoundation.ARFaceUpdatedEventArgs$$Equals.c,C:\realDesktop\manifest-evaluations\summer-26\ghidra-pipeline\il2cpp-files\AimAssaultDemo\manual-review-pack\A_must_review\029_p388_UnityEngine.XR.ARFoundation.ARFaceUpdatedEventArgs$$Equals.c
30,388,A_must_review,UnityEngine.XR.ARFoundation.ARFaceUpdatedEventArgs$$Equals,072670ac,225,90_plus_framework_support_only_near_certain,eye_source; weak_source_state; validity_gate; pose_vector; ray_interaction; ui_interaction; telemetry; frame_behavior; structure_combo,strong_eye_source_hits_3; weak_xr_or_state_hits_4; validity_or_gating_hits_1; strong_pose_or_ray_construction_hits_3; ray_or_cast_sink_hits_3; ui_or_gameplay_sink_hits_5; telemetry_or_network_hits_5; frame_or_lifecycle_behavior; source_validity_pose_sink_structure; strong_eye_source_validity_pose_sink_structure; functionality_gaze_retrieval_or_extraction; functionality_gaze_interaction_hits_7; functionality_data_collection_or_telemetry_hits_4,base_scanner_score_225; module_bonus_validity_gate_8; module_bonus_pose_vector_10; module_bonus_ray_interaction_15; module_bonus_ui_interaction_12; module_bonus_telemetry_20; module_bonus_frame_behavior_5; module_bonus_structure_combo_18; evidence_bonus_telemetry_or_network_hits_12; sensitive_sink_telemetry_bonus_15; keyword_support_eye_or_gaze_5_bonus_20; keyword_support_sdk_4_bonus_12; keyword_support_collection_or_telemetry_4_bonus_16,C:\realDesktop\manifest-evaluations\summer-26\ghidra-pipeline\il2cpp-files\AimAssaultDemo\general-structure-results\90_plus_framework_support_only_near_certain\072670ac_UnityEngine.XR.ARFoundation.ARFaceUpdatedEventArgs$$Equals.c,C:\realDesktop\manifest-evaluations\summer-26\ghidra-pipeline\il2cpp-files\AimAssaultDemo\manual-review-pack\A_must_review\030_p388_UnityEngine.XR.ARFoundation.ARFaceUpdatedEventArgs$$Equals.c
31,388,A_must_review,UnityEngine.XR.ARFoundation.ARFaceMeshVisualizer$$OnEnable,07266e50,225,90_plus_framework_support_only_near_certain,eye_source; weak_source_state; validity_gate; pose_vector; ray_interaction; ui_interaction; telemetry; frame_behavior; structure_combo,strong_eye_source_hits_3; weak_xr_or_state_hits_4; validity_or_gating_hits_1; strong_pose_or_ray_construction_hits_3; ray_or_cast_sink_hits_3; ui_or_gameplay_sink_hits_5; telemetry_or_network_hits_6; frame_or_lifecycle_behavior; source_validity_pose_sink_structure; strong_eye_source_validity_pose_sink_structure; functionality_gaze_retrieval_or_extraction; functionality_gaze_interaction_hits_7; functionality_data_collection_or_telemetry_hits_5,base_scanner_score_225; module_bonus_validity_gate_8; module_bonus_pose_vector_10; module_bonus_ray_interaction_15; module_bonus_ui_interaction_12; module_bonus_telemetry_20; module_bonus_frame_behavior_5; module_bonus_structure_combo_18; evidence_bonus_telemetry_or_network_hits_12; sensitive_sink_telemetry_bonus_15; keyword_support_eye_or_gaze_5_bonus_20; keyword_support_sdk_4_bonus_12; keyword_support_collection_or_telemetry_4_bonus_16,C:\realDesktop\manifest-evaluations\summer-26\ghidra-pipeline\il2cpp-files\AimAssaultDemo\general-structure-results\90_plus_framework_support_only_near_certain\07266e50_UnityEngine.XR.ARFoundation.ARFaceMeshVisualizer$$OnEnable.c,C:\realDesktop\manifest-evaluations\summer-26\ghidra-pipeline\il2cpp-files\AimAssaultDemo\manual-review-pack\A_must_review\031_p388_UnityEngine.XR.ARFoundation.ARFaceMeshVisualizer$$OnEnable.c
32,384,A_must_review,UnityEngine.XR.ARFoundation.ARFaceMeshVisualizer$$OnSessionStateChanged,07266d84,226,90_plus_framework_support_only_near_certain,eye_source; weak_source_state; validity_gate; pose_vector; ray_interaction; ui_interaction; telemetry; structure_combo,strong_eye_source_hits_3; weak_xr_or_state_hits_4; validity_or_gating_hits_2; strong_pose_or_ray_construction_hits_4; ray_or_cast_sink_hits_3; ui_or_gameplay_sink_hits_5; telemetry_or_network_hits_8; source_validity_pose_sink_structure; strong_eye_source_validity_pose_sink_structure; functionality_gaze_retrieval_or_extraction; functionality_gaze_interaction_hits_7; functionality_data_collection_or_telemetry_hits_7,base_scanner_score_226; module_bonus_validity_gate_8; module_bonus_pose_vector_10; module_bonus_ray_interaction_15; module_bonus_ui_interaction_12; module_bonus_telemetry_20; module_bonus_structure_combo_18; evidence_bonus_telemetry_or_network_hits_12; sensitive_sink_telemetry_bonus_15; keyword_support_eye_or_gaze_5_bonus_20; keyword_support_sdk_4_bonus_12; keyword_support_collection_or_telemetry_4_bonus_16,C:\realDesktop\manifest-evaluations\summer-26\ghidra-pipeline\il2cpp-files\AimAssaultDemo\general-structure-results\90_plus_framework_support_only_near_certain\07266d84_UnityEngine.XR.ARFoundation.ARFaceMeshVisualizer$$OnSessionStateChanged.c,C:\realDesktop\manifest-evaluations\summer-26\ghidra-pipeline\il2cpp-files\AimAssaultDemo\manual-review-pack\A_must_review\032_p384_UnityEngine.XR.ARFoundation.ARFaceMeshVisualizer$$OnSessionStateChanged.c
33,384,A_must_review,UnityEngine.XR.ARFoundation.ARFaceMeshVisualizer$$Awake,07266d88,226,90_plus_framework_support_only_near_certain,eye_source; weak_source_state; validity_gate; pose_vector; ray_interaction; ui_interaction; telemetry; structure_combo,strong_eye_source_hits_3; weak_xr_or_state_hits_4; validity_or_gating_hits_2; strong_pose_or_ray_construction_hits_4; ray_or_cast_sink_hits_3; ui_or_gameplay_sink_hits_5; telemetry_or_network_hits_6; source_validity_pose_sink_structure; strong_eye_source_validity_pose_sink_structure; functionality_gaze_retrieval_or_extraction; functionality_gaze_interaction_hits_7; functionality_data_collection_or_telemetry_hits_5,base_scanner_score_226; module_bonus_validity_gate_8; module_bonus_pose_vector_10; module_bonus_ray_interaction_15; module_bonus_ui_interaction_12; module_bonus_telemetry_20; module_bonus_structure_combo_18; evidence_bonus_telemetry_or_network_hits_12; sensitive_sink_telemetry_bonus_15; keyword_support_eye_or_gaze_5_bonus_20; keyword_support_sdk_4_bonus_12; keyword_support_collection_or_telemetry_4_bonus_16,C:\realDesktop\manifest-evaluations\summer-26\ghidra-pipeline\il2cpp-files\AimAssaultDemo\general-structure-results\90_plus_framework_support_only_near_certain\07266d88_UnityEngine.XR.ARFoundation.ARFaceMeshVisualizer$$Awake.c,C:\realDesktop\manifest-evaluations\summer-26\ghidra-pipeline\il2cpp-files\AimAssaultDemo\manual-review-pack\A_must_review\033_p384_UnityEngine.XR.ARFoundation.ARFaceMeshVisualizer$$Awake.c
34,381,A_must_review,UnityEngine.EventSystems.PointerEventDataExtension$$GetRay,06350b38,230,90_plus_framework_foveated_rendering_support_or_attempt_near_certain,eye_source; validity_gate; pose_vector; telemetry; foveation_rendering; structure_combo; attempted_use; dynamic_foveation_possible,strong_eye_source_hits_8; validity_or_gating_hits_21; strong_pose_or_ray_construction_hits_4; telemetry_or_network_hits_2; strong_foveation_hits_6; source_validity_pose_sink_structure; strong_eye_source_validity_pose_sink_structure; attempted_eye_tracking_permission_or_feature_enable; attempted_eye_tracking_with_foveated_rendering_path; negative_framework_support_context_without_confirmed_app_level_gaze_flow; framework_foveation_support_not_confirmed_dynamic_eye_tracking; functionality_foveated_rendering; functionality_data_collection_or_telemetry_hits_2,base_scanner_score_230; module_bonus_validity_gate_8; module_bonus_pose_vector_10; module_bonus_telemetry_20; module_bonus_foveation_rendering_20; module_bonus_structure_combo_18; evidence_bonus_telemetry_or_network_hits_12; sensitive_sink_telemetry_bonus_15; sensitive_sink_foveation_bonus_12; keyword_support_eye_or_gaze_5_bonus_20; keyword_support_collection_or_telemetry_4_bonus_16,C:\realDesktop\manifest-evaluations\summer-26\ghidra-pipeline\il2cpp-files\AimAssaultDemo\general-structure-results\90_plus_framework_foveated_rendering_support_or_attempt_near_certain\06350b38_UnityEngine.EventSystems.PointerEventDataExtension$$GetRay.c,C:\realDesktop\manifest-evaluations\summer-26\ghidra-pipeline\il2cpp-files\AimAssaultDemo\manual-review-pack\A_must_review\034_p381_UnityEngine.EventSystems.PointerEventDataExtension$$GetRay.c
35,377,A_must_review,UnityEngine.XR.ARFoundation.ARFaceMeshVisualizer$$OnDisable,07266f34,219,90_plus_framework_support_only_near_certain,eye_source; weak_source_state; validity_gate; pose_vector; ray_interaction; ui_interaction; telemetry; structure_combo,strong_eye_source_hits_3; weak_xr_or_state_hits_4; validity_or_gating_hits_1; strong_pose_or_ray_construction_hits_3; ray_or_cast_sink_hits_3; ui_or_gameplay_sink_hits_5; telemetry_or_network_hits_6; source_validity_pose_sink_structure; strong_eye_source_validity_pose_sink_structure; functionality_gaze_retrieval_or_extraction; functionality_gaze_interaction_hits_7; functionality_data_collection_or_telemetry_hits_5,base_scanner_score_219; module_bonus_validity_gate_8; module_bonus_pose_vector_10; module_bonus_ray_interaction_15; module_bonus_ui_interaction_12; module_bonus_telemetry_20; module_bonus_structure_combo_18; evidence_bonus_telemetry_or_network_hits_12; sensitive_sink_telemetry_bonus_15; keyword_support_eye_or_gaze_5_bonus_20; keyword_support_sdk_4_bonus_12; keyword_support_collection_or_telemetry_4_bonus_16,C:\realDesktop\manifest-evaluations\summer-26\ghidra-pipeline\il2cpp-files\AimAssaultDemo\general-structure-results\90_plus_framework_support_only_near_certain\07266f34_UnityEngine.XR.ARFoundation.ARFaceMeshVisualizer$$OnDisable.c,C:\realDesktop\manifest-evaluations\summer-26\ghidra-pipeline\il2cpp-files\AimAssaultDemo\manual-review-pack\A_must_review\035_p377_UnityEngine.XR.ARFoundation.ARFaceMeshVisualizer$$OnDisable.c
36,377,A_must_review,UnityEngine.XR.ARFoundation.ARFaceMeshVisualizer$$.ctor,07267010,219,90_plus_framework_support_only_near_certain,eye_source; weak_source_state; validity_gate; pose_vector; ray_interaction; ui_interaction; telemetry; structure_combo,strong_eye_source_hits_3; weak_xr_or_state_hits_4; validity_or_gating_hits_1; strong_pose_or_ray_construction_hits_3; ray_or_cast_sink_hits_3; ui_or_gameplay_sink_hits_5; telemetry_or_network_hits_6; source_validity_pose_sink_structure; strong_eye_source_validity_pose_sink_structure; functionality_gaze_retrieval_or_extraction; functionality_gaze_interaction_hits_7; functionality_data_collection_or_telemetry_hits_5,base_scanner_score_219; module_bonus_validity_gate_8; module_bonus_pose_vector_10; module_bonus_ray_interaction_15; module_bonus_ui_interaction_12; module_bonus_telemetry_20; module_bonus_structure_combo_18; evidence_bonus_telemetry_or_network_hits_12; sensitive_sink_telemetry_bonus_15; keyword_support_eye_or_gaze_5_bonus_20; keyword_support_sdk_4_bonus_12; keyword_support_collection_or_telemetry_4_bonus_16,C:\realDesktop\manifest-evaluations\summer-26\ghidra-pipeline\il2cpp-files\AimAssaultDemo\general-structure-results\90_plus_framework_support_only_near_certain\07267010_UnityEngine.XR.ARFoundation.ARFaceMeshVisualizer$$.ctor.c,C:\realDesktop\manifest-evaluations\summer-26\ghidra-pipeline\il2cpp-files\AimAssaultDemo\manual-review-pack\A_must_review\036_p377_UnityEngine.XR.ARFoundation.ARFaceMeshVisualizer$$.ctor.c
37,368,A_must_review,UnityEngine.XR.ARFoundation.ARHumanBody$$UpdateSkeleton,072671cc,205,90_plus_framework_support_only_near_certain,eye_source; weak_source_state; validity_gate; pose_vector; ray_interaction; ui_interaction; telemetry; frame_behavior; structure_combo,strong_eye_source_hits_3; weak_xr_or_state_hits_4; validity_or_gating_hits_1; strong_pose_or_ray_construction_hits_3; ray_or_cast_sink_hits_3; ui_or_gameplay_sink_hits_5; telemetry_or_network_hits_5; frame_or_lifecycle_behavior; source_validity_pose_sink_structure; strong_eye_source_validity_pose_sink_structure; negative_framework_support_context_without_confirmed_app_level_gaze_flow; functionality_gaze_retrieval_or_extraction; functionality_gaze_interaction_hits_7; functionality_data_collection_or_telemetry_hits_4,base_scanner_score_205; module_bonus_validity_gate_8; module_bonus_pose_vector_10; module_bonus_ray_interaction_15; module_bonus_ui_interaction_12; module_bonus_telemetry_20; module_bonus_frame_behavior_5; module_bonus_structure_combo_18; evidence_bonus_telemetry_or_network_hits_12; sensitive_sink_telemetry_bonus_15; keyword_support_eye_or_gaze_5_bonus_20; keyword_support_sdk_4_bonus_12; keyword_support_collection_or_telemetry_4_bonus_16,C:\realDesktop\manifest-evaluations\summer-26\ghidra-pipeline\il2cpp-files\AimAssaultDemo\general-structure-results\90_plus_framework_support_only_near_certain\072671cc_UnityEngine.XR.ARFoundation.ARHumanBody$$UpdateSkeleton.c,C:\realDesktop\manifest-evaluations\summer-26\ghidra-pipeline\il2cpp-files\AimAssaultDemo\manual-review-pack\A_must_review\037_p368_UnityEngine.XR.ARFoundation.ARHumanBody$$UpdateSkeleton.c
38,361,A_must_review,UnityEngine.XR.ARFoundation.ARHumanBody$$Dispose,07267774,203,90_plus_framework_support_only_near_certain,eye_source; weak_source_state; validity_gate; pose_vector; ray_interaction; ui_interaction; telemetry; structure_combo,strong_eye_source_hits_3; weak_xr_or_state_hits_4; validity_or_gating_hits_1; strong_pose_or_ray_construction_hits_5; ray_or_cast_sink_hits_3; ui_or_gameplay_sink_hits_4; telemetry_or_network_hits_5; source_validity_pose_sink_structure; strong_eye_source_validity_pose_sink_structure; negative_framework_support_context_without_confirmed_app_level_gaze_flow; functionality_gaze_retrieval_or_extraction; functionality_gaze_interaction_hits_6; functionality_data_collection_or_telemetry_hits_4,base_scanner_score_203; module_bonus_validity_gate_8; module_bonus_pose_vector_10; module_bonus_ray_interaction_15; module_bonus_ui_interaction_12; module_bonus_telemetry_20; module_bonus_structure_combo_18; evidence_bonus_telemetry_or_network_hits_12; sensitive_sink_telemetry_bonus_15; keyword_support_eye_or_gaze_5_bonus_20; keyword_support_sdk_4_bonus_12; keyword_support_collection_or_telemetry_4_bonus_16,C:\realDesktop\manifest-evaluations\summer-26\ghidra-pipeline\il2cpp-files\AimAssaultDemo\general-structure-results\90_plus_framework_support_only_near_certain\07267774_UnityEngine.XR.ARFoundation.ARHumanBody$$Dispose.c,C:\realDesktop\manifest-evaluations\summer-26\ghidra-pipeline\il2cpp-files\AimAssaultDemo\manual-review-pack\A_must_review\038_p361_UnityEngine.XR.ARFoundation.ARHumanBody$$Dispose.c
39,360,A_must_review,UnityEngine.XR.ARFoundation.ARHumanBody$$OnDestroy,072677dc,202,90_plus_framework_support_only_near_certain,eye_source; weak_source_state; validity_gate; pose_vector; ray_interaction; ui_interaction; telemetry; structure_combo,strong_eye_source_hits_3; weak_xr_or_state_hits_4; validity_or_gating_hits_2; strong_pose_or_ray_construction_hits_3; ray_or_cast_sink_hits_3; ui_or_gameplay_sink_hits_4; telemetry_or_network_hits_5; source_validity_pose_sink_structure; strong_eye_source_validity_pose_sink_structure; negative_framework_support_context_without_confirmed_app_level_gaze_flow; functionality_gaze_retrieval_or_extraction; functionality_gaze_interaction_hits_6; functionality_data_collection_or_telemetry_hits_4,base_scanner_score_202; module_bonus_validity_gate_8; module_bonus_pose_vector_10; module_bonus_ray_interaction_15; module_bonus_ui_interaction_12; module_bonus_telemetry_20; module_bonus_structure_combo_18; evidence_bonus_telemetry_or_network_hits_12; sensitive_sink_telemetry_bonus_15; keyword_support_eye_or_gaze_5_bonus_20; keyword_support_sdk_4_bonus_12; keyword_support_collection_or_telemetry_4_bonus_16,C:\realDesktop\manifest-evaluations\summer-26\ghidra-pipeline\il2cpp-files\AimAssaultDemo\general-structure-results\90_plus_framework_support_only_near_certain\072677dc_UnityEngine.XR.ARFoundation.ARHumanBody$$OnDestroy.c,C:\realDesktop\manifest-evaluations\summer-26\ghidra-pipeline\il2cpp-files\AimAssaultDemo\manual-review-pack\A_must_review\039_p360_UnityEngine.XR.ARFoundation.ARHumanBody$$OnDestroy.c
40,360,A_must_review,UnityEngine.XR.ARFoundation.ARHumanBodyManager$$get_pose3DScaleEstimationEnabled,07267b38,197,90_plus_framework_support_only_near_certain,eye_source; weak_source_state; validity_gate; pose_vector; ray_interaction; ui_interaction; telemetry; frame_behavior; structure_combo,strong_eye_source_hits_3; weak_xr_or_state_hits_8; validity_or_gating_hits_1; strong_pose_or_ray_construction_hits_2; ray_or_cast_sink_hits_2; ui_or_gameplay_sink_hits_4; telemetry_or_network_hits_5; frame_or_lifecycle_behavior; source_validity_pose_sink_structure; strong_eye_source_validity_pose_sink_structure; negative_framework_support_context_without_confirmed_app_level_gaze_flow; functionality_gaze_retrieval_or_extraction; functionality_gaze_interaction_hits_5; functionality_data_collection_or_telemetry_hits_4,base_scanner_score_197; module_bonus_validity_gate_8; module_bonus_pose_vector_10; module_bonus_ray_interaction_15; module_bonus_ui_interaction_12; module_bonus_telemetry_20; module_bonus_frame_behavior_5; module_bonus_structure_combo_18; evidence_bonus_telemetry_or_network_hits_12; sensitive_sink_telemetry_bonus_15; keyword_support_eye_or_gaze_5_bonus_20; keyword_support_sdk_4_bonus_12; keyword_support_collection_or_telemetry_4_bonus_16,C:\realDesktop\manifest-evaluations\summer-26\ghidra-pipeline\il2cpp-files\AimAssaultDemo\general-structure-results\90_plus_framework_support_only_near_certain\07267b38_UnityEngine.XR.ARFoundation.ARHumanBodyManager$$get_pose3DScaleEstimationEnabled.c,C:\realDesktop\manifest-evaluations\summer-26\ghidra-pipeline\il2cpp-files\AimAssaultDemo\manual-review-pack\A_must_review\040_p360_UnityEngine.XR.ARFoundation.ARHumanBodyManager$$get_pose3DScaleEstimationEnabled.c
41,357,A_must_review,UnityEngine.XR.ARFoundation.ARHumanBody$$get_joints,072671c0,199,90_plus_framework_support_only_near_certain,eye_source; weak_source_state; validity_gate; pose_vector; ray_interaction; ui_interaction; telemetry; structure_combo,strong_eye_source_hits_3; weak_xr_or_state_hits_4; validity_or_gating_hits_1; strong_pose_or_ray_construction_hits_3; ray_or_cast_sink_hits_3; ui_or_gameplay_sink_hits_5; telemetry_or_network_hits_5; source_validity_pose_sink_structure; strong_eye_source_validity_pose_sink_structure; negative_framework_support_context_without_confirmed_app_level_gaze_flow; functionality_gaze_retrieval_or_extraction; functionality_gaze_interaction_hits_7; functionality_data_collection_or_telemetry_hits_4,base_scanner_score_199; module_bonus_validity_gate_8; module_bonus_pose_vector_10; module_bonus_ray_interaction_15; module_bonus_ui_interaction_12; module_bonus_telemetry_20; module_bonus_structure_combo_18; evidence_bonus_telemetry_or_network_hits_12; sensitive_sink_telemetry_bonus_15; keyword_support_eye_or_gaze_5_bonus_20; keyword_support_sdk_4_bonus_12; keyword_support_collection_or_telemetry_4_bonus_16,C:\realDesktop\manifest-evaluations\summer-26\ghidra-pipeline\il2cpp-files\AimAssaultDemo\general-structure-results\90_plus_framework_support_only_near_certain\072671c0_UnityEngine.XR.ARFoundation.ARHumanBody$$get_joints.c,C:\realDesktop\manifest-evaluations\summer-26\ghidra-pipeline\il2cpp-files\AimAssaultDemo\manual-review-pack\A_must_review\041_p357_UnityEngine.XR.ARFoundation.ARHumanBody$$get_joints.c
42,357,A_must_review,UnityEngine.XR.ARFoundation.ARHumanBody$$get_estimatedHeightScaleFactor,07267154,199,90_plus_framework_support_only_near_certain,eye_source; weak_source_state; validity_gate; pose_vector; ray_interaction; ui_interaction; telemetry; structure_combo,strong_eye_source_hits_3; weak_xr_or_state_hits_4; validity_or_gating_hits_1; strong_pose_or_ray_construction_hits_3; ray_or_cast_sink_hits_3; ui_or_gameplay_sink_hits_5; telemetry_or_network_hits_5; source_validity_pose_sink_structure; strong_eye_source_validity_pose_sink_structure; negative_framework_support_context_without_confirmed_app_level_gaze_flow; functionality_gaze_retrieval_or_extraction; functionality_gaze_interaction_hits_7; functionality_data_collection_or_telemetry_hits_4,base_scanner_score_199; module_bonus_validity_gate_8; module_bonus_pose_vector_10; module_bonus_ray_interaction_15; module_bonus_ui_interaction_12; module_bonus_telemetry_20; module_bonus_structure_combo_18; evidence_bonus_telemetry_or_network_hits_12; sensitive_sink_telemetry_bonus_15; keyword_support_eye_or_gaze_5_bonus_20; keyword_support_sdk_4_bonus_12; keyword_support_collection_or_telemetry_4_bonus_16,C:\realDesktop\manifest-evaluations\summer-26\ghidra-pipeline\il2cpp-files\AimAssaultDemo\general-structure-results\90_plus_framework_support_only_near_certain\07267154_UnityEngine.XR.ARFoundation.ARHumanBody$$get_estimatedHeightScaleFactor.c,C:\realDesktop\manifest-evaluations\summer-26\ghidra-pipeline\il2cpp-files\AimAssaultDemo\manual-review-pack\A_must_review\042_p357_UnityEngine.XR.ARFoundation.ARHumanBody$$get_estimatedHeightScaleFactor.c
43,357,A_must_review,UnityEngine.XR.ARFoundation.ARHumanBody$$ToString,07267220,199,90_plus_framework_support_only_near_certain,eye_source; weak_source_state; validity_gate; pose_vector; ray_interaction; ui_interaction; telemetry; structure_combo,strong_eye_source_hits_3; weak_xr_or_state_hits_4; validity_or_gating_hits_1; strong_pose_or_ray_construction_hits_3; ray_or_cast_sink_hits_3; ui_or_gameplay_sink_hits_5; telemetry_or_network_hits_5; source_validity_pose_sink_structure; strong_eye_source_validity_pose_sink_structure; negative_framework_support_context_without_confirmed_app_level_gaze_flow; functionality_gaze_retrieval_or_extraction; functionality_gaze_interaction_hits_7; functionality_data_collection_or_telemetry_hits_4,base_scanner_score_199; module_bonus_validity_gate_8; module_bonus_pose_vector_10; module_bonus_ray_interaction_15; module_bonus_ui_interaction_12; module_bonus_telemetry_20; module_bonus_structure_combo_18; evidence_bonus_telemetry_or_network_hits_12; sensitive_sink_telemetry_bonus_15; keyword_support_eye_or_gaze_5_bonus_20; keyword_support_sdk_4_bonus_12; keyword_support_collection_or_telemetry_4_bonus_16,C:\realDesktop\manifest-evaluations\summer-26\ghidra-pipeline\il2cpp-files\AimAssaultDemo\general-structure-results\90_plus_framework_support_only_near_certain\07267220_UnityEngine.XR.ARFoundation.ARHumanBody$$ToString.c,C:\realDesktop\manifest-evaluations\summer-26\ghidra-pipeline\il2cpp-files\AimAssaultDemo\manual-review-pack\A_must_review\043_p357_UnityEngine.XR.ARFoundation.ARHumanBody$$ToString.c
44,357,A_must_review,UnityEngine.XR.ARFoundation.ARHumanBody$$ToString,07267268,199,90_plus_framework_support_only_near_certain,eye_source; weak_source_state; validity_gate; pose_vector; ray_interaction; ui_interaction; telemetry; structure_combo,strong_eye_source_hits_3; weak_xr_or_state_hits_4; validity_or_gating_hits_1; strong_pose_or_ray_construction_hits_3; ray_or_cast_sink_hits_3; ui_or_gameplay_sink_hits_4; telemetry_or_network_hits_5; source_validity_pose_sink_structure; strong_eye_source_validity_pose_sink_structure; negative_framework_support_context_without_confirmed_app_level_gaze_flow; functionality_gaze_retrieval_or_extraction; functionality_gaze_interaction_hits_6; functionality_data_collection_or_telemetry_hits_4,base_scanner_score_199; module_bonus_validity_gate_8; module_bonus_pose_vector_10; module_bonus_ray_interaction_15; module_bonus_ui_interaction_12; module_bonus_telemetry_20; module_bonus_structure_combo_18; evidence_bonus_telemetry_or_network_hits_12; sensitive_sink_telemetry_bonus_15; keyword_support_eye_or_gaze_5_bonus_20; keyword_support_sdk_4_bonus_12; keyword_support_collection_or_telemetry_4_bonus_16,C:\realDesktop\manifest-evaluations\summer-26\ghidra-pipeline\il2cpp-files\AimAssaultDemo\general-structure-results\90_plus_framework_support_only_near_certain\07267268_UnityEngine.XR.ARFoundation.ARHumanBody$$ToString.c,C:\realDesktop\manifest-evaluations\summer-26\ghidra-pipeline\il2cpp-files\AimAssaultDemo\manual-review-pack\A_must_review\044_p357_UnityEngine.XR.ARFoundation.ARHumanBody$$ToString.c
45,357,A_must_review,UnityEngine.XR.ARFoundation.ARHumanBody$$.ctor,072677e0,199,90_plus_framework_support_only_near_certain,eye_source; weak_source_state; validity_gate; pose_vector; ray_interaction; ui_interaction; telemetry; structure_combo,strong_eye_source_hits_3; weak_xr_or_state_hits_4; validity_or_gating_hits_1; strong_pose_or_ray_construction_hits_3; ray_or_cast_sink_hits_3; ui_or_gameplay_sink_hits_4; telemetry_or_network_hits_5; source_validity_pose_sink_structure; strong_eye_source_validity_pose_sink_structure; negative_framework_support_context_without_confirmed_app_level_gaze_flow; functionality_gaze_retrieval_or_extraction; functionality_gaze_interaction_hits_6; functionality_data_collection_or_telemetry_hits_4,base_scanner_score_199; module_bonus_validity_gate_8; module_bonus_pose_vector_10; module_bonus_ray_interaction_15; module_bonus_ui_interaction_12; module_bonus_telemetry_20; module_bonus_structure_combo_18; evidence_bonus_telemetry_or_network_hits_12; sensitive_sink_telemetry_bonus_15; keyword_support_eye_or_gaze_5_bonus_20; keyword_support_sdk_4_bonus_12; keyword_support_collection_or_telemetry_4_bonus_16,C:\realDesktop\manifest-evaluations\summer-26\ghidra-pipeline\il2cpp-files\AimAssaultDemo\general-structure-results\90_plus_framework_support_only_near_certain\072677e0_UnityEngine.XR.ARFoundation.ARHumanBody$$.ctor.c,C:\realDesktop\manifest-evaluations\summer-26\ghidra-pipeline\il2cpp-files\AimAssaultDemo\manual-review-pack\A_must_review\045_p357_UnityEngine.XR.ARFoundation.ARHumanBody$$.ctor.c
46,357,A_must_review,UnityEngine.XR.ARFoundation.ARHumanBodyManager$$OnBeforeStart,07267e54,194,90_plus_framework_support_only_near_certain,eye_source; weak_source_state; validity_gate; pose_vector; ray_interaction; ui_interaction; telemetry; frame_behavior; structure_combo,strong_eye_source_hits_3; weak_xr_or_state_hits_4; validity_or_gating_hits_1; strong_pose_or_ray_construction_hits_2; ray_or_cast_sink_hits_2; ui_or_gameplay_sink_hits_2; telemetry_or_network_hits_5; frame_or_lifecycle_behavior; source_validity_pose_sink_structure; strong_eye_source_validity_pose_sink_structure; negative_framework_support_context_without_confirmed_app_level_gaze_flow; functionality_gaze_interaction_hits_3; functionality_data_collection_or_telemetry_hits_4,base_scanner_score_194; module_bonus_validity_gate_8; module_bonus_pose_vector_10; module_bonus_ray_interaction_15; module_bonus_ui_interaction_12; module_bonus_telemetry_20; module_bonus_frame_behavior_5; module_bonus_structure_combo_18; evidence_bonus_telemetry_or_network_hits_12; sensitive_sink_telemetry_bonus_15; keyword_support_eye_or_gaze_5_bonus_20; keyword_support_sdk_4_bonus_12; keyword_support_collection_or_telemetry_4_bonus_16,C:\realDesktop\manifest-evaluations\summer-26\ghidra-pipeline\il2cpp-files\AimAssaultDemo\general-structure-results\90_plus_framework_support_only_near_certain\07267e54_UnityEngine.XR.ARFoundation.ARHumanBodyManager$$OnBeforeStart.c,C:\realDesktop\manifest-evaluations\summer-26\ghidra-pipeline\il2cpp-files\AimAssaultDemo\manual-review-pack\A_must_review\046_p357_UnityEngine.XR.ARFoundation.ARHumanBodyManager$$OnBeforeStart.c
47,353,A_must_review,UnityEngine.XR.ARFoundation.ARHumanBodyManager$$set_pose3DRequested,0726799c,195,90_plus_framework_support_only_near_certain,eye_source; weak_source_state; validity_gate; pose_vector; ray_interaction; ui_interaction; telemetry; structure_combo,strong_eye_source_hits_3; weak_xr_or_state_hits_4; validity_or_gating_hits_1; strong_pose_or_ray_construction_hits_3; ray_or_cast_sink_hits_2; ui_or_gameplay_sink_hits_4; telemetry_or_network_hits_7; source_validity_pose_sink_structure; strong_eye_source_validity_pose_sink_structure; negative_framework_support_context_without_confirmed_app_level_gaze_flow; functionality_gaze_retrieval_or_extraction; functionality_gaze_interaction_hits_5; functionality_data_collection_or_telemetry_hits_6,base_scanner_score_195; module_bonus_validity_gate_8; module_bonus_pose_vector_10; module_bonus_ray_interaction_15; module_bonus_ui_interaction_12; module_bonus_telemetry_20; module_bonus_structure_combo_18; evidence_bonus_telemetry_or_network_hits_12; sensitive_sink_telemetry_bonus_15; keyword_support_eye_or_gaze_5_bonus_20; keyword_support_sdk_4_bonus_12; keyword_support_collection_or_telemetry_4_bonus_16,C:\realDesktop\manifest-evaluations\summer-26\ghidra-pipeline\il2cpp-files\AimAssaultDemo\general-structure-results\90_plus_framework_support_only_near_certain\0726799c_UnityEngine.XR.ARFoundation.ARHumanBodyManager$$set_pose3DRequested.c,C:\realDesktop\manifest-evaluations\summer-26\ghidra-pipeline\il2cpp-files\AimAssaultDemo\manual-review-pack\A_must_review\047_p353_UnityEngine.XR.ARFoundation.ARHumanBodyManager$$set_pose3DRequested.c
48,353,A_must_review,UnityEngine.XR.ARFoundation.ARHumanBodyManager$$set_pose2DRequested,072678cc,195,90_plus_framework_support_only_near_certain,eye_source; weak_source_state; validity_gate; pose_vector; ray_interaction; ui_interaction; telemetry; structure_combo,strong_eye_source_hits_3; weak_xr_or_state_hits_4; validity_or_gating_hits_1; strong_pose_or_ray_construction_hits_3; ray_or_cast_sink_hits_2; ui_or_gameplay_sink_hits_4; telemetry_or_network_hits_7; source_validity_pose_sink_structure; strong_eye_source_validity_pose_sink_structure; negative_framework_support_context_without_confirmed_app_level_gaze_flow; functionality_gaze_retrieval_or_extraction; functionality_gaze_interaction_hits_5; functionality_data_collection_or_telemetry_hits_6,base_scanner_score_195; module_bonus_validity_gate_8; module_bonus_pose_vector_10; module_bonus_ray_interaction_15; module_bonus_ui_interaction_12; module_bonus_telemetry_20; module_bonus_structure_combo_18; evidence_bonus_telemetry_or_network_hits_12; sensitive_sink_telemetry_bonus_15; keyword_support_eye_or_gaze_5_bonus_20; keyword_support_sdk_4_bonus_12; keyword_support_collection_or_telemetry_4_bonus_16,C:\realDesktop\manifest-evaluations\summer-26\ghidra-pipeline\il2cpp-files\AimAssaultDemo\general-structure-results\90_plus_framework_support_only_near_certain\072678cc_UnityEngine.XR.ARFoundation.ARHumanBodyManager$$set_pose2DRequested.c,C:\realDesktop\manifest-evaluations\summer-26\ghidra-pipeline\il2cpp-files\AimAssaultDemo\manual-review-pack\A_must_review\048_p353_UnityEngine.XR.ARFoundation.ARHumanBodyManager$$set_pose2DRequested.c
49,353,A_must_review,UnityEngine.XR.ARFoundation.ARHumanBodyManager$$get_pose3DRequested,07267948,195,90_plus_framework_support_only_near_certain,eye_source; weak_source_state; validity_gate; pose_vector; ray_interaction; ui_interaction; telemetry; structure_combo,strong_eye_source_hits_3; weak_xr_or_state_hits_6; validity_or_gating_hits_1; strong_pose_or_ray_construction_hits_3; ray_or_cast_sink_hits_2; ui_or_gameplay_sink_hits_4; telemetry_or_network_hits_7; source_validity_pose_sink_structure; strong_eye_source_validity_pose_sink_structure; negative_framework_support_context_without_confirmed_app_level_gaze_flow; functionality_gaze_retrieval_or_extraction; functionality_gaze_interaction_hits_5; functionality_data_collection_or_telemetry_hits_6,base_scanner_score_195; module_bonus_validity_gate_8; module_bonus_pose_vector_10; module_bonus_ray_interaction_15; module_bonus_ui_interaction_12; module_bonus_telemetry_20; module_bonus_structure_combo_18; evidence_bonus_telemetry_or_network_hits_12; sensitive_sink_telemetry_bonus_15; keyword_support_eye_or_gaze_5_bonus_20; keyword_support_sdk_4_bonus_12; keyword_support_collection_or_telemetry_4_bonus_16,C:\realDesktop\manifest-evaluations\summer-26\ghidra-pipeline\il2cpp-files\AimAssaultDemo\general-structure-results\90_plus_framework_support_only_near_certain\07267948_UnityEngine.XR.ARFoundation.ARHumanBodyManager$$get_pose3DRequested.c,C:\realDesktop\manifest-evaluations\summer-26\ghidra-pipeline\il2cpp-files\AimAssaultDemo\manual-review-pack\A_must_review\049_p353_UnityEngine.XR.ARFoundation.ARHumanBodyManager$$get_pose3DRequested.c
50,353,A_must_review,UnityEngine.XR.ARFoundation.ARHumanBodyManager$$get_pose3DEnabled,07267a18,195,90_plus_framework_support_only_near_certain,eye_source; weak_source_state; validity_gate; pose_vector; ray_interaction; ui_interaction; telemetry; structure_combo,strong_eye_source_hits_3; weak_xr_or_state_hits_8; validity_or_gating_hits_1; strong_pose_or_ray_construction_hits_3; ray_or_cast_sink_hits_2; ui_or_gameplay_sink_hits_4; telemetry_or_network_hits_5; source_validity_pose_sink_structure; strong_eye_source_validity_pose_sink_structure; negative_framework_support_context_without_confirmed_app_level_gaze_flow; functionality_gaze_retrieval_or_extraction; functionality_gaze_interaction_hits_5; functionality_data_collection_or_telemetry_hits_4,base_scanner_score_195; module_bonus_validity_gate_8; module_bonus_pose_vector_10; module_bonus_ray_interaction_15; module_bonus_ui_interaction_12; module_bonus_telemetry_20; module_bonus_structure_combo_18; evidence_bonus_telemetry_or_network_hits_12; sensitive_sink_telemetry_bonus_15; keyword_support_eye_or_gaze_5_bonus_20; keyword_support_sdk_4_bonus_12; keyword_support_collection_or_telemetry_4_bonus_16,C:\realDesktop\manifest-evaluations\summer-26\ghidra-pipeline\il2cpp-files\AimAssaultDemo\general-structure-results\90_plus_framework_support_only_near_certain\07267a18_UnityEngine.XR.ARFoundation.ARHumanBodyManager$$get_pose3DEnabled.c,C:\realDesktop\manifest-evaluations\summer-26\ghidra-pipeline\il2cpp-files\AimAssaultDemo\manual-review-pack\A_must_review\050_p353_UnityEngine.XR.ARFoundation.ARHumanBodyManager$$get_pose3DEnabled.c
51,353,A_must_review,UnityEngine.XR.ARFoundation.ARHumanBodyManager$$get_pose2DRequested,07267878,195,90_plus_framework_support_only_near_certain,eye_source; weak_source_state; validity_gate; pose_vector; ray_interaction; ui_interaction; telemetry; structure_combo,strong_eye_source_hits_3; weak_xr_or_state_hits_6; validity_or_gating_hits_1; strong_pose_or_ray_construction_hits_3; ray_or_cast_sink_hits_2; ui_or_gameplay_sink_hits_4; telemetry_or_network_hits_7; source_validity_pose_sink_structure; strong_eye_source_validity_pose_sink_structure; negative_framework_support_context_without_confirmed_app_level_gaze_flow; functionality_gaze_retrieval_or_extraction; functionality_gaze_interaction_hits_5; functionality_data_collection_or_telemetry_hits_6,base_scanner_score_195; module_bonus_validity_gate_8; module_bonus_pose_vector_10; module_bonus_ray_interaction_15; module_bonus_ui_interaction_12; module_bonus_telemetry_20; module_bonus_structure_combo_18; evidence_bonus_telemetry_or_network_hits_12; sensitive_sink_telemetry_bonus_15; keyword_support_eye_or_gaze_5_bonus_20; keyword_support_sdk_4_bonus_12; keyword_support_collection_or_telemetry_4_bonus_16,C:\realDesktop\manifest-evaluations\summer-26\ghidra-pipeline\il2cpp-files\AimAssaultDemo\general-structure-results\90_plus_framework_support_only_near_certain\07267878_UnityEngine.XR.ARFoundation.ARHumanBodyManager$$get_pose2DRequested.c,C:\realDesktop\manifest-evaluations\summer-26\ghidra-pipeline\il2cpp-files\AimAssaultDemo\manual-review-pack\A_must_review\051_p353_UnityEngine.XR.ARFoundation.ARHumanBodyManager$$get_pose2DRequested.c
52,353,A_must_review,UnityEngine.XR.ARFoundation.ARHumanBodyManager$$get_pose2DEnabled,07267828,195,90_plus_framework_support_only_near_certain,eye_source; weak_source_state; validity_gate; pose_vector; ray_interaction; ui_interaction; telemetry; structure_combo,strong_eye_source_hits_3; weak_xr_or_state_hits_8; validity_or_gating_hits_1; strong_pose_or_ray_construction_hits_3; ray_or_cast_sink_hits_2; ui_or_gameplay_sink_hits_4; telemetry_or_network_hits_5; source_validity_pose_sink_structure; strong_eye_source_validity_pose_sink_structure; negative_framework_support_context_without_confirmed_app_level_gaze_flow; functionality_gaze_retrieval_or_extraction; functionality_gaze_interaction_hits_5; functionality_data_collection_or_telemetry_hits_4,base_scanner_score_195; module_bonus_validity_gate_8; module_bonus_pose_vector_10; module_bonus_ray_interaction_15; module_bonus_ui_interaction_12; module_bonus_telemetry_20; module_bonus_structure_combo_18; evidence_bonus_telemetry_or_network_hits_12; sensitive_sink_telemetry_bonus_15; keyword_support_eye_or_gaze_5_bonus_20; keyword_support_sdk_4_bonus_12; keyword_support_collection_or_telemetry_4_bonus_16,C:\realDesktop\manifest-evaluations\summer-26\ghidra-pipeline\il2cpp-files\AimAssaultDemo\general-structure-results\90_plus_framework_support_only_near_certain\07267828_UnityEngine.XR.ARFoundation.ARHumanBodyManager$$get_pose2DEnabled.c,C:\realDesktop\manifest-evaluations\summer-26\ghidra-pipeline\il2cpp-files\AimAssaultDemo\manual-review-pack\A_must_review\052_p353_UnityEngine.XR.ARFoundation.ARHumanBodyManager$$get_pose2DEnabled.c
53,349,A_must_review,UnityEngine.XR.ARFoundation.ARHumanBodyManager$$set_pose3DScaleEstimationRequested,07267abc,191,90_plus_framework_support_only_near_certain,eye_source; weak_source_state; validity_gate; pose_vector; ray_interaction; ui_interaction; telemetry; structure_combo,strong_eye_source_hits_3; weak_xr_or_state_hits_4; validity_or_gating_hits_1; strong_pose_or_ray_construction_hits_2; ray_or_cast_sink_hits_2; ui_or_gameplay_sink_hits_4; telemetry_or_network_hits_7; source_validity_pose_sink_structure; strong_eye_source_validity_pose_sink_structure; negative_framework_support_context_without_confirmed_app_level_gaze_flow; functionality_gaze_retrieval_or_extraction; functionality_gaze_interaction_hits_5; functionality_data_collection_or_telemetry_hits_6,base_scanner_score_191; module_bonus_validity_gate_8; module_bonus_pose_vector_10; module_bonus_ray_interaction_15; module_bonus_ui_interaction_12; module_bonus_telemetry_20; module_bonus_structure_combo_18; evidence_bonus_telemetry_or_network_hits_12; sensitive_sink_telemetry_bonus_15; keyword_support_eye_or_gaze_5_bonus_20; keyword_support_sdk_4_bonus_12; keyword_support_collection_or_telemetry_4_bonus_16,C:\realDesktop\manifest-evaluations\summer-26\ghidra-pipeline\il2cpp-files\AimAssaultDemo\general-structure-results\90_plus_framework_support_only_near_certain\07267abc_UnityEngine.XR.ARFoundation.ARHumanBodyManager$$set_pose3DScaleEstimationRequested.c,C:\realDesktop\manifest-evaluations\summer-26\ghidra-pipeline\il2cpp-files\AimAssaultDemo\manual-review-pack\A_must_review\053_p349_UnityEngine.XR.ARFoundation.ARHumanBodyManager$$set_pose3DScaleEstimationRequested.c
54,349,A_must_review,UnityEngine.XR.ARFoundation.ARHumanBodyManager$$set_humanBodyPrefab,07267b90,191,90_plus_framework_support_only_near_certain,eye_source; weak_source_state; validity_gate; pose_vector; ray_interaction; ui_interaction; telemetry; structure_combo,strong_eye_source_hits_3; weak_xr_or_state_hits_4; validity_or_gating_hits_1; strong_pose_or_ray_construction_hits_2; ray_or_cast_sink_hits_2; ui_or_gameplay_sink_hits_4; telemetry_or_network_hits_5; source_validity_pose_sink_structure; strong_eye_source_validity_pose_sink_structure; negative_framework_support_context_without_confirmed_app_level_gaze_flow; functionality_gaze_retrieval_or_extraction; functionality_gaze_interaction_hits_5; functionality_data_collection_or_telemetry_hits_4,base_scanner_score_191; module_bonus_validity_gate_8; module_bonus_pose_vector_10; module_bonus_ray_interaction_15; module_bonus_ui_interaction_12; module_bonus_telemetry_20; module_bonus_structure_combo_18; evidence_bonus_telemetry_or_network_hits_12; sensitive_sink_telemetry_bonus_15; keyword_support_eye_or_gaze_5_bonus_20; keyword_support_sdk_4_bonus_12; keyword_support_collection_or_telemetry_4_bonus_16,C:\realDesktop\manifest-evaluations\summer-26\ghidra-pipeline\il2cpp-files\AimAssaultDemo\general-structure-results\90_plus_framework_support_only_near_certain\07267b90_UnityEngine.XR.ARFoundation.ARHumanBodyManager$$set_humanBodyPrefab.c,C:\realDesktop\manifest-evaluations\summer-26\ghidra-pipeline\il2cpp-files\AimAssaultDemo\manual-review-pack\A_must_review\054_p349_UnityEngine.XR.ARFoundation.ARHumanBodyManager$$set_humanBodyPrefab.c
55,349,A_must_review,UnityEngine.XR.ARFoundation.ARHumanBodyManager$$get_pose3DScaleEstimationRequested,07267a68,191,90_plus_framework_support_only_near_certain,eye_source; weak_source_state; validity_gate; pose_vector; ray_interaction; ui_interaction; telemetry; structure_combo,strong_eye_source_hits_3; weak_xr_or_state_hits_6; validity_or_gating_hits_1; strong_pose_or_ray_construction_hits_2; ray_or_cast_sink_hits_2; ui_or_gameplay_sink_hits_4; telemetry_or_network_hits_7; source_validity_pose_sink_structure; strong_eye_source_validity_pose_sink_structure; negative_framework_support_context_without_confirmed_app_level_gaze_flow; functionality_gaze_retrieval_or_extraction; functionality_gaze_interaction_hits_5; functionality_data_collection_or_telemetry_hits_6,base_scanner_score_191; module_bonus_validity_gate_8; module_bonus_pose_vector_10; module_bonus_ray_interaction_15; module_bonus_ui_interaction_12; module_bonus_telemetry_20; module_bonus_structure_combo_18; evidence_bonus_telemetry_or_network_hits_12; sensitive_sink_telemetry_bonus_15; keyword_support_eye_or_gaze_5_bonus_20; keyword_support_sdk_4_bonus_12; keyword_support_collection_or_telemetry_4_bonus_16,C:\realDesktop\manifest-evaluations\summer-26\ghidra-pipeline\il2cpp-files\AimAssaultDemo\general-structure-results\90_plus_framework_support_only_near_certain\07267a68_UnityEngine.XR.ARFoundation.ARHumanBodyManager$$get_pose3DScaleEstimationRequested.c,C:\realDesktop\manifest-evaluations\summer-26\ghidra-pipeline\il2cpp-files\AimAssaultDemo\manual-review-pack\A_must_review\055_p349_UnityEngine.XR.ARFoundation.ARHumanBodyManager$$get_pose3DScaleEstimationRequested.c
56,349,A_must_review,UnityEngine.XR.ARFoundation.ARHumanBodyManager$$get_humanBodyPrefab,07267b88,191,90_plus_framework_support_only_near_certain,eye_source; weak_source_state; validity_gate; pose_vector; ray_interaction; ui_interaction; telemetry; structure_combo,strong_eye_source_hits_3; weak_xr_or_state_hits_4; validity_or_gating_hits_1; strong_pose_or_ray_construction_hits_2; ray_or_cast_sink_hits_2; ui_or_gameplay_sink_hits_4; telemetry_or_network_hits_5; source_validity_pose_sink_structure; strong_eye_source_validity_pose_sink_structure; negative_framework_support_context_without_confirmed_app_level_gaze_flow; functionality_gaze_retrieval_or_extraction; functionality_gaze_interaction_hits_5; functionality_data_collection_or_telemetry_hits_4,base_scanner_score_191; module_bonus_validity_gate_8; module_bonus_pose_vector_10; module_bonus_ray_interaction_15; module_bonus_ui_interaction_12; module_bonus_telemetry_20; module_bonus_structure_combo_18; evidence_bonus_telemetry_or_network_hits_12; sensitive_sink_telemetry_bonus_15; keyword_support_eye_or_gaze_5_bonus_20; keyword_support_sdk_4_bonus_12; keyword_support_collection_or_telemetry_4_bonus_16,C:\realDesktop\manifest-evaluations\summer-26\ghidra-pipeline\il2cpp-files\AimAssaultDemo\general-structure-results\90_plus_framework_support_only_near_certain\07267b88_UnityEngine.XR.ARFoundation.ARHumanBodyManager$$get_humanBodyPrefab.c,C:\realDesktop\manifest-evaluations\summer-26\ghidra-pipeline\il2cpp-files\AimAssaultDemo\manual-review-pack\A_must_review\056_p349_UnityEngine.XR.ARFoundation.ARHumanBodyManager$$get_humanBodyPrefab.c
57,349,A_must_review,UnityEngine.XR.ARFoundation.ARHumanBodyManager$$GetHumanBodyPose2DJoints,07267dc0,191,90_plus_framework_support_only_near_certain,eye_source; weak_source_state; validity_gate; pose_vector; ray_interaction; ui_interaction; telemetry; structure_combo,strong_eye_source_hits_3; weak_xr_or_state_hits_6; validity_or_gating_hits_1; strong_pose_or_ray_construction_hits_2; ray_or_cast_sink_hits_2; ui_or_gameplay_sink_hits_3; telemetry_or_network_hits_5; source_validity_pose_sink_structure; strong_eye_source_validity_pose_sink_structure; negative_framework_support_context_without_confirmed_app_level_gaze_flow; functionality_gaze_interaction_hits_4; functionality_data_collection_or_telemetry_hits_4,base_scanner_score_191; module_bonus_validity_gate_8; module_bonus_pose_vector_10; module_bonus_ray_interaction_15; module_bonus_ui_interaction_12; module_bonus_telemetry_20; module_bonus_structure_combo_18; evidence_bonus_telemetry_or_network_hits_12; sensitive_sink_telemetry_bonus_15; keyword_support_eye_or_gaze_5_bonus_20; keyword_support_sdk_4_bonus_12; keyword_support_collection_or_telemetry_4_bonus_16,C:\realDesktop\manifest-evaluations\summer-26\ghidra-pipeline\il2cpp-files\AimAssaultDemo\general-structure-results\90_plus_framework_support_only_near_certain\07267dc0_UnityEngine.XR.ARFoundation.ARHumanBodyManager$$GetHumanBodyPose2DJoints.c,C:\realDesktop\manifest-evaluations\summer-26\ghidra-pipeline\il2cpp-files\AimAssaultDemo\manual-review-pack\A_must_review\057_p349_UnityEngine.XR.ARFoundation.ARHumanBodyManager$$GetHumanBodyPose2DJoints.c
58,343,A_must_review,Unity.VisualScripting.Antlr3.Runtime.Tree.TreeVisitor$$.ctor,07117550,181,90_plus_uncertain_gaze_or_xr_structure_near_certain,eye_source; weak_source_state; pose_vector; ray_interaction; data_collection; telemetry; frame_behavior,strong_eye_source_hits_4; weak_xr_or_state_hits_4; strong_pose_or_ray_construction_hits_10; ray_or_cast_sink_hits_2; strong_file_logging_hits_2; telemetry_or_network_hits_2; frame_or_lifecycle_behavior; functionality_data_collection_or_telemetry_hits_4,base_scanner_score_181; module_bonus_pose_vector_10; module_bonus_ray_interaction_15; module_bonus_data_collection_22; module_bonus_telemetry_20; module_bonus_frame_behavior_5; evidence_bonus_telemetry_or_network_hits_12; sensitive_sink_data_collection_bonus_15; sensitive_sink_telemetry_bonus_15; keyword_support_eye_or_gaze_5_bonus_20; keyword_support_sdk_4_bonus_12; keyword_support_collection_or_telemetry_4_bonus_16,C:\realDesktop\manifest-evaluations\summer-26\ghidra-pipeline\il2cpp-files\AimAssaultDemo\general-structure-results\90_plus_uncertain_gaze_or_xr_structure_near_certain\07117550_Unity.VisualScripting.Antlr3.Runtime.Tree.TreeVisitor$$.ctor.c,C:\realDesktop\manifest-evaluations\summer-26\ghidra-pipeline\il2cpp-files\AimAssaultDemo\manual-review-pack\A_must_review\058_p343_Unity.VisualScripting.Antlr3.Runtime.Tree.TreeVisitor$$.ctor.c
59,343,A_must_review,Unity.VisualScripting.Antlr3.Runtime.Tree.TreeVisitor$$.ctor,07117580,181,90_plus_uncertain_gaze_or_xr_structure_near_certain,eye_source; weak_source_state; pose_vector; ray_interaction; data_collection; telemetry; frame_behavior,strong_eye_source_hits_4; weak_xr_or_state_hits_4; strong_pose_or_ray_construction_hits_7; ray_or_cast_sink_hits_2; strong_file_logging_hits_2; telemetry_or_network_hits_2; frame_or_lifecycle_behavior; functionality_data_collection_or_telemetry_hits_4,base_scanner_score_181; module_bonus_pose_vector_10; module_bonus_ray_interaction_15; module_bonus_data_collection_22; module_bonus_telemetry_20; module_bonus_frame_behavior_5; evidence_bonus_telemetry_or_network_hits_12; sensitive_sink_data_collection_bonus_15; sensitive_sink_telemetry_bonus_15; keyword_support_eye_or_gaze_5_bonus_20; keyword_support_sdk_4_bonus_12; keyword_support_collection_or_telemetry_4_bonus_16,C:\realDesktop\manifest-evaluations\summer-26\ghidra-pipeline\il2cpp-files\AimAssaultDemo\general-structure-results\90_plus_uncertain_gaze_or_xr_structure_near_certain\07117580_Unity.VisualScripting.Antlr3.Runtime.Tree.TreeVisitor$$.ctor.c,C:\realDesktop\manifest-evaluations\summer-26\ghidra-pipeline\il2cpp-files\AimAssaultDemo\manual-review-pack\A_must_review\059_p343_Unity.VisualScripting.Antlr3.Runtime.Tree.TreeVisitor$$.ctor.c
60,343,A_must_review,Unity.VisualScripting.Antlr3.Runtime.Misc.Stats$$GetAbsoluteFileName,07117498,181,90_plus_uncertain_gaze_or_xr_structure_near_certain,eye_source; weak_source_state; pose_vector; ray_interaction; data_collection; telemetry; frame_behavior,strong_eye_source_hits_4; weak_xr_or_state_hits_4; strong_pose_or_ray_construction_hits_12; ray_or_cast_sink_hits_2; strong_file_logging_hits_2; telemetry_or_network_hits_2; frame_or_lifecycle_behavior; functionality_data_collection_or_telemetry_hits_4,base_scanner_score_181; module_bonus_pose_vector_10; module_bonus_ray_interaction_15; module_bonus_data_collection_22; module_bonus_telemetry_20; module_bonus_frame_behavior_5; evidence_bonus_telemetry_or_network_hits_12; sensitive_sink_data_collection_bonus_15; sensitive_sink_telemetry_bonus_15; keyword_support_eye_or_gaze_5_bonus_20; keyword_support_sdk_4_bonus_12; keyword_support_collection_or_telemetry_4_bonus_16,C:\realDesktop\manifest-evaluations\summer-26\ghidra-pipeline\il2cpp-files\AimAssaultDemo\general-structure-results\90_plus_uncertain_gaze_or_xr_structure_near_certain\07117498_Unity.VisualScripting.Antlr3.Runtime.Misc.Stats$$GetAbsoluteFileName.c,C:\realDesktop\manifest-evaluations\summer-26\ghidra-pipeline\il2cpp-files\AimAssaultDemo\manual-review-pack\A_must_review\060_p343_Unity.VisualScripting.Antlr3.Runtime.Misc.Stats$$GetAbsoluteFileName.c
61,343,A_must_review,Unity.VisualScripting.Antlr3.Runtime.Misc.Stats$$.ctor,07117548,181,90_plus_uncertain_gaze_or_xr_structure_near_certain,eye_source; weak_source_state; pose_vector; ray_interaction; data_collection; telemetry; frame_behavior,strong_eye_source_hits_4; weak_xr_or_state_hits_4; strong_pose_or_ray_construction_hits_10; ray_or_cast_sink_hits_2; strong_file_logging_hits_2; telemetry_or_network_hits_2; frame_or_lifecycle_behavior; functionality_data_collection_or_telemetry_hits_4,base_scanner_score_181; module_bonus_pose_vector_10; module_bonus_ray_interaction_15; module_bonus_data_collection_22; module_bonus_telemetry_20; module_bonus_frame_behavior_5; evidence_bonus_telemetry_or_network_hits_12; sensitive_sink_data_collection_bonus_15; sensitive_sink_telemetry_bonus_15; keyword_support_eye_or_gaze_5_bonus_20; keyword_support_sdk_4_bonus_12; keyword_support_collection_or_telemetry_4_bonus_16,C:\realDesktop\manifest-evaluations\summer-26\ghidra-pipeline\il2cpp-files\AimAssaultDemo\general-structure-results\90_plus_uncertain_gaze_or_xr_structure_near_certain\07117548_Unity.VisualScripting.Antlr3.Runtime.Misc.Stats$$.ctor.c,C:\realDesktop\manifest-evaluations\summer-26\ghidra-pipeline\il2cpp-files\AimAssaultDemo\manual-review-pack\A_must_review\061_p343_Unity.VisualScripting.Antlr3.Runtime.Misc.Stats$$.ctor.c
62,343,A_must_review,FUN_07117494,07117494,181,90_plus_uncertain_gaze_or_xr_structure_near_certain,eye_source; weak_source_state; pose_vector; ray_interaction; data_collection; telemetry; frame_behavior,strong_eye_source_hits_4; weak_xr_or_state_hits_4; strong_pose_or_ray_construction_hits_12; ray_or_cast_sink_hits_2; strong_file_logging_hits_2; telemetry_or_network_hits_2; frame_or_lifecycle_behavior; functionality_data_collection_or_telemetry_hits_4,base_scanner_score_181; module_bonus_pose_vector_10; module_bonus_ray_interaction_15; module_bonus_data_collection_22; module_bonus_telemetry_20; module_bonus_frame_behavior_5; evidence_bonus_telemetry_or_network_hits_12; sensitive_sink_data_collection_bonus_15; sensitive_sink_telemetry_bonus_15; keyword_support_eye_or_gaze_5_bonus_20; keyword_support_sdk_4_bonus_12; keyword_support_collection_or_telemetry_4_bonus_16,C:\realDesktop\manifest-evaluations\summer-26\ghidra-pipeline\il2cpp-files\AimAssaultDemo\general-structure-results\90_plus_uncertain_gaze_or_xr_structure_near_certain\07117494_FUN_07117494.c,C:\realDesktop\manifest-evaluations\summer-26\ghidra-pipeline\il2cpp-files\AimAssaultDemo\manual-review-pack\A_must_review\062_p343_FUN_07117494.c
63,341,A_must_review,UnityEngine.EventSystems.OVRPhysicsRaycaster$$set_eventMask,06350724,195,90_plus_framework_foveated_rendering_support_or_attempt_near_certain,eye_source; validity_gate; paired_state_refs; ray_interaction; telemetry; foveation_rendering; attempted_use; dynamic_foveation_possible,strong_eye_source_hits_8; validity_or_gating_hits_21; paired_field_refs_with_eye_source; ray_or_cast_sink_hits_4; telemetry_or_network_hits_2; strong_foveation_hits_6; attempted_eye_tracking_permission_or_feature_enable; attempted_eye_tracking_with_foveated_rendering_path; negative_framework_support_context_without_confirmed_app_level_gaze_flow; framework_foveation_support_not_confirmed_dynamic_eye_tracking; functionality_foveated_rendering; functionality_data_collection_or_telemetry_hits_2,base_scanner_score_195; module_bonus_validity_gate_8; module_bonus_paired_state_refs_8; module_bonus_ray_interaction_15; module_bonus_telemetry_20; module_bonus_foveation_rendering_20; evidence_bonus_telemetry_or_network_hits_12; sensitive_sink_telemetry_bonus_15; sensitive_sink_foveation_bonus_12; keyword_support_eye_or_gaze_5_bonus_20; keyword_support_collection_or_telemetry_4_bonus_16,C:\realDesktop\manifest-evaluations\summer-26\ghidra-pipeline\il2cpp-files\AimAssaultDemo\general-structure-results\90_plus_framework_foveated_rendering_support_or_attempt_near_certain\06350724_UnityEngine.EventSystems.OVRPhysicsRaycaster$$set_eventMask.c,C:\realDesktop\manifest-evaluations\summer-26\ghidra-pipeline\il2cpp-files\AimAssaultDemo\manual-review-pack\A_must_review\063_p341_UnityEngine.EventSystems.OVRPhysicsRaycaster$$set_eventMask.c
64,341,A_must_review,UnityEngine.EventSystems.OVRPhysicsRaycaster$$get_sortOrderPriority,06350650,195,90_plus_framework_foveated_rendering_support_or_attempt_near_certain,eye_source; validity_gate; paired_state_refs; ray_interaction; telemetry; foveation_rendering; attempted_use; dynamic_foveation_possible,strong_eye_source_hits_8; validity_or_gating_hits_21; paired_field_refs_with_eye_source; ray_or_cast_sink_hits_4; telemetry_or_network_hits_2; strong_foveation_hits_6; attempted_eye_tracking_permission_or_feature_enable; attempted_eye_tracking_with_foveated_rendering_path; negative_framework_support_context_without_confirmed_app_level_gaze_flow; framework_foveation_support_not_confirmed_dynamic_eye_tracking; functionality_foveated_rendering; functionality_data_collection_or_telemetry_hits_2,base_scanner_score_195; module_bonus_validity_gate_8; module_bonus_paired_state_refs_8; module_bonus_ray_interaction_15; module_bonus_telemetry_20; module_bonus_foveation_rendering_20; evidence_bonus_telemetry_or_network_hits_12; sensitive_sink_telemetry_bonus_15; sensitive_sink_foveation_bonus_12; keyword_support_eye_or_gaze_5_bonus_20; keyword_support_collection_or_telemetry_4_bonus_16,C:\realDesktop\manifest-evaluations\summer-26\ghidra-pipeline\il2cpp-files\AimAssaultDemo\general-structure-results\90_plus_framework_foveated_rendering_support_or_attempt_near_certain\06350650_UnityEngine.EventSystems.OVRPhysicsRaycaster$$get_sortOrderPriority.c,C:\realDesktop\manifest-evaluations\summer-26\ghidra-pipeline\il2cpp-files\AimAssaultDemo\manual-review-pack\A_must_review\064_p341_UnityEngine.EventSystems.OVRPhysicsRaycaster$$get_sortOrderPriority.c
65,341,A_must_review,UnityEngine.EventSystems.OVRPhysicsRaycaster$$get_finalEventMask,06350658,195,90_plus_framework_foveated_rendering_support_or_attempt_near_certain,eye_source; validity_gate; paired_state_refs; ray_interaction; telemetry; foveation_rendering; attempted_use; dynamic_foveation_possible,strong_eye_source_hits_8; validity_or_gating_hits_21; paired_field_refs_with_eye_source; ray_or_cast_sink_hits_4; telemetry_or_network_hits_2; strong_foveation_hits_6; attempted_eye_tracking_permission_or_feature_enable; attempted_eye_tracking_with_foveated_rendering_path; negative_framework_support_context_without_confirmed_app_level_gaze_flow; framework_foveation_support_not_confirmed_dynamic_eye_tracking; functionality_foveated_rendering; functionality_data_collection_or_telemetry_hits_2,base_scanner_score_195; module_bonus_validity_gate_8; module_bonus_paired_state_refs_8; module_bonus_ray_interaction_15; module_bonus_telemetry_20; module_bonus_foveation_rendering_20; evidence_bonus_telemetry_or_network_hits_12; sensitive_sink_telemetry_bonus_15; sensitive_sink_foveation_bonus_12; keyword_support_eye_or_gaze_5_bonus_20; keyword_support_collection_or_telemetry_4_bonus_16,C:\realDesktop\manifest-evaluations\summer-26\ghidra-pipeline\il2cpp-files\AimAssaultDemo\general-structure-results\90_plus_framework_foveated_rendering_support_or_attempt_near_certain\06350658_UnityEngine.EventSystems.OVRPhysicsRaycaster$$get_finalEventMask.c,C:\realDesktop\manifest-evaluations\summer-26\ghidra-pipeline\il2cpp-files\AimAssaultDemo\manual-review-pack\A_must_review\065_p341_UnityEngine.EventSystems.OVRPhysicsRaycaster$$get_finalEventMask.c
66,341,A_must_review,UnityEngine.EventSystems.OVRPhysicsRaycaster$$get_eventMask,0635071c,195,90_plus_framework_foveated_rendering_support_or_attempt_near_certain,eye_source; validity_gate; paired_state_refs; ray_interaction; telemetry; foveation_rendering; attempted_use; dynamic_foveation_possible,strong_eye_source_hits_8; validity_or_gating_hits_21; paired_field_refs_with_eye_source; ray_or_cast_sink_hits_4; telemetry_or_network_hits_2; strong_foveation_hits_6; attempted_eye_tracking_permission_or_feature_enable; attempted_eye_tracking_with_foveated_rendering_path; negative_framework_support_context_without_confirmed_app_level_gaze_flow; framework_foveation_support_not_confirmed_dynamic_eye_tracking; functionality_foveated_rendering; functionality_data_collection_or_telemetry_hits_2,base_scanner_score_195; module_bonus_validity_gate_8; module_bonus_paired_state_refs_8; module_bonus_ray_interaction_15; module_bonus_telemetry_20; module_bonus_foveation_rendering_20; evidence_bonus_telemetry_or_network_hits_12; sensitive_sink_telemetry_bonus_15; sensitive_sink_foveation_bonus_12; keyword_support_eye_or_gaze_5_bonus_20; keyword_support_collection_or_telemetry_4_bonus_16,C:\realDesktop\manifest-evaluations\summer-26\ghidra-pipeline\il2cpp-files\AimAssaultDemo\general-structure-results\90_plus_framework_foveated_rendering_support_or_attempt_near_certain\0635071c_UnityEngine.EventSystems.OVRPhysicsRaycaster$$get_eventMask.c,C:\realDesktop\manifest-evaluations\summer-26\ghidra-pipeline\il2cpp-files\AimAssaultDemo\manual-review-pack\A_must_review\066_p341_UnityEngine.EventSystems.OVRPhysicsRaycaster$$get_eventMask.c
67,341,A_must_review,UnityEngine.EventSystems.OVRPhysicsRaycaster$$Raycast,0635072c,195,90_plus_framework_foveated_rendering_support_or_attempt_near_certain,eye_source; validity_gate; paired_state_refs; ray_interaction; telemetry; foveation_rendering; attempted_use; dynamic_foveation_possible,strong_eye_source_hits_8; validity_or_gating_hits_21; paired_field_refs_with_eye_source; ray_or_cast_sink_hits_5; telemetry_or_network_hits_2; strong_foveation_hits_6; attempted_eye_tracking_permission_or_feature_enable; attempted_eye_tracking_with_foveated_rendering_path; negative_framework_support_context_without_confirmed_app_level_gaze_flow; framework_foveation_support_not_confirmed_dynamic_eye_tracking; functionality_foveated_rendering; functionality_data_collection_or_telemetry_hits_2,base_scanner_score_195; module_bonus_validity_gate_8; module_bonus_paired_state_refs_8; module_bonus_ray_interaction_15; module_bonus_telemetry_20; module_bonus_foveation_rendering_20; evidence_bonus_telemetry_or_network_hits_12; sensitive_sink_telemetry_bonus_15; sensitive_sink_foveation_bonus_12; keyword_support_eye_or_gaze_5_bonus_20; keyword_support_collection_or_telemetry_4_bonus_16,C:\realDesktop\manifest-evaluations\summer-26\ghidra-pipeline\il2cpp-files\AimAssaultDemo\general-structure-results\90_plus_framework_foveated_rendering_support_or_attempt_near_certain\0635072c_UnityEngine.EventSystems.OVRPhysicsRaycaster$$Raycast.c,C:\realDesktop\manifest-evaluations\summer-26\ghidra-pipeline\il2cpp-files\AimAssaultDemo\manual-review-pack\A_must_review\067_p341_UnityEngine.EventSystems.OVRPhysicsRaycaster$$Raycast.c
68,337,A_must_review,UnityEngine.EventSystems.OVRInputModule$$GetGazeButtonState,0635009c,194,90_plus_framework_foveated_rendering_support_or_attempt_near_certain,eye_source; weak_source_state; validity_gate; paired_state_refs; ui_interaction; telemetry; foveation_rendering; attempted_use; dynamic_foveation_possible,strong_eye_source_hits_10; weak_xr_or_state_hits_2; validity_or_gating_hits_21; paired_field_refs_with_eye_source; ui_or_gameplay_sink_hits_2; telemetry_or_network_hits_2; strong_foveation_hits_6; attempted_eye_tracking_permission_or_feature_enable; attempted_eye_tracking_with_foveated_rendering_path; negative_framework_support_context_without_confirmed_app_level_gaze_flow; framework_foveation_support_not_confirmed_dynamic_eye_tracking; functionality_foveated_rendering; functionality_gaze_retrieval_or_extraction; functionality_data_collection_or_telemetry_hits_2,base_scanner_score_194; module_bonus_validity_gate_8; module_bonus_paired_state_refs_8; module_bonus_ui_interaction_12; module_bonus_telemetry_20; module_bonus_foveation_rendering_20; evidence_bonus_telemetry_or_network_hits_12; sensitive_sink_telemetry_bonus_15; sensitive_sink_foveation_bonus_12; keyword_support_eye_or_gaze_5_bonus_20; keyword_support_collection_or_telemetry_4_bonus_16,C:\realDesktop\manifest-evaluations\summer-26\ghidra-pipeline\il2cpp-files\AimAssaultDemo\general-structure-results\90_plus_framework_foveated_rendering_support_or_attempt_near_certain\0635009c_UnityEngine.EventSystems.OVRInputModule$$GetGazeButtonState.c,C:\realDesktop\manifest-evaluations\summer-26\ghidra-pipeline\il2cpp-files\AimAssaultDemo\manual-review-pack\A_must_review\068_p337_UnityEngine.EventSystems.OVRInputModule$$GetGazeButtonState.c
69,322,A_must_review,Meta.XR.MetaXRFeature$$OnAppSpaceChange,06351a0c,191,90_plus_attempted_dynamic_eye_tracked_foveation_near_certain,eye_source; validity_gate; paired_state_refs; telemetry; foveation_rendering; attempted_use; dynamic_foveation_possible,strong_eye_source_hits_9; validity_or_gating_hits_21; paired_field_refs_with_eye_source; telemetry_or_network_hits_2; strong_foveation_hits_6; attempted_eye_tracking_permission_or_feature_enable; attempted_eye_tracking_with_foveated_rendering_path; functionality_foveated_rendering; functionality_data_collection_or_telemetry_hits_2,base_scanner_score_191; module_bonus_validity_gate_8; module_bonus_paired_state_refs_8; module_bonus_telemetry_20; module_bonus_foveation_rendering_20; evidence_bonus_telemetry_or_network_hits_12; sensitive_sink_telemetry_bonus_15; sensitive_sink_foveation_bonus_12; keyword_support_eye_or_gaze_5_bonus_20; keyword_support_collection_or_telemetry_4_bonus_16,C:\realDesktop\manifest-evaluations\summer-26\ghidra-pipeline\il2cpp-files\AimAssaultDemo\general-structure-results\90_plus_attempted_dynamic_eye_tracked_foveation_near_certain\06351a0c_Meta.XR.MetaXRFeature$$OnAppSpaceChange.c,C:\realDesktop\manifest-evaluations\summer-26\ghidra-pipeline\il2cpp-files\AimAssaultDemo\manual-review-pack\A_must_review\069_p322_Meta.XR.MetaXRFeature$$OnAppSpaceChange.c
70,322,A_must_review,FUN_0634fee0,0634fee0,191,90_plus_attempted_dynamic_eye_tracked_foveation_near_certain,eye_source; validity_gate; paired_state_refs; telemetry; foveation_rendering; attempted_use; dynamic_foveation_possible,strong_eye_source_hits_8; validity_or_gating_hits_21; paired_field_refs_with_eye_source; telemetry_or_network_hits_2; strong_foveation_hits_6; attempted_eye_tracking_permission_or_feature_enable; attempted_eye_tracking_with_foveated_rendering_path; functionality_foveated_rendering; functionality_data_collection_or_telemetry_hits_2,base_scanner_score_191; module_bonus_validity_gate_8; module_bonus_paired_state_refs_8; module_bonus_telemetry_20; module_bonus_foveation_rendering_20; evidence_bonus_telemetry_or_network_hits_12; sensitive_sink_telemetry_bonus_15; sensitive_sink_foveation_bonus_12; keyword_support_eye_or_gaze_5_bonus_20; keyword_support_collection_or_telemetry_4_bonus_16,C:\realDesktop\manifest-evaluations\summer-26\ghidra-pipeline\il2cpp-files\AimAssaultDemo\general-structure-results\90_plus_attempted_dynamic_eye_tracked_foveation_near_certain\0634fee0_FUN_0634fee0.c,C:\realDesktop\manifest-evaluations\summer-26\ghidra-pipeline\il2cpp-files\AimAssaultDemo\manual-review-pack\A_must_review\070_p322_FUN_0634fee0.c
71,321,A_must_review,UnityEngine.EventSystems.OVRPhysicsRaycaster.<>c$$<Spherecast>b__16_0,06350c74,183,90_plus_framework_foveated_rendering_support_or_attempt_near_certain,eye_source; validity_gate; ray_interaction; telemetry; foveation_rendering; attempted_use; dynamic_foveation_possible,strong_eye_source_hits_8; validity_or_gating_hits_21; ray_or_cast_sink_hits_6; telemetry_or_network_hits_2; strong_foveation_hits_6; attempted_eye_tracking_permission_or_feature_enable; attempted_eye_tracking_with_foveated_rendering_path; negative_framework_support_context_without_confirmed_app_level_gaze_flow; framework_foveation_support_not_confirmed_dynamic_eye_tracking; functionality_foveated_rendering; functionality_data_collection_or_telemetry_hits_2,base_scanner_score_183; module_bonus_validity_gate_8; module_bonus_ray_interaction_15; module_bonus_telemetry_20; module_bonus_foveation_rendering_20; evidence_bonus_telemetry_or_network_hits_12; sensitive_sink_telemetry_bonus_15; sensitive_sink_foveation_bonus_12; keyword_support_eye_or_gaze_5_bonus_20; keyword_support_collection_or_telemetry_4_bonus_16,C:\realDesktop\manifest-evaluations\summer-26\ghidra-pipeline\il2cpp-files\AimAssaultDemo\general-structure-results\90_plus_framework_foveated_rendering_support_or_attempt_near_certain\06350c74_UnityEngine.EventSystems.OVRPhysicsRaycaster._c$$_Spherecast_b__16_0.c,C:\realDesktop\manifest-evaluations\summer-26\ghidra-pipeline\il2cpp-files\AimAssaultDemo\manual-review-pack\A_must_review\071_p321_UnityEngine.EventSystems.OVRPhysicsRaycaster._c$$_Spherecast_b__16_0.c
72,321,A_must_review,UnityEngine.EventSystems.OVRPhysicsRaycaster.<>c$$<Raycast>b__15_0,06350c30,183,90_plus_framework_foveated_rendering_support_or_attempt_near_certain,eye_source; validity_gate; ray_interaction; telemetry; foveation_rendering; attempted_use; dynamic_foveation_possible,strong_eye_source_hits_8; validity_or_gating_hits_21; ray_or_cast_sink_hits_6; telemetry_or_network_hits_2; strong_foveation_hits_6; attempted_eye_tracking_permission_or_feature_enable; attempted_eye_tracking_with_foveated_rendering_path; negative_framework_support_context_without_confirmed_app_level_gaze_flow; framework_foveation_support_not_confirmed_dynamic_eye_tracking; functionality_foveated_rendering; functionality_data_collection_or_telemetry_hits_2,base_scanner_score_183; module_bonus_validity_gate_8; module_bonus_ray_interaction_15; module_bonus_telemetry_20; module_bonus_foveation_rendering_20; evidence_bonus_telemetry_or_network_hits_12; sensitive_sink_telemetry_bonus_15; sensitive_sink_foveation_bonus_12; keyword_support_eye_or_gaze_5_bonus_20; keyword_support_collection_or_telemetry_4_bonus_16,C:\realDesktop\manifest-evaluations\summer-26\ghidra-pipeline\il2cpp-files\AimAssaultDemo\general-structure-results\90_plus_framework_foveated_rendering_support_or_attempt_near_certain\06350c30_UnityEngine.EventSystems.OVRPhysicsRaycaster._c$$_Raycast_b__15_0.c,C:\realDesktop\manifest-evaluations\summer-26\ghidra-pipeline\il2cpp-files\AimAssaultDemo\manual-review-pack\A_must_review\072_p321_UnityEngine.EventSystems.OVRPhysicsRaycaster._c$$_Raycast_b__15_0.c
73,321,A_must_review,UnityEngine.EventSystems.OVRPhysicsRaycaster.<>c$$.ctor,06350c28,183,90_plus_framework_foveated_rendering_support_or_attempt_near_certain,eye_source; validity_gate; ray_interaction; telemetry; foveation_rendering; attempted_use; dynamic_foveation_possible,strong_eye_source_hits_8; validity_or_gating_hits_21; ray_or_cast_sink_hits_4; telemetry_or_network_hits_2; strong_foveation_hits_6; attempted_eye_tracking_permission_or_feature_enable; attempted_eye_tracking_with_foveated_rendering_path; negative_framework_support_context_without_confirmed_app_level_gaze_flow; framework_foveation_support_not_confirmed_dynamic_eye_tracking; functionality_foveated_rendering; functionality_data_collection_or_telemetry_hits_2,base_scanner_score_183; module_bonus_validity_gate_8; module_bonus_ray_interaction_15; module_bonus_telemetry_20; module_bonus_foveation_rendering_20; evidence_bonus_telemetry_or_network_hits_12; sensitive_sink_telemetry_bonus_15; sensitive_sink_foveation_bonus_12; keyword_support_eye_or_gaze_5_bonus_20; keyword_support_collection_or_telemetry_4_bonus_16,C:\realDesktop\manifest-evaluations\summer-26\ghidra-pipeline\il2cpp-files\AimAssaultDemo\general-structure-results\90_plus_framework_foveated_rendering_support_or_attempt_near_certain\06350c28_UnityEngine.EventSystems.OVRPhysicsRaycaster._c$$.ctor.c,C:\realDesktop\manifest-evaluations\summer-26\ghidra-pipeline\il2cpp-files\AimAssaultDemo\manual-review-pack\A_must_review\073_p321_UnityEngine.EventSystems.OVRPhysicsRaycaster._c$$.ctor.c
74,321,A_must_review,UnityEngine.EventSystems.OVRPhysicsRaycaster.<>c$$.cctor,06350bc0,183,90_plus_framework_foveated_rendering_support_or_attempt_near_certain,eye_source; validity_gate; ray_interaction; telemetry; foveation_rendering; attempted_use; dynamic_foveation_possible,strong_eye_source_hits_8; validity_or_gating_hits_21; ray_or_cast_sink_hits_4; telemetry_or_network_hits_2; strong_foveation_hits_6; attempted_eye_tracking_permission_or_feature_enable; attempted_eye_tracking_with_foveated_rendering_path; negative_framework_support_context_without_confirmed_app_level_gaze_flow; framework_foveation_support_not_confirmed_dynamic_eye_tracking; functionality_foveated_rendering; functionality_data_collection_or_telemetry_hits_2,base_scanner_score_183; module_bonus_validity_gate_8; module_bonus_ray_interaction_15; module_bonus_telemetry_20; module_bonus_foveation_rendering_20; evidence_bonus_telemetry_or_network_hits_12; sensitive_sink_telemetry_bonus_15; sensitive_sink_foveation_bonus_12; keyword_support_eye_or_gaze_5_bonus_20; keyword_support_collection_or_telemetry_4_bonus_16,C:\realDesktop\manifest-evaluations\summer-26\ghidra-pipeline\il2cpp-files\AimAssaultDemo\general-structure-results\90_plus_framework_foveated_rendering_support_or_attempt_near_certain\06350bc0_UnityEngine.EventSystems.OVRPhysicsRaycaster._c$$.cctor.c,C:\realDesktop\manifest-evaluations\summer-26\ghidra-pipeline\il2cpp-files\AimAssaultDemo\manual-review-pack\A_must_review\074_p321_UnityEngine.EventSystems.OVRPhysicsRaycaster._c$$.cctor.c
75,321,A_must_review,UnityEngine.EventSystems.OVRPhysicsRaycaster$$get_eventCamera,06350534,183,90_plus_framework_foveated_rendering_support_or_attempt_near_certain,eye_source; validity_gate; ray_interaction; telemetry; foveation_rendering; attempted_use; dynamic_foveation_possible,strong_eye_source_hits_8; validity_or_gating_hits_21; ray_or_cast_sink_hits_4; telemetry_or_network_hits_2; strong_foveation_hits_6; attempted_eye_tracking_permission_or_feature_enable; attempted_eye_tracking_with_foveated_rendering_path; negative_framework_support_context_without_confirmed_app_level_gaze_flow; framework_foveation_support_not_confirmed_dynamic_eye_tracking; functionality_foveated_rendering; functionality_data_collection_or_telemetry_hits_2,base_scanner_score_183; module_bonus_validity_gate_8; module_bonus_ray_interaction_15; module_bonus_telemetry_20; module_bonus_foveation_rendering_20; evidence_bonus_telemetry_or_network_hits_12; sensitive_sink_telemetry_bonus_15; sensitive_sink_foveation_bonus_12; keyword_support_eye_or_gaze_5_bonus_20; keyword_support_collection_or_telemetry_4_bonus_16,C:\realDesktop\manifest-evaluations\summer-26\ghidra-pipeline\il2cpp-files\AimAssaultDemo\general-structure-results\90_plus_framework_foveated_rendering_support_or_attempt_near_certain\06350534_UnityEngine.EventSystems.OVRPhysicsRaycaster$$get_eventCamera.c,C:\realDesktop\manifest-evaluations\summer-26\ghidra-pipeline\il2cpp-files\AimAssaultDemo\manual-review-pack\A_must_review\075_p321_UnityEngine.EventSystems.OVRPhysicsRaycaster$$get_eventCamera.c
76,321,A_must_review,UnityEngine.EventSystems.OVRPhysicsRaycaster$$get_depth,0635058c,183,90_plus_framework_foveated_rendering_support_or_attempt_near_certain,eye_source; validity_gate; ray_interaction; telemetry; foveation_rendering; attempted_use; dynamic_foveation_possible,strong_eye_source_hits_8; validity_or_gating_hits_21; ray_or_cast_sink_hits_4; telemetry_or_network_hits_2; strong_foveation_hits_6; attempted_eye_tracking_permission_or_feature_enable; attempted_eye_tracking_with_foveated_rendering_path; negative_framework_support_context_without_confirmed_app_level_gaze_flow; framework_foveation_support_not_confirmed_dynamic_eye_tracking; functionality_foveated_rendering; functionality_data_collection_or_telemetry_hits_2,base_scanner_score_183; module_bonus_validity_gate_8; module_bonus_ray_interaction_15; module_bonus_telemetry_20; module_bonus_foveation_rendering_20; evidence_bonus_telemetry_or_network_hits_12; sensitive_sink_telemetry_bonus_15; sensitive_sink_foveation_bonus_12; keyword_support_eye_or_gaze_5_bonus_20; keyword_support_collection_or_telemetry_4_bonus_16,C:\realDesktop\manifest-evaluations\summer-26\ghidra-pipeline\il2cpp-files\AimAssaultDemo\general-structure-results\90_plus_framework_foveated_rendering_support_or_attempt_near_certain\0635058c_UnityEngine.EventSystems.OVRPhysicsRaycaster$$get_depth.c,C:\realDesktop\manifest-evaluations\summer-26\ghidra-pipeline\il2cpp-files\AimAssaultDemo\manual-review-pack\A_must_review\076_p321_UnityEngine.EventSystems.OVRPhysicsRaycaster$$get_depth.c
77,321,A_must_review,UnityEngine.EventSystems.OVRPhysicsRaycaster$$.ctor,0635050c,183,90_plus_framework_foveated_rendering_support_or_attempt_near_certain,eye_source; validity_gate; ray_interaction; telemetry; foveation_rendering; attempted_use; dynamic_foveation_possible,strong_eye_source_hits_8; validity_or_gating_hits_21; ray_or_cast_sink_hits_4; telemetry_or_network_hits_2; strong_foveation_hits_6; attempted_eye_tracking_permission_or_feature_enable; attempted_eye_tracking_with_foveated_rendering_path; negative_framework_support_context_without_confirmed_app_level_gaze_flow; framework_foveation_support_not_confirmed_dynamic_eye_tracking; functionality_foveated_rendering; functionality_data_collection_or_telemetry_hits_2,base_scanner_score_183; module_bonus_validity_gate_8; module_bonus_ray_interaction_15; module_bonus_telemetry_20; module_bonus_foveation_rendering_20; evidence_bonus_telemetry_or_network_hits_12; sensitive_sink_telemetry_bonus_15; sensitive_sink_foveation_bonus_12; keyword_support_eye_or_gaze_5_bonus_20; keyword_support_collection_or_telemetry_4_bonus_16,C:\realDesktop\manifest-evaluations\summer-26\ghidra-pipeline\il2cpp-files\AimAssaultDemo\general-structure-results\90_plus_framework_foveated_rendering_support_or_attempt_near_certain\0635050c_UnityEngine.EventSystems.OVRPhysicsRaycaster$$.ctor.c,C:\realDesktop\manifest-evaluations\summer-26\ghidra-pipeline\il2cpp-files\AimAssaultDemo\manual-review-pack\A_must_review\077_p321_UnityEngine.EventSystems.OVRPhysicsRaycaster$$.ctor.c
78,313,A_must_review,Meta.XR.MetaXREyeTrackedFoveationFeature$$get_eyeTrackedFoveatedRenderingEnabled,0635120c,190,90_plus_attempted_dynamic_eye_tracked_foveation_near_certain,eye_source; weak_source_state; validity_gate; telemetry; foveation_rendering; attempted_use; dynamic_foveation_possible,strong_eye_source_hits_9; weak_xr_or_state_hits_4; validity_or_gating_hits_21; telemetry_or_network_hits_2; strong_foveation_hits_6; attempted_eye_tracking_permission_or_feature_enable; attempted_eye_tracking_with_foveated_rendering_path; functionality_foveated_rendering; functionality_data_collection_or_telemetry_hits_2,base_scanner_score_190; module_bonus_validity_gate_8; module_bonus_telemetry_20; module_bonus_foveation_rendering_20; evidence_bonus_telemetry_or_network_hits_12; sensitive_sink_telemetry_bonus_15; sensitive_sink_foveation_bonus_12; keyword_support_eye_or_gaze_5_bonus_20; keyword_support_collection_or_telemetry_4_bonus_16,C:\realDesktop\manifest-evaluations\summer-26\ghidra-pipeline\il2cpp-files\AimAssaultDemo\general-structure-results\90_plus_attempted_dynamic_eye_tracked_foveation_near_certain\0635120c_Meta.XR.MetaXREyeTrackedFoveationFeature$$get_eyeTrackedFoveatedRenderingEnabled.c,C:\realDesktop\manifest-evaluations\summer-26\ghidra-pipeline\il2cpp-files\AimAssaultDemo\manual-review-pack\A_must_review\078_p313_Meta.XR.MetaXREyeTrackedFoveationFeature$$get_eyeTrackedFoveatedRenderingEnabled.c
79,311,A_must_review,Meta.XR.MetaXREyeTrackedFoveationFeature$$set_eyeTrackedFoveatedRenderingEnabled,063512b8,188,90_plus_attempted_dynamic_eye_tracked_foveation_near_certain,eye_source; weak_source_state; validity_gate; telemetry; foveation_rendering; attempted_use; dynamic_foveation_possible,strong_eye_source_hits_15; weak_xr_or_state_hits_2; validity_or_gating_hits_21; telemetry_or_network_hits_2; strong_foveation_hits_10; attempted_eye_tracking_permission_or_feature_enable; attempted_eye_tracking_with_foveated_rendering_path; functionality_foveated_rendering; functionality_data_collection_or_telemetry_hits_2,base_scanner_score_188; module_bonus_validity_gate_8; module_bonus_telemetry_20; module_bonus_foveation_rendering_20; evidence_bonus_telemetry_or_network_hits_12; sensitive_sink_telemetry_bonus_15; sensitive_sink_foveation_bonus_12; keyword_support_eye_or_gaze_5_bonus_20; keyword_support_collection_or_telemetry_4_bonus_16,C:\realDesktop\manifest-evaluations\summer-26\ghidra-pipeline\il2cpp-files\AimAssaultDemo\general-structure-results\90_plus_attempted_dynamic_eye_tracked_foveation_near_certain\063512b8_Meta.XR.MetaXREyeTrackedFoveationFeature$$set_eyeTrackedFoveatedRenderingEnabled.c,C:\realDesktop\manifest-evaluations\summer-26\ghidra-pipeline\il2cpp-files\AimAssaultDemo\manual-review-pack\A_must_review\079_p311_Meta.XR.MetaXREyeTrackedFoveationFeature$$set_eyeTrackedFoveatedRenderingEnabled.c
80,311,A_must_review,Meta.XR.MetaXREyeTrackedFoveationFeature$$get_eyeTrackedFoveatedRenderingSupported,0635138c,188,90_plus_attempted_dynamic_eye_tracked_foveation_near_certain,eye_source; weak_source_state; validity_gate; telemetry; foveation_rendering; attempted_use; dynamic_foveation_possible,strong_eye_source_hits_15; weak_xr_or_state_hits_2; validity_or_gating_hits_21; telemetry_or_network_hits_2; strong_foveation_hits_10; attempted_eye_tracking_permission_or_feature_enable; attempted_eye_tracking_with_foveated_rendering_path; functionality_foveated_rendering; functionality_data_collection_or_telemetry_hits_2,base_scanner_score_188; module_bonus_validity_gate_8; module_bonus_telemetry_20; module_bonus_foveation_rendering_20; evidence_bonus_telemetry_or_network_hits_12; sensitive_sink_telemetry_bonus_15; sensitive_sink_foveation_bonus_12; keyword_support_eye_or_gaze_5_bonus_20; keyword_support_collection_or_telemetry_4_bonus_16,C:\realDesktop\manifest-evaluations\summer-26\ghidra-pipeline\il2cpp-files\AimAssaultDemo\general-structure-results\90_plus_attempted_dynamic_eye_tracked_foveation_near_certain\0635138c_Meta.XR.MetaXREyeTrackedFoveationFeature$$get_eyeTrackedFoveatedRenderingSupported.c,C:\realDesktop\manifest-evaluations\summer-26\ghidra-pipeline\il2cpp-files\AimAssaultDemo\manual-review-pack\A_must_review\080_p311_Meta.XR.MetaXREyeTrackedFoveationFeature$$get_eyeTrackedFoveatedRenderingSupported.c
81,311,A_must_review,Meta.XR.MetaXREyeTrackedFoveationFeature$$MetaGetEyeTrackedFoveationSupported,063513a8,188,90_plus_attempted_dynamic_eye_tracked_foveation_near_certain,eye_source; weak_source_state; validity_gate; telemetry; foveation_rendering; attempted_use; dynamic_foveation_possible,strong_eye_source_hits_13; weak_xr_or_state_hits_2; validity_or_gating_hits_21; telemetry_or_network_hits_2; strong_foveation_hits_10; attempted_eye_tracking_permission_or_feature_enable; attempted_eye_tracking_with_foveated_rendering_path; functionality_foveated_rendering; functionality_data_collection_or_telemetry_hits_2,base_scanner_score_188; module_bonus_validity_gate_8; module_bonus_telemetry_20; module_bonus_foveation_rendering_20; evidence_bonus_telemetry_or_network_hits_12; sensitive_sink_telemetry_bonus_15; sensitive_sink_foveation_bonus_12; keyword_support_eye_or_gaze_5_bonus_20; keyword_support_collection_or_telemetry_4_bonus_16,C:\realDesktop\manifest-evaluations\summer-26\ghidra-pipeline\il2cpp-files\AimAssaultDemo\general-structure-results\90_plus_attempted_dynamic_eye_tracked_foveation_near_certain\063513a8_Meta.XR.MetaXREyeTrackedFoveationFeature$$MetaGetEyeTrackedFoveationSupported.c,C:\realDesktop\manifest-evaluations\summer-26\ghidra-pipeline\il2cpp-files\AimAssaultDemo\manual-review-pack\A_must_review\081_p311_Meta.XR.MetaXREyeTrackedFoveationFeature$$MetaGetEyeTrackedFoveationSupported.c
82,309,A_must_review,FUN_073353b0,073353b0,161,90_plus_uncertain_gaze_or_xr_structure_near_certain,eye_source; weak_source_state; validity_gate; paired_state_refs; data_collection; telemetry,strong_eye_source_hits_4; weak_xr_or_state_hits_4; validity_or_gating_hits_21; paired_field_refs_with_eye_source; strong_file_logging_hits_2; telemetry_or_network_hits_2; functionality_data_collection_or_telemetry_hits_4,base_scanner_score_161; module_bonus_validity_gate_8; module_bonus_paired_state_refs_8; module_bonus_data_collection_22; module_bonus_telemetry_20; evidence_bonus_telemetry_or_network_hits_12; sensitive_sink_data_collection_bonus_15; sensitive_sink_telemetry_bonus_15; keyword_support_eye_or_gaze_5_bonus_20; keyword_support_sdk_4_bonus_12; keyword_support_collection_or_telemetry_4_bonus_16,C:\realDesktop\manifest-evaluations\summer-26\ghidra-pipeline\il2cpp-files\AimAssaultDemo\general-structure-results\90_plus_uncertain_gaze_or_xr_structure_near_certain\073353b0_FUN_073353b0.c,C:\realDesktop\manifest-evaluations\summer-26\ghidra-pipeline\il2cpp-files\AimAssaultDemo\manual-review-pack\A_must_review\082_p309_FUN_073353b0.c
83,302,A_must_review,Meta.XR.MetaXRFeature$$OnInstanceDestroy,0635189c,179,90_plus_attempted_dynamic_eye_tracked_foveation_near_certain,eye_source; validity_gate; telemetry; foveation_rendering; attempted_use; dynamic_foveation_possible,strong_eye_source_hits_9; validity_or_gating_hits_21; telemetry_or_network_hits_2; strong_foveation_hits_6; attempted_eye_tracking_permission_or_feature_enable; attempted_eye_tracking_with_foveated_rendering_path; functionality_foveated_rendering; functionality_data_collection_or_telemetry_hits_2,base_scanner_score_179; module_bonus_validity_gate_8; module_bonus_telemetry_20; module_bonus_foveation_rendering_20; evidence_bonus_telemetry_or_network_hits_12; sensitive_sink_telemetry_bonus_15; sensitive_sink_foveation_bonus_12; keyword_support_eye_or_gaze_5_bonus_20; keyword_support_collection_or_telemetry_4_bonus_16,C:\realDesktop\manifest-evaluations\summer-26\ghidra-pipeline\il2cpp-files\AimAssaultDemo\general-structure-results\90_plus_attempted_dynamic_eye_tracked_foveation_near_certain\0635189c_Meta.XR.MetaXRFeature$$OnInstanceDestroy.c,C:\realDesktop\manifest-evaluations\summer-26\ghidra-pipeline\il2cpp-files\AimAssaultDemo\manual-review-pack\A_must_review\083_p302_Meta.XR.MetaXRFeature$$OnInstanceDestroy.c
84,302,A_must_review,Meta.XR.MetaXREyeTrackedFoveationFeature$$OnSessionCreate,063511c0,179,90_plus_attempted_dynamic_eye_tracked_foveation_near_certain,eye_source; validity_gate; telemetry; foveation_rendering; attempted_use; dynamic_foveation_possible,strong_eye_source_hits_9; validity_or_gating_hits_21; telemetry_or_network_hits_2; strong_foveation_hits_6; attempted_eye_tracking_permission_or_feature_enable; attempted_eye_tracking_with_foveated_rendering_path; functionality_foveated_rendering; functionality_data_collection_or_telemetry_hits_2,base_scanner_score_179; module_bonus_validity_gate_8; module_bonus_telemetry_20; module_bonus_foveation_rendering_20; evidence_bonus_telemetry_or_network_hits_12; sensitive_sink_telemetry_bonus_15; sensitive_sink_foveation_bonus_12; keyword_support_eye_or_gaze_5_bonus_20; keyword_support_collection_or_telemetry_4_bonus_16,C:\realDesktop\manifest-evaluations\summer-26\ghidra-pipeline\il2cpp-files\AimAssaultDemo\general-structure-results\90_plus_attempted_dynamic_eye_tracked_foveation_near_certain\063511c0_Meta.XR.MetaXREyeTrackedFoveationFeature$$OnSessionCreate.c,C:\realDesktop\manifest-evaluations\summer-26\ghidra-pipeline\il2cpp-files\AimAssaultDemo\manual-review-pack\A_must_review\084_p302_Meta.XR.MetaXREyeTrackedFoveationFeature$$OnSessionCreate.c
85,302,A_must_review,Meta.XR.MetaXREyeTrackedFoveationFeature$$MetaSetFoveationEyeTracked,06351308,179,90_plus_attempted_dynamic_eye_tracked_foveation_near_certain,eye_source; validity_gate; telemetry; foveation_rendering; attempted_use; dynamic_foveation_possible,strong_eye_source_hits_15; validity_or_gating_hits_21; telemetry_or_network_hits_2; strong_foveation_hits_10; attempted_eye_tracking_permission_or_feature_enable; attempted_eye_tracking_with_foveated_rendering_path; functionality_foveated_rendering; functionality_data_collection_or_telemetry_hits_2,base_scanner_score_179; module_bonus_validity_gate_8; module_bonus_telemetry_20; module_bonus_foveation_rendering_20; evidence_bonus_telemetry_or_network_hits_12; sensitive_sink_telemetry_bonus_15; sensitive_sink_foveation_bonus_12; keyword_support_eye_or_gaze_5_bonus_20; keyword_support_collection_or_telemetry_4_bonus_16,C:\realDesktop\manifest-evaluations\summer-26\ghidra-pipeline\il2cpp-files\AimAssaultDemo\general-structure-results\90_plus_attempted_dynamic_eye_tracked_foveation_near_certain\06351308_Meta.XR.MetaXREyeTrackedFoveationFeature$$MetaSetFoveationEyeTracked.c,C:\realDesktop\manifest-evaluations\summer-26\ghidra-pipeline\il2cpp-files\AimAssaultDemo\manual-review-pack\A_must_review\085_p302_Meta.XR.MetaXREyeTrackedFoveationFeature$$MetaSetFoveationEyeTracked.c
86,302,A_must_review,Meta.XR.MetaXREyeTrackedFoveationFeature$$MetaGetFoveationEyeTracked,06351228,179,90_plus_attempted_dynamic_eye_tracked_foveation_near_certain,eye_source; validity_gate; telemetry; foveation_rendering; attempted_use; dynamic_foveation_possible,strong_eye_source_hits_9; validity_or_gating_hits_21; telemetry_or_network_hits_2; strong_foveation_hits_6; attempted_eye_tracking_permission_or_feature_enable; attempted_eye_tracking_with_foveated_rendering_path; functionality_foveated_rendering; functionality_data_collection_or_telemetry_hits_2,base_scanner_score_179; module_bonus_validity_gate_8; module_bonus_telemetry_20; module_bonus_foveation_rendering_20; evidence_bonus_telemetry_or_network_hits_12; sensitive_sink_telemetry_bonus_15; sensitive_sink_foveation_bonus_12; keyword_support_eye_or_gaze_5_bonus_20; keyword_support_collection_or_telemetry_4_bonus_16,C:\realDesktop\manifest-evaluations\summer-26\ghidra-pipeline\il2cpp-files\AimAssaultDemo\general-structure-results\90_plus_attempted_dynamic_eye_tracked_foveation_near_certain\06351228_Meta.XR.MetaXREyeTrackedFoveationFeature$$MetaGetFoveationEyeTracked.c,C:\realDesktop\manifest-evaluations\summer-26\ghidra-pipeline\il2cpp-files\AimAssaultDemo\manual-review-pack\A_must_review\086_p302_Meta.XR.MetaXREyeTrackedFoveationFeature$$MetaGetFoveationEyeTracked.c
87,302,A_must_review,Meta.XR.MetaXREyeTrackedFoveationFeature$$.ctor,06351438,179,90_plus_attempted_dynamic_eye_tracked_foveation_near_certain,eye_source; validity_gate; telemetry; foveation_rendering; attempted_use; dynamic_foveation_possible,strong_eye_source_hits_11; validity_or_gating_hits_21; telemetry_or_network_hits_2; strong_foveation_hits_8; attempted_eye_tracking_permission_or_feature_enable; attempted_eye_tracking_with_foveated_rendering_path; functionality_foveated_rendering; functionality_data_collection_or_telemetry_hits_2,base_scanner_score_179; module_bonus_validity_gate_8; module_bonus_telemetry_20; module_bonus_foveation_rendering_20; evidence_bonus_telemetry_or_network_hits_12; sensitive_sink_telemetry_bonus_15; sensitive_sink_foveation_bonus_12; keyword_support_eye_or_gaze_5_bonus_20; keyword_support_collection_or_telemetry_4_bonus_16,C:\realDesktop\manifest-evaluations\summer-26\ghidra-pipeline\il2cpp-files\AimAssaultDemo\general-structure-results\90_plus_attempted_dynamic_eye_tracked_foveation_near_certain\06351438_Meta.XR.MetaXREyeTrackedFoveationFeature$$.ctor.c,C:\realDesktop\manifest-evaluations\summer-26\ghidra-pipeline\il2cpp-files\AimAssaultDemo\manual-review-pack\A_must_review\087_p302_Meta.XR.MetaXREyeTrackedFoveationFeature$$.ctor.c
88,302,A_must_review,FUN_06350c88,06350c88,179,90_plus_attempted_dynamic_eye_tracked_foveation_near_certain,eye_source; validity_gate; telemetry; foveation_rendering; attempted_use; dynamic_foveation_possible,strong_eye_source_hits_8; validity_or_gating_hits_21; telemetry_or_network_hits_2; strong_foveation_hits_6; attempted_eye_tracking_permission_or_feature_enable; attempted_eye_tracking_with_foveated_rendering_path; functionality_foveated_rendering; functionality_data_collection_or_telemetry_hits_2,base_scanner_score_179; module_bonus_validity_gate_8; module_bonus_telemetry_20; module_bonus_foveation_rendering_20; evidence_bonus_telemetry_or_network_hits_12; sensitive_sink_telemetry_bonus_15; sensitive_sink_foveation_bonus_12; keyword_support_eye_or_gaze_5_bonus_20; keyword_support_collection_or_telemetry_4_bonus_16,C:\realDesktop\manifest-evaluations\summer-26\ghidra-pipeline\il2cpp-files\AimAssaultDemo\general-structure-results\90_plus_attempted_dynamic_eye_tracked_foveation_near_certain\06350c88_FUN_06350c88.c,C:\realDesktop\manifest-evaluations\summer-26\ghidra-pipeline\il2cpp-files\AimAssaultDemo\manual-review-pack\A_must_review\088_p302_FUN_06350c88.c
89,302,A_must_review,UnityEngine.EventSystems.OVRInputModule$$UntrackInputSource,06350134,171,90_plus_framework_foveated_rendering_support_or_attempt_near_certain,eye_source; validity_gate; paired_state_refs; telemetry; foveation_rendering; attempted_use; dynamic_foveation_possible,strong_eye_source_hits_8; validity_or_gating_hits_21; paired_field_refs_with_eye_source; telemetry_or_network_hits_2; strong_foveation_hits_6; attempted_eye_tracking_permission_or_feature_enable; attempted_eye_tracking_with_foveated_rendering_path; negative_framework_support_context_without_confirmed_app_level_gaze_flow; framework_foveation_support_not_confirmed_dynamic_eye_tracking; functionality_foveated_rendering; functionality_data_collection_or_telemetry_hits_2,base_scanner_score_171; module_bonus_validity_gate_8; module_bonus_paired_state_refs_8; module_bonus_telemetry_20; module_bonus_foveation_rendering_20; evidence_bonus_telemetry_or_network_hits_12; sensitive_sink_telemetry_bonus_15; sensitive_sink_foveation_bonus_12; keyword_support_eye_or_gaze_5_bonus_20; keyword_support_collection_or_telemetry_4_bonus_16,C:\realDesktop\manifest-evaluations\summer-26\ghidra-pipeline\il2cpp-files\AimAssaultDemo\general-structure-results\90_plus_framework_foveated_rendering_support_or_attempt_near_certain\06350134_UnityEngine.EventSystems.OVRInputModule$$UntrackInputSource.c,C:\realDesktop\manifest-evaluations\summer-26\ghidra-pipeline\il2cpp-files\AimAssaultDemo\manual-review-pack\A_must_review\089_p302_UnityEngine.EventSystems.OVRInputModule$$UntrackInputSource.c
90,294,A_must_review,FUN_077abb04,077abb04,167,90_plus_uncertain_eye_setup_near_certain,eye_source; weak_source_state; validity_gate; ray_interaction; ui_interaction; telemetry; frame_behavior,strong_eye_source_hits_7; weak_xr_or_state_hits_15; validity_or_gating_hits_2; ray_or_cast_sink_hits_12; ui_or_gameplay_sink_hits_21; telemetry_or_network_hits_4; frame_or_lifecycle_behavior; functionality_eye_api_context_without_clear_sink_hits_7,base_scanner_score_167; module_bonus_validity_gate_8; module_bonus_ray_interaction_15; module_bonus_ui_interaction_12; module_bonus_telemetry_20; module_bonus_frame_behavior_5; evidence_bonus_telemetry_or_network_hits_12; sensitive_sink_telemetry_bonus_15; keyword_support_eye_or_gaze_5_bonus_20; keyword_support_sdk_4_bonus_12; keyword_support_collection_or_telemetry_2_bonus_8,C:\realDesktop\manifest-evaluations\summer-26\ghidra-pipeline\il2cpp-files\AimAssaultDemo\general-structure-results\90_plus_uncertain_eye_setup_near_certain\077abb04_FUN_077abb04.c,C:\realDesktop\manifest-evaluations\summer-26\ghidra-pipeline\il2cpp-files\AimAssaultDemo\manual-review-pack\A_must_review\090_p294_FUN_077abb04.c
91,293,A_must_review,UnityEngine.EventSystems.PointerEventDataExtension$$SetSwipeStart,06351134,165,90_plus_framework_foveated_rendering_support_or_attempt_near_certain,eye_source; validity_gate; telemetry; foveation_rendering; frame_behavior; attempted_use; dynamic_foveation_possible,strong_eye_source_hits_8; validity_or_gating_hits_21; telemetry_or_network_hits_2; strong_foveation_hits_6; frame_or_lifecycle_behavior; attempted_eye_tracking_permission_or_feature_enable; attempted_eye_tracking_with_foveated_rendering_path; negative_framework_support_context_without_confirmed_app_level_gaze_flow; framework_foveation_support_not_confirmed_dynamic_eye_tracking; functionality_foveated_rendering; functionality_data_collection_or_telemetry_hits_2,base_scanner_score_165; module_bonus_validity_gate_8; module_bonus_telemetry_20; module_bonus_foveation_rendering_20; module_bonus_frame_behavior_5; evidence_bonus_telemetry_or_network_hits_12; sensitive_sink_telemetry_bonus_15; sensitive_sink_foveation_bonus_12; keyword_support_eye_or_gaze_5_bonus_20; keyword_support_collection_or_telemetry_4_bonus_16,C:\realDesktop\manifest-evaluations\summer-26\ghidra-pipeline\il2cpp-files\AimAssaultDemo\general-structure-results\90_plus_framework_foveated_rendering_support_or_attempt_near_certain\06351134_UnityEngine.EventSystems.PointerEventDataExtension$$SetSwipeStart.c,C:\realDesktop\manifest-evaluations\summer-26\ghidra-pipeline\il2cpp-files\AimAssaultDemo\manual-review-pack\A_must_review\091_p293_UnityEngine.EventSystems.PointerEventDataExtension$$SetSwipeStart.c
92,293,A_must_review,UnityEngine.EventSystems.PointerEventDataExtension$$GetSwipeStart,063510b8,165,90_plus_framework_foveated_rendering_support_or_attempt_near_certain,eye_source; validity_gate; telemetry; foveation_rendering; frame_behavior; attempted_use; dynamic_foveation_possible,strong_eye_source_hits_8; validity_or_gating_hits_21; telemetry_or_network_hits_2; strong_foveation_hits_6; frame_or_lifecycle_behavior; attempted_eye_tracking_permission_or_feature_enable; attempted_eye_tracking_with_foveated_rendering_path; negative_framework_support_context_without_confirmed_app_level_gaze_flow; framework_foveation_support_not_confirmed_dynamic_eye_tracking; functionality_foveated_rendering; functionality_data_collection_or_telemetry_hits_2,base_scanner_score_165; module_bonus_validity_gate_8; module_bonus_telemetry_20; module_bonus_foveation_rendering_20; module_bonus_frame_behavior_5; evidence_bonus_telemetry_or_network_hits_12; sensitive_sink_telemetry_bonus_15; sensitive_sink_foveation_bonus_12; keyword_support_eye_or_gaze_5_bonus_20; keyword_support_collection_or_telemetry_4_bonus_16,C:\realDesktop\manifest-evaluations\summer-26\ghidra-pipeline\il2cpp-files\AimAssaultDemo\general-structure-results\90_plus_framework_foveated_rendering_support_or_attempt_near_certain\063510b8_UnityEngine.EventSystems.PointerEventDataExtension$$GetSwipeStart.c,C:\realDesktop\manifest-evaluations\summer-26\ghidra-pipeline\il2cpp-files\AimAssaultDemo\manual-review-pack\A_must_review\092_p293_UnityEngine.EventSystems.PointerEventDataExtension$$GetSwipeStart.c
93,290,A_must_review,UnityEngine.XR.Interaction.Toolkit.Interactors.XRSocketInteractor$$OnSelectEntered,073354e0,136,90_plus_framework_support_only_near_certain,eye_source; weak_source_state; validity_gate; paired_state_refs; ui_interaction; data_collection; telemetry,strong_eye_source_hits_2; weak_xr_or_state_hits_2; validity_or_gating_hits_21; paired_field_refs_with_eye_source; ui_or_gameplay_sink_hits_2; strong_file_logging_hits_2; telemetry_or_network_hits_1; negative_framework_support_context_without_confirmed_app_level_gaze_flow; functionality_data_collection_or_telemetry_hits_3,base_scanner_score_136; module_bonus_validity_gate_8; module_bonus_paired_state_refs_8; module_bonus_ui_interaction_12; module_bonus_data_collection_22; module_bonus_telemetry_20; evidence_bonus_telemetry_or_network_hits_12; sensitive_sink_data_collection_bonus_15; sensitive_sink_telemetry_bonus_15; keyword_support_eye_or_gaze_5_bonus_20; keyword_support_sdk_2_bonus_6; keyword_support_collection_or_telemetry_4_bonus_16,C:\realDesktop\manifest-evaluations\summer-26\ghidra-pipeline\il2cpp-files\AimAssaultDemo\general-structure-results\90_plus_framework_support_only_near_certain\073354e0_UnityEngine.XR.Interaction.Toolkit.Interactors.XRSocketInteractor$$OnSelectEntered.c,C:\realDesktop\manifest-evaluations\summer-26\ghidra-pipeline\il2cpp-files\AimAssaultDemo\manual-review-pack\A_must_review\093_p290_UnityEngine.XR.Interaction.Toolkit.Interactors.XRSocketInteractor$$OnSelectEntered.c
94,290,A_must_review,UnityEngine.XR.Interaction.Toolkit.Interactors.XRSocketInteractor$$OnHoverExiting,073353f8,136,90_plus_framework_support_only_near_certain,eye_source; weak_source_state; validity_gate; paired_state_refs; ui_interaction; data_collection; telemetry,strong_eye_source_hits_2; weak_xr_or_state_hits_2; validity_or_gating_hits_21; paired_field_refs_with_eye_source; ui_or_gameplay_sink_hits_2; strong_file_logging_hits_2; telemetry_or_network_hits_1; negative_framework_support_context_without_confirmed_app_level_gaze_flow; functionality_data_collection_or_telemetry_hits_3,base_scanner_score_136; module_bonus_validity_gate_8; module_bonus_paired_state_refs_8; module_bonus_ui_interaction_12; module_bonus_data_collection_22; module_bonus_telemetry_20; evidence_bonus_telemetry_or_network_hits_12; sensitive_sink_data_collection_bonus_15; sensitive_sink_telemetry_bonus_15; keyword_support_eye_or_gaze_5_bonus_20; keyword_support_sdk_2_bonus_6; keyword_support_collection_or_telemetry_4_bonus_16,C:\realDesktop\manifest-evaluations\summer-26\ghidra-pipeline\il2cpp-files\AimAssaultDemo\general-structure-results\90_plus_framework_support_only_near_certain\073353f8_UnityEngine.XR.Interaction.Toolkit.Interactors.XRSocketInteractor$$OnHoverExiting.c,C:\realDesktop\manifest-evaluations\summer-26\ghidra-pipeline\il2cpp-files\AimAssaultDemo\manual-review-pack\A_must_review\094_p290_UnityEngine.XR.Interaction.Toolkit.Interactors.XRSocketInteractor$$OnHoverExiting.c
95,284,A_must_review,System.Array$$InternalArray__set_Item<OVRPassthroughLayer.SerializedSurfaceGeometry>,03ce80c4,167,90_plus_framework_support_only_near_certain,eye_source; weak_source_state; validity_gate; pose_vector; telemetry; structure_combo,strong_eye_source_hits_2; weak_xr_or_state_hits_2; validity_or_gating_hits_3; strong_pose_or_ray_construction_hits_2; telemetry_or_network_hits_2; source_validity_pose_sink_structure; strong_eye_source_validity_pose_sink_structure; functionality_eye_api_context_without_clear_sink_hits_2,base_scanner_score_167; module_bonus_validity_gate_8; module_bonus_pose_vector_10; module_bonus_telemetry_20; module_bonus_structure_combo_18; evidence_bonus_telemetry_or_network_hits_12; sensitive_sink_telemetry_bonus_15; keyword_support_eye_or_gaze_5_bonus_20; keyword_support_sdk_2_bonus_6; keyword_support_collection_or_telemetry_2_bonus_8,C:\realDesktop\manifest-evaluations\summer-26\ghidra-pipeline\il2cpp-files\AimAssaultDemo\general-structure-results\90_plus_framework_support_only_near_certain\03ce80c4_System.Array$$InternalArray__set_Item_OVRPassthroughLayer.SerializedSurfaceGeometry_.c,C:\realDesktop\manifest-evaluations\summer-26\ghidra-pipeline\il2cpp-files\AimAssaultDemo\manual-review-pack\A_must_review\095_p284_System.Array$$InternalArray__set_Item_OVRPassthroughLayer.SerializedSurfaceGeometry_.c
96,282,A_must_review,UnityEngine.EventSystems.OVRPointerEventData$$ToString,06350cb8,159,90_plus_framework_foveated_rendering_support_or_attempt_near_certain,eye_source; validity_gate; telemetry; foveation_rendering; attempted_use; dynamic_foveation_possible,strong_eye_source_hits_8; validity_or_gating_hits_21; telemetry_or_network_hits_2; strong_foveation_hits_6; attempted_eye_tracking_permission_or_feature_enable; attempted_eye_tracking_with_foveated_rendering_path; negative_framework_support_context_without_confirmed_app_level_gaze_flow; framework_foveation_support_not_confirmed_dynamic_eye_tracking; functionality_foveated_rendering; functionality_data_collection_or_telemetry_hits_2,base_scanner_score_159; module_bonus_validity_gate_8; module_bonus_telemetry_20; module_bonus_foveation_rendering_20; evidence_bonus_telemetry_or_network_hits_12; sensitive_sink_telemetry_bonus_15; sensitive_sink_foveation_bonus_12; keyword_support_eye_or_gaze_5_bonus_20; keyword_support_collection_or_telemetry_4_bonus_16,C:\realDesktop\manifest-evaluations\summer-26\ghidra-pipeline\il2cpp-files\AimAssaultDemo\general-structure-results\90_plus_framework_foveated_rendering_support_or_attempt_near_certain\06350cb8_UnityEngine.EventSystems.OVRPointerEventData$$ToString.c,C:\realDesktop\manifest-evaluations\summer-26\ghidra-pipeline\il2cpp-files\AimAssaultDemo\manual-review-pack\A_must_review\096_p282_UnityEngine.EventSystems.OVRPointerEventData$$ToString.c
97,282,A_must_review,UnityEngine.EventSystems.OVRInputModule$$set_instance,06350414,159,90_plus_framework_foveated_rendering_support_or_attempt_near_certain,eye_source; validity_gate; telemetry; foveation_rendering; attempted_use; dynamic_foveation_possible,strong_eye_source_hits_8; validity_or_gating_hits_21; telemetry_or_network_hits_2; strong_foveation_hits_6; attempted_eye_tracking_permission_or_feature_enable; attempted_eye_tracking_with_foveated_rendering_path; negative_framework_support_context_without_confirmed_app_level_gaze_flow; framework_foveation_support_not_confirmed_dynamic_eye_tracking; functionality_foveated_rendering; functionality_data_collection_or_telemetry_hits_2,base_scanner_score_159; module_bonus_validity_gate_8; module_bonus_telemetry_20; module_bonus_foveation_rendering_20; evidence_bonus_telemetry_or_network_hits_12; sensitive_sink_telemetry_bonus_15; sensitive_sink_foveation_bonus_12; keyword_support_eye_or_gaze_5_bonus_20; keyword_support_collection_or_telemetry_4_bonus_16,C:\realDesktop\manifest-evaluations\summer-26\ghidra-pipeline\il2cpp-files\AimAssaultDemo\general-structure-results\90_plus_framework_foveated_rendering_support_or_attempt_near_certain\06350414_UnityEngine.EventSystems.OVRInputModule$$set_instance.c,C:\realDesktop\manifest-evaluations\summer-26\ghidra-pipeline\il2cpp-files\AimAssaultDemo\manual-review-pack\A_must_review\097_p282_UnityEngine.EventSystems.OVRInputModule$$set_instance.c
98,282,A_must_review,UnityEngine.EventSystems.OVRInputModule$$get_instance,063503bc,159,90_plus_framework_foveated_rendering_support_or_attempt_near_certain,eye_source; validity_gate; telemetry; foveation_rendering; attempted_use; dynamic_foveation_possible,strong_eye_source_hits_8; validity_or_gating_hits_21; telemetry_or_network_hits_2; strong_foveation_hits_6; attempted_eye_tracking_permission_or_feature_enable; attempted_eye_tracking_with_foveated_rendering_path; negative_framework_support_context_without_confirmed_app_level_gaze_flow; framework_foveation_support_not_confirmed_dynamic_eye_tracking; functionality_foveated_rendering; functionality_data_collection_or_telemetry_hits_2,base_scanner_score_159; module_bonus_validity_gate_8; module_bonus_telemetry_20; module_bonus_foveation_rendering_20; evidence_bonus_telemetry_or_network_hits_12; sensitive_sink_telemetry_bonus_15; sensitive_sink_foveation_bonus_12; keyword_support_eye_or_gaze_5_bonus_20; keyword_support_collection_or_telemetry_4_bonus_16,C:\realDesktop\manifest-evaluations\summer-26\ghidra-pipeline\il2cpp-files\AimAssaultDemo\general-structure-results\90_plus_framework_foveated_rendering_support_or_attempt_near_certain\063503bc_UnityEngine.EventSystems.OVRInputModule$$get_instance.c,C:\realDesktop\manifest-evaluations\summer-26\ghidra-pipeline\il2cpp-files\AimAssaultDemo\manual-review-pack\A_must_review\098_p282_UnityEngine.EventSystems.OVRInputModule$$get_instance.c
99,282,A_must_review,UnityEngine.EventSystems.OVRInputModule$$OnDestroy,063502e8,159,90_plus_framework_foveated_rendering_support_or_attempt_near_certain,eye_source; validity_gate; telemetry; foveation_rendering; attempted_use; dynamic_foveation_possible,strong_eye_source_hits_8; validity_or_gating_hits_21; telemetry_or_network_hits_2; strong_foveation_hits_6; attempted_eye_tracking_permission_or_feature_enable; attempted_eye_tracking_with_foveated_rendering_path; negative_framework_support_context_without_confirmed_app_level_gaze_flow; framework_foveation_support_not_confirmed_dynamic_eye_tracking; functionality_foveated_rendering; functionality_data_collection_or_telemetry_hits_2,base_scanner_score_159; module_bonus_validity_gate_8; module_bonus_telemetry_20; module_bonus_foveation_rendering_20; evidence_bonus_telemetry_or_network_hits_12; sensitive_sink_telemetry_bonus_15; sensitive_sink_foveation_bonus_12; keyword_support_eye_or_gaze_5_bonus_20; keyword_support_collection_or_telemetry_4_bonus_16,C:\realDesktop\manifest-evaluations\summer-26\ghidra-pipeline\il2cpp-files\AimAssaultDemo\general-structure-results\90_plus_framework_foveated_rendering_support_or_attempt_near_certain\063502e8_UnityEngine.EventSystems.OVRInputModule$$OnDestroy.c,C:\realDesktop\manifest-evaluations\summer-26\ghidra-pipeline\il2cpp-files\AimAssaultDemo\manual-review-pack\A_must_review\099_p282_UnityEngine.EventSystems.OVRInputModule$$OnDestroy.c
100,282,A_must_review,UnityEngine.EventSystems.OVRInputModule$$.cctor,0635047c,159,90_plus_framework_foveated_rendering_support_or_attempt_near_certain,eye_source; validity_gate; telemetry; foveation_rendering; attempted_use; dynamic_foveation_possible,strong_eye_source_hits_8; validity_or_gating_hits_21; telemetry_or_network_hits_2; strong_foveation_hits_6; attempted_eye_tracking_permission_or_feature_enable; attempted_eye_tracking_with_foveated_rendering_path; negative_framework_support_context_without_confirmed_app_level_gaze_flow; framework_foveation_support_not_confirmed_dynamic_eye_tracking; functionality_foveated_rendering; functionality_data_collection_or_telemetry_hits_2,base_scanner_score_159; module_bonus_validity_gate_8; module_bonus_telemetry_20; module_bonus_foveation_rendering_20; evidence_bonus_telemetry_or_network_hits_12; sensitive_sink_telemetry_bonus_15; sensitive_sink_foveation_bonus_12; keyword_support_eye_or_gaze_5_bonus_20; keyword_support_collection_or_telemetry_4_bonus_16,C:\realDesktop\manifest-evaluations\summer-26\ghidra-pipeline\il2cpp-files\AimAssaultDemo\general-structure-results\90_plus_framework_foveated_rendering_support_or_attempt_near_certain\0635047c_UnityEngine.EventSystems.OVRInputModule$$.cctor.c,C:\realDesktop\manifest-evaluations\summer-26\ghidra-pipeline\il2cpp-files\AimAssaultDemo\manual-review-pack\A_must_review\100_p282_UnityEngine.EventSystems.OVRInputModule$$.cctor.c
