rank,manual_priority_score,manual_tier,function_name,entry_point,scanner_score,scanner_label,modules,evidence,priority_reasons,file_path,copied_file
1,556,A_must_review,FUN_00e47e28,00e47e28,351,90_plus_uncertain_gaze_interaction_near_certain,eye_source; weak_source_state; validity_gate; pose_vector; paired_state_refs; ray_interaction; ui_interaction; data_collection; telemetry; frame_behavior; structure_combo; ordered_structure,strong_eye_source_hits_3; weak_xr_or_state_hits_16; validity_or_gating_hits_21; strong_pose_or_ray_construction_hits_14; paired_field_refs_with_eye_source; ray_or_cast_sink_hits_9; ui_or_gameplay_sink_hits_11; strong_file_logging_hits_4; telemetry_or_network_hits_6; frame_or_lifecycle_behavior; source_validity_pose_sink_structure; strong_eye_source_validity_pose_sink_structure; ordered_eye_source_validity_pose_collection_sink; ordered_eye_source_validity_pose_interaction_sink; functionality_gaze_retrieval_or_extraction; functionality_gaze_interaction_hits_14; functionality_data_collection_or_telemetry_hits_6,base_scanner_score_351; module_bonus_validity_gate_8; module_bonus_pose_vector_10; module_bonus_paired_state_refs_8; module_bonus_ray_interaction_15; module_bonus_ui_interaction_12; module_bonus_data_collection_22; module_bonus_telemetry_20; module_bonus_frame_behavior_5; module_bonus_structure_combo_18; evidence_bonus_telemetry_or_network_hits_12; sensitive_sink_data_collection_bonus_15; sensitive_sink_telemetry_bonus_15; keyword_support_eye_or_gaze_5_bonus_20; keyword_support_sdk_3_bonus_9; keyword_support_collection_or_telemetry_4_bonus_16,C:\realDesktop\manifest-evaluations\summer-26\ghidra-pipeline\il2cpp-files\Lovesick\general-structure-results\90_plus_uncertain_gaze_interaction_near_certain\00e47e28_FUN_00e47e28.c,C:\realDesktop\manifest-evaluations\summer-26\ghidra-pipeline\il2cpp-files\Lovesick\manual-review-pack\A_must_review\001_p556_FUN_00e47e28.c
2,548,A_must_review,Meta.XR.EnvironmentDepthRaycaster$$<Raycast>g__GetRaycastResultForEye|38_0,01464758,394,90_plus_confirmed_eye_data_collection_near_certain,eye_source; weak_source_state; validity_gate; pose_vector; paired_state_refs; ray_interaction; ui_interaction; telemetry; structure_combo; ordered_structure; active_gaze_retrieval; active_gaze_interaction; active_gaze_collection; possible_biometrics,strong_eye_source_hits_1; weak_xr_or_state_hits_1; validity_or_gating_hits_21; strong_pose_or_ray_construction_hits_11; paired_field_refs_with_eye_source; ray_or_cast_sink_hits_6; ui_or_gameplay_sink_hits_4; telemetry_or_network_hits_2; source_validity_pose_sink_structure; strong_eye_source_validity_pose_sink_structure; ordered_eye_source_validity_pose_collection_sink; ordered_eye_source_validity_pose_interaction_sink; active_gaze_state_retrieval_with_validity_and_pose; active_gaze_values_flow_to_interaction_sink; active_gaze_values_flow_to_collection_or_telemetry_sink; possible_biometric_feature_from_active_eye_context; functionality_permission_setup; functionality_gaze_interaction_hits_10; functionality_data_collection_or_telemetry_hits_2; functionality_possible_biometrics_hits_1,base_scanner_score_394; module_bonus_validity_gate_8; module_bonus_pose_vector_10; module_bonus_paired_state_refs_8; module_bonus_ray_interaction_15; module_bonus_ui_interaction_12; module_bonus_telemetry_20; module_bonus_structure_combo_18; evidence_bonus_telemetry_or_network_hits_12; sensitive_sink_telemetry_bonus_15; keyword_support_eye_or_gaze_5_bonus_20; keyword_support_collection_or_telemetry_4_bonus_16,C:\realDesktop\manifest-evaluations\summer-26\ghidra-pipeline\il2cpp-files\Lovesick\general-structure-results\90_plus_confirmed_eye_data_collection_near_certain\01464758_Meta.XR.EnvironmentDepthRaycaster$$_Raycast_g__GetRaycastResultForEye_38_0.c,C:\realDesktop\manifest-evaluations\summer-26\ghidra-pipeline\il2cpp-files\Lovesick\manual-review-pack\A_must_review\002_p548_Meta.XR.EnvironmentDepthRaycaster$$_Raycast_g__GetRaycastResultForEye_38_0.c
3,545,A_must_review,Newtonsoft.Json.JsonTextWriter$$WriteValueNotNullAsync,0172bac8,345,90_plus_uncertain_gaze_interaction_near_certain,eye_source; weak_source_state; validity_gate; pose_vector; ray_interaction; ui_interaction; data_collection; telemetry; frame_behavior; structure_combo; ordered_structure,strong_eye_source_hits_8; weak_xr_or_state_hits_17; validity_or_gating_hits_21; strong_pose_or_ray_construction_hits_21; ray_or_cast_sink_hits_11; ui_or_gameplay_sink_hits_14; strong_file_logging_hits_11; telemetry_or_network_hits_21; frame_or_lifecycle_behavior; source_validity_pose_sink_structure; strong_eye_source_validity_pose_sink_structure; ordered_eye_source_validity_pose_collection_sink; ordered_eye_source_validity_pose_interaction_sink; functionality_gaze_retrieval_or_extraction; functionality_gaze_interaction_hits_21; functionality_data_collection_or_telemetry_hits_21,base_scanner_score_345; module_bonus_validity_gate_8; module_bonus_pose_vector_10; module_bonus_ray_interaction_15; module_bonus_ui_interaction_12; module_bonus_data_collection_22; module_bonus_telemetry_20; module_bonus_frame_behavior_5; module_bonus_structure_combo_18; evidence_bonus_telemetry_or_network_hits_12; sensitive_sink_data_collection_bonus_15; sensitive_sink_telemetry_bonus_15; keyword_support_eye_or_gaze_5_bonus_20; keyword_support_sdk_4_bonus_12; keyword_support_collection_or_telemetry_4_bonus_16,C:\realDesktop\manifest-evaluations\summer-26\ghidra-pipeline\il2cpp-files\Lovesick\general-structure-results\90_plus_uncertain_gaze_interaction_near_certain\0172bac8_Newtonsoft.Json.JsonTextWriter$$WriteValueNotNullAsync.c,C:\realDesktop\manifest-evaluations\summer-26\ghidra-pipeline\il2cpp-files\Lovesick\manual-review-pack\A_must_review\003_p545_Newtonsoft.Json.JsonTextWriter$$WriteValueNotNullAsync.c
4,545,A_must_review,Newtonsoft.Json.JsonTextWriter$$WriteValueAsync,0172b7e8,345,90_plus_uncertain_gaze_interaction_near_certain,eye_source; weak_source_state; validity_gate; pose_vector; ray_interaction; ui_interaction; data_collection; telemetry; frame_behavior; structure_combo; ordered_structure,strong_eye_source_hits_9; weak_xr_or_state_hits_19; validity_or_gating_hits_21; strong_pose_or_ray_construction_hits_21; ray_or_cast_sink_hits_13; ui_or_gameplay_sink_hits_16; strong_file_logging_hits_13; telemetry_or_network_hits_21; frame_or_lifecycle_behavior; source_validity_pose_sink_structure; strong_eye_source_validity_pose_sink_structure; ordered_eye_source_validity_pose_collection_sink; ordered_eye_source_validity_pose_interaction_sink; functionality_gaze_retrieval_or_extraction; functionality_gaze_interaction_hits_21; functionality_data_collection_or_telemetry_hits_21,base_scanner_score_345; module_bonus_validity_gate_8; module_bonus_pose_vector_10; module_bonus_ray_interaction_15; module_bonus_ui_interaction_12; module_bonus_data_collection_22; module_bonus_telemetry_20; module_bonus_frame_behavior_5; module_bonus_structure_combo_18; evidence_bonus_telemetry_or_network_hits_12; sensitive_sink_data_collection_bonus_15; sensitive_sink_telemetry_bonus_15; keyword_support_eye_or_gaze_5_bonus_20; keyword_support_sdk_4_bonus_12; keyword_support_collection_or_telemetry_4_bonus_16,C:\realDesktop\manifest-evaluations\summer-26\ghidra-pipeline\il2cpp-files\Lovesick\general-structure-results\90_plus_uncertain_gaze_interaction_near_certain\0172b7e8_Newtonsoft.Json.JsonTextWriter$$WriteValueAsync.c,C:\realDesktop\manifest-evaluations\summer-26\ghidra-pipeline\il2cpp-files\Lovesick\manual-review-pack\A_must_review\004_p545_Newtonsoft.Json.JsonTextWriter$$WriteValueAsync.c
5,545,A_must_review,Newtonsoft.Json.JsonTextWriter$$WriteValueAsync,0172b80c,345,90_plus_uncertain_gaze_interaction_near_certain,eye_source; weak_source_state; validity_gate; pose_vector; ray_interaction; ui_interaction; data_collection; telemetry; frame_behavior; structure_combo; ordered_structure,strong_eye_source_hits_9; weak_xr_or_state_hits_19; validity_or_gating_hits_21; strong_pose_or_ray_construction_hits_21; ray_or_cast_sink_hits_13; ui_or_gameplay_sink_hits_16; strong_file_logging_hits_13; telemetry_or_network_hits_21; frame_or_lifecycle_behavior; source_validity_pose_sink_structure; strong_eye_source_validity_pose_sink_structure; ordered_eye_source_validity_pose_collection_sink; ordered_eye_source_validity_pose_interaction_sink; functionality_gaze_retrieval_or_extraction; functionality_gaze_interaction_hits_21; functionality_data_collection_or_telemetry_hits_21,base_scanner_score_345; module_bonus_validity_gate_8; module_bonus_pose_vector_10; module_bonus_ray_interaction_15; module_bonus_ui_interaction_12; module_bonus_data_collection_22; module_bonus_telemetry_20; module_bonus_frame_behavior_5; module_bonus_structure_combo_18; evidence_bonus_telemetry_or_network_hits_12; sensitive_sink_data_collection_bonus_15; sensitive_sink_telemetry_bonus_15; keyword_support_eye_or_gaze_5_bonus_20; keyword_support_sdk_4_bonus_12; keyword_support_collection_or_telemetry_4_bonus_16,C:\realDesktop\manifest-evaluations\summer-26\ghidra-pipeline\il2cpp-files\Lovesick\general-structure-results\90_plus_uncertain_gaze_interaction_near_certain\0172b80c_Newtonsoft.Json.JsonTextWriter$$WriteValueAsync.c,C:\realDesktop\manifest-evaluations\summer-26\ghidra-pipeline\il2cpp-files\Lovesick\manual-review-pack\A_must_review\005_p545_Newtonsoft.Json.JsonTextWriter$$WriteValueAsync.c
6,545,A_must_review,Newtonsoft.Json.JsonTextWriter$$WriteValueAsync,0172b8f0,345,90_plus_uncertain_gaze_interaction_near_certain,eye_source; weak_source_state; validity_gate; pose_vector; ray_interaction; ui_interaction; data_collection; telemetry; frame_behavior; structure_combo; ordered_structure,strong_eye_source_hits_8; weak_xr_or_state_hits_18; validity_or_gating_hits_21; strong_pose_or_ray_construction_hits_21; ray_or_cast_sink_hits_13; ui_or_gameplay_sink_hits_16; strong_file_logging_hits_13; telemetry_or_network_hits_21; frame_or_lifecycle_behavior; source_validity_pose_sink_structure; strong_eye_source_validity_pose_sink_structure; ordered_eye_source_validity_pose_collection_sink; ordered_eye_source_validity_pose_interaction_sink; functionality_gaze_retrieval_or_extraction; functionality_gaze_interaction_hits_21; functionality_data_collection_or_telemetry_hits_21,base_scanner_score_345; module_bonus_validity_gate_8; module_bonus_pose_vector_10; module_bonus_ray_interaction_15; module_bonus_ui_interaction_12; module_bonus_data_collection_22; module_bonus_telemetry_20; module_bonus_frame_behavior_5; module_bonus_structure_combo_18; evidence_bonus_telemetry_or_network_hits_12; sensitive_sink_data_collection_bonus_15; sensitive_sink_telemetry_bonus_15; keyword_support_eye_or_gaze_5_bonus_20; keyword_support_sdk_4_bonus_12; keyword_support_collection_or_telemetry_4_bonus_16,C:\realDesktop\manifest-evaluations\summer-26\ghidra-pipeline\il2cpp-files\Lovesick\general-structure-results\90_plus_uncertain_gaze_interaction_near_certain\0172b8f0_Newtonsoft.Json.JsonTextWriter$$WriteValueAsync.c,C:\realDesktop\manifest-evaluations\summer-26\ghidra-pipeline\il2cpp-files\Lovesick\manual-review-pack\A_must_review\006_p545_Newtonsoft.Json.JsonTextWriter$$WriteValueAsync.c
7,545,A_must_review,Newtonsoft.Json.JsonTextWriter$$WriteValueAsync,0172b910,345,90_plus_uncertain_gaze_interaction_near_certain,eye_source; weak_source_state; validity_gate; pose_vector; ray_interaction; ui_interaction; data_collection; telemetry; frame_behavior; structure_combo; ordered_structure,strong_eye_source_hits_8; weak_xr_or_state_hits_18; validity_or_gating_hits_21; strong_pose_or_ray_construction_hits_21; ray_or_cast_sink_hits_13; ui_or_gameplay_sink_hits_15; strong_file_logging_hits_13; telemetry_or_network_hits_21; frame_or_lifecycle_behavior; source_validity_pose_sink_structure; strong_eye_source_validity_pose_sink_structure; ordered_eye_source_validity_pose_collection_sink; ordered_eye_source_validity_pose_interaction_sink; functionality_gaze_retrieval_or_extraction; functionality_gaze_interaction_hits_21; functionality_data_collection_or_telemetry_hits_21,base_scanner_score_345; module_bonus_validity_gate_8; module_bonus_pose_vector_10; module_bonus_ray_interaction_15; module_bonus_ui_interaction_12; module_bonus_data_collection_22; module_bonus_telemetry_20; module_bonus_frame_behavior_5; module_bonus_structure_combo_18; evidence_bonus_telemetry_or_network_hits_12; sensitive_sink_data_collection_bonus_15; sensitive_sink_telemetry_bonus_15; keyword_support_eye_or_gaze_5_bonus_20; keyword_support_sdk_4_bonus_12; keyword_support_collection_or_telemetry_4_bonus_16,C:\realDesktop\manifest-evaluations\summer-26\ghidra-pipeline\il2cpp-files\Lovesick\general-structure-results\90_plus_uncertain_gaze_interaction_near_certain\0172b910_Newtonsoft.Json.JsonTextWriter$$WriteValueAsync.c,C:\realDesktop\manifest-evaluations\summer-26\ghidra-pipeline\il2cpp-files\Lovesick\manual-review-pack\A_must_review\007_p545_Newtonsoft.Json.JsonTextWriter$$WriteValueAsync.c
8,545,A_must_review,Newtonsoft.Json.JsonTextWriter$$WriteValueAsync,0172b9fc,345,90_plus_uncertain_gaze_interaction_near_certain,eye_source; weak_source_state; validity_gate; pose_vector; ray_interaction; ui_interaction; data_collection; telemetry; frame_behavior; structure_combo; ordered_structure,strong_eye_source_hits_8; weak_xr_or_state_hits_17; validity_or_gating_hits_21; strong_pose_or_ray_construction_hits_21; ray_or_cast_sink_hits_11; ui_or_gameplay_sink_hits_15; strong_file_logging_hits_12; telemetry_or_network_hits_21; frame_or_lifecycle_behavior; source_validity_pose_sink_structure; strong_eye_source_validity_pose_sink_structure; ordered_eye_source_validity_pose_collection_sink; ordered_eye_source_validity_pose_interaction_sink; functionality_gaze_retrieval_or_extraction; functionality_gaze_interaction_hits_21; functionality_data_collection_or_telemetry_hits_21,base_scanner_score_345; module_bonus_validity_gate_8; module_bonus_pose_vector_10; module_bonus_ray_interaction_15; module_bonus_ui_interaction_12; module_bonus_data_collection_22; module_bonus_telemetry_20; module_bonus_frame_behavior_5; module_bonus_structure_combo_18; evidence_bonus_telemetry_or_network_hits_12; sensitive_sink_data_collection_bonus_15; sensitive_sink_telemetry_bonus_15; keyword_support_eye_or_gaze_5_bonus_20; keyword_support_sdk_4_bonus_12; keyword_support_collection_or_telemetry_4_bonus_16,C:\realDesktop\manifest-evaluations\summer-26\ghidra-pipeline\il2cpp-files\Lovesick\general-structure-results\90_plus_uncertain_gaze_interaction_near_certain\0172b9fc_Newtonsoft.Json.JsonTextWriter$$WriteValueAsync.c,C:\realDesktop\manifest-evaluations\summer-26\ghidra-pipeline\il2cpp-files\Lovesick\manual-review-pack\A_must_review\008_p545_Newtonsoft.Json.JsonTextWriter$$WriteValueAsync.c
9,545,A_must_review,Newtonsoft.Json.JsonTextWriter$$DoWriteValueAsync,0172b924,345,90_plus_uncertain_gaze_interaction_near_certain,eye_source; weak_source_state; validity_gate; pose_vector; ray_interaction; ui_interaction; data_collection; telemetry; frame_behavior; structure_combo; ordered_structure,strong_eye_source_hits_8; weak_xr_or_state_hits_18; validity_or_gating_hits_21; strong_pose_or_ray_construction_hits_21; ray_or_cast_sink_hits_13; ui_or_gameplay_sink_hits_15; strong_file_logging_hits_13; telemetry_or_network_hits_21; frame_or_lifecycle_behavior; source_validity_pose_sink_structure; strong_eye_source_validity_pose_sink_structure; ordered_eye_source_validity_pose_collection_sink; ordered_eye_source_validity_pose_interaction_sink; functionality_gaze_retrieval_or_extraction; functionality_gaze_interaction_hits_21; functionality_data_collection_or_telemetry_hits_21,base_scanner_score_345; module_bonus_validity_gate_8; module_bonus_pose_vector_10; module_bonus_ray_interaction_15; module_bonus_ui_interaction_12; module_bonus_data_collection_22; module_bonus_telemetry_20; module_bonus_frame_behavior_5; module_bonus_structure_combo_18; evidence_bonus_telemetry_or_network_hits_12; sensitive_sink_data_collection_bonus_15; sensitive_sink_telemetry_bonus_15; keyword_support_eye_or_gaze_5_bonus_20; keyword_support_sdk_4_bonus_12; keyword_support_collection_or_telemetry_4_bonus_16,C:\realDesktop\manifest-evaluations\summer-26\ghidra-pipeline\il2cpp-files\Lovesick\general-structure-results\90_plus_uncertain_gaze_interaction_near_certain\0172b924_Newtonsoft.Json.JsonTextWriter$$DoWriteValueAsync.c,C:\realDesktop\manifest-evaluations\summer-26\ghidra-pipeline\il2cpp-files\Lovesick\manual-review-pack\A_must_review\009_p545_Newtonsoft.Json.JsonTextWriter$$DoWriteValueAsync.c
10,531,A_must_review,TinyJSON.JSON$$Dump,01fd3524,331,90_plus_uncertain_gaze_interaction_near_certain,eye_source; weak_source_state; validity_gate; pose_vector; ray_interaction; ui_interaction; data_collection; telemetry; frame_behavior; structure_combo; ordered_structure,strong_eye_source_hits_6; weak_xr_or_state_hits_11; validity_or_gating_hits_2; strong_pose_or_ray_construction_hits_21; ray_or_cast_sink_hits_4; ui_or_gameplay_sink_hits_21; strong_file_logging_hits_2; telemetry_or_network_hits_20; frame_or_lifecycle_behavior; source_validity_pose_sink_structure; strong_eye_source_validity_pose_sink_structure; ordered_eye_source_validity_pose_collection_sink; ordered_eye_source_validity_pose_interaction_sink; functionality_gaze_retrieval_or_extraction; functionality_gaze_interaction_hits_21; functionality_data_collection_or_telemetry_hits_17,base_scanner_score_331; module_bonus_validity_gate_8; module_bonus_pose_vector_10; module_bonus_ray_interaction_15; module_bonus_ui_interaction_12; module_bonus_data_collection_22; module_bonus_telemetry_20; module_bonus_frame_behavior_5; module_bonus_structure_combo_18; evidence_bonus_telemetry_or_network_hits_12; sensitive_sink_data_collection_bonus_15; sensitive_sink_telemetry_bonus_15; keyword_support_eye_or_gaze_5_bonus_20; keyword_support_sdk_4_bonus_12; keyword_support_collection_or_telemetry_4_bonus_16,C:\realDesktop\manifest-evaluations\summer-26\ghidra-pipeline\il2cpp-files\Lovesick\general-structure-results\90_plus_uncertain_gaze_interaction_near_certain\01fd3524_TinyJSON.JSON$$Dump.c,C:\realDesktop\manifest-evaluations\summer-26\ghidra-pipeline\il2cpp-files\Lovesick\manual-review-pack\A_must_review\010_p531_TinyJSON.JSON$$Dump.c
11,531,A_must_review,TinyJSON.JSON$$Dump,01fd357c,331,90_plus_uncertain_gaze_interaction_near_certain,eye_source; weak_source_state; validity_gate; pose_vector; ray_interaction; ui_interaction; data_collection; telemetry; frame_behavior; structure_combo; ordered_structure,strong_eye_source_hits_6; weak_xr_or_state_hits_11; validity_or_gating_hits_2; strong_pose_or_ray_construction_hits_21; ray_or_cast_sink_hits_4; ui_or_gameplay_sink_hits_21; strong_file_logging_hits_2; telemetry_or_network_hits_19; frame_or_lifecycle_behavior; source_validity_pose_sink_structure; strong_eye_source_validity_pose_sink_structure; ordered_eye_source_validity_pose_collection_sink; ordered_eye_source_validity_pose_interaction_sink; functionality_gaze_retrieval_or_extraction; functionality_gaze_interaction_hits_21; functionality_data_collection_or_telemetry_hits_16,base_scanner_score_331; module_bonus_validity_gate_8; module_bonus_pose_vector_10; module_bonus_ray_interaction_15; module_bonus_ui_interaction_12; module_bonus_data_collection_22; module_bonus_telemetry_20; module_bonus_frame_behavior_5; module_bonus_structure_combo_18; evidence_bonus_telemetry_or_network_hits_12; sensitive_sink_data_collection_bonus_15; sensitive_sink_telemetry_bonus_15; keyword_support_eye_or_gaze_5_bonus_20; keyword_support_sdk_4_bonus_12; keyword_support_collection_or_telemetry_4_bonus_16,C:\realDesktop\manifest-evaluations\summer-26\ghidra-pipeline\il2cpp-files\Lovesick\general-structure-results\90_plus_uncertain_gaze_interaction_near_certain\01fd357c_TinyJSON.JSON$$Dump.c,C:\realDesktop\manifest-evaluations\summer-26\ghidra-pipeline\il2cpp-files\Lovesick\manual-review-pack\A_must_review\011_p531_TinyJSON.JSON$$Dump.c
12,525,A_must_review,UnityEngine.InputSystem.InputActionRebindingExtensions.ParameterOverride$$Find,02024b0c,325,90_plus_framework_support_only_near_certain,eye_source; weak_source_state; validity_gate; pose_vector; ray_interaction; ui_interaction; data_collection; telemetry; frame_behavior; structure_combo; ordered_structure,strong_eye_source_hits_8; weak_xr_or_state_hits_21; validity_or_gating_hits_21; strong_pose_or_ray_construction_hits_21; ray_or_cast_sink_hits_13; ui_or_gameplay_sink_hits_18; strong_file_logging_hits_4; telemetry_or_network_hits_16; frame_or_lifecycle_behavior; source_validity_pose_sink_structure; strong_eye_source_validity_pose_sink_structure; ordered_eye_source_validity_pose_collection_sink; ordered_eye_source_validity_pose_interaction_sink; negative_framework_support_context_without_confirmed_app_level_gaze_flow; functionality_gaze_retrieval_or_extraction; functionality_gaze_interaction_hits_21; functionality_data_collection_or_telemetry_hits_15,base_scanner_score_325; module_bonus_validity_gate_8; module_bonus_pose_vector_10; module_bonus_ray_interaction_15; module_bonus_ui_interaction_12; module_bonus_data_collection_22; module_bonus_telemetry_20; module_bonus_frame_behavior_5; module_bonus_structure_combo_18; evidence_bonus_telemetry_or_network_hits_12; sensitive_sink_data_collection_bonus_15; sensitive_sink_telemetry_bonus_15; keyword_support_eye_or_gaze_5_bonus_20; keyword_support_sdk_4_bonus_12; keyword_support_collection_or_telemetry_4_bonus_16,C:\realDesktop\manifest-evaluations\summer-26\ghidra-pipeline\il2cpp-files\Lovesick\general-structure-results\90_plus_framework_support_only_near_certain\02024b0c_UnityEngine.InputSystem.InputActionRebindingExtensions.ParameterOverride$$Find.c,C:\realDesktop\manifest-evaluations\summer-26\ghidra-pipeline\il2cpp-files\Lovesick\manual-review-pack\A_must_review\012_p525_UnityEngine.InputSystem.InputActionRebindingExtensions.ParameterOverride$$Find.c
13,525,A_must_review,UnityEngine.InputSystem.InputActionRebindingExtensions.ParameterOverride$$.ctor,02024ad8,325,90_plus_framework_support_only_near_certain,eye_source; weak_source_state; validity_gate; pose_vector; ray_interaction; ui_interaction; data_collection; telemetry; frame_behavior; structure_combo; ordered_structure,strong_eye_source_hits_8; weak_xr_or_state_hits_21; validity_or_gating_hits_21; strong_pose_or_ray_construction_hits_21; ray_or_cast_sink_hits_13; ui_or_gameplay_sink_hits_18; strong_file_logging_hits_4; telemetry_or_network_hits_16; frame_or_lifecycle_behavior; source_validity_pose_sink_structure; strong_eye_source_validity_pose_sink_structure; ordered_eye_source_validity_pose_collection_sink; ordered_eye_source_validity_pose_interaction_sink; negative_framework_support_context_without_confirmed_app_level_gaze_flow; functionality_gaze_retrieval_or_extraction; functionality_gaze_interaction_hits_21; functionality_data_collection_or_telemetry_hits_15,base_scanner_score_325; module_bonus_validity_gate_8; module_bonus_pose_vector_10; module_bonus_ray_interaction_15; module_bonus_ui_interaction_12; module_bonus_data_collection_22; module_bonus_telemetry_20; module_bonus_frame_behavior_5; module_bonus_structure_combo_18; evidence_bonus_telemetry_or_network_hits_12; sensitive_sink_data_collection_bonus_15; sensitive_sink_telemetry_bonus_15; keyword_support_eye_or_gaze_5_bonus_20; keyword_support_sdk_4_bonus_12; keyword_support_collection_or_telemetry_4_bonus_16,C:\realDesktop\manifest-evaluations\summer-26\ghidra-pipeline\il2cpp-files\Lovesick\general-structure-results\90_plus_framework_support_only_near_certain\02024ad8_UnityEngine.InputSystem.InputActionRebindingExtensions.ParameterOverride$$.ctor.c,C:\realDesktop\manifest-evaluations\summer-26\ghidra-pipeline\il2cpp-files\Lovesick\manual-review-pack\A_must_review\013_p525_UnityEngine.InputSystem.InputActionRebindingExtensions.ParameterOverride$$.ctor.c
14,525,A_must_review,UnityEngine.InputSystem.InputActionRebindingExtensions.ParameterEnumerator$$System.Collections.IEnumerator.get_Current,02024a70,325,90_plus_framework_support_only_near_certain,eye_source; weak_source_state; validity_gate; pose_vector; ray_interaction; ui_interaction; data_collection; telemetry; frame_behavior; structure_combo; ordered_structure,strong_eye_source_hits_9; weak_xr_or_state_hits_21; validity_or_gating_hits_21; strong_pose_or_ray_construction_hits_21; ray_or_cast_sink_hits_13; ui_or_gameplay_sink_hits_18; strong_file_logging_hits_4; telemetry_or_network_hits_18; frame_or_lifecycle_behavior; source_validity_pose_sink_structure; strong_eye_source_validity_pose_sink_structure; ordered_eye_source_validity_pose_collection_sink; ordered_eye_source_validity_pose_interaction_sink; negative_framework_support_context_without_confirmed_app_level_gaze_flow; functionality_gaze_retrieval_or_extraction; functionality_gaze_interaction_hits_21; functionality_data_collection_or_telemetry_hits_16,base_scanner_score_325; module_bonus_validity_gate_8; module_bonus_pose_vector_10; module_bonus_ray_interaction_15; module_bonus_ui_interaction_12; module_bonus_data_collection_22; module_bonus_telemetry_20; module_bonus_frame_behavior_5; module_bonus_structure_combo_18; evidence_bonus_telemetry_or_network_hits_12; sensitive_sink_data_collection_bonus_15; sensitive_sink_telemetry_bonus_15; keyword_support_eye_or_gaze_5_bonus_20; keyword_support_sdk_4_bonus_12; keyword_support_collection_or_telemetry_4_bonus_16,C:\realDesktop\manifest-evaluations\summer-26\ghidra-pipeline\il2cpp-files\Lovesick\general-structure-results\90_plus_framework_support_only_near_certain\02024a70_UnityEngine.InputSystem.InputActionRebindingExtensions.ParameterEnumerator$$System.Collections.IEnumerator.get_Current.c,C:\realDesktop\manifest-evaluations\summer-26\ghidra-pipeline\il2cpp-files\Lovesick\manual-review-pack\A_must_review\014_p525_UnityEngine.InputSystem.InputActionRebindingExtensions.ParameterEnumerator$$System.Collections.IEnumerator.get_Current.c
15,525,A_must_review,UnityEngine.InputSystem.InputActionRebindingExtensions.ParameterEnumerator$$MoveToNextProcessor,02024a00,325,90_plus_framework_support_only_near_certain,eye_source; weak_source_state; validity_gate; pose_vector; ray_interaction; ui_interaction; data_collection; telemetry; frame_behavior; structure_combo; ordered_structure,strong_eye_source_hits_9; weak_xr_or_state_hits_21; validity_or_gating_hits_21; strong_pose_or_ray_construction_hits_21; ray_or_cast_sink_hits_14; ui_or_gameplay_sink_hits_18; strong_file_logging_hits_4; telemetry_or_network_hits_18; frame_or_lifecycle_behavior; source_validity_pose_sink_structure; strong_eye_source_validity_pose_sink_structure; ordered_eye_source_validity_pose_collection_sink; ordered_eye_source_validity_pose_interaction_sink; negative_framework_support_context_without_confirmed_app_level_gaze_flow; functionality_gaze_retrieval_or_extraction; functionality_gaze_interaction_hits_21; functionality_data_collection_or_telemetry_hits_16,base_scanner_score_325; module_bonus_validity_gate_8; module_bonus_pose_vector_10; module_bonus_ray_interaction_15; module_bonus_ui_interaction_12; module_bonus_data_collection_22; module_bonus_telemetry_20; module_bonus_frame_behavior_5; module_bonus_structure_combo_18; evidence_bonus_telemetry_or_network_hits_12; sensitive_sink_data_collection_bonus_15; sensitive_sink_telemetry_bonus_15; keyword_support_eye_or_gaze_5_bonus_20; keyword_support_sdk_4_bonus_12; keyword_support_collection_or_telemetry_4_bonus_16,C:\realDesktop\manifest-evaluations\summer-26\ghidra-pipeline\il2cpp-files\Lovesick\general-structure-results\90_plus_framework_support_only_near_certain\02024a00_UnityEngine.InputSystem.InputActionRebindingExtensions.ParameterEnumerator$$MoveToNextProcessor.c,C:\realDesktop\manifest-evaluations\summer-26\ghidra-pipeline\il2cpp-files\Lovesick\manual-review-pack\A_must_review\015_p525_UnityEngine.InputSystem.InputActionRebindingExtensions.ParameterEnumerator$$MoveToNextProcessor.c
16,525,A_must_review,UnityEngine.InputSystem.InputActionRebindingExtensions.ParameterEnumerator$$Dispose,02024ad4,325,90_plus_framework_support_only_near_certain,eye_source; weak_source_state; validity_gate; pose_vector; ray_interaction; ui_interaction; data_collection; telemetry; frame_behavior; structure_combo; ordered_structure,strong_eye_source_hits_8; weak_xr_or_state_hits_21; validity_or_gating_hits_21; strong_pose_or_ray_construction_hits_21; ray_or_cast_sink_hits_13; ui_or_gameplay_sink_hits_18; strong_file_logging_hits_4; telemetry_or_network_hits_16; frame_or_lifecycle_behavior; source_validity_pose_sink_structure; strong_eye_source_validity_pose_sink_structure; ordered_eye_source_validity_pose_collection_sink; ordered_eye_source_validity_pose_interaction_sink; negative_framework_support_context_without_confirmed_app_level_gaze_flow; functionality_gaze_retrieval_or_extraction; functionality_gaze_interaction_hits_21; functionality_data_collection_or_telemetry_hits_15,base_scanner_score_325; module_bonus_validity_gate_8; module_bonus_pose_vector_10; module_bonus_ray_interaction_15; module_bonus_ui_interaction_12; module_bonus_data_collection_22; module_bonus_telemetry_20; module_bonus_frame_behavior_5; module_bonus_structure_combo_18; evidence_bonus_telemetry_or_network_hits_12; sensitive_sink_data_collection_bonus_15; sensitive_sink_telemetry_bonus_15; keyword_support_eye_or_gaze_5_bonus_20; keyword_support_sdk_4_bonus_12; keyword_support_collection_or_telemetry_4_bonus_16,C:\realDesktop\manifest-evaluations\summer-26\ghidra-pipeline\il2cpp-files\Lovesick\general-structure-results\90_plus_framework_support_only_near_certain\02024ad4_UnityEngine.InputSystem.InputActionRebindingExtensions.ParameterEnumerator$$Dispose.c,C:\realDesktop\manifest-evaluations\summer-26\ghidra-pipeline\il2cpp-files\Lovesick\manual-review-pack\A_must_review\016_p525_UnityEngine.InputSystem.InputActionRebindingExtensions.ParameterEnumerator$$Dispose.c
17,519,A_must_review,Obi.ObiRopeLineRenderer$$.ctor,018504b4,371,90_plus_confirmed_eye_data_collection_near_certain,eye_source; weak_source_state; validity_gate; pose_vector; ui_interaction; telemetry; frame_behavior; structure_combo; ordered_structure; active_gaze_retrieval; active_gaze_interaction; active_gaze_collection,strong_eye_source_hits_5; weak_xr_or_state_hits_5; validity_or_gating_hits_21; strong_pose_or_ray_construction_hits_9; ui_or_gameplay_sink_hits_5; telemetry_or_network_hits_7; frame_or_lifecycle_behavior; source_validity_pose_sink_structure; strong_eye_source_validity_pose_sink_structure; ordered_eye_source_validity_pose_collection_sink; ordered_eye_source_validity_pose_interaction_sink; active_gaze_state_retrieval_with_validity_and_pose; active_gaze_values_flow_to_interaction_sink; active_gaze_values_flow_to_collection_or_telemetry_sink; functionality_gaze_retrieval_or_extraction; functionality_gaze_interaction_hits_5; functionality_data_collection_or_telemetry_hits_4,base_scanner_score_371; module_bonus_validity_gate_8; module_bonus_pose_vector_10; module_bonus_ui_interaction_12; module_bonus_telemetry_20; module_bonus_frame_behavior_5; module_bonus_structure_combo_18; evidence_bonus_telemetry_or_network_hits_12; sensitive_sink_telemetry_bonus_15; keyword_support_eye_or_gaze_5_bonus_20; keyword_support_sdk_4_bonus_12; keyword_support_collection_or_telemetry_4_bonus_16,C:\realDesktop\manifest-evaluations\summer-26\ghidra-pipeline\il2cpp-files\Lovesick\general-structure-results\90_plus_confirmed_eye_data_collection_near_certain\018504b4_Obi.ObiRopeLineRenderer$$.ctor.c,C:\realDesktop\manifest-evaluations\summer-26\ghidra-pipeline\il2cpp-files\Lovesick\manual-review-pack\A_must_review\017_p519_Obi.ObiRopeLineRenderer$$.ctor.c
18,519,A_must_review,FUN_0185043c,0185043c,371,90_plus_confirmed_eye_data_collection_near_certain,eye_source; weak_source_state; validity_gate; pose_vector; ui_interaction; telemetry; frame_behavior; structure_combo; ordered_structure; active_gaze_retrieval; active_gaze_interaction; active_gaze_collection,strong_eye_source_hits_5; weak_xr_or_state_hits_5; validity_or_gating_hits_21; strong_pose_or_ray_construction_hits_9; ui_or_gameplay_sink_hits_3; telemetry_or_network_hits_7; frame_or_lifecycle_behavior; source_validity_pose_sink_structure; strong_eye_source_validity_pose_sink_structure; ordered_eye_source_validity_pose_collection_sink; ordered_eye_source_validity_pose_interaction_sink; active_gaze_state_retrieval_with_validity_and_pose; active_gaze_values_flow_to_interaction_sink; active_gaze_values_flow_to_collection_or_telemetry_sink; functionality_gaze_retrieval_or_extraction; functionality_gaze_interaction_hits_3; functionality_data_collection_or_telemetry_hits_4,base_scanner_score_371; module_bonus_validity_gate_8; module_bonus_pose_vector_10; module_bonus_ui_interaction_12; module_bonus_telemetry_20; module_bonus_frame_behavior_5; module_bonus_structure_combo_18; evidence_bonus_telemetry_or_network_hits_12; sensitive_sink_telemetry_bonus_15; keyword_support_eye_or_gaze_5_bonus_20; keyword_support_sdk_4_bonus_12; keyword_support_collection_or_telemetry_4_bonus_16,C:\realDesktop\manifest-evaluations\summer-26\ghidra-pipeline\il2cpp-files\Lovesick\general-structure-results\90_plus_confirmed_eye_data_collection_near_certain\0185043c_FUN_0185043c.c,C:\realDesktop\manifest-evaluations\summer-26\ghidra-pipeline\il2cpp-files\Lovesick\manual-review-pack\A_must_review\018_p519_FUN_0185043c.c
19,519,A_must_review,System.Numerics.BigNumber.BigNumberBuffer$$Create,01d1c9cc,319,90_plus_framework_support_only_near_certain,eye_source; weak_source_state; validity_gate; pose_vector; ray_interaction; ui_interaction; data_collection; telemetry; frame_behavior; structure_combo; ordered_structure,strong_eye_source_hits_3; weak_xr_or_state_hits_5; validity_or_gating_hits_8; strong_pose_or_ray_construction_hits_8; ray_or_cast_sink_hits_10; ui_or_gameplay_sink_hits_8; strong_file_logging_hits_4; telemetry_or_network_hits_5; frame_or_lifecycle_behavior; source_validity_pose_sink_structure; strong_eye_source_validity_pose_sink_structure; ordered_eye_source_validity_pose_collection_sink; ordered_eye_source_validity_pose_interaction_sink; negative_framework_support_context_without_confirmed_app_level_gaze_flow; functionality_gaze_retrieval_or_extraction; functionality_gaze_interaction_hits_13; functionality_data_collection_or_telemetry_hits_7,base_scanner_score_319; module_bonus_validity_gate_8; module_bonus_pose_vector_10; module_bonus_ray_interaction_15; module_bonus_ui_interaction_12; module_bonus_data_collection_22; module_bonus_telemetry_20; module_bonus_frame_behavior_5; module_bonus_structure_combo_18; evidence_bonus_telemetry_or_network_hits_12; sensitive_sink_data_collection_bonus_15; sensitive_sink_telemetry_bonus_15; keyword_support_eye_or_gaze_5_bonus_20; keyword_support_sdk_4_bonus_12; keyword_support_collection_or_telemetry_4_bonus_16,C:\realDesktop\manifest-evaluations\summer-26\ghidra-pipeline\il2cpp-files\Lovesick\general-structure-results\90_plus_framework_support_only_near_certain\01d1c9cc_System.Numerics.BigNumber.BigNumberBuffer$$Create.c,C:\realDesktop\manifest-evaluations\summer-26\ghidra-pipeline\il2cpp-files\Lovesick\manual-review-pack\A_must_review\019_p519_System.Numerics.BigNumber.BigNumberBuffer$$Create.c
20,519,A_must_review,System.Numerics.BigNumber$$TryValidateParseStyleInteger,01d1c788,319,90_plus_framework_support_only_near_certain,eye_source; weak_source_state; validity_gate; pose_vector; ray_interaction; ui_interaction; data_collection; telemetry; frame_behavior; structure_combo; ordered_structure,strong_eye_source_hits_3; weak_xr_or_state_hits_5; validity_or_gating_hits_10; strong_pose_or_ray_construction_hits_12; ray_or_cast_sink_hits_11; ui_or_gameplay_sink_hits_9; strong_file_logging_hits_4; telemetry_or_network_hits_5; frame_or_lifecycle_behavior; source_validity_pose_sink_structure; strong_eye_source_validity_pose_sink_structure; ordered_eye_source_validity_pose_collection_sink; ordered_eye_source_validity_pose_interaction_sink; negative_framework_support_context_without_confirmed_app_level_gaze_flow; functionality_gaze_retrieval_or_extraction; functionality_gaze_interaction_hits_14; functionality_data_collection_or_telemetry_hits_7,base_scanner_score_319; module_bonus_validity_gate_8; module_bonus_pose_vector_10; module_bonus_ray_interaction_15; module_bonus_ui_interaction_12; module_bonus_data_collection_22; module_bonus_telemetry_20; module_bonus_frame_behavior_5; module_bonus_structure_combo_18; evidence_bonus_telemetry_or_network_hits_12; sensitive_sink_data_collection_bonus_15; sensitive_sink_telemetry_bonus_15; keyword_support_eye_or_gaze_5_bonus_20; keyword_support_sdk_4_bonus_12; keyword_support_collection_or_telemetry_4_bonus_16,C:\realDesktop\manifest-evaluations\summer-26\ghidra-pipeline\il2cpp-files\Lovesick\general-structure-results\90_plus_framework_support_only_near_certain\01d1c788_System.Numerics.BigNumber$$TryValidateParseStyleInteger.c,C:\realDesktop\manifest-evaluations\summer-26\ghidra-pipeline\il2cpp-files\Lovesick\manual-review-pack\A_must_review\020_p519_System.Numerics.BigNumber$$TryValidateParseStyleInteger.c
21,519,A_must_review,System.Numerics.BigNumber$$TryParseBigInteger,01d1c884,319,90_plus_framework_support_only_near_certain,eye_source; weak_source_state; validity_gate; pose_vector; ray_interaction; ui_interaction; data_collection; telemetry; frame_behavior; structure_combo; ordered_structure,strong_eye_source_hits_3; weak_xr_or_state_hits_5; validity_or_gating_hits_8; strong_pose_or_ray_construction_hits_10; ray_or_cast_sink_hits_11; ui_or_gameplay_sink_hits_9; strong_file_logging_hits_4; telemetry_or_network_hits_5; frame_or_lifecycle_behavior; source_validity_pose_sink_structure; strong_eye_source_validity_pose_sink_structure; ordered_eye_source_validity_pose_collection_sink; ordered_eye_source_validity_pose_interaction_sink; negative_framework_support_context_without_confirmed_app_level_gaze_flow; functionality_gaze_retrieval_or_extraction; functionality_gaze_interaction_hits_14; functionality_data_collection_or_telemetry_hits_7,base_scanner_score_319; module_bonus_validity_gate_8; module_bonus_pose_vector_10; module_bonus_ray_interaction_15; module_bonus_ui_interaction_12; module_bonus_data_collection_22; module_bonus_telemetry_20; module_bonus_frame_behavior_5; module_bonus_structure_combo_18; evidence_bonus_telemetry_or_network_hits_12; sensitive_sink_data_collection_bonus_15; sensitive_sink_telemetry_bonus_15; keyword_support_eye_or_gaze_5_bonus_20; keyword_support_sdk_4_bonus_12; keyword_support_collection_or_telemetry_4_bonus_16,C:\realDesktop\manifest-evaluations\summer-26\ghidra-pipeline\il2cpp-files\Lovesick\general-structure-results\90_plus_framework_support_only_near_certain\01d1c884_System.Numerics.BigNumber$$TryParseBigInteger.c,C:\realDesktop\manifest-evaluations\summer-26\ghidra-pipeline\il2cpp-files\Lovesick\manual-review-pack\A_must_review\021_p519_System.Numerics.BigNumber$$TryParseBigInteger.c
22,519,A_must_review,System.Numerics.BigNumber$$HexNumberToBigInteger,01d1cb60,319,90_plus_framework_support_only_near_certain,eye_source; weak_source_state; validity_gate; pose_vector; ray_interaction; ui_interaction; data_collection; telemetry; frame_behavior; structure_combo; ordered_structure,strong_eye_source_hits_3; weak_xr_or_state_hits_5; validity_or_gating_hits_8; strong_pose_or_ray_construction_hits_8; ray_or_cast_sink_hits_10; ui_or_gameplay_sink_hits_8; strong_file_logging_hits_4; telemetry_or_network_hits_4; frame_or_lifecycle_behavior; source_validity_pose_sink_structure; strong_eye_source_validity_pose_sink_structure; ordered_eye_source_validity_pose_collection_sink; ordered_eye_source_validity_pose_interaction_sink; negative_framework_support_context_without_confirmed_app_level_gaze_flow; functionality_gaze_retrieval_or_extraction; functionality_gaze_interaction_hits_13; functionality_data_collection_or_telemetry_hits_6,base_scanner_score_319; module_bonus_validity_gate_8; module_bonus_pose_vector_10; module_bonus_ray_interaction_15; module_bonus_ui_interaction_12; module_bonus_data_collection_22; module_bonus_telemetry_20; module_bonus_frame_behavior_5; module_bonus_structure_combo_18; evidence_bonus_telemetry_or_network_hits_12; sensitive_sink_data_collection_bonus_15; sensitive_sink_telemetry_bonus_15; keyword_support_eye_or_gaze_5_bonus_20; keyword_support_sdk_4_bonus_12; keyword_support_collection_or_telemetry_4_bonus_16,C:\realDesktop\manifest-evaluations\summer-26\ghidra-pipeline\il2cpp-files\Lovesick\general-structure-results\90_plus_framework_support_only_near_certain\01d1cb60_System.Numerics.BigNumber$$HexNumberToBigInteger.c,C:\realDesktop\manifest-evaluations\summer-26\ghidra-pipeline\il2cpp-files\Lovesick\manual-review-pack\A_must_review\022_p519_System.Numerics.BigNumber$$HexNumberToBigInteger.c
23,519,A_must_review,System.Globalization.FormatProvider$$TryStringToBigInteger,01d1ca68,319,90_plus_framework_support_only_near_certain,eye_source; weak_source_state; validity_gate; pose_vector; ray_interaction; ui_interaction; data_collection; telemetry; frame_behavior; structure_combo; ordered_structure,strong_eye_source_hits_3; weak_xr_or_state_hits_5; validity_or_gating_hits_8; strong_pose_or_ray_construction_hits_8; ray_or_cast_sink_hits_10; ui_or_gameplay_sink_hits_8; strong_file_logging_hits_4; telemetry_or_network_hits_4; frame_or_lifecycle_behavior; source_validity_pose_sink_structure; strong_eye_source_validity_pose_sink_structure; ordered_eye_source_validity_pose_collection_sink; ordered_eye_source_validity_pose_interaction_sink; negative_framework_support_context_without_confirmed_app_level_gaze_flow; functionality_gaze_retrieval_or_extraction; functionality_gaze_interaction_hits_13; functionality_data_collection_or_telemetry_hits_6,base_scanner_score_319; module_bonus_validity_gate_8; module_bonus_pose_vector_10; module_bonus_ray_interaction_15; module_bonus_ui_interaction_12; module_bonus_data_collection_22; module_bonus_telemetry_20; module_bonus_frame_behavior_5; module_bonus_structure_combo_18; evidence_bonus_telemetry_or_network_hits_12; sensitive_sink_data_collection_bonus_15; sensitive_sink_telemetry_bonus_15; keyword_support_eye_or_gaze_5_bonus_20; keyword_support_sdk_4_bonus_12; keyword_support_collection_or_telemetry_4_bonus_16,C:\realDesktop\manifest-evaluations\summer-26\ghidra-pipeline\il2cpp-files\Lovesick\general-structure-results\90_plus_framework_support_only_near_certain\01d1ca68_System.Globalization.FormatProvider$$TryStringToBigInteger.c,C:\realDesktop\manifest-evaluations\summer-26\ghidra-pipeline\il2cpp-files\Lovesick\manual-review-pack\A_must_review\023_p519_System.Globalization.FormatProvider$$TryStringToBigInteger.c
24,515,A_must_review,Newtonsoft.Json.JsonTextWriter$$WriteValueToBuffer,0172db68,315,90_plus_uncertain_gaze_interaction_near_certain,eye_source; weak_source_state; validity_gate; pose_vector; ray_interaction; ui_interaction; data_collection; telemetry; frame_behavior; structure_combo; ordered_structure,strong_eye_source_hits_4; weak_xr_or_state_hits_8; validity_or_gating_hits_21; strong_pose_or_ray_construction_hits_16; ray_or_cast_sink_hits_5; ui_or_gameplay_sink_hits_4; strong_file_logging_hits_8; telemetry_or_network_hits_12; frame_or_lifecycle_behavior; source_validity_pose_sink_structure; strong_eye_source_validity_pose_sink_structure; ordered_eye_source_validity_pose_collection_sink; functionality_gaze_retrieval_or_extraction; functionality_gaze_interaction_hits_8; functionality_data_collection_or_telemetry_hits_18,base_scanner_score_315; module_bonus_validity_gate_8; module_bonus_pose_vector_10; module_bonus_ray_interaction_15; module_bonus_ui_interaction_12; module_bonus_data_collection_22; module_bonus_telemetry_20; module_bonus_frame_behavior_5; module_bonus_structure_combo_18; evidence_bonus_telemetry_or_network_hits_12; sensitive_sink_data_collection_bonus_15; sensitive_sink_telemetry_bonus_15; keyword_support_eye_or_gaze_5_bonus_20; keyword_support_sdk_4_bonus_12; keyword_support_collection_or_telemetry_4_bonus_16,C:\realDesktop\manifest-evaluations\summer-26\ghidra-pipeline\il2cpp-files\Lovesick\general-structure-results\90_plus_uncertain_gaze_interaction_near_certain\0172db68_Newtonsoft.Json.JsonTextWriter$$WriteValueToBuffer.c,C:\realDesktop\manifest-evaluations\summer-26\ghidra-pipeline\il2cpp-files\Lovesick\manual-review-pack\A_must_review\024_p515_Newtonsoft.Json.JsonTextWriter$$WriteValueToBuffer.c
25,515,A_must_review,Newtonsoft.Json.JsonTextWriter$$WriteValue,0172d954,315,90_plus_uncertain_gaze_interaction_near_certain,eye_source; weak_source_state; validity_gate; pose_vector; ray_interaction; ui_interaction; data_collection; telemetry; frame_behavior; structure_combo; ordered_structure,strong_eye_source_hits_4; weak_xr_or_state_hits_8; validity_or_gating_hits_21; strong_pose_or_ray_construction_hits_16; ray_or_cast_sink_hits_5; ui_or_gameplay_sink_hits_5; strong_file_logging_hits_8; telemetry_or_network_hits_12; frame_or_lifecycle_behavior; source_validity_pose_sink_structure; strong_eye_source_validity_pose_sink_structure; ordered_eye_source_validity_pose_collection_sink; functionality_gaze_retrieval_or_extraction; functionality_gaze_interaction_hits_8; functionality_data_collection_or_telemetry_hits_18,base_scanner_score_315; module_bonus_validity_gate_8; module_bonus_pose_vector_10; module_bonus_ray_interaction_15; module_bonus_ui_interaction_12; module_bonus_data_collection_22; module_bonus_telemetry_20; module_bonus_frame_behavior_5; module_bonus_structure_combo_18; evidence_bonus_telemetry_or_network_hits_12; sensitive_sink_data_collection_bonus_15; sensitive_sink_telemetry_bonus_15; keyword_support_eye_or_gaze_5_bonus_20; keyword_support_sdk_4_bonus_12; keyword_support_collection_or_telemetry_4_bonus_16,C:\realDesktop\manifest-evaluations\summer-26\ghidra-pipeline\il2cpp-files\Lovesick\general-structure-results\90_plus_uncertain_gaze_interaction_near_certain\0172d954_Newtonsoft.Json.JsonTextWriter$$WriteValue.c,C:\realDesktop\manifest-evaluations\summer-26\ghidra-pipeline\il2cpp-files\Lovesick\manual-review-pack\A_must_review\025_p515_Newtonsoft.Json.JsonTextWriter$$WriteValue.c
26,515,A_must_review,Newtonsoft.Json.JsonTextWriter$$WriteValue,0172da0c,315,90_plus_uncertain_gaze_interaction_near_certain,eye_source; weak_source_state; validity_gate; pose_vector; ray_interaction; ui_interaction; data_collection; telemetry; frame_behavior; structure_combo; ordered_structure,strong_eye_source_hits_4; weak_xr_or_state_hits_8; validity_or_gating_hits_21; strong_pose_or_ray_construction_hits_16; ray_or_cast_sink_hits_5; ui_or_gameplay_sink_hits_4; strong_file_logging_hits_8; telemetry_or_network_hits_12; frame_or_lifecycle_behavior; source_validity_pose_sink_structure; strong_eye_source_validity_pose_sink_structure; ordered_eye_source_validity_pose_collection_sink; functionality_gaze_retrieval_or_extraction; functionality_gaze_interaction_hits_8; functionality_data_collection_or_telemetry_hits_18,base_scanner_score_315; module_bonus_validity_gate_8; module_bonus_pose_vector_10; module_bonus_ray_interaction_15; module_bonus_ui_interaction_12; module_bonus_data_collection_22; module_bonus_telemetry_20; module_bonus_frame_behavior_5; module_bonus_structure_combo_18; evidence_bonus_telemetry_or_network_hits_12; sensitive_sink_data_collection_bonus_15; sensitive_sink_telemetry_bonus_15; keyword_support_eye_or_gaze_5_bonus_20; keyword_support_sdk_4_bonus_12; keyword_support_collection_or_telemetry_4_bonus_16,C:\realDesktop\manifest-evaluations\summer-26\ghidra-pipeline\il2cpp-files\Lovesick\general-structure-results\90_plus_uncertain_gaze_interaction_near_certain\0172da0c_Newtonsoft.Json.JsonTextWriter$$WriteValue.c,C:\realDesktop\manifest-evaluations\summer-26\ghidra-pipeline\il2cpp-files\Lovesick\manual-review-pack\A_must_review\026_p515_Newtonsoft.Json.JsonTextWriter$$WriteValue.c
27,515,A_must_review,Newtonsoft.Json.JsonTextWriter$$WriteStartObject,0172c59c,315,90_plus_uncertain_gaze_interaction_near_certain,eye_source; weak_source_state; validity_gate; pose_vector; ray_interaction; ui_interaction; data_collection; telemetry; frame_behavior; structure_combo; ordered_structure,strong_eye_source_hits_6; weak_xr_or_state_hits_12; validity_or_gating_hits_21; strong_pose_or_ray_construction_hits_21; ray_or_cast_sink_hits_8; ui_or_gameplay_sink_hits_9; strong_file_logging_hits_11; telemetry_or_network_hits_18; frame_or_lifecycle_behavior; source_validity_pose_sink_structure; strong_eye_source_validity_pose_sink_structure; ordered_eye_source_validity_pose_collection_sink; functionality_gaze_retrieval_or_extraction; functionality_gaze_interaction_hits_14; functionality_data_collection_or_telemetry_hits_21,base_scanner_score_315; module_bonus_validity_gate_8; module_bonus_pose_vector_10; module_bonus_ray_interaction_15; module_bonus_ui_interaction_12; module_bonus_data_collection_22; module_bonus_telemetry_20; module_bonus_frame_behavior_5; module_bonus_structure_combo_18; evidence_bonus_telemetry_or_network_hits_12; sensitive_sink_data_collection_bonus_15; sensitive_sink_telemetry_bonus_15; keyword_support_eye_or_gaze_5_bonus_20; keyword_support_sdk_4_bonus_12; keyword_support_collection_or_telemetry_4_bonus_16,C:\realDesktop\manifest-evaluations\summer-26\ghidra-pipeline\il2cpp-files\Lovesick\general-structure-results\90_plus_uncertain_gaze_interaction_near_certain\0172c59c_Newtonsoft.Json.JsonTextWriter$$WriteStartObject.c,C:\realDesktop\manifest-evaluations\summer-26\ghidra-pipeline\il2cpp-files\Lovesick\manual-review-pack\A_must_review\027_p515_Newtonsoft.Json.JsonTextWriter$$WriteStartObject.c
28,515,A_must_review,Newtonsoft.Json.JsonTextWriter$$WriteStartConstructor,0172c614,315,90_plus_uncertain_gaze_interaction_near_certain,eye_source; weak_source_state; validity_gate; pose_vector; ray_interaction; ui_interaction; data_collection; telemetry; frame_behavior; structure_combo; ordered_structure,strong_eye_source_hits_6; weak_xr_or_state_hits_12; validity_or_gating_hits_21; strong_pose_or_ray_construction_hits_21; ray_or_cast_sink_hits_8; ui_or_gameplay_sink_hits_8; strong_file_logging_hits_11; telemetry_or_network_hits_18; frame_or_lifecycle_behavior; source_validity_pose_sink_structure; strong_eye_source_validity_pose_sink_structure; ordered_eye_source_validity_pose_collection_sink; functionality_gaze_retrieval_or_extraction; functionality_gaze_interaction_hits_13; functionality_data_collection_or_telemetry_hits_21,base_scanner_score_315; module_bonus_validity_gate_8; module_bonus_pose_vector_10; module_bonus_ray_interaction_15; module_bonus_ui_interaction_12; module_bonus_data_collection_22; module_bonus_telemetry_20; module_bonus_frame_behavior_5; module_bonus_structure_combo_18; evidence_bonus_telemetry_or_network_hits_12; sensitive_sink_data_collection_bonus_15; sensitive_sink_telemetry_bonus_15; keyword_support_eye_or_gaze_5_bonus_20; keyword_support_sdk_4_bonus_12; keyword_support_collection_or_telemetry_4_bonus_16,C:\realDesktop\manifest-evaluations\summer-26\ghidra-pipeline\il2cpp-files\Lovesick\general-structure-results\90_plus_uncertain_gaze_interaction_near_certain\0172c614_Newtonsoft.Json.JsonTextWriter$$WriteStartConstructor.c,C:\realDesktop\manifest-evaluations\summer-26\ghidra-pipeline\il2cpp-files\Lovesick\manual-review-pack\A_must_review\028_p515_Newtonsoft.Json.JsonTextWriter$$WriteStartConstructor.c
29,515,A_must_review,Newtonsoft.Json.JsonTextWriter$$WriteStartArray,0172c5d8,315,90_plus_uncertain_gaze_interaction_near_certain,eye_source; weak_source_state; validity_gate; pose_vector; ray_interaction; ui_interaction; data_collection; telemetry; frame_behavior; structure_combo; ordered_structure,strong_eye_source_hits_6; weak_xr_or_state_hits_12; validity_or_gating_hits_21; strong_pose_or_ray_construction_hits_21; ray_or_cast_sink_hits_8; ui_or_gameplay_sink_hits_8; strong_file_logging_hits_11; telemetry_or_network_hits_18; frame_or_lifecycle_behavior; source_validity_pose_sink_structure; strong_eye_source_validity_pose_sink_structure; ordered_eye_source_validity_pose_collection_sink; functionality_gaze_retrieval_or_extraction; functionality_gaze_interaction_hits_13; functionality_data_collection_or_telemetry_hits_21,base_scanner_score_315; module_bonus_validity_gate_8; module_bonus_pose_vector_10; module_bonus_ray_interaction_15; module_bonus_ui_interaction_12; module_bonus_data_collection_22; module_bonus_telemetry_20; module_bonus_frame_behavior_5; module_bonus_structure_combo_18; evidence_bonus_telemetry_or_network_hits_12; sensitive_sink_data_collection_bonus_15; sensitive_sink_telemetry_bonus_15; keyword_support_eye_or_gaze_5_bonus_20; keyword_support_sdk_4_bonus_12; keyword_support_collection_or_telemetry_4_bonus_16,C:\realDesktop\manifest-evaluations\summer-26\ghidra-pipeline\il2cpp-files\Lovesick\general-structure-results\90_plus_uncertain_gaze_interaction_near_certain\0172c5d8_Newtonsoft.Json.JsonTextWriter$$WriteStartArray.c,C:\realDesktop\manifest-evaluations\summer-26\ghidra-pipeline\il2cpp-files\Lovesick\manual-review-pack\A_must_review\029_p515_Newtonsoft.Json.JsonTextWriter$$WriteStartArray.c
30,515,A_must_review,Newtonsoft.Json.JsonTextWriter$$WritePropertyName,0172c7b4,315,90_plus_uncertain_gaze_interaction_near_certain,eye_source; weak_source_state; validity_gate; pose_vector; ray_interaction; ui_interaction; data_collection; telemetry; frame_behavior; structure_combo; ordered_structure,strong_eye_source_hits_6; weak_xr_or_state_hits_12; validity_or_gating_hits_21; strong_pose_or_ray_construction_hits_21; ray_or_cast_sink_hits_7; ui_or_gameplay_sink_hits_8; strong_file_logging_hits_11; telemetry_or_network_hits_16; frame_or_lifecycle_behavior; source_validity_pose_sink_structure; strong_eye_source_validity_pose_sink_structure; ordered_eye_source_validity_pose_collection_sink; functionality_gaze_retrieval_or_extraction; functionality_gaze_interaction_hits_12; functionality_data_collection_or_telemetry_hits_21,base_scanner_score_315; module_bonus_validity_gate_8; module_bonus_pose_vector_10; module_bonus_ray_interaction_15; module_bonus_ui_interaction_12; module_bonus_data_collection_22; module_bonus_telemetry_20; module_bonus_frame_behavior_5; module_bonus_structure_combo_18; evidence_bonus_telemetry_or_network_hits_12; sensitive_sink_data_collection_bonus_15; sensitive_sink_telemetry_bonus_15; keyword_support_eye_or_gaze_5_bonus_20; keyword_support_sdk_4_bonus_12; keyword_support_collection_or_telemetry_4_bonus_16,C:\realDesktop\manifest-evaluations\summer-26\ghidra-pipeline\il2cpp-files\Lovesick\general-structure-results\90_plus_uncertain_gaze_interaction_near_certain\0172c7b4_Newtonsoft.Json.JsonTextWriter$$WritePropertyName.c,C:\realDesktop\manifest-evaluations\summer-26\ghidra-pipeline\il2cpp-files\Lovesick\manual-review-pack\A_must_review\030_p515_Newtonsoft.Json.JsonTextWriter$$WritePropertyName.c
31,515,A_must_review,Newtonsoft.Json.JsonTextWriter$$WriteEscapedString,0172c804,315,90_plus_uncertain_gaze_interaction_near_certain,eye_source; weak_source_state; validity_gate; pose_vector; ray_interaction; ui_interaction; data_collection; telemetry; frame_behavior; structure_combo; ordered_structure,strong_eye_source_hits_6; weak_xr_or_state_hits_12; validity_or_gating_hits_21; strong_pose_or_ray_construction_hits_21; ray_or_cast_sink_hits_7; ui_or_gameplay_sink_hits_8; strong_file_logging_hits_11; telemetry_or_network_hits_16; frame_or_lifecycle_behavior; source_validity_pose_sink_structure; strong_eye_source_validity_pose_sink_structure; ordered_eye_source_validity_pose_collection_sink; functionality_gaze_retrieval_or_extraction; functionality_gaze_interaction_hits_12; functionality_data_collection_or_telemetry_hits_21,base_scanner_score_315; module_bonus_validity_gate_8; module_bonus_pose_vector_10; module_bonus_ray_interaction_15; module_bonus_ui_interaction_12; module_bonus_data_collection_22; module_bonus_telemetry_20; module_bonus_frame_behavior_5; module_bonus_structure_combo_18; evidence_bonus_telemetry_or_network_hits_12; sensitive_sink_data_collection_bonus_15; sensitive_sink_telemetry_bonus_15; keyword_support_eye_or_gaze_5_bonus_20; keyword_support_sdk_4_bonus_12; keyword_support_collection_or_telemetry_4_bonus_16,C:\realDesktop\manifest-evaluations\summer-26\ghidra-pipeline\il2cpp-files\Lovesick\general-structure-results\90_plus_uncertain_gaze_interaction_near_certain\0172c804_Newtonsoft.Json.JsonTextWriter$$WriteEscapedString.c,C:\realDesktop\manifest-evaluations\summer-26\ghidra-pipeline\il2cpp-files\Lovesick\manual-review-pack\A_must_review\031_p515_Newtonsoft.Json.JsonTextWriter$$WriteEscapedString.c
32,515,A_must_review,Newtonsoft.Json.JsonTextWriter$$WriteEnd,0172c6c0,315,90_plus_uncertain_gaze_interaction_near_certain,eye_source; weak_source_state; validity_gate; pose_vector; ray_interaction; ui_interaction; data_collection; telemetry; frame_behavior; structure_combo; ordered_structure,strong_eye_source_hits_6; weak_xr_or_state_hits_12; validity_or_gating_hits_21; strong_pose_or_ray_construction_hits_21; ray_or_cast_sink_hits_8; ui_or_gameplay_sink_hits_8; strong_file_logging_hits_11; telemetry_or_network_hits_17; frame_or_lifecycle_behavior; source_validity_pose_sink_structure; strong_eye_source_validity_pose_sink_structure; ordered_eye_source_validity_pose_collection_sink; functionality_gaze_retrieval_or_extraction; functionality_gaze_interaction_hits_13; functionality_data_collection_or_telemetry_hits_21,base_scanner_score_315; module_bonus_validity_gate_8; module_bonus_pose_vector_10; module_bonus_ray_interaction_15; module_bonus_ui_interaction_12; module_bonus_data_collection_22; module_bonus_telemetry_20; module_bonus_frame_behavior_5; module_bonus_structure_combo_18; evidence_bonus_telemetry_or_network_hits_12; sensitive_sink_data_collection_bonus_15; sensitive_sink_telemetry_bonus_15; keyword_support_eye_or_gaze_5_bonus_20; keyword_support_sdk_4_bonus_12; keyword_support_collection_or_telemetry_4_bonus_16,C:\realDesktop\manifest-evaluations\summer-26\ghidra-pipeline\il2cpp-files\Lovesick\general-structure-results\90_plus_uncertain_gaze_interaction_near_certain\0172c6c0_Newtonsoft.Json.JsonTextWriter$$WriteEnd.c,C:\realDesktop\manifest-evaluations\summer-26\ghidra-pipeline\il2cpp-files\Lovesick\manual-review-pack\A_must_review\032_p515_Newtonsoft.Json.JsonTextWriter$$WriteEnd.c
33,515,A_must_review,Newtonsoft.Json.JsonTextWriter$$Flush,0172c518,315,90_plus_uncertain_gaze_interaction_near_certain,eye_source; weak_source_state; validity_gate; pose_vector; ray_interaction; ui_interaction; data_collection; telemetry; frame_behavior; structure_combo; ordered_structure,strong_eye_source_hits_6; weak_xr_or_state_hits_12; validity_or_gating_hits_21; strong_pose_or_ray_construction_hits_21; ray_or_cast_sink_hits_8; ui_or_gameplay_sink_hits_9; strong_file_logging_hits_13; telemetry_or_network_hits_18; frame_or_lifecycle_behavior; source_validity_pose_sink_structure; strong_eye_source_validity_pose_sink_structure; ordered_eye_source_validity_pose_collection_sink; functionality_gaze_retrieval_or_extraction; functionality_gaze_interaction_hits_14; functionality_data_collection_or_telemetry_hits_21,base_scanner_score_315; module_bonus_validity_gate_8; module_bonus_pose_vector_10; module_bonus_ray_interaction_15; module_bonus_ui_interaction_12; module_bonus_data_collection_22; module_bonus_telemetry_20; module_bonus_frame_behavior_5; module_bonus_structure_combo_18; evidence_bonus_telemetry_or_network_hits_12; sensitive_sink_data_collection_bonus_15; sensitive_sink_telemetry_bonus_15; keyword_support_eye_or_gaze_5_bonus_20; keyword_support_sdk_4_bonus_12; keyword_support_collection_or_telemetry_4_bonus_16,C:\realDesktop\manifest-evaluations\summer-26\ghidra-pipeline\il2cpp-files\Lovesick\general-structure-results\90_plus_uncertain_gaze_interaction_near_certain\0172c518_Newtonsoft.Json.JsonTextWriter$$Flush.c,C:\realDesktop\manifest-evaluations\summer-26\ghidra-pipeline\il2cpp-files\Lovesick\manual-review-pack\A_must_review\033_p515_Newtonsoft.Json.JsonTextWriter$$Flush.c
34,515,A_must_review,Newtonsoft.Json.JsonTextWriter$$CloseBufferAndWriter,0172c554,315,90_plus_uncertain_gaze_interaction_near_certain,eye_source; weak_source_state; validity_gate; pose_vector; ray_interaction; ui_interaction; data_collection; telemetry; frame_behavior; structure_combo; ordered_structure,strong_eye_source_hits_6; weak_xr_or_state_hits_12; validity_or_gating_hits_21; strong_pose_or_ray_construction_hits_21; ray_or_cast_sink_hits_8; ui_or_gameplay_sink_hits_9; strong_file_logging_hits_13; telemetry_or_network_hits_18; frame_or_lifecycle_behavior; source_validity_pose_sink_structure; strong_eye_source_validity_pose_sink_structure; ordered_eye_source_validity_pose_collection_sink; functionality_gaze_retrieval_or_extraction; functionality_gaze_interaction_hits_14; functionality_data_collection_or_telemetry_hits_21,base_scanner_score_315; module_bonus_validity_gate_8; module_bonus_pose_vector_10; module_bonus_ray_interaction_15; module_bonus_ui_interaction_12; module_bonus_data_collection_22; module_bonus_telemetry_20; module_bonus_frame_behavior_5; module_bonus_structure_combo_18; evidence_bonus_telemetry_or_network_hits_12; sensitive_sink_data_collection_bonus_15; sensitive_sink_telemetry_bonus_15; keyword_support_eye_or_gaze_5_bonus_20; keyword_support_sdk_4_bonus_12; keyword_support_collection_or_telemetry_4_bonus_16,C:\realDesktop\manifest-evaluations\summer-26\ghidra-pipeline\il2cpp-files\Lovesick\general-structure-results\90_plus_uncertain_gaze_interaction_near_certain\0172c554_Newtonsoft.Json.JsonTextWriter$$CloseBufferAndWriter.c,C:\realDesktop\manifest-evaluations\summer-26\ghidra-pipeline\il2cpp-files\Lovesick\manual-review-pack\A_must_review\034_p515_Newtonsoft.Json.JsonTextWriter$$CloseBufferAndWriter.c
35,515,A_must_review,Newtonsoft.Json.JsonTextWriter$$Close,0172c538,315,90_plus_uncertain_gaze_interaction_near_certain,eye_source; weak_source_state; validity_gate; pose_vector; ray_interaction; ui_interaction; data_collection; telemetry; frame_behavior; structure_combo; ordered_structure,strong_eye_source_hits_6; weak_xr_or_state_hits_12; validity_or_gating_hits_21; strong_pose_or_ray_construction_hits_21; ray_or_cast_sink_hits_8; ui_or_gameplay_sink_hits_9; strong_file_logging_hits_13; telemetry_or_network_hits_18; frame_or_lifecycle_behavior; source_validity_pose_sink_structure; strong_eye_source_validity_pose_sink_structure; ordered_eye_source_validity_pose_collection_sink; functionality_gaze_retrieval_or_extraction; functionality_gaze_interaction_hits_14; functionality_data_collection_or_telemetry_hits_21,base_scanner_score_315; module_bonus_validity_gate_8; module_bonus_pose_vector_10; module_bonus_ray_interaction_15; module_bonus_ui_interaction_12; module_bonus_data_collection_22; module_bonus_telemetry_20; module_bonus_frame_behavior_5; module_bonus_structure_combo_18; evidence_bonus_telemetry_or_network_hits_12; sensitive_sink_data_collection_bonus_15; sensitive_sink_telemetry_bonus_15; keyword_support_eye_or_gaze_5_bonus_20; keyword_support_sdk_4_bonus_12; keyword_support_collection_or_telemetry_4_bonus_16,C:\realDesktop\manifest-evaluations\summer-26\ghidra-pipeline\il2cpp-files\Lovesick\general-structure-results\90_plus_uncertain_gaze_interaction_near_certain\0172c538_Newtonsoft.Json.JsonTextWriter$$Close.c,C:\realDesktop\manifest-evaluations\summer-26\ghidra-pipeline\il2cpp-files\Lovesick\manual-review-pack\A_must_review\035_p515_Newtonsoft.Json.JsonTextWriter$$Close.c
36,510,A_must_review,Obi.ObiRopeLineRenderer$$.cctor,018506b0,365,90_plus_confirmed_eye_data_collection_near_certain,eye_source; weak_source_state; validity_gate; pose_vector; ui_interaction; telemetry; frame_behavior; structure_combo; ordered_structure; active_gaze_retrieval; active_gaze_interaction; active_gaze_collection,strong_eye_source_hits_3; weak_xr_or_state_hits_3; validity_or_gating_hits_21; strong_pose_or_ray_construction_hits_7; ui_or_gameplay_sink_hits_4; telemetry_or_network_hits_4; frame_or_lifecycle_behavior; source_validity_pose_sink_structure; strong_eye_source_validity_pose_sink_structure; ordered_eye_source_validity_pose_collection_sink; ordered_eye_source_validity_pose_interaction_sink; active_gaze_state_retrieval_with_validity_and_pose; active_gaze_values_flow_to_interaction_sink; active_gaze_values_flow_to_collection_or_telemetry_sink; functionality_gaze_retrieval_or_extraction; functionality_gaze_interaction_hits_4; functionality_data_collection_or_telemetry_hits_2,base_scanner_score_365; module_bonus_validity_gate_8; module_bonus_pose_vector_10; module_bonus_ui_interaction_12; module_bonus_telemetry_20; module_bonus_frame_behavior_5; module_bonus_structure_combo_18; evidence_bonus_telemetry_or_network_hits_12; sensitive_sink_telemetry_bonus_15; keyword_support_eye_or_gaze_5_bonus_20; keyword_support_sdk_3_bonus_9; keyword_support_collection_or_telemetry_4_bonus_16,C:\realDesktop\manifest-evaluations\summer-26\ghidra-pipeline\il2cpp-files\Lovesick\general-structure-results\90_plus_confirmed_eye_data_collection_near_certain\018506b0_Obi.ObiRopeLineRenderer$$.cctor.c,C:\realDesktop\manifest-evaluations\summer-26\ghidra-pipeline\il2cpp-files\Lovesick\manual-review-pack\A_must_review\036_p510_Obi.ObiRopeLineRenderer$$.cctor.c
37,502,A_must_review,System.Numerics.BigNumber$$NumberToBigInteger,01d1ccf8,305,90_plus_framework_support_only_near_certain,eye_source; weak_source_state; validity_gate; pose_vector; ray_interaction; ui_interaction; data_collection; telemetry; frame_behavior; structure_combo; ordered_structure,strong_eye_source_hits_2; weak_xr_or_state_hits_4; validity_or_gating_hits_7; strong_pose_or_ray_construction_hits_8; ray_or_cast_sink_hits_9; ui_or_gameplay_sink_hits_6; strong_file_logging_hits_2; telemetry_or_network_hits_4; frame_or_lifecycle_behavior; source_validity_pose_sink_structure; strong_eye_source_validity_pose_sink_structure; ordered_eye_source_validity_pose_collection_sink; ordered_eye_source_validity_pose_interaction_sink; negative_framework_support_context_without_confirmed_app_level_gaze_flow; functionality_gaze_retrieval_or_extraction; functionality_gaze_interaction_hits_11; functionality_data_collection_or_telemetry_hits_4,base_scanner_score_305; module_bonus_validity_gate_8; module_bonus_pose_vector_10; module_bonus_ray_interaction_15; module_bonus_ui_interaction_12; module_bonus_data_collection_22; module_bonus_telemetry_20; module_bonus_frame_behavior_5; module_bonus_structure_combo_18; evidence_bonus_telemetry_or_network_hits_12; sensitive_sink_data_collection_bonus_15; sensitive_sink_telemetry_bonus_15; keyword_support_eye_or_gaze_5_bonus_20; keyword_support_sdk_3_bonus_9; keyword_support_collection_or_telemetry_4_bonus_16,C:\realDesktop\manifest-evaluations\summer-26\ghidra-pipeline\il2cpp-files\Lovesick\general-structure-results\90_plus_framework_support_only_near_certain\01d1ccf8_System.Numerics.BigNumber$$NumberToBigInteger.c,C:\realDesktop\manifest-evaluations\summer-26\ghidra-pipeline\il2cpp-files\Lovesick\manual-review-pack\A_must_review\037_p502_System.Numerics.BigNumber$$NumberToBigInteger.c
38,495,A_must_review,FUN_01719464,01719464,296,90_plus_uncertain_gaze_interaction_near_certain,eye_source; weak_source_state; validity_gate; pose_vector; paired_state_refs; ray_interaction; ui_interaction; data_collection; telemetry; frame_behavior; structure_combo; ordered_structure,strong_eye_source_hits_1; weak_xr_or_state_hits_10; validity_or_gating_hits_21; strong_pose_or_ray_construction_hits_7; paired_field_refs_with_eye_source; ray_or_cast_sink_hits_4; ui_or_gameplay_sink_hits_4; strong_file_logging_hits_2; telemetry_or_network_hits_9; frame_or_lifecycle_behavior; source_validity_pose_sink_structure; strong_eye_source_validity_pose_sink_structure; ordered_eye_source_validity_pose_interaction_sink; functionality_gaze_retrieval_or_extraction; functionality_gaze_interaction_hits_8; functionality_data_collection_or_telemetry_hits_9,base_scanner_score_296; module_bonus_validity_gate_8; module_bonus_pose_vector_10; module_bonus_paired_state_refs_8; module_bonus_ray_interaction_15; module_bonus_ui_interaction_12; module_bonus_data_collection_22; module_bonus_telemetry_20; module_bonus_frame_behavior_5; module_bonus_structure_combo_18; evidence_bonus_telemetry_or_network_hits_12; sensitive_sink_data_collection_bonus_15; sensitive_sink_telemetry_bonus_15; keyword_support_eye_or_gaze_5_bonus_20; keyword_support_sdk_1_bonus_3; keyword_support_collection_or_telemetry_4_bonus_16,C:\realDesktop\manifest-evaluations\summer-26\ghidra-pipeline\il2cpp-files\Lovesick\general-structure-results\90_plus_uncertain_gaze_interaction_near_certain\01719464_FUN_01719464.c,C:\realDesktop\manifest-evaluations\summer-26\ghidra-pipeline\il2cpp-files\Lovesick\manual-review-pack\A_must_review\038_p495_FUN_01719464.c
39,490,A_must_review,UnityEngine.XR.ARFoundation.ARSession.<Install>d__37$$System.IDisposable.Dispose,0243e8bc,328,90_plus_confirmed_eye_data_collection_near_certain,eye_source; weak_source_state; validity_gate; pose_vector; paired_state_refs; ray_interaction; ui_interaction; telemetry; frame_behavior; structure_combo; active_gaze_retrieval; active_gaze_interaction; active_gaze_collection; possible_biometrics,strong_eye_source_hits_1; weak_xr_or_state_hits_3; validity_or_gating_hits_21; strong_pose_or_ray_construction_hits_2; paired_field_refs_with_eye_source; ray_or_cast_sink_hits_4; ui_or_gameplay_sink_hits_2; telemetry_or_network_hits_2; frame_or_lifecycle_behavior; source_validity_pose_sink_structure; strong_eye_source_validity_pose_sink_structure; active_gaze_state_retrieval_with_validity_and_pose; active_gaze_values_flow_to_interaction_sink; active_gaze_values_flow_to_collection_or_telemetry_sink; possible_biometric_feature_from_active_eye_context; functionality_gaze_interaction_hits_6; functionality_data_collection_or_telemetry_hits_2; functionality_possible_biometrics_hits_2,base_scanner_score_328; module_bonus_validity_gate_8; module_bonus_pose_vector_10; module_bonus_paired_state_refs_8; module_bonus_ray_interaction_15; module_bonus_ui_interaction_12; module_bonus_telemetry_20; module_bonus_frame_behavior_5; module_bonus_structure_combo_18; evidence_bonus_telemetry_or_network_hits_12; sensitive_sink_telemetry_bonus_15; keyword_support_eye_or_gaze_5_bonus_20; keyword_support_sdk_1_bonus_3; keyword_support_collection_or_telemetry_4_bonus_16,C:\realDesktop\manifest-evaluations\summer-26\ghidra-pipeline\il2cpp-files\Lovesick\general-structure-results\90_plus_confirmed_eye_data_collection_near_certain\0243e8bc_UnityEngine.XR.ARFoundation.ARSession._Install_d__37$$System.IDisposable.Dispose.c,C:\realDesktop\manifest-evaluations\summer-26\ghidra-pipeline\il2cpp-files\Lovesick\manual-review-pack\A_must_review\039_p490_UnityEngine.XR.ARFoundation.ARSession._Install_d__37$$System.IDisposable.Dispose.c
40,487,A_must_review,FUN_01d92ca0,01d92ca0,293,90_plus_uncertain_gaze_interaction_near_certain,eye_source; weak_source_state; validity_gate; pose_vector; ray_interaction; ui_interaction; data_collection; telemetry; frame_behavior; structure_combo; ordered_structure,strong_eye_source_hits_2; weak_xr_or_state_hits_2; validity_or_gating_hits_21; strong_pose_or_ray_construction_hits_18; ray_or_cast_sink_hits_4; ui_or_gameplay_sink_hits_6; strong_file_logging_hits_2; telemetry_or_network_hits_8; frame_or_lifecycle_behavior; source_validity_pose_sink_structure; strong_eye_source_validity_pose_sink_structure; ordered_eye_source_validity_pose_collection_sink; functionality_gaze_interaction_hits_10; functionality_data_collection_or_telemetry_hits_8,base_scanner_score_293; module_bonus_validity_gate_8; module_bonus_pose_vector_10; module_bonus_ray_interaction_15; module_bonus_ui_interaction_12; module_bonus_data_collection_22; module_bonus_telemetry_20; module_bonus_frame_behavior_5; module_bonus_structure_combo_18; evidence_bonus_telemetry_or_network_hits_12; sensitive_sink_data_collection_bonus_15; sensitive_sink_telemetry_bonus_15; keyword_support_eye_or_gaze_5_bonus_20; keyword_support_sdk_2_bonus_6; keyword_support_collection_or_telemetry_4_bonus_16,C:\realDesktop\manifest-evaluations\summer-26\ghidra-pipeline\il2cpp-files\Lovesick\general-structure-results\90_plus_uncertain_gaze_interaction_near_certain\01d92ca0_FUN_01d92ca0.c,C:\realDesktop\manifest-evaluations\summer-26\ghidra-pipeline\il2cpp-files\Lovesick\manual-review-pack\A_must_review\040_p487_FUN_01d92ca0.c
41,480,A_must_review,Newtonsoft.Json.JsonTextWriter$$set_QuoteName,0172c3b4,280,90_plus_uncertain_gaze_interaction_near_certain,eye_source; weak_source_state; validity_gate; pose_vector; ray_interaction; ui_interaction; data_collection; telemetry; frame_behavior; structure_combo,strong_eye_source_hits_7; weak_xr_or_state_hits_13; validity_or_gating_hits_21; strong_pose_or_ray_construction_hits_21; ray_or_cast_sink_hits_9; ui_or_gameplay_sink_hits_10; strong_file_logging_hits_11; telemetry_or_network_hits_18; frame_or_lifecycle_behavior; source_validity_pose_sink_structure; strong_eye_source_validity_pose_sink_structure; functionality_gaze_retrieval_or_extraction; functionality_gaze_interaction_hits_15; functionality_data_collection_or_telemetry_hits_21,base_scanner_score_280; module_bonus_validity_gate_8; module_bonus_pose_vector_10; module_bonus_ray_interaction_15; module_bonus_ui_interaction_12; module_bonus_data_collection_22; module_bonus_telemetry_20; module_bonus_frame_behavior_5; module_bonus_structure_combo_18; evidence_bonus_telemetry_or_network_hits_12; sensitive_sink_data_collection_bonus_15; sensitive_sink_telemetry_bonus_15; keyword_support_eye_or_gaze_5_bonus_20; keyword_support_sdk_4_bonus_12; keyword_support_collection_or_telemetry_4_bonus_16,C:\realDesktop\manifest-evaluations\summer-26\ghidra-pipeline\il2cpp-files\Lovesick\general-structure-results\90_plus_uncertain_gaze_interaction_near_certain\0172c3b4_Newtonsoft.Json.JsonTextWriter$$set_QuoteName.c,C:\realDesktop\manifest-evaluations\summer-26\ghidra-pipeline\il2cpp-files\Lovesick\manual-review-pack\A_must_review\041_p480_Newtonsoft.Json.JsonTextWriter$$set_QuoteName.c
42,480,A_must_review,Newtonsoft.Json.JsonTextWriter$$set_QuoteChar,0172c2b0,280,90_plus_uncertain_gaze_interaction_near_certain,eye_source; weak_source_state; validity_gate; pose_vector; ray_interaction; ui_interaction; data_collection; telemetry; frame_behavior; structure_combo,strong_eye_source_hits_7; weak_xr_or_state_hits_13; validity_or_gating_hits_21; strong_pose_or_ray_construction_hits_21; ray_or_cast_sink_hits_9; ui_or_gameplay_sink_hits_11; strong_file_logging_hits_11; telemetry_or_network_hits_21; frame_or_lifecycle_behavior; source_validity_pose_sink_structure; strong_eye_source_validity_pose_sink_structure; functionality_gaze_retrieval_or_extraction; functionality_gaze_interaction_hits_16; functionality_data_collection_or_telemetry_hits_21,base_scanner_score_280; module_bonus_validity_gate_8; module_bonus_pose_vector_10; module_bonus_ray_interaction_15; module_bonus_ui_interaction_12; module_bonus_data_collection_22; module_bonus_telemetry_20; module_bonus_frame_behavior_5; module_bonus_structure_combo_18; evidence_bonus_telemetry_or_network_hits_12; sensitive_sink_data_collection_bonus_15; sensitive_sink_telemetry_bonus_15; keyword_support_eye_or_gaze_5_bonus_20; keyword_support_sdk_4_bonus_12; keyword_support_collection_or_telemetry_4_bonus_16,C:\realDesktop\manifest-evaluations\summer-26\ghidra-pipeline\il2cpp-files\Lovesick\general-structure-results\90_plus_uncertain_gaze_interaction_near_certain\0172c2b0_Newtonsoft.Json.JsonTextWriter$$set_QuoteChar.c,C:\realDesktop\manifest-evaluations\summer-26\ghidra-pipeline\il2cpp-files\Lovesick\manual-review-pack\A_must_review\042_p480_Newtonsoft.Json.JsonTextWriter$$set_QuoteChar.c
43,480,A_must_review,Newtonsoft.Json.JsonTextWriter$$set_Indentation,0172c248,280,90_plus_uncertain_gaze_interaction_near_certain,eye_source; weak_source_state; validity_gate; pose_vector; ray_interaction; ui_interaction; data_collection; telemetry; frame_behavior; structure_combo,strong_eye_source_hits_7; weak_xr_or_state_hits_13; validity_or_gating_hits_21; strong_pose_or_ray_construction_hits_21; ray_or_cast_sink_hits_9; ui_or_gameplay_sink_hits_11; strong_file_logging_hits_11; telemetry_or_network_hits_21; frame_or_lifecycle_behavior; source_validity_pose_sink_structure; strong_eye_source_validity_pose_sink_structure; functionality_gaze_retrieval_or_extraction; functionality_gaze_interaction_hits_16; functionality_data_collection_or_telemetry_hits_21,base_scanner_score_280; module_bonus_validity_gate_8; module_bonus_pose_vector_10; module_bonus_ray_interaction_15; module_bonus_ui_interaction_12; module_bonus_data_collection_22; module_bonus_telemetry_20; module_bonus_frame_behavior_5; module_bonus_structure_combo_18; evidence_bonus_telemetry_or_network_hits_12; sensitive_sink_data_collection_bonus_15; sensitive_sink_telemetry_bonus_15; keyword_support_eye_or_gaze_5_bonus_20; keyword_support_sdk_4_bonus_12; keyword_support_collection_or_telemetry_4_bonus_16,C:\realDesktop\manifest-evaluations\summer-26\ghidra-pipeline\il2cpp-files\Lovesick\general-structure-results\90_plus_uncertain_gaze_interaction_near_certain\0172c248_Newtonsoft.Json.JsonTextWriter$$set_Indentation.c,C:\realDesktop\manifest-evaluations\summer-26\ghidra-pipeline\il2cpp-files\Lovesick\manual-review-pack\A_must_review\043_p480_Newtonsoft.Json.JsonTextWriter$$set_Indentation.c
44,480,A_must_review,Newtonsoft.Json.JsonTextWriter$$set_IndentChar,0172c394,280,90_plus_uncertain_gaze_interaction_near_certain,eye_source; weak_source_state; validity_gate; pose_vector; ray_interaction; ui_interaction; data_collection; telemetry; frame_behavior; structure_combo,strong_eye_source_hits_7; weak_xr_or_state_hits_13; validity_or_gating_hits_21; strong_pose_or_ray_construction_hits_21; ray_or_cast_sink_hits_9; ui_or_gameplay_sink_hits_10; strong_file_logging_hits_11; telemetry_or_network_hits_18; frame_or_lifecycle_behavior; source_validity_pose_sink_structure; strong_eye_source_validity_pose_sink_structure; functionality_gaze_retrieval_or_extraction; functionality_gaze_interaction_hits_15; functionality_data_collection_or_telemetry_hits_21,base_scanner_score_280; module_bonus_validity_gate_8; module_bonus_pose_vector_10; module_bonus_ray_interaction_15; module_bonus_ui_interaction_12; module_bonus_data_collection_22; module_bonus_telemetry_20; module_bonus_frame_behavior_5; module_bonus_structure_combo_18; evidence_bonus_telemetry_or_network_hits_12; sensitive_sink_data_collection_bonus_15; sensitive_sink_telemetry_bonus_15; keyword_support_eye_or_gaze_5_bonus_20; keyword_support_sdk_4_bonus_12; keyword_support_collection_or_telemetry_4_bonus_16,C:\realDesktop\manifest-evaluations\summer-26\ghidra-pipeline\il2cpp-files\Lovesick\general-structure-results\90_plus_uncertain_gaze_interaction_near_certain\0172c394_Newtonsoft.Json.JsonTextWriter$$set_IndentChar.c,C:\realDesktop\manifest-evaluations\summer-26\ghidra-pipeline\il2cpp-files\Lovesick\manual-review-pack\A_must_review\044_p480_Newtonsoft.Json.JsonTextWriter$$set_IndentChar.c
45,480,A_must_review,Newtonsoft.Json.JsonTextWriter$$set_ArrayPool,0172c1e0,280,90_plus_uncertain_gaze_interaction_near_certain,eye_source; weak_source_state; validity_gate; pose_vector; ray_interaction; ui_interaction; data_collection; telemetry; frame_behavior; structure_combo,strong_eye_source_hits_7; weak_xr_or_state_hits_13; validity_or_gating_hits_21; strong_pose_or_ray_construction_hits_21; ray_or_cast_sink_hits_10; ui_or_gameplay_sink_hits_11; strong_file_logging_hits_11; telemetry_or_network_hits_21; frame_or_lifecycle_behavior; source_validity_pose_sink_structure; strong_eye_source_validity_pose_sink_structure; functionality_gaze_retrieval_or_extraction; functionality_gaze_interaction_hits_17; functionality_data_collection_or_telemetry_hits_21,base_scanner_score_280; module_bonus_validity_gate_8; module_bonus_pose_vector_10; module_bonus_ray_interaction_15; module_bonus_ui_interaction_12; module_bonus_data_collection_22; module_bonus_telemetry_20; module_bonus_frame_behavior_5; module_bonus_structure_combo_18; evidence_bonus_telemetry_or_network_hits_12; sensitive_sink_data_collection_bonus_15; sensitive_sink_telemetry_bonus_15; keyword_support_eye_or_gaze_5_bonus_20; keyword_support_sdk_4_bonus_12; keyword_support_collection_or_telemetry_4_bonus_16,C:\realDesktop\manifest-evaluations\summer-26\ghidra-pipeline\il2cpp-files\Lovesick\general-structure-results\90_plus_uncertain_gaze_interaction_near_certain\0172c1e0_Newtonsoft.Json.JsonTextWriter$$set_ArrayPool.c,C:\realDesktop\manifest-evaluations\summer-26\ghidra-pipeline\il2cpp-files\Lovesick\manual-review-pack\A_must_review\045_p480_Newtonsoft.Json.JsonTextWriter$$set_ArrayPool.c
46,480,A_must_review,Newtonsoft.Json.JsonTextWriter$$get_QuoteName,0172c3ac,280,90_plus_uncertain_gaze_interaction_near_certain,eye_source; weak_source_state; validity_gate; pose_vector; ray_interaction; ui_interaction; data_collection; telemetry; frame_behavior; structure_combo,strong_eye_source_hits_7; weak_xr_or_state_hits_13; validity_or_gating_hits_21; strong_pose_or_ray_construction_hits_21; ray_or_cast_sink_hits_9; ui_or_gameplay_sink_hits_10; strong_file_logging_hits_11; telemetry_or_network_hits_18; frame_or_lifecycle_behavior; source_validity_pose_sink_structure; strong_eye_source_validity_pose_sink_structure; functionality_gaze_retrieval_or_extraction; functionality_gaze_interaction_hits_15; functionality_data_collection_or_telemetry_hits_21,base_scanner_score_280; module_bonus_validity_gate_8; module_bonus_pose_vector_10; module_bonus_ray_interaction_15; module_bonus_ui_interaction_12; module_bonus_data_collection_22; module_bonus_telemetry_20; module_bonus_frame_behavior_5; module_bonus_structure_combo_18; evidence_bonus_telemetry_or_network_hits_12; sensitive_sink_data_collection_bonus_15; sensitive_sink_telemetry_bonus_15; keyword_support_eye_or_gaze_5_bonus_20; keyword_support_sdk_4_bonus_12; keyword_support_collection_or_telemetry_4_bonus_16,C:\realDesktop\manifest-evaluations\summer-26\ghidra-pipeline\il2cpp-files\Lovesick\general-structure-results\90_plus_uncertain_gaze_interaction_near_certain\0172c3ac_Newtonsoft.Json.JsonTextWriter$$get_QuoteName.c,C:\realDesktop\manifest-evaluations\summer-26\ghidra-pipeline\il2cpp-files\Lovesick\manual-review-pack\A_must_review\046_p480_Newtonsoft.Json.JsonTextWriter$$get_QuoteName.c
47,480,A_must_review,Newtonsoft.Json.JsonTextWriter$$get_QuoteChar,0172c2a8,280,90_plus_uncertain_gaze_interaction_near_certain,eye_source; weak_source_state; validity_gate; pose_vector; ray_interaction; ui_interaction; data_collection; telemetry; frame_behavior; structure_combo,strong_eye_source_hits_7; weak_xr_or_state_hits_13; validity_or_gating_hits_21; strong_pose_or_ray_construction_hits_21; ray_or_cast_sink_hits_9; ui_or_gameplay_sink_hits_11; strong_file_logging_hits_11; telemetry_or_network_hits_21; frame_or_lifecycle_behavior; source_validity_pose_sink_structure; strong_eye_source_validity_pose_sink_structure; functionality_gaze_retrieval_or_extraction; functionality_gaze_interaction_hits_16; functionality_data_collection_or_telemetry_hits_21,base_scanner_score_280; module_bonus_validity_gate_8; module_bonus_pose_vector_10; module_bonus_ray_interaction_15; module_bonus_ui_interaction_12; module_bonus_data_collection_22; module_bonus_telemetry_20; module_bonus_frame_behavior_5; module_bonus_structure_combo_18; evidence_bonus_telemetry_or_network_hits_12; sensitive_sink_data_collection_bonus_15; sensitive_sink_telemetry_bonus_15; keyword_support_eye_or_gaze_5_bonus_20; keyword_support_sdk_4_bonus_12; keyword_support_collection_or_telemetry_4_bonus_16,C:\realDesktop\manifest-evaluations\summer-26\ghidra-pipeline\il2cpp-files\Lovesick\general-structure-results\90_plus_uncertain_gaze_interaction_near_certain\0172c2a8_Newtonsoft.Json.JsonTextWriter$$get_QuoteChar.c,C:\realDesktop\manifest-evaluations\summer-26\ghidra-pipeline\il2cpp-files\Lovesick\manual-review-pack\A_must_review\047_p480_Newtonsoft.Json.JsonTextWriter$$get_QuoteChar.c
48,480,A_must_review,Newtonsoft.Json.JsonTextWriter$$get_Indentation,0172c240,280,90_plus_uncertain_gaze_interaction_near_certain,eye_source; weak_source_state; validity_gate; pose_vector; ray_interaction; ui_interaction; data_collection; telemetry; frame_behavior; structure_combo,strong_eye_source_hits_7; weak_xr_or_state_hits_13; validity_or_gating_hits_21; strong_pose_or_ray_construction_hits_21; ray_or_cast_sink_hits_9; ui_or_gameplay_sink_hits_11; strong_file_logging_hits_11; telemetry_or_network_hits_21; frame_or_lifecycle_behavior; source_validity_pose_sink_structure; strong_eye_source_validity_pose_sink_structure; functionality_gaze_retrieval_or_extraction; functionality_gaze_interaction_hits_16; functionality_data_collection_or_telemetry_hits_21,base_scanner_score_280; module_bonus_validity_gate_8; module_bonus_pose_vector_10; module_bonus_ray_interaction_15; module_bonus_ui_interaction_12; module_bonus_data_collection_22; module_bonus_telemetry_20; module_bonus_frame_behavior_5; module_bonus_structure_combo_18; evidence_bonus_telemetry_or_network_hits_12; sensitive_sink_data_collection_bonus_15; sensitive_sink_telemetry_bonus_15; keyword_support_eye_or_gaze_5_bonus_20; keyword_support_sdk_4_bonus_12; keyword_support_collection_or_telemetry_4_bonus_16,C:\realDesktop\manifest-evaluations\summer-26\ghidra-pipeline\il2cpp-files\Lovesick\general-structure-results\90_plus_uncertain_gaze_interaction_near_certain\0172c240_Newtonsoft.Json.JsonTextWriter$$get_Indentation.c,C:\realDesktop\manifest-evaluations\summer-26\ghidra-pipeline\il2cpp-files\Lovesick\manual-review-pack\A_must_review\048_p480_Newtonsoft.Json.JsonTextWriter$$get_Indentation.c
49,480,A_must_review,Newtonsoft.Json.JsonTextWriter$$get_IndentChar,0172c38c,280,90_plus_uncertain_gaze_interaction_near_certain,eye_source; weak_source_state; validity_gate; pose_vector; ray_interaction; ui_interaction; data_collection; telemetry; frame_behavior; structure_combo,strong_eye_source_hits_7; weak_xr_or_state_hits_13; validity_or_gating_hits_21; strong_pose_or_ray_construction_hits_21; ray_or_cast_sink_hits_9; ui_or_gameplay_sink_hits_10; strong_file_logging_hits_11; telemetry_or_network_hits_18; frame_or_lifecycle_behavior; source_validity_pose_sink_structure; strong_eye_source_validity_pose_sink_structure; functionality_gaze_retrieval_or_extraction; functionality_gaze_interaction_hits_15; functionality_data_collection_or_telemetry_hits_21,base_scanner_score_280; module_bonus_validity_gate_8; module_bonus_pose_vector_10; module_bonus_ray_interaction_15; module_bonus_ui_interaction_12; module_bonus_data_collection_22; module_bonus_telemetry_20; module_bonus_frame_behavior_5; module_bonus_structure_combo_18; evidence_bonus_telemetry_or_network_hits_12; sensitive_sink_data_collection_bonus_15; sensitive_sink_telemetry_bonus_15; keyword_support_eye_or_gaze_5_bonus_20; keyword_support_sdk_4_bonus_12; keyword_support_collection_or_telemetry_4_bonus_16,C:\realDesktop\manifest-evaluations\summer-26\ghidra-pipeline\il2cpp-files\Lovesick\general-structure-results\90_plus_uncertain_gaze_interaction_near_certain\0172c38c_Newtonsoft.Json.JsonTextWriter$$get_IndentChar.c,C:\realDesktop\manifest-evaluations\summer-26\ghidra-pipeline\il2cpp-files\Lovesick\manual-review-pack\A_must_review\049_p480_Newtonsoft.Json.JsonTextWriter$$get_IndentChar.c
50,480,A_must_review,Newtonsoft.Json.JsonTextWriter$$get_Base64Encoder,0172c164,280,90_plus_uncertain_gaze_interaction_near_certain,eye_source; weak_source_state; validity_gate; pose_vector; ray_interaction; ui_interaction; data_collection; telemetry; frame_behavior; structure_combo,strong_eye_source_hits_7; weak_xr_or_state_hits_13; validity_or_gating_hits_21; strong_pose_or_ray_construction_hits_21; ray_or_cast_sink_hits_10; ui_or_gameplay_sink_hits_12; strong_file_logging_hits_11; telemetry_or_network_hits_21; frame_or_lifecycle_behavior; source_validity_pose_sink_structure; strong_eye_source_validity_pose_sink_structure; functionality_gaze_retrieval_or_extraction; functionality_gaze_interaction_hits_18; functionality_data_collection_or_telemetry_hits_21,base_scanner_score_280; module_bonus_validity_gate_8; module_bonus_pose_vector_10; module_bonus_ray_interaction_15; module_bonus_ui_interaction_12; module_bonus_data_collection_22; module_bonus_telemetry_20; module_bonus_frame_behavior_5; module_bonus_structure_combo_18; evidence_bonus_telemetry_or_network_hits_12; sensitive_sink_data_collection_bonus_15; sensitive_sink_telemetry_bonus_15; keyword_support_eye_or_gaze_5_bonus_20; keyword_support_sdk_4_bonus_12; keyword_support_collection_or_telemetry_4_bonus_16,C:\realDesktop\manifest-evaluations\summer-26\ghidra-pipeline\il2cpp-files\Lovesick\general-structure-results\90_plus_uncertain_gaze_interaction_near_certain\0172c164_Newtonsoft.Json.JsonTextWriter$$get_Base64Encoder.c,C:\realDesktop\manifest-evaluations\summer-26\ghidra-pipeline\il2cpp-files\Lovesick\manual-review-pack\A_must_review\050_p480_Newtonsoft.Json.JsonTextWriter$$get_Base64Encoder.c
51,480,A_must_review,Newtonsoft.Json.JsonTextWriter$$get_ArrayPool,0172c1d8,280,90_plus_uncertain_gaze_interaction_near_certain,eye_source; weak_source_state; validity_gate; pose_vector; ray_interaction; ui_interaction; data_collection; telemetry; frame_behavior; structure_combo,strong_eye_source_hits_7; weak_xr_or_state_hits_13; validity_or_gating_hits_21; strong_pose_or_ray_construction_hits_21; ray_or_cast_sink_hits_10; ui_or_gameplay_sink_hits_11; strong_file_logging_hits_11; telemetry_or_network_hits_21; frame_or_lifecycle_behavior; source_validity_pose_sink_structure; strong_eye_source_validity_pose_sink_structure; functionality_gaze_retrieval_or_extraction; functionality_gaze_interaction_hits_17; functionality_data_collection_or_telemetry_hits_21,base_scanner_score_280; module_bonus_validity_gate_8; module_bonus_pose_vector_10; module_bonus_ray_interaction_15; module_bonus_ui_interaction_12; module_bonus_data_collection_22; module_bonus_telemetry_20; module_bonus_frame_behavior_5; module_bonus_structure_combo_18; evidence_bonus_telemetry_or_network_hits_12; sensitive_sink_data_collection_bonus_15; sensitive_sink_telemetry_bonus_15; keyword_support_eye_or_gaze_5_bonus_20; keyword_support_sdk_4_bonus_12; keyword_support_collection_or_telemetry_4_bonus_16,C:\realDesktop\manifest-evaluations\summer-26\ghidra-pipeline\il2cpp-files\Lovesick\general-structure-results\90_plus_uncertain_gaze_interaction_near_certain\0172c1d8_Newtonsoft.Json.JsonTextWriter$$get_ArrayPool.c,C:\realDesktop\manifest-evaluations\summer-26\ghidra-pipeline\il2cpp-files\Lovesick\manual-review-pack\A_must_review\051_p480_Newtonsoft.Json.JsonTextWriter$$get_ArrayPool.c
52,480,A_must_review,Newtonsoft.Json.JsonTextWriter$$WriteValueToBuffer,0172d828,280,90_plus_uncertain_gaze_interaction_near_certain,eye_source; weak_source_state; validity_gate; pose_vector; ray_interaction; ui_interaction; data_collection; telemetry; frame_behavior; structure_combo,strong_eye_source_hits_5; weak_xr_or_state_hits_9; validity_or_gating_hits_21; strong_pose_or_ray_construction_hits_16; ray_or_cast_sink_hits_5; ui_or_gameplay_sink_hits_5; strong_file_logging_hits_8; telemetry_or_network_hits_12; frame_or_lifecycle_behavior; source_validity_pose_sink_structure; strong_eye_source_validity_pose_sink_structure; functionality_gaze_retrieval_or_extraction; functionality_gaze_interaction_hits_8; functionality_data_collection_or_telemetry_hits_18,base_scanner_score_280; module_bonus_validity_gate_8; module_bonus_pose_vector_10; module_bonus_ray_interaction_15; module_bonus_ui_interaction_12; module_bonus_data_collection_22; module_bonus_telemetry_20; module_bonus_frame_behavior_5; module_bonus_structure_combo_18; evidence_bonus_telemetry_or_network_hits_12; sensitive_sink_data_collection_bonus_15; sensitive_sink_telemetry_bonus_15; keyword_support_eye_or_gaze_5_bonus_20; keyword_support_sdk_4_bonus_12; keyword_support_collection_or_telemetry_4_bonus_16,C:\realDesktop\manifest-evaluations\summer-26\ghidra-pipeline\il2cpp-files\Lovesick\general-structure-results\90_plus_uncertain_gaze_interaction_near_certain\0172d828_Newtonsoft.Json.JsonTextWriter$$WriteValueToBuffer.c,C:\realDesktop\manifest-evaluations\summer-26\ghidra-pipeline\il2cpp-files\Lovesick\manual-review-pack\A_must_review\052_p480_Newtonsoft.Json.JsonTextWriter$$WriteValueToBuffer.c
53,480,A_must_review,Newtonsoft.Json.JsonTextWriter$$WriteValueNotNullAsync,0172bb98,280,90_plus_uncertain_gaze_interaction_near_certain,eye_source; weak_source_state; validity_gate; pose_vector; ray_interaction; ui_interaction; data_collection; telemetry; frame_behavior; structure_combo,strong_eye_source_hits_7; weak_xr_or_state_hits_16; validity_or_gating_hits_21; strong_pose_or_ray_construction_hits_21; ray_or_cast_sink_hits_11; ui_or_gameplay_sink_hits_14; strong_file_logging_hits_11; telemetry_or_network_hits_21; frame_or_lifecycle_behavior; source_validity_pose_sink_structure; strong_eye_source_validity_pose_sink_structure; functionality_gaze_retrieval_or_extraction; functionality_gaze_interaction_hits_21; functionality_data_collection_or_telemetry_hits_21,base_scanner_score_280; module_bonus_validity_gate_8; module_bonus_pose_vector_10; module_bonus_ray_interaction_15; module_bonus_ui_interaction_12; module_bonus_data_collection_22; module_bonus_telemetry_20; module_bonus_frame_behavior_5; module_bonus_structure_combo_18; evidence_bonus_telemetry_or_network_hits_12; sensitive_sink_data_collection_bonus_15; sensitive_sink_telemetry_bonus_15; keyword_support_eye_or_gaze_5_bonus_20; keyword_support_sdk_4_bonus_12; keyword_support_collection_or_telemetry_4_bonus_16,C:\realDesktop\manifest-evaluations\summer-26\ghidra-pipeline\il2cpp-files\Lovesick\general-structure-results\90_plus_uncertain_gaze_interaction_near_certain\0172bb98_Newtonsoft.Json.JsonTextWriter$$WriteValueNotNullAsync.c,C:\realDesktop\manifest-evaluations\summer-26\ghidra-pipeline\il2cpp-files\Lovesick\manual-review-pack\A_must_review\053_p480_Newtonsoft.Json.JsonTextWriter$$WriteValueNotNullAsync.c
54,480,A_must_review,Newtonsoft.Json.JsonTextWriter$$WriteValueInternal,0172cb18,280,90_plus_uncertain_gaze_interaction_near_certain,eye_source; weak_source_state; validity_gate; pose_vector; ray_interaction; ui_interaction; data_collection; telemetry; frame_behavior; structure_combo,strong_eye_source_hits_5; weak_xr_or_state_hits_10; validity_or_gating_hits_21; strong_pose_or_ray_construction_hits_21; ray_or_cast_sink_hits_7; ui_or_gameplay_sink_hits_8; strong_file_logging_hits_9; telemetry_or_network_hits_13; frame_or_lifecycle_behavior; source_validity_pose_sink_structure; strong_eye_source_validity_pose_sink_structure; functionality_gaze_retrieval_or_extraction; functionality_gaze_interaction_hits_12; functionality_data_collection_or_telemetry_hits_20,base_scanner_score_280; module_bonus_validity_gate_8; module_bonus_pose_vector_10; module_bonus_ray_interaction_15; module_bonus_ui_interaction_12; module_bonus_data_collection_22; module_bonus_telemetry_20; module_bonus_frame_behavior_5; module_bonus_structure_combo_18; evidence_bonus_telemetry_or_network_hits_12; sensitive_sink_data_collection_bonus_15; sensitive_sink_telemetry_bonus_15; keyword_support_eye_or_gaze_5_bonus_20; keyword_support_sdk_4_bonus_12; keyword_support_collection_or_telemetry_4_bonus_16,C:\realDesktop\manifest-evaluations\summer-26\ghidra-pipeline\il2cpp-files\Lovesick\general-structure-results\90_plus_uncertain_gaze_interaction_near_certain\0172cb18_Newtonsoft.Json.JsonTextWriter$$WriteValueInternal.c,C:\realDesktop\manifest-evaluations\summer-26\ghidra-pipeline\il2cpp-files\Lovesick\manual-review-pack\A_must_review\054_p480_Newtonsoft.Json.JsonTextWriter$$WriteValueInternal.c
55,480,A_must_review,Newtonsoft.Json.JsonTextWriter$$WriteValueDelimiter,0172cac8,280,90_plus_uncertain_gaze_interaction_near_certain,eye_source; weak_source_state; validity_gate; pose_vector; ray_interaction; ui_interaction; data_collection; telemetry; frame_behavior; structure_combo,strong_eye_source_hits_5; weak_xr_or_state_hits_10; validity_or_gating_hits_21; strong_pose_or_ray_construction_hits_21; ray_or_cast_sink_hits_7; ui_or_gameplay_sink_hits_8; strong_file_logging_hits_9; telemetry_or_network_hits_14; frame_or_lifecycle_behavior; source_validity_pose_sink_structure; strong_eye_source_validity_pose_sink_structure; functionality_gaze_retrieval_or_extraction; functionality_gaze_interaction_hits_12; functionality_data_collection_or_telemetry_hits_21,base_scanner_score_280; module_bonus_validity_gate_8; module_bonus_pose_vector_10; module_bonus_ray_interaction_15; module_bonus_ui_interaction_12; module_bonus_data_collection_22; module_bonus_telemetry_20; module_bonus_frame_behavior_5; module_bonus_structure_combo_18; evidence_bonus_telemetry_or_network_hits_12; sensitive_sink_data_collection_bonus_15; sensitive_sink_telemetry_bonus_15; keyword_support_eye_or_gaze_5_bonus_20; keyword_support_sdk_4_bonus_12; keyword_support_collection_or_telemetry_4_bonus_16,C:\realDesktop\manifest-evaluations\summer-26\ghidra-pipeline\il2cpp-files\Lovesick\general-structure-results\90_plus_uncertain_gaze_interaction_near_certain\0172cac8_Newtonsoft.Json.JsonTextWriter$$WriteValueDelimiter.c,C:\realDesktop\manifest-evaluations\summer-26\ghidra-pipeline\il2cpp-files\Lovesick\manual-review-pack\A_must_review\055_p480_Newtonsoft.Json.JsonTextWriter$$WriteValueDelimiter.c
56,480,A_must_review,Newtonsoft.Json.JsonTextWriter$$WriteValueAsync,0172bc88,280,90_plus_uncertain_gaze_interaction_near_certain,eye_source; weak_source_state; validity_gate; pose_vector; ray_interaction; ui_interaction; data_collection; telemetry; frame_behavior; structure_combo,strong_eye_source_hits_7; weak_xr_or_state_hits_16; validity_or_gating_hits_21; strong_pose_or_ray_construction_hits_21; ray_or_cast_sink_hits_11; ui_or_gameplay_sink_hits_14; strong_file_logging_hits_11; telemetry_or_network_hits_21; frame_or_lifecycle_behavior; source_validity_pose_sink_structure; strong_eye_source_validity_pose_sink_structure; functionality_gaze_retrieval_or_extraction; functionality_gaze_interaction_hits_21; functionality_data_collection_or_telemetry_hits_21,base_scanner_score_280; module_bonus_validity_gate_8; module_bonus_pose_vector_10; module_bonus_ray_interaction_15; module_bonus_ui_interaction_12; module_bonus_data_collection_22; module_bonus_telemetry_20; module_bonus_frame_behavior_5; module_bonus_structure_combo_18; evidence_bonus_telemetry_or_network_hits_12; sensitive_sink_data_collection_bonus_15; sensitive_sink_telemetry_bonus_15; keyword_support_eye_or_gaze_5_bonus_20; keyword_support_sdk_4_bonus_12; keyword_support_collection_or_telemetry_4_bonus_16,C:\realDesktop\manifest-evaluations\summer-26\ghidra-pipeline\il2cpp-files\Lovesick\general-structure-results\90_plus_uncertain_gaze_interaction_near_certain\0172bc88_Newtonsoft.Json.JsonTextWriter$$WriteValueAsync.c,C:\realDesktop\manifest-evaluations\summer-26\ghidra-pipeline\il2cpp-files\Lovesick\manual-review-pack\A_must_review\056_p480_Newtonsoft.Json.JsonTextWriter$$WriteValueAsync.c
57,480,A_must_review,Newtonsoft.Json.JsonTextWriter$$WriteValueAsync,0172bcac,280,90_plus_uncertain_gaze_interaction_near_certain,eye_source; weak_source_state; validity_gate; pose_vector; ray_interaction; ui_interaction; data_collection; telemetry; frame_behavior; structure_combo,strong_eye_source_hits_7; weak_xr_or_state_hits_16; validity_or_gating_hits_21; strong_pose_or_ray_construction_hits_21; ray_or_cast_sink_hits_11; ui_or_gameplay_sink_hits_14; strong_file_logging_hits_11; telemetry_or_network_hits_21; frame_or_lifecycle_behavior; source_validity_pose_sink_structure; strong_eye_source_validity_pose_sink_structure; functionality_gaze_retrieval_or_extraction; functionality_gaze_interaction_hits_21; functionality_data_collection_or_telemetry_hits_21,base_scanner_score_280; module_bonus_validity_gate_8; module_bonus_pose_vector_10; module_bonus_ray_interaction_15; module_bonus_ui_interaction_12; module_bonus_data_collection_22; module_bonus_telemetry_20; module_bonus_frame_behavior_5; module_bonus_structure_combo_18; evidence_bonus_telemetry_or_network_hits_12; sensitive_sink_data_collection_bonus_15; sensitive_sink_telemetry_bonus_15; keyword_support_eye_or_gaze_5_bonus_20; keyword_support_sdk_4_bonus_12; keyword_support_collection_or_telemetry_4_bonus_16,C:\realDesktop\manifest-evaluations\summer-26\ghidra-pipeline\il2cpp-files\Lovesick\general-structure-results\90_plus_uncertain_gaze_interaction_near_certain\0172bcac_Newtonsoft.Json.JsonTextWriter$$WriteValueAsync.c,C:\realDesktop\manifest-evaluations\summer-26\ghidra-pipeline\il2cpp-files\Lovesick\manual-review-pack\A_must_review\057_p480_Newtonsoft.Json.JsonTextWriter$$WriteValueAsync.c
58,480,A_must_review,Newtonsoft.Json.JsonTextWriter$$WriteValue,0172cb3c,280,90_plus_uncertain_gaze_interaction_near_certain,eye_source; weak_source_state; validity_gate; pose_vector; ray_interaction; ui_interaction; data_collection; telemetry; frame_behavior; structure_combo,strong_eye_source_hits_5; weak_xr_or_state_hits_10; validity_or_gating_hits_21; strong_pose_or_ray_construction_hits_21; ray_or_cast_sink_hits_7; ui_or_gameplay_sink_hits_8; strong_file_logging_hits_9; telemetry_or_network_hits_13; frame_or_lifecycle_behavior; source_validity_pose_sink_structure; strong_eye_source_validity_pose_sink_structure; functionality_gaze_retrieval_or_extraction; functionality_gaze_interaction_hits_12; functionality_data_collection_or_telemetry_hits_20,base_scanner_score_280; module_bonus_validity_gate_8; module_bonus_pose_vector_10; module_bonus_ray_interaction_15; module_bonus_ui_interaction_12; module_bonus_data_collection_22; module_bonus_telemetry_20; module_bonus_frame_behavior_5; module_bonus_structure_combo_18; evidence_bonus_telemetry_or_network_hits_12; sensitive_sink_data_collection_bonus_15; sensitive_sink_telemetry_bonus_15; keyword_support_eye_or_gaze_5_bonus_20; keyword_support_sdk_4_bonus_12; keyword_support_collection_or_telemetry_4_bonus_16,C:\realDesktop\manifest-evaluations\summer-26\ghidra-pipeline\il2cpp-files\Lovesick\general-structure-results\90_plus_uncertain_gaze_interaction_near_certain\0172cb3c_Newtonsoft.Json.JsonTextWriter$$WriteValue.c,C:\realDesktop\manifest-evaluations\summer-26\ghidra-pipeline\il2cpp-files\Lovesick\manual-review-pack\A_must_review\058_p480_Newtonsoft.Json.JsonTextWriter$$WriteValue.c
59,480,A_must_review,Newtonsoft.Json.JsonTextWriter$$WriteValue,0172cd9c,280,90_plus_uncertain_gaze_interaction_near_certain,eye_source; weak_source_state; validity_gate; pose_vector; ray_interaction; ui_interaction; data_collection; telemetry; frame_behavior; structure_combo,strong_eye_source_hits_5; weak_xr_or_state_hits_10; validity_or_gating_hits_21; strong_pose_or_ray_construction_hits_20; ray_or_cast_sink_hits_7; ui_or_gameplay_sink_hits_8; strong_file_logging_hits_8; telemetry_or_network_hits_13; frame_or_lifecycle_behavior; source_validity_pose_sink_structure; strong_eye_source_validity_pose_sink_structure; functionality_gaze_retrieval_or_extraction; functionality_gaze_interaction_hits_12; functionality_data_collection_or_telemetry_hits_19,base_scanner_score_280; module_bonus_validity_gate_8; module_bonus_pose_vector_10; module_bonus_ray_interaction_15; module_bonus_ui_interaction_12; module_bonus_data_collection_22; module_bonus_telemetry_20; module_bonus_frame_behavior_5; module_bonus_structure_combo_18; evidence_bonus_telemetry_or_network_hits_12; sensitive_sink_data_collection_bonus_15; sensitive_sink_telemetry_bonus_15; keyword_support_eye_or_gaze_5_bonus_20; keyword_support_sdk_4_bonus_12; keyword_support_collection_or_telemetry_4_bonus_16,C:\realDesktop\manifest-evaluations\summer-26\ghidra-pipeline\il2cpp-files\Lovesick\general-structure-results\90_plus_uncertain_gaze_interaction_near_certain\0172cd9c_Newtonsoft.Json.JsonTextWriter$$WriteValue.c,C:\realDesktop\manifest-evaluations\summer-26\ghidra-pipeline\il2cpp-files\Lovesick\manual-review-pack\A_must_review\059_p480_Newtonsoft.Json.JsonTextWriter$$WriteValue.c
60,480,A_must_review,Newtonsoft.Json.JsonTextWriter$$WriteValue,0172ce6c,280,90_plus_uncertain_gaze_interaction_near_certain,eye_source; weak_source_state; validity_gate; pose_vector; ray_interaction; ui_interaction; data_collection; telemetry; frame_behavior; structure_combo,strong_eye_source_hits_5; weak_xr_or_state_hits_10; validity_or_gating_hits_21; strong_pose_or_ray_construction_hits_20; ray_or_cast_sink_hits_7; ui_or_gameplay_sink_hits_8; strong_file_logging_hits_8; telemetry_or_network_hits_13; frame_or_lifecycle_behavior; source_validity_pose_sink_structure; strong_eye_source_validity_pose_sink_structure; functionality_gaze_retrieval_or_extraction; functionality_gaze_interaction_hits_12; functionality_data_collection_or_telemetry_hits_19,base_scanner_score_280; module_bonus_validity_gate_8; module_bonus_pose_vector_10; module_bonus_ray_interaction_15; module_bonus_ui_interaction_12; module_bonus_data_collection_22; module_bonus_telemetry_20; module_bonus_frame_behavior_5; module_bonus_structure_combo_18; evidence_bonus_telemetry_or_network_hits_12; sensitive_sink_data_collection_bonus_15; sensitive_sink_telemetry_bonus_15; keyword_support_eye_or_gaze_5_bonus_20; keyword_support_sdk_4_bonus_12; keyword_support_collection_or_telemetry_4_bonus_16,C:\realDesktop\manifest-evaluations\summer-26\ghidra-pipeline\il2cpp-files\Lovesick\general-structure-results\90_plus_uncertain_gaze_interaction_near_certain\0172ce6c_Newtonsoft.Json.JsonTextWriter$$WriteValue.c,C:\realDesktop\manifest-evaluations\summer-26\ghidra-pipeline\il2cpp-files\Lovesick\manual-review-pack\A_must_review\060_p480_Newtonsoft.Json.JsonTextWriter$$WriteValue.c
61,480,A_must_review,Newtonsoft.Json.JsonTextWriter$$WriteValue,0172cee8,280,90_plus_uncertain_gaze_interaction_near_certain,eye_source; weak_source_state; validity_gate; pose_vector; ray_interaction; ui_interaction; data_collection; telemetry; frame_behavior; structure_combo,strong_eye_source_hits_5; weak_xr_or_state_hits_10; validity_or_gating_hits_21; strong_pose_or_ray_construction_hits_20; ray_or_cast_sink_hits_7; ui_or_gameplay_sink_hits_8; strong_file_logging_hits_8; telemetry_or_network_hits_13; frame_or_lifecycle_behavior; source_validity_pose_sink_structure; strong_eye_source_validity_pose_sink_structure; functionality_gaze_retrieval_or_extraction; functionality_gaze_interaction_hits_12; functionality_data_collection_or_telemetry_hits_19,base_scanner_score_280; module_bonus_validity_gate_8; module_bonus_pose_vector_10; module_bonus_ray_interaction_15; module_bonus_ui_interaction_12; module_bonus_data_collection_22; module_bonus_telemetry_20; module_bonus_frame_behavior_5; module_bonus_structure_combo_18; evidence_bonus_telemetry_or_network_hits_12; sensitive_sink_data_collection_bonus_15; sensitive_sink_telemetry_bonus_15; keyword_support_eye_or_gaze_5_bonus_20; keyword_support_sdk_4_bonus_12; keyword_support_collection_or_telemetry_4_bonus_16,C:\realDesktop\manifest-evaluations\summer-26\ghidra-pipeline\il2cpp-files\Lovesick\general-structure-results\90_plus_uncertain_gaze_interaction_near_certain\0172cee8_Newtonsoft.Json.JsonTextWriter$$WriteValue.c,C:\realDesktop\manifest-evaluations\summer-26\ghidra-pipeline\il2cpp-files\Lovesick\manual-review-pack\A_must_review\061_p480_Newtonsoft.Json.JsonTextWriter$$WriteValue.c
62,480,A_must_review,Newtonsoft.Json.JsonTextWriter$$WriteValue,0172cf64,280,90_plus_uncertain_gaze_interaction_near_certain,eye_source; weak_source_state; validity_gate; pose_vector; ray_interaction; ui_interaction; data_collection; telemetry; frame_behavior; structure_combo,strong_eye_source_hits_5; weak_xr_or_state_hits_10; validity_or_gating_hits_21; strong_pose_or_ray_construction_hits_20; ray_or_cast_sink_hits_7; ui_or_gameplay_sink_hits_8; strong_file_logging_hits_8; telemetry_or_network_hits_13; frame_or_lifecycle_behavior; source_validity_pose_sink_structure; strong_eye_source_validity_pose_sink_structure; functionality_gaze_retrieval_or_extraction; functionality_gaze_interaction_hits_12; functionality_data_collection_or_telemetry_hits_19,base_scanner_score_280; module_bonus_validity_gate_8; module_bonus_pose_vector_10; module_bonus_ray_interaction_15; module_bonus_ui_interaction_12; module_bonus_data_collection_22; module_bonus_telemetry_20; module_bonus_frame_behavior_5; module_bonus_structure_combo_18; evidence_bonus_telemetry_or_network_hits_12; sensitive_sink_data_collection_bonus_15; sensitive_sink_telemetry_bonus_15; keyword_support_eye_or_gaze_5_bonus_20; keyword_support_sdk_4_bonus_12; keyword_support_collection_or_telemetry_4_bonus_16,C:\realDesktop\manifest-evaluations\summer-26\ghidra-pipeline\il2cpp-files\Lovesick\general-structure-results\90_plus_uncertain_gaze_interaction_near_certain\0172cf64_Newtonsoft.Json.JsonTextWriter$$WriteValue.c,C:\realDesktop\manifest-evaluations\summer-26\ghidra-pipeline\il2cpp-files\Lovesick\manual-review-pack\A_must_review\062_p480_Newtonsoft.Json.JsonTextWriter$$WriteValue.c
63,480,A_must_review,Newtonsoft.Json.JsonTextWriter$$WriteValue,0172cf94,280,90_plus_uncertain_gaze_interaction_near_certain,eye_source; weak_source_state; validity_gate; pose_vector; ray_interaction; ui_interaction; data_collection; telemetry; frame_behavior; structure_combo,strong_eye_source_hits_5; weak_xr_or_state_hits_10; validity_or_gating_hits_21; strong_pose_or_ray_construction_hits_20; ray_or_cast_sink_hits_7; ui_or_gameplay_sink_hits_8; strong_file_logging_hits_8; telemetry_or_network_hits_13; frame_or_lifecycle_behavior; source_validity_pose_sink_structure; strong_eye_source_validity_pose_sink_structure; functionality_gaze_retrieval_or_extraction; functionality_gaze_interaction_hits_12; functionality_data_collection_or_telemetry_hits_19,base_scanner_score_280; module_bonus_validity_gate_8; module_bonus_pose_vector_10; module_bonus_ray_interaction_15; module_bonus_ui_interaction_12; module_bonus_data_collection_22; module_bonus_telemetry_20; module_bonus_frame_behavior_5; module_bonus_structure_combo_18; evidence_bonus_telemetry_or_network_hits_12; sensitive_sink_data_collection_bonus_15; sensitive_sink_telemetry_bonus_15; keyword_support_eye_or_gaze_5_bonus_20; keyword_support_sdk_4_bonus_12; keyword_support_collection_or_telemetry_4_bonus_16,C:\realDesktop\manifest-evaluations\summer-26\ghidra-pipeline\il2cpp-files\Lovesick\general-structure-results\90_plus_uncertain_gaze_interaction_near_certain\0172cf94_Newtonsoft.Json.JsonTextWriter$$WriteValue.c,C:\realDesktop\manifest-evaluations\summer-26\ghidra-pipeline\il2cpp-files\Lovesick\manual-review-pack\A_must_review\063_p480_Newtonsoft.Json.JsonTextWriter$$WriteValue.c
64,480,A_must_review,Newtonsoft.Json.JsonTextWriter$$WriteValue,0172d038,280,90_plus_uncertain_gaze_interaction_near_certain,eye_source; weak_source_state; validity_gate; pose_vector; ray_interaction; ui_interaction; data_collection; telemetry; frame_behavior; structure_combo,strong_eye_source_hits_5; weak_xr_or_state_hits_10; validity_or_gating_hits_21; strong_pose_or_ray_construction_hits_20; ray_or_cast_sink_hits_7; ui_or_gameplay_sink_hits_7; strong_file_logging_hits_8; telemetry_or_network_hits_13; frame_or_lifecycle_behavior; source_validity_pose_sink_structure; strong_eye_source_validity_pose_sink_structure; functionality_gaze_retrieval_or_extraction; functionality_gaze_interaction_hits_11; functionality_data_collection_or_telemetry_hits_19,base_scanner_score_280; module_bonus_validity_gate_8; module_bonus_pose_vector_10; module_bonus_ray_interaction_15; module_bonus_ui_interaction_12; module_bonus_data_collection_22; module_bonus_telemetry_20; module_bonus_frame_behavior_5; module_bonus_structure_combo_18; evidence_bonus_telemetry_or_network_hits_12; sensitive_sink_data_collection_bonus_15; sensitive_sink_telemetry_bonus_15; keyword_support_eye_or_gaze_5_bonus_20; keyword_support_sdk_4_bonus_12; keyword_support_collection_or_telemetry_4_bonus_16,C:\realDesktop\manifest-evaluations\summer-26\ghidra-pipeline\il2cpp-files\Lovesick\general-structure-results\90_plus_uncertain_gaze_interaction_near_certain\0172d038_Newtonsoft.Json.JsonTextWriter$$WriteValue.c,C:\realDesktop\manifest-evaluations\summer-26\ghidra-pipeline\il2cpp-files\Lovesick\manual-review-pack\A_must_review\064_p480_Newtonsoft.Json.JsonTextWriter$$WriteValue.c
65,480,A_must_review,Newtonsoft.Json.JsonTextWriter$$WriteValue,0172d0e4,280,90_plus_uncertain_gaze_interaction_near_certain,eye_source; weak_source_state; validity_gate; pose_vector; ray_interaction; ui_interaction; data_collection; telemetry; frame_behavior; structure_combo,strong_eye_source_hits_5; weak_xr_or_state_hits_10; validity_or_gating_hits_21; strong_pose_or_ray_construction_hits_20; ray_or_cast_sink_hits_7; ui_or_gameplay_sink_hits_7; strong_file_logging_hits_8; telemetry_or_network_hits_13; frame_or_lifecycle_behavior; source_validity_pose_sink_structure; strong_eye_source_validity_pose_sink_structure; functionality_gaze_retrieval_or_extraction; functionality_gaze_interaction_hits_11; functionality_data_collection_or_telemetry_hits_19,base_scanner_score_280; module_bonus_validity_gate_8; module_bonus_pose_vector_10; module_bonus_ray_interaction_15; module_bonus_ui_interaction_12; module_bonus_data_collection_22; module_bonus_telemetry_20; module_bonus_frame_behavior_5; module_bonus_structure_combo_18; evidence_bonus_telemetry_or_network_hits_12; sensitive_sink_data_collection_bonus_15; sensitive_sink_telemetry_bonus_15; keyword_support_eye_or_gaze_5_bonus_20; keyword_support_sdk_4_bonus_12; keyword_support_collection_or_telemetry_4_bonus_16,C:\realDesktop\manifest-evaluations\summer-26\ghidra-pipeline\il2cpp-files\Lovesick\general-structure-results\90_plus_uncertain_gaze_interaction_near_certain\0172d0e4_Newtonsoft.Json.JsonTextWriter$$WriteValue.c,C:\realDesktop\manifest-evaluations\summer-26\ghidra-pipeline\il2cpp-files\Lovesick\manual-review-pack\A_must_review\065_p480_Newtonsoft.Json.JsonTextWriter$$WriteValue.c
66,480,A_must_review,Newtonsoft.Json.JsonTextWriter$$WriteValue,0172d220,280,90_plus_uncertain_gaze_interaction_near_certain,eye_source; weak_source_state; validity_gate; pose_vector; ray_interaction; ui_interaction; data_collection; telemetry; frame_behavior; structure_combo,strong_eye_source_hits_5; weak_xr_or_state_hits_10; validity_or_gating_hits_21; strong_pose_or_ray_construction_hits_20; ray_or_cast_sink_hits_7; ui_or_gameplay_sink_hits_7; strong_file_logging_hits_8; telemetry_or_network_hits_13; frame_or_lifecycle_behavior; source_validity_pose_sink_structure; strong_eye_source_validity_pose_sink_structure; functionality_gaze_retrieval_or_extraction; functionality_gaze_interaction_hits_11; functionality_data_collection_or_telemetry_hits_19,base_scanner_score_280; module_bonus_validity_gate_8; module_bonus_pose_vector_10; module_bonus_ray_interaction_15; module_bonus_ui_interaction_12; module_bonus_data_collection_22; module_bonus_telemetry_20; module_bonus_frame_behavior_5; module_bonus_structure_combo_18; evidence_bonus_telemetry_or_network_hits_12; sensitive_sink_data_collection_bonus_15; sensitive_sink_telemetry_bonus_15; keyword_support_eye_or_gaze_5_bonus_20; keyword_support_sdk_4_bonus_12; keyword_support_collection_or_telemetry_4_bonus_16,C:\realDesktop\manifest-evaluations\summer-26\ghidra-pipeline\il2cpp-files\Lovesick\general-structure-results\90_plus_uncertain_gaze_interaction_near_certain\0172d220_Newtonsoft.Json.JsonTextWriter$$WriteValue.c,C:\realDesktop\manifest-evaluations\summer-26\ghidra-pipeline\il2cpp-files\Lovesick\manual-review-pack\A_must_review\066_p480_Newtonsoft.Json.JsonTextWriter$$WriteValue.c
67,480,A_must_review,Newtonsoft.Json.JsonTextWriter$$WriteValue,0172d2cc,280,90_plus_uncertain_gaze_interaction_near_certain,eye_source; weak_source_state; validity_gate; pose_vector; ray_interaction; ui_interaction; data_collection; telemetry; frame_behavior; structure_combo,strong_eye_source_hits_5; weak_xr_or_state_hits_10; validity_or_gating_hits_21; strong_pose_or_ray_construction_hits_20; ray_or_cast_sink_hits_7; ui_or_gameplay_sink_hits_7; strong_file_logging_hits_8; telemetry_or_network_hits_13; frame_or_lifecycle_behavior; source_validity_pose_sink_structure; strong_eye_source_validity_pose_sink_structure; functionality_gaze_retrieval_or_extraction; functionality_gaze_interaction_hits_11; functionality_data_collection_or_telemetry_hits_19,base_scanner_score_280; module_bonus_validity_gate_8; module_bonus_pose_vector_10; module_bonus_ray_interaction_15; module_bonus_ui_interaction_12; module_bonus_data_collection_22; module_bonus_telemetry_20; module_bonus_frame_behavior_5; module_bonus_structure_combo_18; evidence_bonus_telemetry_or_network_hits_12; sensitive_sink_data_collection_bonus_15; sensitive_sink_telemetry_bonus_15; keyword_support_eye_or_gaze_5_bonus_20; keyword_support_sdk_4_bonus_12; keyword_support_collection_or_telemetry_4_bonus_16,C:\realDesktop\manifest-evaluations\summer-26\ghidra-pipeline\il2cpp-files\Lovesick\general-structure-results\90_plus_uncertain_gaze_interaction_near_certain\0172d2cc_Newtonsoft.Json.JsonTextWriter$$WriteValue.c,C:\realDesktop\manifest-evaluations\summer-26\ghidra-pipeline\il2cpp-files\Lovesick\manual-review-pack\A_must_review\067_p480_Newtonsoft.Json.JsonTextWriter$$WriteValue.c
68,480,A_must_review,Newtonsoft.Json.JsonTextWriter$$WriteValue,0172d410,280,90_plus_uncertain_gaze_interaction_near_certain,eye_source; weak_source_state; validity_gate; pose_vector; ray_interaction; ui_interaction; data_collection; telemetry; frame_behavior; structure_combo,strong_eye_source_hits_5; weak_xr_or_state_hits_9; validity_or_gating_hits_21; strong_pose_or_ray_construction_hits_18; ray_or_cast_sink_hits_5; ui_or_gameplay_sink_hits_7; strong_file_logging_hits_8; telemetry_or_network_hits_13; frame_or_lifecycle_behavior; source_validity_pose_sink_structure; strong_eye_source_validity_pose_sink_structure; functionality_gaze_retrieval_or_extraction; functionality_gaze_interaction_hits_10; functionality_data_collection_or_telemetry_hits_19,base_scanner_score_280; module_bonus_validity_gate_8; module_bonus_pose_vector_10; module_bonus_ray_interaction_15; module_bonus_ui_interaction_12; module_bonus_data_collection_22; module_bonus_telemetry_20; module_bonus_frame_behavior_5; module_bonus_structure_combo_18; evidence_bonus_telemetry_or_network_hits_12; sensitive_sink_data_collection_bonus_15; sensitive_sink_telemetry_bonus_15; keyword_support_eye_or_gaze_5_bonus_20; keyword_support_sdk_4_bonus_12; keyword_support_collection_or_telemetry_4_bonus_16,C:\realDesktop\manifest-evaluations\summer-26\ghidra-pipeline\il2cpp-files\Lovesick\general-structure-results\90_plus_uncertain_gaze_interaction_near_certain\0172d410_Newtonsoft.Json.JsonTextWriter$$WriteValue.c,C:\realDesktop\manifest-evaluations\summer-26\ghidra-pipeline\il2cpp-files\Lovesick\manual-review-pack\A_must_review\068_p480_Newtonsoft.Json.JsonTextWriter$$WriteValue.c
69,480,A_must_review,Newtonsoft.Json.JsonTextWriter$$WriteValue,0172d4a8,280,90_plus_uncertain_gaze_interaction_near_certain,eye_source; weak_source_state; validity_gate; pose_vector; ray_interaction; ui_interaction; data_collection; telemetry; frame_behavior; structure_combo,strong_eye_source_hits_5; weak_xr_or_state_hits_9; validity_or_gating_hits_21; strong_pose_or_ray_construction_hits_18; ray_or_cast_sink_hits_5; ui_or_gameplay_sink_hits_7; strong_file_logging_hits_8; telemetry_or_network_hits_13; frame_or_lifecycle_behavior; source_validity_pose_sink_structure; strong_eye_source_validity_pose_sink_structure; functionality_gaze_retrieval_or_extraction; functionality_gaze_interaction_hits_10; functionality_data_collection_or_telemetry_hits_19,base_scanner_score_280; module_bonus_validity_gate_8; module_bonus_pose_vector_10; module_bonus_ray_interaction_15; module_bonus_ui_interaction_12; module_bonus_data_collection_22; module_bonus_telemetry_20; module_bonus_frame_behavior_5; module_bonus_structure_combo_18; evidence_bonus_telemetry_or_network_hits_12; sensitive_sink_data_collection_bonus_15; sensitive_sink_telemetry_bonus_15; keyword_support_eye_or_gaze_5_bonus_20; keyword_support_sdk_4_bonus_12; keyword_support_collection_or_telemetry_4_bonus_16,C:\realDesktop\manifest-evaluations\summer-26\ghidra-pipeline\il2cpp-files\Lovesick\general-structure-results\90_plus_uncertain_gaze_interaction_near_certain\0172d4a8_Newtonsoft.Json.JsonTextWriter$$WriteValue.c,C:\realDesktop\manifest-evaluations\summer-26\ghidra-pipeline\il2cpp-files\Lovesick\manual-review-pack\A_must_review\069_p480_Newtonsoft.Json.JsonTextWriter$$WriteValue.c
70,480,A_must_review,Newtonsoft.Json.JsonTextWriter$$WriteValue,0172d4d8,280,90_plus_uncertain_gaze_interaction_near_certain,eye_source; weak_source_state; validity_gate; pose_vector; ray_interaction; ui_interaction; data_collection; telemetry; frame_behavior; structure_combo,strong_eye_source_hits_5; weak_xr_or_state_hits_9; validity_or_gating_hits_21; strong_pose_or_ray_construction_hits_18; ray_or_cast_sink_hits_5; ui_or_gameplay_sink_hits_6; strong_file_logging_hits_8; telemetry_or_network_hits_13; frame_or_lifecycle_behavior; source_validity_pose_sink_structure; strong_eye_source_validity_pose_sink_structure; functionality_gaze_retrieval_or_extraction; functionality_gaze_interaction_hits_9; functionality_data_collection_or_telemetry_hits_19,base_scanner_score_280; module_bonus_validity_gate_8; module_bonus_pose_vector_10; module_bonus_ray_interaction_15; module_bonus_ui_interaction_12; module_bonus_data_collection_22; module_bonus_telemetry_20; module_bonus_frame_behavior_5; module_bonus_structure_combo_18; evidence_bonus_telemetry_or_network_hits_12; sensitive_sink_data_collection_bonus_15; sensitive_sink_telemetry_bonus_15; keyword_support_eye_or_gaze_5_bonus_20; keyword_support_sdk_4_bonus_12; keyword_support_collection_or_telemetry_4_bonus_16,C:\realDesktop\manifest-evaluations\summer-26\ghidra-pipeline\il2cpp-files\Lovesick\general-structure-results\90_plus_uncertain_gaze_interaction_near_certain\0172d4d8_Newtonsoft.Json.JsonTextWriter$$WriteValue.c,C:\realDesktop\manifest-evaluations\summer-26\ghidra-pipeline\il2cpp-files\Lovesick\manual-review-pack\A_must_review\070_p480_Newtonsoft.Json.JsonTextWriter$$WriteValue.c
71,480,A_must_review,Newtonsoft.Json.JsonTextWriter$$WriteValue,0172d508,280,90_plus_uncertain_gaze_interaction_near_certain,eye_source; weak_source_state; validity_gate; pose_vector; ray_interaction; ui_interaction; data_collection; telemetry; frame_behavior; structure_combo,strong_eye_source_hits_5; weak_xr_or_state_hits_9; validity_or_gating_hits_21; strong_pose_or_ray_construction_hits_18; ray_or_cast_sink_hits_5; ui_or_gameplay_sink_hits_6; strong_file_logging_hits_8; telemetry_or_network_hits_13; frame_or_lifecycle_behavior; source_validity_pose_sink_structure; strong_eye_source_validity_pose_sink_structure; functionality_gaze_retrieval_or_extraction; functionality_gaze_interaction_hits_9; functionality_data_collection_or_telemetry_hits_19,base_scanner_score_280; module_bonus_validity_gate_8; module_bonus_pose_vector_10; module_bonus_ray_interaction_15; module_bonus_ui_interaction_12; module_bonus_data_collection_22; module_bonus_telemetry_20; module_bonus_frame_behavior_5; module_bonus_structure_combo_18; evidence_bonus_telemetry_or_network_hits_12; sensitive_sink_data_collection_bonus_15; sensitive_sink_telemetry_bonus_15; keyword_support_eye_or_gaze_5_bonus_20; keyword_support_sdk_4_bonus_12; keyword_support_collection_or_telemetry_4_bonus_16,C:\realDesktop\manifest-evaluations\summer-26\ghidra-pipeline\il2cpp-files\Lovesick\general-structure-results\90_plus_uncertain_gaze_interaction_near_certain\0172d508_Newtonsoft.Json.JsonTextWriter$$WriteValue.c,C:\realDesktop\manifest-evaluations\summer-26\ghidra-pipeline\il2cpp-files\Lovesick\manual-review-pack\A_must_review\071_p480_Newtonsoft.Json.JsonTextWriter$$WriteValue.c
72,480,A_must_review,Newtonsoft.Json.JsonTextWriter$$WriteValue,0172d5a0,280,90_plus_uncertain_gaze_interaction_near_certain,eye_source; weak_source_state; validity_gate; pose_vector; ray_interaction; ui_interaction; data_collection; telemetry; frame_behavior; structure_combo,strong_eye_source_hits_5; weak_xr_or_state_hits_9; validity_or_gating_hits_21; strong_pose_or_ray_construction_hits_18; ray_or_cast_sink_hits_5; ui_or_gameplay_sink_hits_6; strong_file_logging_hits_8; telemetry_or_network_hits_13; frame_or_lifecycle_behavior; source_validity_pose_sink_structure; strong_eye_source_validity_pose_sink_structure; functionality_gaze_retrieval_or_extraction; functionality_gaze_interaction_hits_9; functionality_data_collection_or_telemetry_hits_19,base_scanner_score_280; module_bonus_validity_gate_8; module_bonus_pose_vector_10; module_bonus_ray_interaction_15; module_bonus_ui_interaction_12; module_bonus_data_collection_22; module_bonus_telemetry_20; module_bonus_frame_behavior_5; module_bonus_structure_combo_18; evidence_bonus_telemetry_or_network_hits_12; sensitive_sink_data_collection_bonus_15; sensitive_sink_telemetry_bonus_15; keyword_support_eye_or_gaze_5_bonus_20; keyword_support_sdk_4_bonus_12; keyword_support_collection_or_telemetry_4_bonus_16,C:\realDesktop\manifest-evaluations\summer-26\ghidra-pipeline\il2cpp-files\Lovesick\general-structure-results\90_plus_uncertain_gaze_interaction_near_certain\0172d5a0_Newtonsoft.Json.JsonTextWriter$$WriteValue.c,C:\realDesktop\manifest-evaluations\summer-26\ghidra-pipeline\il2cpp-files\Lovesick\manual-review-pack\A_must_review\072_p480_Newtonsoft.Json.JsonTextWriter$$WriteValue.c
73,480,A_must_review,Newtonsoft.Json.JsonTextWriter$$WriteValue,0172d5d0,280,90_plus_uncertain_gaze_interaction_near_certain,eye_source; weak_source_state; validity_gate; pose_vector; ray_interaction; ui_interaction; data_collection; telemetry; frame_behavior; structure_combo,strong_eye_source_hits_5; weak_xr_or_state_hits_9; validity_or_gating_hits_21; strong_pose_or_ray_construction_hits_18; ray_or_cast_sink_hits_5; ui_or_gameplay_sink_hits_6; strong_file_logging_hits_8; telemetry_or_network_hits_12; frame_or_lifecycle_behavior; source_validity_pose_sink_structure; strong_eye_source_validity_pose_sink_structure; functionality_gaze_retrieval_or_extraction; functionality_gaze_interaction_hits_9; functionality_data_collection_or_telemetry_hits_18,base_scanner_score_280; module_bonus_validity_gate_8; module_bonus_pose_vector_10; module_bonus_ray_interaction_15; module_bonus_ui_interaction_12; module_bonus_data_collection_22; module_bonus_telemetry_20; module_bonus_frame_behavior_5; module_bonus_structure_combo_18; evidence_bonus_telemetry_or_network_hits_12; sensitive_sink_data_collection_bonus_15; sensitive_sink_telemetry_bonus_15; keyword_support_eye_or_gaze_5_bonus_20; keyword_support_sdk_4_bonus_12; keyword_support_collection_or_telemetry_4_bonus_16,C:\realDesktop\manifest-evaluations\summer-26\ghidra-pipeline\il2cpp-files\Lovesick\general-structure-results\90_plus_uncertain_gaze_interaction_near_certain\0172d5d0_Newtonsoft.Json.JsonTextWriter$$WriteValue.c,C:\realDesktop\manifest-evaluations\summer-26\ghidra-pipeline\il2cpp-files\Lovesick\manual-review-pack\A_must_review\073_p480_Newtonsoft.Json.JsonTextWriter$$WriteValue.c
74,480,A_must_review,Newtonsoft.Json.JsonTextWriter$$WriteValue,0172d600,280,90_plus_uncertain_gaze_interaction_near_certain,eye_source; weak_source_state; validity_gate; pose_vector; ray_interaction; ui_interaction; data_collection; telemetry; frame_behavior; structure_combo,strong_eye_source_hits_5; weak_xr_or_state_hits_9; validity_or_gating_hits_21; strong_pose_or_ray_construction_hits_18; ray_or_cast_sink_hits_5; ui_or_gameplay_sink_hits_6; strong_file_logging_hits_8; telemetry_or_network_hits_12; frame_or_lifecycle_behavior; source_validity_pose_sink_structure; strong_eye_source_validity_pose_sink_structure; functionality_gaze_retrieval_or_extraction; functionality_gaze_interaction_hits_9; functionality_data_collection_or_telemetry_hits_18,base_scanner_score_280; module_bonus_validity_gate_8; module_bonus_pose_vector_10; module_bonus_ray_interaction_15; module_bonus_ui_interaction_12; module_bonus_data_collection_22; module_bonus_telemetry_20; module_bonus_frame_behavior_5; module_bonus_structure_combo_18; evidence_bonus_telemetry_or_network_hits_12; sensitive_sink_data_collection_bonus_15; sensitive_sink_telemetry_bonus_15; keyword_support_eye_or_gaze_5_bonus_20; keyword_support_sdk_4_bonus_12; keyword_support_collection_or_telemetry_4_bonus_16,C:\realDesktop\manifest-evaluations\summer-26\ghidra-pipeline\il2cpp-files\Lovesick\general-structure-results\90_plus_uncertain_gaze_interaction_near_certain\0172d600_Newtonsoft.Json.JsonTextWriter$$WriteValue.c,C:\realDesktop\manifest-evaluations\summer-26\ghidra-pipeline\il2cpp-files\Lovesick\manual-review-pack\A_must_review\074_p480_Newtonsoft.Json.JsonTextWriter$$WriteValue.c
75,480,A_must_review,Newtonsoft.Json.JsonTextWriter$$WriteValue,0172d6a0,280,90_plus_uncertain_gaze_interaction_near_certain,eye_source; weak_source_state; validity_gate; pose_vector; ray_interaction; ui_interaction; data_collection; telemetry; frame_behavior; structure_combo,strong_eye_source_hits_5; weak_xr_or_state_hits_9; validity_or_gating_hits_21; strong_pose_or_ray_construction_hits_18; ray_or_cast_sink_hits_5; ui_or_gameplay_sink_hits_6; strong_file_logging_hits_8; telemetry_or_network_hits_12; frame_or_lifecycle_behavior; source_validity_pose_sink_structure; strong_eye_source_validity_pose_sink_structure; functionality_gaze_retrieval_or_extraction; functionality_gaze_interaction_hits_9; functionality_data_collection_or_telemetry_hits_18,base_scanner_score_280; module_bonus_validity_gate_8; module_bonus_pose_vector_10; module_bonus_ray_interaction_15; module_bonus_ui_interaction_12; module_bonus_data_collection_22; module_bonus_telemetry_20; module_bonus_frame_behavior_5; module_bonus_structure_combo_18; evidence_bonus_telemetry_or_network_hits_12; sensitive_sink_data_collection_bonus_15; sensitive_sink_telemetry_bonus_15; keyword_support_eye_or_gaze_5_bonus_20; keyword_support_sdk_4_bonus_12; keyword_support_collection_or_telemetry_4_bonus_16,C:\realDesktop\manifest-evaluations\summer-26\ghidra-pipeline\il2cpp-files\Lovesick\general-structure-results\90_plus_uncertain_gaze_interaction_near_certain\0172d6a0_Newtonsoft.Json.JsonTextWriter$$WriteValue.c,C:\realDesktop\manifest-evaluations\summer-26\ghidra-pipeline\il2cpp-files\Lovesick\manual-review-pack\A_must_review\075_p480_Newtonsoft.Json.JsonTextWriter$$WriteValue.c
76,480,A_must_review,Newtonsoft.Json.JsonTextWriter$$WriteUndefined,0172ccd8,280,90_plus_uncertain_gaze_interaction_near_certain,eye_source; weak_source_state; validity_gate; pose_vector; ray_interaction; ui_interaction; data_collection; telemetry; frame_behavior; structure_combo,strong_eye_source_hits_5; weak_xr_or_state_hits_10; validity_or_gating_hits_21; strong_pose_or_ray_construction_hits_21; ray_or_cast_sink_hits_7; ui_or_gameplay_sink_hits_8; strong_file_logging_hits_9; telemetry_or_network_hits_13; frame_or_lifecycle_behavior; source_validity_pose_sink_structure; strong_eye_source_validity_pose_sink_structure; functionality_gaze_retrieval_or_extraction; functionality_gaze_interaction_hits_12; functionality_data_collection_or_telemetry_hits_20,base_scanner_score_280; module_bonus_validity_gate_8; module_bonus_pose_vector_10; module_bonus_ray_interaction_15; module_bonus_ui_interaction_12; module_bonus_data_collection_22; module_bonus_telemetry_20; module_bonus_frame_behavior_5; module_bonus_structure_combo_18; evidence_bonus_telemetry_or_network_hits_12; sensitive_sink_data_collection_bonus_15; sensitive_sink_telemetry_bonus_15; keyword_support_eye_or_gaze_5_bonus_20; keyword_support_sdk_4_bonus_12; keyword_support_collection_or_telemetry_4_bonus_16,C:\realDesktop\manifest-evaluations\summer-26\ghidra-pipeline\il2cpp-files\Lovesick\general-structure-results\90_plus_uncertain_gaze_interaction_near_certain\0172ccd8_Newtonsoft.Json.JsonTextWriter$$WriteUndefined.c,C:\realDesktop\manifest-evaluations\summer-26\ghidra-pipeline\il2cpp-files\Lovesick\manual-review-pack\A_must_review\076_p480_Newtonsoft.Json.JsonTextWriter$$WriteUndefined.c
77,480,A_must_review,Newtonsoft.Json.JsonTextWriter$$WriteRawValueAsync,0172bef8,280,90_plus_uncertain_gaze_interaction_near_certain,eye_source; weak_source_state; validity_gate; pose_vector; ray_interaction; ui_interaction; data_collection; telemetry; frame_behavior; structure_combo,strong_eye_source_hits_7; weak_xr_or_state_hits_15; validity_or_gating_hits_21; strong_pose_or_ray_construction_hits_21; ray_or_cast_sink_hits_11; ui_or_gameplay_sink_hits_13; strong_file_logging_hits_11; telemetry_or_network_hits_21; frame_or_lifecycle_behavior; source_validity_pose_sink_structure; strong_eye_source_validity_pose_sink_structure; functionality_gaze_retrieval_or_extraction; functionality_gaze_interaction_hits_20; functionality_data_collection_or_telemetry_hits_21,base_scanner_score_280; module_bonus_validity_gate_8; module_bonus_pose_vector_10; module_bonus_ray_interaction_15; module_bonus_ui_interaction_12; module_bonus_data_collection_22; module_bonus_telemetry_20; module_bonus_frame_behavior_5; module_bonus_structure_combo_18; evidence_bonus_telemetry_or_network_hits_12; sensitive_sink_data_collection_bonus_15; sensitive_sink_telemetry_bonus_15; keyword_support_eye_or_gaze_5_bonus_20; keyword_support_sdk_4_bonus_12; keyword_support_collection_or_telemetry_4_bonus_16,C:\realDesktop\manifest-evaluations\summer-26\ghidra-pipeline\il2cpp-files\Lovesick\general-structure-results\90_plus_uncertain_gaze_interaction_near_certain\0172bef8_Newtonsoft.Json.JsonTextWriter$$WriteRawValueAsync.c,C:\realDesktop\manifest-evaluations\summer-26\ghidra-pipeline\il2cpp-files\Lovesick\manual-review-pack\A_must_review\077_p480_Newtonsoft.Json.JsonTextWriter$$WriteRawValueAsync.c
78,480,A_must_review,Newtonsoft.Json.JsonTextWriter$$WriteRaw,0172cd5c,280,90_plus_uncertain_gaze_interaction_near_certain,eye_source; weak_source_state; validity_gate; pose_vector; ray_interaction; ui_interaction; data_collection; telemetry; frame_behavior; structure_combo,strong_eye_source_hits_5; weak_xr_or_state_hits_10; validity_or_gating_hits_21; strong_pose_or_ray_construction_hits_20; ray_or_cast_sink_hits_7; ui_or_gameplay_sink_hits_8; strong_file_logging_hits_8; telemetry_or_network_hits_13; frame_or_lifecycle_behavior; source_validity_pose_sink_structure; strong_eye_source_validity_pose_sink_structure; functionality_gaze_retrieval_or_extraction; functionality_gaze_interaction_hits_12; functionality_data_collection_or_telemetry_hits_19,base_scanner_score_280; module_bonus_validity_gate_8; module_bonus_pose_vector_10; module_bonus_ray_interaction_15; module_bonus_ui_interaction_12; module_bonus_data_collection_22; module_bonus_telemetry_20; module_bonus_frame_behavior_5; module_bonus_structure_combo_18; evidence_bonus_telemetry_or_network_hits_12; sensitive_sink_data_collection_bonus_15; sensitive_sink_telemetry_bonus_15; keyword_support_eye_or_gaze_5_bonus_20; keyword_support_sdk_4_bonus_12; keyword_support_collection_or_telemetry_4_bonus_16,C:\realDesktop\manifest-evaluations\summer-26\ghidra-pipeline\il2cpp-files\Lovesick\general-structure-results\90_plus_uncertain_gaze_interaction_near_certain\0172cd5c_Newtonsoft.Json.JsonTextWriter$$WriteRaw.c,C:\realDesktop\manifest-evaluations\summer-26\ghidra-pipeline\il2cpp-files\Lovesick\manual-review-pack\A_must_review\078_p480_Newtonsoft.Json.JsonTextWriter$$WriteRaw.c
79,480,A_must_review,Newtonsoft.Json.JsonTextWriter$$WritePropertyName,0172c8d8,280,90_plus_uncertain_gaze_interaction_near_certain,eye_source; weak_source_state; validity_gate; pose_vector; ray_interaction; ui_interaction; data_collection; telemetry; frame_behavior; structure_combo,strong_eye_source_hits_5; weak_xr_or_state_hits_11; validity_or_gating_hits_21; strong_pose_or_ray_construction_hits_21; ray_or_cast_sink_hits_7; ui_or_gameplay_sink_hits_8; strong_file_logging_hits_9; telemetry_or_network_hits_16; frame_or_lifecycle_behavior; source_validity_pose_sink_structure; strong_eye_source_validity_pose_sink_structure; functionality_gaze_retrieval_or_extraction; functionality_gaze_interaction_hits_12; functionality_data_collection_or_telemetry_hits_21,base_scanner_score_280; module_bonus_validity_gate_8; module_bonus_pose_vector_10; module_bonus_ray_interaction_15; module_bonus_ui_interaction_12; module_bonus_data_collection_22; module_bonus_telemetry_20; module_bonus_frame_behavior_5; module_bonus_structure_combo_18; evidence_bonus_telemetry_or_network_hits_12; sensitive_sink_data_collection_bonus_15; sensitive_sink_telemetry_bonus_15; keyword_support_eye_or_gaze_5_bonus_20; keyword_support_sdk_4_bonus_12; keyword_support_collection_or_telemetry_4_bonus_16,C:\realDesktop\manifest-evaluations\summer-26\ghidra-pipeline\il2cpp-files\Lovesick\general-structure-results\90_plus_uncertain_gaze_interaction_near_certain\0172c8d8_Newtonsoft.Json.JsonTextWriter$$WritePropertyName.c,C:\realDesktop\manifest-evaluations\summer-26\ghidra-pipeline\il2cpp-files\Lovesick\manual-review-pack\A_must_review\079_p480_Newtonsoft.Json.JsonTextWriter$$WritePropertyName.c
80,480,A_must_review,Newtonsoft.Json.JsonTextWriter$$WriteNull,0172cc54,280,90_plus_uncertain_gaze_interaction_near_certain,eye_source; weak_source_state; validity_gate; pose_vector; ray_interaction; ui_interaction; data_collection; telemetry; frame_behavior; structure_combo,strong_eye_source_hits_5; weak_xr_or_state_hits_10; validity_or_gating_hits_21; strong_pose_or_ray_construction_hits_21; ray_or_cast_sink_hits_7; ui_or_gameplay_sink_hits_8; strong_file_logging_hits_9; telemetry_or_network_hits_13; frame_or_lifecycle_behavior; source_validity_pose_sink_structure; strong_eye_source_validity_pose_sink_structure; functionality_gaze_retrieval_or_extraction; functionality_gaze_interaction_hits_12; functionality_data_collection_or_telemetry_hits_20,base_scanner_score_280; module_bonus_validity_gate_8; module_bonus_pose_vector_10; module_bonus_ray_interaction_15; module_bonus_ui_interaction_12; module_bonus_data_collection_22; module_bonus_telemetry_20; module_bonus_frame_behavior_5; module_bonus_structure_combo_18; evidence_bonus_telemetry_or_network_hits_12; sensitive_sink_data_collection_bonus_15; sensitive_sink_telemetry_bonus_15; keyword_support_eye_or_gaze_5_bonus_20; keyword_support_sdk_4_bonus_12; keyword_support_collection_or_telemetry_4_bonus_16,C:\realDesktop\manifest-evaluations\summer-26\ghidra-pipeline\il2cpp-files\Lovesick\general-structure-results\90_plus_uncertain_gaze_interaction_near_certain\0172cc54_Newtonsoft.Json.JsonTextWriter$$WriteNull.c,C:\realDesktop\manifest-evaluations\summer-26\ghidra-pipeline\il2cpp-files\Lovesick\manual-review-pack\A_must_review\080_p480_Newtonsoft.Json.JsonTextWriter$$WriteNull.c
81,480,A_must_review,Newtonsoft.Json.JsonTextWriter$$WriteIntegerValue,0172ce9c,280,90_plus_uncertain_gaze_interaction_near_certain,eye_source; weak_source_state; validity_gate; pose_vector; ray_interaction; ui_interaction; data_collection; telemetry; frame_behavior; structure_combo,strong_eye_source_hits_5; weak_xr_or_state_hits_10; validity_or_gating_hits_21; strong_pose_or_ray_construction_hits_20; ray_or_cast_sink_hits_7; ui_or_gameplay_sink_hits_8; strong_file_logging_hits_8; telemetry_or_network_hits_13; frame_or_lifecycle_behavior; source_validity_pose_sink_structure; strong_eye_source_validity_pose_sink_structure; functionality_gaze_retrieval_or_extraction; functionality_gaze_interaction_hits_12; functionality_data_collection_or_telemetry_hits_19,base_scanner_score_280; module_bonus_validity_gate_8; module_bonus_pose_vector_10; module_bonus_ray_interaction_15; module_bonus_ui_interaction_12; module_bonus_data_collection_22; module_bonus_telemetry_20; module_bonus_frame_behavior_5; module_bonus_structure_combo_18; evidence_bonus_telemetry_or_network_hits_12; sensitive_sink_data_collection_bonus_15; sensitive_sink_telemetry_bonus_15; keyword_support_eye_or_gaze_5_bonus_20; keyword_support_sdk_4_bonus_12; keyword_support_collection_or_telemetry_4_bonus_16,C:\realDesktop\manifest-evaluations\summer-26\ghidra-pipeline\il2cpp-files\Lovesick\general-structure-results\90_plus_uncertain_gaze_interaction_near_certain\0172ce9c_Newtonsoft.Json.JsonTextWriter$$WriteIntegerValue.c,C:\realDesktop\manifest-evaluations\summer-26\ghidra-pipeline\il2cpp-files\Lovesick\manual-review-pack\A_must_review\081_p480_Newtonsoft.Json.JsonTextWriter$$WriteIntegerValue.c
82,480,A_must_review,Newtonsoft.Json.JsonTextWriter$$WriteIntegerValue,0172cf18,280,90_plus_uncertain_gaze_interaction_near_certain,eye_source; weak_source_state; validity_gate; pose_vector; ray_interaction; ui_interaction; data_collection; telemetry; frame_behavior; structure_combo,strong_eye_source_hits_5; weak_xr_or_state_hits_10; validity_or_gating_hits_21; strong_pose_or_ray_construction_hits_20; ray_or_cast_sink_hits_7; ui_or_gameplay_sink_hits_8; strong_file_logging_hits_8; telemetry_or_network_hits_13; frame_or_lifecycle_behavior; source_validity_pose_sink_structure; strong_eye_source_validity_pose_sink_structure; functionality_gaze_retrieval_or_extraction; functionality_gaze_interaction_hits_12; functionality_data_collection_or_telemetry_hits_19,base_scanner_score_280; module_bonus_validity_gate_8; module_bonus_pose_vector_10; module_bonus_ray_interaction_15; module_bonus_ui_interaction_12; module_bonus_data_collection_22; module_bonus_telemetry_20; module_bonus_frame_behavior_5; module_bonus_structure_combo_18; evidence_bonus_telemetry_or_network_hits_12; sensitive_sink_data_collection_bonus_15; sensitive_sink_telemetry_bonus_15; keyword_support_eye_or_gaze_5_bonus_20; keyword_support_sdk_4_bonus_12; keyword_support_collection_or_telemetry_4_bonus_16,C:\realDesktop\manifest-evaluations\summer-26\ghidra-pipeline\il2cpp-files\Lovesick\general-structure-results\90_plus_uncertain_gaze_interaction_near_certain\0172cf18_Newtonsoft.Json.JsonTextWriter$$WriteIntegerValue.c,C:\realDesktop\manifest-evaluations\summer-26\ghidra-pipeline\il2cpp-files\Lovesick\manual-review-pack\A_must_review\082_p480_Newtonsoft.Json.JsonTextWriter$$WriteIntegerValue.c
83,480,A_must_review,Newtonsoft.Json.JsonTextWriter$$WriteIntegerValue,0172cfc8,280,90_plus_uncertain_gaze_interaction_near_certain,eye_source; weak_source_state; validity_gate; pose_vector; ray_interaction; ui_interaction; data_collection; telemetry; frame_behavior; structure_combo,strong_eye_source_hits_5; weak_xr_or_state_hits_10; validity_or_gating_hits_21; strong_pose_or_ray_construction_hits_20; ray_or_cast_sink_hits_7; ui_or_gameplay_sink_hits_8; strong_file_logging_hits_8; telemetry_or_network_hits_13; frame_or_lifecycle_behavior; source_validity_pose_sink_structure; strong_eye_source_validity_pose_sink_structure; functionality_gaze_retrieval_or_extraction; functionality_gaze_interaction_hits_12; functionality_data_collection_or_telemetry_hits_19,base_scanner_score_280; module_bonus_validity_gate_8; module_bonus_pose_vector_10; module_bonus_ray_interaction_15; module_bonus_ui_interaction_12; module_bonus_data_collection_22; module_bonus_telemetry_20; module_bonus_frame_behavior_5; module_bonus_structure_combo_18; evidence_bonus_telemetry_or_network_hits_12; sensitive_sink_data_collection_bonus_15; sensitive_sink_telemetry_bonus_15; keyword_support_eye_or_gaze_5_bonus_20; keyword_support_sdk_4_bonus_12; keyword_support_collection_or_telemetry_4_bonus_16,C:\realDesktop\manifest-evaluations\summer-26\ghidra-pipeline\il2cpp-files\Lovesick\general-structure-results\90_plus_uncertain_gaze_interaction_near_certain\0172cfc8_Newtonsoft.Json.JsonTextWriter$$WriteIntegerValue.c,C:\realDesktop\manifest-evaluations\summer-26\ghidra-pipeline\il2cpp-files\Lovesick\manual-review-pack\A_must_review\083_p480_Newtonsoft.Json.JsonTextWriter$$WriteIntegerValue.c
84,480,A_must_review,Newtonsoft.Json.JsonTextWriter$$WriteIndentSpace,0172caf0,280,90_plus_uncertain_gaze_interaction_near_certain,eye_source; weak_source_state; validity_gate; pose_vector; ray_interaction; ui_interaction; data_collection; telemetry; frame_behavior; structure_combo,strong_eye_source_hits_5; weak_xr_or_state_hits_10; validity_or_gating_hits_21; strong_pose_or_ray_construction_hits_21; ray_or_cast_sink_hits_7; ui_or_gameplay_sink_hits_8; strong_file_logging_hits_9; telemetry_or_network_hits_14; frame_or_lifecycle_behavior; source_validity_pose_sink_structure; strong_eye_source_validity_pose_sink_structure; functionality_gaze_retrieval_or_extraction; functionality_gaze_interaction_hits_12; functionality_data_collection_or_telemetry_hits_21,base_scanner_score_280; module_bonus_validity_gate_8; module_bonus_pose_vector_10; module_bonus_ray_interaction_15; module_bonus_ui_interaction_12; module_bonus_data_collection_22; module_bonus_telemetry_20; module_bonus_frame_behavior_5; module_bonus_structure_combo_18; evidence_bonus_telemetry_or_network_hits_12; sensitive_sink_data_collection_bonus_15; sensitive_sink_telemetry_bonus_15; keyword_support_eye_or_gaze_5_bonus_20; keyword_support_sdk_4_bonus_12; keyword_support_collection_or_telemetry_4_bonus_16,C:\realDesktop\manifest-evaluations\summer-26\ghidra-pipeline\il2cpp-files\Lovesick\general-structure-results\90_plus_uncertain_gaze_interaction_near_certain\0172caf0_Newtonsoft.Json.JsonTextWriter$$WriteIndentSpace.c,C:\realDesktop\manifest-evaluations\summer-26\ghidra-pipeline\il2cpp-files\Lovesick\manual-review-pack\A_must_review\084_p480_Newtonsoft.Json.JsonTextWriter$$WriteIndentSpace.c
85,480,A_must_review,Newtonsoft.Json.JsonTextWriter$$WriteIndent,0172c9a0,280,90_plus_uncertain_gaze_interaction_near_certain,eye_source; weak_source_state; validity_gate; pose_vector; ray_interaction; ui_interaction; data_collection; telemetry; frame_behavior; structure_combo,strong_eye_source_hits_5; weak_xr_or_state_hits_11; validity_or_gating_hits_21; strong_pose_or_ray_construction_hits_21; ray_or_cast_sink_hits_7; ui_or_gameplay_sink_hits_8; strong_file_logging_hits_9; telemetry_or_network_hits_16; frame_or_lifecycle_behavior; source_validity_pose_sink_structure; strong_eye_source_validity_pose_sink_structure; functionality_gaze_retrieval_or_extraction; functionality_gaze_interaction_hits_12; functionality_data_collection_or_telemetry_hits_21,base_scanner_score_280; module_bonus_validity_gate_8; module_bonus_pose_vector_10; module_bonus_ray_interaction_15; module_bonus_ui_interaction_12; module_bonus_data_collection_22; module_bonus_telemetry_20; module_bonus_frame_behavior_5; module_bonus_structure_combo_18; evidence_bonus_telemetry_or_network_hits_12; sensitive_sink_data_collection_bonus_15; sensitive_sink_telemetry_bonus_15; keyword_support_eye_or_gaze_5_bonus_20; keyword_support_sdk_4_bonus_12; keyword_support_collection_or_telemetry_4_bonus_16,C:\realDesktop\manifest-evaluations\summer-26\ghidra-pipeline\il2cpp-files\Lovesick\general-structure-results\90_plus_uncertain_gaze_interaction_near_certain\0172c9a0_Newtonsoft.Json.JsonTextWriter$$WriteIndent.c,C:\realDesktop\manifest-evaluations\summer-26\ghidra-pipeline\il2cpp-files\Lovesick\manual-review-pack\A_must_review\085_p480_Newtonsoft.Json.JsonTextWriter$$WriteIndent.c
86,480,A_must_review,Newtonsoft.Json.JsonTextWriter$$WriteEndObjectAsync,0172bed4,280,90_plus_uncertain_gaze_interaction_near_certain,eye_source; weak_source_state; validity_gate; pose_vector; ray_interaction; ui_interaction; data_collection; telemetry; frame_behavior; structure_combo,strong_eye_source_hits_7; weak_xr_or_state_hits_15; validity_or_gating_hits_21; strong_pose_or_ray_construction_hits_21; ray_or_cast_sink_hits_11; ui_or_gameplay_sink_hits_13; strong_file_logging_hits_11; telemetry_or_network_hits_21; frame_or_lifecycle_behavior; source_validity_pose_sink_structure; strong_eye_source_validity_pose_sink_structure; functionality_gaze_retrieval_or_extraction; functionality_gaze_interaction_hits_20; functionality_data_collection_or_telemetry_hits_21,base_scanner_score_280; module_bonus_validity_gate_8; module_bonus_pose_vector_10; module_bonus_ray_interaction_15; module_bonus_ui_interaction_12; module_bonus_data_collection_22; module_bonus_telemetry_20; module_bonus_frame_behavior_5; module_bonus_structure_combo_18; evidence_bonus_telemetry_or_network_hits_12; sensitive_sink_data_collection_bonus_15; sensitive_sink_telemetry_bonus_15; keyword_support_eye_or_gaze_5_bonus_20; keyword_support_sdk_4_bonus_12; keyword_support_collection_or_telemetry_4_bonus_16,C:\realDesktop\manifest-evaluations\summer-26\ghidra-pipeline\il2cpp-files\Lovesick\general-structure-results\90_plus_uncertain_gaze_interaction_near_certain\0172bed4_Newtonsoft.Json.JsonTextWriter$$WriteEndObjectAsync.c,C:\realDesktop\manifest-evaluations\summer-26\ghidra-pipeline\il2cpp-files\Lovesick\manual-review-pack\A_must_review\086_p480_Newtonsoft.Json.JsonTextWriter$$WriteEndObjectAsync.c
87,480,A_must_review,Newtonsoft.Json.JsonTextWriter$$WriteEndConstructorAsync,0172beb0,280,90_plus_uncertain_gaze_interaction_near_certain,eye_source; weak_source_state; validity_gate; pose_vector; ray_interaction; ui_interaction; data_collection; telemetry; frame_behavior; structure_combo,strong_eye_source_hits_7; weak_xr_or_state_hits_15; validity_or_gating_hits_21; strong_pose_or_ray_construction_hits_21; ray_or_cast_sink_hits_11; ui_or_gameplay_sink_hits_13; strong_file_logging_hits_11; telemetry_or_network_hits_21; frame_or_lifecycle_behavior; source_validity_pose_sink_structure; strong_eye_source_validity_pose_sink_structure; functionality_gaze_retrieval_or_extraction; functionality_gaze_interaction_hits_20; functionality_data_collection_or_telemetry_hits_21,base_scanner_score_280; module_bonus_validity_gate_8; module_bonus_pose_vector_10; module_bonus_ray_interaction_15; module_bonus_ui_interaction_12; module_bonus_data_collection_22; module_bonus_telemetry_20; module_bonus_frame_behavior_5; module_bonus_structure_combo_18; evidence_bonus_telemetry_or_network_hits_12; sensitive_sink_data_collection_bonus_15; sensitive_sink_telemetry_bonus_15; keyword_support_eye_or_gaze_5_bonus_20; keyword_support_sdk_4_bonus_12; keyword_support_collection_or_telemetry_4_bonus_16,C:\realDesktop\manifest-evaluations\summer-26\ghidra-pipeline\il2cpp-files\Lovesick\general-structure-results\90_plus_uncertain_gaze_interaction_near_certain\0172beb0_Newtonsoft.Json.JsonTextWriter$$WriteEndConstructorAsync.c,C:\realDesktop\manifest-evaluations\summer-26\ghidra-pipeline\il2cpp-files\Lovesick\manual-review-pack\A_must_review\087_p480_Newtonsoft.Json.JsonTextWriter$$WriteEndConstructorAsync.c
88,480,A_must_review,Newtonsoft.Json.JsonTextWriter$$WriteEndArrayAsync,0172be8c,280,90_plus_uncertain_gaze_interaction_near_certain,eye_source; weak_source_state; validity_gate; pose_vector; ray_interaction; ui_interaction; data_collection; telemetry; frame_behavior; structure_combo,strong_eye_source_hits_7; weak_xr_or_state_hits_16; validity_or_gating_hits_21; strong_pose_or_ray_construction_hits_21; ray_or_cast_sink_hits_11; ui_or_gameplay_sink_hits_13; strong_file_logging_hits_11; telemetry_or_network_hits_21; frame_or_lifecycle_behavior; source_validity_pose_sink_structure; strong_eye_source_validity_pose_sink_structure; functionality_gaze_retrieval_or_extraction; functionality_gaze_interaction_hits_20; functionality_data_collection_or_telemetry_hits_21,base_scanner_score_280; module_bonus_validity_gate_8; module_bonus_pose_vector_10; module_bonus_ray_interaction_15; module_bonus_ui_interaction_12; module_bonus_data_collection_22; module_bonus_telemetry_20; module_bonus_frame_behavior_5; module_bonus_structure_combo_18; evidence_bonus_telemetry_or_network_hits_12; sensitive_sink_data_collection_bonus_15; sensitive_sink_telemetry_bonus_15; keyword_support_eye_or_gaze_5_bonus_20; keyword_support_sdk_4_bonus_12; keyword_support_collection_or_telemetry_4_bonus_16,C:\realDesktop\manifest-evaluations\summer-26\ghidra-pipeline\il2cpp-files\Lovesick\general-structure-results\90_plus_uncertain_gaze_interaction_near_certain\0172be8c_Newtonsoft.Json.JsonTextWriter$$WriteEndArrayAsync.c,C:\realDesktop\manifest-evaluations\summer-26\ghidra-pipeline\il2cpp-files\Lovesick\manual-review-pack\A_must_review\088_p480_Newtonsoft.Json.JsonTextWriter$$WriteEndArrayAsync.c
89,480,A_must_review,Newtonsoft.Json.JsonTextWriter$$WriteCommentAsync,0172bd98,280,90_plus_uncertain_gaze_interaction_near_certain,eye_source; weak_source_state; validity_gate; pose_vector; ray_interaction; ui_interaction; data_collection; telemetry; frame_behavior; structure_combo,strong_eye_source_hits_7; weak_xr_or_state_hits_16; validity_or_gating_hits_21; strong_pose_or_ray_construction_hits_21; ray_or_cast_sink_hits_11; ui_or_gameplay_sink_hits_13; strong_file_logging_hits_11; telemetry_or_network_hits_21; frame_or_lifecycle_behavior; source_validity_pose_sink_structure; strong_eye_source_validity_pose_sink_structure; functionality_gaze_retrieval_or_extraction; functionality_gaze_interaction_hits_20; functionality_data_collection_or_telemetry_hits_21,base_scanner_score_280; module_bonus_validity_gate_8; module_bonus_pose_vector_10; module_bonus_ray_interaction_15; module_bonus_ui_interaction_12; module_bonus_data_collection_22; module_bonus_telemetry_20; module_bonus_frame_behavior_5; module_bonus_structure_combo_18; evidence_bonus_telemetry_or_network_hits_12; sensitive_sink_data_collection_bonus_15; sensitive_sink_telemetry_bonus_15; keyword_support_eye_or_gaze_5_bonus_20; keyword_support_sdk_4_bonus_12; keyword_support_collection_or_telemetry_4_bonus_16,C:\realDesktop\manifest-evaluations\summer-26\ghidra-pipeline\il2cpp-files\Lovesick\general-structure-results\90_plus_uncertain_gaze_interaction_near_certain\0172bd98_Newtonsoft.Json.JsonTextWriter$$WriteCommentAsync.c,C:\realDesktop\manifest-evaluations\summer-26\ghidra-pipeline\il2cpp-files\Lovesick\manual-review-pack\A_must_review\089_p480_Newtonsoft.Json.JsonTextWriter$$WriteCommentAsync.c
90,480,A_must_review,Newtonsoft.Json.JsonTextWriter$$UpdateCharEscapeFlags,0172c320,280,90_plus_uncertain_gaze_interaction_near_certain,eye_source; weak_source_state; validity_gate; pose_vector; ray_interaction; ui_interaction; data_collection; telemetry; frame_behavior; structure_combo,strong_eye_source_hits_7; weak_xr_or_state_hits_13; validity_or_gating_hits_21; strong_pose_or_ray_construction_hits_21; ray_or_cast_sink_hits_9; ui_or_gameplay_sink_hits_10; strong_file_logging_hits_11; telemetry_or_network_hits_18; frame_or_lifecycle_behavior; source_validity_pose_sink_structure; strong_eye_source_validity_pose_sink_structure; functionality_gaze_retrieval_or_extraction; functionality_gaze_interaction_hits_15; functionality_data_collection_or_telemetry_hits_21,base_scanner_score_280; module_bonus_validity_gate_8; module_bonus_pose_vector_10; module_bonus_ray_interaction_15; module_bonus_ui_interaction_12; module_bonus_data_collection_22; module_bonus_telemetry_20; module_bonus_frame_behavior_5; module_bonus_structure_combo_18; evidence_bonus_telemetry_or_network_hits_12; sensitive_sink_data_collection_bonus_15; sensitive_sink_telemetry_bonus_15; keyword_support_eye_or_gaze_5_bonus_20; keyword_support_sdk_4_bonus_12; keyword_support_collection_or_telemetry_4_bonus_16,C:\realDesktop\manifest-evaluations\summer-26\ghidra-pipeline\il2cpp-files\Lovesick\general-structure-results\90_plus_uncertain_gaze_interaction_near_certain\0172c320_Newtonsoft.Json.JsonTextWriter$$UpdateCharEscapeFlags.c,C:\realDesktop\manifest-evaluations\summer-26\ghidra-pipeline\il2cpp-files\Lovesick\manual-review-pack\A_must_review\090_p480_Newtonsoft.Json.JsonTextWriter$$UpdateCharEscapeFlags.c
91,480,A_must_review,Newtonsoft.Json.JsonTextWriter$$OnStringEscapeHandlingChanged,0172c99c,280,90_plus_uncertain_gaze_interaction_near_certain,eye_source; weak_source_state; validity_gate; pose_vector; ray_interaction; ui_interaction; data_collection; telemetry; frame_behavior; structure_combo,strong_eye_source_hits_5; weak_xr_or_state_hits_11; validity_or_gating_hits_21; strong_pose_or_ray_construction_hits_21; ray_or_cast_sink_hits_7; ui_or_gameplay_sink_hits_8; strong_file_logging_hits_9; telemetry_or_network_hits_16; frame_or_lifecycle_behavior; source_validity_pose_sink_structure; strong_eye_source_validity_pose_sink_structure; functionality_gaze_retrieval_or_extraction; functionality_gaze_interaction_hits_12; functionality_data_collection_or_telemetry_hits_21,base_scanner_score_280; module_bonus_validity_gate_8; module_bonus_pose_vector_10; module_bonus_ray_interaction_15; module_bonus_ui_interaction_12; module_bonus_data_collection_22; module_bonus_telemetry_20; module_bonus_frame_behavior_5; module_bonus_structure_combo_18; evidence_bonus_telemetry_or_network_hits_12; sensitive_sink_data_collection_bonus_15; sensitive_sink_telemetry_bonus_15; keyword_support_eye_or_gaze_5_bonus_20; keyword_support_sdk_4_bonus_12; keyword_support_collection_or_telemetry_4_bonus_16,C:\realDesktop\manifest-evaluations\summer-26\ghidra-pipeline\il2cpp-files\Lovesick\general-structure-results\90_plus_uncertain_gaze_interaction_near_certain\0172c99c_Newtonsoft.Json.JsonTextWriter$$OnStringEscapeHandlingChanged.c,C:\realDesktop\manifest-evaluations\summer-26\ghidra-pipeline\il2cpp-files\Lovesick\manual-review-pack\A_must_review\091_p480_Newtonsoft.Json.JsonTextWriter$$OnStringEscapeHandlingChanged.c
92,480,A_must_review,Newtonsoft.Json.JsonTextWriter$$EnsureWriteBuffer,0172c0c8,280,90_plus_uncertain_gaze_interaction_near_certain,eye_source; weak_source_state; validity_gate; pose_vector; ray_interaction; ui_interaction; data_collection; telemetry; frame_behavior; structure_combo,strong_eye_source_hits_7; weak_xr_or_state_hits_14; validity_or_gating_hits_21; strong_pose_or_ray_construction_hits_21; ray_or_cast_sink_hits_11; ui_or_gameplay_sink_hits_13; strong_file_logging_hits_11; telemetry_or_network_hits_21; frame_or_lifecycle_behavior; source_validity_pose_sink_structure; strong_eye_source_validity_pose_sink_structure; functionality_gaze_retrieval_or_extraction; functionality_gaze_interaction_hits_20; functionality_data_collection_or_telemetry_hits_21,base_scanner_score_280; module_bonus_validity_gate_8; module_bonus_pose_vector_10; module_bonus_ray_interaction_15; module_bonus_ui_interaction_12; module_bonus_data_collection_22; module_bonus_telemetry_20; module_bonus_frame_behavior_5; module_bonus_structure_combo_18; evidence_bonus_telemetry_or_network_hits_12; sensitive_sink_data_collection_bonus_15; sensitive_sink_telemetry_bonus_15; keyword_support_eye_or_gaze_5_bonus_20; keyword_support_sdk_4_bonus_12; keyword_support_collection_or_telemetry_4_bonus_16,C:\realDesktop\manifest-evaluations\summer-26\ghidra-pipeline\il2cpp-files\Lovesick\general-structure-results\90_plus_uncertain_gaze_interaction_near_certain\0172c0c8_Newtonsoft.Json.JsonTextWriter$$EnsureWriteBuffer.c,C:\realDesktop\manifest-evaluations\summer-26\ghidra-pipeline\il2cpp-files\Lovesick\manual-review-pack\A_must_review\092_p480_Newtonsoft.Json.JsonTextWriter$$EnsureWriteBuffer.c
93,480,A_must_review,Newtonsoft.Json.JsonTextWriter$$EnsureWriteBuffer,0172ce40,280,90_plus_uncertain_gaze_interaction_near_certain,eye_source; weak_source_state; validity_gate; pose_vector; ray_interaction; ui_interaction; data_collection; telemetry; frame_behavior; structure_combo,strong_eye_source_hits_5; weak_xr_or_state_hits_10; validity_or_gating_hits_21; strong_pose_or_ray_construction_hits_20; ray_or_cast_sink_hits_7; ui_or_gameplay_sink_hits_8; strong_file_logging_hits_8; telemetry_or_network_hits_13; frame_or_lifecycle_behavior; source_validity_pose_sink_structure; strong_eye_source_validity_pose_sink_structure; functionality_gaze_retrieval_or_extraction; functionality_gaze_interaction_hits_12; functionality_data_collection_or_telemetry_hits_19,base_scanner_score_280; module_bonus_validity_gate_8; module_bonus_pose_vector_10; module_bonus_ray_interaction_15; module_bonus_ui_interaction_12; module_bonus_data_collection_22; module_bonus_telemetry_20; module_bonus_frame_behavior_5; module_bonus_structure_combo_18; evidence_bonus_telemetry_or_network_hits_12; sensitive_sink_data_collection_bonus_15; sensitive_sink_telemetry_bonus_15; keyword_support_eye_or_gaze_5_bonus_20; keyword_support_sdk_4_bonus_12; keyword_support_collection_or_telemetry_4_bonus_16,C:\realDesktop\manifest-evaluations\summer-26\ghidra-pipeline\il2cpp-files\Lovesick\general-structure-results\90_plus_uncertain_gaze_interaction_near_certain\0172ce40_Newtonsoft.Json.JsonTextWriter$$EnsureWriteBuffer.c,C:\realDesktop\manifest-evaluations\summer-26\ghidra-pipeline\il2cpp-files\Lovesick\manual-review-pack\A_must_review\093_p480_Newtonsoft.Json.JsonTextWriter$$EnsureWriteBuffer.c
94,480,A_must_review,Newtonsoft.Json.JsonTextWriter$$DoWriteValueAsync,0172b820,280,90_plus_uncertain_gaze_interaction_near_certain,eye_source; weak_source_state; validity_gate; pose_vector; ray_interaction; ui_interaction; data_collection; telemetry; frame_behavior; structure_combo,strong_eye_source_hits_9; weak_xr_or_state_hits_19; validity_or_gating_hits_21; strong_pose_or_ray_construction_hits_21; ray_or_cast_sink_hits_13; ui_or_gameplay_sink_hits_16; strong_file_logging_hits_13; telemetry_or_network_hits_21; frame_or_lifecycle_behavior; source_validity_pose_sink_structure; strong_eye_source_validity_pose_sink_structure; functionality_gaze_retrieval_or_extraction; functionality_gaze_interaction_hits_21; functionality_data_collection_or_telemetry_hits_21,base_scanner_score_280; module_bonus_validity_gate_8; module_bonus_pose_vector_10; module_bonus_ray_interaction_15; module_bonus_ui_interaction_12; module_bonus_data_collection_22; module_bonus_telemetry_20; module_bonus_frame_behavior_5; module_bonus_structure_combo_18; evidence_bonus_telemetry_or_network_hits_12; sensitive_sink_data_collection_bonus_15; sensitive_sink_telemetry_bonus_15; keyword_support_eye_or_gaze_5_bonus_20; keyword_support_sdk_4_bonus_12; keyword_support_collection_or_telemetry_4_bonus_16,C:\realDesktop\manifest-evaluations\summer-26\ghidra-pipeline\il2cpp-files\Lovesick\general-structure-results\90_plus_uncertain_gaze_interaction_near_certain\0172b820_Newtonsoft.Json.JsonTextWriter$$DoWriteValueAsync.c,C:\realDesktop\manifest-evaluations\summer-26\ghidra-pipeline\il2cpp-files\Lovesick\manual-review-pack\A_must_review\094_p480_Newtonsoft.Json.JsonTextWriter$$DoWriteValueAsync.c
95,480,A_must_review,Newtonsoft.Json.JsonTextWriter$$DoWriteValueAsync,0172bcc8,280,90_plus_uncertain_gaze_interaction_near_certain,eye_source; weak_source_state; validity_gate; pose_vector; ray_interaction; ui_interaction; data_collection; telemetry; frame_behavior; structure_combo,strong_eye_source_hits_7; weak_xr_or_state_hits_16; validity_or_gating_hits_21; strong_pose_or_ray_construction_hits_21; ray_or_cast_sink_hits_11; ui_or_gameplay_sink_hits_14; strong_file_logging_hits_11; telemetry_or_network_hits_21; frame_or_lifecycle_behavior; source_validity_pose_sink_structure; strong_eye_source_validity_pose_sink_structure; functionality_gaze_retrieval_or_extraction; functionality_gaze_interaction_hits_21; functionality_data_collection_or_telemetry_hits_21,base_scanner_score_280; module_bonus_validity_gate_8; module_bonus_pose_vector_10; module_bonus_ray_interaction_15; module_bonus_ui_interaction_12; module_bonus_data_collection_22; module_bonus_telemetry_20; module_bonus_frame_behavior_5; module_bonus_structure_combo_18; evidence_bonus_telemetry_or_network_hits_12; sensitive_sink_data_collection_bonus_15; sensitive_sink_telemetry_bonus_15; keyword_support_eye_or_gaze_5_bonus_20; keyword_support_sdk_4_bonus_12; keyword_support_collection_or_telemetry_4_bonus_16,C:\realDesktop\manifest-evaluations\summer-26\ghidra-pipeline\il2cpp-files\Lovesick\general-structure-results\90_plus_uncertain_gaze_interaction_near_certain\0172bcc8_Newtonsoft.Json.JsonTextWriter$$DoWriteValueAsync.c,C:\realDesktop\manifest-evaluations\summer-26\ghidra-pipeline\il2cpp-files\Lovesick\manual-review-pack\A_must_review\095_p480_Newtonsoft.Json.JsonTextWriter$$DoWriteValueAsync.c
96,480,A_must_review,Newtonsoft.Json.JsonTextWriter$$DoWriteRawValueAsync,0172bf0c,280,90_plus_uncertain_gaze_interaction_near_certain,eye_source; weak_source_state; validity_gate; pose_vector; ray_interaction; ui_interaction; data_collection; telemetry; frame_behavior; structure_combo,strong_eye_source_hits_7; weak_xr_or_state_hits_15; validity_or_gating_hits_21; strong_pose_or_ray_construction_hits_21; ray_or_cast_sink_hits_11; ui_or_gameplay_sink_hits_13; strong_file_logging_hits_11; telemetry_or_network_hits_21; frame_or_lifecycle_behavior; source_validity_pose_sink_structure; strong_eye_source_validity_pose_sink_structure; functionality_gaze_retrieval_or_extraction; functionality_gaze_interaction_hits_20; functionality_data_collection_or_telemetry_hits_21,base_scanner_score_280; module_bonus_validity_gate_8; module_bonus_pose_vector_10; module_bonus_ray_interaction_15; module_bonus_ui_interaction_12; module_bonus_data_collection_22; module_bonus_telemetry_20; module_bonus_frame_behavior_5; module_bonus_structure_combo_18; evidence_bonus_telemetry_or_network_hits_12; sensitive_sink_data_collection_bonus_15; sensitive_sink_telemetry_bonus_15; keyword_support_eye_or_gaze_5_bonus_20; keyword_support_sdk_4_bonus_12; keyword_support_collection_or_telemetry_4_bonus_16,C:\realDesktop\manifest-evaluations\summer-26\ghidra-pipeline\il2cpp-files\Lovesick\general-structure-results\90_plus_uncertain_gaze_interaction_near_certain\0172bf0c_Newtonsoft.Json.JsonTextWriter$$DoWriteRawValueAsync.c,C:\realDesktop\manifest-evaluations\summer-26\ghidra-pipeline\il2cpp-files\Lovesick\manual-review-pack\A_must_review\096_p480_Newtonsoft.Json.JsonTextWriter$$DoWriteRawValueAsync.c
97,480,A_must_review,Newtonsoft.Json.JsonTextWriter$$DoWriteRawValueAsync,0172bfd8,280,90_plus_uncertain_gaze_interaction_near_certain,eye_source; weak_source_state; validity_gate; pose_vector; ray_interaction; ui_interaction; data_collection; telemetry; frame_behavior; structure_combo,strong_eye_source_hits_7; weak_xr_or_state_hits_14; validity_or_gating_hits_21; strong_pose_or_ray_construction_hits_21; ray_or_cast_sink_hits_11; ui_or_gameplay_sink_hits_13; strong_file_logging_hits_11; telemetry_or_network_hits_21; frame_or_lifecycle_behavior; source_validity_pose_sink_structure; strong_eye_source_validity_pose_sink_structure; functionality_gaze_retrieval_or_extraction; functionality_gaze_interaction_hits_20; functionality_data_collection_or_telemetry_hits_21,base_scanner_score_280; module_bonus_validity_gate_8; module_bonus_pose_vector_10; module_bonus_ray_interaction_15; module_bonus_ui_interaction_12; module_bonus_data_collection_22; module_bonus_telemetry_20; module_bonus_frame_behavior_5; module_bonus_structure_combo_18; evidence_bonus_telemetry_or_network_hits_12; sensitive_sink_data_collection_bonus_15; sensitive_sink_telemetry_bonus_15; keyword_support_eye_or_gaze_5_bonus_20; keyword_support_sdk_4_bonus_12; keyword_support_collection_or_telemetry_4_bonus_16,C:\realDesktop\manifest-evaluations\summer-26\ghidra-pipeline\il2cpp-files\Lovesick\general-structure-results\90_plus_uncertain_gaze_interaction_near_certain\0172bfd8_Newtonsoft.Json.JsonTextWriter$$DoWriteRawValueAsync.c,C:\realDesktop\manifest-evaluations\summer-26\ghidra-pipeline\il2cpp-files\Lovesick\manual-review-pack\A_must_review\097_p480_Newtonsoft.Json.JsonTextWriter$$DoWriteRawValueAsync.c
98,480,A_must_review,Newtonsoft.Json.JsonTextWriter$$DoWriteCommentAsync,0172bdac,280,90_plus_uncertain_gaze_interaction_near_certain,eye_source; weak_source_state; validity_gate; pose_vector; ray_interaction; ui_interaction; data_collection; telemetry; frame_behavior; structure_combo,strong_eye_source_hits_7; weak_xr_or_state_hits_16; validity_or_gating_hits_21; strong_pose_or_ray_construction_hits_21; ray_or_cast_sink_hits_11; ui_or_gameplay_sink_hits_13; strong_file_logging_hits_11; telemetry_or_network_hits_21; frame_or_lifecycle_behavior; source_validity_pose_sink_structure; strong_eye_source_validity_pose_sink_structure; functionality_gaze_retrieval_or_extraction; functionality_gaze_interaction_hits_20; functionality_data_collection_or_telemetry_hits_21,base_scanner_score_280; module_bonus_validity_gate_8; module_bonus_pose_vector_10; module_bonus_ray_interaction_15; module_bonus_ui_interaction_12; module_bonus_data_collection_22; module_bonus_telemetry_20; module_bonus_frame_behavior_5; module_bonus_structure_combo_18; evidence_bonus_telemetry_or_network_hits_12; sensitive_sink_data_collection_bonus_15; sensitive_sink_telemetry_bonus_15; keyword_support_eye_or_gaze_5_bonus_20; keyword_support_sdk_4_bonus_12; keyword_support_collection_or_telemetry_4_bonus_16,C:\realDesktop\manifest-evaluations\summer-26\ghidra-pipeline\il2cpp-files\Lovesick\general-structure-results\90_plus_uncertain_gaze_interaction_near_certain\0172bdac_Newtonsoft.Json.JsonTextWriter$$DoWriteCommentAsync.c,C:\realDesktop\manifest-evaluations\summer-26\ghidra-pipeline\il2cpp-files\Lovesick\manual-review-pack\A_must_review\098_p480_Newtonsoft.Json.JsonTextWriter$$DoWriteCommentAsync.c
99,480,A_must_review,Newtonsoft.Json.JsonTextWriter$$.ctor,0172c3c0,280,90_plus_uncertain_gaze_interaction_near_certain,eye_source; weak_source_state; validity_gate; pose_vector; ray_interaction; ui_interaction; data_collection; telemetry; frame_behavior; structure_combo,strong_eye_source_hits_7; weak_xr_or_state_hits_13; validity_or_gating_hits_21; strong_pose_or_ray_construction_hits_21; ray_or_cast_sink_hits_9; ui_or_gameplay_sink_hits_10; strong_file_logging_hits_11; telemetry_or_network_hits_18; frame_or_lifecycle_behavior; source_validity_pose_sink_structure; strong_eye_source_validity_pose_sink_structure; functionality_gaze_retrieval_or_extraction; functionality_gaze_interaction_hits_15; functionality_data_collection_or_telemetry_hits_21,base_scanner_score_280; module_bonus_validity_gate_8; module_bonus_pose_vector_10; module_bonus_ray_interaction_15; module_bonus_ui_interaction_12; module_bonus_data_collection_22; module_bonus_telemetry_20; module_bonus_frame_behavior_5; module_bonus_structure_combo_18; evidence_bonus_telemetry_or_network_hits_12; sensitive_sink_data_collection_bonus_15; sensitive_sink_telemetry_bonus_15; keyword_support_eye_or_gaze_5_bonus_20; keyword_support_sdk_4_bonus_12; keyword_support_collection_or_telemetry_4_bonus_16,C:\realDesktop\manifest-evaluations\summer-26\ghidra-pipeline\il2cpp-files\Lovesick\general-structure-results\90_plus_uncertain_gaze_interaction_near_certain\0172c3c0_Newtonsoft.Json.JsonTextWriter$$.ctor.c,C:\realDesktop\manifest-evaluations\summer-26\ghidra-pipeline\il2cpp-files\Lovesick\manual-review-pack\A_must_review\099_p480_Newtonsoft.Json.JsonTextWriter$$.ctor.c
100,480,A_must_review,FUN_01d1c1d8,01d1c1d8,280,90_plus_uncertain_gaze_interaction_near_certain,eye_source; weak_source_state; validity_gate; pose_vector; ray_interaction; ui_interaction; data_collection; telemetry; frame_behavior; structure_combo,strong_eye_source_hits_4; weak_xr_or_state_hits_8; validity_or_gating_hits_10; strong_pose_or_ray_construction_hits_16; ray_or_cast_sink_hits_18; ui_or_gameplay_sink_hits_12; strong_file_logging_hits_4; telemetry_or_network_hits_8; frame_or_lifecycle_behavior; source_validity_pose_sink_structure; strong_eye_source_validity_pose_sink_structure; functionality_gaze_retrieval_or_extraction; functionality_gaze_interaction_hits_21; functionality_data_collection_or_telemetry_hits_8,base_scanner_score_280; module_bonus_validity_gate_8; module_bonus_pose_vector_10; module_bonus_ray_interaction_15; module_bonus_ui_interaction_12; module_bonus_data_collection_22; module_bonus_telemetry_20; module_bonus_frame_behavior_5; module_bonus_structure_combo_18; evidence_bonus_telemetry_or_network_hits_12; sensitive_sink_data_collection_bonus_15; sensitive_sink_telemetry_bonus_15; keyword_support_eye_or_gaze_5_bonus_20; keyword_support_sdk_4_bonus_12; keyword_support_collection_or_telemetry_4_bonus_16,C:\realDesktop\manifest-evaluations\summer-26\ghidra-pipeline\il2cpp-files\Lovesick\general-structure-results\90_plus_uncertain_gaze_interaction_near_certain\01d1c1d8_FUN_01d1c1d8.c,C:\realDesktop\manifest-evaluations\summer-26\ghidra-pipeline\il2cpp-files\Lovesick\manual-review-pack\A_must_review\100_p480_FUN_01d1c1d8.c
