apk,txt_file,category,category_confidence,term,example_count
AR-toolkit-decoded,normalized/ascii/lib__arm64-v8a__libil2cpp.so.txt,Foveated Rendering,medium,foveat,21
AR-toolkit-decoded,normalized/ascii/lib__arm64-v8a__libil2cpp.so.txt,Foveated Rendering,high,foveated,5
AR-toolkit-decoded,normalized/ascii/lib__arm64-v8a__libil2cpp.so.txt,Foveated Rendering,high,foveation,18
AR-toolkit-decoded,normalized/ascii/lib__arm64-v8a__libil2cpp.so.txt,Foveated Rendering,medium,MetaGetEyeTrackedFoveationSupported,1
AR-toolkit-decoded,normalized/ascii/lib__arm64-v8a__libil2cpp.so.txt,Foveated Rendering,medium,MetaGetFoveationEyeTracked,1
AR-toolkit-decoded,normalized/ascii/lib__arm64-v8a__libil2cpp.so.txt,Foveated Rendering,medium,MetaSetFoveationEyeTracked,1
AR-toolkit-decoded,normalized/ascii/lib__arm64-v8a__libil2cpp.so.txt,Foveated Rendering,medium,ovrp_SetFoveationEyeTracked,1
AR-toolkit-decoded,normalized/ascii/lib__arm64-v8a__libil2cpp.so.txt,Eye-Tracking Enablement,high,EyeTracked,6
AR-toolkit-decoded,normalized/ascii/lib__arm64-v8a__libil2cpp.so.txt,Eye-Tracking Enablement,high,eyeTrackingSupported,1
AR-toolkit-decoded,normalized/ascii/lib__arm64-v8a__libil2cpp.so.txt,Raw Data Collection,high,ovrp_GetEyeGazesState,1
AR-toolkit-decoded,normalized/ascii/lib__arm64-v8a__libil2cpp.so.txt,Raw Data Collection,medium,ovrp_GetEyeTrackingEnabled,1
AR-toolkit-decoded,normalized/ascii/lib__arm64-v8a__libOVRPlugin.so.txt,Eye-Tracking Enablement,high,eye tracking,2
AR-toolkit-decoded,normalized/ascii/lib__arm64-v8a__libOVRPlugin.so.txt,Foveated Rendering,medium,foveat,25
AR-toolkit-decoded,normalized/ascii/lib__arm64-v8a__libOVRPlugin.so.txt,Foveated Rendering,high,foveated,1
AR-toolkit-decoded,normalized/ascii/lib__arm64-v8a__libOVRPlugin.so.txt,Foveated Rendering,high,foveation,25
AR-toolkit-decoded,normalized/ascii/lib__arm64-v8a__libOVRPlugin.so.txt,Foveated Rendering,medium,xrGetFoveationEyeTrackedStateMETA,2
AR-toolkit-decoded,normalized/ascii/lib__arm64-v8a__libOVRPlugin.so.txt,Foveated Rendering,medium,ovrp_SetFoveationEyeTracked,1
AR-toolkit-decoded,normalized/ascii/lib__arm64-v8a__libOVRPlugin.so.txt,Foveated Rendering,medium,ovrp_GetFoveationEyeTrackedCenter,1
AR-toolkit-decoded,normalized/ascii/lib__arm64-v8a__libOVRPlugin.so.txt,Foveated Rendering,medium,GetFoveationEyeTrackedCenter(),2
AR-toolkit-decoded,normalized/ascii/lib__arm64-v8a__libOVRPlugin.so.txt,Eye-Tracking Enablement,high,EyeTracked,9
AR-toolkit-decoded,normalized/ascii/lib__arm64-v8a__libOVRPlugin.so.txt,Eye-Tracking Enablement,high,eyeTrackingSupported,2
AR-toolkit-decoded,normalized/ascii/lib__arm64-v8a__libOVRPlugin.so.txt,Raw Data Collection,high,ovrp_GetEyeGazesState,1
AR-toolkit-decoded,normalized/ascii/lib__arm64-v8a__libOVRPlugin.so.txt,Raw Data Collection,medium,ovrp_GetEyeTrackingEnabled,1
AR-toolkit-decoded,normalized/ascii/lib__arm64-v8a__libunity.so.txt,Foveated Rendering,medium,foveat,25
AR-toolkit-decoded,normalized/ascii/lib__arm64-v8a__libunity.so.txt,Foveated Rendering,high,foveated,17
AR-toolkit-decoded,normalized/ascii/lib__arm64-v8a__libunity.so.txt,Foveated Rendering,high,foveation,9
AR-toolkit-decoded,normalized/ascii/lib__arm64-v8a__libUnityMockHMD.so.txt,Foveated Rendering,medium,foveat,1
AR-toolkit-decoded,normalized/ascii/lib__arm64-v8a__libUnityMockHMD.so.txt,Foveated Rendering,high,foveation,1
AR-toolkit-decoded,normalized/ascii/lib__arm64-v8a__libUnityOpenXR.so.txt,Foveated Rendering,medium,foveat,25
AR-toolkit-decoded,normalized/ascii/lib__arm64-v8a__libUnityOpenXR.so.txt,Foveated Rendering,high,foveated,3
AR-toolkit-decoded,normalized/ascii/lib__arm64-v8a__libUnityOpenXR.so.txt,Foveated Rendering,high,foveation,25
AR-toolkit-decoded,normalized/ascii/lib__arm64-v8a__libUnityOpenXR.so.txt,Foveated Rendering,medium,MetaGetEyeTrackedFoveationSupported,1
AR-toolkit-decoded,normalized/ascii/lib__arm64-v8a__libUnityOpenXR.so.txt,Foveated Rendering,medium,MetaGetFoveationEyeTracked,1
AR-toolkit-decoded,normalized/ascii/lib__arm64-v8a__libUnityOpenXR.so.txt,Foveated Rendering,medium,MetaSetFoveationEyeTracked,1
AR-toolkit-decoded,normalized/ascii/lib__arm64-v8a__libUnityOpenXR.so.txt,Foveated Rendering,medium,xrGetFoveationEyeTrackedStateMETA,1
AR-toolkit-decoded,normalized/ascii/lib__arm64-v8a__libUnityOpenXR.so.txt,Eye-Tracking Enablement,high,EyeTracked,4
arkio-decoded,normalized/ascii/lib__arm64-v8a__libil2cpp.so.txt,Foveated Rendering,medium,foveat,9
arkio-decoded,normalized/ascii/lib__arm64-v8a__libil2cpp.so.txt,Foveated Rendering,high,foveated,6
arkio-decoded,normalized/ascii/lib__arm64-v8a__libil2cpp.so.txt,Foveated Rendering,high,foveation,3
arkio-decoded,normalized/ascii/lib__arm64-v8a__libil2cpp.so.txt,Foveated Rendering,medium,GetEyeTrackedFoveatedRenderingEnabled,1
arkio-decoded,normalized/ascii/lib__arm64-v8a__libil2cpp.so.txt,Foveated Rendering,medium,GetEyeTrackedFoveatedRenderingSupported,1
arkio-decoded,normalized/ascii/lib__arm64-v8a__libil2cpp.so.txt,Foveated Rendering,medium,SetEyeTrackedFoveatedRenderingEnabled,1
arkio-decoded,normalized/ascii/lib__arm64-v8a__libil2cpp.so.txt,Foveated Rendering,medium,ovrp_SetFoveationEyeTracked,1
arkio-decoded,normalized/ascii/lib__arm64-v8a__libil2cpp.so.txt,Foveated Rendering,medium,SetEyeTrackedFoveatedRenderingEnabled,1
arkio-decoded,normalized/ascii/lib__arm64-v8a__libil2cpp.so.txt,Foveated Rendering,medium,GetEyeTrackedFoveatedRenderingSupported,1
arkio-decoded,normalized/ascii/lib__arm64-v8a__libil2cpp.so.txt,Eye-Tracking Enablement,high,EyeTracked,6
arkio-decoded,normalized/ascii/lib__arm64-v8a__libil2cpp.so.txt,Eye-Tracking Enablement,high,eyeTrackingSupported,1
arkio-decoded,normalized/ascii/lib__arm64-v8a__libil2cpp.so.txt,Raw Data Collection,high,ovrp_GetEyeGazesState,1
arkio-decoded,normalized/ascii/lib__arm64-v8a__libil2cpp.so.txt,Raw Data Collection,medium,ovrp_GetEyeTrackingEnabled,1
arkio-decoded,normalized/ascii/lib__arm64-v8a__libOculusXRPlugin.so.txt,Foveated Rendering,medium,foveat,21
arkio-decoded,normalized/ascii/lib__arm64-v8a__libOculusXRPlugin.so.txt,Foveated Rendering,high,foveated,13
arkio-decoded,normalized/ascii/lib__arm64-v8a__libOculusXRPlugin.so.txt,Foveated Rendering,high,foveation,10
arkio-decoded,normalized/ascii/lib__arm64-v8a__libOculusXRPlugin.so.txt,Foveated Rendering,medium,GetEyeTrackedFoveatedRenderingEnabled,1
arkio-decoded,normalized/ascii/lib__arm64-v8a__libOculusXRPlugin.so.txt,Foveated Rendering,medium,GetEyeTrackedFoveatedRenderingSupported,1
arkio-decoded,normalized/ascii/lib__arm64-v8a__libOculusXRPlugin.so.txt,Foveated Rendering,medium,SetEyeTrackedFoveatedRenderingEnabled,1
arkio-decoded,normalized/ascii/lib__arm64-v8a__libOculusXRPlugin.so.txt,Foveated Rendering,medium,ovrp_SetFoveationEyeTracked,1
arkio-decoded,normalized/ascii/lib__arm64-v8a__libOculusXRPlugin.so.txt,Foveated Rendering,medium,ovrp_GetFoveationEyeTrackedCenter,1
arkio-decoded,normalized/ascii/lib__arm64-v8a__libOculusXRPlugin.so.txt,Foveated Rendering,medium,SetEyeTrackedFoveatedRenderingEnabled,1
arkio-decoded,normalized/ascii/lib__arm64-v8a__libOculusXRPlugin.so.txt,Foveated Rendering,medium,GetEyeTrackedFoveatedRenderingSupported,1
arkio-decoded,normalized/ascii/lib__arm64-v8a__libOculusXRPlugin.so.txt,Eye-Tracking Enablement,high,EyeTracked,9
arkio-decoded,normalized/ascii/lib__arm64-v8a__libovravatar2.so.txt,Biometric Signals & Metrics,medium,saccade,2
arkio-decoded,normalized/ascii/lib__arm64-v8a__libOVRPlugin.so.txt,Eye-Tracking Enablement,high,eye tracking,2
arkio-decoded,normalized/ascii/lib__arm64-v8a__libOVRPlugin.so.txt,Foveated Rendering,medium,foveat,25
arkio-decoded,normalized/ascii/lib__arm64-v8a__libOVRPlugin.so.txt,Foveated Rendering,high,foveated,1
arkio-decoded,normalized/ascii/lib__arm64-v8a__libOVRPlugin.so.txt,Foveated Rendering,high,foveation,25
arkio-decoded,normalized/ascii/lib__arm64-v8a__libOVRPlugin.so.txt,Foveated Rendering,medium,xrGetFoveationEyeTrackedStateMETA,2
arkio-decoded,normalized/ascii/lib__arm64-v8a__libOVRPlugin.so.txt,Foveated Rendering,medium,ovrp_SetFoveationEyeTracked,1
arkio-decoded,normalized/ascii/lib__arm64-v8a__libOVRPlugin.so.txt,Foveated Rendering,medium,ovrp_GetFoveationEyeTrackedCenter,1
arkio-decoded,normalized/ascii/lib__arm64-v8a__libOVRPlugin.so.txt,Foveated Rendering,medium,GetFoveationEyeTrackedCenter(),2
arkio-decoded,normalized/ascii/lib__arm64-v8a__libOVRPlugin.so.txt,Eye-Tracking Enablement,high,EyeTracked,9
arkio-decoded,normalized/ascii/lib__arm64-v8a__libOVRPlugin.so.txt,Eye-Tracking Enablement,high,eyeTrackingSupported,2
arkio-decoded,normalized/ascii/lib__arm64-v8a__libOVRPlugin.so.txt,Raw Data Collection,high,ovrp_GetEyeGazesState,1
arkio-decoded,normalized/ascii/lib__arm64-v8a__libOVRPlugin.so.txt,Raw Data Collection,medium,ovrp_GetEyeTrackingEnabled,1
arkio-decoded,normalized/ascii/lib__arm64-v8a__libovrplugintracking.so.txt,Raw Data Collection,high,ovrp_GetEyeGazesState,1
arkio-decoded,normalized/ascii/lib__arm64-v8a__libovrplugintracking.so.txt,Raw Data Collection,medium,ovrp_GetEyeTrackingEnabled,1
arkio-decoded,normalized/ascii/lib__arm64-v8a__libunity.so.txt,Foveated Rendering,medium,foveat,25
arkio-decoded,normalized/ascii/lib__arm64-v8a__libunity.so.txt,Foveated Rendering,high,foveated,17
arkio-decoded,normalized/ascii/lib__arm64-v8a__libunity.so.txt,Foveated Rendering,high,foveation,9
arkio-decoded,normalized/ascii/lib__arm64-v8a__libxrtracking.so.txt,Eye-Tracking Enablement,high,eye tracking,1
arthur-decoded,normalized/ascii/lib__arm64-v8a__libil2cpp.so.txt,Foveated Rendering,medium,foveat,9
arthur-decoded,normalized/ascii/lib__arm64-v8a__libil2cpp.so.txt,Foveated Rendering,high,foveated,6
arthur-decoded,normalized/ascii/lib__arm64-v8a__libil2cpp.so.txt,Foveated Rendering,high,foveation,3
arthur-decoded,normalized/ascii/lib__arm64-v8a__libil2cpp.so.txt,Foveated Rendering,medium,GetEyeTrackedFoveatedRenderingEnabled,1
arthur-decoded,normalized/ascii/lib__arm64-v8a__libil2cpp.so.txt,Foveated Rendering,medium,GetEyeTrackedFoveatedRenderingSupported,1
arthur-decoded,normalized/ascii/lib__arm64-v8a__libil2cpp.so.txt,Foveated Rendering,medium,SetEyeTrackedFoveatedRenderingEnabled,1
arthur-decoded,normalized/ascii/lib__arm64-v8a__libil2cpp.so.txt,Foveated Rendering,medium,ovrp_SetFoveationEyeTracked,1
arthur-decoded,normalized/ascii/lib__arm64-v8a__libil2cpp.so.txt,Foveated Rendering,medium,SetEyeTrackedFoveatedRenderingEnabled,1
arthur-decoded,normalized/ascii/lib__arm64-v8a__libil2cpp.so.txt,Foveated Rendering,medium,GetEyeTrackedFoveatedRenderingSupported,1
arthur-decoded,normalized/ascii/lib__arm64-v8a__libil2cpp.so.txt,Eye-Tracking Enablement,high,EyeTracked,6
arthur-decoded,normalized/ascii/lib__arm64-v8a__libil2cpp.so.txt,Eye-Tracking Enablement,high,eyeTrackingSupported,1
arthur-decoded,normalized/ascii/lib__arm64-v8a__libil2cpp.so.txt,Raw Data Collection,high,ovrp_GetEyeGazesState,1
arthur-decoded,normalized/ascii/lib__arm64-v8a__libil2cpp.so.txt,Raw Data Collection,medium,ovrp_GetEyeTrackingEnabled,1
arthur-decoded,normalized/ascii/lib__arm64-v8a__libOculusXRPlugin.so.txt,Foveated Rendering,medium,foveat,21
arthur-decoded,normalized/ascii/lib__arm64-v8a__libOculusXRPlugin.so.txt,Foveated Rendering,high,foveated,13
arthur-decoded,normalized/ascii/lib__arm64-v8a__libOculusXRPlugin.so.txt,Foveated Rendering,high,foveation,10
arthur-decoded,normalized/ascii/lib__arm64-v8a__libOculusXRPlugin.so.txt,Foveated Rendering,medium,GetEyeTrackedFoveatedRenderingEnabled,1
arthur-decoded,normalized/ascii/lib__arm64-v8a__libOculusXRPlugin.so.txt,Foveated Rendering,medium,GetEyeTrackedFoveatedRenderingSupported,1
arthur-decoded,normalized/ascii/lib__arm64-v8a__libOculusXRPlugin.so.txt,Foveated Rendering,medium,SetEyeTrackedFoveatedRenderingEnabled,1
arthur-decoded,normalized/ascii/lib__arm64-v8a__libOculusXRPlugin.so.txt,Foveated Rendering,medium,ovrp_SetFoveationEyeTracked,1
arthur-decoded,normalized/ascii/lib__arm64-v8a__libOculusXRPlugin.so.txt,Foveated Rendering,medium,ovrp_GetFoveationEyeTrackedCenter,1
arthur-decoded,normalized/ascii/lib__arm64-v8a__libOculusXRPlugin.so.txt,Foveated Rendering,medium,SetEyeTrackedFoveatedRenderingEnabled,1
arthur-decoded,normalized/ascii/lib__arm64-v8a__libOculusXRPlugin.so.txt,Foveated Rendering,medium,GetEyeTrackedFoveatedRenderingSupported,1
arthur-decoded,normalized/ascii/lib__arm64-v8a__libOculusXRPlugin.so.txt,Eye-Tracking Enablement,high,EyeTracked,9
arthur-decoded,normalized/ascii/lib__arm64-v8a__libovertoneruntime.so.txt,Biometric Signals & Metrics,high,attentionScore,2
arthur-decoded,normalized/ascii/lib__arm64-v8a__libOVRPlugin.so.txt,Eye-Tracking Enablement,high,eye tracking,2
arthur-decoded,normalized/ascii/lib__arm64-v8a__libOVRPlugin.so.txt,Foveated Rendering,medium,foveat,25
arthur-decoded,normalized/ascii/lib__arm64-v8a__libOVRPlugin.so.txt,Foveated Rendering,high,foveated,1
arthur-decoded,normalized/ascii/lib__arm64-v8a__libOVRPlugin.so.txt,Foveated Rendering,high,foveation,25
arthur-decoded,normalized/ascii/lib__arm64-v8a__libOVRPlugin.so.txt,Foveated Rendering,medium,xrGetFoveationEyeTrackedStateMETA,2
arthur-decoded,normalized/ascii/lib__arm64-v8a__libOVRPlugin.so.txt,Foveated Rendering,medium,ovrp_SetFoveationEyeTracked,1
arthur-decoded,normalized/ascii/lib__arm64-v8a__libOVRPlugin.so.txt,Foveated Rendering,medium,ovrp_GetFoveationEyeTrackedCenter,1
arthur-decoded,normalized/ascii/lib__arm64-v8a__libOVRPlugin.so.txt,Foveated Rendering,medium,GetFoveationEyeTrackedCenter(),2
arthur-decoded,normalized/ascii/lib__arm64-v8a__libOVRPlugin.so.txt,Eye-Tracking Enablement,high,EyeTracked,9
arthur-decoded,normalized/ascii/lib__arm64-v8a__libOVRPlugin.so.txt,Eye-Tracking Enablement,high,eyeTrackingSupported,2
arthur-decoded,normalized/ascii/lib__arm64-v8a__libOVRPlugin.so.txt,Raw Data Collection,high,ovrp_GetEyeGazesState,1
arthur-decoded,normalized/ascii/lib__arm64-v8a__libOVRPlugin.so.txt,Raw Data Collection,medium,ovrp_GetEyeTrackingEnabled,1
arthur-decoded,normalized/ascii/lib__arm64-v8a__libunity.so.txt,Foveated Rendering,medium,foveat,25
arthur-decoded,normalized/ascii/lib__arm64-v8a__libunity.so.txt,Foveated Rendering,high,foveated,17
arthur-decoded,normalized/ascii/lib__arm64-v8a__libunity.so.txt,Foveated Rendering,high,foveation,9
calculator-two-memory-cells-decoded,normalized/ascii/lib__arm64-v8a__libil2cpp.so.txt,Foveated Rendering,medium,foveat,14
calculator-two-memory-cells-decoded,normalized/ascii/lib__arm64-v8a__libil2cpp.so.txt,Foveated Rendering,high,foveated,8
calculator-two-memory-cells-decoded,normalized/ascii/lib__arm64-v8a__libil2cpp.so.txt,Foveated Rendering,high,foveation,8
calculator-two-memory-cells-decoded,normalized/ascii/lib__arm64-v8a__libil2cpp.so.txt,Foveated Rendering,medium,GetEyeTrackedFoveatedRenderingEnabled,1
calculator-two-memory-cells-decoded,normalized/ascii/lib__arm64-v8a__libil2cpp.so.txt,Foveated Rendering,medium,GetEyeTrackedFoveatedRenderingSupported,1
calculator-two-memory-cells-decoded,normalized/ascii/lib__arm64-v8a__libil2cpp.so.txt,Foveated Rendering,medium,SetEyeTrackedFoveatedRenderingEnabled,1
calculator-two-memory-cells-decoded,normalized/ascii/lib__arm64-v8a__libil2cpp.so.txt,Foveated Rendering,medium,SetEyeTrackedFoveatedRenderingEnabled,1
calculator-two-memory-cells-decoded,normalized/ascii/lib__arm64-v8a__libil2cpp.so.txt,Foveated Rendering,medium,GetEyeTrackedFoveatedRenderingSupported,1
calculator-two-memory-cells-decoded,normalized/ascii/lib__arm64-v8a__libil2cpp.so.txt,Eye-Tracking Enablement,high,EyeTracked,3
calculator-two-memory-cells-decoded,normalized/ascii/lib__arm64-v8a__libunity.so.txt,Foveated Rendering,medium,foveat,13
calculator-two-memory-cells-decoded,normalized/ascii/lib__arm64-v8a__libunity.so.txt,Foveated Rendering,high,foveated,10
calculator-two-memory-cells-decoded,normalized/ascii/lib__arm64-v8a__libunity.so.txt,Foveated Rendering,high,foveation,4
calculator-two-memory-cells-decoded,normalized/ascii/lib__arm64-v8a__libUnityARFoundationMeta.so.txt,Foveated Rendering,medium,foveat,14
calculator-two-memory-cells-decoded,normalized/ascii/lib__arm64-v8a__libUnityARFoundationMeta.so.txt,Foveated Rendering,high,foveated,3
calculator-two-memory-cells-decoded,normalized/ascii/lib__arm64-v8a__libUnityARFoundationMeta.so.txt,Foveated Rendering,high,foveation,11
calculator-two-memory-cells-decoded,normalized/ascii/lib__arm64-v8a__libUnityOpenXR.so.txt,Foveated Rendering,medium,foveat,25
calculator-two-memory-cells-decoded,normalized/ascii/lib__arm64-v8a__libUnityOpenXR.so.txt,Foveated Rendering,high,foveated,3
calculator-two-memory-cells-decoded,normalized/ascii/lib__arm64-v8a__libUnityOpenXR.so.txt,Foveated Rendering,high,foveation,25
calculator-two-memory-cells-decoded,normalized/ascii/lib__arm64-v8a__libUnityOpenXR.so.txt,Foveated Rendering,medium,MetaGetEyeTrackedFoveationSupported,1
calculator-two-memory-cells-decoded,normalized/ascii/lib__arm64-v8a__libUnityOpenXR.so.txt,Foveated Rendering,medium,MetaGetFoveationEyeTracked,1
calculator-two-memory-cells-decoded,normalized/ascii/lib__arm64-v8a__libUnityOpenXR.so.txt,Foveated Rendering,medium,MetaSetFoveationEyeTracked,1
calculator-two-memory-cells-decoded,normalized/ascii/lib__arm64-v8a__libUnityOpenXR.so.txt,Foveated Rendering,medium,xrGetFoveationEyeTrackedStateMETA,1
calculator-two-memory-cells-decoded,normalized/ascii/lib__arm64-v8a__libUnityOpenXR.so.txt,Eye-Tracking Enablement,high,EyeTracked,4
CapuCompany-decoded,normalized/ascii/lib__arm64-v8a__libil2cpp.so.txt,Foveated Rendering,medium,foveat,17
CapuCompany-decoded,normalized/ascii/lib__arm64-v8a__libil2cpp.so.txt,Foveated Rendering,high,foveated,4
CapuCompany-decoded,normalized/ascii/lib__arm64-v8a__libil2cpp.so.txt,Foveated Rendering,high,foveation,14
CapuCompany-decoded,normalized/ascii/lib__arm64-v8a__libil2cpp.so.txt,Foveated Rendering,medium,MetaGetEyeTrackedFoveationSupported,1
CapuCompany-decoded,normalized/ascii/lib__arm64-v8a__libil2cpp.so.txt,Foveated Rendering,medium,MetaGetFoveationEyeTracked,1
CapuCompany-decoded,normalized/ascii/lib__arm64-v8a__libil2cpp.so.txt,Foveated Rendering,medium,MetaSetFoveationEyeTracked,1
CapuCompany-decoded,normalized/ascii/lib__arm64-v8a__libil2cpp.so.txt,Foveated Rendering,medium,ovrp_SetFoveationEyeTracked,1
CapuCompany-decoded,normalized/ascii/lib__arm64-v8a__libil2cpp.so.txt,Eye-Tracking Enablement,high,EyeTracked,6
CapuCompany-decoded,normalized/ascii/lib__arm64-v8a__libil2cpp.so.txt,Eye-Tracking Enablement,high,eyeTrackingSupported,1
CapuCompany-decoded,normalized/ascii/lib__arm64-v8a__libil2cpp.so.txt,Raw Data Collection,high,ovrp_GetEyeGazesState,1
CapuCompany-decoded,normalized/ascii/lib__arm64-v8a__libil2cpp.so.txt,Raw Data Collection,medium,ovrp_GetEyeTrackingEnabled,1
CapuCompany-decoded,normalized/ascii/lib__arm64-v8a__libngfx.so.txt,Foveated Rendering,medium,foveat,14
CapuCompany-decoded,normalized/ascii/lib__arm64-v8a__libngfx.so.txt,Foveated Rendering,high,foveated,8
CapuCompany-decoded,normalized/ascii/lib__arm64-v8a__libngfx.so.txt,Foveated Rendering,high,foveation,6
CapuCompany-decoded,normalized/ascii/lib__arm64-v8a__libopenxr_runtime_debugger.so.txt,Foveated Rendering,medium,foveat,25
CapuCompany-decoded,normalized/ascii/lib__arm64-v8a__libopenxr_runtime_debugger.so.txt,Foveated Rendering,high,foveated,9
CapuCompany-decoded,normalized/ascii/lib__arm64-v8a__libopenxr_runtime_debugger.so.txt,Foveated Rendering,high,foveation,25
CapuCompany-decoded,normalized/ascii/lib__arm64-v8a__libopenxr_runtime_debugger.so.txt,Foveated Rendering,medium,xrGetFoveationEyeTrackedStateMETA,2
CapuCompany-decoded,normalized/ascii/lib__arm64-v8a__libopenxr_runtime_debugger.so.txt,Eye-Tracking Enablement,high,EyeTracked,6
CapuCompany-decoded,normalized/ascii/lib__arm64-v8a__libOVRPlugin.so.txt,Eye-Tracking Enablement,high,eye tracking,2
CapuCompany-decoded,normalized/ascii/lib__arm64-v8a__libOVRPlugin.so.txt,Foveated Rendering,medium,foveat,25
CapuCompany-decoded,normalized/ascii/lib__arm64-v8a__libOVRPlugin.so.txt,Foveated Rendering,high,foveated,1
CapuCompany-decoded,normalized/ascii/lib__arm64-v8a__libOVRPlugin.so.txt,Foveated Rendering,high,foveation,25
CapuCompany-decoded,normalized/ascii/lib__arm64-v8a__libOVRPlugin.so.txt,Foveated Rendering,medium,xrGetFoveationEyeTrackedStateMETA,2
CapuCompany-decoded,normalized/ascii/lib__arm64-v8a__libOVRPlugin.so.txt,Foveated Rendering,medium,ovrp_SetFoveationEyeTracked,1
CapuCompany-decoded,normalized/ascii/lib__arm64-v8a__libOVRPlugin.so.txt,Foveated Rendering,medium,ovrp_GetFoveationEyeTrackedCenter,1
CapuCompany-decoded,normalized/ascii/lib__arm64-v8a__libOVRPlugin.so.txt,Foveated Rendering,medium,GetFoveationEyeTrackedCenter(),2
CapuCompany-decoded,normalized/ascii/lib__arm64-v8a__libOVRPlugin.so.txt,Eye-Tracking Enablement,high,EyeTracked,9
CapuCompany-decoded,normalized/ascii/lib__arm64-v8a__libOVRPlugin.so.txt,Eye-Tracking Enablement,high,eyeTrackingSupported,2
CapuCompany-decoded,normalized/ascii/lib__arm64-v8a__libOVRPlugin.so.txt,Raw Data Collection,high,ovrp_GetEyeGazesState,1
CapuCompany-decoded,normalized/ascii/lib__arm64-v8a__libOVRPlugin.so.txt,Raw Data Collection,medium,ovrp_GetEyeTrackingEnabled,1
CapuCompany-decoded,normalized/ascii/lib__arm64-v8a__libunity.so.txt,Foveated Rendering,medium,foveat,25
CapuCompany-decoded,normalized/ascii/lib__arm64-v8a__libunity.so.txt,Foveated Rendering,high,foveated,17
CapuCompany-decoded,normalized/ascii/lib__arm64-v8a__libunity.so.txt,Foveated Rendering,high,foveation,9
CapuCompany-decoded,normalized/ascii/lib__arm64-v8a__libUnityOpenXR.so.txt,Foveated Rendering,medium,foveat,25
CapuCompany-decoded,normalized/ascii/lib__arm64-v8a__libUnityOpenXR.so.txt,Foveated Rendering,high,foveated,3
CapuCompany-decoded,normalized/ascii/lib__arm64-v8a__libUnityOpenXR.so.txt,Foveated Rendering,high,foveation,25
CapuCompany-decoded,normalized/ascii/lib__arm64-v8a__libUnityOpenXR.so.txt,Foveated Rendering,medium,MetaGetEyeTrackedFoveationSupported,1
CapuCompany-decoded,normalized/ascii/lib__arm64-v8a__libUnityOpenXR.so.txt,Foveated Rendering,medium,MetaGetFoveationEyeTracked,1
CapuCompany-decoded,normalized/ascii/lib__arm64-v8a__libUnityOpenXR.so.txt,Foveated Rendering,medium,MetaSetFoveationEyeTracked,1
CapuCompany-decoded,normalized/ascii/lib__arm64-v8a__libUnityOpenXR.so.txt,Foveated Rendering,medium,xrGetFoveationEyeTrackedStateMETA,1
CapuCompany-decoded,normalized/ascii/lib__arm64-v8a__libUnityOpenXR.so.txt,Eye-Tracking Enablement,high,EyeTracked,4
Convai-animation-capture-decoded,normalized/ascii/lib__arm64-v8a__libil2cpp.so.txt,Foveated Rendering,medium,foveat,7
Convai-animation-capture-decoded,normalized/ascii/lib__arm64-v8a__libil2cpp.so.txt,Foveated Rendering,high,foveated,3
Convai-animation-capture-decoded,normalized/ascii/lib__arm64-v8a__libil2cpp.so.txt,Foveated Rendering,high,foveation,4
Convai-animation-capture-decoded,normalized/ascii/lib__arm64-v8a__libil2cpp.so.txt,Foveated Rendering,medium,GetEyeTrackedFoveatedRenderingEnabled,1
Convai-animation-capture-decoded,normalized/ascii/lib__arm64-v8a__libil2cpp.so.txt,Foveated Rendering,medium,GetEyeTrackedFoveatedRenderingSupported,1
Convai-animation-capture-decoded,normalized/ascii/lib__arm64-v8a__libil2cpp.so.txt,Foveated Rendering,medium,SetEyeTrackedFoveatedRenderingEnabled,1
Convai-animation-capture-decoded,normalized/ascii/lib__arm64-v8a__libil2cpp.so.txt,Foveated Rendering,medium,ovrp_SetFoveationEyeTracked,1
Convai-animation-capture-decoded,normalized/ascii/lib__arm64-v8a__libil2cpp.so.txt,Foveated Rendering,medium,SetEyeTrackedFoveatedRenderingEnabled,1
Convai-animation-capture-decoded,normalized/ascii/lib__arm64-v8a__libil2cpp.so.txt,Foveated Rendering,medium,GetEyeTrackedFoveatedRenderingSupported,1
Convai-animation-capture-decoded,normalized/ascii/lib__arm64-v8a__libil2cpp.so.txt,Eye-Tracking Enablement,high,EyeTracked,6
Convai-animation-capture-decoded,normalized/ascii/lib__arm64-v8a__libil2cpp.so.txt,Eye-Tracking Enablement,high,eyeTrackingSupported,1
Convai-animation-capture-decoded,normalized/ascii/lib__arm64-v8a__libil2cpp.so.txt,Raw Data Collection,high,ovrp_GetEyeGazesState,1
Convai-animation-capture-decoded,normalized/ascii/lib__arm64-v8a__libil2cpp.so.txt,Raw Data Collection,medium,ovrp_GetEyeTrackingEnabled,1
Convai-animation-capture-decoded,normalized/ascii/lib__arm64-v8a__libOculusXRPlugin.so.txt,Foveated Rendering,medium,foveat,25
Convai-animation-capture-decoded,normalized/ascii/lib__arm64-v8a__libOculusXRPlugin.so.txt,Foveated Rendering,high,foveated,25
Convai-animation-capture-decoded,normalized/ascii/lib__arm64-v8a__libOculusXRPlugin.so.txt,Foveated Rendering,high,foveation,25
Convai-animation-capture-decoded,normalized/ascii/lib__arm64-v8a__libOculusXRPlugin.so.txt,Foveated Rendering,medium,GetEyeTrackedFoveatedRenderingEnabled,4
Convai-animation-capture-decoded,normalized/ascii/lib__arm64-v8a__libOculusXRPlugin.so.txt,Foveated Rendering,medium,GetEyeTrackedFoveatedRenderingSupported,4
Convai-animation-capture-decoded,normalized/ascii/lib__arm64-v8a__libOculusXRPlugin.so.txt,Foveated Rendering,medium,SetEyeTrackedFoveatedRenderingEnabled,4
Convai-animation-capture-decoded,normalized/ascii/lib__arm64-v8a__libOculusXRPlugin.so.txt,Foveated Rendering,medium,ovrp_SetFoveationEyeTracked,4
Convai-animation-capture-decoded,normalized/ascii/lib__arm64-v8a__libOculusXRPlugin.so.txt,Foveated Rendering,medium,ovrp_GetFoveationEyeTrackedCenter,4
Convai-animation-capture-decoded,normalized/ascii/lib__arm64-v8a__libOculusXRPlugin.so.txt,Foveated Rendering,medium,SetEyeTrackedFoveatedRenderingEnabled,4
Convai-animation-capture-decoded,normalized/ascii/lib__arm64-v8a__libOculusXRPlugin.so.txt,Foveated Rendering,medium,GetEyeTrackedFoveatedRenderingSupported,4
Convai-animation-capture-decoded,normalized/ascii/lib__arm64-v8a__libOculusXRPlugin.so.txt,Eye-Tracking Enablement,high,EyeTracked,25
Convai-animation-capture-decoded,normalized/ascii/lib__arm64-v8a__libOVRPlugin.so.txt,Eye-Tracking Enablement,high,eye tracking,2
Convai-animation-capture-decoded,normalized/ascii/lib__arm64-v8a__libOVRPlugin.so.txt,Foveated Rendering,medium,foveat,25
Convai-animation-capture-decoded,normalized/ascii/lib__arm64-v8a__libOVRPlugin.so.txt,Foveated Rendering,high,foveated,1
Convai-animation-capture-decoded,normalized/ascii/lib__arm64-v8a__libOVRPlugin.so.txt,Foveated Rendering,high,foveation,25
Convai-animation-capture-decoded,normalized/ascii/lib__arm64-v8a__libOVRPlugin.so.txt,Foveated Rendering,medium,xrGetFoveationEyeTrackedStateMETA,2
Convai-animation-capture-decoded,normalized/ascii/lib__arm64-v8a__libOVRPlugin.so.txt,Foveated Rendering,medium,ovrp_SetFoveationEyeTracked,1
Convai-animation-capture-decoded,normalized/ascii/lib__arm64-v8a__libOVRPlugin.so.txt,Foveated Rendering,medium,ovrp_GetFoveationEyeTrackedCenter,1
Convai-animation-capture-decoded,normalized/ascii/lib__arm64-v8a__libOVRPlugin.so.txt,Foveated Rendering,medium,GetFoveationEyeTrackedCenter(),2
Convai-animation-capture-decoded,normalized/ascii/lib__arm64-v8a__libOVRPlugin.so.txt,Eye-Tracking Enablement,high,EyeTracked,9
Convai-animation-capture-decoded,normalized/ascii/lib__arm64-v8a__libOVRPlugin.so.txt,Eye-Tracking Enablement,high,eyeTrackingSupported,2
Convai-animation-capture-decoded,normalized/ascii/lib__arm64-v8a__libOVRPlugin.so.txt,Raw Data Collection,high,ovrp_GetEyeGazesState,1
Convai-animation-capture-decoded,normalized/ascii/lib__arm64-v8a__libOVRPlugin.so.txt,Raw Data Collection,medium,ovrp_GetEyeTrackingEnabled,1
Convai-animation-capture-decoded,normalized/ascii/lib__arm64-v8a__libunity.so.txt,Foveated Rendering,medium,foveat,10
Convai-animation-capture-decoded,normalized/ascii/lib__arm64-v8a__libunity.so.txt,Foveated Rendering,high,foveated,7
Convai-animation-capture-decoded,normalized/ascii/lib__arm64-v8a__libunity.so.txt,Foveated Rendering,high,foveation,4
Convai-animation-capture-decoded,normalized/ascii/lib__arm64-v8a__libUnityMockHMD.so.txt,Foveated Rendering,medium,foveat,25
Convai-animation-capture-decoded,normalized/ascii/lib__arm64-v8a__libUnityMockHMD.so.txt,Foveated Rendering,high,foveated,22
Convai-animation-capture-decoded,normalized/ascii/lib__arm64-v8a__libUnityMockHMD.so.txt,Foveated Rendering,high,foveation,25
endless-climber-decoded,normalized/ascii/lib__arm64-v8a__libil2cpp.so.txt,Foveated Rendering,medium,foveat,18
endless-climber-decoded,normalized/ascii/lib__arm64-v8a__libil2cpp.so.txt,Foveated Rendering,high,foveated,5
endless-climber-decoded,normalized/ascii/lib__arm64-v8a__libil2cpp.so.txt,Foveated Rendering,high,foveation,15
endless-climber-decoded,normalized/ascii/lib__arm64-v8a__libil2cpp.so.txt,Foveated Rendering,medium,MetaGetEyeTrackedFoveationSupported,1
endless-climber-decoded,normalized/ascii/lib__arm64-v8a__libil2cpp.so.txt,Foveated Rendering,medium,MetaGetFoveationEyeTracked,1
endless-climber-decoded,normalized/ascii/lib__arm64-v8a__libil2cpp.so.txt,Foveated Rendering,medium,MetaSetFoveationEyeTracked,1
endless-climber-decoded,normalized/ascii/lib__arm64-v8a__libil2cpp.so.txt,Foveated Rendering,medium,ovrp_SetFoveationEyeTracked,1
endless-climber-decoded,normalized/ascii/lib__arm64-v8a__libil2cpp.so.txt,Eye-Tracking Enablement,high,EyeTracked,6
endless-climber-decoded,normalized/ascii/lib__arm64-v8a__libil2cpp.so.txt,Eye-Tracking Enablement,high,eyeTrackingSupported,1
endless-climber-decoded,normalized/ascii/lib__arm64-v8a__libil2cpp.so.txt,Raw Data Collection,high,ovrp_GetEyeGazesState,1
endless-climber-decoded,normalized/ascii/lib__arm64-v8a__libil2cpp.so.txt,Raw Data Collection,medium,ovrp_GetEyeTrackingEnabled,1
endless-climber-decoded,normalized/ascii/lib__arm64-v8a__libOVRPlugin.so.txt,Eye-Tracking Enablement,high,eye tracking,2
endless-climber-decoded,normalized/ascii/lib__arm64-v8a__libOVRPlugin.so.txt,Foveated Rendering,medium,foveat,25
endless-climber-decoded,normalized/ascii/lib__arm64-v8a__libOVRPlugin.so.txt,Foveated Rendering,high,foveated,1
endless-climber-decoded,normalized/ascii/lib__arm64-v8a__libOVRPlugin.so.txt,Foveated Rendering,high,foveation,25
endless-climber-decoded,normalized/ascii/lib__arm64-v8a__libOVRPlugin.so.txt,Foveated Rendering,medium,xrGetFoveationEyeTrackedStateMETA,2
endless-climber-decoded,normalized/ascii/lib__arm64-v8a__libOVRPlugin.so.txt,Foveated Rendering,medium,ovrp_SetFoveationEyeTracked,1
endless-climber-decoded,normalized/ascii/lib__arm64-v8a__libOVRPlugin.so.txt,Foveated Rendering,medium,ovrp_GetFoveationEyeTrackedCenter,1
endless-climber-decoded,normalized/ascii/lib__arm64-v8a__libOVRPlugin.so.txt,Foveated Rendering,medium,GetFoveationEyeTrackedCenter(),2
endless-climber-decoded,normalized/ascii/lib__arm64-v8a__libOVRPlugin.so.txt,Eye-Tracking Enablement,high,EyeTracked,9
endless-climber-decoded,normalized/ascii/lib__arm64-v8a__libOVRPlugin.so.txt,Eye-Tracking Enablement,high,eyeTrackingSupported,2
endless-climber-decoded,normalized/ascii/lib__arm64-v8a__libOVRPlugin.so.txt,Raw Data Collection,high,ovrp_GetEyeGazesState,1
endless-climber-decoded,normalized/ascii/lib__arm64-v8a__libOVRPlugin.so.txt,Raw Data Collection,medium,ovrp_GetEyeTrackingEnabled,1
endless-climber-decoded,normalized/ascii/lib__arm64-v8a__libunity.so.txt,Foveated Rendering,medium,foveat,25
endless-climber-decoded,normalized/ascii/lib__arm64-v8a__libunity.so.txt,Foveated Rendering,high,foveated,18
endless-climber-decoded,normalized/ascii/lib__arm64-v8a__libunity.so.txt,Foveated Rendering,high,foveation,10
endless-climber-decoded,normalized/ascii/lib__arm64-v8a__libUnityOpenXR.so.txt,Foveated Rendering,medium,foveat,25
endless-climber-decoded,normalized/ascii/lib__arm64-v8a__libUnityOpenXR.so.txt,Foveated Rendering,high,foveated,3
endless-climber-decoded,normalized/ascii/lib__arm64-v8a__libUnityOpenXR.so.txt,Foveated Rendering,high,foveation,25
endless-climber-decoded,normalized/ascii/lib__arm64-v8a__libUnityOpenXR.so.txt,Foveated Rendering,medium,MetaGetEyeTrackedFoveationSupported,1
endless-climber-decoded,normalized/ascii/lib__arm64-v8a__libUnityOpenXR.so.txt,Foveated Rendering,medium,MetaGetFoveationEyeTracked,1
endless-climber-decoded,normalized/ascii/lib__arm64-v8a__libUnityOpenXR.so.txt,Foveated Rendering,medium,MetaSetFoveationEyeTracked,1
endless-climber-decoded,normalized/ascii/lib__arm64-v8a__libUnityOpenXR.so.txt,Foveated Rendering,medium,xrGetFoveationEyeTrackedStateMETA,1
endless-climber-decoded,normalized/ascii/lib__arm64-v8a__libUnityOpenXR.so.txt,Eye-Tracking Enablement,high,EyeTracked,4
gravity-sketch-decoded,normalized/ascii/lib__arm64-v8a__libil2cpp.so.txt,Foveated Rendering,medium,foveat,8
gravity-sketch-decoded,normalized/ascii/lib__arm64-v8a__libil2cpp.so.txt,Foveated Rendering,high,foveated,5
gravity-sketch-decoded,normalized/ascii/lib__arm64-v8a__libil2cpp.so.txt,Foveated Rendering,high,foveation,3
gravity-sketch-decoded,normalized/ascii/lib__arm64-v8a__libil2cpp.so.txt,Foveated Rendering,medium,GetEyeTrackedFoveatedRenderingSupported,1
gravity-sketch-decoded,normalized/ascii/lib__arm64-v8a__libil2cpp.so.txt,Foveated Rendering,medium,SetEyeTrackedFoveatedRenderingEnabled,1
gravity-sketch-decoded,normalized/ascii/lib__arm64-v8a__libil2cpp.so.txt,Foveated Rendering,medium,ovrp_SetFoveationEyeTracked,1
gravity-sketch-decoded,normalized/ascii/lib__arm64-v8a__libil2cpp.so.txt,Foveated Rendering,medium,SetEyeTrackedFoveatedRenderingEnabled,1
gravity-sketch-decoded,normalized/ascii/lib__arm64-v8a__libil2cpp.so.txt,Foveated Rendering,medium,GetEyeTrackedFoveatedRenderingSupported,1
gravity-sketch-decoded,normalized/ascii/lib__arm64-v8a__libil2cpp.so.txt,Eye-Tracking Enablement,high,EyeTracked,5
gravity-sketch-decoded,normalized/ascii/lib__arm64-v8a__libil2cpp.so.txt,Eye-Tracking Enablement,high,eyeTrackingSupported,1
gravity-sketch-decoded,normalized/ascii/lib__arm64-v8a__libil2cpp.so.txt,Raw Data Collection,high,ovrp_GetEyeGazesState,1
gravity-sketch-decoded,normalized/ascii/lib__arm64-v8a__libil2cpp.so.txt,Raw Data Collection,medium,ovrp_GetEyeTrackingEnabled,1
gravity-sketch-decoded,normalized/ascii/lib__arm64-v8a__libOculusXRPlugin.so.txt,Foveated Rendering,medium,foveat,21
gravity-sketch-decoded,normalized/ascii/lib__arm64-v8a__libOculusXRPlugin.so.txt,Foveated Rendering,high,foveated,13
gravity-sketch-decoded,normalized/ascii/lib__arm64-v8a__libOculusXRPlugin.so.txt,Foveated Rendering,high,foveation,10
gravity-sketch-decoded,normalized/ascii/lib__arm64-v8a__libOculusXRPlugin.so.txt,Foveated Rendering,medium,GetEyeTrackedFoveatedRenderingEnabled,1
gravity-sketch-decoded,normalized/ascii/lib__arm64-v8a__libOculusXRPlugin.so.txt,Foveated Rendering,medium,GetEyeTrackedFoveatedRenderingSupported,1
gravity-sketch-decoded,normalized/ascii/lib__arm64-v8a__libOculusXRPlugin.so.txt,Foveated Rendering,medium,SetEyeTrackedFoveatedRenderingEnabled,1
gravity-sketch-decoded,normalized/ascii/lib__arm64-v8a__libOculusXRPlugin.so.txt,Foveated Rendering,medium,ovrp_SetFoveationEyeTracked,1
gravity-sketch-decoded,normalized/ascii/lib__arm64-v8a__libOculusXRPlugin.so.txt,Foveated Rendering,medium,ovrp_GetFoveationEyeTrackedCenter,1
gravity-sketch-decoded,normalized/ascii/lib__arm64-v8a__libOculusXRPlugin.so.txt,Foveated Rendering,medium,SetEyeTrackedFoveatedRenderingEnabled,1
gravity-sketch-decoded,normalized/ascii/lib__arm64-v8a__libOculusXRPlugin.so.txt,Foveated Rendering,medium,GetEyeTrackedFoveatedRenderingSupported,1
gravity-sketch-decoded,normalized/ascii/lib__arm64-v8a__libOculusXRPlugin.so.txt,Eye-Tracking Enablement,high,EyeTracked,9
gravity-sketch-decoded,normalized/ascii/lib__arm64-v8a__libovravatar2.so.txt,Biometric Signals & Metrics,medium,saccade,2
gravity-sketch-decoded,normalized/ascii/lib__arm64-v8a__libOVRPlugin.so.txt,Eye-Tracking Enablement,high,eye tracking,2
gravity-sketch-decoded,normalized/ascii/lib__arm64-v8a__libOVRPlugin.so.txt,Foveated Rendering,medium,foveat,25
gravity-sketch-decoded,normalized/ascii/lib__arm64-v8a__libOVRPlugin.so.txt,Foveated Rendering,high,foveated,1
gravity-sketch-decoded,normalized/ascii/lib__arm64-v8a__libOVRPlugin.so.txt,Foveated Rendering,high,foveation,25
gravity-sketch-decoded,normalized/ascii/lib__arm64-v8a__libOVRPlugin.so.txt,Foveated Rendering,medium,xrGetFoveationEyeTrackedStateMETA,2
gravity-sketch-decoded,normalized/ascii/lib__arm64-v8a__libOVRPlugin.so.txt,Foveated Rendering,medium,ovrp_SetFoveationEyeTracked,1
gravity-sketch-decoded,normalized/ascii/lib__arm64-v8a__libOVRPlugin.so.txt,Foveated Rendering,medium,ovrp_GetFoveationEyeTrackedCenter,1
gravity-sketch-decoded,normalized/ascii/lib__arm64-v8a__libOVRPlugin.so.txt,Foveated Rendering,medium,GetFoveationEyeTrackedCenter(),2
gravity-sketch-decoded,normalized/ascii/lib__arm64-v8a__libOVRPlugin.so.txt,Eye-Tracking Enablement,high,EyeTracked,9
gravity-sketch-decoded,normalized/ascii/lib__arm64-v8a__libOVRPlugin.so.txt,Eye-Tracking Enablement,high,eyeTrackingSupported,2
gravity-sketch-decoded,normalized/ascii/lib__arm64-v8a__libOVRPlugin.so.txt,Raw Data Collection,high,ovrp_GetEyeGazesState,1
gravity-sketch-decoded,normalized/ascii/lib__arm64-v8a__libOVRPlugin.so.txt,Raw Data Collection,medium,ovrp_GetEyeTrackingEnabled,1
gravity-sketch-decoded,normalized/ascii/lib__arm64-v8a__libovrplugintracking.so.txt,Raw Data Collection,high,ovrp_GetEyeGazesState,1
gravity-sketch-decoded,normalized/ascii/lib__arm64-v8a__libovrplugintracking.so.txt,Raw Data Collection,medium,ovrp_GetEyeTrackingEnabled,1
gravity-sketch-decoded,normalized/ascii/lib__arm64-v8a__libunity.so.txt,Foveated Rendering,medium,foveat,25
gravity-sketch-decoded,normalized/ascii/lib__arm64-v8a__libunity.so.txt,Foveated Rendering,high,foveated,17
gravity-sketch-decoded,normalized/ascii/lib__arm64-v8a__libunity.so.txt,Foveated Rendering,high,foveation,9
gravity-sketch-decoded,normalized/ascii/lib__arm64-v8a__libxrtracking.so.txt,Eye-Tracking Enablement,high,eye tracking,1
immersed-decoded,normalized/ascii/lib__arm64-v8a__libil2cpp.so.txt,Foveated Rendering,medium,foveat,13
immersed-decoded,normalized/ascii/lib__arm64-v8a__libil2cpp.so.txt,Foveated Rendering,high,foveated,6
immersed-decoded,normalized/ascii/lib__arm64-v8a__libil2cpp.so.txt,Foveated Rendering,high,foveation,7
immersed-decoded,normalized/ascii/lib__arm64-v8a__libil2cpp.so.txt,Foveated Rendering,medium,GetEyeTrackedFoveatedRenderingEnabled,1
immersed-decoded,normalized/ascii/lib__arm64-v8a__libil2cpp.so.txt,Foveated Rendering,medium,GetEyeTrackedFoveatedRenderingSupported,1
immersed-decoded,normalized/ascii/lib__arm64-v8a__libil2cpp.so.txt,Foveated Rendering,medium,SetEyeTrackedFoveatedRenderingEnabled,1
immersed-decoded,normalized/ascii/lib__arm64-v8a__libil2cpp.so.txt,Gaze Geometry,high,eyeOpenness,1
immersed-decoded,normalized/ascii/lib__arm64-v8a__libil2cpp.so.txt,Foveated Rendering,medium,ovrp_SetFoveationEyeTracked,1
immersed-decoded,normalized/ascii/lib__arm64-v8a__libil2cpp.so.txt,Foveated Rendering,medium,SetEyeTrackedFoveatedRenderingEnabled,1
immersed-decoded,normalized/ascii/lib__arm64-v8a__libil2cpp.so.txt,Foveated Rendering,medium,GetEyeTrackedFoveatedRenderingSupported,1
immersed-decoded,normalized/ascii/lib__arm64-v8a__libil2cpp.so.txt,Raw Data Collection,high,EyeTrackingState,1
immersed-decoded,normalized/ascii/lib__arm64-v8a__libil2cpp.so.txt,Eye-Tracking Enablement,high,EyeTracked,6
immersed-decoded,normalized/ascii/lib__arm64-v8a__libil2cpp.so.txt,Eye-Tracking Enablement,high,eyeTrackingSupported,2
immersed-decoded,normalized/ascii/lib__arm64-v8a__libil2cpp.so.txt,Raw Data Collection,high,ovrp_GetEyeGazesState,1
immersed-decoded,normalized/ascii/lib__arm64-v8a__libil2cpp.so.txt,Raw Data Collection,medium,ovrp_GetEyeTrackingEnabled,1
immersed-decoded,normalized/ascii/lib__arm64-v8a__libOculusXRPlugin.so.txt,Foveated Rendering,medium,foveat,21
immersed-decoded,normalized/ascii/lib__arm64-v8a__libOculusXRPlugin.so.txt,Foveated Rendering,high,foveated,13
immersed-decoded,normalized/ascii/lib__arm64-v8a__libOculusXRPlugin.so.txt,Foveated Rendering,high,foveation,10
immersed-decoded,normalized/ascii/lib__arm64-v8a__libOculusXRPlugin.so.txt,Foveated Rendering,medium,GetEyeTrackedFoveatedRenderingEnabled,1
immersed-decoded,normalized/ascii/lib__arm64-v8a__libOculusXRPlugin.so.txt,Foveated Rendering,medium,GetEyeTrackedFoveatedRenderingSupported,1
immersed-decoded,normalized/ascii/lib__arm64-v8a__libOculusXRPlugin.so.txt,Foveated Rendering,medium,SetEyeTrackedFoveatedRenderingEnabled,1
immersed-decoded,normalized/ascii/lib__arm64-v8a__libOculusXRPlugin.so.txt,Foveated Rendering,medium,ovrp_SetFoveationEyeTracked,1
immersed-decoded,normalized/ascii/lib__arm64-v8a__libOculusXRPlugin.so.txt,Foveated Rendering,medium,ovrp_GetFoveationEyeTrackedCenter,1
immersed-decoded,normalized/ascii/lib__arm64-v8a__libOculusXRPlugin.so.txt,Foveated Rendering,medium,SetEyeTrackedFoveatedRenderingEnabled,1
immersed-decoded,normalized/ascii/lib__arm64-v8a__libOculusXRPlugin.so.txt,Foveated Rendering,medium,GetEyeTrackedFoveatedRenderingSupported,1
immersed-decoded,normalized/ascii/lib__arm64-v8a__libOculusXRPlugin.so.txt,Eye-Tracking Enablement,high,EyeTracked,9
immersed-decoded,normalized/ascii/lib__arm64-v8a__libovravatar2.so.txt,Biometric Signals & Metrics,medium,saccade,2
immersed-decoded,normalized/ascii/lib__arm64-v8a__libOVRPlugin.so.txt,Eye-Tracking Enablement,high,eye tracking,2
immersed-decoded,normalized/ascii/lib__arm64-v8a__libOVRPlugin.so.txt,Foveated Rendering,medium,foveat,25
immersed-decoded,normalized/ascii/lib__arm64-v8a__libOVRPlugin.so.txt,Foveated Rendering,high,foveated,1
immersed-decoded,normalized/ascii/lib__arm64-v8a__libOVRPlugin.so.txt,Foveated Rendering,high,foveation,25
immersed-decoded,normalized/ascii/lib__arm64-v8a__libOVRPlugin.so.txt,Foveated Rendering,medium,xrGetFoveationEyeTrackedStateMETA,2
immersed-decoded,normalized/ascii/lib__arm64-v8a__libOVRPlugin.so.txt,Foveated Rendering,medium,ovrp_SetFoveationEyeTracked,1
immersed-decoded,normalized/ascii/lib__arm64-v8a__libOVRPlugin.so.txt,Foveated Rendering,medium,ovrp_GetFoveationEyeTrackedCenter,1
immersed-decoded,normalized/ascii/lib__arm64-v8a__libOVRPlugin.so.txt,Foveated Rendering,medium,GetFoveationEyeTrackedCenter(),2
immersed-decoded,normalized/ascii/lib__arm64-v8a__libOVRPlugin.so.txt,Eye-Tracking Enablement,high,EyeTracked,9
immersed-decoded,normalized/ascii/lib__arm64-v8a__libOVRPlugin.so.txt,Eye-Tracking Enablement,high,eyeTrackingSupported,2
immersed-decoded,normalized/ascii/lib__arm64-v8a__libOVRPlugin.so.txt,Raw Data Collection,high,ovrp_GetEyeGazesState,1
immersed-decoded,normalized/ascii/lib__arm64-v8a__libOVRPlugin.so.txt,Raw Data Collection,medium,ovrp_GetEyeTrackingEnabled,1
immersed-decoded,normalized/ascii/lib__arm64-v8a__libovrplugintracking.so.txt,Raw Data Collection,high,ovrp_GetEyeGazesState,1
immersed-decoded,normalized/ascii/lib__arm64-v8a__libovrplugintracking.so.txt,Raw Data Collection,medium,ovrp_GetEyeTrackingEnabled,1
immersed-decoded,normalized/ascii/lib__arm64-v8a__libunity.so.txt,Foveated Rendering,medium,foveat,25
immersed-decoded,normalized/ascii/lib__arm64-v8a__libunity.so.txt,Foveated Rendering,high,foveated,21
immersed-decoded,normalized/ascii/lib__arm64-v8a__libunity.so.txt,Foveated Rendering,high,foveation,9
immersed-decoded,normalized/ascii/lib__arm64-v8a__libunity.so.txt,Biometric Signals & Metrics,high,fixation,1
immersed-decoded,normalized/ascii/lib__arm64-v8a__libunity.so.txt,Gaze Geometry,high,EyeOpenAmount,1
immersed-decoded,normalized/ascii/lib__arm64-v8a__libxrtracking.so.txt,Eye-Tracking Enablement,high,eye tracking,1
mazer-decoded,normalized/ascii/lib__arm64-v8a__libil2cpp.so.txt,Foveated Rendering,medium,foveat,25
mazer-decoded,normalized/ascii/lib__arm64-v8a__libil2cpp.so.txt,Foveated Rendering,high,foveated,5
mazer-decoded,normalized/ascii/lib__arm64-v8a__libil2cpp.so.txt,Foveated Rendering,high,foveation,22
mazer-decoded,normalized/ascii/lib__arm64-v8a__libil2cpp.so.txt,Foveated Rendering,medium,MetaGetEyeTrackedFoveationSupported,1
mazer-decoded,normalized/ascii/lib__arm64-v8a__libil2cpp.so.txt,Foveated Rendering,medium,MetaGetFoveationEyeTracked,1
mazer-decoded,normalized/ascii/lib__arm64-v8a__libil2cpp.so.txt,Foveated Rendering,medium,MetaSetFoveationEyeTracked,1
mazer-decoded,normalized/ascii/lib__arm64-v8a__libil2cpp.so.txt,Gaze Geometry,high,eyeOpenness,1
mazer-decoded,normalized/ascii/lib__arm64-v8a__libil2cpp.so.txt,Foveated Rendering,medium,ovrp_SetFoveationEyeTracked,1
mazer-decoded,normalized/ascii/lib__arm64-v8a__libil2cpp.so.txt,Raw Data Collection,high,EyeTrackingState,1
mazer-decoded,normalized/ascii/lib__arm64-v8a__libil2cpp.so.txt,Eye-Tracking Enablement,high,EyeTracked,6
mazer-decoded,normalized/ascii/lib__arm64-v8a__libil2cpp.so.txt,Eye-Tracking Enablement,high,eyeTrackingSupported,2
mazer-decoded,normalized/ascii/lib__arm64-v8a__libil2cpp.so.txt,Raw Data Collection,high,ovrp_GetEyeGazesState,1
mazer-decoded,normalized/ascii/lib__arm64-v8a__libil2cpp.so.txt,Raw Data Collection,medium,ovrp_GetEyeTrackingEnabled,1
mazer-decoded,normalized/ascii/lib__arm64-v8a__libOVRPlugin.so.txt,Eye-Tracking Enablement,high,eye tracking,2
mazer-decoded,normalized/ascii/lib__arm64-v8a__libOVRPlugin.so.txt,Foveated Rendering,medium,foveat,25
mazer-decoded,normalized/ascii/lib__arm64-v8a__libOVRPlugin.so.txt,Foveated Rendering,high,foveated,1
mazer-decoded,normalized/ascii/lib__arm64-v8a__libOVRPlugin.so.txt,Foveated Rendering,high,foveation,25
mazer-decoded,normalized/ascii/lib__arm64-v8a__libOVRPlugin.so.txt,Foveated Rendering,medium,xrGetFoveationEyeTrackedStateMETA,2
mazer-decoded,normalized/ascii/lib__arm64-v8a__libOVRPlugin.so.txt,Foveated Rendering,medium,ovrp_SetFoveationEyeTracked,1
mazer-decoded,normalized/ascii/lib__arm64-v8a__libOVRPlugin.so.txt,Foveated Rendering,medium,ovrp_GetFoveationEyeTrackedCenter,1
mazer-decoded,normalized/ascii/lib__arm64-v8a__libOVRPlugin.so.txt,Foveated Rendering,medium,GetFoveationEyeTrackedCenter(),2
mazer-decoded,normalized/ascii/lib__arm64-v8a__libOVRPlugin.so.txt,Eye-Tracking Enablement,high,EyeTracked,9
mazer-decoded,normalized/ascii/lib__arm64-v8a__libOVRPlugin.so.txt,Eye-Tracking Enablement,high,eyeTrackingSupported,2
mazer-decoded,normalized/ascii/lib__arm64-v8a__libOVRPlugin.so.txt,Raw Data Collection,high,ovrp_GetEyeGazesState,1
mazer-decoded,normalized/ascii/lib__arm64-v8a__libOVRPlugin.so.txt,Raw Data Collection,medium,ovrp_GetEyeTrackingEnabled,1
mazer-decoded,normalized/ascii/lib__arm64-v8a__libunity.so.txt,Foveated Rendering,medium,foveat,25
mazer-decoded,normalized/ascii/lib__arm64-v8a__libunity.so.txt,Foveated Rendering,high,foveated,17
mazer-decoded,normalized/ascii/lib__arm64-v8a__libunity.so.txt,Foveated Rendering,high,foveation,9
mazer-decoded,normalized/ascii/lib__arm64-v8a__libUnityOpenXR.so.txt,Foveated Rendering,medium,foveat,25
mazer-decoded,normalized/ascii/lib__arm64-v8a__libUnityOpenXR.so.txt,Foveated Rendering,high,foveated,3
mazer-decoded,normalized/ascii/lib__arm64-v8a__libUnityOpenXR.so.txt,Foveated Rendering,high,foveation,25
mazer-decoded,normalized/ascii/lib__arm64-v8a__libUnityOpenXR.so.txt,Foveated Rendering,medium,MetaGetEyeTrackedFoveationSupported,1
mazer-decoded,normalized/ascii/lib__arm64-v8a__libUnityOpenXR.so.txt,Foveated Rendering,medium,MetaGetFoveationEyeTracked,1
mazer-decoded,normalized/ascii/lib__arm64-v8a__libUnityOpenXR.so.txt,Foveated Rendering,medium,MetaSetFoveationEyeTracked,1
mazer-decoded,normalized/ascii/lib__arm64-v8a__libUnityOpenXR.so.txt,Foveated Rendering,medium,xrGetFoveationEyeTrackedStateMETA,1
mazer-decoded,normalized/ascii/lib__arm64-v8a__libUnityOpenXR.so.txt,Eye-Tracking Enablement,high,EyeTracked,4
Mixreal-AI-decoded,normalized/ascii/lib__arm64-v8a__libil2cpp.so.txt,Foveated Rendering,medium,foveat,11
Mixreal-AI-decoded,normalized/ascii/lib__arm64-v8a__libil2cpp.so.txt,Foveated Rendering,high,foveated,5
Mixreal-AI-decoded,normalized/ascii/lib__arm64-v8a__libil2cpp.so.txt,Foveated Rendering,high,foveation,8
Mixreal-AI-decoded,normalized/ascii/lib__arm64-v8a__libunity.so.txt,Foveated Rendering,medium,foveat,25
Mixreal-AI-decoded,normalized/ascii/lib__arm64-v8a__libunity.so.txt,Foveated Rendering,high,foveated,17
Mixreal-AI-decoded,normalized/ascii/lib__arm64-v8a__libunity.so.txt,Foveated Rendering,high,foveation,9
Mixreal-AI-decoded,normalized/ascii/lib__arm64-v8a__libUnityOpenXR.so.txt,Foveated Rendering,medium,foveat,25
Mixreal-AI-decoded,normalized/ascii/lib__arm64-v8a__libUnityOpenXR.so.txt,Foveated Rendering,high,foveated,3
Mixreal-AI-decoded,normalized/ascii/lib__arm64-v8a__libUnityOpenXR.so.txt,Foveated Rendering,high,foveation,25
Mixreal-AI-decoded,normalized/ascii/lib__arm64-v8a__libUnityOpenXR.so.txt,Foveated Rendering,medium,MetaGetEyeTrackedFoveationSupported,1
Mixreal-AI-decoded,normalized/ascii/lib__arm64-v8a__libUnityOpenXR.so.txt,Foveated Rendering,medium,MetaGetFoveationEyeTracked,1
Mixreal-AI-decoded,normalized/ascii/lib__arm64-v8a__libUnityOpenXR.so.txt,Foveated Rendering,medium,MetaSetFoveationEyeTracked,1
Mixreal-AI-decoded,normalized/ascii/lib__arm64-v8a__libUnityOpenXR.so.txt,Foveated Rendering,medium,xrGetFoveationEyeTrackedStateMETA,1
Mixreal-AI-decoded,normalized/ascii/lib__arm64-v8a__libUnityOpenXR.so.txt,Eye-Tracking Enablement,high,EyeTracked,4
Neao-group-therapy-decoded,normalized/ascii/lib__arm64-v8a__libil2cpp.so.txt,Foveated Rendering,medium,foveat,20
Neao-group-therapy-decoded,normalized/ascii/lib__arm64-v8a__libil2cpp.so.txt,Foveated Rendering,high,foveated,5
Neao-group-therapy-decoded,normalized/ascii/lib__arm64-v8a__libil2cpp.so.txt,Foveated Rendering,high,foveation,17
Neao-group-therapy-decoded,normalized/ascii/lib__arm64-v8a__libil2cpp.so.txt,Foveated Rendering,medium,MetaGetEyeTrackedFoveationSupported,1
Neao-group-therapy-decoded,normalized/ascii/lib__arm64-v8a__libil2cpp.so.txt,Foveated Rendering,medium,MetaGetFoveationEyeTracked,1
Neao-group-therapy-decoded,normalized/ascii/lib__arm64-v8a__libil2cpp.so.txt,Foveated Rendering,medium,MetaSetFoveationEyeTracked,1
Neao-group-therapy-decoded,normalized/ascii/lib__arm64-v8a__libil2cpp.so.txt,Foveated Rendering,medium,ovrp_SetFoveationEyeTracked,1
Neao-group-therapy-decoded,normalized/ascii/lib__arm64-v8a__libil2cpp.so.txt,Eye-Tracking Enablement,high,EyeTracked,6
Neao-group-therapy-decoded,normalized/ascii/lib__arm64-v8a__libil2cpp.so.txt,Eye-Tracking Enablement,high,eyeTrackingSupported,1
Neao-group-therapy-decoded,normalized/ascii/lib__arm64-v8a__libil2cpp.so.txt,Raw Data Collection,high,ovrp_GetEyeGazesState,1
Neao-group-therapy-decoded,normalized/ascii/lib__arm64-v8a__libil2cpp.so.txt,Raw Data Collection,medium,ovrp_GetEyeTrackingEnabled,1
Neao-group-therapy-decoded,normalized/ascii/lib__arm64-v8a__libovravatar2.so.txt,Biometric Signals & Metrics,medium,saccade,2
Neao-group-therapy-decoded,normalized/ascii/lib__arm64-v8a__libOVRPlugin.so.txt,Eye-Tracking Enablement,high,eye tracking,2
Neao-group-therapy-decoded,normalized/ascii/lib__arm64-v8a__libOVRPlugin.so.txt,Foveated Rendering,medium,foveat,25
Neao-group-therapy-decoded,normalized/ascii/lib__arm64-v8a__libOVRPlugin.so.txt,Foveated Rendering,high,foveated,1
Neao-group-therapy-decoded,normalized/ascii/lib__arm64-v8a__libOVRPlugin.so.txt,Foveated Rendering,high,foveation,25
Neao-group-therapy-decoded,normalized/ascii/lib__arm64-v8a__libOVRPlugin.so.txt,Foveated Rendering,medium,xrGetFoveationEyeTrackedStateMETA,2
Neao-group-therapy-decoded,normalized/ascii/lib__arm64-v8a__libOVRPlugin.so.txt,Foveated Rendering,medium,ovrp_SetFoveationEyeTracked,1
Neao-group-therapy-decoded,normalized/ascii/lib__arm64-v8a__libOVRPlugin.so.txt,Foveated Rendering,medium,ovrp_GetFoveationEyeTrackedCenter,1
Neao-group-therapy-decoded,normalized/ascii/lib__arm64-v8a__libOVRPlugin.so.txt,Foveated Rendering,medium,GetFoveationEyeTrackedCenter(),2
Neao-group-therapy-decoded,normalized/ascii/lib__arm64-v8a__libOVRPlugin.so.txt,Eye-Tracking Enablement,high,EyeTracked,9
Neao-group-therapy-decoded,normalized/ascii/lib__arm64-v8a__libOVRPlugin.so.txt,Eye-Tracking Enablement,high,eyeTrackingSupported,2
Neao-group-therapy-decoded,normalized/ascii/lib__arm64-v8a__libOVRPlugin.so.txt,Raw Data Collection,high,ovrp_GetEyeGazesState,1
Neao-group-therapy-decoded,normalized/ascii/lib__arm64-v8a__libOVRPlugin.so.txt,Raw Data Collection,medium,ovrp_GetEyeTrackingEnabled,1
Neao-group-therapy-decoded,normalized/ascii/lib__arm64-v8a__libovrplugintracking.so.txt,Raw Data Collection,high,ovrp_GetEyeGazesState,1
Neao-group-therapy-decoded,normalized/ascii/lib__arm64-v8a__libovrplugintracking.so.txt,Raw Data Collection,medium,ovrp_GetEyeTrackingEnabled,1
Neao-group-therapy-decoded,normalized/ascii/lib__arm64-v8a__libunity.so.txt,Foveated Rendering,medium,foveat,25
Neao-group-therapy-decoded,normalized/ascii/lib__arm64-v8a__libunity.so.txt,Foveated Rendering,high,foveated,17
Neao-group-therapy-decoded,normalized/ascii/lib__arm64-v8a__libunity.so.txt,Foveated Rendering,high,foveation,9
Neao-group-therapy-decoded,normalized/ascii/lib__arm64-v8a__libUnityOpenXR.so.txt,Foveated Rendering,medium,foveat,25
Neao-group-therapy-decoded,normalized/ascii/lib__arm64-v8a__libUnityOpenXR.so.txt,Foveated Rendering,high,foveated,3
Neao-group-therapy-decoded,normalized/ascii/lib__arm64-v8a__libUnityOpenXR.so.txt,Foveated Rendering,high,foveation,25
Neao-group-therapy-decoded,normalized/ascii/lib__arm64-v8a__libUnityOpenXR.so.txt,Foveated Rendering,medium,MetaGetEyeTrackedFoveationSupported,1
Neao-group-therapy-decoded,normalized/ascii/lib__arm64-v8a__libUnityOpenXR.so.txt,Foveated Rendering,medium,MetaGetFoveationEyeTracked,1
Neao-group-therapy-decoded,normalized/ascii/lib__arm64-v8a__libUnityOpenXR.so.txt,Foveated Rendering,medium,MetaSetFoveationEyeTracked,1
Neao-group-therapy-decoded,normalized/ascii/lib__arm64-v8a__libUnityOpenXR.so.txt,Foveated Rendering,medium,xrGetFoveationEyeTrackedStateMETA,1
Neao-group-therapy-decoded,normalized/ascii/lib__arm64-v8a__libUnityOpenXR.so.txt,Eye-Tracking Enablement,high,EyeTracked,4
Neao-group-therapy-decoded,normalized/ascii/lib__arm64-v8a__libxrtracking.so.txt,Eye-Tracking Enablement,high,eye tracking,1
Neao-group-therapy-decoded,normalized/ascii/motion-soccer-decoded__lib__arm64-v8a__libil2cpp.so.txt,Foveated Rendering,medium,foveat,16
Neao-group-therapy-decoded,normalized/ascii/motion-soccer-decoded__lib__arm64-v8a__libil2cpp.so.txt,Foveated Rendering,high,foveated,4
Neao-group-therapy-decoded,normalized/ascii/motion-soccer-decoded__lib__arm64-v8a__libil2cpp.so.txt,Foveated Rendering,high,foveation,13
Neao-group-therapy-decoded,normalized/ascii/motion-soccer-decoded__lib__arm64-v8a__libil2cpp.so.txt,Foveated Rendering,medium,MetaGetEyeTrackedFoveationSupported,1
Neao-group-therapy-decoded,normalized/ascii/motion-soccer-decoded__lib__arm64-v8a__libil2cpp.so.txt,Foveated Rendering,medium,MetaGetFoveationEyeTracked,1
Neao-group-therapy-decoded,normalized/ascii/motion-soccer-decoded__lib__arm64-v8a__libil2cpp.so.txt,Foveated Rendering,medium,MetaSetFoveationEyeTracked,1
Neao-group-therapy-decoded,normalized/ascii/motion-soccer-decoded__lib__arm64-v8a__libil2cpp.so.txt,Foveated Rendering,medium,ovrp_SetFoveationEyeTracked,1
Neao-group-therapy-decoded,normalized/ascii/motion-soccer-decoded__lib__arm64-v8a__libil2cpp.so.txt,Eye-Tracking Enablement,high,EyeTracked,6
Neao-group-therapy-decoded,normalized/ascii/motion-soccer-decoded__lib__arm64-v8a__libil2cpp.so.txt,Eye-Tracking Enablement,high,eyeTrackingSupported,1
Neao-group-therapy-decoded,normalized/ascii/motion-soccer-decoded__lib__arm64-v8a__libil2cpp.so.txt,Raw Data Collection,high,ovrp_GetEyeGazesState,1
Neao-group-therapy-decoded,normalized/ascii/motion-soccer-decoded__lib__arm64-v8a__libil2cpp.so.txt,Raw Data Collection,medium,ovrp_GetEyeTrackingEnabled,1
Neao-group-therapy-decoded,normalized/ascii/motion-soccer-decoded__lib__arm64-v8a__libOVRPlugin.so.txt,Eye-Tracking Enablement,high,eye tracking,2
Neao-group-therapy-decoded,normalized/ascii/motion-soccer-decoded__lib__arm64-v8a__libOVRPlugin.so.txt,Foveated Rendering,medium,foveat,25
Neao-group-therapy-decoded,normalized/ascii/motion-soccer-decoded__lib__arm64-v8a__libOVRPlugin.so.txt,Foveated Rendering,high,foveated,1
Neao-group-therapy-decoded,normalized/ascii/motion-soccer-decoded__lib__arm64-v8a__libOVRPlugin.so.txt,Foveated Rendering,high,foveation,25
Neao-group-therapy-decoded,normalized/ascii/motion-soccer-decoded__lib__arm64-v8a__libOVRPlugin.so.txt,Foveated Rendering,medium,xrGetFoveationEyeTrackedStateMETA,2
Neao-group-therapy-decoded,normalized/ascii/motion-soccer-decoded__lib__arm64-v8a__libOVRPlugin.so.txt,Foveated Rendering,medium,ovrp_SetFoveationEyeTracked,1
Neao-group-therapy-decoded,normalized/ascii/motion-soccer-decoded__lib__arm64-v8a__libOVRPlugin.so.txt,Foveated Rendering,medium,ovrp_GetFoveationEyeTrackedCenter,1
Neao-group-therapy-decoded,normalized/ascii/motion-soccer-decoded__lib__arm64-v8a__libOVRPlugin.so.txt,Foveated Rendering,medium,GetFoveationEyeTrackedCenter(),2
Neao-group-therapy-decoded,normalized/ascii/motion-soccer-decoded__lib__arm64-v8a__libOVRPlugin.so.txt,Eye-Tracking Enablement,high,EyeTracked,9
Neao-group-therapy-decoded,normalized/ascii/motion-soccer-decoded__lib__arm64-v8a__libOVRPlugin.so.txt,Eye-Tracking Enablement,high,eyeTrackingSupported,2
Neao-group-therapy-decoded,normalized/ascii/motion-soccer-decoded__lib__arm64-v8a__libOVRPlugin.so.txt,Raw Data Collection,high,ovrp_GetEyeGazesState,1
Neao-group-therapy-decoded,normalized/ascii/motion-soccer-decoded__lib__arm64-v8a__libOVRPlugin.so.txt,Raw Data Collection,medium,ovrp_GetEyeTrackingEnabled,1
Neao-group-therapy-decoded,normalized/ascii/motion-soccer-decoded__lib__arm64-v8a__libunity.so.txt,Foveated Rendering,medium,foveat,25
Neao-group-therapy-decoded,normalized/ascii/motion-soccer-decoded__lib__arm64-v8a__libunity.so.txt,Foveated Rendering,high,foveated,18
Neao-group-therapy-decoded,normalized/ascii/motion-soccer-decoded__lib__arm64-v8a__libunity.so.txt,Foveated Rendering,high,foveation,10
Neao-group-therapy-decoded,normalized/ascii/motion-soccer-decoded__lib__arm64-v8a__libUnityOpenXR.so.txt,Foveated Rendering,medium,foveat,25
Neao-group-therapy-decoded,normalized/ascii/motion-soccer-decoded__lib__arm64-v8a__libUnityOpenXR.so.txt,Foveated Rendering,high,foveated,3
Neao-group-therapy-decoded,normalized/ascii/motion-soccer-decoded__lib__arm64-v8a__libUnityOpenXR.so.txt,Foveated Rendering,high,foveation,25
Neao-group-therapy-decoded,normalized/ascii/motion-soccer-decoded__lib__arm64-v8a__libUnityOpenXR.so.txt,Foveated Rendering,medium,MetaGetEyeTrackedFoveationSupported,1
Neao-group-therapy-decoded,normalized/ascii/motion-soccer-decoded__lib__arm64-v8a__libUnityOpenXR.so.txt,Foveated Rendering,medium,MetaGetFoveationEyeTracked,1
Neao-group-therapy-decoded,normalized/ascii/motion-soccer-decoded__lib__arm64-v8a__libUnityOpenXR.so.txt,Foveated Rendering,medium,MetaSetFoveationEyeTracked,1
Neao-group-therapy-decoded,normalized/ascii/motion-soccer-decoded__lib__arm64-v8a__libUnityOpenXR.so.txt,Foveated Rendering,medium,xrGetFoveationEyeTrackedStateMETA,1
Neao-group-therapy-decoded,normalized/ascii/motion-soccer-decoded__lib__arm64-v8a__libUnityOpenXR.so.txt,Eye-Tracking Enablement,high,EyeTracked,4
new-arthur-decoded,normalized/ascii/lib__arm64-v8a__libil2cpp.so.txt,Foveated Rendering,medium,foveat,9
new-arthur-decoded,normalized/ascii/lib__arm64-v8a__libil2cpp.so.txt,Foveated Rendering,high,foveated,6
new-arthur-decoded,normalized/ascii/lib__arm64-v8a__libil2cpp.so.txt,Foveated Rendering,high,foveation,3
new-arthur-decoded,normalized/ascii/lib__arm64-v8a__libil2cpp.so.txt,Foveated Rendering,medium,GetEyeTrackedFoveatedRenderingEnabled,1
new-arthur-decoded,normalized/ascii/lib__arm64-v8a__libil2cpp.so.txt,Foveated Rendering,medium,GetEyeTrackedFoveatedRenderingSupported,1
new-arthur-decoded,normalized/ascii/lib__arm64-v8a__libil2cpp.so.txt,Foveated Rendering,medium,SetEyeTrackedFoveatedRenderingEnabled,1
new-arthur-decoded,normalized/ascii/lib__arm64-v8a__libil2cpp.so.txt,Foveated Rendering,medium,ovrp_SetFoveationEyeTracked,1
new-arthur-decoded,normalized/ascii/lib__arm64-v8a__libil2cpp.so.txt,Foveated Rendering,medium,SetEyeTrackedFoveatedRenderingEnabled,1
new-arthur-decoded,normalized/ascii/lib__arm64-v8a__libil2cpp.so.txt,Foveated Rendering,medium,GetEyeTrackedFoveatedRenderingSupported,1
new-arthur-decoded,normalized/ascii/lib__arm64-v8a__libil2cpp.so.txt,Eye-Tracking Enablement,high,EyeTracked,6
new-arthur-decoded,normalized/ascii/lib__arm64-v8a__libil2cpp.so.txt,Eye-Tracking Enablement,high,eyeTrackingSupported,1
new-arthur-decoded,normalized/ascii/lib__arm64-v8a__libil2cpp.so.txt,Raw Data Collection,high,ovrp_GetEyeGazesState,1
new-arthur-decoded,normalized/ascii/lib__arm64-v8a__libil2cpp.so.txt,Raw Data Collection,medium,ovrp_GetEyeTrackingEnabled,1
new-arthur-decoded,normalized/ascii/lib__arm64-v8a__libOculusXRPlugin.so.txt,Foveated Rendering,medium,foveat,21
new-arthur-decoded,normalized/ascii/lib__arm64-v8a__libOculusXRPlugin.so.txt,Foveated Rendering,high,foveated,13
new-arthur-decoded,normalized/ascii/lib__arm64-v8a__libOculusXRPlugin.so.txt,Foveated Rendering,high,foveation,10
new-arthur-decoded,normalized/ascii/lib__arm64-v8a__libOculusXRPlugin.so.txt,Foveated Rendering,medium,GetEyeTrackedFoveatedRenderingEnabled,1
new-arthur-decoded,normalized/ascii/lib__arm64-v8a__libOculusXRPlugin.so.txt,Foveated Rendering,medium,GetEyeTrackedFoveatedRenderingSupported,1
new-arthur-decoded,normalized/ascii/lib__arm64-v8a__libOculusXRPlugin.so.txt,Foveated Rendering,medium,SetEyeTrackedFoveatedRenderingEnabled,1
new-arthur-decoded,normalized/ascii/lib__arm64-v8a__libOculusXRPlugin.so.txt,Foveated Rendering,medium,ovrp_SetFoveationEyeTracked,1
new-arthur-decoded,normalized/ascii/lib__arm64-v8a__libOculusXRPlugin.so.txt,Foveated Rendering,medium,ovrp_GetFoveationEyeTrackedCenter,1
new-arthur-decoded,normalized/ascii/lib__arm64-v8a__libOculusXRPlugin.so.txt,Foveated Rendering,medium,SetEyeTrackedFoveatedRenderingEnabled,1
new-arthur-decoded,normalized/ascii/lib__arm64-v8a__libOculusXRPlugin.so.txt,Foveated Rendering,medium,GetEyeTrackedFoveatedRenderingSupported,1
new-arthur-decoded,normalized/ascii/lib__arm64-v8a__libOculusXRPlugin.so.txt,Eye-Tracking Enablement,high,EyeTracked,9
new-arthur-decoded,normalized/ascii/lib__arm64-v8a__libovertoneruntime.so.txt,Biometric Signals & Metrics,high,attentionScore,2
new-arthur-decoded,normalized/ascii/lib__arm64-v8a__libOVRPlugin.so.txt,Eye-Tracking Enablement,high,eye tracking,2
new-arthur-decoded,normalized/ascii/lib__arm64-v8a__libOVRPlugin.so.txt,Foveated Rendering,medium,foveat,25
new-arthur-decoded,normalized/ascii/lib__arm64-v8a__libOVRPlugin.so.txt,Foveated Rendering,high,foveated,1
new-arthur-decoded,normalized/ascii/lib__arm64-v8a__libOVRPlugin.so.txt,Foveated Rendering,high,foveation,25
new-arthur-decoded,normalized/ascii/lib__arm64-v8a__libOVRPlugin.so.txt,Foveated Rendering,medium,xrGetFoveationEyeTrackedStateMETA,2
new-arthur-decoded,normalized/ascii/lib__arm64-v8a__libOVRPlugin.so.txt,Foveated Rendering,medium,ovrp_SetFoveationEyeTracked,1
new-arthur-decoded,normalized/ascii/lib__arm64-v8a__libOVRPlugin.so.txt,Foveated Rendering,medium,ovrp_GetFoveationEyeTrackedCenter,1
new-arthur-decoded,normalized/ascii/lib__arm64-v8a__libOVRPlugin.so.txt,Foveated Rendering,medium,GetFoveationEyeTrackedCenter(),2
new-arthur-decoded,normalized/ascii/lib__arm64-v8a__libOVRPlugin.so.txt,Eye-Tracking Enablement,high,EyeTracked,9
new-arthur-decoded,normalized/ascii/lib__arm64-v8a__libOVRPlugin.so.txt,Eye-Tracking Enablement,high,eyeTrackingSupported,2
new-arthur-decoded,normalized/ascii/lib__arm64-v8a__libOVRPlugin.so.txt,Raw Data Collection,high,ovrp_GetEyeGazesState,1
new-arthur-decoded,normalized/ascii/lib__arm64-v8a__libOVRPlugin.so.txt,Raw Data Collection,medium,ovrp_GetEyeTrackingEnabled,1
new-arthur-decoded,normalized/ascii/lib__arm64-v8a__libunity.so.txt,Foveated Rendering,medium,foveat,25
new-arthur-decoded,normalized/ascii/lib__arm64-v8a__libunity.so.txt,Foveated Rendering,high,foveated,17
new-arthur-decoded,normalized/ascii/lib__arm64-v8a__libunity.so.txt,Foveated Rendering,high,foveation,9
new-technicapture-decoded,normalized/ascii/lib__arm64-v8a__libil2cpp.so.txt,Foveated Rendering,medium,foveat,6
new-technicapture-decoded,normalized/ascii/lib__arm64-v8a__libil2cpp.so.txt,Foveated Rendering,high,foveated,3
new-technicapture-decoded,normalized/ascii/lib__arm64-v8a__libil2cpp.so.txt,Foveated Rendering,high,foveation,3
new-technicapture-decoded,normalized/ascii/lib__arm64-v8a__libil2cpp.so.txt,Foveated Rendering,medium,GetEyeTrackedFoveatedRenderingEnabled,1
new-technicapture-decoded,normalized/ascii/lib__arm64-v8a__libil2cpp.so.txt,Foveated Rendering,medium,GetEyeTrackedFoveatedRenderingSupported,1
new-technicapture-decoded,normalized/ascii/lib__arm64-v8a__libil2cpp.so.txt,Foveated Rendering,medium,SetEyeTrackedFoveatedRenderingEnabled,1
new-technicapture-decoded,normalized/ascii/lib__arm64-v8a__libil2cpp.so.txt,Foveated Rendering,medium,ovrp_SetFoveationEyeTracked,1
new-technicapture-decoded,normalized/ascii/lib__arm64-v8a__libil2cpp.so.txt,Foveated Rendering,medium,SetEyeTrackedFoveatedRenderingEnabled,1
new-technicapture-decoded,normalized/ascii/lib__arm64-v8a__libil2cpp.so.txt,Foveated Rendering,medium,GetEyeTrackedFoveatedRenderingSupported,1
new-technicapture-decoded,normalized/ascii/lib__arm64-v8a__libil2cpp.so.txt,Eye-Tracking Enablement,high,EyeTracked,6
new-technicapture-decoded,normalized/ascii/lib__arm64-v8a__libil2cpp.so.txt,Eye-Tracking Enablement,high,eyeTrackingSupported,1
new-technicapture-decoded,normalized/ascii/lib__arm64-v8a__libil2cpp.so.txt,Raw Data Collection,high,ovrp_GetEyeGazesState,1
new-technicapture-decoded,normalized/ascii/lib__arm64-v8a__libil2cpp.so.txt,Raw Data Collection,medium,ovrp_GetEyeTrackingEnabled,1
new-technicapture-decoded,normalized/ascii/lib__arm64-v8a__libOculusXRPlugin.so.txt,Foveated Rendering,medium,foveat,25
new-technicapture-decoded,normalized/ascii/lib__arm64-v8a__libOculusXRPlugin.so.txt,Foveated Rendering,high,foveated,25
new-technicapture-decoded,normalized/ascii/lib__arm64-v8a__libOculusXRPlugin.so.txt,Foveated Rendering,high,foveation,25
new-technicapture-decoded,normalized/ascii/lib__arm64-v8a__libOculusXRPlugin.so.txt,Foveated Rendering,medium,GetEyeTrackedFoveatedRenderingEnabled,4
new-technicapture-decoded,normalized/ascii/lib__arm64-v8a__libOculusXRPlugin.so.txt,Foveated Rendering,medium,GetEyeTrackedFoveatedRenderingSupported,4
new-technicapture-decoded,normalized/ascii/lib__arm64-v8a__libOculusXRPlugin.so.txt,Foveated Rendering,medium,SetEyeTrackedFoveatedRenderingEnabled,4
new-technicapture-decoded,normalized/ascii/lib__arm64-v8a__libOculusXRPlugin.so.txt,Foveated Rendering,medium,ovrp_SetFoveationEyeTracked,4
new-technicapture-decoded,normalized/ascii/lib__arm64-v8a__libOculusXRPlugin.so.txt,Foveated Rendering,medium,ovrp_GetFoveationEyeTrackedCenter,4
new-technicapture-decoded,normalized/ascii/lib__arm64-v8a__libOculusXRPlugin.so.txt,Foveated Rendering,medium,SetEyeTrackedFoveatedRenderingEnabled,4
new-technicapture-decoded,normalized/ascii/lib__arm64-v8a__libOculusXRPlugin.so.txt,Foveated Rendering,medium,GetEyeTrackedFoveatedRenderingSupported,4
new-technicapture-decoded,normalized/ascii/lib__arm64-v8a__libOculusXRPlugin.so.txt,Eye-Tracking Enablement,high,EyeTracked,25
new-technicapture-decoded,normalized/ascii/lib__arm64-v8a__libOVRPlugin.so.txt,Eye-Tracking Enablement,high,eye tracking,2
new-technicapture-decoded,normalized/ascii/lib__arm64-v8a__libOVRPlugin.so.txt,Foveated Rendering,medium,foveat,25
new-technicapture-decoded,normalized/ascii/lib__arm64-v8a__libOVRPlugin.so.txt,Foveated Rendering,high,foveated,1
new-technicapture-decoded,normalized/ascii/lib__arm64-v8a__libOVRPlugin.so.txt,Foveated Rendering,high,foveation,25
new-technicapture-decoded,normalized/ascii/lib__arm64-v8a__libOVRPlugin.so.txt,Foveated Rendering,medium,xrGetFoveationEyeTrackedStateMETA,2
new-technicapture-decoded,normalized/ascii/lib__arm64-v8a__libOVRPlugin.so.txt,Foveated Rendering,medium,ovrp_SetFoveationEyeTracked,1
new-technicapture-decoded,normalized/ascii/lib__arm64-v8a__libOVRPlugin.so.txt,Foveated Rendering,medium,ovrp_GetFoveationEyeTrackedCenter,1
new-technicapture-decoded,normalized/ascii/lib__arm64-v8a__libOVRPlugin.so.txt,Foveated Rendering,medium,GetFoveationEyeTrackedCenter(),2
new-technicapture-decoded,normalized/ascii/lib__arm64-v8a__libOVRPlugin.so.txt,Eye-Tracking Enablement,high,EyeTracked,9
new-technicapture-decoded,normalized/ascii/lib__arm64-v8a__libOVRPlugin.so.txt,Eye-Tracking Enablement,high,eyeTrackingSupported,2
new-technicapture-decoded,normalized/ascii/lib__arm64-v8a__libOVRPlugin.so.txt,Raw Data Collection,high,ovrp_GetEyeGazesState,1
new-technicapture-decoded,normalized/ascii/lib__arm64-v8a__libOVRPlugin.so.txt,Raw Data Collection,medium,ovrp_GetEyeTrackingEnabled,1
new-technicapture-decoded,normalized/ascii/lib__arm64-v8a__libunity.so.txt,Foveated Rendering,medium,foveat,10
new-technicapture-decoded,normalized/ascii/lib__arm64-v8a__libunity.so.txt,Foveated Rendering,high,foveated,7
new-technicapture-decoded,normalized/ascii/lib__arm64-v8a__libunity.so.txt,Foveated Rendering,high,foveation,4
rival-decoded,normalized/ascii/lib__arm64-v8a__libil2cpp.so.txt,Foveated Rendering,medium,foveat,20
rival-decoded,normalized/ascii/lib__arm64-v8a__libil2cpp.so.txt,Foveated Rendering,high,foveated,5
rival-decoded,normalized/ascii/lib__arm64-v8a__libil2cpp.so.txt,Foveated Rendering,high,foveation,17
rival-decoded,normalized/ascii/lib__arm64-v8a__libil2cpp.so.txt,Foveated Rendering,medium,MetaGetEyeTrackedFoveationSupported,1
rival-decoded,normalized/ascii/lib__arm64-v8a__libil2cpp.so.txt,Foveated Rendering,medium,MetaGetFoveationEyeTracked,1
rival-decoded,normalized/ascii/lib__arm64-v8a__libil2cpp.so.txt,Foveated Rendering,medium,MetaSetFoveationEyeTracked,1
rival-decoded,normalized/ascii/lib__arm64-v8a__libil2cpp.so.txt,Foveated Rendering,medium,ovrp_SetFoveationEyeTracked,1
rival-decoded,normalized/ascii/lib__arm64-v8a__libil2cpp.so.txt,Eye-Tracking Enablement,high,EyeTracked,6
rival-decoded,normalized/ascii/lib__arm64-v8a__libil2cpp.so.txt,Eye-Tracking Enablement,high,eyeTrackingSupported,1
rival-decoded,normalized/ascii/lib__arm64-v8a__libil2cpp.so.txt,Raw Data Collection,high,ovrp_GetEyeGazesState,1
rival-decoded,normalized/ascii/lib__arm64-v8a__libil2cpp.so.txt,Raw Data Collection,medium,ovrp_GetEyeTrackingEnabled,1
rival-decoded,normalized/ascii/lib__arm64-v8a__libOVRPlugin.so.txt,Eye-Tracking Enablement,high,eye tracking,2
rival-decoded,normalized/ascii/lib__arm64-v8a__libOVRPlugin.so.txt,Foveated Rendering,medium,foveat,25
rival-decoded,normalized/ascii/lib__arm64-v8a__libOVRPlugin.so.txt,Foveated Rendering,high,foveated,1
rival-decoded,normalized/ascii/lib__arm64-v8a__libOVRPlugin.so.txt,Foveated Rendering,high,foveation,25
rival-decoded,normalized/ascii/lib__arm64-v8a__libOVRPlugin.so.txt,Foveated Rendering,medium,xrGetFoveationEyeTrackedStateMETA,2
rival-decoded,normalized/ascii/lib__arm64-v8a__libOVRPlugin.so.txt,Foveated Rendering,medium,ovrp_SetFoveationEyeTracked,1
rival-decoded,normalized/ascii/lib__arm64-v8a__libOVRPlugin.so.txt,Foveated Rendering,medium,ovrp_GetFoveationEyeTrackedCenter,1
rival-decoded,normalized/ascii/lib__arm64-v8a__libOVRPlugin.so.txt,Foveated Rendering,medium,GetFoveationEyeTrackedCenter(),2
rival-decoded,normalized/ascii/lib__arm64-v8a__libOVRPlugin.so.txt,Eye-Tracking Enablement,high,EyeTracked,9
rival-decoded,normalized/ascii/lib__arm64-v8a__libOVRPlugin.so.txt,Eye-Tracking Enablement,high,eyeTrackingSupported,2
rival-decoded,normalized/ascii/lib__arm64-v8a__libOVRPlugin.so.txt,Raw Data Collection,high,ovrp_GetEyeGazesState,1
rival-decoded,normalized/ascii/lib__arm64-v8a__libOVRPlugin.so.txt,Raw Data Collection,medium,ovrp_GetEyeTrackingEnabled,1
rival-decoded,normalized/ascii/lib__arm64-v8a__libunity.so.txt,Foveated Rendering,medium,foveat,25
rival-decoded,normalized/ascii/lib__arm64-v8a__libunity.so.txt,Foveated Rendering,high,foveated,17
rival-decoded,normalized/ascii/lib__arm64-v8a__libunity.so.txt,Foveated Rendering,high,foveation,9
rival-decoded,normalized/ascii/lib__arm64-v8a__libUnityOpenXR.so.txt,Foveated Rendering,medium,foveat,25
rival-decoded,normalized/ascii/lib__arm64-v8a__libUnityOpenXR.so.txt,Foveated Rendering,high,foveated,3
rival-decoded,normalized/ascii/lib__arm64-v8a__libUnityOpenXR.so.txt,Foveated Rendering,high,foveation,25
rival-decoded,normalized/ascii/lib__arm64-v8a__libUnityOpenXR.so.txt,Foveated Rendering,medium,MetaGetEyeTrackedFoveationSupported,1
rival-decoded,normalized/ascii/lib__arm64-v8a__libUnityOpenXR.so.txt,Foveated Rendering,medium,MetaGetFoveationEyeTracked,1
rival-decoded,normalized/ascii/lib__arm64-v8a__libUnityOpenXR.so.txt,Foveated Rendering,medium,MetaSetFoveationEyeTracked,1
rival-decoded,normalized/ascii/lib__arm64-v8a__libUnityOpenXR.so.txt,Foveated Rendering,medium,xrGetFoveationEyeTrackedStateMETA,1
rival-decoded,normalized/ascii/lib__arm64-v8a__libUnityOpenXR.so.txt,Eye-Tracking Enablement,high,EyeTracked,4
ShapesXR-decoded,normalized/ascii/lib__arm64-v8a__libil2cpp.so.txt,Foveated Rendering,medium,foveat,21
ShapesXR-decoded,normalized/ascii/lib__arm64-v8a__libil2cpp.so.txt,Foveated Rendering,high,foveated,8
ShapesXR-decoded,normalized/ascii/lib__arm64-v8a__libil2cpp.so.txt,Foveated Rendering,high,foveation,15
ShapesXR-decoded,normalized/ascii/lib__arm64-v8a__libil2cpp.so.txt,Foveated Rendering,medium,GetEyeTrackedFoveatedRenderingEnabled,1
ShapesXR-decoded,normalized/ascii/lib__arm64-v8a__libil2cpp.so.txt,Foveated Rendering,medium,GetEyeTrackedFoveatedRenderingSupported,1
ShapesXR-decoded,normalized/ascii/lib__arm64-v8a__libil2cpp.so.txt,Foveated Rendering,medium,SetEyeTrackedFoveatedRenderingEnabled,1
ShapesXR-decoded,normalized/ascii/lib__arm64-v8a__libil2cpp.so.txt,Foveated Rendering,medium,MetaGetEyeTrackedFoveationSupported,1
ShapesXR-decoded,normalized/ascii/lib__arm64-v8a__libil2cpp.so.txt,Foveated Rendering,medium,MetaGetFoveationEyeTracked,1
ShapesXR-decoded,normalized/ascii/lib__arm64-v8a__libil2cpp.so.txt,Foveated Rendering,medium,MetaSetFoveationEyeTracked,1
ShapesXR-decoded,normalized/ascii/lib__arm64-v8a__libil2cpp.so.txt,Foveated Rendering,medium,ovrp_SetFoveationEyeTracked,1
ShapesXR-decoded,normalized/ascii/lib__arm64-v8a__libil2cpp.so.txt,Foveated Rendering,medium,SetEyeTrackedFoveatedRenderingEnabled,1
ShapesXR-decoded,normalized/ascii/lib__arm64-v8a__libil2cpp.so.txt,Foveated Rendering,medium,GetEyeTrackedFoveatedRenderingSupported,1
ShapesXR-decoded,normalized/ascii/lib__arm64-v8a__libil2cpp.so.txt,Eye-Tracking Enablement,high,EyeTracked,9
ShapesXR-decoded,normalized/ascii/lib__arm64-v8a__libil2cpp.so.txt,Eye-Tracking Enablement,high,eyeTrackingSupported,1
ShapesXR-decoded,normalized/ascii/lib__arm64-v8a__libil2cpp.so.txt,Raw Data Collection,high,ovrp_GetEyeGazesState,1
ShapesXR-decoded,normalized/ascii/lib__arm64-v8a__libil2cpp.so.txt,Raw Data Collection,medium,ovrp_GetEyeTrackingEnabled,1
ShapesXR-decoded,normalized/ascii/lib__arm64-v8a__libOculusXRPlugin.so.txt,Foveated Rendering,medium,foveat,21
ShapesXR-decoded,normalized/ascii/lib__arm64-v8a__libOculusXRPlugin.so.txt,Foveated Rendering,high,foveated,13
ShapesXR-decoded,normalized/ascii/lib__arm64-v8a__libOculusXRPlugin.so.txt,Foveated Rendering,high,foveation,10
ShapesXR-decoded,normalized/ascii/lib__arm64-v8a__libOculusXRPlugin.so.txt,Foveated Rendering,medium,GetEyeTrackedFoveatedRenderingEnabled,1
ShapesXR-decoded,normalized/ascii/lib__arm64-v8a__libOculusXRPlugin.so.txt,Foveated Rendering,medium,GetEyeTrackedFoveatedRenderingSupported,1
ShapesXR-decoded,normalized/ascii/lib__arm64-v8a__libOculusXRPlugin.so.txt,Foveated Rendering,medium,SetEyeTrackedFoveatedRenderingEnabled,1
ShapesXR-decoded,normalized/ascii/lib__arm64-v8a__libOculusXRPlugin.so.txt,Foveated Rendering,medium,ovrp_SetFoveationEyeTracked,1
ShapesXR-decoded,normalized/ascii/lib__arm64-v8a__libOculusXRPlugin.so.txt,Foveated Rendering,medium,ovrp_GetFoveationEyeTrackedCenter,1
ShapesXR-decoded,normalized/ascii/lib__arm64-v8a__libOculusXRPlugin.so.txt,Foveated Rendering,medium,SetEyeTrackedFoveatedRenderingEnabled,1
ShapesXR-decoded,normalized/ascii/lib__arm64-v8a__libOculusXRPlugin.so.txt,Foveated Rendering,medium,GetEyeTrackedFoveatedRenderingSupported,1
ShapesXR-decoded,normalized/ascii/lib__arm64-v8a__libOculusXRPlugin.so.txt,Eye-Tracking Enablement,high,EyeTracked,9
ShapesXR-decoded,normalized/ascii/lib__arm64-v8a__libovravatar2.so.txt,Biometric Signals & Metrics,medium,saccade,2
ShapesXR-decoded,normalized/ascii/lib__arm64-v8a__libOVRPlugin.so.txt,Eye-Tracking Enablement,high,eye tracking,2
ShapesXR-decoded,normalized/ascii/lib__arm64-v8a__libOVRPlugin.so.txt,Foveated Rendering,medium,foveat,25
ShapesXR-decoded,normalized/ascii/lib__arm64-v8a__libOVRPlugin.so.txt,Foveated Rendering,high,foveated,1
ShapesXR-decoded,normalized/ascii/lib__arm64-v8a__libOVRPlugin.so.txt,Foveated Rendering,high,foveation,25
ShapesXR-decoded,normalized/ascii/lib__arm64-v8a__libOVRPlugin.so.txt,Foveated Rendering,medium,xrGetFoveationEyeTrackedStateMETA,2
ShapesXR-decoded,normalized/ascii/lib__arm64-v8a__libOVRPlugin.so.txt,Foveated Rendering,medium,ovrp_SetFoveationEyeTracked,1
ShapesXR-decoded,normalized/ascii/lib__arm64-v8a__libOVRPlugin.so.txt,Foveated Rendering,medium,ovrp_GetFoveationEyeTrackedCenter,1
ShapesXR-decoded,normalized/ascii/lib__arm64-v8a__libOVRPlugin.so.txt,Foveated Rendering,medium,GetFoveationEyeTrackedCenter(),2
ShapesXR-decoded,normalized/ascii/lib__arm64-v8a__libOVRPlugin.so.txt,Eye-Tracking Enablement,high,EyeTracked,9
ShapesXR-decoded,normalized/ascii/lib__arm64-v8a__libOVRPlugin.so.txt,Eye-Tracking Enablement,high,eyeTrackingSupported,2
ShapesXR-decoded,normalized/ascii/lib__arm64-v8a__libOVRPlugin.so.txt,Raw Data Collection,high,ovrp_GetEyeGazesState,1
ShapesXR-decoded,normalized/ascii/lib__arm64-v8a__libOVRPlugin.so.txt,Raw Data Collection,medium,ovrp_GetEyeTrackingEnabled,1
ShapesXR-decoded,normalized/ascii/lib__arm64-v8a__libovrplugintracking.so.txt,Raw Data Collection,high,ovrp_GetEyeGazesState,1
ShapesXR-decoded,normalized/ascii/lib__arm64-v8a__libovrplugintracking.so.txt,Raw Data Collection,medium,ovrp_GetEyeTrackingEnabled,1
ShapesXR-decoded,normalized/ascii/lib__arm64-v8a__libunity.so.txt,Foveated Rendering,medium,foveat,25
ShapesXR-decoded,normalized/ascii/lib__arm64-v8a__libunity.so.txt,Foveated Rendering,high,foveated,17
ShapesXR-decoded,normalized/ascii/lib__arm64-v8a__libunity.so.txt,Foveated Rendering,high,foveation,9
ShapesXR-decoded,normalized/ascii/lib__arm64-v8a__libunity_openxr_android.so.txt,Raw Data Collection,high,EyeTrackingProvider,1
ShapesXR-decoded,normalized/ascii/lib__arm64-v8a__libxrtracking.so.txt,Eye-Tracking Enablement,high,eye tracking,1
Sketchar-AR-drawing-painting-tracing-decoded,normalized/ascii/lib__arm64-v8a__libil2cpp.so.txt,Foveated Rendering,medium,foveat,20
Sketchar-AR-drawing-painting-tracing-decoded,normalized/ascii/lib__arm64-v8a__libil2cpp.so.txt,Foveated Rendering,high,foveated,5
Sketchar-AR-drawing-painting-tracing-decoded,normalized/ascii/lib__arm64-v8a__libil2cpp.so.txt,Foveated Rendering,high,foveation,17
Sketchar-AR-drawing-painting-tracing-decoded,normalized/ascii/lib__arm64-v8a__libil2cpp.so.txt,Foveated Rendering,medium,MetaGetEyeTrackedFoveationSupported,1
Sketchar-AR-drawing-painting-tracing-decoded,normalized/ascii/lib__arm64-v8a__libil2cpp.so.txt,Foveated Rendering,medium,MetaGetFoveationEyeTracked,1
Sketchar-AR-drawing-painting-tracing-decoded,normalized/ascii/lib__arm64-v8a__libil2cpp.so.txt,Foveated Rendering,medium,MetaSetFoveationEyeTracked,1
Sketchar-AR-drawing-painting-tracing-decoded,normalized/ascii/lib__arm64-v8a__libil2cpp.so.txt,Foveated Rendering,medium,ovrp_SetFoveationEyeTracked,1
Sketchar-AR-drawing-painting-tracing-decoded,normalized/ascii/lib__arm64-v8a__libil2cpp.so.txt,Eye-Tracking Enablement,high,EyeTracked,6
Sketchar-AR-drawing-painting-tracing-decoded,normalized/ascii/lib__arm64-v8a__libil2cpp.so.txt,Eye-Tracking Enablement,high,eyeTrackingSupported,1
Sketchar-AR-drawing-painting-tracing-decoded,normalized/ascii/lib__arm64-v8a__libil2cpp.so.txt,Raw Data Collection,high,ovrp_GetEyeGazesState,1
Sketchar-AR-drawing-painting-tracing-decoded,normalized/ascii/lib__arm64-v8a__libil2cpp.so.txt,Raw Data Collection,medium,ovrp_GetEyeTrackingEnabled,1
Sketchar-AR-drawing-painting-tracing-decoded,normalized/ascii/lib__arm64-v8a__libOVRPlugin.so.txt,Eye-Tracking Enablement,high,eye tracking,2
Sketchar-AR-drawing-painting-tracing-decoded,normalized/ascii/lib__arm64-v8a__libOVRPlugin.so.txt,Foveated Rendering,medium,foveat,25
Sketchar-AR-drawing-painting-tracing-decoded,normalized/ascii/lib__arm64-v8a__libOVRPlugin.so.txt,Foveated Rendering,high,foveated,1
Sketchar-AR-drawing-painting-tracing-decoded,normalized/ascii/lib__arm64-v8a__libOVRPlugin.so.txt,Foveated Rendering,high,foveation,25
Sketchar-AR-drawing-painting-tracing-decoded,normalized/ascii/lib__arm64-v8a__libOVRPlugin.so.txt,Foveated Rendering,medium,xrGetFoveationEyeTrackedStateMETA,2
Sketchar-AR-drawing-painting-tracing-decoded,normalized/ascii/lib__arm64-v8a__libOVRPlugin.so.txt,Foveated Rendering,medium,ovrp_SetFoveationEyeTracked,1
Sketchar-AR-drawing-painting-tracing-decoded,normalized/ascii/lib__arm64-v8a__libOVRPlugin.so.txt,Foveated Rendering,medium,ovrp_GetFoveationEyeTrackedCenter,1
Sketchar-AR-drawing-painting-tracing-decoded,normalized/ascii/lib__arm64-v8a__libOVRPlugin.so.txt,Foveated Rendering,medium,GetFoveationEyeTrackedCenter(),2
Sketchar-AR-drawing-painting-tracing-decoded,normalized/ascii/lib__arm64-v8a__libOVRPlugin.so.txt,Eye-Tracking Enablement,high,EyeTracked,9
Sketchar-AR-drawing-painting-tracing-decoded,normalized/ascii/lib__arm64-v8a__libOVRPlugin.so.txt,Eye-Tracking Enablement,high,eyeTrackingSupported,2
Sketchar-AR-drawing-painting-tracing-decoded,normalized/ascii/lib__arm64-v8a__libOVRPlugin.so.txt,Raw Data Collection,high,ovrp_GetEyeGazesState,1
Sketchar-AR-drawing-painting-tracing-decoded,normalized/ascii/lib__arm64-v8a__libOVRPlugin.so.txt,Raw Data Collection,medium,ovrp_GetEyeTrackingEnabled,1
Sketchar-AR-drawing-painting-tracing-decoded,normalized/ascii/lib__arm64-v8a__libunity.so.txt,Foveated Rendering,medium,foveat,25
Sketchar-AR-drawing-painting-tracing-decoded,normalized/ascii/lib__arm64-v8a__libunity.so.txt,Foveated Rendering,high,foveated,18
Sketchar-AR-drawing-painting-tracing-decoded,normalized/ascii/lib__arm64-v8a__libunity.so.txt,Foveated Rendering,high,foveation,10
Sketchar-AR-drawing-painting-tracing-decoded,normalized/ascii/lib__arm64-v8a__libUnityOpenXR.so.txt,Foveated Rendering,medium,foveat,25
Sketchar-AR-drawing-painting-tracing-decoded,normalized/ascii/lib__arm64-v8a__libUnityOpenXR.so.txt,Foveated Rendering,high,foveated,3
Sketchar-AR-drawing-painting-tracing-decoded,normalized/ascii/lib__arm64-v8a__libUnityOpenXR.so.txt,Foveated Rendering,high,foveation,25
Sketchar-AR-drawing-painting-tracing-decoded,normalized/ascii/lib__arm64-v8a__libUnityOpenXR.so.txt,Foveated Rendering,medium,MetaGetEyeTrackedFoveationSupported,1
Sketchar-AR-drawing-painting-tracing-decoded,normalized/ascii/lib__arm64-v8a__libUnityOpenXR.so.txt,Foveated Rendering,medium,MetaGetFoveationEyeTracked,1
Sketchar-AR-drawing-painting-tracing-decoded,normalized/ascii/lib__arm64-v8a__libUnityOpenXR.so.txt,Foveated Rendering,medium,MetaSetFoveationEyeTracked,1
Sketchar-AR-drawing-painting-tracing-decoded,normalized/ascii/lib__arm64-v8a__libUnityOpenXR.so.txt,Foveated Rendering,medium,xrGetFoveationEyeTrackedStateMETA,1
Sketchar-AR-drawing-painting-tracing-decoded,normalized/ascii/lib__arm64-v8a__libUnityOpenXR.so.txt,Eye-Tracking Enablement,high,EyeTracked,4
SkillsVR-empowered-reality-decoded,normalized/ascii/lib__arm64-v8a__libil2cpp.so.txt,Foveated Rendering,medium,foveat,7
SkillsVR-empowered-reality-decoded,normalized/ascii/lib__arm64-v8a__libil2cpp.so.txt,Foveated Rendering,high,foveated,1
SkillsVR-empowered-reality-decoded,normalized/ascii/lib__arm64-v8a__libil2cpp.so.txt,Foveated Rendering,high,foveation,6
SkillsVR-empowered-reality-decoded,normalized/ascii/lib__arm64-v8a__libil2cpp.so.txt,Foveated Rendering,medium,GetEyeTrackedFoveatedRenderingSupported,1
SkillsVR-empowered-reality-decoded,normalized/ascii/lib__arm64-v8a__libil2cpp.so.txt,Foveated Rendering,medium,ovrp_SetFoveationEyeTracked,1
SkillsVR-empowered-reality-decoded,normalized/ascii/lib__arm64-v8a__libil2cpp.so.txt,Foveated Rendering,medium,GetEyeTrackedFoveatedRenderingSupported,1
SkillsVR-empowered-reality-decoded,normalized/ascii/lib__arm64-v8a__libil2cpp.so.txt,Eye-Tracking Enablement,high,EyeTracked,4
SkillsVR-empowered-reality-decoded,normalized/ascii/lib__arm64-v8a__libil2cpp.so.txt,Eye-Tracking Enablement,high,eyeTrackingSupported,1
SkillsVR-empowered-reality-decoded,normalized/ascii/lib__arm64-v8a__libil2cpp.so.txt,Raw Data Collection,high,ovrp_GetEyeGazesState,1
SkillsVR-empowered-reality-decoded,normalized/ascii/lib__arm64-v8a__libil2cpp.so.txt,Raw Data Collection,medium,ovrp_GetEyeTrackingEnabled,1
SkillsVR-empowered-reality-decoded,normalized/ascii/lib__arm64-v8a__libOculusXRPlugin.so.txt,Foveated Rendering,medium,foveat,25
SkillsVR-empowered-reality-decoded,normalized/ascii/lib__arm64-v8a__libOculusXRPlugin.so.txt,Foveated Rendering,high,foveated,25
SkillsVR-empowered-reality-decoded,normalized/ascii/lib__arm64-v8a__libOculusXRPlugin.so.txt,Foveated Rendering,high,foveation,25
SkillsVR-empowered-reality-decoded,normalized/ascii/lib__arm64-v8a__libOculusXRPlugin.so.txt,Foveated Rendering,medium,GetEyeTrackedFoveatedRenderingSupported,4
SkillsVR-empowered-reality-decoded,normalized/ascii/lib__arm64-v8a__libOculusXRPlugin.so.txt,Foveated Rendering,medium,ovrp_SetFoveationEyeTracked,4
SkillsVR-empowered-reality-decoded,normalized/ascii/lib__arm64-v8a__libOculusXRPlugin.so.txt,Foveated Rendering,medium,ovrp_GetFoveationEyeTrackedCenter,4
SkillsVR-empowered-reality-decoded,normalized/ascii/lib__arm64-v8a__libOculusXRPlugin.so.txt,Foveated Rendering,medium,GetEyeTrackedFoveatedRenderingSupported,4
SkillsVR-empowered-reality-decoded,normalized/ascii/lib__arm64-v8a__libOculusXRPlugin.so.txt,Eye-Tracking Enablement,high,EyeTracked,25
SkillsVR-empowered-reality-decoded,normalized/ascii/lib__arm64-v8a__libopenxr_loader.so.txt,Foveated Rendering,medium,foveat,2
SkillsVR-empowered-reality-decoded,normalized/ascii/lib__arm64-v8a__libopenxr_loader.so.txt,Foveated Rendering,high,foveation,2
SkillsVR-empowered-reality-decoded,normalized/ascii/lib__arm64-v8a__libOVRPlugin.so.txt,Eye-Tracking Enablement,high,eye tracking,2
SkillsVR-empowered-reality-decoded,normalized/ascii/lib__arm64-v8a__libOVRPlugin.so.txt,Foveated Rendering,medium,foveat,25
SkillsVR-empowered-reality-decoded,normalized/ascii/lib__arm64-v8a__libOVRPlugin.so.txt,Foveated Rendering,high,foveation,25
SkillsVR-empowered-reality-decoded,normalized/ascii/lib__arm64-v8a__libOVRPlugin.so.txt,Foveated Rendering,medium,xrGetFoveationEyeTrackedStateMETA,2
SkillsVR-empowered-reality-decoded,normalized/ascii/lib__arm64-v8a__libOVRPlugin.so.txt,Foveated Rendering,medium,ovrp_SetFoveationEyeTracked,1
SkillsVR-empowered-reality-decoded,normalized/ascii/lib__arm64-v8a__libOVRPlugin.so.txt,Foveated Rendering,medium,ovrp_GetFoveationEyeTrackedCenter,1
SkillsVR-empowered-reality-decoded,normalized/ascii/lib__arm64-v8a__libOVRPlugin.so.txt,Foveated Rendering,medium,GetFoveationEyeTrackedCenter(),2
SkillsVR-empowered-reality-decoded,normalized/ascii/lib__arm64-v8a__libOVRPlugin.so.txt,Eye-Tracking Enablement,high,EyeTracked,9
SkillsVR-empowered-reality-decoded,normalized/ascii/lib__arm64-v8a__libOVRPlugin.so.txt,Eye-Tracking Enablement,high,eyeTrackingSupported,1
SkillsVR-empowered-reality-decoded,normalized/ascii/lib__arm64-v8a__libOVRPlugin.so.txt,Raw Data Collection,high,ovrp_GetEyeGazesState,1
SkillsVR-empowered-reality-decoded,normalized/ascii/lib__arm64-v8a__libOVRPlugin.so.txt,Raw Data Collection,medium,ovrp_GetEyeTrackingEnabled,1
SkillsVR-empowered-reality-decoded,normalized/ascii/lib__arm64-v8a__libunity.so.txt,Foveated Rendering,medium,foveat,2
SkillsVR-empowered-reality-decoded,normalized/ascii/lib__arm64-v8a__libunity.so.txt,Foveated Rendering,high,foveation,2
SkillsVR-empowered-reality-decoded,normalized/ascii/lib__arm64-v8a__libunity.so.txt,Biometric Signals & Metrics,high,fixation,1
SkillsVR-empowered-reality-decoded,normalized/ascii/lib__arm64-v8a__libunity.so.txt,Gaze Geometry,high,EyeOpenAmount,1
Spirit-Sling-Tabletop-decoded,normalized/ascii/lib__arm64-v8a__libil2cpp.so.txt,Foveated Rendering,medium,foveat,9
Spirit-Sling-Tabletop-decoded,normalized/ascii/lib__arm64-v8a__libil2cpp.so.txt,Foveated Rendering,high,foveated,6
Spirit-Sling-Tabletop-decoded,normalized/ascii/lib__arm64-v8a__libil2cpp.so.txt,Foveated Rendering,high,foveation,3
Spirit-Sling-Tabletop-decoded,normalized/ascii/lib__arm64-v8a__libil2cpp.so.txt,Foveated Rendering,medium,GetEyeTrackedFoveatedRenderingEnabled,1
Spirit-Sling-Tabletop-decoded,normalized/ascii/lib__arm64-v8a__libil2cpp.so.txt,Foveated Rendering,medium,GetEyeTrackedFoveatedRenderingSupported,1
Spirit-Sling-Tabletop-decoded,normalized/ascii/lib__arm64-v8a__libil2cpp.so.txt,Foveated Rendering,medium,SetEyeTrackedFoveatedRenderingEnabled,1
Spirit-Sling-Tabletop-decoded,normalized/ascii/lib__arm64-v8a__libil2cpp.so.txt,Foveated Rendering,medium,ovrp_SetFoveationEyeTracked,1
Spirit-Sling-Tabletop-decoded,normalized/ascii/lib__arm64-v8a__libil2cpp.so.txt,Foveated Rendering,medium,SetEyeTrackedFoveatedRenderingEnabled,1
Spirit-Sling-Tabletop-decoded,normalized/ascii/lib__arm64-v8a__libil2cpp.so.txt,Foveated Rendering,medium,GetEyeTrackedFoveatedRenderingSupported,1
Spirit-Sling-Tabletop-decoded,normalized/ascii/lib__arm64-v8a__libil2cpp.so.txt,Eye-Tracking Enablement,high,EyeTracked,6
Spirit-Sling-Tabletop-decoded,normalized/ascii/lib__arm64-v8a__libil2cpp.so.txt,Eye-Tracking Enablement,high,eyeTrackingSupported,1
Spirit-Sling-Tabletop-decoded,normalized/ascii/lib__arm64-v8a__libil2cpp.so.txt,Raw Data Collection,high,ovrp_GetEyeGazesState,1
Spirit-Sling-Tabletop-decoded,normalized/ascii/lib__arm64-v8a__libil2cpp.so.txt,Raw Data Collection,medium,ovrp_GetEyeTrackingEnabled,1
Spirit-Sling-Tabletop-decoded,normalized/ascii/lib__arm64-v8a__libOculusXRPlugin.so.txt,Foveated Rendering,medium,foveat,25
Spirit-Sling-Tabletop-decoded,normalized/ascii/lib__arm64-v8a__libOculusXRPlugin.so.txt,Foveated Rendering,high,foveated,25
Spirit-Sling-Tabletop-decoded,normalized/ascii/lib__arm64-v8a__libOculusXRPlugin.so.txt,Foveated Rendering,high,foveation,25
Spirit-Sling-Tabletop-decoded,normalized/ascii/lib__arm64-v8a__libOculusXRPlugin.so.txt,Foveated Rendering,medium,GetEyeTrackedFoveatedRenderingEnabled,4
Spirit-Sling-Tabletop-decoded,normalized/ascii/lib__arm64-v8a__libOculusXRPlugin.so.txt,Foveated Rendering,medium,GetEyeTrackedFoveatedRenderingSupported,4
Spirit-Sling-Tabletop-decoded,normalized/ascii/lib__arm64-v8a__libOculusXRPlugin.so.txt,Foveated Rendering,medium,SetEyeTrackedFoveatedRenderingEnabled,4
Spirit-Sling-Tabletop-decoded,normalized/ascii/lib__arm64-v8a__libOculusXRPlugin.so.txt,Foveated Rendering,medium,ovrp_SetFoveationEyeTracked,4
Spirit-Sling-Tabletop-decoded,normalized/ascii/lib__arm64-v8a__libOculusXRPlugin.so.txt,Foveated Rendering,medium,ovrp_GetFoveationEyeTrackedCenter,4
Spirit-Sling-Tabletop-decoded,normalized/ascii/lib__arm64-v8a__libOculusXRPlugin.so.txt,Foveated Rendering,medium,SetEyeTrackedFoveatedRenderingEnabled,4
Spirit-Sling-Tabletop-decoded,normalized/ascii/lib__arm64-v8a__libOculusXRPlugin.so.txt,Foveated Rendering,medium,GetEyeTrackedFoveatedRenderingSupported,4
Spirit-Sling-Tabletop-decoded,normalized/ascii/lib__arm64-v8a__libOculusXRPlugin.so.txt,Eye-Tracking Enablement,high,EyeTracked,25
Spirit-Sling-Tabletop-decoded,normalized/ascii/lib__arm64-v8a__libovravatar2.so.txt,Biometric Signals & Metrics,medium,saccade,2
Spirit-Sling-Tabletop-decoded,normalized/ascii/lib__arm64-v8a__libOVRPlugin.so.txt,Eye-Tracking Enablement,high,eye tracking,2
Spirit-Sling-Tabletop-decoded,normalized/ascii/lib__arm64-v8a__libOVRPlugin.so.txt,Foveated Rendering,medium,foveat,25
Spirit-Sling-Tabletop-decoded,normalized/ascii/lib__arm64-v8a__libOVRPlugin.so.txt,Foveated Rendering,high,foveated,1
Spirit-Sling-Tabletop-decoded,normalized/ascii/lib__arm64-v8a__libOVRPlugin.so.txt,Foveated Rendering,high,foveation,25
Spirit-Sling-Tabletop-decoded,normalized/ascii/lib__arm64-v8a__libOVRPlugin.so.txt,Foveated Rendering,medium,xrGetFoveationEyeTrackedStateMETA,2
Spirit-Sling-Tabletop-decoded,normalized/ascii/lib__arm64-v8a__libOVRPlugin.so.txt,Foveated Rendering,medium,ovrp_SetFoveationEyeTracked,1
Spirit-Sling-Tabletop-decoded,normalized/ascii/lib__arm64-v8a__libOVRPlugin.so.txt,Foveated Rendering,medium,ovrp_GetFoveationEyeTrackedCenter,1
Spirit-Sling-Tabletop-decoded,normalized/ascii/lib__arm64-v8a__libOVRPlugin.so.txt,Foveated Rendering,medium,GetFoveationEyeTrackedCenter(),2
Spirit-Sling-Tabletop-decoded,normalized/ascii/lib__arm64-v8a__libOVRPlugin.so.txt,Eye-Tracking Enablement,high,EyeTracked,9
Spirit-Sling-Tabletop-decoded,normalized/ascii/lib__arm64-v8a__libOVRPlugin.so.txt,Eye-Tracking Enablement,high,eyeTrackingSupported,2
Spirit-Sling-Tabletop-decoded,normalized/ascii/lib__arm64-v8a__libOVRPlugin.so.txt,Raw Data Collection,high,ovrp_GetEyeGazesState,1
Spirit-Sling-Tabletop-decoded,normalized/ascii/lib__arm64-v8a__libOVRPlugin.so.txt,Raw Data Collection,medium,ovrp_GetEyeTrackingEnabled,1
Spirit-Sling-Tabletop-decoded,normalized/ascii/lib__arm64-v8a__libovrplugintracking.so.txt,Raw Data Collection,high,ovrp_GetEyeGazesState,1
Spirit-Sling-Tabletop-decoded,normalized/ascii/lib__arm64-v8a__libovrplugintracking.so.txt,Raw Data Collection,medium,ovrp_GetEyeTrackingEnabled,1
Spirit-Sling-Tabletop-decoded,normalized/ascii/lib__arm64-v8a__libunity.so.txt,Foveated Rendering,medium,foveat,13
Spirit-Sling-Tabletop-decoded,normalized/ascii/lib__arm64-v8a__libunity.so.txt,Foveated Rendering,high,foveated,10
Spirit-Sling-Tabletop-decoded,normalized/ascii/lib__arm64-v8a__libunity.so.txt,Foveated Rendering,high,foveation,4
StageTime-decoded,normalized/ascii/lib__arm64-v8a__libil2cpp.so.txt,Foveated Rendering,medium,foveat,20
StageTime-decoded,normalized/ascii/lib__arm64-v8a__libil2cpp.so.txt,Foveated Rendering,high,foveated,5
StageTime-decoded,normalized/ascii/lib__arm64-v8a__libil2cpp.so.txt,Foveated Rendering,high,foveation,17
StageTime-decoded,normalized/ascii/lib__arm64-v8a__libil2cpp.so.txt,Foveated Rendering,medium,MetaGetEyeTrackedFoveationSupported,1
StageTime-decoded,normalized/ascii/lib__arm64-v8a__libil2cpp.so.txt,Foveated Rendering,medium,MetaGetFoveationEyeTracked,1
StageTime-decoded,normalized/ascii/lib__arm64-v8a__libil2cpp.so.txt,Foveated Rendering,medium,MetaSetFoveationEyeTracked,1
StageTime-decoded,normalized/ascii/lib__arm64-v8a__libil2cpp.so.txt,Foveated Rendering,medium,ovrp_SetFoveationEyeTracked,1
StageTime-decoded,normalized/ascii/lib__arm64-v8a__libil2cpp.so.txt,Eye-Tracking Enablement,high,EyeTracked,6
StageTime-decoded,normalized/ascii/lib__arm64-v8a__libil2cpp.so.txt,Eye-Tracking Enablement,high,eyeTrackingSupported,1
StageTime-decoded,normalized/ascii/lib__arm64-v8a__libil2cpp.so.txt,Raw Data Collection,high,ovrp_GetEyeGazesState,1
StageTime-decoded,normalized/ascii/lib__arm64-v8a__libil2cpp.so.txt,Raw Data Collection,medium,ovrp_GetEyeTrackingEnabled,1
StageTime-decoded,normalized/ascii/lib__arm64-v8a__libngfx.so.txt,Foveated Rendering,medium,foveat,25
StageTime-decoded,normalized/ascii/lib__arm64-v8a__libngfx.so.txt,Foveated Rendering,high,foveated,18
StageTime-decoded,normalized/ascii/lib__arm64-v8a__libngfx.so.txt,Foveated Rendering,high,foveation,15
StageTime-decoded,normalized/ascii/lib__arm64-v8a__libopenxr_loader.so.txt,Foveated Rendering,medium,foveat,2
StageTime-decoded,normalized/ascii/lib__arm64-v8a__libopenxr_loader.so.txt,Foveated Rendering,high,foveation,2
StageTime-decoded,normalized/ascii/lib__arm64-v8a__libOVRPlugin.so.txt,Eye-Tracking Enablement,high,eye tracking,2
StageTime-decoded,normalized/ascii/lib__arm64-v8a__libOVRPlugin.so.txt,Foveated Rendering,medium,foveat,25
StageTime-decoded,normalized/ascii/lib__arm64-v8a__libOVRPlugin.so.txt,Foveated Rendering,high,foveated,1
StageTime-decoded,normalized/ascii/lib__arm64-v8a__libOVRPlugin.so.txt,Foveated Rendering,high,foveation,25
StageTime-decoded,normalized/ascii/lib__arm64-v8a__libOVRPlugin.so.txt,Foveated Rendering,medium,xrGetFoveationEyeTrackedStateMETA,2
StageTime-decoded,normalized/ascii/lib__arm64-v8a__libOVRPlugin.so.txt,Foveated Rendering,medium,ovrp_SetFoveationEyeTracked,1
StageTime-decoded,normalized/ascii/lib__arm64-v8a__libOVRPlugin.so.txt,Foveated Rendering,medium,ovrp_GetFoveationEyeTrackedCenter,1
StageTime-decoded,normalized/ascii/lib__arm64-v8a__libOVRPlugin.so.txt,Foveated Rendering,medium,GetFoveationEyeTrackedCenter(),2
StageTime-decoded,normalized/ascii/lib__arm64-v8a__libOVRPlugin.so.txt,Eye-Tracking Enablement,high,EyeTracked,9
StageTime-decoded,normalized/ascii/lib__arm64-v8a__libOVRPlugin.so.txt,Eye-Tracking Enablement,high,eyeTrackingSupported,2
StageTime-decoded,normalized/ascii/lib__arm64-v8a__libOVRPlugin.so.txt,Raw Data Collection,high,ovrp_GetEyeGazesState,1
StageTime-decoded,normalized/ascii/lib__arm64-v8a__libOVRPlugin.so.txt,Raw Data Collection,medium,ovrp_GetEyeTrackingEnabled,1
StageTime-decoded,normalized/ascii/lib__arm64-v8a__libunity.so.txt,Foveated Rendering,medium,foveat,13
StageTime-decoded,normalized/ascii/lib__arm64-v8a__libunity.so.txt,Foveated Rendering,high,foveated,10
StageTime-decoded,normalized/ascii/lib__arm64-v8a__libunity.so.txt,Foveated Rendering,high,foveation,4
StageTime-decoded,normalized/ascii/lib__arm64-v8a__libUnityOpenXR.so.txt,Foveated Rendering,medium,foveat,25
StageTime-decoded,normalized/ascii/lib__arm64-v8a__libUnityOpenXR.so.txt,Foveated Rendering,high,foveated,3
StageTime-decoded,normalized/ascii/lib__arm64-v8a__libUnityOpenXR.so.txt,Foveated Rendering,high,foveation,25
StageTime-decoded,normalized/ascii/lib__arm64-v8a__libUnityOpenXR.so.txt,Foveated Rendering,medium,MetaGetEyeTrackedFoveationSupported,1
StageTime-decoded,normalized/ascii/lib__arm64-v8a__libUnityOpenXR.so.txt,Foveated Rendering,medium,MetaGetFoveationEyeTracked,1
StageTime-decoded,normalized/ascii/lib__arm64-v8a__libUnityOpenXR.so.txt,Foveated Rendering,medium,MetaSetFoveationEyeTracked,1
StageTime-decoded,normalized/ascii/lib__arm64-v8a__libUnityOpenXR.so.txt,Foveated Rendering,medium,xrGetFoveationEyeTrackedStateMETA,1
StageTime-decoded,normalized/ascii/lib__arm64-v8a__libUnityOpenXR.so.txt,Eye-Tracking Enablement,high,EyeTracked,4
Steam-Link-decoded,normalized/ascii/lib__arm64-v8a__libvrlink_scene.so.txt,Eye-Tracking Enablement,high,eye tracking,5
Steam-Link-decoded,normalized/ascii/lib__arm64-v8a__libvrlink_scene.so.txt,Foveated Rendering,medium,foveat,2
Steam-Link-decoded,normalized/ascii/lib__arm64-v8a__libvrlink_scene.so.txt,Foveated Rendering,high,foveated,2
Steam-Link-decoded,normalized/ascii/lib__arm64-v8a__libvrlink_scene.so.txt,Eye-Tracking Enablement,high,XR_EXT_eye_gaze_interaction,1
TechniCapture-decoded,normalized/ascii/lib__arm64-v8a__libil2cpp.so.txt,Foveated Rendering,medium,foveat,6
TechniCapture-decoded,normalized/ascii/lib__arm64-v8a__libil2cpp.so.txt,Foveated Rendering,high,foveated,3
TechniCapture-decoded,normalized/ascii/lib__arm64-v8a__libil2cpp.so.txt,Foveated Rendering,high,foveation,3
TechniCapture-decoded,normalized/ascii/lib__arm64-v8a__libil2cpp.so.txt,Foveated Rendering,medium,GetEyeTrackedFoveatedRenderingEnabled,1
TechniCapture-decoded,normalized/ascii/lib__arm64-v8a__libil2cpp.so.txt,Foveated Rendering,medium,GetEyeTrackedFoveatedRenderingSupported,1
TechniCapture-decoded,normalized/ascii/lib__arm64-v8a__libil2cpp.so.txt,Foveated Rendering,medium,SetEyeTrackedFoveatedRenderingEnabled,1
TechniCapture-decoded,normalized/ascii/lib__arm64-v8a__libil2cpp.so.txt,Foveated Rendering,medium,ovrp_SetFoveationEyeTracked,1
TechniCapture-decoded,normalized/ascii/lib__arm64-v8a__libil2cpp.so.txt,Foveated Rendering,medium,SetEyeTrackedFoveatedRenderingEnabled,1
TechniCapture-decoded,normalized/ascii/lib__arm64-v8a__libil2cpp.so.txt,Foveated Rendering,medium,GetEyeTrackedFoveatedRenderingSupported,1
TechniCapture-decoded,normalized/ascii/lib__arm64-v8a__libil2cpp.so.txt,Eye-Tracking Enablement,high,EyeTracked,6
TechniCapture-decoded,normalized/ascii/lib__arm64-v8a__libil2cpp.so.txt,Eye-Tracking Enablement,high,eyeTrackingSupported,1
TechniCapture-decoded,normalized/ascii/lib__arm64-v8a__libil2cpp.so.txt,Raw Data Collection,high,ovrp_GetEyeGazesState,1
TechniCapture-decoded,normalized/ascii/lib__arm64-v8a__libil2cpp.so.txt,Raw Data Collection,medium,ovrp_GetEyeTrackingEnabled,1
TechniCapture-decoded,normalized/ascii/lib__arm64-v8a__libOculusXRPlugin.so.txt,Foveated Rendering,medium,foveat,25
TechniCapture-decoded,normalized/ascii/lib__arm64-v8a__libOculusXRPlugin.so.txt,Foveated Rendering,high,foveated,25
TechniCapture-decoded,normalized/ascii/lib__arm64-v8a__libOculusXRPlugin.so.txt,Foveated Rendering,high,foveation,25
TechniCapture-decoded,normalized/ascii/lib__arm64-v8a__libOculusXRPlugin.so.txt,Foveated Rendering,medium,GetEyeTrackedFoveatedRenderingEnabled,4
TechniCapture-decoded,normalized/ascii/lib__arm64-v8a__libOculusXRPlugin.so.txt,Foveated Rendering,medium,GetEyeTrackedFoveatedRenderingSupported,4
TechniCapture-decoded,normalized/ascii/lib__arm64-v8a__libOculusXRPlugin.so.txt,Foveated Rendering,medium,SetEyeTrackedFoveatedRenderingEnabled,4
TechniCapture-decoded,normalized/ascii/lib__arm64-v8a__libOculusXRPlugin.so.txt,Foveated Rendering,medium,ovrp_SetFoveationEyeTracked,4
TechniCapture-decoded,normalized/ascii/lib__arm64-v8a__libOculusXRPlugin.so.txt,Foveated Rendering,medium,ovrp_GetFoveationEyeTrackedCenter,4
TechniCapture-decoded,normalized/ascii/lib__arm64-v8a__libOculusXRPlugin.so.txt,Foveated Rendering,medium,SetEyeTrackedFoveatedRenderingEnabled,4
TechniCapture-decoded,normalized/ascii/lib__arm64-v8a__libOculusXRPlugin.so.txt,Foveated Rendering,medium,GetEyeTrackedFoveatedRenderingSupported,4
TechniCapture-decoded,normalized/ascii/lib__arm64-v8a__libOculusXRPlugin.so.txt,Eye-Tracking Enablement,high,EyeTracked,25
TechniCapture-decoded,normalized/ascii/lib__arm64-v8a__libOVRPlugin.so.txt,Eye-Tracking Enablement,high,eye tracking,2
TechniCapture-decoded,normalized/ascii/lib__arm64-v8a__libOVRPlugin.so.txt,Foveated Rendering,medium,foveat,25
TechniCapture-decoded,normalized/ascii/lib__arm64-v8a__libOVRPlugin.so.txt,Foveated Rendering,high,foveated,1
TechniCapture-decoded,normalized/ascii/lib__arm64-v8a__libOVRPlugin.so.txt,Foveated Rendering,high,foveation,25
TechniCapture-decoded,normalized/ascii/lib__arm64-v8a__libOVRPlugin.so.txt,Foveated Rendering,medium,xrGetFoveationEyeTrackedStateMETA,2
TechniCapture-decoded,normalized/ascii/lib__arm64-v8a__libOVRPlugin.so.txt,Foveated Rendering,medium,ovrp_SetFoveationEyeTracked,1
TechniCapture-decoded,normalized/ascii/lib__arm64-v8a__libOVRPlugin.so.txt,Foveated Rendering,medium,ovrp_GetFoveationEyeTrackedCenter,1
TechniCapture-decoded,normalized/ascii/lib__arm64-v8a__libOVRPlugin.so.txt,Foveated Rendering,medium,GetFoveationEyeTrackedCenter(),2
TechniCapture-decoded,normalized/ascii/lib__arm64-v8a__libOVRPlugin.so.txt,Eye-Tracking Enablement,high,EyeTracked,9
TechniCapture-decoded,normalized/ascii/lib__arm64-v8a__libOVRPlugin.so.txt,Eye-Tracking Enablement,high,eyeTrackingSupported,2
TechniCapture-decoded,normalized/ascii/lib__arm64-v8a__libOVRPlugin.so.txt,Raw Data Collection,high,ovrp_GetEyeGazesState,1
TechniCapture-decoded,normalized/ascii/lib__arm64-v8a__libOVRPlugin.so.txt,Raw Data Collection,medium,ovrp_GetEyeTrackingEnabled,1
TechniCapture-decoded,normalized/ascii/lib__arm64-v8a__libunity.so.txt,Foveated Rendering,medium,foveat,10
TechniCapture-decoded,normalized/ascii/lib__arm64-v8a__libunity.so.txt,Foveated Rendering,high,foveated,7
TechniCapture-decoded,normalized/ascii/lib__arm64-v8a__libunity.so.txt,Foveated Rendering,high,foveation,4
tempo-path-decoded,normalized/ascii/lib__arm64-v8a__libil2cpp.so.txt,Foveated Rendering,medium,foveat,20
tempo-path-decoded,normalized/ascii/lib__arm64-v8a__libil2cpp.so.txt,Foveated Rendering,high,foveated,5
tempo-path-decoded,normalized/ascii/lib__arm64-v8a__libil2cpp.so.txt,Foveated Rendering,high,foveation,17
tempo-path-decoded,normalized/ascii/lib__arm64-v8a__libil2cpp.so.txt,Foveated Rendering,medium,MetaGetEyeTrackedFoveationSupported,1
tempo-path-decoded,normalized/ascii/lib__arm64-v8a__libil2cpp.so.txt,Foveated Rendering,medium,MetaGetFoveationEyeTracked,1
tempo-path-decoded,normalized/ascii/lib__arm64-v8a__libil2cpp.so.txt,Foveated Rendering,medium,MetaSetFoveationEyeTracked,1
tempo-path-decoded,normalized/ascii/lib__arm64-v8a__libil2cpp.so.txt,Foveated Rendering,medium,ovrp_SetFoveationEyeTracked,1
tempo-path-decoded,normalized/ascii/lib__arm64-v8a__libil2cpp.so.txt,Eye-Tracking Enablement,high,EyeTracked,6
tempo-path-decoded,normalized/ascii/lib__arm64-v8a__libil2cpp.so.txt,Eye-Tracking Enablement,high,eyeTrackingSupported,1
tempo-path-decoded,normalized/ascii/lib__arm64-v8a__libil2cpp.so.txt,Raw Data Collection,high,ovrp_GetEyeGazesState,1
tempo-path-decoded,normalized/ascii/lib__arm64-v8a__libil2cpp.so.txt,Raw Data Collection,medium,ovrp_GetEyeTrackingEnabled,1
tempo-path-decoded,normalized/ascii/lib__arm64-v8a__libngfx.so.txt,Foveated Rendering,medium,foveat,14
tempo-path-decoded,normalized/ascii/lib__arm64-v8a__libngfx.so.txt,Foveated Rendering,high,foveated,8
tempo-path-decoded,normalized/ascii/lib__arm64-v8a__libngfx.so.txt,Foveated Rendering,high,foveation,6
tempo-path-decoded,normalized/ascii/lib__arm64-v8a__libOVRPlugin.so.txt,Eye-Tracking Enablement,high,eye tracking,2
tempo-path-decoded,normalized/ascii/lib__arm64-v8a__libOVRPlugin.so.txt,Foveated Rendering,medium,foveat,25
tempo-path-decoded,normalized/ascii/lib__arm64-v8a__libOVRPlugin.so.txt,Foveated Rendering,high,foveated,1
tempo-path-decoded,normalized/ascii/lib__arm64-v8a__libOVRPlugin.so.txt,Foveated Rendering,high,foveation,25
tempo-path-decoded,normalized/ascii/lib__arm64-v8a__libOVRPlugin.so.txt,Foveated Rendering,medium,xrGetFoveationEyeTrackedStateMETA,2
tempo-path-decoded,normalized/ascii/lib__arm64-v8a__libOVRPlugin.so.txt,Foveated Rendering,medium,ovrp_SetFoveationEyeTracked,1
tempo-path-decoded,normalized/ascii/lib__arm64-v8a__libOVRPlugin.so.txt,Foveated Rendering,medium,ovrp_GetFoveationEyeTrackedCenter,1
tempo-path-decoded,normalized/ascii/lib__arm64-v8a__libOVRPlugin.so.txt,Foveated Rendering,medium,GetFoveationEyeTrackedCenter(),2
tempo-path-decoded,normalized/ascii/lib__arm64-v8a__libOVRPlugin.so.txt,Eye-Tracking Enablement,high,EyeTracked,9
tempo-path-decoded,normalized/ascii/lib__arm64-v8a__libOVRPlugin.so.txt,Eye-Tracking Enablement,high,eyeTrackingSupported,2
tempo-path-decoded,normalized/ascii/lib__arm64-v8a__libOVRPlugin.so.txt,Raw Data Collection,high,ovrp_GetEyeGazesState,1
tempo-path-decoded,normalized/ascii/lib__arm64-v8a__libOVRPlugin.so.txt,Raw Data Collection,medium,ovrp_GetEyeTrackingEnabled,1
tempo-path-decoded,normalized/ascii/lib__arm64-v8a__libunity.so.txt,Foveated Rendering,medium,foveat,25
tempo-path-decoded,normalized/ascii/lib__arm64-v8a__libunity.so.txt,Foveated Rendering,high,foveated,17
tempo-path-decoded,normalized/ascii/lib__arm64-v8a__libunity.so.txt,Foveated Rendering,high,foveation,9
tempo-path-decoded,normalized/ascii/lib__arm64-v8a__libUnityOpenXR.so.txt,Foveated Rendering,medium,foveat,25
tempo-path-decoded,normalized/ascii/lib__arm64-v8a__libUnityOpenXR.so.txt,Foveated Rendering,high,foveated,3
tempo-path-decoded,normalized/ascii/lib__arm64-v8a__libUnityOpenXR.so.txt,Foveated Rendering,high,foveation,25
tempo-path-decoded,normalized/ascii/lib__arm64-v8a__libUnityOpenXR.so.txt,Foveated Rendering,medium,MetaGetEyeTrackedFoveationSupported,1
tempo-path-decoded,normalized/ascii/lib__arm64-v8a__libUnityOpenXR.so.txt,Foveated Rendering,medium,MetaGetFoveationEyeTracked,1
tempo-path-decoded,normalized/ascii/lib__arm64-v8a__libUnityOpenXR.so.txt,Foveated Rendering,medium,MetaSetFoveationEyeTracked,1
tempo-path-decoded,normalized/ascii/lib__arm64-v8a__libUnityOpenXR.so.txt,Foveated Rendering,medium,xrGetFoveationEyeTrackedStateMETA,1
tempo-path-decoded,normalized/ascii/lib__arm64-v8a__libUnityOpenXR.so.txt,Eye-Tracking Enablement,high,EyeTracked,4
virtual-book-reader-decoded,normalized/ascii/lib__arm64-v8a__libil2cpp.so.txt,Foveated Rendering,medium,foveat,14
virtual-book-reader-decoded,normalized/ascii/lib__arm64-v8a__libil2cpp.so.txt,Foveated Rendering,high,foveated,8
virtual-book-reader-decoded,normalized/ascii/lib__arm64-v8a__libil2cpp.so.txt,Foveated Rendering,high,foveation,8
virtual-book-reader-decoded,normalized/ascii/lib__arm64-v8a__libil2cpp.so.txt,Foveated Rendering,medium,GetEyeTrackedFoveatedRenderingEnabled,1
virtual-book-reader-decoded,normalized/ascii/lib__arm64-v8a__libil2cpp.so.txt,Foveated Rendering,medium,GetEyeTrackedFoveatedRenderingSupported,1
virtual-book-reader-decoded,normalized/ascii/lib__arm64-v8a__libil2cpp.so.txt,Foveated Rendering,medium,SetEyeTrackedFoveatedRenderingEnabled,1
virtual-book-reader-decoded,normalized/ascii/lib__arm64-v8a__libil2cpp.so.txt,Foveated Rendering,medium,SetEyeTrackedFoveatedRenderingEnabled,1
virtual-book-reader-decoded,normalized/ascii/lib__arm64-v8a__libil2cpp.so.txt,Foveated Rendering,medium,GetEyeTrackedFoveatedRenderingSupported,1
virtual-book-reader-decoded,normalized/ascii/lib__arm64-v8a__libil2cpp.so.txt,Eye-Tracking Enablement,high,EyeTracked,3
virtual-book-reader-decoded,normalized/ascii/lib__arm64-v8a__libunity.so.txt,Foveated Rendering,medium,foveat,25
virtual-book-reader-decoded,normalized/ascii/lib__arm64-v8a__libunity.so.txt,Foveated Rendering,high,foveated,17
virtual-book-reader-decoded,normalized/ascii/lib__arm64-v8a__libunity.so.txt,Foveated Rendering,high,foveation,9
virtual-book-reader-decoded,normalized/ascii/lib__arm64-v8a__libUnityOpenXR.so.txt,Foveated Rendering,medium,foveat,25
virtual-book-reader-decoded,normalized/ascii/lib__arm64-v8a__libUnityOpenXR.so.txt,Foveated Rendering,high,foveated,3
virtual-book-reader-decoded,normalized/ascii/lib__arm64-v8a__libUnityOpenXR.so.txt,Foveated Rendering,high,foveation,25
virtual-book-reader-decoded,normalized/ascii/lib__arm64-v8a__libUnityOpenXR.so.txt,Foveated Rendering,medium,MetaGetEyeTrackedFoveationSupported,1
virtual-book-reader-decoded,normalized/ascii/lib__arm64-v8a__libUnityOpenXR.so.txt,Foveated Rendering,medium,MetaGetFoveationEyeTracked,1
virtual-book-reader-decoded,normalized/ascii/lib__arm64-v8a__libUnityOpenXR.so.txt,Foveated Rendering,medium,MetaSetFoveationEyeTracked,1
virtual-book-reader-decoded,normalized/ascii/lib__arm64-v8a__libUnityOpenXR.so.txt,Foveated Rendering,medium,xrGetFoveationEyeTrackedStateMETA,1
virtual-book-reader-decoded,normalized/ascii/lib__arm64-v8a__libUnityOpenXR.so.txt,Eye-Tracking Enablement,high,EyeTracked,4
VirtualSpeech-decoded,normalized/ascii/lib__arm64-v8a__libil2cpp.so.txt,Foveated Rendering,medium,foveat,12
VirtualSpeech-decoded,normalized/ascii/lib__arm64-v8a__libil2cpp.so.txt,Foveated Rendering,high,foveated,8
VirtualSpeech-decoded,normalized/ascii/lib__arm64-v8a__libil2cpp.so.txt,Foveated Rendering,high,foveation,6
VirtualSpeech-decoded,normalized/ascii/lib__arm64-v8a__libil2cpp.so.txt,Foveated Rendering,medium,GetEyeTrackedFoveatedRenderingEnabled,1
VirtualSpeech-decoded,normalized/ascii/lib__arm64-v8a__libil2cpp.so.txt,Foveated Rendering,medium,GetEyeTrackedFoveatedRenderingSupported,1
VirtualSpeech-decoded,normalized/ascii/lib__arm64-v8a__libil2cpp.so.txt,Foveated Rendering,medium,SetEyeTrackedFoveatedRenderingEnabled,1
VirtualSpeech-decoded,normalized/ascii/lib__arm64-v8a__libil2cpp.so.txt,Foveated Rendering,medium,SetEyeTrackedFoveatedRenderingEnabled,1
VirtualSpeech-decoded,normalized/ascii/lib__arm64-v8a__libil2cpp.so.txt,Foveated Rendering,medium,GetEyeTrackedFoveatedRenderingSupported,1
VirtualSpeech-decoded,normalized/ascii/lib__arm64-v8a__libil2cpp.so.txt,Eye-Tracking Enablement,high,EyeTracked,3
VirtualSpeech-decoded,normalized/ascii/lib__arm64-v8a__libunity.so.txt,Foveated Rendering,medium,foveat,25
VirtualSpeech-decoded,normalized/ascii/lib__arm64-v8a__libunity.so.txt,Foveated Rendering,high,foveated,17
VirtualSpeech-decoded,normalized/ascii/lib__arm64-v8a__libunity.so.txt,Foveated Rendering,high,foveation,9
VirtualSpeech-decoded,normalized/ascii/lib__arm64-v8a__libUnityOpenXR.so.txt,Foveated Rendering,medium,foveat,25
VirtualSpeech-decoded,normalized/ascii/lib__arm64-v8a__libUnityOpenXR.so.txt,Foveated Rendering,high,foveated,3
VirtualSpeech-decoded,normalized/ascii/lib__arm64-v8a__libUnityOpenXR.so.txt,Foveated Rendering,high,foveation,25
VirtualSpeech-decoded,normalized/ascii/lib__arm64-v8a__libUnityOpenXR.so.txt,Foveated Rendering,medium,MetaGetEyeTrackedFoveationSupported,1
VirtualSpeech-decoded,normalized/ascii/lib__arm64-v8a__libUnityOpenXR.so.txt,Foveated Rendering,medium,MetaGetFoveationEyeTracked,1
VirtualSpeech-decoded,normalized/ascii/lib__arm64-v8a__libUnityOpenXR.so.txt,Foveated Rendering,medium,MetaSetFoveationEyeTracked,1
VirtualSpeech-decoded,normalized/ascii/lib__arm64-v8a__libUnityOpenXR.so.txt,Foveated Rendering,medium,xrGetFoveationEyeTrackedStateMETA,1
VirtualSpeech-decoded,normalized/ascii/lib__arm64-v8a__libUnityOpenXR.so.txt,Eye-Tracking Enablement,high,EyeTracked,4
worlds-decoded,normalized/ascii/lib__arm64-v8a__libclient_android.so.txt,Eye-Tracking Enablement,high,eye tracking,5
worlds-decoded,normalized/ascii/lib__arm64-v8a__libclient_android.so.txt,Foveated Rendering,medium,foveat,25
worlds-decoded,normalized/ascii/lib__arm64-v8a__libclient_android.so.txt,Foveated Rendering,high,foveated,25
worlds-decoded,normalized/ascii/lib__arm64-v8a__libclient_android.so.txt,Foveated Rendering,high,foveation,25
worlds-decoded,normalized/ascii/lib__arm64-v8a__libclient_android.so.txt,Eye-Tracking Enablement,high,XR_EXT_eye_gaze_interaction,1
worlds-decoded,normalized/ascii/lib__arm64-v8a__libovravatar2.so.txt,Biometric Signals & Metrics,medium,saccade,12
worlds-decoded,normalized/ascii/lib__arm64-v8a__libvrapi.so.txt,Foveated Rendering,medium,foveat,4
worlds-decoded,normalized/ascii/lib__arm64-v8a__libvrapi.so.txt,Foveated Rendering,high,foveation,4
worlds-decoded,normalized/ascii/lib__arm64-v8a__libxrstreamingclient.so.txt,Foveated Rendering,medium,foveat,4
worlds-decoded,normalized/ascii/lib__arm64-v8a__libxrstreamingclient.so.txt,Foveated Rendering,high,foveation,4
zenoteVR-decoded,normalized/ascii/lib__arm64-v8a__libil2cpp.so.txt,Foveated Rendering,medium,foveat,11
zenoteVR-decoded,normalized/ascii/lib__arm64-v8a__libil2cpp.so.txt,Foveated Rendering,high,foveated,5
zenoteVR-decoded,normalized/ascii/lib__arm64-v8a__libil2cpp.so.txt,Foveated Rendering,high,foveation,8
zenoteVR-decoded,normalized/ascii/lib__arm64-v8a__libunity.so.txt,Foveated Rendering,medium,foveat,25
zenoteVR-decoded,normalized/ascii/lib__arm64-v8a__libunity.so.txt,Foveated Rendering,high,foveated,17
zenoteVR-decoded,normalized/ascii/lib__arm64-v8a__libunity.so.txt,Foveated Rendering,high,foveation,9
zenoteVR-decoded,normalized/ascii/lib__arm64-v8a__libUnityOpenXR.so.txt,Foveated Rendering,medium,foveat,25
zenoteVR-decoded,normalized/ascii/lib__arm64-v8a__libUnityOpenXR.so.txt,Foveated Rendering,high,foveated,3
zenoteVR-decoded,normalized/ascii/lib__arm64-v8a__libUnityOpenXR.so.txt,Foveated Rendering,high,foveation,25
zenoteVR-decoded,normalized/ascii/lib__arm64-v8a__libUnityOpenXR.so.txt,Foveated Rendering,medium,MetaGetEyeTrackedFoveationSupported,1
zenoteVR-decoded,normalized/ascii/lib__arm64-v8a__libUnityOpenXR.so.txt,Foveated Rendering,medium,MetaGetFoveationEyeTracked,1
zenoteVR-decoded,normalized/ascii/lib__arm64-v8a__libUnityOpenXR.so.txt,Foveated Rendering,medium,MetaSetFoveationEyeTracked,1
zenoteVR-decoded,normalized/ascii/lib__arm64-v8a__libUnityOpenXR.so.txt,Foveated Rendering,medium,xrGetFoveationEyeTrackedStateMETA,1
zenoteVR-decoded,normalized/ascii/lib__arm64-v8a__libUnityOpenXR.so.txt,Eye-Tracking Enablement,high,EyeTracked,4
