rank,manual_priority_score,manual_tier,function_name,entry_point,scanner_score,scanner_label,modules,evidence,priority_reasons,file_path,copied_file
1,430,A_must_review,FUN_0751303c,0751303c,279,90_plus_uncertain_gaze_or_xr_structure_near_certain,eye_source; weak_source_state; validity_gate; pose_vector; paired_state_refs; ui_interaction; telemetry; structure_combo; ordered_structure,strong_eye_source_hits_4; weak_xr_or_state_hits_4; validity_or_gating_hits_11; strong_pose_or_ray_construction_hits_3; paired_field_refs_with_eye_source; ui_or_gameplay_sink_hits_2; telemetry_or_network_hits_2; source_validity_pose_sink_structure; strong_eye_source_validity_pose_sink_structure; ordered_eye_source_validity_pose_collection_sink; ordered_eye_source_validity_pose_interaction_sink; functionality_data_collection_or_telemetry_hits_2,base_scanner_score_279; module_bonus_validity_gate_8; module_bonus_pose_vector_10; module_bonus_paired_state_refs_8; module_bonus_ui_interaction_12; module_bonus_telemetry_20; module_bonus_structure_combo_18; evidence_bonus_telemetry_or_network_hits_12; sensitive_sink_telemetry_bonus_15; keyword_support_eye_or_gaze_5_bonus_20; keyword_support_sdk_4_bonus_12; keyword_support_collection_or_telemetry_4_bonus_16,C:\realDesktop\manifest-evaluations\summer-26\ghidra-pipeline\il2cpp-files\BoxingMiniGames\general-structure-results\90_plus_uncertain_gaze_or_xr_structure_near_certain\0751303c_FUN_0751303c.c,C:\realDesktop\manifest-evaluations\summer-26\ghidra-pipeline\il2cpp-files\BoxingMiniGames\manual-review-pack\A_must_review\001_p430_FUN_0751303c.c
2,407,A_must_review,UnityEngine.InputSystem.DefaultInputActions.UIActions$$op_Implicit,06c61f30,236,90_plus_framework_support_only_near_certain,eye_source; weak_source_state; validity_gate; pose_vector; paired_state_refs; ray_interaction; ui_interaction; telemetry; frame_behavior; structure_combo,strong_eye_source_hits_7; weak_xr_or_state_hits_19; validity_or_gating_hits_6; strong_pose_or_ray_construction_hits_21; paired_field_refs_with_eye_source; ray_or_cast_sink_hits_3; ui_or_gameplay_sink_hits_21; telemetry_or_network_hits_15; frame_or_lifecycle_behavior; source_validity_pose_sink_structure; strong_eye_source_validity_pose_sink_structure; negative_framework_support_context_without_confirmed_app_level_gaze_flow; functionality_gaze_retrieval_or_extraction; functionality_gaze_interaction_hits_21; functionality_data_collection_or_telemetry_hits_10,base_scanner_score_236; module_bonus_validity_gate_8; module_bonus_pose_vector_10; module_bonus_paired_state_refs_8; module_bonus_ray_interaction_15; module_bonus_ui_interaction_12; module_bonus_telemetry_20; module_bonus_frame_behavior_5; module_bonus_structure_combo_18; evidence_bonus_telemetry_or_network_hits_12; sensitive_sink_telemetry_bonus_15; keyword_support_eye_or_gaze_5_bonus_20; keyword_support_sdk_4_bonus_12; keyword_support_collection_or_telemetry_4_bonus_16,C:\realDesktop\manifest-evaluations\summer-26\ghidra-pipeline\il2cpp-files\BoxingMiniGames\general-structure-results\90_plus_framework_support_only_near_certain\06c61f30_UnityEngine.InputSystem.DefaultInputActions.UIActions$$op_Implicit.c,C:\realDesktop\manifest-evaluations\summer-26\ghidra-pipeline\il2cpp-files\BoxingMiniGames\manual-review-pack\A_must_review\002_p407_UnityEngine.InputSystem.DefaultInputActions.UIActions$$op_Implicit.c
3,407,A_must_review,UnityEngine.InputSystem.DefaultInputActions.UIActions$$get_enabled,06c61f0c,236,90_plus_framework_support_only_near_certain,eye_source; weak_source_state; validity_gate; pose_vector; paired_state_refs; ray_interaction; ui_interaction; telemetry; frame_behavior; structure_combo,strong_eye_source_hits_7; weak_xr_or_state_hits_21; validity_or_gating_hits_6; strong_pose_or_ray_construction_hits_21; paired_field_refs_with_eye_source; ray_or_cast_sink_hits_3; ui_or_gameplay_sink_hits_21; telemetry_or_network_hits_15; frame_or_lifecycle_behavior; source_validity_pose_sink_structure; strong_eye_source_validity_pose_sink_structure; negative_framework_support_context_without_confirmed_app_level_gaze_flow; functionality_gaze_retrieval_or_extraction; functionality_gaze_interaction_hits_21; functionality_data_collection_or_telemetry_hits_10,base_scanner_score_236; module_bonus_validity_gate_8; module_bonus_pose_vector_10; module_bonus_paired_state_refs_8; module_bonus_ray_interaction_15; module_bonus_ui_interaction_12; module_bonus_telemetry_20; module_bonus_frame_behavior_5; module_bonus_structure_combo_18; evidence_bonus_telemetry_or_network_hits_12; sensitive_sink_telemetry_bonus_15; keyword_support_eye_or_gaze_5_bonus_20; keyword_support_sdk_4_bonus_12; keyword_support_collection_or_telemetry_4_bonus_16,C:\realDesktop\manifest-evaluations\summer-26\ghidra-pipeline\il2cpp-files\BoxingMiniGames\general-structure-results\90_plus_framework_support_only_near_certain\06c61f0c_UnityEngine.InputSystem.DefaultInputActions.UIActions$$get_enabled.c,C:\realDesktop\manifest-evaluations\summer-26\ghidra-pipeline\il2cpp-files\BoxingMiniGames\manual-review-pack\A_must_review\003_p407_UnityEngine.InputSystem.DefaultInputActions.UIActions$$get_enabled.c
4,407,A_must_review,UnityEngine.InputSystem.DefaultInputActions.UIActions$$get_TrackedDevicePosition,06c61e7c,236,90_plus_framework_support_only_near_certain,eye_source; weak_source_state; validity_gate; pose_vector; paired_state_refs; ray_interaction; ui_interaction; telemetry; frame_behavior; structure_combo,strong_eye_source_hits_7; weak_xr_or_state_hits_19; validity_or_gating_hits_6; strong_pose_or_ray_construction_hits_21; paired_field_refs_with_eye_source; ray_or_cast_sink_hits_3; ui_or_gameplay_sink_hits_21; telemetry_or_network_hits_15; frame_or_lifecycle_behavior; source_validity_pose_sink_structure; strong_eye_source_validity_pose_sink_structure; negative_framework_support_context_without_confirmed_app_level_gaze_flow; functionality_gaze_retrieval_or_extraction; functionality_gaze_interaction_hits_21; functionality_data_collection_or_telemetry_hits_10,base_scanner_score_236; module_bonus_validity_gate_8; module_bonus_pose_vector_10; module_bonus_paired_state_refs_8; module_bonus_ray_interaction_15; module_bonus_ui_interaction_12; module_bonus_telemetry_20; module_bonus_frame_behavior_5; module_bonus_structure_combo_18; evidence_bonus_telemetry_or_network_hits_12; sensitive_sink_telemetry_bonus_15; keyword_support_eye_or_gaze_5_bonus_20; keyword_support_sdk_4_bonus_12; keyword_support_collection_or_telemetry_4_bonus_16,C:\realDesktop\manifest-evaluations\summer-26\ghidra-pipeline\il2cpp-files\BoxingMiniGames\general-structure-results\90_plus_framework_support_only_near_certain\06c61e7c_UnityEngine.InputSystem.DefaultInputActions.UIActions$$get_TrackedDevicePosition.c,C:\realDesktop\manifest-evaluations\summer-26\ghidra-pipeline\il2cpp-files\BoxingMiniGames\manual-review-pack\A_must_review\004_p407_UnityEngine.InputSystem.DefaultInputActions.UIActions$$get_TrackedDevicePosition.c
5,407,A_must_review,UnityEngine.InputSystem.DefaultInputActions.UIActions$$get_TrackedDeviceOrientation,06c61e94,236,90_plus_framework_support_only_near_certain,eye_source; weak_source_state; validity_gate; pose_vector; paired_state_refs; ray_interaction; ui_interaction; telemetry; frame_behavior; structure_combo,strong_eye_source_hits_7; weak_xr_or_state_hits_19; validity_or_gating_hits_6; strong_pose_or_ray_construction_hits_21; paired_field_refs_with_eye_source; ray_or_cast_sink_hits_3; ui_or_gameplay_sink_hits_21; telemetry_or_network_hits_15; frame_or_lifecycle_behavior; source_validity_pose_sink_structure; strong_eye_source_validity_pose_sink_structure; negative_framework_support_context_without_confirmed_app_level_gaze_flow; functionality_gaze_retrieval_or_extraction; functionality_gaze_interaction_hits_21; functionality_data_collection_or_telemetry_hits_10,base_scanner_score_236; module_bonus_validity_gate_8; module_bonus_pose_vector_10; module_bonus_paired_state_refs_8; module_bonus_ray_interaction_15; module_bonus_ui_interaction_12; module_bonus_telemetry_20; module_bonus_frame_behavior_5; module_bonus_structure_combo_18; evidence_bonus_telemetry_or_network_hits_12; sensitive_sink_telemetry_bonus_15; keyword_support_eye_or_gaze_5_bonus_20; keyword_support_sdk_4_bonus_12; keyword_support_collection_or_telemetry_4_bonus_16,C:\realDesktop\manifest-evaluations\summer-26\ghidra-pipeline\il2cpp-files\BoxingMiniGames\general-structure-results\90_plus_framework_support_only_near_certain\06c61e94_UnityEngine.InputSystem.DefaultInputActions.UIActions$$get_TrackedDeviceOrientation.c,C:\realDesktop\manifest-evaluations\summer-26\ghidra-pipeline\il2cpp-files\BoxingMiniGames\manual-review-pack\A_must_review\005_p407_UnityEngine.InputSystem.DefaultInputActions.UIActions$$get_TrackedDeviceOrientation.c
6,407,A_must_review,UnityEngine.InputSystem.DefaultInputActions.UIActions$$get_Submit,06c61dd4,236,90_plus_framework_support_only_near_certain,eye_source; weak_source_state; validity_gate; pose_vector; paired_state_refs; ray_interaction; ui_interaction; telemetry; frame_behavior; structure_combo,strong_eye_source_hits_7; weak_xr_or_state_hits_19; validity_or_gating_hits_6; strong_pose_or_ray_construction_hits_21; paired_field_refs_with_eye_source; ray_or_cast_sink_hits_3; ui_or_gameplay_sink_hits_21; telemetry_or_network_hits_15; frame_or_lifecycle_behavior; source_validity_pose_sink_structure; strong_eye_source_validity_pose_sink_structure; negative_framework_support_context_without_confirmed_app_level_gaze_flow; functionality_gaze_retrieval_or_extraction; functionality_gaze_interaction_hits_21; functionality_data_collection_or_telemetry_hits_10,base_scanner_score_236; module_bonus_validity_gate_8; module_bonus_pose_vector_10; module_bonus_paired_state_refs_8; module_bonus_ray_interaction_15; module_bonus_ui_interaction_12; module_bonus_telemetry_20; module_bonus_frame_behavior_5; module_bonus_structure_combo_18; evidence_bonus_telemetry_or_network_hits_12; sensitive_sink_telemetry_bonus_15; keyword_support_eye_or_gaze_5_bonus_20; keyword_support_sdk_4_bonus_12; keyword_support_collection_or_telemetry_4_bonus_16,C:\realDesktop\manifest-evaluations\summer-26\ghidra-pipeline\il2cpp-files\BoxingMiniGames\general-structure-results\90_plus_framework_support_only_near_certain\06c61dd4_UnityEngine.InputSystem.DefaultInputActions.UIActions$$get_Submit.c,C:\realDesktop\manifest-evaluations\summer-26\ghidra-pipeline\il2cpp-files\BoxingMiniGames\manual-review-pack\A_must_review\006_p407_UnityEngine.InputSystem.DefaultInputActions.UIActions$$get_Submit.c
7,407,A_must_review,UnityEngine.InputSystem.DefaultInputActions.UIActions$$get_ScrollWheel,06c61e34,236,90_plus_framework_support_only_near_certain,eye_source; weak_source_state; validity_gate; pose_vector; paired_state_refs; ray_interaction; ui_interaction; telemetry; frame_behavior; structure_combo,strong_eye_source_hits_7; weak_xr_or_state_hits_19; validity_or_gating_hits_6; strong_pose_or_ray_construction_hits_21; paired_field_refs_with_eye_source; ray_or_cast_sink_hits_3; ui_or_gameplay_sink_hits_21; telemetry_or_network_hits_15; frame_or_lifecycle_behavior; source_validity_pose_sink_structure; strong_eye_source_validity_pose_sink_structure; negative_framework_support_context_without_confirmed_app_level_gaze_flow; functionality_gaze_retrieval_or_extraction; functionality_gaze_interaction_hits_21; functionality_data_collection_or_telemetry_hits_10,base_scanner_score_236; module_bonus_validity_gate_8; module_bonus_pose_vector_10; module_bonus_paired_state_refs_8; module_bonus_ray_interaction_15; module_bonus_ui_interaction_12; module_bonus_telemetry_20; module_bonus_frame_behavior_5; module_bonus_structure_combo_18; evidence_bonus_telemetry_or_network_hits_12; sensitive_sink_telemetry_bonus_15; keyword_support_eye_or_gaze_5_bonus_20; keyword_support_sdk_4_bonus_12; keyword_support_collection_or_telemetry_4_bonus_16,C:\realDesktop\manifest-evaluations\summer-26\ghidra-pipeline\il2cpp-files\BoxingMiniGames\general-structure-results\90_plus_framework_support_only_near_certain\06c61e34_UnityEngine.InputSystem.DefaultInputActions.UIActions$$get_ScrollWheel.c,C:\realDesktop\manifest-evaluations\summer-26\ghidra-pipeline\il2cpp-files\BoxingMiniGames\manual-review-pack\A_must_review\007_p407_UnityEngine.InputSystem.DefaultInputActions.UIActions$$get_ScrollWheel.c
8,407,A_must_review,UnityEngine.InputSystem.DefaultInputActions.UIActions$$get_RightClick,06c61e64,236,90_plus_framework_support_only_near_certain,eye_source; weak_source_state; validity_gate; pose_vector; paired_state_refs; ray_interaction; ui_interaction; telemetry; frame_behavior; structure_combo,strong_eye_source_hits_7; weak_xr_or_state_hits_19; validity_or_gating_hits_6; strong_pose_or_ray_construction_hits_21; paired_field_refs_with_eye_source; ray_or_cast_sink_hits_3; ui_or_gameplay_sink_hits_21; telemetry_or_network_hits_15; frame_or_lifecycle_behavior; source_validity_pose_sink_structure; strong_eye_source_validity_pose_sink_structure; negative_framework_support_context_without_confirmed_app_level_gaze_flow; functionality_gaze_retrieval_or_extraction; functionality_gaze_interaction_hits_21; functionality_data_collection_or_telemetry_hits_10,base_scanner_score_236; module_bonus_validity_gate_8; module_bonus_pose_vector_10; module_bonus_paired_state_refs_8; module_bonus_ray_interaction_15; module_bonus_ui_interaction_12; module_bonus_telemetry_20; module_bonus_frame_behavior_5; module_bonus_structure_combo_18; evidence_bonus_telemetry_or_network_hits_12; sensitive_sink_telemetry_bonus_15; keyword_support_eye_or_gaze_5_bonus_20; keyword_support_sdk_4_bonus_12; keyword_support_collection_or_telemetry_4_bonus_16,C:\realDesktop\manifest-evaluations\summer-26\ghidra-pipeline\il2cpp-files\BoxingMiniGames\general-structure-results\90_plus_framework_support_only_near_certain\06c61e64_UnityEngine.InputSystem.DefaultInputActions.UIActions$$get_RightClick.c,C:\realDesktop\manifest-evaluations\summer-26\ghidra-pipeline\il2cpp-files\BoxingMiniGames\manual-review-pack\A_must_review\008_p407_UnityEngine.InputSystem.DefaultInputActions.UIActions$$get_RightClick.c
9,407,A_must_review,UnityEngine.InputSystem.DefaultInputActions.UIActions$$get_Point,06c61e04,236,90_plus_framework_support_only_near_certain,eye_source; weak_source_state; validity_gate; pose_vector; paired_state_refs; ray_interaction; ui_interaction; telemetry; frame_behavior; structure_combo,strong_eye_source_hits_7; weak_xr_or_state_hits_19; validity_or_gating_hits_6; strong_pose_or_ray_construction_hits_21; paired_field_refs_with_eye_source; ray_or_cast_sink_hits_3; ui_or_gameplay_sink_hits_21; telemetry_or_network_hits_15; frame_or_lifecycle_behavior; source_validity_pose_sink_structure; strong_eye_source_validity_pose_sink_structure; negative_framework_support_context_without_confirmed_app_level_gaze_flow; functionality_gaze_retrieval_or_extraction; functionality_gaze_interaction_hits_21; functionality_data_collection_or_telemetry_hits_10,base_scanner_score_236; module_bonus_validity_gate_8; module_bonus_pose_vector_10; module_bonus_paired_state_refs_8; module_bonus_ray_interaction_15; module_bonus_ui_interaction_12; module_bonus_telemetry_20; module_bonus_frame_behavior_5; module_bonus_structure_combo_18; evidence_bonus_telemetry_or_network_hits_12; sensitive_sink_telemetry_bonus_15; keyword_support_eye_or_gaze_5_bonus_20; keyword_support_sdk_4_bonus_12; keyword_support_collection_or_telemetry_4_bonus_16,C:\realDesktop\manifest-evaluations\summer-26\ghidra-pipeline\il2cpp-files\BoxingMiniGames\general-structure-results\90_plus_framework_support_only_near_certain\06c61e04_UnityEngine.InputSystem.DefaultInputActions.UIActions$$get_Point.c,C:\realDesktop\manifest-evaluations\summer-26\ghidra-pipeline\il2cpp-files\BoxingMiniGames\manual-review-pack\A_must_review\009_p407_UnityEngine.InputSystem.DefaultInputActions.UIActions$$get_Point.c
10,407,A_must_review,UnityEngine.InputSystem.DefaultInputActions.UIActions$$get_Navigate,06c61dbc,236,90_plus_framework_support_only_near_certain,eye_source; weak_source_state; validity_gate; pose_vector; paired_state_refs; ray_interaction; ui_interaction; telemetry; frame_behavior; structure_combo,strong_eye_source_hits_7; weak_xr_or_state_hits_19; validity_or_gating_hits_6; strong_pose_or_ray_construction_hits_21; paired_field_refs_with_eye_source; ray_or_cast_sink_hits_3; ui_or_gameplay_sink_hits_21; telemetry_or_network_hits_15; frame_or_lifecycle_behavior; source_validity_pose_sink_structure; strong_eye_source_validity_pose_sink_structure; negative_framework_support_context_without_confirmed_app_level_gaze_flow; functionality_gaze_retrieval_or_extraction; functionality_gaze_interaction_hits_21; functionality_data_collection_or_telemetry_hits_10,base_scanner_score_236; module_bonus_validity_gate_8; module_bonus_pose_vector_10; module_bonus_paired_state_refs_8; module_bonus_ray_interaction_15; module_bonus_ui_interaction_12; module_bonus_telemetry_20; module_bonus_frame_behavior_5; module_bonus_structure_combo_18; evidence_bonus_telemetry_or_network_hits_12; sensitive_sink_telemetry_bonus_15; keyword_support_eye_or_gaze_5_bonus_20; keyword_support_sdk_4_bonus_12; keyword_support_collection_or_telemetry_4_bonus_16,C:\realDesktop\manifest-evaluations\summer-26\ghidra-pipeline\il2cpp-files\BoxingMiniGames\general-structure-results\90_plus_framework_support_only_near_certain\06c61dbc_UnityEngine.InputSystem.DefaultInputActions.UIActions$$get_Navigate.c,C:\realDesktop\manifest-evaluations\summer-26\ghidra-pipeline\il2cpp-files\BoxingMiniGames\manual-review-pack\A_must_review\010_p407_UnityEngine.InputSystem.DefaultInputActions.UIActions$$get_Navigate.c
11,407,A_must_review,UnityEngine.InputSystem.DefaultInputActions.UIActions$$get_MiddleClick,06c61e4c,236,90_plus_framework_support_only_near_certain,eye_source; weak_source_state; validity_gate; pose_vector; paired_state_refs; ray_interaction; ui_interaction; telemetry; frame_behavior; structure_combo,strong_eye_source_hits_7; weak_xr_or_state_hits_19; validity_or_gating_hits_6; strong_pose_or_ray_construction_hits_21; paired_field_refs_with_eye_source; ray_or_cast_sink_hits_3; ui_or_gameplay_sink_hits_21; telemetry_or_network_hits_15; frame_or_lifecycle_behavior; source_validity_pose_sink_structure; strong_eye_source_validity_pose_sink_structure; negative_framework_support_context_without_confirmed_app_level_gaze_flow; functionality_gaze_retrieval_or_extraction; functionality_gaze_interaction_hits_21; functionality_data_collection_or_telemetry_hits_10,base_scanner_score_236; module_bonus_validity_gate_8; module_bonus_pose_vector_10; module_bonus_paired_state_refs_8; module_bonus_ray_interaction_15; module_bonus_ui_interaction_12; module_bonus_telemetry_20; module_bonus_frame_behavior_5; module_bonus_structure_combo_18; evidence_bonus_telemetry_or_network_hits_12; sensitive_sink_telemetry_bonus_15; keyword_support_eye_or_gaze_5_bonus_20; keyword_support_sdk_4_bonus_12; keyword_support_collection_or_telemetry_4_bonus_16,C:\realDesktop\manifest-evaluations\summer-26\ghidra-pipeline\il2cpp-files\BoxingMiniGames\general-structure-results\90_plus_framework_support_only_near_certain\06c61e4c_UnityEngine.InputSystem.DefaultInputActions.UIActions$$get_MiddleClick.c,C:\realDesktop\manifest-evaluations\summer-26\ghidra-pipeline\il2cpp-files\BoxingMiniGames\manual-review-pack\A_must_review\011_p407_UnityEngine.InputSystem.DefaultInputActions.UIActions$$get_MiddleClick.c
12,407,A_must_review,UnityEngine.InputSystem.DefaultInputActions.UIActions$$get_Click,06c61e1c,236,90_plus_framework_support_only_near_certain,eye_source; weak_source_state; validity_gate; pose_vector; paired_state_refs; ray_interaction; ui_interaction; telemetry; frame_behavior; structure_combo,strong_eye_source_hits_7; weak_xr_or_state_hits_19; validity_or_gating_hits_6; strong_pose_or_ray_construction_hits_21; paired_field_refs_with_eye_source; ray_or_cast_sink_hits_3; ui_or_gameplay_sink_hits_21; telemetry_or_network_hits_15; frame_or_lifecycle_behavior; source_validity_pose_sink_structure; strong_eye_source_validity_pose_sink_structure; negative_framework_support_context_without_confirmed_app_level_gaze_flow; functionality_gaze_retrieval_or_extraction; functionality_gaze_interaction_hits_21; functionality_data_collection_or_telemetry_hits_10,base_scanner_score_236; module_bonus_validity_gate_8; module_bonus_pose_vector_10; module_bonus_paired_state_refs_8; module_bonus_ray_interaction_15; module_bonus_ui_interaction_12; module_bonus_telemetry_20; module_bonus_frame_behavior_5; module_bonus_structure_combo_18; evidence_bonus_telemetry_or_network_hits_12; sensitive_sink_telemetry_bonus_15; keyword_support_eye_or_gaze_5_bonus_20; keyword_support_sdk_4_bonus_12; keyword_support_collection_or_telemetry_4_bonus_16,C:\realDesktop\manifest-evaluations\summer-26\ghidra-pipeline\il2cpp-files\BoxingMiniGames\general-structure-results\90_plus_framework_support_only_near_certain\06c61e1c_UnityEngine.InputSystem.DefaultInputActions.UIActions$$get_Click.c,C:\realDesktop\manifest-evaluations\summer-26\ghidra-pipeline\il2cpp-files\BoxingMiniGames\manual-review-pack\A_must_review\012_p407_UnityEngine.InputSystem.DefaultInputActions.UIActions$$get_Click.c
13,407,A_must_review,UnityEngine.InputSystem.DefaultInputActions.UIActions$$get_Cancel,06c61dec,236,90_plus_framework_support_only_near_certain,eye_source; weak_source_state; validity_gate; pose_vector; paired_state_refs; ray_interaction; ui_interaction; telemetry; frame_behavior; structure_combo,strong_eye_source_hits_7; weak_xr_or_state_hits_19; validity_or_gating_hits_6; strong_pose_or_ray_construction_hits_21; paired_field_refs_with_eye_source; ray_or_cast_sink_hits_3; ui_or_gameplay_sink_hits_21; telemetry_or_network_hits_15; frame_or_lifecycle_behavior; source_validity_pose_sink_structure; strong_eye_source_validity_pose_sink_structure; negative_framework_support_context_without_confirmed_app_level_gaze_flow; functionality_gaze_retrieval_or_extraction; functionality_gaze_interaction_hits_21; functionality_data_collection_or_telemetry_hits_10,base_scanner_score_236; module_bonus_validity_gate_8; module_bonus_pose_vector_10; module_bonus_paired_state_refs_8; module_bonus_ray_interaction_15; module_bonus_ui_interaction_12; module_bonus_telemetry_20; module_bonus_frame_behavior_5; module_bonus_structure_combo_18; evidence_bonus_telemetry_or_network_hits_12; sensitive_sink_telemetry_bonus_15; keyword_support_eye_or_gaze_5_bonus_20; keyword_support_sdk_4_bonus_12; keyword_support_collection_or_telemetry_4_bonus_16,C:\realDesktop\manifest-evaluations\summer-26\ghidra-pipeline\il2cpp-files\BoxingMiniGames\general-structure-results\90_plus_framework_support_only_near_certain\06c61dec_UnityEngine.InputSystem.DefaultInputActions.UIActions$$get_Cancel.c,C:\realDesktop\manifest-evaluations\summer-26\ghidra-pipeline\il2cpp-files\BoxingMiniGames\manual-review-pack\A_must_review\013_p407_UnityEngine.InputSystem.DefaultInputActions.UIActions$$get_Cancel.c
14,407,A_must_review,UnityEngine.InputSystem.DefaultInputActions.UIActions$$SetCallbacks,06c61f44,236,90_plus_framework_support_only_near_certain,eye_source; weak_source_state; validity_gate; pose_vector; paired_state_refs; ray_interaction; ui_interaction; telemetry; frame_behavior; structure_combo,strong_eye_source_hits_7; weak_xr_or_state_hits_19; validity_or_gating_hits_6; strong_pose_or_ray_construction_hits_21; paired_field_refs_with_eye_source; ray_or_cast_sink_hits_3; ui_or_gameplay_sink_hits_21; telemetry_or_network_hits_15; frame_or_lifecycle_behavior; source_validity_pose_sink_structure; strong_eye_source_validity_pose_sink_structure; negative_framework_support_context_without_confirmed_app_level_gaze_flow; functionality_gaze_retrieval_or_extraction; functionality_gaze_interaction_hits_21; functionality_data_collection_or_telemetry_hits_10,base_scanner_score_236; module_bonus_validity_gate_8; module_bonus_pose_vector_10; module_bonus_paired_state_refs_8; module_bonus_ray_interaction_15; module_bonus_ui_interaction_12; module_bonus_telemetry_20; module_bonus_frame_behavior_5; module_bonus_structure_combo_18; evidence_bonus_telemetry_or_network_hits_12; sensitive_sink_telemetry_bonus_15; keyword_support_eye_or_gaze_5_bonus_20; keyword_support_sdk_4_bonus_12; keyword_support_collection_or_telemetry_4_bonus_16,C:\realDesktop\manifest-evaluations\summer-26\ghidra-pipeline\il2cpp-files\BoxingMiniGames\general-structure-results\90_plus_framework_support_only_near_certain\06c61f44_UnityEngine.InputSystem.DefaultInputActions.UIActions$$SetCallbacks.c,C:\realDesktop\manifest-evaluations\summer-26\ghidra-pipeline\il2cpp-files\BoxingMiniGames\manual-review-pack\A_must_review\014_p407_UnityEngine.InputSystem.DefaultInputActions.UIActions$$SetCallbacks.c
15,407,A_must_review,UnityEngine.InputSystem.DefaultInputActions.UIActions$$Get,06c61eac,236,90_plus_framework_support_only_near_certain,eye_source; weak_source_state; validity_gate; pose_vector; paired_state_refs; ray_interaction; ui_interaction; telemetry; frame_behavior; structure_combo,strong_eye_source_hits_7; weak_xr_or_state_hits_19; validity_or_gating_hits_6; strong_pose_or_ray_construction_hits_21; paired_field_refs_with_eye_source; ray_or_cast_sink_hits_3; ui_or_gameplay_sink_hits_21; telemetry_or_network_hits_15; frame_or_lifecycle_behavior; source_validity_pose_sink_structure; strong_eye_source_validity_pose_sink_structure; negative_framework_support_context_without_confirmed_app_level_gaze_flow; functionality_gaze_retrieval_or_extraction; functionality_gaze_interaction_hits_21; functionality_data_collection_or_telemetry_hits_10,base_scanner_score_236; module_bonus_validity_gate_8; module_bonus_pose_vector_10; module_bonus_paired_state_refs_8; module_bonus_ray_interaction_15; module_bonus_ui_interaction_12; module_bonus_telemetry_20; module_bonus_frame_behavior_5; module_bonus_structure_combo_18; evidence_bonus_telemetry_or_network_hits_12; sensitive_sink_telemetry_bonus_15; keyword_support_eye_or_gaze_5_bonus_20; keyword_support_sdk_4_bonus_12; keyword_support_collection_or_telemetry_4_bonus_16,C:\realDesktop\manifest-evaluations\summer-26\ghidra-pipeline\il2cpp-files\BoxingMiniGames\general-structure-results\90_plus_framework_support_only_near_certain\06c61eac_UnityEngine.InputSystem.DefaultInputActions.UIActions$$Get.c,C:\realDesktop\manifest-evaluations\summer-26\ghidra-pipeline\il2cpp-files\BoxingMiniGames\manual-review-pack\A_must_review\015_p407_UnityEngine.InputSystem.DefaultInputActions.UIActions$$Get.c
16,407,A_must_review,UnityEngine.InputSystem.DefaultInputActions.UIActions$$Enable,06c61ec4,236,90_plus_framework_support_only_near_certain,eye_source; weak_source_state; validity_gate; pose_vector; paired_state_refs; ray_interaction; ui_interaction; telemetry; frame_behavior; structure_combo,strong_eye_source_hits_7; weak_xr_or_state_hits_19; validity_or_gating_hits_6; strong_pose_or_ray_construction_hits_21; paired_field_refs_with_eye_source; ray_or_cast_sink_hits_3; ui_or_gameplay_sink_hits_21; telemetry_or_network_hits_15; frame_or_lifecycle_behavior; source_validity_pose_sink_structure; strong_eye_source_validity_pose_sink_structure; negative_framework_support_context_without_confirmed_app_level_gaze_flow; functionality_gaze_retrieval_or_extraction; functionality_gaze_interaction_hits_21; functionality_data_collection_or_telemetry_hits_10,base_scanner_score_236; module_bonus_validity_gate_8; module_bonus_pose_vector_10; module_bonus_paired_state_refs_8; module_bonus_ray_interaction_15; module_bonus_ui_interaction_12; module_bonus_telemetry_20; module_bonus_frame_behavior_5; module_bonus_structure_combo_18; evidence_bonus_telemetry_or_network_hits_12; sensitive_sink_telemetry_bonus_15; keyword_support_eye_or_gaze_5_bonus_20; keyword_support_sdk_4_bonus_12; keyword_support_collection_or_telemetry_4_bonus_16,C:\realDesktop\manifest-evaluations\summer-26\ghidra-pipeline\il2cpp-files\BoxingMiniGames\general-structure-results\90_plus_framework_support_only_near_certain\06c61ec4_UnityEngine.InputSystem.DefaultInputActions.UIActions$$Enable.c,C:\realDesktop\manifest-evaluations\summer-26\ghidra-pipeline\il2cpp-files\BoxingMiniGames\manual-review-pack\A_must_review\016_p407_UnityEngine.InputSystem.DefaultInputActions.UIActions$$Enable.c
17,407,A_must_review,UnityEngine.InputSystem.DefaultInputActions.UIActions$$Disable,06c61ee8,236,90_plus_framework_support_only_near_certain,eye_source; weak_source_state; validity_gate; pose_vector; paired_state_refs; ray_interaction; ui_interaction; telemetry; frame_behavior; structure_combo,strong_eye_source_hits_7; weak_xr_or_state_hits_19; validity_or_gating_hits_6; strong_pose_or_ray_construction_hits_21; paired_field_refs_with_eye_source; ray_or_cast_sink_hits_3; ui_or_gameplay_sink_hits_21; telemetry_or_network_hits_15; frame_or_lifecycle_behavior; source_validity_pose_sink_structure; strong_eye_source_validity_pose_sink_structure; negative_framework_support_context_without_confirmed_app_level_gaze_flow; functionality_gaze_retrieval_or_extraction; functionality_gaze_interaction_hits_21; functionality_data_collection_or_telemetry_hits_10,base_scanner_score_236; module_bonus_validity_gate_8; module_bonus_pose_vector_10; module_bonus_paired_state_refs_8; module_bonus_ray_interaction_15; module_bonus_ui_interaction_12; module_bonus_telemetry_20; module_bonus_frame_behavior_5; module_bonus_structure_combo_18; evidence_bonus_telemetry_or_network_hits_12; sensitive_sink_telemetry_bonus_15; keyword_support_eye_or_gaze_5_bonus_20; keyword_support_sdk_4_bonus_12; keyword_support_collection_or_telemetry_4_bonus_16,C:\realDesktop\manifest-evaluations\summer-26\ghidra-pipeline\il2cpp-files\BoxingMiniGames\general-structure-results\90_plus_framework_support_only_near_certain\06c61ee8_UnityEngine.InputSystem.DefaultInputActions.UIActions$$Disable.c,C:\realDesktop\manifest-evaluations\summer-26\ghidra-pipeline\il2cpp-files\BoxingMiniGames\manual-review-pack\A_must_review\017_p407_UnityEngine.InputSystem.DefaultInputActions.UIActions$$Disable.c
18,407,A_must_review,UnityEngine.InputSystem.DefaultInputActions.UIActions$$.ctor,06c61db4,236,90_plus_framework_support_only_near_certain,eye_source; weak_source_state; validity_gate; pose_vector; paired_state_refs; ray_interaction; ui_interaction; telemetry; frame_behavior; structure_combo,strong_eye_source_hits_7; weak_xr_or_state_hits_19; validity_or_gating_hits_6; strong_pose_or_ray_construction_hits_21; paired_field_refs_with_eye_source; ray_or_cast_sink_hits_3; ui_or_gameplay_sink_hits_21; telemetry_or_network_hits_15; frame_or_lifecycle_behavior; source_validity_pose_sink_structure; strong_eye_source_validity_pose_sink_structure; negative_framework_support_context_without_confirmed_app_level_gaze_flow; functionality_gaze_retrieval_or_extraction; functionality_gaze_interaction_hits_21; functionality_data_collection_or_telemetry_hits_10,base_scanner_score_236; module_bonus_validity_gate_8; module_bonus_pose_vector_10; module_bonus_paired_state_refs_8; module_bonus_ray_interaction_15; module_bonus_ui_interaction_12; module_bonus_telemetry_20; module_bonus_frame_behavior_5; module_bonus_structure_combo_18; evidence_bonus_telemetry_or_network_hits_12; sensitive_sink_telemetry_bonus_15; keyword_support_eye_or_gaze_5_bonus_20; keyword_support_sdk_4_bonus_12; keyword_support_collection_or_telemetry_4_bonus_16,C:\realDesktop\manifest-evaluations\summer-26\ghidra-pipeline\il2cpp-files\BoxingMiniGames\general-structure-results\90_plus_framework_support_only_near_certain\06c61db4_UnityEngine.InputSystem.DefaultInputActions.UIActions$$.ctor.c,C:\realDesktop\manifest-evaluations\summer-26\ghidra-pipeline\il2cpp-files\BoxingMiniGames\manual-review-pack\A_must_review\018_p407_UnityEngine.InputSystem.DefaultInputActions.UIActions$$.ctor.c
19,400,A_must_review,UnityEngine.XR.OpenXR.Features.Interactions.EyeGazeInteraction.EyeGazeDevice$$get_pose,0701ca94,275,90_plus_confirmed_eye_data_collection_near_certain,eye_source; weak_source_state; validity_gate; pose_vector; telemetry; structure_combo; attempted_use; active_gaze_retrieval; active_gaze_collection; possible_biometrics,strong_eye_source_hits_4; weak_xr_or_state_hits_4; validity_or_gating_hits_9; strong_pose_or_ray_construction_hits_2; telemetry_or_network_hits_1; source_validity_pose_sink_structure; strong_eye_source_validity_pose_sink_structure; attempted_eye_tracking_permission_or_feature_enable; active_gaze_state_retrieval_with_validity_and_pose; active_gaze_values_flow_to_collection_or_telemetry_sink; possible_biometric_feature_from_active_eye_context; functionality_gaze_retrieval_or_extraction; functionality_gaze_interaction_hits_1; functionality_data_collection_or_telemetry_hits_1; functionality_possible_biometrics_hits_4,base_scanner_score_275; module_bonus_validity_gate_8; module_bonus_pose_vector_10; module_bonus_telemetry_20; module_bonus_structure_combo_18; evidence_bonus_telemetry_or_network_hits_12; sensitive_sink_telemetry_bonus_15; keyword_support_eye_or_gaze_5_bonus_20; keyword_support_sdk_2_bonus_6; keyword_support_collection_or_telemetry_4_bonus_16,C:\realDesktop\manifest-evaluations\summer-26\ghidra-pipeline\il2cpp-files\BoxingMiniGames\general-structure-results\90_plus_confirmed_eye_data_collection_near_certain\0701ca94_UnityEngine.XR.OpenXR.Features.Interactions.EyeGazeInteraction.EyeGazeDevice$$get_pose.c,C:\realDesktop\manifest-evaluations\summer-26\ghidra-pipeline\il2cpp-files\BoxingMiniGames\manual-review-pack\A_must_review\019_p400_UnityEngine.XR.OpenXR.Features.Interactions.EyeGazeInteraction.EyeGazeDevice$$get_pose.c
20,400,A_must_review,FUN_0712f860,0712f860,252,90_plus_uncertain_gaze_or_xr_structure_near_certain,eye_source; weak_source_state; validity_gate; pose_vector; ui_interaction; telemetry; frame_behavior; structure_combo; ordered_structure,strong_eye_source_hits_8; weak_xr_or_state_hits_21; validity_or_gating_hits_21; strong_pose_or_ray_construction_hits_21; ui_or_gameplay_sink_hits_2; telemetry_or_network_hits_20; frame_or_lifecycle_behavior; source_validity_pose_sink_structure; strong_eye_source_validity_pose_sink_structure; ordered_eye_source_validity_pose_collection_sink; functionality_data_collection_or_telemetry_hits_20,base_scanner_score_252; module_bonus_validity_gate_8; module_bonus_pose_vector_10; module_bonus_ui_interaction_12; module_bonus_telemetry_20; module_bonus_frame_behavior_5; module_bonus_structure_combo_18; evidence_bonus_telemetry_or_network_hits_12; sensitive_sink_telemetry_bonus_15; keyword_support_eye_or_gaze_5_bonus_20; keyword_support_sdk_4_bonus_12; keyword_support_collection_or_telemetry_4_bonus_16,C:\realDesktop\manifest-evaluations\summer-26\ghidra-pipeline\il2cpp-files\BoxingMiniGames\general-structure-results\90_plus_uncertain_gaze_or_xr_structure_near_certain\0712f860_FUN_0712f860.c,C:\realDesktop\manifest-evaluations\summer-26\ghidra-pipeline\il2cpp-files\BoxingMiniGames\manual-review-pack\A_must_review\020_p400_FUN_0712f860.c
21,398,A_must_review,UnityEngine.XR.OpenXR.Features.Interactions.EyeGazeInteraction.EyeGazeDevice$$set_pose,0701ca9c,273,90_plus_confirmed_eye_data_collection_near_certain,eye_source; weak_source_state; validity_gate; pose_vector; telemetry; structure_combo; attempted_use; active_gaze_retrieval; active_gaze_collection; possible_biometrics,strong_eye_source_hits_4; weak_xr_or_state_hits_2; validity_or_gating_hits_9; strong_pose_or_ray_construction_hits_2; telemetry_or_network_hits_1; source_validity_pose_sink_structure; strong_eye_source_validity_pose_sink_structure; attempted_eye_tracking_permission_or_feature_enable; active_gaze_state_retrieval_with_validity_and_pose; active_gaze_values_flow_to_collection_or_telemetry_sink; possible_biometric_feature_from_active_eye_context; functionality_gaze_retrieval_or_extraction; functionality_gaze_interaction_hits_1; functionality_data_collection_or_telemetry_hits_1; functionality_possible_biometrics_hits_4,base_scanner_score_273; module_bonus_validity_gate_8; module_bonus_pose_vector_10; module_bonus_telemetry_20; module_bonus_structure_combo_18; evidence_bonus_telemetry_or_network_hits_12; sensitive_sink_telemetry_bonus_15; keyword_support_eye_or_gaze_5_bonus_20; keyword_support_sdk_2_bonus_6; keyword_support_collection_or_telemetry_4_bonus_16,C:\realDesktop\manifest-evaluations\summer-26\ghidra-pipeline\il2cpp-files\BoxingMiniGames\general-structure-results\90_plus_confirmed_eye_data_collection_near_certain\0701ca9c_UnityEngine.XR.OpenXR.Features.Interactions.EyeGazeInteraction.EyeGazeDevice$$set_pose.c,C:\realDesktop\manifest-evaluations\summer-26\ghidra-pipeline\il2cpp-files\BoxingMiniGames\manual-review-pack\A_must_review\021_p398_UnityEngine.XR.OpenXR.Features.Interactions.EyeGazeInteraction.EyeGazeDevice$$set_pose.c
22,388,A_must_review,UnityEngine.InputSystem.PlayerInput$$set_actions,06c646f0,232,90_plus_framework_support_only_near_certain,eye_source; weak_source_state; validity_gate; pose_vector; paired_state_refs; ui_interaction; telemetry; frame_behavior; structure_combo,strong_eye_source_hits_4; weak_xr_or_state_hits_12; validity_or_gating_hits_6; strong_pose_or_ray_construction_hits_15; paired_field_refs_with_eye_source; ui_or_gameplay_sink_hits_16; telemetry_or_network_hits_6; frame_or_lifecycle_behavior; source_validity_pose_sink_structure; strong_eye_source_validity_pose_sink_structure; functionality_gaze_retrieval_or_extraction; functionality_gaze_interaction_hits_16; functionality_data_collection_or_telemetry_hits_3,base_scanner_score_232; module_bonus_validity_gate_8; module_bonus_pose_vector_10; module_bonus_paired_state_refs_8; module_bonus_ui_interaction_12; module_bonus_telemetry_20; module_bonus_frame_behavior_5; module_bonus_structure_combo_18; evidence_bonus_telemetry_or_network_hits_12; sensitive_sink_telemetry_bonus_15; keyword_support_eye_or_gaze_5_bonus_20; keyword_support_sdk_4_bonus_12; keyword_support_collection_or_telemetry_4_bonus_16,C:\realDesktop\manifest-evaluations\summer-26\ghidra-pipeline\il2cpp-files\BoxingMiniGames\general-structure-results\90_plus_framework_support_only_near_certain\06c646f0_UnityEngine.InputSystem.PlayerInput$$set_actions.c,C:\realDesktop\manifest-evaluations\summer-26\ghidra-pipeline\il2cpp-files\BoxingMiniGames\manual-review-pack\A_must_review\022_p388_UnityEngine.InputSystem.PlayerInput$$set_actions.c
23,388,A_must_review,UnityEngine.InputSystem.PlayerInput$$get_splitScreenIndex,06c6436c,232,90_plus_framework_support_only_near_certain,eye_source; weak_source_state; validity_gate; pose_vector; paired_state_refs; ui_interaction; telemetry; frame_behavior; structure_combo,strong_eye_source_hits_4; weak_xr_or_state_hits_12; validity_or_gating_hits_6; strong_pose_or_ray_construction_hits_15; paired_field_refs_with_eye_source; ui_or_gameplay_sink_hits_17; telemetry_or_network_hits_7; frame_or_lifecycle_behavior; source_validity_pose_sink_structure; strong_eye_source_validity_pose_sink_structure; functionality_gaze_retrieval_or_extraction; functionality_gaze_interaction_hits_17; functionality_data_collection_or_telemetry_hits_3,base_scanner_score_232; module_bonus_validity_gate_8; module_bonus_pose_vector_10; module_bonus_paired_state_refs_8; module_bonus_ui_interaction_12; module_bonus_telemetry_20; module_bonus_frame_behavior_5; module_bonus_structure_combo_18; evidence_bonus_telemetry_or_network_hits_12; sensitive_sink_telemetry_bonus_15; keyword_support_eye_or_gaze_5_bonus_20; keyword_support_sdk_4_bonus_12; keyword_support_collection_or_telemetry_4_bonus_16,C:\realDesktop\manifest-evaluations\summer-26\ghidra-pipeline\il2cpp-files\BoxingMiniGames\general-structure-results\90_plus_framework_support_only_near_certain\06c6436c_UnityEngine.InputSystem.PlayerInput$$get_splitScreenIndex.c,C:\realDesktop\manifest-evaluations\summer-26\ghidra-pipeline\il2cpp-files\BoxingMiniGames\manual-review-pack\A_must_review\023_p388_UnityEngine.InputSystem.PlayerInput$$get_splitScreenIndex.c
24,388,A_must_review,UnityEngine.InputSystem.PlayerInput$$get_playerIndex,06c64364,232,90_plus_framework_support_only_near_certain,eye_source; weak_source_state; validity_gate; pose_vector; paired_state_refs; ui_interaction; telemetry; frame_behavior; structure_combo,strong_eye_source_hits_4; weak_xr_or_state_hits_12; validity_or_gating_hits_6; strong_pose_or_ray_construction_hits_15; paired_field_refs_with_eye_source; ui_or_gameplay_sink_hits_17; telemetry_or_network_hits_7; frame_or_lifecycle_behavior; source_validity_pose_sink_structure; strong_eye_source_validity_pose_sink_structure; functionality_gaze_retrieval_or_extraction; functionality_gaze_interaction_hits_17; functionality_data_collection_or_telemetry_hits_3,base_scanner_score_232; module_bonus_validity_gate_8; module_bonus_pose_vector_10; module_bonus_paired_state_refs_8; module_bonus_ui_interaction_12; module_bonus_telemetry_20; module_bonus_frame_behavior_5; module_bonus_structure_combo_18; evidence_bonus_telemetry_or_network_hits_12; sensitive_sink_telemetry_bonus_15; keyword_support_eye_or_gaze_5_bonus_20; keyword_support_sdk_4_bonus_12; keyword_support_collection_or_telemetry_4_bonus_16,C:\realDesktop\manifest-evaluations\summer-26\ghidra-pipeline\il2cpp-files\BoxingMiniGames\general-structure-results\90_plus_framework_support_only_near_certain\06c64364_UnityEngine.InputSystem.PlayerInput$$get_playerIndex.c,C:\realDesktop\manifest-evaluations\summer-26\ghidra-pipeline\il2cpp-files\BoxingMiniGames\manual-review-pack\A_must_review\024_p388_UnityEngine.InputSystem.PlayerInput$$get_playerIndex.c
25,388,A_must_review,UnityEngine.InputSystem.PlayerInput$$get_inputIsActive,06c64354,232,90_plus_framework_support_only_near_certain,eye_source; weak_source_state; validity_gate; pose_vector; paired_state_refs; ui_interaction; telemetry; frame_behavior; structure_combo,strong_eye_source_hits_4; weak_xr_or_state_hits_16; validity_or_gating_hits_6; strong_pose_or_ray_construction_hits_15; paired_field_refs_with_eye_source; ui_or_gameplay_sink_hits_17; telemetry_or_network_hits_7; frame_or_lifecycle_behavior; source_validity_pose_sink_structure; strong_eye_source_validity_pose_sink_structure; functionality_gaze_retrieval_or_extraction; functionality_gaze_interaction_hits_17; functionality_data_collection_or_telemetry_hits_3,base_scanner_score_232; module_bonus_validity_gate_8; module_bonus_pose_vector_10; module_bonus_paired_state_refs_8; module_bonus_ui_interaction_12; module_bonus_telemetry_20; module_bonus_frame_behavior_5; module_bonus_structure_combo_18; evidence_bonus_telemetry_or_network_hits_12; sensitive_sink_telemetry_bonus_15; keyword_support_eye_or_gaze_5_bonus_20; keyword_support_sdk_4_bonus_12; keyword_support_collection_or_telemetry_4_bonus_16,C:\realDesktop\manifest-evaluations\summer-26\ghidra-pipeline\il2cpp-files\BoxingMiniGames\general-structure-results\90_plus_framework_support_only_near_certain\06c64354_UnityEngine.InputSystem.PlayerInput$$get_inputIsActive.c,C:\realDesktop\manifest-evaluations\summer-26\ghidra-pipeline\il2cpp-files\BoxingMiniGames\manual-review-pack\A_must_review\025_p388_UnityEngine.InputSystem.PlayerInput$$get_inputIsActive.c
26,388,A_must_review,UnityEngine.InputSystem.PlayerInput$$get_currentControlScheme,06c65444,232,90_plus_framework_support_only_near_certain,eye_source; weak_source_state; validity_gate; pose_vector; paired_state_refs; ui_interaction; telemetry; frame_behavior; structure_combo,strong_eye_source_hits_4; weak_xr_or_state_hits_10; validity_or_gating_hits_6; strong_pose_or_ray_construction_hits_10; paired_field_refs_with_eye_source; ui_or_gameplay_sink_hits_9; telemetry_or_network_hits_5; frame_or_lifecycle_behavior; source_validity_pose_sink_structure; strong_eye_source_validity_pose_sink_structure; functionality_gaze_retrieval_or_extraction; functionality_gaze_interaction_hits_9; functionality_data_collection_or_telemetry_hits_3,base_scanner_score_232; module_bonus_validity_gate_8; module_bonus_pose_vector_10; module_bonus_paired_state_refs_8; module_bonus_ui_interaction_12; module_bonus_telemetry_20; module_bonus_frame_behavior_5; module_bonus_structure_combo_18; evidence_bonus_telemetry_or_network_hits_12; sensitive_sink_telemetry_bonus_15; keyword_support_eye_or_gaze_5_bonus_20; keyword_support_sdk_4_bonus_12; keyword_support_collection_or_telemetry_4_bonus_16,C:\realDesktop\manifest-evaluations\summer-26\ghidra-pipeline\il2cpp-files\BoxingMiniGames\general-structure-results\90_plus_framework_support_only_near_certain\06c65444_UnityEngine.InputSystem.PlayerInput$$get_currentControlScheme.c,C:\realDesktop\manifest-evaluations\summer-26\ghidra-pipeline\il2cpp-files\BoxingMiniGames\manual-review-pack\A_must_review\026_p388_UnityEngine.InputSystem.PlayerInput$$get_currentControlScheme.c
27,388,A_must_review,UnityEngine.InputSystem.PlayerInput$$get_active,06c6435c,232,90_plus_framework_support_only_near_certain,eye_source; weak_source_state; validity_gate; pose_vector; paired_state_refs; ui_interaction; telemetry; frame_behavior; structure_combo,strong_eye_source_hits_4; weak_xr_or_state_hits_14; validity_or_gating_hits_6; strong_pose_or_ray_construction_hits_15; paired_field_refs_with_eye_source; ui_or_gameplay_sink_hits_17; telemetry_or_network_hits_7; frame_or_lifecycle_behavior; source_validity_pose_sink_structure; strong_eye_source_validity_pose_sink_structure; functionality_gaze_retrieval_or_extraction; functionality_gaze_interaction_hits_17; functionality_data_collection_or_telemetry_hits_3,base_scanner_score_232; module_bonus_validity_gate_8; module_bonus_pose_vector_10; module_bonus_paired_state_refs_8; module_bonus_ui_interaction_12; module_bonus_telemetry_20; module_bonus_frame_behavior_5; module_bonus_structure_combo_18; evidence_bonus_telemetry_or_network_hits_12; sensitive_sink_telemetry_bonus_15; keyword_support_eye_or_gaze_5_bonus_20; keyword_support_sdk_4_bonus_12; keyword_support_collection_or_telemetry_4_bonus_16,C:\realDesktop\manifest-evaluations\summer-26\ghidra-pipeline\il2cpp-files\BoxingMiniGames\general-structure-results\90_plus_framework_support_only_near_certain\06c6435c_UnityEngine.InputSystem.PlayerInput$$get_active.c,C:\realDesktop\manifest-evaluations\summer-26\ghidra-pipeline\il2cpp-files\BoxingMiniGames\manual-review-pack\A_must_review\027_p388_UnityEngine.InputSystem.PlayerInput$$get_active.c
28,388,A_must_review,UnityEngine.InputSystem.PlayerInput$$get_actions,06c64374,232,90_plus_framework_support_only_near_certain,eye_source; weak_source_state; validity_gate; pose_vector; paired_state_refs; ui_interaction; telemetry; frame_behavior; structure_combo,strong_eye_source_hits_4; weak_xr_or_state_hits_12; validity_or_gating_hits_6; strong_pose_or_ray_construction_hits_15; paired_field_refs_with_eye_source; ui_or_gameplay_sink_hits_17; telemetry_or_network_hits_7; frame_or_lifecycle_behavior; source_validity_pose_sink_structure; strong_eye_source_validity_pose_sink_structure; functionality_gaze_retrieval_or_extraction; functionality_gaze_interaction_hits_17; functionality_data_collection_or_telemetry_hits_3,base_scanner_score_232; module_bonus_validity_gate_8; module_bonus_pose_vector_10; module_bonus_paired_state_refs_8; module_bonus_ui_interaction_12; module_bonus_telemetry_20; module_bonus_frame_behavior_5; module_bonus_structure_combo_18; evidence_bonus_telemetry_or_network_hits_12; sensitive_sink_telemetry_bonus_15; keyword_support_eye_or_gaze_5_bonus_20; keyword_support_sdk_4_bonus_12; keyword_support_collection_or_telemetry_4_bonus_16,C:\realDesktop\manifest-evaluations\summer-26\ghidra-pipeline\il2cpp-files\BoxingMiniGames\general-structure-results\90_plus_framework_support_only_near_certain\06c64374_UnityEngine.InputSystem.PlayerInput$$get_actions.c,C:\realDesktop\manifest-evaluations\summer-26\ghidra-pipeline\il2cpp-files\BoxingMiniGames\manual-review-pack\A_must_review\028_p388_UnityEngine.InputSystem.PlayerInput$$get_actions.c
29,388,A_must_review,UnityEngine.InputSystem.PlayerInput$$UninitializeActions,06c64800,232,90_plus_framework_support_only_near_certain,eye_source; weak_source_state; validity_gate; pose_vector; paired_state_refs; ui_interaction; telemetry; frame_behavior; structure_combo,strong_eye_source_hits_4; weak_xr_or_state_hits_12; validity_or_gating_hits_6; strong_pose_or_ray_construction_hits_15; paired_field_refs_with_eye_source; ui_or_gameplay_sink_hits_16; telemetry_or_network_hits_6; frame_or_lifecycle_behavior; source_validity_pose_sink_structure; strong_eye_source_validity_pose_sink_structure; functionality_gaze_retrieval_or_extraction; functionality_gaze_interaction_hits_16; functionality_data_collection_or_telemetry_hits_3,base_scanner_score_232; module_bonus_validity_gate_8; module_bonus_pose_vector_10; module_bonus_paired_state_refs_8; module_bonus_ui_interaction_12; module_bonus_telemetry_20; module_bonus_frame_behavior_5; module_bonus_structure_combo_18; evidence_bonus_telemetry_or_network_hits_12; sensitive_sink_telemetry_bonus_15; keyword_support_eye_or_gaze_5_bonus_20; keyword_support_sdk_4_bonus_12; keyword_support_collection_or_telemetry_4_bonus_16,C:\realDesktop\manifest-evaluations\summer-26\ghidra-pipeline\il2cpp-files\BoxingMiniGames\general-structure-results\90_plus_framework_support_only_near_certain\06c64800_UnityEngine.InputSystem.PlayerInput$$UninitializeActions.c,C:\realDesktop\manifest-evaluations\summer-26\ghidra-pipeline\il2cpp-files\BoxingMiniGames\manual-review-pack\A_must_review\029_p388_UnityEngine.InputSystem.PlayerInput$$UninitializeActions.c
30,388,A_must_review,UnityEngine.InputSystem.PlayerInput$$InitializeActions,06c643b8,232,90_plus_framework_support_only_near_certain,eye_source; weak_source_state; validity_gate; pose_vector; paired_state_refs; ui_interaction; telemetry; frame_behavior; structure_combo,strong_eye_source_hits_4; weak_xr_or_state_hits_12; validity_or_gating_hits_6; strong_pose_or_ray_construction_hits_15; paired_field_refs_with_eye_source; ui_or_gameplay_sink_hits_17; telemetry_or_network_hits_7; frame_or_lifecycle_behavior; source_validity_pose_sink_structure; strong_eye_source_validity_pose_sink_structure; functionality_gaze_retrieval_or_extraction; functionality_gaze_interaction_hits_17; functionality_data_collection_or_telemetry_hits_3,base_scanner_score_232; module_bonus_validity_gate_8; module_bonus_pose_vector_10; module_bonus_paired_state_refs_8; module_bonus_ui_interaction_12; module_bonus_telemetry_20; module_bonus_frame_behavior_5; module_bonus_structure_combo_18; evidence_bonus_telemetry_or_network_hits_12; sensitive_sink_telemetry_bonus_15; keyword_support_eye_or_gaze_5_bonus_20; keyword_support_sdk_4_bonus_12; keyword_support_collection_or_telemetry_4_bonus_16,C:\realDesktop\manifest-evaluations\summer-26\ghidra-pipeline\il2cpp-files\BoxingMiniGames\general-structure-results\90_plus_framework_support_only_near_certain\06c643b8_UnityEngine.InputSystem.PlayerInput$$InitializeActions.c,C:\realDesktop\manifest-evaluations\summer-26\ghidra-pipeline\il2cpp-files\BoxingMiniGames\manual-review-pack\A_must_review\030_p388_UnityEngine.InputSystem.PlayerInput$$InitializeActions.c
31,388,A_must_review,UnityEngine.InputSystem.PlayerInput$$ClearCaches,06c649d4,232,90_plus_framework_support_only_near_certain,eye_source; weak_source_state; validity_gate; pose_vector; paired_state_refs; ui_interaction; telemetry; frame_behavior; structure_combo,strong_eye_source_hits_4; weak_xr_or_state_hits_12; validity_or_gating_hits_6; strong_pose_or_ray_construction_hits_15; paired_field_refs_with_eye_source; ui_or_gameplay_sink_hits_16; telemetry_or_network_hits_6; frame_or_lifecycle_behavior; source_validity_pose_sink_structure; strong_eye_source_validity_pose_sink_structure; functionality_gaze_retrieval_or_extraction; functionality_gaze_interaction_hits_16; functionality_data_collection_or_telemetry_hits_3,base_scanner_score_232; module_bonus_validity_gate_8; module_bonus_pose_vector_10; module_bonus_paired_state_refs_8; module_bonus_ui_interaction_12; module_bonus_telemetry_20; module_bonus_frame_behavior_5; module_bonus_structure_combo_18; evidence_bonus_telemetry_or_network_hits_12; sensitive_sink_telemetry_bonus_15; keyword_support_eye_or_gaze_5_bonus_20; keyword_support_sdk_4_bonus_12; keyword_support_collection_or_telemetry_4_bonus_16,C:\realDesktop\manifest-evaluations\summer-26\ghidra-pipeline\il2cpp-files\BoxingMiniGames\general-structure-results\90_plus_framework_support_only_near_certain\06c649d4_UnityEngine.InputSystem.PlayerInput$$ClearCaches.c,C:\realDesktop\manifest-evaluations\summer-26\ghidra-pipeline\il2cpp-files\BoxingMiniGames\manual-review-pack\A_must_review\031_p388_UnityEngine.InputSystem.PlayerInput$$ClearCaches.c
32,388,A_must_review,UnityEngine.InputSystem.PlayerInput$$AssignUserAndDevices,06c64a2c,232,90_plus_framework_support_only_near_certain,eye_source; weak_source_state; validity_gate; pose_vector; paired_state_refs; ui_interaction; telemetry; frame_behavior; structure_combo,strong_eye_source_hits_4; weak_xr_or_state_hits_12; validity_or_gating_hits_6; strong_pose_or_ray_construction_hits_15; paired_field_refs_with_eye_source; ui_or_gameplay_sink_hits_16; telemetry_or_network_hits_6; frame_or_lifecycle_behavior; source_validity_pose_sink_structure; strong_eye_source_validity_pose_sink_structure; functionality_gaze_retrieval_or_extraction; functionality_gaze_interaction_hits_16; functionality_data_collection_or_telemetry_hits_3,base_scanner_score_232; module_bonus_validity_gate_8; module_bonus_pose_vector_10; module_bonus_paired_state_refs_8; module_bonus_ui_interaction_12; module_bonus_telemetry_20; module_bonus_frame_behavior_5; module_bonus_structure_combo_18; evidence_bonus_telemetry_or_network_hits_12; sensitive_sink_telemetry_bonus_15; keyword_support_eye_or_gaze_5_bonus_20; keyword_support_sdk_4_bonus_12; keyword_support_collection_or_telemetry_4_bonus_16,C:\realDesktop\manifest-evaluations\summer-26\ghidra-pipeline\il2cpp-files\BoxingMiniGames\general-structure-results\90_plus_framework_support_only_near_certain\06c64a2c_UnityEngine.InputSystem.PlayerInput$$AssignUserAndDevices.c,C:\realDesktop\manifest-evaluations\summer-26\ghidra-pipeline\il2cpp-files\BoxingMiniGames\manual-review-pack\A_must_review\032_p388_UnityEngine.InputSystem.PlayerInput$$AssignUserAndDevices.c
33,388,A_must_review,UnityEngine.InputSystem.PlayerInput$$ActivateInput,06c65388,232,90_plus_framework_support_only_near_certain,eye_source; weak_source_state; validity_gate; pose_vector; paired_state_refs; ui_interaction; telemetry; frame_behavior; structure_combo,strong_eye_source_hits_4; weak_xr_or_state_hits_10; validity_or_gating_hits_6; strong_pose_or_ray_construction_hits_10; paired_field_refs_with_eye_source; ui_or_gameplay_sink_hits_9; telemetry_or_network_hits_5; frame_or_lifecycle_behavior; source_validity_pose_sink_structure; strong_eye_source_validity_pose_sink_structure; functionality_gaze_retrieval_or_extraction; functionality_gaze_interaction_hits_9; functionality_data_collection_or_telemetry_hits_3,base_scanner_score_232; module_bonus_validity_gate_8; module_bonus_pose_vector_10; module_bonus_paired_state_refs_8; module_bonus_ui_interaction_12; module_bonus_telemetry_20; module_bonus_frame_behavior_5; module_bonus_structure_combo_18; evidence_bonus_telemetry_or_network_hits_12; sensitive_sink_telemetry_bonus_15; keyword_support_eye_or_gaze_5_bonus_20; keyword_support_sdk_4_bonus_12; keyword_support_collection_or_telemetry_4_bonus_16,C:\realDesktop\manifest-evaluations\summer-26\ghidra-pipeline\il2cpp-files\BoxingMiniGames\general-structure-results\90_plus_framework_support_only_near_certain\06c65388_UnityEngine.InputSystem.PlayerInput$$ActivateInput.c,C:\realDesktop\manifest-evaluations\summer-26\ghidra-pipeline\il2cpp-files\BoxingMiniGames\manual-review-pack\A_must_review\033_p388_UnityEngine.InputSystem.PlayerInput$$ActivateInput.c
34,382,A_must_review,UnityEngine.InputSystem.PlayerInput.DeviceRegainedEvent$$.ctor,06c65b3c,226,90_plus_framework_support_only_near_certain,eye_source; weak_source_state; validity_gate; pose_vector; paired_state_refs; ui_interaction; telemetry; frame_behavior; structure_combo,strong_eye_source_hits_3; weak_xr_or_state_hits_8; validity_or_gating_hits_6; strong_pose_or_ray_construction_hits_9; paired_field_refs_with_eye_source; ui_or_gameplay_sink_hits_6; telemetry_or_network_hits_5; frame_or_lifecycle_behavior; source_validity_pose_sink_structure; strong_eye_source_validity_pose_sink_structure; functionality_gaze_retrieval_or_extraction; functionality_gaze_interaction_hits_6; functionality_data_collection_or_telemetry_hits_3,base_scanner_score_226; module_bonus_validity_gate_8; module_bonus_pose_vector_10; module_bonus_paired_state_refs_8; module_bonus_ui_interaction_12; module_bonus_telemetry_20; module_bonus_frame_behavior_5; module_bonus_structure_combo_18; evidence_bonus_telemetry_or_network_hits_12; sensitive_sink_telemetry_bonus_15; keyword_support_eye_or_gaze_5_bonus_20; keyword_support_sdk_4_bonus_12; keyword_support_collection_or_telemetry_4_bonus_16,C:\realDesktop\manifest-evaluations\summer-26\ghidra-pipeline\il2cpp-files\BoxingMiniGames\general-structure-results\90_plus_framework_support_only_near_certain\06c65b3c_UnityEngine.InputSystem.PlayerInput.DeviceRegainedEvent$$.ctor.c,C:\realDesktop\manifest-evaluations\summer-26\ghidra-pipeline\il2cpp-files\BoxingMiniGames\manual-review-pack\A_must_review\034_p382_UnityEngine.InputSystem.PlayerInput.DeviceRegainedEvent$$.ctor.c
35,382,A_must_review,UnityEngine.InputSystem.PlayerInput.DeviceLostEvent$$.ctor,06c65a88,226,90_plus_framework_support_only_near_certain,eye_source; weak_source_state; validity_gate; pose_vector; paired_state_refs; ui_interaction; telemetry; frame_behavior; structure_combo,strong_eye_source_hits_3; weak_xr_or_state_hits_8; validity_or_gating_hits_6; strong_pose_or_ray_construction_hits_9; paired_field_refs_with_eye_source; ui_or_gameplay_sink_hits_6; telemetry_or_network_hits_5; frame_or_lifecycle_behavior; source_validity_pose_sink_structure; strong_eye_source_validity_pose_sink_structure; functionality_gaze_retrieval_or_extraction; functionality_gaze_interaction_hits_6; functionality_data_collection_or_telemetry_hits_3,base_scanner_score_226; module_bonus_validity_gate_8; module_bonus_pose_vector_10; module_bonus_paired_state_refs_8; module_bonus_ui_interaction_12; module_bonus_telemetry_20; module_bonus_frame_behavior_5; module_bonus_structure_combo_18; evidence_bonus_telemetry_or_network_hits_12; sensitive_sink_telemetry_bonus_15; keyword_support_eye_or_gaze_5_bonus_20; keyword_support_sdk_4_bonus_12; keyword_support_collection_or_telemetry_4_bonus_16,C:\realDesktop\manifest-evaluations\summer-26\ghidra-pipeline\il2cpp-files\BoxingMiniGames\general-structure-results\90_plus_framework_support_only_near_certain\06c65a88_UnityEngine.InputSystem.PlayerInput.DeviceLostEvent$$.ctor.c,C:\realDesktop\manifest-evaluations\summer-26\ghidra-pipeline\il2cpp-files\BoxingMiniGames\manual-review-pack\A_must_review\035_p382_UnityEngine.InputSystem.PlayerInput.DeviceLostEvent$$.ctor.c
36,382,A_must_review,UnityEngine.InputSystem.PlayerInput.ControlsChangedEvent$$.ctor,06c65bf0,226,90_plus_framework_support_only_near_certain,eye_source; weak_source_state; validity_gate; pose_vector; paired_state_refs; ui_interaction; telemetry; frame_behavior; structure_combo,strong_eye_source_hits_3; weak_xr_or_state_hits_8; validity_or_gating_hits_6; strong_pose_or_ray_construction_hits_9; paired_field_refs_with_eye_source; ui_or_gameplay_sink_hits_6; telemetry_or_network_hits_5; frame_or_lifecycle_behavior; source_validity_pose_sink_structure; strong_eye_source_validity_pose_sink_structure; functionality_gaze_retrieval_or_extraction; functionality_gaze_interaction_hits_6; functionality_data_collection_or_telemetry_hits_3,base_scanner_score_226; module_bonus_validity_gate_8; module_bonus_pose_vector_10; module_bonus_paired_state_refs_8; module_bonus_ui_interaction_12; module_bonus_telemetry_20; module_bonus_frame_behavior_5; module_bonus_structure_combo_18; evidence_bonus_telemetry_or_network_hits_12; sensitive_sink_telemetry_bonus_15; keyword_support_eye_or_gaze_5_bonus_20; keyword_support_sdk_4_bonus_12; keyword_support_collection_or_telemetry_4_bonus_16,C:\realDesktop\manifest-evaluations\summer-26\ghidra-pipeline\il2cpp-files\BoxingMiniGames\general-structure-results\90_plus_framework_support_only_near_certain\06c65bf0_UnityEngine.InputSystem.PlayerInput.ControlsChangedEvent$$.ctor.c,C:\realDesktop\manifest-evaluations\summer-26\ghidra-pipeline\il2cpp-files\BoxingMiniGames\manual-review-pack\A_must_review\036_p382_UnityEngine.InputSystem.PlayerInput.ControlsChangedEvent$$.ctor.c
37,382,A_must_review,UnityEngine.InputSystem.PlayerInput$$set_notificationBehavior,06c658f0,226,90_plus_framework_support_only_near_certain,eye_source; weak_source_state; validity_gate; pose_vector; paired_state_refs; ui_interaction; telemetry; frame_behavior; structure_combo,strong_eye_source_hits_3; weak_xr_or_state_hits_8; validity_or_gating_hits_6; strong_pose_or_ray_construction_hits_9; paired_field_refs_with_eye_source; ui_or_gameplay_sink_hits_7; telemetry_or_network_hits_5; frame_or_lifecycle_behavior; source_validity_pose_sink_structure; strong_eye_source_validity_pose_sink_structure; functionality_gaze_retrieval_or_extraction; functionality_gaze_interaction_hits_7; functionality_data_collection_or_telemetry_hits_3,base_scanner_score_226; module_bonus_validity_gate_8; module_bonus_pose_vector_10; module_bonus_paired_state_refs_8; module_bonus_ui_interaction_12; module_bonus_telemetry_20; module_bonus_frame_behavior_5; module_bonus_structure_combo_18; evidence_bonus_telemetry_or_network_hits_12; sensitive_sink_telemetry_bonus_15; keyword_support_eye_or_gaze_5_bonus_20; keyword_support_sdk_4_bonus_12; keyword_support_collection_or_telemetry_4_bonus_16,C:\realDesktop\manifest-evaluations\summer-26\ghidra-pipeline\il2cpp-files\BoxingMiniGames\general-structure-results\90_plus_framework_support_only_near_certain\06c658f0_UnityEngine.InputSystem.PlayerInput$$set_notificationBehavior.c,C:\realDesktop\manifest-evaluations\summer-26\ghidra-pipeline\il2cpp-files\BoxingMiniGames\manual-review-pack\A_must_review\037_p382_UnityEngine.InputSystem.PlayerInput$$set_notificationBehavior.c
38,382,A_must_review,UnityEngine.InputSystem.PlayerInput$$set_neverAutoSwitchControlSchemes,06c65678,226,90_plus_framework_support_only_near_certain,eye_source; weak_source_state; validity_gate; pose_vector; paired_state_refs; ui_interaction; telemetry; frame_behavior; structure_combo,strong_eye_source_hits_3; weak_xr_or_state_hits_8; validity_or_gating_hits_6; strong_pose_or_ray_construction_hits_10; paired_field_refs_with_eye_source; ui_or_gameplay_sink_hits_8; telemetry_or_network_hits_5; frame_or_lifecycle_behavior; source_validity_pose_sink_structure; strong_eye_source_validity_pose_sink_structure; functionality_gaze_retrieval_or_extraction; functionality_gaze_interaction_hits_8; functionality_data_collection_or_telemetry_hits_3,base_scanner_score_226; module_bonus_validity_gate_8; module_bonus_pose_vector_10; module_bonus_paired_state_refs_8; module_bonus_ui_interaction_12; module_bonus_telemetry_20; module_bonus_frame_behavior_5; module_bonus_structure_combo_18; evidence_bonus_telemetry_or_network_hits_12; sensitive_sink_telemetry_bonus_15; keyword_support_eye_or_gaze_5_bonus_20; keyword_support_sdk_4_bonus_12; keyword_support_collection_or_telemetry_4_bonus_16,C:\realDesktop\manifest-evaluations\summer-26\ghidra-pipeline\il2cpp-files\BoxingMiniGames\general-structure-results\90_plus_framework_support_only_near_certain\06c65678_UnityEngine.InputSystem.PlayerInput$$set_neverAutoSwitchControlSchemes.c,C:\realDesktop\manifest-evaluations\summer-26\ghidra-pipeline\il2cpp-files\BoxingMiniGames\manual-review-pack\A_must_review\038_p382_UnityEngine.InputSystem.PlayerInput$$set_neverAutoSwitchControlSchemes.c
39,382,A_must_review,UnityEngine.InputSystem.PlayerInput$$set_defaultControlScheme,06c65668,226,90_plus_framework_support_only_near_certain,eye_source; weak_source_state; validity_gate; pose_vector; paired_state_refs; ui_interaction; telemetry; frame_behavior; structure_combo,strong_eye_source_hits_3; weak_xr_or_state_hits_8; validity_or_gating_hits_6; strong_pose_or_ray_construction_hits_10; paired_field_refs_with_eye_source; ui_or_gameplay_sink_hits_8; telemetry_or_network_hits_5; frame_or_lifecycle_behavior; source_validity_pose_sink_structure; strong_eye_source_validity_pose_sink_structure; functionality_gaze_retrieval_or_extraction; functionality_gaze_interaction_hits_8; functionality_data_collection_or_telemetry_hits_3,base_scanner_score_226; module_bonus_validity_gate_8; module_bonus_pose_vector_10; module_bonus_paired_state_refs_8; module_bonus_ui_interaction_12; module_bonus_telemetry_20; module_bonus_frame_behavior_5; module_bonus_structure_combo_18; evidence_bonus_telemetry_or_network_hits_12; sensitive_sink_telemetry_bonus_15; keyword_support_eye_or_gaze_5_bonus_20; keyword_support_sdk_4_bonus_12; keyword_support_collection_or_telemetry_4_bonus_16,C:\realDesktop\manifest-evaluations\summer-26\ghidra-pipeline\il2cpp-files\BoxingMiniGames\general-structure-results\90_plus_framework_support_only_near_certain\06c65668_UnityEngine.InputSystem.PlayerInput$$set_defaultControlScheme.c,C:\realDesktop\manifest-evaluations\summer-26\ghidra-pipeline\il2cpp-files\BoxingMiniGames\manual-review-pack\A_must_review\039_p382_UnityEngine.InputSystem.PlayerInput$$set_defaultControlScheme.c
40,382,A_must_review,UnityEngine.InputSystem.PlayerInput$$set_defaultActionMap,06c658e0,226,90_plus_framework_support_only_near_certain,eye_source; weak_source_state; validity_gate; pose_vector; paired_state_refs; ui_interaction; telemetry; frame_behavior; structure_combo,strong_eye_source_hits_3; weak_xr_or_state_hits_8; validity_or_gating_hits_6; strong_pose_or_ray_construction_hits_9; paired_field_refs_with_eye_source; ui_or_gameplay_sink_hits_7; telemetry_or_network_hits_5; frame_or_lifecycle_behavior; source_validity_pose_sink_structure; strong_eye_source_validity_pose_sink_structure; functionality_gaze_retrieval_or_extraction; functionality_gaze_interaction_hits_7; functionality_data_collection_or_telemetry_hits_3,base_scanner_score_226; module_bonus_validity_gate_8; module_bonus_pose_vector_10; module_bonus_paired_state_refs_8; module_bonus_ui_interaction_12; module_bonus_telemetry_20; module_bonus_frame_behavior_5; module_bonus_structure_combo_18; evidence_bonus_telemetry_or_network_hits_12; sensitive_sink_telemetry_bonus_15; keyword_support_eye_or_gaze_5_bonus_20; keyword_support_sdk_4_bonus_12; keyword_support_collection_or_telemetry_4_bonus_16,C:\realDesktop\manifest-evaluations\summer-26\ghidra-pipeline\il2cpp-files\BoxingMiniGames\general-structure-results\90_plus_framework_support_only_near_certain\06c658e0_UnityEngine.InputSystem.PlayerInput$$set_defaultActionMap.c,C:\realDesktop\manifest-evaluations\summer-26\ghidra-pipeline\il2cpp-files\BoxingMiniGames\manual-review-pack\A_must_review\040_p382_UnityEngine.InputSystem.PlayerInput$$set_defaultActionMap.c
41,382,A_must_review,UnityEngine.InputSystem.PlayerInput$$set_currentActionMap,06c65870,226,90_plus_framework_support_only_near_certain,eye_source; weak_source_state; validity_gate; pose_vector; paired_state_refs; ui_interaction; telemetry; frame_behavior; structure_combo,strong_eye_source_hits_3; weak_xr_or_state_hits_8; validity_or_gating_hits_6; strong_pose_or_ray_construction_hits_9; paired_field_refs_with_eye_source; ui_or_gameplay_sink_hits_7; telemetry_or_network_hits_5; frame_or_lifecycle_behavior; source_validity_pose_sink_structure; strong_eye_source_validity_pose_sink_structure; functionality_gaze_retrieval_or_extraction; functionality_gaze_interaction_hits_7; functionality_data_collection_or_telemetry_hits_3,base_scanner_score_226; module_bonus_validity_gate_8; module_bonus_pose_vector_10; module_bonus_paired_state_refs_8; module_bonus_ui_interaction_12; module_bonus_telemetry_20; module_bonus_frame_behavior_5; module_bonus_structure_combo_18; evidence_bonus_telemetry_or_network_hits_12; sensitive_sink_telemetry_bonus_15; keyword_support_eye_or_gaze_5_bonus_20; keyword_support_sdk_4_bonus_12; keyword_support_collection_or_telemetry_4_bonus_16,C:\realDesktop\manifest-evaluations\summer-26\ghidra-pipeline\il2cpp-files\BoxingMiniGames\general-structure-results\90_plus_framework_support_only_near_certain\06c65870_UnityEngine.InputSystem.PlayerInput$$set_currentActionMap.c,C:\realDesktop\manifest-evaluations\summer-26\ghidra-pipeline\il2cpp-files\BoxingMiniGames\manual-review-pack\A_must_review\041_p382_UnityEngine.InputSystem.PlayerInput$$set_currentActionMap.c
42,382,A_must_review,UnityEngine.InputSystem.PlayerInput$$set_actionEvents,06c65990,226,90_plus_framework_support_only_near_certain,eye_source; weak_source_state; validity_gate; pose_vector; paired_state_refs; ui_interaction; telemetry; frame_behavior; structure_combo,strong_eye_source_hits_3; weak_xr_or_state_hits_8; validity_or_gating_hits_6; strong_pose_or_ray_construction_hits_9; paired_field_refs_with_eye_source; ui_or_gameplay_sink_hits_6; telemetry_or_network_hits_5; frame_or_lifecycle_behavior; source_validity_pose_sink_structure; strong_eye_source_validity_pose_sink_structure; functionality_gaze_retrieval_or_extraction; functionality_gaze_interaction_hits_6; functionality_data_collection_or_telemetry_hits_3,base_scanner_score_226; module_bonus_validity_gate_8; module_bonus_pose_vector_10; module_bonus_paired_state_refs_8; module_bonus_ui_interaction_12; module_bonus_telemetry_20; module_bonus_frame_behavior_5; module_bonus_structure_combo_18; evidence_bonus_telemetry_or_network_hits_12; sensitive_sink_telemetry_bonus_15; keyword_support_eye_or_gaze_5_bonus_20; keyword_support_sdk_4_bonus_12; keyword_support_collection_or_telemetry_4_bonus_16,C:\realDesktop\manifest-evaluations\summer-26\ghidra-pipeline\il2cpp-files\BoxingMiniGames\general-structure-results\90_plus_framework_support_only_near_certain\06c65990_UnityEngine.InputSystem.PlayerInput$$set_actionEvents.c,C:\realDesktop\manifest-evaluations\summer-26\ghidra-pipeline\il2cpp-files\BoxingMiniGames\manual-review-pack\A_must_review\042_p382_UnityEngine.InputSystem.PlayerInput$$set_actionEvents.c
43,382,A_must_review,UnityEngine.InputSystem.PlayerInput$$remove_onActionTriggered,06c65cd4,226,90_plus_framework_support_only_near_certain,eye_source; weak_source_state; validity_gate; pose_vector; paired_state_refs; ui_interaction; telemetry; frame_behavior; structure_combo,strong_eye_source_hits_3; weak_xr_or_state_hits_8; validity_or_gating_hits_6; strong_pose_or_ray_construction_hits_9; paired_field_refs_with_eye_source; ui_or_gameplay_sink_hits_6; telemetry_or_network_hits_5; frame_or_lifecycle_behavior; source_validity_pose_sink_structure; strong_eye_source_validity_pose_sink_structure; functionality_gaze_retrieval_or_extraction; functionality_gaze_interaction_hits_6; functionality_data_collection_or_telemetry_hits_3,base_scanner_score_226; module_bonus_validity_gate_8; module_bonus_pose_vector_10; module_bonus_paired_state_refs_8; module_bonus_ui_interaction_12; module_bonus_telemetry_20; module_bonus_frame_behavior_5; module_bonus_structure_combo_18; evidence_bonus_telemetry_or_network_hits_12; sensitive_sink_telemetry_bonus_15; keyword_support_eye_or_gaze_5_bonus_20; keyword_support_sdk_4_bonus_12; keyword_support_collection_or_telemetry_4_bonus_16,C:\realDesktop\manifest-evaluations\summer-26\ghidra-pipeline\il2cpp-files\BoxingMiniGames\general-structure-results\90_plus_framework_support_only_near_certain\06c65cd4_UnityEngine.InputSystem.PlayerInput$$remove_onActionTriggered.c,C:\realDesktop\manifest-evaluations\summer-26\ghidra-pipeline\il2cpp-files\BoxingMiniGames\manual-review-pack\A_must_review\043_p382_UnityEngine.InputSystem.PlayerInput$$remove_onActionTriggered.c
44,382,A_must_review,UnityEngine.InputSystem.PlayerInput$$get_notificationBehavior,06c658e8,226,90_plus_framework_support_only_near_certain,eye_source; weak_source_state; validity_gate; pose_vector; paired_state_refs; ui_interaction; telemetry; frame_behavior; structure_combo,strong_eye_source_hits_3; weak_xr_or_state_hits_8; validity_or_gating_hits_6; strong_pose_or_ray_construction_hits_9; paired_field_refs_with_eye_source; ui_or_gameplay_sink_hits_7; telemetry_or_network_hits_5; frame_or_lifecycle_behavior; source_validity_pose_sink_structure; strong_eye_source_validity_pose_sink_structure; functionality_gaze_retrieval_or_extraction; functionality_gaze_interaction_hits_7; functionality_data_collection_or_telemetry_hits_3,base_scanner_score_226; module_bonus_validity_gate_8; module_bonus_pose_vector_10; module_bonus_paired_state_refs_8; module_bonus_ui_interaction_12; module_bonus_telemetry_20; module_bonus_frame_behavior_5; module_bonus_structure_combo_18; evidence_bonus_telemetry_or_network_hits_12; sensitive_sink_telemetry_bonus_15; keyword_support_eye_or_gaze_5_bonus_20; keyword_support_sdk_4_bonus_12; keyword_support_collection_or_telemetry_4_bonus_16,C:\realDesktop\manifest-evaluations\summer-26\ghidra-pipeline\il2cpp-files\BoxingMiniGames\general-structure-results\90_plus_framework_support_only_near_certain\06c658e8_UnityEngine.InputSystem.PlayerInput$$get_notificationBehavior.c,C:\realDesktop\manifest-evaluations\summer-26\ghidra-pipeline\il2cpp-files\BoxingMiniGames\manual-review-pack\A_must_review\044_p382_UnityEngine.InputSystem.PlayerInput$$get_notificationBehavior.c
45,382,A_must_review,UnityEngine.InputSystem.PlayerInput$$get_neverAutoSwitchControlSchemes,06c65670,226,90_plus_framework_support_only_near_certain,eye_source; weak_source_state; validity_gate; pose_vector; paired_state_refs; ui_interaction; telemetry; frame_behavior; structure_combo,strong_eye_source_hits_3; weak_xr_or_state_hits_8; validity_or_gating_hits_6; strong_pose_or_ray_construction_hits_10; paired_field_refs_with_eye_source; ui_or_gameplay_sink_hits_8; telemetry_or_network_hits_5; frame_or_lifecycle_behavior; source_validity_pose_sink_structure; strong_eye_source_validity_pose_sink_structure; functionality_gaze_retrieval_or_extraction; functionality_gaze_interaction_hits_8; functionality_data_collection_or_telemetry_hits_3,base_scanner_score_226; module_bonus_validity_gate_8; module_bonus_pose_vector_10; module_bonus_paired_state_refs_8; module_bonus_ui_interaction_12; module_bonus_telemetry_20; module_bonus_frame_behavior_5; module_bonus_structure_combo_18; evidence_bonus_telemetry_or_network_hits_12; sensitive_sink_telemetry_bonus_15; keyword_support_eye_or_gaze_5_bonus_20; keyword_support_sdk_4_bonus_12; keyword_support_collection_or_telemetry_4_bonus_16,C:\realDesktop\manifest-evaluations\summer-26\ghidra-pipeline\il2cpp-files\BoxingMiniGames\general-structure-results\90_plus_framework_support_only_near_certain\06c65670_UnityEngine.InputSystem.PlayerInput$$get_neverAutoSwitchControlSchemes.c,C:\realDesktop\manifest-evaluations\summer-26\ghidra-pipeline\il2cpp-files\BoxingMiniGames\manual-review-pack\A_must_review\045_p382_UnityEngine.InputSystem.PlayerInput$$get_neverAutoSwitchControlSchemes.c
46,382,A_must_review,UnityEngine.InputSystem.PlayerInput$$get_deviceRegainedEvent,06c65ad0,226,90_plus_framework_support_only_near_certain,eye_source; weak_source_state; validity_gate; pose_vector; paired_state_refs; ui_interaction; telemetry; frame_behavior; structure_combo,strong_eye_source_hits_3; weak_xr_or_state_hits_8; validity_or_gating_hits_6; strong_pose_or_ray_construction_hits_9; paired_field_refs_with_eye_source; ui_or_gameplay_sink_hits_6; telemetry_or_network_hits_5; frame_or_lifecycle_behavior; source_validity_pose_sink_structure; strong_eye_source_validity_pose_sink_structure; functionality_gaze_retrieval_or_extraction; functionality_gaze_interaction_hits_6; functionality_data_collection_or_telemetry_hits_3,base_scanner_score_226; module_bonus_validity_gate_8; module_bonus_pose_vector_10; module_bonus_paired_state_refs_8; module_bonus_ui_interaction_12; module_bonus_telemetry_20; module_bonus_frame_behavior_5; module_bonus_structure_combo_18; evidence_bonus_telemetry_or_network_hits_12; sensitive_sink_telemetry_bonus_15; keyword_support_eye_or_gaze_5_bonus_20; keyword_support_sdk_4_bonus_12; keyword_support_collection_or_telemetry_4_bonus_16,C:\realDesktop\manifest-evaluations\summer-26\ghidra-pipeline\il2cpp-files\BoxingMiniGames\general-structure-results\90_plus_framework_support_only_near_certain\06c65ad0_UnityEngine.InputSystem.PlayerInput$$get_deviceRegainedEvent.c,C:\realDesktop\manifest-evaluations\summer-26\ghidra-pipeline\il2cpp-files\BoxingMiniGames\manual-review-pack\A_must_review\046_p382_UnityEngine.InputSystem.PlayerInput$$get_deviceRegainedEvent.c
47,382,A_must_review,UnityEngine.InputSystem.PlayerInput$$get_deviceLostEvent,06c65a1c,226,90_plus_framework_support_only_near_certain,eye_source; weak_source_state; validity_gate; pose_vector; paired_state_refs; ui_interaction; telemetry; frame_behavior; structure_combo,strong_eye_source_hits_3; weak_xr_or_state_hits_8; validity_or_gating_hits_6; strong_pose_or_ray_construction_hits_9; paired_field_refs_with_eye_source; ui_or_gameplay_sink_hits_6; telemetry_or_network_hits_5; frame_or_lifecycle_behavior; source_validity_pose_sink_structure; strong_eye_source_validity_pose_sink_structure; functionality_gaze_retrieval_or_extraction; functionality_gaze_interaction_hits_6; functionality_data_collection_or_telemetry_hits_3,base_scanner_score_226; module_bonus_validity_gate_8; module_bonus_pose_vector_10; module_bonus_paired_state_refs_8; module_bonus_ui_interaction_12; module_bonus_telemetry_20; module_bonus_frame_behavior_5; module_bonus_structure_combo_18; evidence_bonus_telemetry_or_network_hits_12; sensitive_sink_telemetry_bonus_15; keyword_support_eye_or_gaze_5_bonus_20; keyword_support_sdk_4_bonus_12; keyword_support_collection_or_telemetry_4_bonus_16,C:\realDesktop\manifest-evaluations\summer-26\ghidra-pipeline\il2cpp-files\BoxingMiniGames\general-structure-results\90_plus_framework_support_only_near_certain\06c65a1c_UnityEngine.InputSystem.PlayerInput$$get_deviceLostEvent.c,C:\realDesktop\manifest-evaluations\summer-26\ghidra-pipeline\il2cpp-files\BoxingMiniGames\manual-review-pack\A_must_review\047_p382_UnityEngine.InputSystem.PlayerInput$$get_deviceLostEvent.c
48,382,A_must_review,UnityEngine.InputSystem.PlayerInput$$get_defaultControlScheme,06c65660,226,90_plus_framework_support_only_near_certain,eye_source; weak_source_state; validity_gate; pose_vector; paired_state_refs; ui_interaction; telemetry; frame_behavior; structure_combo,strong_eye_source_hits_3; weak_xr_or_state_hits_8; validity_or_gating_hits_6; strong_pose_or_ray_construction_hits_10; paired_field_refs_with_eye_source; ui_or_gameplay_sink_hits_8; telemetry_or_network_hits_5; frame_or_lifecycle_behavior; source_validity_pose_sink_structure; strong_eye_source_validity_pose_sink_structure; functionality_gaze_retrieval_or_extraction; functionality_gaze_interaction_hits_8; functionality_data_collection_or_telemetry_hits_3,base_scanner_score_226; module_bonus_validity_gate_8; module_bonus_pose_vector_10; module_bonus_paired_state_refs_8; module_bonus_ui_interaction_12; module_bonus_telemetry_20; module_bonus_frame_behavior_5; module_bonus_structure_combo_18; evidence_bonus_telemetry_or_network_hits_12; sensitive_sink_telemetry_bonus_15; keyword_support_eye_or_gaze_5_bonus_20; keyword_support_sdk_4_bonus_12; keyword_support_collection_or_telemetry_4_bonus_16,C:\realDesktop\manifest-evaluations\summer-26\ghidra-pipeline\il2cpp-files\BoxingMiniGames\general-structure-results\90_plus_framework_support_only_near_certain\06c65660_UnityEngine.InputSystem.PlayerInput$$get_defaultControlScheme.c,C:\realDesktop\manifest-evaluations\summer-26\ghidra-pipeline\il2cpp-files\BoxingMiniGames\manual-review-pack\A_must_review\048_p382_UnityEngine.InputSystem.PlayerInput$$get_defaultControlScheme.c
49,382,A_must_review,UnityEngine.InputSystem.PlayerInput$$get_defaultActionMap,06c658d8,226,90_plus_framework_support_only_near_certain,eye_source; weak_source_state; validity_gate; pose_vector; paired_state_refs; ui_interaction; telemetry; frame_behavior; structure_combo,strong_eye_source_hits_3; weak_xr_or_state_hits_8; validity_or_gating_hits_6; strong_pose_or_ray_construction_hits_9; paired_field_refs_with_eye_source; ui_or_gameplay_sink_hits_7; telemetry_or_network_hits_5; frame_or_lifecycle_behavior; source_validity_pose_sink_structure; strong_eye_source_validity_pose_sink_structure; functionality_gaze_retrieval_or_extraction; functionality_gaze_interaction_hits_7; functionality_data_collection_or_telemetry_hits_3,base_scanner_score_226; module_bonus_validity_gate_8; module_bonus_pose_vector_10; module_bonus_paired_state_refs_8; module_bonus_ui_interaction_12; module_bonus_telemetry_20; module_bonus_frame_behavior_5; module_bonus_structure_combo_18; evidence_bonus_telemetry_or_network_hits_12; sensitive_sink_telemetry_bonus_15; keyword_support_eye_or_gaze_5_bonus_20; keyword_support_sdk_4_bonus_12; keyword_support_collection_or_telemetry_4_bonus_16,C:\realDesktop\manifest-evaluations\summer-26\ghidra-pipeline\il2cpp-files\BoxingMiniGames\general-structure-results\90_plus_framework_support_only_near_certain\06c658d8_UnityEngine.InputSystem.PlayerInput$$get_defaultActionMap.c,C:\realDesktop\manifest-evaluations\summer-26\ghidra-pipeline\il2cpp-files\BoxingMiniGames\manual-review-pack\A_must_review\049_p382_UnityEngine.InputSystem.PlayerInput$$get_defaultActionMap.c
50,382,A_must_review,UnityEngine.InputSystem.PlayerInput$$get_currentActionMap,06c65868,226,90_plus_framework_support_only_near_certain,eye_source; weak_source_state; validity_gate; pose_vector; paired_state_refs; ui_interaction; telemetry; frame_behavior; structure_combo,strong_eye_source_hits_3; weak_xr_or_state_hits_8; validity_or_gating_hits_6; strong_pose_or_ray_construction_hits_9; paired_field_refs_with_eye_source; ui_or_gameplay_sink_hits_7; telemetry_or_network_hits_5; frame_or_lifecycle_behavior; source_validity_pose_sink_structure; strong_eye_source_validity_pose_sink_structure; functionality_gaze_retrieval_or_extraction; functionality_gaze_interaction_hits_7; functionality_data_collection_or_telemetry_hits_3,base_scanner_score_226; module_bonus_validity_gate_8; module_bonus_pose_vector_10; module_bonus_paired_state_refs_8; module_bonus_ui_interaction_12; module_bonus_telemetry_20; module_bonus_frame_behavior_5; module_bonus_structure_combo_18; evidence_bonus_telemetry_or_network_hits_12; sensitive_sink_telemetry_bonus_15; keyword_support_eye_or_gaze_5_bonus_20; keyword_support_sdk_4_bonus_12; keyword_support_collection_or_telemetry_4_bonus_16,C:\realDesktop\manifest-evaluations\summer-26\ghidra-pipeline\il2cpp-files\BoxingMiniGames\general-structure-results\90_plus_framework_support_only_near_certain\06c65868_UnityEngine.InputSystem.PlayerInput$$get_currentActionMap.c,C:\realDesktop\manifest-evaluations\summer-26\ghidra-pipeline\il2cpp-files\BoxingMiniGames\manual-review-pack\A_must_review\050_p382_UnityEngine.InputSystem.PlayerInput$$get_currentActionMap.c
51,382,A_must_review,UnityEngine.InputSystem.PlayerInput$$get_controlsChangedEvent,06c65b84,226,90_plus_framework_support_only_near_certain,eye_source; weak_source_state; validity_gate; pose_vector; paired_state_refs; ui_interaction; telemetry; frame_behavior; structure_combo,strong_eye_source_hits_3; weak_xr_or_state_hits_8; validity_or_gating_hits_6; strong_pose_or_ray_construction_hits_9; paired_field_refs_with_eye_source; ui_or_gameplay_sink_hits_6; telemetry_or_network_hits_5; frame_or_lifecycle_behavior; source_validity_pose_sink_structure; strong_eye_source_validity_pose_sink_structure; functionality_gaze_retrieval_or_extraction; functionality_gaze_interaction_hits_6; functionality_data_collection_or_telemetry_hits_3,base_scanner_score_226; module_bonus_validity_gate_8; module_bonus_pose_vector_10; module_bonus_paired_state_refs_8; module_bonus_ui_interaction_12; module_bonus_telemetry_20; module_bonus_frame_behavior_5; module_bonus_structure_combo_18; evidence_bonus_telemetry_or_network_hits_12; sensitive_sink_telemetry_bonus_15; keyword_support_eye_or_gaze_5_bonus_20; keyword_support_sdk_4_bonus_12; keyword_support_collection_or_telemetry_4_bonus_16,C:\realDesktop\manifest-evaluations\summer-26\ghidra-pipeline\il2cpp-files\BoxingMiniGames\general-structure-results\90_plus_framework_support_only_near_certain\06c65b84_UnityEngine.InputSystem.PlayerInput$$get_controlsChangedEvent.c,C:\realDesktop\manifest-evaluations\summer-26\ghidra-pipeline\il2cpp-files\BoxingMiniGames\manual-review-pack\A_must_review\051_p382_UnityEngine.InputSystem.PlayerInput$$get_controlsChangedEvent.c
52,382,A_must_review,UnityEngine.InputSystem.PlayerInput$$get_actionEvents,06c65948,226,90_plus_framework_support_only_near_certain,eye_source; weak_source_state; validity_gate; pose_vector; paired_state_refs; ui_interaction; telemetry; frame_behavior; structure_combo,strong_eye_source_hits_3; weak_xr_or_state_hits_8; validity_or_gating_hits_6; strong_pose_or_ray_construction_hits_9; paired_field_refs_with_eye_source; ui_or_gameplay_sink_hits_7; telemetry_or_network_hits_5; frame_or_lifecycle_behavior; source_validity_pose_sink_structure; strong_eye_source_validity_pose_sink_structure; functionality_gaze_retrieval_or_extraction; functionality_gaze_interaction_hits_7; functionality_data_collection_or_telemetry_hits_3,base_scanner_score_226; module_bonus_validity_gate_8; module_bonus_pose_vector_10; module_bonus_paired_state_refs_8; module_bonus_ui_interaction_12; module_bonus_telemetry_20; module_bonus_frame_behavior_5; module_bonus_structure_combo_18; evidence_bonus_telemetry_or_network_hits_12; sensitive_sink_telemetry_bonus_15; keyword_support_eye_or_gaze_5_bonus_20; keyword_support_sdk_4_bonus_12; keyword_support_collection_or_telemetry_4_bonus_16,C:\realDesktop\manifest-evaluations\summer-26\ghidra-pipeline\il2cpp-files\BoxingMiniGames\general-structure-results\90_plus_framework_support_only_near_certain\06c65948_UnityEngine.InputSystem.PlayerInput$$get_actionEvents.c,C:\realDesktop\manifest-evaluations\summer-26\ghidra-pipeline\il2cpp-files\BoxingMiniGames\manual-review-pack\A_must_review\052_p382_UnityEngine.InputSystem.PlayerInput$$get_actionEvents.c
53,382,A_must_review,UnityEngine.InputSystem.PlayerInput$$add_onDeviceLost,06c65d70,226,90_plus_framework_support_only_near_certain,eye_source; weak_source_state; validity_gate; pose_vector; paired_state_refs; ui_interaction; telemetry; frame_behavior; structure_combo,strong_eye_source_hits_3; weak_xr_or_state_hits_8; validity_or_gating_hits_6; strong_pose_or_ray_construction_hits_9; paired_field_refs_with_eye_source; ui_or_gameplay_sink_hits_6; telemetry_or_network_hits_5; frame_or_lifecycle_behavior; source_validity_pose_sink_structure; strong_eye_source_validity_pose_sink_structure; functionality_gaze_retrieval_or_extraction; functionality_gaze_interaction_hits_6; functionality_data_collection_or_telemetry_hits_3,base_scanner_score_226; module_bonus_validity_gate_8; module_bonus_pose_vector_10; module_bonus_paired_state_refs_8; module_bonus_ui_interaction_12; module_bonus_telemetry_20; module_bonus_frame_behavior_5; module_bonus_structure_combo_18; evidence_bonus_telemetry_or_network_hits_12; sensitive_sink_telemetry_bonus_15; keyword_support_eye_or_gaze_5_bonus_20; keyword_support_sdk_4_bonus_12; keyword_support_collection_or_telemetry_4_bonus_16,C:\realDesktop\manifest-evaluations\summer-26\ghidra-pipeline\il2cpp-files\BoxingMiniGames\general-structure-results\90_plus_framework_support_only_near_certain\06c65d70_UnityEngine.InputSystem.PlayerInput$$add_onDeviceLost.c,C:\realDesktop\manifest-evaluations\summer-26\ghidra-pipeline\il2cpp-files\BoxingMiniGames\manual-review-pack\A_must_review\053_p382_UnityEngine.InputSystem.PlayerInput$$add_onDeviceLost.c
54,382,A_must_review,UnityEngine.InputSystem.PlayerInput$$add_onActionTriggered,06c65c38,226,90_plus_framework_support_only_near_certain,eye_source; weak_source_state; validity_gate; pose_vector; paired_state_refs; ui_interaction; telemetry; frame_behavior; structure_combo,strong_eye_source_hits_3; weak_xr_or_state_hits_8; validity_or_gating_hits_6; strong_pose_or_ray_construction_hits_9; paired_field_refs_with_eye_source; ui_or_gameplay_sink_hits_6; telemetry_or_network_hits_5; frame_or_lifecycle_behavior; source_validity_pose_sink_structure; strong_eye_source_validity_pose_sink_structure; functionality_gaze_retrieval_or_extraction; functionality_gaze_interaction_hits_6; functionality_data_collection_or_telemetry_hits_3,base_scanner_score_226; module_bonus_validity_gate_8; module_bonus_pose_vector_10; module_bonus_paired_state_refs_8; module_bonus_ui_interaction_12; module_bonus_telemetry_20; module_bonus_frame_behavior_5; module_bonus_structure_combo_18; evidence_bonus_telemetry_or_network_hits_12; sensitive_sink_telemetry_bonus_15; keyword_support_eye_or_gaze_5_bonus_20; keyword_support_sdk_4_bonus_12; keyword_support_collection_or_telemetry_4_bonus_16,C:\realDesktop\manifest-evaluations\summer-26\ghidra-pipeline\il2cpp-files\BoxingMiniGames\general-structure-results\90_plus_framework_support_only_near_certain\06c65c38_UnityEngine.InputSystem.PlayerInput$$add_onActionTriggered.c,C:\realDesktop\manifest-evaluations\summer-26\ghidra-pipeline\il2cpp-files\BoxingMiniGames\manual-review-pack\A_must_review\054_p382_UnityEngine.InputSystem.PlayerInput$$add_onActionTriggered.c
55,382,A_must_review,UnityEngine.InputSystem.PlayerInput$$StopListeningForUnpairedDeviceActivity,06c657ec,226,90_plus_framework_support_only_near_certain,eye_source; weak_source_state; validity_gate; pose_vector; paired_state_refs; ui_interaction; telemetry; frame_behavior; structure_combo,strong_eye_source_hits_3; weak_xr_or_state_hits_8; validity_or_gating_hits_6; strong_pose_or_ray_construction_hits_9; paired_field_refs_with_eye_source; ui_or_gameplay_sink_hits_7; telemetry_or_network_hits_5; frame_or_lifecycle_behavior; source_validity_pose_sink_structure; strong_eye_source_validity_pose_sink_structure; functionality_gaze_retrieval_or_extraction; functionality_gaze_interaction_hits_7; functionality_data_collection_or_telemetry_hits_3,base_scanner_score_226; module_bonus_validity_gate_8; module_bonus_pose_vector_10; module_bonus_paired_state_refs_8; module_bonus_ui_interaction_12; module_bonus_telemetry_20; module_bonus_frame_behavior_5; module_bonus_structure_combo_18; evidence_bonus_telemetry_or_network_hits_12; sensitive_sink_telemetry_bonus_15; keyword_support_eye_or_gaze_5_bonus_20; keyword_support_sdk_4_bonus_12; keyword_support_collection_or_telemetry_4_bonus_16,C:\realDesktop\manifest-evaluations\summer-26\ghidra-pipeline\il2cpp-files\BoxingMiniGames\general-structure-results\90_plus_framework_support_only_near_certain\06c657ec_UnityEngine.InputSystem.PlayerInput$$StopListeningForUnpairedDeviceActivity.c,C:\realDesktop\manifest-evaluations\summer-26\ghidra-pipeline\il2cpp-files\BoxingMiniGames\manual-review-pack\A_must_review\055_p382_UnityEngine.InputSystem.PlayerInput$$StopListeningForUnpairedDeviceActivity.c
56,382,A_must_review,UnityEngine.InputSystem.PlayerInput$$StartListeningForUnpairedDeviceActivity,06c656b0,226,90_plus_framework_support_only_near_certain,eye_source; weak_source_state; validity_gate; pose_vector; paired_state_refs; ui_interaction; telemetry; frame_behavior; structure_combo,strong_eye_source_hits_3; weak_xr_or_state_hits_8; validity_or_gating_hits_6; strong_pose_or_ray_construction_hits_10; paired_field_refs_with_eye_source; ui_or_gameplay_sink_hits_8; telemetry_or_network_hits_5; frame_or_lifecycle_behavior; source_validity_pose_sink_structure; strong_eye_source_validity_pose_sink_structure; functionality_gaze_retrieval_or_extraction; functionality_gaze_interaction_hits_8; functionality_data_collection_or_telemetry_hits_3,base_scanner_score_226; module_bonus_validity_gate_8; module_bonus_pose_vector_10; module_bonus_paired_state_refs_8; module_bonus_ui_interaction_12; module_bonus_telemetry_20; module_bonus_frame_behavior_5; module_bonus_structure_combo_18; evidence_bonus_telemetry_or_network_hits_12; sensitive_sink_telemetry_bonus_15; keyword_support_eye_or_gaze_5_bonus_20; keyword_support_sdk_4_bonus_12; keyword_support_collection_or_telemetry_4_bonus_16,C:\realDesktop\manifest-evaluations\summer-26\ghidra-pipeline\il2cpp-files\BoxingMiniGames\general-structure-results\90_plus_framework_support_only_near_certain\06c656b0_UnityEngine.InputSystem.PlayerInput$$StartListeningForUnpairedDeviceActivity.c,C:\realDesktop\manifest-evaluations\summer-26\ghidra-pipeline\il2cpp-files\BoxingMiniGames\manual-review-pack\A_must_review\056_p382_UnityEngine.InputSystem.PlayerInput$$StartListeningForUnpairedDeviceActivity.c
57,380,A_must_review,UnityEngine.TextEditingUtilities$$PerformOperation,0712f940,232,90_plus_framework_support_only_near_certain,eye_source; weak_source_state; validity_gate; pose_vector; ui_interaction; telemetry; frame_behavior; structure_combo; ordered_structure,strong_eye_source_hits_8; weak_xr_or_state_hits_21; validity_or_gating_hits_21; strong_pose_or_ray_construction_hits_21; ui_or_gameplay_sink_hits_2; telemetry_or_network_hits_20; frame_or_lifecycle_behavior; source_validity_pose_sink_structure; strong_eye_source_validity_pose_sink_structure; ordered_eye_source_validity_pose_collection_sink; negative_framework_support_context_without_confirmed_app_level_gaze_flow; functionality_data_collection_or_telemetry_hits_20,base_scanner_score_232; module_bonus_validity_gate_8; module_bonus_pose_vector_10; module_bonus_ui_interaction_12; module_bonus_telemetry_20; module_bonus_frame_behavior_5; module_bonus_structure_combo_18; evidence_bonus_telemetry_or_network_hits_12; sensitive_sink_telemetry_bonus_15; keyword_support_eye_or_gaze_5_bonus_20; keyword_support_sdk_4_bonus_12; keyword_support_collection_or_telemetry_4_bonus_16,C:\realDesktop\manifest-evaluations\summer-26\ghidra-pipeline\il2cpp-files\BoxingMiniGames\general-structure-results\90_plus_framework_support_only_near_certain\0712f940_UnityEngine.TextEditingUtilities$$PerformOperation.c,C:\realDesktop\manifest-evaluations\summer-26\ghidra-pipeline\il2cpp-files\BoxingMiniGames\manual-review-pack\A_must_review\057_p380_UnityEngine.TextEditingUtilities$$PerformOperation.c
58,376,A_must_review,UnityEngine.InputSystem.PlayerInput$$set_uiInputModule,06c66130,220,90_plus_framework_support_only_near_certain,eye_source; weak_source_state; validity_gate; pose_vector; paired_state_refs; ui_interaction; telemetry; frame_behavior; structure_combo,strong_eye_source_hits_2; weak_xr_or_state_hits_7; validity_or_gating_hits_5; strong_pose_or_ray_construction_hits_7; paired_field_refs_with_eye_source; ui_or_gameplay_sink_hits_5; telemetry_or_network_hits_4; frame_or_lifecycle_behavior; source_validity_pose_sink_structure; strong_eye_source_validity_pose_sink_structure; functionality_gaze_interaction_hits_5; functionality_data_collection_or_telemetry_hits_2,base_scanner_score_220; module_bonus_validity_gate_8; module_bonus_pose_vector_10; module_bonus_paired_state_refs_8; module_bonus_ui_interaction_12; module_bonus_telemetry_20; module_bonus_frame_behavior_5; module_bonus_structure_combo_18; evidence_bonus_telemetry_or_network_hits_12; sensitive_sink_telemetry_bonus_15; keyword_support_eye_or_gaze_5_bonus_20; keyword_support_sdk_4_bonus_12; keyword_support_collection_or_telemetry_4_bonus_16,C:\realDesktop\manifest-evaluations\summer-26\ghidra-pipeline\il2cpp-files\BoxingMiniGames\general-structure-results\90_plus_framework_support_only_near_certain\06c66130_UnityEngine.InputSystem.PlayerInput$$set_uiInputModule.c,C:\realDesktop\manifest-evaluations\summer-26\ghidra-pipeline\il2cpp-files\BoxingMiniGames\manual-review-pack\A_must_review\058_p376_UnityEngine.InputSystem.PlayerInput$$set_uiInputModule.c
59,376,A_must_review,UnityEngine.InputSystem.PlayerInput$$set_camera,06c66120,220,90_plus_framework_support_only_near_certain,eye_source; weak_source_state; validity_gate; pose_vector; paired_state_refs; ui_interaction; telemetry; frame_behavior; structure_combo,strong_eye_source_hits_2; weak_xr_or_state_hits_7; validity_or_gating_hits_5; strong_pose_or_ray_construction_hits_7; paired_field_refs_with_eye_source; ui_or_gameplay_sink_hits_5; telemetry_or_network_hits_4; frame_or_lifecycle_behavior; source_validity_pose_sink_structure; strong_eye_source_validity_pose_sink_structure; functionality_gaze_interaction_hits_5; functionality_data_collection_or_telemetry_hits_2,base_scanner_score_220; module_bonus_validity_gate_8; module_bonus_pose_vector_10; module_bonus_paired_state_refs_8; module_bonus_ui_interaction_12; module_bonus_telemetry_20; module_bonus_frame_behavior_5; module_bonus_structure_combo_18; evidence_bonus_telemetry_or_network_hits_12; sensitive_sink_telemetry_bonus_15; keyword_support_eye_or_gaze_5_bonus_20; keyword_support_sdk_4_bonus_12; keyword_support_collection_or_telemetry_4_bonus_16,C:\realDesktop\manifest-evaluations\summer-26\ghidra-pipeline\il2cpp-files\BoxingMiniGames\general-structure-results\90_plus_framework_support_only_near_certain\06c66120_UnityEngine.InputSystem.PlayerInput$$set_camera.c,C:\realDesktop\manifest-evaluations\summer-26\ghidra-pipeline\il2cpp-files\BoxingMiniGames\manual-review-pack\A_must_review\059_p376_UnityEngine.InputSystem.PlayerInput$$set_camera.c
60,376,A_must_review,UnityEngine.InputSystem.PlayerInput$$remove_onDeviceRegained,06c65f44,220,90_plus_framework_support_only_near_certain,eye_source; weak_source_state; validity_gate; pose_vector; paired_state_refs; ui_interaction; telemetry; frame_behavior; structure_combo,strong_eye_source_hits_2; weak_xr_or_state_hits_7; validity_or_gating_hits_5; strong_pose_or_ray_construction_hits_7; paired_field_refs_with_eye_source; ui_or_gameplay_sink_hits_5; telemetry_or_network_hits_5; frame_or_lifecycle_behavior; source_validity_pose_sink_structure; strong_eye_source_validity_pose_sink_structure; functionality_gaze_interaction_hits_5; functionality_data_collection_or_telemetry_hits_3,base_scanner_score_220; module_bonus_validity_gate_8; module_bonus_pose_vector_10; module_bonus_paired_state_refs_8; module_bonus_ui_interaction_12; module_bonus_telemetry_20; module_bonus_frame_behavior_5; module_bonus_structure_combo_18; evidence_bonus_telemetry_or_network_hits_12; sensitive_sink_telemetry_bonus_15; keyword_support_eye_or_gaze_5_bonus_20; keyword_support_sdk_4_bonus_12; keyword_support_collection_or_telemetry_4_bonus_16,C:\realDesktop\manifest-evaluations\summer-26\ghidra-pipeline\il2cpp-files\BoxingMiniGames\general-structure-results\90_plus_framework_support_only_near_certain\06c65f44_UnityEngine.InputSystem.PlayerInput$$remove_onDeviceRegained.c,C:\realDesktop\manifest-evaluations\summer-26\ghidra-pipeline\il2cpp-files\BoxingMiniGames\manual-review-pack\A_must_review\060_p376_UnityEngine.InputSystem.PlayerInput$$remove_onDeviceRegained.c
61,376,A_must_review,UnityEngine.InputSystem.PlayerInput$$remove_onDeviceLost,06c65e0c,220,90_plus_framework_support_only_near_certain,eye_source; weak_source_state; validity_gate; pose_vector; paired_state_refs; ui_interaction; telemetry; frame_behavior; structure_combo,strong_eye_source_hits_2; weak_xr_or_state_hits_7; validity_or_gating_hits_6; strong_pose_or_ray_construction_hits_9; paired_field_refs_with_eye_source; ui_or_gameplay_sink_hits_6; telemetry_or_network_hits_5; frame_or_lifecycle_behavior; source_validity_pose_sink_structure; strong_eye_source_validity_pose_sink_structure; functionality_gaze_retrieval_or_extraction; functionality_gaze_interaction_hits_6; functionality_data_collection_or_telemetry_hits_3,base_scanner_score_220; module_bonus_validity_gate_8; module_bonus_pose_vector_10; module_bonus_paired_state_refs_8; module_bonus_ui_interaction_12; module_bonus_telemetry_20; module_bonus_frame_behavior_5; module_bonus_structure_combo_18; evidence_bonus_telemetry_or_network_hits_12; sensitive_sink_telemetry_bonus_15; keyword_support_eye_or_gaze_5_bonus_20; keyword_support_sdk_4_bonus_12; keyword_support_collection_or_telemetry_4_bonus_16,C:\realDesktop\manifest-evaluations\summer-26\ghidra-pipeline\il2cpp-files\BoxingMiniGames\general-structure-results\90_plus_framework_support_only_near_certain\06c65e0c_UnityEngine.InputSystem.PlayerInput$$remove_onDeviceLost.c,C:\realDesktop\manifest-evaluations\summer-26\ghidra-pipeline\il2cpp-files\BoxingMiniGames\manual-review-pack\A_must_review\061_p376_UnityEngine.InputSystem.PlayerInput$$remove_onDeviceLost.c
62,376,A_must_review,UnityEngine.InputSystem.PlayerInput$$remove_onControlsChanged,06c6607c,220,90_plus_framework_support_only_near_certain,eye_source; weak_source_state; validity_gate; pose_vector; paired_state_refs; ui_interaction; telemetry; frame_behavior; structure_combo,strong_eye_source_hits_2; weak_xr_or_state_hits_7; validity_or_gating_hits_5; strong_pose_or_ray_construction_hits_7; paired_field_refs_with_eye_source; ui_or_gameplay_sink_hits_5; telemetry_or_network_hits_5; frame_or_lifecycle_behavior; source_validity_pose_sink_structure; strong_eye_source_validity_pose_sink_structure; functionality_gaze_interaction_hits_5; functionality_data_collection_or_telemetry_hits_3,base_scanner_score_220; module_bonus_validity_gate_8; module_bonus_pose_vector_10; module_bonus_paired_state_refs_8; module_bonus_ui_interaction_12; module_bonus_telemetry_20; module_bonus_frame_behavior_5; module_bonus_structure_combo_18; evidence_bonus_telemetry_or_network_hits_12; sensitive_sink_telemetry_bonus_15; keyword_support_eye_or_gaze_5_bonus_20; keyword_support_sdk_4_bonus_12; keyword_support_collection_or_telemetry_4_bonus_16,C:\realDesktop\manifest-evaluations\summer-26\ghidra-pipeline\il2cpp-files\BoxingMiniGames\general-structure-results\90_plus_framework_support_only_near_certain\06c6607c_UnityEngine.InputSystem.PlayerInput$$remove_onControlsChanged.c,C:\realDesktop\manifest-evaluations\summer-26\ghidra-pipeline\il2cpp-files\BoxingMiniGames\manual-review-pack\A_must_review\062_p376_UnityEngine.InputSystem.PlayerInput$$remove_onControlsChanged.c
63,376,A_must_review,UnityEngine.InputSystem.PlayerInput$$get_user,06c662a8,220,90_plus_framework_support_only_near_certain,eye_source; weak_source_state; validity_gate; pose_vector; paired_state_refs; ui_interaction; telemetry; frame_behavior; structure_combo,strong_eye_source_hits_2; weak_xr_or_state_hits_7; validity_or_gating_hits_5; strong_pose_or_ray_construction_hits_7; paired_field_refs_with_eye_source; ui_or_gameplay_sink_hits_5; telemetry_or_network_hits_3; frame_or_lifecycle_behavior; source_validity_pose_sink_structure; strong_eye_source_validity_pose_sink_structure; functionality_gaze_interaction_hits_5; functionality_data_collection_or_telemetry_hits_1,base_scanner_score_220; module_bonus_validity_gate_8; module_bonus_pose_vector_10; module_bonus_paired_state_refs_8; module_bonus_ui_interaction_12; module_bonus_telemetry_20; module_bonus_frame_behavior_5; module_bonus_structure_combo_18; evidence_bonus_telemetry_or_network_hits_12; sensitive_sink_telemetry_bonus_15; keyword_support_eye_or_gaze_5_bonus_20; keyword_support_sdk_4_bonus_12; keyword_support_collection_or_telemetry_4_bonus_16,C:\realDesktop\manifest-evaluations\summer-26\ghidra-pipeline\il2cpp-files\BoxingMiniGames\general-structure-results\90_plus_framework_support_only_near_certain\06c662a8_UnityEngine.InputSystem.PlayerInput$$get_user.c,C:\realDesktop\manifest-evaluations\summer-26\ghidra-pipeline\il2cpp-files\BoxingMiniGames\manual-review-pack\A_must_review\063_p376_UnityEngine.InputSystem.PlayerInput$$get_user.c
64,376,A_must_review,UnityEngine.InputSystem.PlayerInput$$get_uiInputModule,06c66128,220,90_plus_framework_support_only_near_certain,eye_source; weak_source_state; validity_gate; pose_vector; paired_state_refs; ui_interaction; telemetry; frame_behavior; structure_combo,strong_eye_source_hits_2; weak_xr_or_state_hits_9; validity_or_gating_hits_5; strong_pose_or_ray_construction_hits_7; paired_field_refs_with_eye_source; ui_or_gameplay_sink_hits_5; telemetry_or_network_hits_4; frame_or_lifecycle_behavior; source_validity_pose_sink_structure; strong_eye_source_validity_pose_sink_structure; functionality_gaze_interaction_hits_5; functionality_data_collection_or_telemetry_hits_2,base_scanner_score_220; module_bonus_validity_gate_8; module_bonus_pose_vector_10; module_bonus_paired_state_refs_8; module_bonus_ui_interaction_12; module_bonus_telemetry_20; module_bonus_frame_behavior_5; module_bonus_structure_combo_18; evidence_bonus_telemetry_or_network_hits_12; sensitive_sink_telemetry_bonus_15; keyword_support_eye_or_gaze_5_bonus_20; keyword_support_sdk_4_bonus_12; keyword_support_collection_or_telemetry_4_bonus_16,C:\realDesktop\manifest-evaluations\summer-26\ghidra-pipeline\il2cpp-files\BoxingMiniGames\general-structure-results\90_plus_framework_support_only_near_certain\06c66128_UnityEngine.InputSystem.PlayerInput$$get_uiInputModule.c,C:\realDesktop\manifest-evaluations\summer-26\ghidra-pipeline\il2cpp-files\BoxingMiniGames\manual-review-pack\A_must_review\064_p376_UnityEngine.InputSystem.PlayerInput$$get_uiInputModule.c
65,376,A_must_review,UnityEngine.InputSystem.PlayerInput$$get_hasMissingRequiredDevices,06c663ec,220,90_plus_framework_support_only_near_certain,eye_source; weak_source_state; validity_gate; pose_vector; paired_state_refs; ui_interaction; telemetry; frame_behavior; structure_combo,strong_eye_source_hits_2; weak_xr_or_state_hits_7; validity_or_gating_hits_5; strong_pose_or_ray_construction_hits_7; paired_field_refs_with_eye_source; ui_or_gameplay_sink_hits_4; telemetry_or_network_hits_3; frame_or_lifecycle_behavior; source_validity_pose_sink_structure; strong_eye_source_validity_pose_sink_structure; functionality_gaze_interaction_hits_4; functionality_data_collection_or_telemetry_hits_1,base_scanner_score_220; module_bonus_validity_gate_8; module_bonus_pose_vector_10; module_bonus_paired_state_refs_8; module_bonus_ui_interaction_12; module_bonus_telemetry_20; module_bonus_frame_behavior_5; module_bonus_structure_combo_18; evidence_bonus_telemetry_or_network_hits_12; sensitive_sink_telemetry_bonus_15; keyword_support_eye_or_gaze_5_bonus_20; keyword_support_sdk_4_bonus_12; keyword_support_collection_or_telemetry_4_bonus_16,C:\realDesktop\manifest-evaluations\summer-26\ghidra-pipeline\il2cpp-files\BoxingMiniGames\general-structure-results\90_plus_framework_support_only_near_certain\06c663ec_UnityEngine.InputSystem.PlayerInput$$get_hasMissingRequiredDevices.c,C:\realDesktop\manifest-evaluations\summer-26\ghidra-pipeline\il2cpp-files\BoxingMiniGames\manual-review-pack\A_must_review\065_p376_UnityEngine.InputSystem.PlayerInput$$get_hasMissingRequiredDevices.c
66,376,A_must_review,UnityEngine.InputSystem.PlayerInput$$get_devices,06c662b0,220,90_plus_framework_support_only_near_certain,eye_source; weak_source_state; validity_gate; pose_vector; paired_state_refs; ui_interaction; telemetry; frame_behavior; structure_combo,strong_eye_source_hits_2; weak_xr_or_state_hits_7; validity_or_gating_hits_5; strong_pose_or_ray_construction_hits_7; paired_field_refs_with_eye_source; ui_or_gameplay_sink_hits_5; telemetry_or_network_hits_3; frame_or_lifecycle_behavior; source_validity_pose_sink_structure; strong_eye_source_validity_pose_sink_structure; functionality_gaze_interaction_hits_5; functionality_data_collection_or_telemetry_hits_1,base_scanner_score_220; module_bonus_validity_gate_8; module_bonus_pose_vector_10; module_bonus_paired_state_refs_8; module_bonus_ui_interaction_12; module_bonus_telemetry_20; module_bonus_frame_behavior_5; module_bonus_structure_combo_18; evidence_bonus_telemetry_or_network_hits_12; sensitive_sink_telemetry_bonus_15; keyword_support_eye_or_gaze_5_bonus_20; keyword_support_sdk_4_bonus_12; keyword_support_collection_or_telemetry_4_bonus_16,C:\realDesktop\manifest-evaluations\summer-26\ghidra-pipeline\il2cpp-files\BoxingMiniGames\general-structure-results\90_plus_framework_support_only_near_certain\06c662b0_UnityEngine.InputSystem.PlayerInput$$get_devices.c,C:\realDesktop\manifest-evaluations\summer-26\ghidra-pipeline\il2cpp-files\BoxingMiniGames\manual-review-pack\A_must_review\066_p376_UnityEngine.InputSystem.PlayerInput$$get_devices.c
67,376,A_must_review,UnityEngine.InputSystem.PlayerInput$$get_camera,06c66118,220,90_plus_framework_support_only_near_certain,eye_source; weak_source_state; validity_gate; pose_vector; paired_state_refs; ui_interaction; telemetry; frame_behavior; structure_combo,strong_eye_source_hits_2; weak_xr_or_state_hits_7; validity_or_gating_hits_5; strong_pose_or_ray_construction_hits_7; paired_field_refs_with_eye_source; ui_or_gameplay_sink_hits_5; telemetry_or_network_hits_4; frame_or_lifecycle_behavior; source_validity_pose_sink_structure; strong_eye_source_validity_pose_sink_structure; functionality_gaze_interaction_hits_5; functionality_data_collection_or_telemetry_hits_2,base_scanner_score_220; module_bonus_validity_gate_8; module_bonus_pose_vector_10; module_bonus_paired_state_refs_8; module_bonus_ui_interaction_12; module_bonus_telemetry_20; module_bonus_frame_behavior_5; module_bonus_structure_combo_18; evidence_bonus_telemetry_or_network_hits_12; sensitive_sink_telemetry_bonus_15; keyword_support_eye_or_gaze_5_bonus_20; keyword_support_sdk_4_bonus_12; keyword_support_collection_or_telemetry_4_bonus_16,C:\realDesktop\manifest-evaluations\summer-26\ghidra-pipeline\il2cpp-files\BoxingMiniGames\general-structure-results\90_plus_framework_support_only_near_certain\06c66118_UnityEngine.InputSystem.PlayerInput$$get_camera.c,C:\realDesktop\manifest-evaluations\summer-26\ghidra-pipeline\il2cpp-files\BoxingMiniGames\manual-review-pack\A_must_review\067_p376_UnityEngine.InputSystem.PlayerInput$$get_camera.c
68,376,A_must_review,UnityEngine.InputSystem.PlayerInput$$add_onDeviceRegained,06c65ea8,220,90_plus_framework_support_only_near_certain,eye_source; weak_source_state; validity_gate; pose_vector; paired_state_refs; ui_interaction; telemetry; frame_behavior; structure_combo,strong_eye_source_hits_2; weak_xr_or_state_hits_7; validity_or_gating_hits_6; strong_pose_or_ray_construction_hits_7; paired_field_refs_with_eye_source; ui_or_gameplay_sink_hits_5; telemetry_or_network_hits_5; frame_or_lifecycle_behavior; source_validity_pose_sink_structure; strong_eye_source_validity_pose_sink_structure; functionality_gaze_retrieval_or_extraction; functionality_gaze_interaction_hits_5; functionality_data_collection_or_telemetry_hits_3,base_scanner_score_220; module_bonus_validity_gate_8; module_bonus_pose_vector_10; module_bonus_paired_state_refs_8; module_bonus_ui_interaction_12; module_bonus_telemetry_20; module_bonus_frame_behavior_5; module_bonus_structure_combo_18; evidence_bonus_telemetry_or_network_hits_12; sensitive_sink_telemetry_bonus_15; keyword_support_eye_or_gaze_5_bonus_20; keyword_support_sdk_4_bonus_12; keyword_support_collection_or_telemetry_4_bonus_16,C:\realDesktop\manifest-evaluations\summer-26\ghidra-pipeline\il2cpp-files\BoxingMiniGames\general-structure-results\90_plus_framework_support_only_near_certain\06c65ea8_UnityEngine.InputSystem.PlayerInput$$add_onDeviceRegained.c,C:\realDesktop\manifest-evaluations\summer-26\ghidra-pipeline\il2cpp-files\BoxingMiniGames\manual-review-pack\A_must_review\068_p376_UnityEngine.InputSystem.PlayerInput$$add_onDeviceRegained.c
69,376,A_must_review,UnityEngine.InputSystem.PlayerInput$$add_onControlsChanged,06c65fe0,220,90_plus_framework_support_only_near_certain,eye_source; weak_source_state; validity_gate; pose_vector; paired_state_refs; ui_interaction; telemetry; frame_behavior; structure_combo,strong_eye_source_hits_2; weak_xr_or_state_hits_7; validity_or_gating_hits_5; strong_pose_or_ray_construction_hits_7; paired_field_refs_with_eye_source; ui_or_gameplay_sink_hits_5; telemetry_or_network_hits_5; frame_or_lifecycle_behavior; source_validity_pose_sink_structure; strong_eye_source_validity_pose_sink_structure; functionality_gaze_interaction_hits_5; functionality_data_collection_or_telemetry_hits_3,base_scanner_score_220; module_bonus_validity_gate_8; module_bonus_pose_vector_10; module_bonus_paired_state_refs_8; module_bonus_ui_interaction_12; module_bonus_telemetry_20; module_bonus_frame_behavior_5; module_bonus_structure_combo_18; evidence_bonus_telemetry_or_network_hits_12; sensitive_sink_telemetry_bonus_15; keyword_support_eye_or_gaze_5_bonus_20; keyword_support_sdk_4_bonus_12; keyword_support_collection_or_telemetry_4_bonus_16,C:\realDesktop\manifest-evaluations\summer-26\ghidra-pipeline\il2cpp-files\BoxingMiniGames\general-structure-results\90_plus_framework_support_only_near_certain\06c65fe0_UnityEngine.InputSystem.PlayerInput$$add_onControlsChanged.c,C:\realDesktop\manifest-evaluations\summer-26\ghidra-pipeline\il2cpp-files\BoxingMiniGames\manual-review-pack\A_must_review\069_p376_UnityEngine.InputSystem.PlayerInput$$add_onControlsChanged.c
70,374,A_must_review,FUN_071551a0,071551a0,239,90_plus_uncertain_gaze_or_xr_structure_near_certain,eye_source; weak_source_state; validity_gate; pose_vector; ui_interaction; telemetry; structure_combo; ordered_structure,strong_eye_source_hits_4; weak_xr_or_state_hits_4; validity_or_gating_hits_9; strong_pose_or_ray_construction_hits_21; ui_or_gameplay_sink_hits_10; telemetry_or_network_hits_2; source_validity_pose_sink_structure; strong_eye_source_validity_pose_sink_structure; ordered_eye_source_validity_pose_interaction_sink; functionality_gaze_retrieval_or_extraction,base_scanner_score_239; module_bonus_validity_gate_8; module_bonus_pose_vector_10; module_bonus_ui_interaction_12; module_bonus_telemetry_20; module_bonus_structure_combo_18; evidence_bonus_telemetry_or_network_hits_12; sensitive_sink_telemetry_bonus_15; keyword_support_eye_or_gaze_5_bonus_20; keyword_support_sdk_4_bonus_12; keyword_support_collection_or_telemetry_2_bonus_8,C:\realDesktop\manifest-evaluations\summer-26\ghidra-pipeline\il2cpp-files\BoxingMiniGames\general-structure-results\90_plus_uncertain_gaze_or_xr_structure_near_certain\071551a0_FUN_071551a0.c,C:\realDesktop\manifest-evaluations\summer-26\ghidra-pipeline\il2cpp-files\BoxingMiniGames\manual-review-pack\A_must_review\070_p374_FUN_071551a0.c
71,374,A_must_review,FUN_07127f7c,07127f7c,238,90_plus_uncertain_gaze_or_xr_structure_near_certain,eye_source; weak_source_state; validity_gate; pose_vector; telemetry; frame_behavior; structure_combo; ordered_structure,strong_eye_source_hits_4; weak_xr_or_state_hits_12; validity_or_gating_hits_21; strong_pose_or_ray_construction_hits_21; telemetry_or_network_hits_18; frame_or_lifecycle_behavior; source_validity_pose_sink_structure; strong_eye_source_validity_pose_sink_structure; ordered_eye_source_validity_pose_collection_sink; functionality_data_collection_or_telemetry_hits_18,base_scanner_score_238; module_bonus_validity_gate_8; module_bonus_pose_vector_10; module_bonus_telemetry_20; module_bonus_frame_behavior_5; module_bonus_structure_combo_18; evidence_bonus_telemetry_or_network_hits_12; sensitive_sink_telemetry_bonus_15; keyword_support_eye_or_gaze_5_bonus_20; keyword_support_sdk_4_bonus_12; keyword_support_collection_or_telemetry_4_bonus_16,C:\realDesktop\manifest-evaluations\summer-26\ghidra-pipeline\il2cpp-files\BoxingMiniGames\general-structure-results\90_plus_uncertain_gaze_or_xr_structure_near_certain\07127f7c_FUN_07127f7c.c,C:\realDesktop\manifest-evaluations\summer-26\ghidra-pipeline\il2cpp-files\BoxingMiniGames\manual-review-pack\A_must_review\071_p374_FUN_07127f7c.c
72,368,A_must_review,UnityEngine.TextSelectingUtilities$$ClearCursorPos,071319c0,220,90_plus_framework_support_only_near_certain,eye_source; weak_source_state; validity_gate; pose_vector; ui_interaction; telemetry; frame_behavior; structure_combo,strong_eye_source_hits_4; weak_xr_or_state_hits_7; validity_or_gating_hits_21; strong_pose_or_ray_construction_hits_4; ui_or_gameplay_sink_hits_3; telemetry_or_network_hits_4; frame_or_lifecycle_behavior; source_validity_pose_sink_structure; strong_eye_source_validity_pose_sink_structure; functionality_gaze_interaction_hits_2; functionality_data_collection_or_telemetry_hits_4,base_scanner_score_220; module_bonus_validity_gate_8; module_bonus_pose_vector_10; module_bonus_ui_interaction_12; module_bonus_telemetry_20; module_bonus_frame_behavior_5; module_bonus_structure_combo_18; evidence_bonus_telemetry_or_network_hits_12; sensitive_sink_telemetry_bonus_15; keyword_support_eye_or_gaze_5_bonus_20; keyword_support_sdk_4_bonus_12; keyword_support_collection_or_telemetry_4_bonus_16,C:\realDesktop\manifest-evaluations\summer-26\ghidra-pipeline\il2cpp-files\BoxingMiniGames\general-structure-results\90_plus_framework_support_only_near_certain\071319c0_UnityEngine.TextSelectingUtilities$$ClearCursorPos.c,C:\realDesktop\manifest-evaluations\summer-26\ghidra-pipeline\il2cpp-files\BoxingMiniGames\manual-review-pack\A_must_review\072_p368_UnityEngine.TextSelectingUtilities$$ClearCursorPos.c
73,368,A_must_review,UnityEngine.TextEditor$$get_showCursor,07131d88,220,90_plus_framework_support_only_near_certain,eye_source; weak_source_state; validity_gate; pose_vector; ui_interaction; telemetry; frame_behavior; structure_combo,strong_eye_source_hits_4; weak_xr_or_state_hits_5; validity_or_gating_hits_21; strong_pose_or_ray_construction_hits_4; ui_or_gameplay_sink_hits_3; telemetry_or_network_hits_3; frame_or_lifecycle_behavior; source_validity_pose_sink_structure; strong_eye_source_validity_pose_sink_structure; functionality_gaze_interaction_hits_2; functionality_data_collection_or_telemetry_hits_3,base_scanner_score_220; module_bonus_validity_gate_8; module_bonus_pose_vector_10; module_bonus_ui_interaction_12; module_bonus_telemetry_20; module_bonus_frame_behavior_5; module_bonus_structure_combo_18; evidence_bonus_telemetry_or_network_hits_12; sensitive_sink_telemetry_bonus_15; keyword_support_eye_or_gaze_5_bonus_20; keyword_support_sdk_4_bonus_12; keyword_support_collection_or_telemetry_4_bonus_16,C:\realDesktop\manifest-evaluations\summer-26\ghidra-pipeline\il2cpp-files\BoxingMiniGames\general-structure-results\90_plus_framework_support_only_near_certain\07131d88_UnityEngine.TextEditor$$get_showCursor.c,C:\realDesktop\manifest-evaluations\summer-26\ghidra-pipeline\il2cpp-files\BoxingMiniGames\manual-review-pack\A_must_review\073_p368_UnityEngine.TextEditor$$get_showCursor.c
74,368,A_must_review,UnityEngine.TextEditingUtilities$$DeleteSelection,0713148c,212,90_plus_framework_support_only_near_certain,eye_source; weak_source_state; validity_gate; pose_vector; paired_state_refs; ui_interaction; telemetry; frame_behavior; structure_combo,strong_eye_source_hits_4; weak_xr_or_state_hits_9; validity_or_gating_hits_21; strong_pose_or_ray_construction_hits_10; paired_field_refs_with_eye_source; ui_or_gameplay_sink_hits_3; telemetry_or_network_hits_5; frame_or_lifecycle_behavior; source_validity_pose_sink_structure; strong_eye_source_validity_pose_sink_structure; negative_framework_support_context_without_confirmed_app_level_gaze_flow; functionality_gaze_interaction_hits_2; functionality_data_collection_or_telemetry_hits_5,base_scanner_score_212; module_bonus_validity_gate_8; module_bonus_pose_vector_10; module_bonus_paired_state_refs_8; module_bonus_ui_interaction_12; module_bonus_telemetry_20; module_bonus_frame_behavior_5; module_bonus_structure_combo_18; evidence_bonus_telemetry_or_network_hits_12; sensitive_sink_telemetry_bonus_15; keyword_support_eye_or_gaze_5_bonus_20; keyword_support_sdk_4_bonus_12; keyword_support_collection_or_telemetry_4_bonus_16,C:\realDesktop\manifest-evaluations\summer-26\ghidra-pipeline\il2cpp-files\BoxingMiniGames\general-structure-results\90_plus_framework_support_only_near_certain\0713148c_UnityEngine.TextEditingUtilities$$DeleteSelection.c,C:\realDesktop\manifest-evaluations\summer-26\ghidra-pipeline\il2cpp-files\BoxingMiniGames\manual-review-pack\A_must_review\074_p368_UnityEngine.TextEditingUtilities$$DeleteSelection.c
75,368,A_must_review,UnityEngine.InputSystem.Users.InputUser$$get_valid,06c654f4,212,90_plus_framework_support_only_near_certain,eye_source; weak_source_state; validity_gate; pose_vector; paired_state_refs; ui_interaction; telemetry; frame_behavior; structure_combo,strong_eye_source_hits_4; weak_xr_or_state_hits_10; validity_or_gating_hits_8; strong_pose_or_ray_construction_hits_10; paired_field_refs_with_eye_source; ui_or_gameplay_sink_hits_9; telemetry_or_network_hits_5; frame_or_lifecycle_behavior; source_validity_pose_sink_structure; strong_eye_source_validity_pose_sink_structure; negative_framework_support_context_without_confirmed_app_level_gaze_flow; functionality_gaze_retrieval_or_extraction; functionality_gaze_interaction_hits_9; functionality_data_collection_or_telemetry_hits_3,base_scanner_score_212; module_bonus_validity_gate_8; module_bonus_pose_vector_10; module_bonus_paired_state_refs_8; module_bonus_ui_interaction_12; module_bonus_telemetry_20; module_bonus_frame_behavior_5; module_bonus_structure_combo_18; evidence_bonus_telemetry_or_network_hits_12; sensitive_sink_telemetry_bonus_15; keyword_support_eye_or_gaze_5_bonus_20; keyword_support_sdk_4_bonus_12; keyword_support_collection_or_telemetry_4_bonus_16,C:\realDesktop\manifest-evaluations\summer-26\ghidra-pipeline\il2cpp-files\BoxingMiniGames\general-structure-results\90_plus_framework_support_only_near_certain\06c654f4_UnityEngine.InputSystem.Users.InputUser$$get_valid.c,C:\realDesktop\manifest-evaluations\summer-26\ghidra-pipeline\il2cpp-files\BoxingMiniGames\manual-review-pack\A_must_review\075_p368_UnityEngine.InputSystem.Users.InputUser$$get_valid.c
76,368,A_must_review,UnityEngine.InputSystem.InputValue$$get_isPressed,06c642d0,212,90_plus_framework_support_only_near_certain,eye_source; weak_source_state; validity_gate; pose_vector; paired_state_refs; ui_interaction; telemetry; frame_behavior; structure_combo,strong_eye_source_hits_4; weak_xr_or_state_hits_12; validity_or_gating_hits_6; strong_pose_or_ray_construction_hits_15; paired_field_refs_with_eye_source; ui_or_gameplay_sink_hits_17; telemetry_or_network_hits_7; frame_or_lifecycle_behavior; source_validity_pose_sink_structure; strong_eye_source_validity_pose_sink_structure; negative_framework_support_context_without_confirmed_app_level_gaze_flow; functionality_gaze_retrieval_or_extraction; functionality_gaze_interaction_hits_17; functionality_data_collection_or_telemetry_hits_3,base_scanner_score_212; module_bonus_validity_gate_8; module_bonus_pose_vector_10; module_bonus_paired_state_refs_8; module_bonus_ui_interaction_12; module_bonus_telemetry_20; module_bonus_frame_behavior_5; module_bonus_structure_combo_18; evidence_bonus_telemetry_or_network_hits_12; sensitive_sink_telemetry_bonus_15; keyword_support_eye_or_gaze_5_bonus_20; keyword_support_sdk_4_bonus_12; keyword_support_collection_or_telemetry_4_bonus_16,C:\realDesktop\manifest-evaluations\summer-26\ghidra-pipeline\il2cpp-files\BoxingMiniGames\general-structure-results\90_plus_framework_support_only_near_certain\06c642d0_UnityEngine.InputSystem.InputValue$$get_isPressed.c,C:\realDesktop\manifest-evaluations\summer-26\ghidra-pipeline\il2cpp-files\BoxingMiniGames\manual-review-pack\A_must_review\076_p368_UnityEngine.InputSystem.InputValue$$get_isPressed.c
77,368,A_must_review,UnityEngine.InputSystem.InputValue$$Get,06c64268,212,90_plus_framework_support_only_near_certain,eye_source; weak_source_state; validity_gate; pose_vector; paired_state_refs; ui_interaction; telemetry; frame_behavior; structure_combo,strong_eye_source_hits_4; weak_xr_or_state_hits_12; validity_or_gating_hits_6; strong_pose_or_ray_construction_hits_15; paired_field_refs_with_eye_source; ui_or_gameplay_sink_hits_17; telemetry_or_network_hits_7; frame_or_lifecycle_behavior; source_validity_pose_sink_structure; strong_eye_source_validity_pose_sink_structure; negative_framework_support_context_without_confirmed_app_level_gaze_flow; functionality_gaze_retrieval_or_extraction; functionality_gaze_interaction_hits_17; functionality_data_collection_or_telemetry_hits_3,base_scanner_score_212; module_bonus_validity_gate_8; module_bonus_pose_vector_10; module_bonus_paired_state_refs_8; module_bonus_ui_interaction_12; module_bonus_telemetry_20; module_bonus_frame_behavior_5; module_bonus_structure_combo_18; evidence_bonus_telemetry_or_network_hits_12; sensitive_sink_telemetry_bonus_15; keyword_support_eye_or_gaze_5_bonus_20; keyword_support_sdk_4_bonus_12; keyword_support_collection_or_telemetry_4_bonus_16,C:\realDesktop\manifest-evaluations\summer-26\ghidra-pipeline\il2cpp-files\BoxingMiniGames\general-structure-results\90_plus_framework_support_only_near_certain\06c64268_UnityEngine.InputSystem.InputValue$$Get.c,C:\realDesktop\manifest-evaluations\summer-26\ghidra-pipeline\il2cpp-files\BoxingMiniGames\manual-review-pack\A_must_review\077_p368_UnityEngine.InputSystem.InputValue$$Get.c
78,368,A_must_review,UnityEngine.InputSystem.InputValue$$.ctor,06c6434c,212,90_plus_framework_support_only_near_certain,eye_source; weak_source_state; validity_gate; pose_vector; paired_state_refs; ui_interaction; telemetry; frame_behavior; structure_combo,strong_eye_source_hits_4; weak_xr_or_state_hits_12; validity_or_gating_hits_6; strong_pose_or_ray_construction_hits_15; paired_field_refs_with_eye_source; ui_or_gameplay_sink_hits_17; telemetry_or_network_hits_7; frame_or_lifecycle_behavior; source_validity_pose_sink_structure; strong_eye_source_validity_pose_sink_structure; negative_framework_support_context_without_confirmed_app_level_gaze_flow; functionality_gaze_retrieval_or_extraction; functionality_gaze_interaction_hits_17; functionality_data_collection_or_telemetry_hits_3,base_scanner_score_212; module_bonus_validity_gate_8; module_bonus_pose_vector_10; module_bonus_paired_state_refs_8; module_bonus_ui_interaction_12; module_bonus_telemetry_20; module_bonus_frame_behavior_5; module_bonus_structure_combo_18; evidence_bonus_telemetry_or_network_hits_12; sensitive_sink_telemetry_bonus_15; keyword_support_eye_or_gaze_5_bonus_20; keyword_support_sdk_4_bonus_12; keyword_support_collection_or_telemetry_4_bonus_16,C:\realDesktop\manifest-evaluations\summer-26\ghidra-pipeline\il2cpp-files\BoxingMiniGames\general-structure-results\90_plus_framework_support_only_near_certain\06c6434c_UnityEngine.InputSystem.InputValue$$.ctor.c,C:\realDesktop\manifest-evaluations\summer-26\ghidra-pipeline\il2cpp-files\BoxingMiniGames\manual-review-pack\A_must_review\078_p368_UnityEngine.InputSystem.InputValue$$.ctor.c
79,363,A_must_review,UnityEngine.InputSystem.PlayerInput$$get_isSinglePlayer,06c665a0,215,90_plus_framework_support_only_near_certain,eye_source; weak_source_state; validity_gate; pose_vector; paired_state_refs; ui_interaction; telemetry; frame_behavior; structure_combo,strong_eye_source_hits_2; weak_xr_or_state_hits_6; validity_or_gating_hits_5; strong_pose_or_ray_construction_hits_7; paired_field_refs_with_eye_source; ui_or_gameplay_sink_hits_4; telemetry_or_network_hits_2; frame_or_lifecycle_behavior; source_validity_pose_sink_structure; strong_eye_source_validity_pose_sink_structure; functionality_gaze_interaction_hits_4,base_scanner_score_215; module_bonus_validity_gate_8; module_bonus_pose_vector_10; module_bonus_paired_state_refs_8; module_bonus_ui_interaction_12; module_bonus_telemetry_20; module_bonus_frame_behavior_5; module_bonus_structure_combo_18; evidence_bonus_telemetry_or_network_hits_12; sensitive_sink_telemetry_bonus_15; keyword_support_eye_or_gaze_5_bonus_20; keyword_support_sdk_4_bonus_12; keyword_support_collection_or_telemetry_2_bonus_8,C:\realDesktop\manifest-evaluations\summer-26\ghidra-pipeline\il2cpp-files\BoxingMiniGames\general-structure-results\90_plus_framework_support_only_near_certain\06c665a0_UnityEngine.InputSystem.PlayerInput$$get_isSinglePlayer.c,C:\realDesktop\manifest-evaluations\summer-26\ghidra-pipeline\il2cpp-files\BoxingMiniGames\manual-review-pack\A_must_review\079_p363_UnityEngine.InputSystem.PlayerInput$$get_isSinglePlayer.c
80,363,A_must_review,UnityEngine.InputSystem.PlayerInput$$get_all,06c66510,215,90_plus_framework_support_only_near_certain,eye_source; weak_source_state; validity_gate; pose_vector; paired_state_refs; ui_interaction; telemetry; frame_behavior; structure_combo,strong_eye_source_hits_2; weak_xr_or_state_hits_6; validity_or_gating_hits_5; strong_pose_or_ray_construction_hits_7; paired_field_refs_with_eye_source; ui_or_gameplay_sink_hits_4; telemetry_or_network_hits_2; frame_or_lifecycle_behavior; source_validity_pose_sink_structure; strong_eye_source_validity_pose_sink_structure; functionality_gaze_interaction_hits_4,base_scanner_score_215; module_bonus_validity_gate_8; module_bonus_pose_vector_10; module_bonus_paired_state_refs_8; module_bonus_ui_interaction_12; module_bonus_telemetry_20; module_bonus_frame_behavior_5; module_bonus_structure_combo_18; evidence_bonus_telemetry_or_network_hits_12; sensitive_sink_telemetry_bonus_15; keyword_support_eye_or_gaze_5_bonus_20; keyword_support_sdk_4_bonus_12; keyword_support_collection_or_telemetry_2_bonus_8,C:\realDesktop\manifest-evaluations\summer-26\ghidra-pipeline\il2cpp-files\BoxingMiniGames\general-structure-results\90_plus_framework_support_only_near_certain\06c66510_UnityEngine.InputSystem.PlayerInput$$get_all.c,C:\realDesktop\manifest-evaluations\summer-26\ghidra-pipeline\il2cpp-files\BoxingMiniGames\manual-review-pack\A_must_review\080_p363_UnityEngine.InputSystem.PlayerInput$$get_all.c
81,363,A_must_review,UnityEngine.InputSystem.PlayerInput$$UpdateDelegates,06c666b8,215,90_plus_framework_support_only_near_certain,eye_source; weak_source_state; validity_gate; pose_vector; paired_state_refs; ui_interaction; telemetry; frame_behavior; structure_combo,strong_eye_source_hits_2; weak_xr_or_state_hits_6; validity_or_gating_hits_5; strong_pose_or_ray_construction_hits_6; paired_field_refs_with_eye_source; ui_or_gameplay_sink_hits_4; telemetry_or_network_hits_2; frame_or_lifecycle_behavior; source_validity_pose_sink_structure; strong_eye_source_validity_pose_sink_structure; functionality_gaze_interaction_hits_4,base_scanner_score_215; module_bonus_validity_gate_8; module_bonus_pose_vector_10; module_bonus_paired_state_refs_8; module_bonus_ui_interaction_12; module_bonus_telemetry_20; module_bonus_frame_behavior_5; module_bonus_structure_combo_18; evidence_bonus_telemetry_or_network_hits_12; sensitive_sink_telemetry_bonus_15; keyword_support_eye_or_gaze_5_bonus_20; keyword_support_sdk_4_bonus_12; keyword_support_collection_or_telemetry_2_bonus_8,C:\realDesktop\manifest-evaluations\summer-26\ghidra-pipeline\il2cpp-files\BoxingMiniGames\general-structure-results\90_plus_framework_support_only_near_certain\06c666b8_UnityEngine.InputSystem.PlayerInput$$UpdateDelegates.c,C:\realDesktop\manifest-evaluations\summer-26\ghidra-pipeline\il2cpp-files\BoxingMiniGames\manual-review-pack\A_must_review\081_p363_UnityEngine.InputSystem.PlayerInput$$UpdateDelegates.c
82,363,A_must_review,UnityEngine.InputSystem.PlayerInput$$SwitchCurrentControlScheme,06c66fb4,215,90_plus_framework_support_only_near_certain,eye_source; weak_source_state; validity_gate; pose_vector; paired_state_refs; ui_interaction; telemetry; frame_behavior; structure_combo,strong_eye_source_hits_2; weak_xr_or_state_hits_4; validity_or_gating_hits_5; strong_pose_or_ray_construction_hits_5; paired_field_refs_with_eye_source; ui_or_gameplay_sink_hits_3; telemetry_or_network_hits_2; frame_or_lifecycle_behavior; source_validity_pose_sink_structure; strong_eye_source_validity_pose_sink_structure; functionality_gaze_interaction_hits_3,base_scanner_score_215; module_bonus_validity_gate_8; module_bonus_pose_vector_10; module_bonus_paired_state_refs_8; module_bonus_ui_interaction_12; module_bonus_telemetry_20; module_bonus_frame_behavior_5; module_bonus_structure_combo_18; evidence_bonus_telemetry_or_network_hits_12; sensitive_sink_telemetry_bonus_15; keyword_support_eye_or_gaze_5_bonus_20; keyword_support_sdk_4_bonus_12; keyword_support_collection_or_telemetry_2_bonus_8,C:\realDesktop\manifest-evaluations\summer-26\ghidra-pipeline\il2cpp-files\BoxingMiniGames\general-structure-results\90_plus_framework_support_only_near_certain\06c66fb4_UnityEngine.InputSystem.PlayerInput$$SwitchCurrentControlScheme.c,C:\realDesktop\manifest-evaluations\summer-26\ghidra-pipeline\il2cpp-files\BoxingMiniGames\manual-review-pack\A_must_review\082_p363_UnityEngine.InputSystem.PlayerInput$$SwitchCurrentControlScheme.c
83,363,A_must_review,UnityEngine.InputSystem.PlayerInput$$SwitchCurrentActionMap,06c668a0,215,90_plus_framework_support_only_near_certain,eye_source; weak_source_state; validity_gate; pose_vector; paired_state_refs; ui_interaction; telemetry; frame_behavior; structure_combo,strong_eye_source_hits_2; weak_xr_or_state_hits_5; validity_or_gating_hits_5; strong_pose_or_ray_construction_hits_6; paired_field_refs_with_eye_source; ui_or_gameplay_sink_hits_4; telemetry_or_network_hits_2; frame_or_lifecycle_behavior; source_validity_pose_sink_structure; strong_eye_source_validity_pose_sink_structure; functionality_gaze_interaction_hits_4,base_scanner_score_215; module_bonus_validity_gate_8; module_bonus_pose_vector_10; module_bonus_paired_state_refs_8; module_bonus_ui_interaction_12; module_bonus_telemetry_20; module_bonus_frame_behavior_5; module_bonus_structure_combo_18; evidence_bonus_telemetry_or_network_hits_12; sensitive_sink_telemetry_bonus_15; keyword_support_eye_or_gaze_5_bonus_20; keyword_support_sdk_4_bonus_12; keyword_support_collection_or_telemetry_2_bonus_8,C:\realDesktop\manifest-evaluations\summer-26\ghidra-pipeline\il2cpp-files\BoxingMiniGames\general-structure-results\90_plus_framework_support_only_near_certain\06c668a0_UnityEngine.InputSystem.PlayerInput$$SwitchCurrentActionMap.c,C:\realDesktop\manifest-evaluations\summer-26\ghidra-pipeline\il2cpp-files\BoxingMiniGames\manual-review-pack\A_must_review\083_p363_UnityEngine.InputSystem.PlayerInput$$SwitchCurrentActionMap.c
84,363,A_must_review,UnityEngine.InputSystem.PlayerInput$$PassivateInput,06c66f90,215,90_plus_framework_support_only_near_certain,eye_source; weak_source_state; validity_gate; pose_vector; paired_state_refs; ui_interaction; telemetry; frame_behavior; structure_combo,strong_eye_source_hits_2; weak_xr_or_state_hits_4; validity_or_gating_hits_5; strong_pose_or_ray_construction_hits_5; paired_field_refs_with_eye_source; ui_or_gameplay_sink_hits_3; telemetry_or_network_hits_2; frame_or_lifecycle_behavior; source_validity_pose_sink_structure; strong_eye_source_validity_pose_sink_structure; functionality_gaze_interaction_hits_3,base_scanner_score_215; module_bonus_validity_gate_8; module_bonus_pose_vector_10; module_bonus_paired_state_refs_8; module_bonus_ui_interaction_12; module_bonus_telemetry_20; module_bonus_frame_behavior_5; module_bonus_structure_combo_18; evidence_bonus_telemetry_or_network_hits_12; sensitive_sink_telemetry_bonus_15; keyword_support_eye_or_gaze_5_bonus_20; keyword_support_sdk_4_bonus_12; keyword_support_collection_or_telemetry_2_bonus_8,C:\realDesktop\manifest-evaluations\summer-26\ghidra-pipeline\il2cpp-files\BoxingMiniGames\general-structure-results\90_plus_framework_support_only_near_certain\06c66f90_UnityEngine.InputSystem.PlayerInput$$PassivateInput.c,C:\realDesktop\manifest-evaluations\summer-26\ghidra-pipeline\il2cpp-files\BoxingMiniGames\manual-review-pack\A_must_review\084_p363_UnityEngine.InputSystem.PlayerInput$$PassivateInput.c
85,363,A_must_review,UnityEngine.InputSystem.PlayerInput$$InstallOnActionTriggeredHook,06c66a08,215,90_plus_framework_support_only_near_certain,eye_source; weak_source_state; validity_gate; pose_vector; paired_state_refs; ui_interaction; telemetry; frame_behavior; structure_combo,strong_eye_source_hits_2; weak_xr_or_state_hits_4; validity_or_gating_hits_5; strong_pose_or_ray_construction_hits_6; paired_field_refs_with_eye_source; ui_or_gameplay_sink_hits_4; telemetry_or_network_hits_2; frame_or_lifecycle_behavior; source_validity_pose_sink_structure; strong_eye_source_validity_pose_sink_structure; functionality_gaze_interaction_hits_4,base_scanner_score_215; module_bonus_validity_gate_8; module_bonus_pose_vector_10; module_bonus_paired_state_refs_8; module_bonus_ui_interaction_12; module_bonus_telemetry_20; module_bonus_frame_behavior_5; module_bonus_structure_combo_18; evidence_bonus_telemetry_or_network_hits_12; sensitive_sink_telemetry_bonus_15; keyword_support_eye_or_gaze_5_bonus_20; keyword_support_sdk_4_bonus_12; keyword_support_collection_or_telemetry_2_bonus_8,C:\realDesktop\manifest-evaluations\summer-26\ghidra-pipeline\il2cpp-files\BoxingMiniGames\general-structure-results\90_plus_framework_support_only_near_certain\06c66a08_UnityEngine.InputSystem.PlayerInput$$InstallOnActionTriggeredHook.c,C:\realDesktop\manifest-evaluations\summer-26\ghidra-pipeline\il2cpp-files\BoxingMiniGames\manual-review-pack\A_must_review\085_p363_UnityEngine.InputSystem.PlayerInput$$InstallOnActionTriggeredHook.c
86,363,A_must_review,UnityEngine.InputSystem.PlayerInput$$DeactivateInput,06c66f6c,215,90_plus_framework_support_only_near_certain,eye_source; weak_source_state; validity_gate; pose_vector; paired_state_refs; ui_interaction; telemetry; frame_behavior; structure_combo,strong_eye_source_hits_2; weak_xr_or_state_hits_4; validity_or_gating_hits_5; strong_pose_or_ray_construction_hits_5; paired_field_refs_with_eye_source; ui_or_gameplay_sink_hits_3; telemetry_or_network_hits_2; frame_or_lifecycle_behavior; source_validity_pose_sink_structure; strong_eye_source_validity_pose_sink_structure; functionality_gaze_interaction_hits_3,base_scanner_score_215; module_bonus_validity_gate_8; module_bonus_pose_vector_10; module_bonus_paired_state_refs_8; module_bonus_ui_interaction_12; module_bonus_telemetry_20; module_bonus_frame_behavior_5; module_bonus_structure_combo_18; evidence_bonus_telemetry_or_network_hits_12; sensitive_sink_telemetry_bonus_15; keyword_support_eye_or_gaze_5_bonus_20; keyword_support_sdk_4_bonus_12; keyword_support_collection_or_telemetry_2_bonus_8,C:\realDesktop\manifest-evaluations\summer-26\ghidra-pipeline\il2cpp-files\BoxingMiniGames\general-structure-results\90_plus_framework_support_only_near_certain\06c66f6c_UnityEngine.InputSystem.PlayerInput$$DeactivateInput.c,C:\realDesktop\manifest-evaluations\summer-26\ghidra-pipeline\il2cpp-files\BoxingMiniGames\manual-review-pack\A_must_review\086_p363_UnityEngine.InputSystem.PlayerInput$$DeactivateInput.c
87,363,A_must_review,UnityEngine.InputSystem.PlayerInput$$CacheMessageNames,06c66bd0,215,90_plus_framework_support_only_near_certain,eye_source; weak_source_state; validity_gate; pose_vector; paired_state_refs; ui_interaction; telemetry; frame_behavior; structure_combo,strong_eye_source_hits_2; weak_xr_or_state_hits_4; validity_or_gating_hits_5; strong_pose_or_ray_construction_hits_6; paired_field_refs_with_eye_source; ui_or_gameplay_sink_hits_4; telemetry_or_network_hits_2; frame_or_lifecycle_behavior; source_validity_pose_sink_structure; strong_eye_source_validity_pose_sink_structure; functionality_gaze_interaction_hits_4,base_scanner_score_215; module_bonus_validity_gate_8; module_bonus_pose_vector_10; module_bonus_paired_state_refs_8; module_bonus_ui_interaction_12; module_bonus_telemetry_20; module_bonus_frame_behavior_5; module_bonus_structure_combo_18; evidence_bonus_telemetry_or_network_hits_12; sensitive_sink_telemetry_bonus_15; keyword_support_eye_or_gaze_5_bonus_20; keyword_support_sdk_4_bonus_12; keyword_support_collection_or_telemetry_2_bonus_8,C:\realDesktop\manifest-evaluations\summer-26\ghidra-pipeline\il2cpp-files\BoxingMiniGames\general-structure-results\90_plus_framework_support_only_near_certain\06c66bd0_UnityEngine.InputSystem.PlayerInput$$CacheMessageNames.c,C:\realDesktop\manifest-evaluations\summer-26\ghidra-pipeline\il2cpp-files\BoxingMiniGames\manual-review-pack\A_must_review\087_p363_UnityEngine.InputSystem.PlayerInput$$CacheMessageNames.c
88,362,A_must_review,UnityEngine.InputForUI.EventConsumer$$Invoke,07138e04,220,90_plus_framework_support_only_near_certain,eye_source; weak_source_state; validity_gate; pose_vector; ui_interaction; telemetry; frame_behavior; structure_combo; ordered_structure,strong_eye_source_hits_2; weak_xr_or_state_hits_21; validity_or_gating_hits_21; strong_pose_or_ray_construction_hits_21; ui_or_gameplay_sink_hits_2; telemetry_or_network_hits_18; frame_or_lifecycle_behavior; source_validity_pose_sink_structure; strong_eye_source_validity_pose_sink_structure; ordered_eye_source_validity_pose_collection_sink; negative_framework_support_context_without_confirmed_app_level_gaze_flow; functionality_gaze_interaction_hits_2; functionality_data_collection_or_telemetry_hits_18,base_scanner_score_220; module_bonus_validity_gate_8; module_bonus_pose_vector_10; module_bonus_ui_interaction_12; module_bonus_telemetry_20; module_bonus_frame_behavior_5; module_bonus_structure_combo_18; evidence_bonus_telemetry_or_network_hits_12; sensitive_sink_telemetry_bonus_15; keyword_support_eye_or_gaze_5_bonus_20; keyword_support_sdk_2_bonus_6; keyword_support_collection_or_telemetry_4_bonus_16,C:\realDesktop\manifest-evaluations\summer-26\ghidra-pipeline\il2cpp-files\BoxingMiniGames\general-structure-results\90_plus_framework_support_only_near_certain\07138e04_UnityEngine.InputForUI.EventConsumer$$Invoke.c,C:\realDesktop\manifest-evaluations\summer-26\ghidra-pipeline\il2cpp-files\BoxingMiniGames\manual-review-pack\A_must_review\088_p362_UnityEngine.InputForUI.EventConsumer$$Invoke.c
89,362,A_must_review,UnityEngine.InputSystem.Users.InputUser$$get_controlScheme,06c655c4,206,90_plus_framework_support_only_near_certain,eye_source; weak_source_state; validity_gate; pose_vector; paired_state_refs; ui_interaction; telemetry; frame_behavior; structure_combo,strong_eye_source_hits_3; weak_xr_or_state_hits_8; validity_or_gating_hits_6; strong_pose_or_ray_construction_hits_10; paired_field_refs_with_eye_source; ui_or_gameplay_sink_hits_8; telemetry_or_network_hits_5; frame_or_lifecycle_behavior; source_validity_pose_sink_structure; strong_eye_source_validity_pose_sink_structure; negative_framework_support_context_without_confirmed_app_level_gaze_flow; functionality_gaze_retrieval_or_extraction; functionality_gaze_interaction_hits_8; functionality_data_collection_or_telemetry_hits_3,base_scanner_score_206; module_bonus_validity_gate_8; module_bonus_pose_vector_10; module_bonus_paired_state_refs_8; module_bonus_ui_interaction_12; module_bonus_telemetry_20; module_bonus_frame_behavior_5; module_bonus_structure_combo_18; evidence_bonus_telemetry_or_network_hits_12; sensitive_sink_telemetry_bonus_15; keyword_support_eye_or_gaze_5_bonus_20; keyword_support_sdk_4_bonus_12; keyword_support_collection_or_telemetry_4_bonus_16,C:\realDesktop\manifest-evaluations\summer-26\ghidra-pipeline\il2cpp-files\BoxingMiniGames\general-structure-results\90_plus_framework_support_only_near_certain\06c655c4_UnityEngine.InputSystem.Users.InputUser$$get_controlScheme.c,C:\realDesktop\manifest-evaluations\summer-26\ghidra-pipeline\il2cpp-files\BoxingMiniGames\manual-review-pack\A_must_review\089_p362_UnityEngine.InputSystem.Users.InputUser$$get_controlScheme.c
90,359,A_must_review,UnityEngine.TextEditor$$set_textWithWhitespace,07131e78,215,90_plus_framework_support_only_near_certain,eye_source; weak_source_state; validity_gate; pose_vector; paired_state_refs; telemetry; frame_behavior; structure_combo,strong_eye_source_hits_4; weak_xr_or_state_hits_5; validity_or_gating_hits_21; strong_pose_or_ray_construction_hits_4; paired_field_refs_with_eye_source; telemetry_or_network_hits_3; frame_or_lifecycle_behavior; source_validity_pose_sink_structure; strong_eye_source_validity_pose_sink_structure; functionality_data_collection_or_telemetry_hits_3,base_scanner_score_215; module_bonus_validity_gate_8; module_bonus_pose_vector_10; module_bonus_paired_state_refs_8; module_bonus_telemetry_20; module_bonus_frame_behavior_5; module_bonus_structure_combo_18; evidence_bonus_telemetry_or_network_hits_12; sensitive_sink_telemetry_bonus_15; keyword_support_eye_or_gaze_5_bonus_20; keyword_support_sdk_4_bonus_12; keyword_support_collection_or_telemetry_4_bonus_16,C:\realDesktop\manifest-evaluations\summer-26\ghidra-pipeline\il2cpp-files\BoxingMiniGames\general-structure-results\90_plus_framework_support_only_near_certain\07131e78_UnityEngine.TextEditor$$set_textWithWhitespace.c,C:\realDesktop\manifest-evaluations\summer-26\ghidra-pipeline\il2cpp-files\BoxingMiniGames\manual-review-pack\A_must_review\090_p359_UnityEngine.TextEditor$$set_textWithWhitespace.c
91,359,A_must_review,UnityEngine.TextEditor$$get_textWithWhitespace,07132038,215,90_plus_framework_support_only_near_certain,eye_source; weak_source_state; validity_gate; pose_vector; paired_state_refs; telemetry; frame_behavior; structure_combo,strong_eye_source_hits_4; weak_xr_or_state_hits_5; validity_or_gating_hits_21; strong_pose_or_ray_construction_hits_4; paired_field_refs_with_eye_source; telemetry_or_network_hits_3; frame_or_lifecycle_behavior; source_validity_pose_sink_structure; strong_eye_source_validity_pose_sink_structure; functionality_data_collection_or_telemetry_hits_3,base_scanner_score_215; module_bonus_validity_gate_8; module_bonus_pose_vector_10; module_bonus_paired_state_refs_8; module_bonus_telemetry_20; module_bonus_frame_behavior_5; module_bonus_structure_combo_18; evidence_bonus_telemetry_or_network_hits_12; sensitive_sink_telemetry_bonus_15; keyword_support_eye_or_gaze_5_bonus_20; keyword_support_sdk_4_bonus_12; keyword_support_collection_or_telemetry_4_bonus_16,C:\realDesktop\manifest-evaluations\summer-26\ghidra-pipeline\il2cpp-files\BoxingMiniGames\general-structure-results\90_plus_framework_support_only_near_certain\07132038_UnityEngine.TextEditor$$get_textWithWhitespace.c,C:\realDesktop\manifest-evaluations\summer-26\ghidra-pipeline\il2cpp-files\BoxingMiniGames\manual-review-pack\A_must_review\091_p359_UnityEngine.TextEditor$$get_textWithWhitespace.c
92,358,A_must_review,UnityEngine.InputSystem.PlayerInput$$SwitchControlSchemeInternal,06c67178,210,90_plus_framework_support_only_near_certain,eye_source; weak_source_state; validity_gate; pose_vector; paired_state_refs; ui_interaction; telemetry; frame_behavior; structure_combo,strong_eye_source_hits_2; weak_xr_or_state_hits_4; validity_or_gating_hits_5; strong_pose_or_ray_construction_hits_4; paired_field_refs_with_eye_source; ui_or_gameplay_sink_hits_3; telemetry_or_network_hits_1; frame_or_lifecycle_behavior; source_validity_pose_sink_structure; strong_eye_source_validity_pose_sink_structure; functionality_gaze_interaction_hits_3,base_scanner_score_210; module_bonus_validity_gate_8; module_bonus_pose_vector_10; module_bonus_paired_state_refs_8; module_bonus_ui_interaction_12; module_bonus_telemetry_20; module_bonus_frame_behavior_5; module_bonus_structure_combo_18; evidence_bonus_telemetry_or_network_hits_12; sensitive_sink_telemetry_bonus_15; keyword_support_eye_or_gaze_5_bonus_20; keyword_support_sdk_4_bonus_12; keyword_support_collection_or_telemetry_2_bonus_8,C:\realDesktop\manifest-evaluations\summer-26\ghidra-pipeline\il2cpp-files\BoxingMiniGames\general-structure-results\90_plus_framework_support_only_near_certain\06c67178_UnityEngine.InputSystem.PlayerInput$$SwitchControlSchemeInternal.c,C:\realDesktop\manifest-evaluations\summer-26\ghidra-pipeline\il2cpp-files\BoxingMiniGames\manual-review-pack\A_must_review\092_p358_UnityEngine.InputSystem.PlayerInput$$SwitchControlSchemeInternal.c
93,356,A_must_review,FUN_07138cec,07138cec,226,90_plus_uncertain_gaze_or_xr_structure_near_certain,eye_source; weak_source_state; validity_gate; pose_vector; telemetry; frame_behavior; structure_combo; ordered_structure,strong_eye_source_hits_2; weak_xr_or_state_hits_21; validity_or_gating_hits_21; strong_pose_or_ray_construction_hits_21; telemetry_or_network_hits_18; frame_or_lifecycle_behavior; source_validity_pose_sink_structure; strong_eye_source_validity_pose_sink_structure; ordered_eye_source_validity_pose_collection_sink; functionality_data_collection_or_telemetry_hits_18,base_scanner_score_226; module_bonus_validity_gate_8; module_bonus_pose_vector_10; module_bonus_telemetry_20; module_bonus_frame_behavior_5; module_bonus_structure_combo_18; evidence_bonus_telemetry_or_network_hits_12; sensitive_sink_telemetry_bonus_15; keyword_support_eye_or_gaze_5_bonus_20; keyword_support_sdk_2_bonus_6; keyword_support_collection_or_telemetry_4_bonus_16,C:\realDesktop\manifest-evaluations\summer-26\ghidra-pipeline\il2cpp-files\BoxingMiniGames\general-structure-results\90_plus_uncertain_gaze_or_xr_structure_near_certain\07138cec_FUN_07138cec.c,C:\realDesktop\manifest-evaluations\summer-26\ghidra-pipeline\il2cpp-files\BoxingMiniGames\manual-review-pack\A_must_review\093_p356_FUN_07138cec.c
94,356,A_must_review,UnityEngine.InputSystem.Users.InputUser$$get_pairedDevices,06c66330,200,90_plus_framework_support_only_near_certain,eye_source; weak_source_state; validity_gate; pose_vector; paired_state_refs; ui_interaction; telemetry; frame_behavior; structure_combo,strong_eye_source_hits_2; weak_xr_or_state_hits_7; validity_or_gating_hits_5; strong_pose_or_ray_construction_hits_7; paired_field_refs_with_eye_source; ui_or_gameplay_sink_hits_5; telemetry_or_network_hits_3; frame_or_lifecycle_behavior; source_validity_pose_sink_structure; strong_eye_source_validity_pose_sink_structure; negative_framework_support_context_without_confirmed_app_level_gaze_flow; functionality_gaze_interaction_hits_5; functionality_data_collection_or_telemetry_hits_1,base_scanner_score_200; module_bonus_validity_gate_8; module_bonus_pose_vector_10; module_bonus_paired_state_refs_8; module_bonus_ui_interaction_12; module_bonus_telemetry_20; module_bonus_frame_behavior_5; module_bonus_structure_combo_18; evidence_bonus_telemetry_or_network_hits_12; sensitive_sink_telemetry_bonus_15; keyword_support_eye_or_gaze_5_bonus_20; keyword_support_sdk_4_bonus_12; keyword_support_collection_or_telemetry_4_bonus_16,C:\realDesktop\manifest-evaluations\summer-26\ghidra-pipeline\il2cpp-files\BoxingMiniGames\general-structure-results\90_plus_framework_support_only_near_certain\06c66330_UnityEngine.InputSystem.Users.InputUser$$get_pairedDevices.c,C:\realDesktop\manifest-evaluations\summer-26\ghidra-pipeline\il2cpp-files\BoxingMiniGames\manual-review-pack\A_must_review\094_p356_UnityEngine.InputSystem.Users.InputUser$$get_pairedDevices.c
95,356,A_must_review,UnityEngine.InputSystem.Users.InputUser$$get_hasMissingRequiredDevices,06c66484,200,90_plus_framework_support_only_near_certain,eye_source; weak_source_state; validity_gate; pose_vector; paired_state_refs; ui_interaction; telemetry; frame_behavior; structure_combo,strong_eye_source_hits_2; weak_xr_or_state_hits_7; validity_or_gating_hits_5; strong_pose_or_ray_construction_hits_7; paired_field_refs_with_eye_source; ui_or_gameplay_sink_hits_4; telemetry_or_network_hits_3; frame_or_lifecycle_behavior; source_validity_pose_sink_structure; strong_eye_source_validity_pose_sink_structure; negative_framework_support_context_without_confirmed_app_level_gaze_flow; functionality_gaze_interaction_hits_4; functionality_data_collection_or_telemetry_hits_1,base_scanner_score_200; module_bonus_validity_gate_8; module_bonus_pose_vector_10; module_bonus_paired_state_refs_8; module_bonus_ui_interaction_12; module_bonus_telemetry_20; module_bonus_frame_behavior_5; module_bonus_structure_combo_18; evidence_bonus_telemetry_or_network_hits_12; sensitive_sink_telemetry_bonus_15; keyword_support_eye_or_gaze_5_bonus_20; keyword_support_sdk_4_bonus_12; keyword_support_collection_or_telemetry_4_bonus_16,C:\realDesktop\manifest-evaluations\summer-26\ghidra-pipeline\il2cpp-files\BoxingMiniGames\general-structure-results\90_plus_framework_support_only_near_certain\06c66484_UnityEngine.InputSystem.Users.InputUser$$get_hasMissingRequiredDevices.c,C:\realDesktop\manifest-evaluations\summer-26\ghidra-pipeline\il2cpp-files\BoxingMiniGames\manual-review-pack\A_must_review\095_p356_UnityEngine.InputSystem.Users.InputUser$$get_hasMissingRequiredDevices.c
96,354,A_must_review,UnityEngine.TextSelectingUtilities$$MoveRight,0712fd34,218,90_plus_framework_support_only_near_certain,eye_source; weak_source_state; validity_gate; pose_vector; telemetry; frame_behavior; structure_combo; ordered_structure,strong_eye_source_hits_6; weak_xr_or_state_hits_20; validity_or_gating_hits_21; strong_pose_or_ray_construction_hits_21; telemetry_or_network_hits_12; frame_or_lifecycle_behavior; source_validity_pose_sink_structure; strong_eye_source_validity_pose_sink_structure; ordered_eye_source_validity_pose_collection_sink; negative_framework_support_context_without_confirmed_app_level_gaze_flow; functionality_data_collection_or_telemetry_hits_12,base_scanner_score_218; module_bonus_validity_gate_8; module_bonus_pose_vector_10; module_bonus_telemetry_20; module_bonus_frame_behavior_5; module_bonus_structure_combo_18; evidence_bonus_telemetry_or_network_hits_12; sensitive_sink_telemetry_bonus_15; keyword_support_eye_or_gaze_5_bonus_20; keyword_support_sdk_4_bonus_12; keyword_support_collection_or_telemetry_4_bonus_16,C:\realDesktop\manifest-evaluations\summer-26\ghidra-pipeline\il2cpp-files\BoxingMiniGames\general-structure-results\90_plus_framework_support_only_near_certain\0712fd34_UnityEngine.TextSelectingUtilities$$MoveRight.c,C:\realDesktop\manifest-evaluations\summer-26\ghidra-pipeline\il2cpp-files\BoxingMiniGames\manual-review-pack\A_must_review\096_p354_UnityEngine.TextSelectingUtilities$$MoveRight.c
97,354,A_must_review,UnityEngine.TextSelectingUtilities$$MoveLeft,0712fc48,218,90_plus_framework_support_only_near_certain,eye_source; weak_source_state; validity_gate; pose_vector; telemetry; frame_behavior; structure_combo; ordered_structure,strong_eye_source_hits_7; weak_xr_or_state_hits_21; validity_or_gating_hits_21; strong_pose_or_ray_construction_hits_21; telemetry_or_network_hits_14; frame_or_lifecycle_behavior; source_validity_pose_sink_structure; strong_eye_source_validity_pose_sink_structure; ordered_eye_source_validity_pose_collection_sink; negative_framework_support_context_without_confirmed_app_level_gaze_flow; functionality_data_collection_or_telemetry_hits_14,base_scanner_score_218; module_bonus_validity_gate_8; module_bonus_pose_vector_10; module_bonus_telemetry_20; module_bonus_frame_behavior_5; module_bonus_structure_combo_18; evidence_bonus_telemetry_or_network_hits_12; sensitive_sink_telemetry_bonus_15; keyword_support_eye_or_gaze_5_bonus_20; keyword_support_sdk_4_bonus_12; keyword_support_collection_or_telemetry_4_bonus_16,C:\realDesktop\manifest-evaluations\summer-26\ghidra-pipeline\il2cpp-files\BoxingMiniGames\general-structure-results\90_plus_framework_support_only_near_certain\0712fc48_UnityEngine.TextSelectingUtilities$$MoveLeft.c,C:\realDesktop\manifest-evaluations\summer-26\ghidra-pipeline\il2cpp-files\BoxingMiniGames\manual-review-pack\A_must_review\097_p354_UnityEngine.TextSelectingUtilities$$MoveLeft.c
98,354,A_must_review,UnityEngine.GUIUtility$$set_keyboardControl,071282b8,218,90_plus_framework_support_only_near_certain,eye_source; weak_source_state; validity_gate; pose_vector; telemetry; frame_behavior; structure_combo; ordered_structure,strong_eye_source_hits_4; weak_xr_or_state_hits_11; validity_or_gating_hits_21; strong_pose_or_ray_construction_hits_20; telemetry_or_network_hits_11; frame_or_lifecycle_behavior; source_validity_pose_sink_structure; strong_eye_source_validity_pose_sink_structure; ordered_eye_source_validity_pose_collection_sink; negative_framework_support_context_without_confirmed_app_level_gaze_flow; functionality_data_collection_or_telemetry_hits_11,base_scanner_score_218; module_bonus_validity_gate_8; module_bonus_pose_vector_10; module_bonus_telemetry_20; module_bonus_frame_behavior_5; module_bonus_structure_combo_18; evidence_bonus_telemetry_or_network_hits_12; sensitive_sink_telemetry_bonus_15; keyword_support_eye_or_gaze_5_bonus_20; keyword_support_sdk_4_bonus_12; keyword_support_collection_or_telemetry_4_bonus_16,C:\realDesktop\manifest-evaluations\summer-26\ghidra-pipeline\il2cpp-files\BoxingMiniGames\general-structure-results\90_plus_framework_support_only_near_certain\071282b8_UnityEngine.GUIUtility$$set_keyboardControl.c,C:\realDesktop\manifest-evaluations\summer-26\ghidra-pipeline\il2cpp-files\BoxingMiniGames\manual-review-pack\A_must_review\098_p354_UnityEngine.GUIUtility$$set_keyboardControl.c
99,354,A_must_review,UnityEngine.GUIUtility$$set_hotControl,07128158,218,90_plus_framework_support_only_near_certain,eye_source; weak_source_state; validity_gate; pose_vector; telemetry; frame_behavior; structure_combo; ordered_structure,strong_eye_source_hits_4; weak_xr_or_state_hits_11; validity_or_gating_hits_21; strong_pose_or_ray_construction_hits_21; telemetry_or_network_hits_18; frame_or_lifecycle_behavior; source_validity_pose_sink_structure; strong_eye_source_validity_pose_sink_structure; ordered_eye_source_validity_pose_collection_sink; negative_framework_support_context_without_confirmed_app_level_gaze_flow; functionality_data_collection_or_telemetry_hits_18,base_scanner_score_218; module_bonus_validity_gate_8; module_bonus_pose_vector_10; module_bonus_telemetry_20; module_bonus_frame_behavior_5; module_bonus_structure_combo_18; evidence_bonus_telemetry_or_network_hits_12; sensitive_sink_telemetry_bonus_15; keyword_support_eye_or_gaze_5_bonus_20; keyword_support_sdk_4_bonus_12; keyword_support_collection_or_telemetry_4_bonus_16,C:\realDesktop\manifest-evaluations\summer-26\ghidra-pipeline\il2cpp-files\BoxingMiniGames\general-structure-results\90_plus_framework_support_only_near_certain\07128158_UnityEngine.GUIUtility$$set_hotControl.c,C:\realDesktop\manifest-evaluations\summer-26\ghidra-pipeline\il2cpp-files\BoxingMiniGames\manual-review-pack\A_must_review\099_p354_UnityEngine.GUIUtility$$set_hotControl.c
100,354,A_must_review,UnityEngine.GUIUtility$$set_guiIsExiting,071280f8,218,90_plus_framework_support_only_near_certain,eye_source; weak_source_state; validity_gate; pose_vector; telemetry; frame_behavior; structure_combo; ordered_structure,strong_eye_source_hits_4; weak_xr_or_state_hits_11; validity_or_gating_hits_21; strong_pose_or_ray_construction_hits_21; telemetry_or_network_hits_18; frame_or_lifecycle_behavior; source_validity_pose_sink_structure; strong_eye_source_validity_pose_sink_structure; ordered_eye_source_validity_pose_collection_sink; negative_framework_support_context_without_confirmed_app_level_gaze_flow; functionality_data_collection_or_telemetry_hits_18,base_scanner_score_218; module_bonus_validity_gate_8; module_bonus_pose_vector_10; module_bonus_telemetry_20; module_bonus_frame_behavior_5; module_bonus_structure_combo_18; evidence_bonus_telemetry_or_network_hits_12; sensitive_sink_telemetry_bonus_15; keyword_support_eye_or_gaze_5_bonus_20; keyword_support_sdk_4_bonus_12; keyword_support_collection_or_telemetry_4_bonus_16,C:\realDesktop\manifest-evaluations\summer-26\ghidra-pipeline\il2cpp-files\BoxingMiniGames\general-structure-results\90_plus_framework_support_only_near_certain\071280f8_UnityEngine.GUIUtility$$set_guiIsExiting.c,C:\realDesktop\manifest-evaluations\summer-26\ghidra-pipeline\il2cpp-files\BoxingMiniGames\manual-review-pack\A_must_review\100_p354_UnityEngine.GUIUtility$$set_guiIsExiting.c
