rank,manual_priority_score,manual_tier,function_name,entry_point,scanner_score,scanner_label,modules,evidence,priority_reasons,file_path,copied_file
1,294,A_must_review,System.Array.InternalEnumerator<OVRAnchor.Telemetry.Key>$$Dispose,015dfd88,163,90_plus_framework_support_only_near_certain,eye_source; weak_source_state; validity_gate; pose_vector; telemetry; structure_combo,strong_eye_source_hits_5; weak_xr_or_state_hits_6; validity_or_gating_hits_1; strong_pose_or_ray_construction_hits_4; telemetry_or_network_hits_2; source_validity_pose_sink_structure; strong_eye_source_validity_pose_sink_structure; negative_framework_support_context_without_confirmed_app_level_gaze_flow; functionality_data_collection_or_telemetry_hits_2,base_scanner_score_163; module_bonus_validity_gate_8; module_bonus_pose_vector_10; module_bonus_telemetry_20; module_bonus_structure_combo_18; evidence_bonus_telemetry_or_network_hits_12; sensitive_sink_telemetry_bonus_15; keyword_support_eye_or_gaze_5_bonus_20; keyword_support_sdk_4_bonus_12; keyword_support_collection_or_telemetry_4_bonus_16,C:\realDesktop\manifest-evaluations\summer-26\ghidra-pipeline\il2cpp-files\SPEEDSHOOTINGVR\general-structure-results\90_plus_framework_support_only_near_certain\015dfd88_System.Array.InternalEnumerator_OVRAnchor.Telemetry.Key_$$Dispose.c,C:\realDesktop\manifest-evaluations\summer-26\ghidra-pipeline\il2cpp-files\SPEEDSHOOTINGVR\manual-review-pack\A_must_review\001_p294_System.Array.InternalEnumerator_OVRAnchor.Telemetry.Key_$$Dispose.c
2,286,A_must_review,System.Array.InternalEnumerator<OVRAnchor.Telemetry.Key>$$MoveNext,015dfd8c,155,90_plus_framework_support_only_near_certain,eye_source; weak_source_state; validity_gate; pose_vector; telemetry; structure_combo,strong_eye_source_hits_5; weak_xr_or_state_hits_6; validity_or_gating_hits_1; strong_pose_or_ray_construction_hits_2; telemetry_or_network_hits_2; source_validity_pose_sink_structure; strong_eye_source_validity_pose_sink_structure; negative_framework_support_context_without_confirmed_app_level_gaze_flow; functionality_data_collection_or_telemetry_hits_2,base_scanner_score_155; module_bonus_validity_gate_8; module_bonus_pose_vector_10; module_bonus_telemetry_20; module_bonus_structure_combo_18; evidence_bonus_telemetry_or_network_hits_12; sensitive_sink_telemetry_bonus_15; keyword_support_eye_or_gaze_5_bonus_20; keyword_support_sdk_4_bonus_12; keyword_support_collection_or_telemetry_4_bonus_16,C:\realDesktop\manifest-evaluations\summer-26\ghidra-pipeline\il2cpp-files\SPEEDSHOOTINGVR\general-structure-results\90_plus_framework_support_only_near_certain\015dfd8c_System.Array.InternalEnumerator_OVRAnchor.Telemetry.Key_$$MoveNext.c,C:\realDesktop\manifest-evaluations\summer-26\ghidra-pipeline\il2cpp-files\SPEEDSHOOTINGVR\manual-review-pack\A_must_review\002_p286_System.Array.InternalEnumerator_OVRAnchor.Telemetry.Key_$$MoveNext.c
3,286,A_must_review,System.Array.InternalEnumerator<OVRAnchor.Telemetry.Key>$$.ctor,015dfd68,155,90_plus_framework_support_only_near_certain,eye_source; weak_source_state; validity_gate; pose_vector; telemetry; structure_combo,strong_eye_source_hits_5; weak_xr_or_state_hits_6; validity_or_gating_hits_1; strong_pose_or_ray_construction_hits_2; telemetry_or_network_hits_2; source_validity_pose_sink_structure; strong_eye_source_validity_pose_sink_structure; negative_framework_support_context_without_confirmed_app_level_gaze_flow; functionality_data_collection_or_telemetry_hits_2,base_scanner_score_155; module_bonus_validity_gate_8; module_bonus_pose_vector_10; module_bonus_telemetry_20; module_bonus_structure_combo_18; evidence_bonus_telemetry_or_network_hits_12; sensitive_sink_telemetry_bonus_15; keyword_support_eye_or_gaze_5_bonus_20; keyword_support_sdk_4_bonus_12; keyword_support_collection_or_telemetry_4_bonus_16,C:\realDesktop\manifest-evaluations\summer-26\ghidra-pipeline\il2cpp-files\SPEEDSHOOTINGVR\general-structure-results\90_plus_framework_support_only_near_certain\015dfd68_System.Array.InternalEnumerator_OVRAnchor.Telemetry.Key_$$.ctor.c,C:\realDesktop\manifest-evaluations\summer-26\ghidra-pipeline\il2cpp-files\SPEEDSHOOTINGVR\manual-review-pack\A_must_review\003_p286_System.Array.InternalEnumerator_OVRAnchor.Telemetry.Key_$$.ctor.c
4,280,A_must_review,System.Array.InternalEnumerator<OVRPassthroughLayer.SerializedSurfaceGeometry>$$Dispose,015d95a0,166,90_plus_framework_support_only_near_certain,eye_source; weak_source_state; validity_gate; pose_vector; telemetry; structure_combo,strong_eye_source_hits_1; weak_xr_or_state_hits_2; validity_or_gating_hits_2; strong_pose_or_ray_construction_hits_4; telemetry_or_network_hits_2; source_validity_pose_sink_structure; strong_eye_source_validity_pose_sink_structure; functionality_eye_api_context_without_clear_sink_hits_1,base_scanner_score_166; module_bonus_validity_gate_8; module_bonus_pose_vector_10; module_bonus_telemetry_20; module_bonus_structure_combo_18; evidence_bonus_telemetry_or_network_hits_12; sensitive_sink_telemetry_bonus_15; keyword_support_eye_or_gaze_5_bonus_20; keyword_support_sdk_1_bonus_3; keyword_support_collection_or_telemetry_2_bonus_8,C:\realDesktop\manifest-evaluations\summer-26\ghidra-pipeline\il2cpp-files\SPEEDSHOOTINGVR\general-structure-results\90_plus_framework_support_only_near_certain\015d95a0_System.Array.InternalEnumerator_OVRPassthroughLayer.SerializedSurfaceGeometry_$$Dispose.c,C:\realDesktop\manifest-evaluations\summer-26\ghidra-pipeline\il2cpp-files\SPEEDSHOOTINGVR\manual-review-pack\A_must_review\004_p280_System.Array.InternalEnumerator_OVRPassthroughLayer.SerializedSurfaceGeometry_$$Dispose.c
5,277,A_must_review,System.Array.InternalEnumerator<OVRAnchor.Telemetry.Key>$$get_Current,015dfddc,149,90_plus_framework_support_only_near_certain,eye_source; weak_source_state; validity_gate; pose_vector; telemetry; structure_combo,strong_eye_source_hits_3; weak_xr_or_state_hits_4; validity_or_gating_hits_1; strong_pose_or_ray_construction_hits_2; telemetry_or_network_hits_2; source_validity_pose_sink_structure; strong_eye_source_validity_pose_sink_structure; negative_framework_support_context_without_confirmed_app_level_gaze_flow; functionality_data_collection_or_telemetry_hits_2,base_scanner_score_149; module_bonus_validity_gate_8; module_bonus_pose_vector_10; module_bonus_telemetry_20; module_bonus_structure_combo_18; evidence_bonus_telemetry_or_network_hits_12; sensitive_sink_telemetry_bonus_15; keyword_support_eye_or_gaze_5_bonus_20; keyword_support_sdk_3_bonus_9; keyword_support_collection_or_telemetry_4_bonus_16,C:\realDesktop\manifest-evaluations\summer-26\ghidra-pipeline\il2cpp-files\SPEEDSHOOTINGVR\general-structure-results\90_plus_framework_support_only_near_certain\015dfddc_System.Array.InternalEnumerator_OVRAnchor.Telemetry.Key_$$get_Current.c,C:\realDesktop\manifest-evaluations\summer-26\ghidra-pipeline\il2cpp-files\SPEEDSHOOTINGVR\manual-review-pack\A_must_review\005_p277_System.Array.InternalEnumerator_OVRAnchor.Telemetry.Key_$$get_Current.c
6,277,A_must_review,System.Array.InternalEnumerator<OVRAnchor.Telemetry.Key>$$System.Collections.IEnumerator.get_Current,015dfec0,149,90_plus_framework_support_only_near_certain,eye_source; weak_source_state; validity_gate; pose_vector; telemetry; structure_combo,strong_eye_source_hits_3; weak_xr_or_state_hits_4; validity_or_gating_hits_1; strong_pose_or_ray_construction_hits_2; telemetry_or_network_hits_2; source_validity_pose_sink_structure; strong_eye_source_validity_pose_sink_structure; negative_framework_support_context_without_confirmed_app_level_gaze_flow; functionality_data_collection_or_telemetry_hits_2,base_scanner_score_149; module_bonus_validity_gate_8; module_bonus_pose_vector_10; module_bonus_telemetry_20; module_bonus_structure_combo_18; evidence_bonus_telemetry_or_network_hits_12; sensitive_sink_telemetry_bonus_15; keyword_support_eye_or_gaze_5_bonus_20; keyword_support_sdk_3_bonus_9; keyword_support_collection_or_telemetry_4_bonus_16,C:\realDesktop\manifest-evaluations\summer-26\ghidra-pipeline\il2cpp-files\SPEEDSHOOTINGVR\general-structure-results\90_plus_framework_support_only_near_certain\015dfec0_System.Array.InternalEnumerator_OVRAnchor.Telemetry.Key_$$System.Collections.IEnumerator.get_Current.c,C:\realDesktop\manifest-evaluations\summer-26\ghidra-pipeline\il2cpp-files\SPEEDSHOOTINGVR\manual-review-pack\A_must_review\006_p277_System.Array.InternalEnumerator_OVRAnchor.Telemetry.Key_$$System.Collections.IEnumerator.get_Current.c
7,277,A_must_review,System.Array.InternalEnumerator<OVRAnchor.Telemetry.Key>$$System.Collections.IEnumerator.Reset,015dfeb4,149,90_plus_framework_support_only_near_certain,eye_source; weak_source_state; validity_gate; pose_vector; telemetry; structure_combo,strong_eye_source_hits_3; weak_xr_or_state_hits_4; validity_or_gating_hits_1; strong_pose_or_ray_construction_hits_2; telemetry_or_network_hits_2; source_validity_pose_sink_structure; strong_eye_source_validity_pose_sink_structure; negative_framework_support_context_without_confirmed_app_level_gaze_flow; functionality_data_collection_or_telemetry_hits_2,base_scanner_score_149; module_bonus_validity_gate_8; module_bonus_pose_vector_10; module_bonus_telemetry_20; module_bonus_structure_combo_18; evidence_bonus_telemetry_or_network_hits_12; sensitive_sink_telemetry_bonus_15; keyword_support_eye_or_gaze_5_bonus_20; keyword_support_sdk_3_bonus_9; keyword_support_collection_or_telemetry_4_bonus_16,C:\realDesktop\manifest-evaluations\summer-26\ghidra-pipeline\il2cpp-files\SPEEDSHOOTINGVR\general-structure-results\90_plus_framework_support_only_near_certain\015dfeb4_System.Array.InternalEnumerator_OVRAnchor.Telemetry.Key_$$System.Collections.IEnumerator.Reset.c,C:\realDesktop\manifest-evaluations\summer-26\ghidra-pipeline\il2cpp-files\SPEEDSHOOTINGVR\manual-review-pack\A_must_review\007_p277_System.Array.InternalEnumerator_OVRAnchor.Telemetry.Key_$$System.Collections.IEnumerator.Reset.c
8,273,A_must_review,"System.Array.InternalEnumerator<Dictionary.Entry<OVRAnchor.Telemetry.Key,-OVRTelemetryMarker>>$$Dispose",015a970c,151,90_plus_framework_support_only_near_certain,eye_source; weak_source_state; validity_gate; pose_vector; telemetry; structure_combo,strong_eye_source_hits_1; weak_xr_or_state_hits_2; validity_or_gating_hits_2; strong_pose_or_ray_construction_hits_4; telemetry_or_network_hits_4; source_validity_pose_sink_structure; strong_eye_source_validity_pose_sink_structure; negative_framework_support_context_without_confirmed_app_level_gaze_flow; functionality_data_collection_or_telemetry_hits_4,base_scanner_score_151; module_bonus_validity_gate_8; module_bonus_pose_vector_10; module_bonus_telemetry_20; module_bonus_structure_combo_18; evidence_bonus_telemetry_or_network_hits_12; sensitive_sink_telemetry_bonus_15; keyword_support_eye_or_gaze_5_bonus_20; keyword_support_sdk_1_bonus_3; keyword_support_collection_or_telemetry_4_bonus_16,C:\realDesktop\manifest-evaluations\summer-26\ghidra-pipeline\il2cpp-files\SPEEDSHOOTINGVR\general-structure-results\90_plus_framework_support_only_near_certain\015a970c_System.Array.InternalEnumerator_Dictionary.Entry_OVRAnchor.Telemetry.Key_-OVRTelemetryMarker_$$Dispose.c,C:\realDesktop\manifest-evaluations\summer-26\ghidra-pipeline\il2cpp-files\SPEEDSHOOTINGVR\manual-review-pack\A_must_review\008_p273_System.Array.InternalEnumerator_Dictionary.Entry_OVRAnchor.Telemetry.Key_-OVRTelemetryMarker_$$Dispose.c
9,272,A_must_review,System.Array.InternalEnumerator<OVRPassthroughLayer.SerializedSurfaceGeometry>$$MoveNext,015d95a4,158,90_plus_framework_support_only_near_certain,eye_source; weak_source_state; validity_gate; pose_vector; telemetry; structure_combo,strong_eye_source_hits_1; weak_xr_or_state_hits_2; validity_or_gating_hits_2; strong_pose_or_ray_construction_hits_2; telemetry_or_network_hits_2; source_validity_pose_sink_structure; strong_eye_source_validity_pose_sink_structure; functionality_eye_api_context_without_clear_sink_hits_1,base_scanner_score_158; module_bonus_validity_gate_8; module_bonus_pose_vector_10; module_bonus_telemetry_20; module_bonus_structure_combo_18; evidence_bonus_telemetry_or_network_hits_12; sensitive_sink_telemetry_bonus_15; keyword_support_eye_or_gaze_5_bonus_20; keyword_support_sdk_1_bonus_3; keyword_support_collection_or_telemetry_2_bonus_8,C:\realDesktop\manifest-evaluations\summer-26\ghidra-pipeline\il2cpp-files\SPEEDSHOOTINGVR\general-structure-results\90_plus_framework_support_only_near_certain\015d95a4_System.Array.InternalEnumerator_OVRPassthroughLayer.SerializedSurfaceGeometry_$$MoveNext.c,C:\realDesktop\manifest-evaluations\summer-26\ghidra-pipeline\il2cpp-files\SPEEDSHOOTINGVR\manual-review-pack\A_must_review\009_p272_System.Array.InternalEnumerator_OVRPassthroughLayer.SerializedSurfaceGeometry_$$MoveNext.c
10,272,A_must_review,System.Array.InternalEnumerator<OVRPassthroughLayer.SerializedSurfaceGeometry>$$.ctor,015d9580,158,90_plus_framework_support_only_near_certain,eye_source; weak_source_state; validity_gate; pose_vector; telemetry; structure_combo,strong_eye_source_hits_1; weak_xr_or_state_hits_2; validity_or_gating_hits_2; strong_pose_or_ray_construction_hits_2; telemetry_or_network_hits_2; source_validity_pose_sink_structure; strong_eye_source_validity_pose_sink_structure; functionality_eye_api_context_without_clear_sink_hits_1,base_scanner_score_158; module_bonus_validity_gate_8; module_bonus_pose_vector_10; module_bonus_telemetry_20; module_bonus_structure_combo_18; evidence_bonus_telemetry_or_network_hits_12; sensitive_sink_telemetry_bonus_15; keyword_support_eye_or_gaze_5_bonus_20; keyword_support_sdk_1_bonus_3; keyword_support_collection_or_telemetry_2_bonus_8,C:\realDesktop\manifest-evaluations\summer-26\ghidra-pipeline\il2cpp-files\SPEEDSHOOTINGVR\general-structure-results\90_plus_framework_support_only_near_certain\015d9580_System.Array.InternalEnumerator_OVRPassthroughLayer.SerializedSurfaceGeometry_$$.ctor.c,C:\realDesktop\manifest-evaluations\summer-26\ghidra-pipeline\il2cpp-files\SPEEDSHOOTINGVR\manual-review-pack\A_must_review\010_p272_System.Array.InternalEnumerator_OVRPassthroughLayer.SerializedSurfaceGeometry_$$.ctor.c
11,269,A_must_review,System.Array.InternalEnumerator<OVRPassthroughLayer.SerializedSurfaceGeometry>$$get_Current,015d95f4,155,90_plus_framework_support_only_near_certain,eye_source; weak_source_state; validity_gate; pose_vector; telemetry; structure_combo,strong_eye_source_hits_1; weak_xr_or_state_hits_2; validity_or_gating_hits_1; strong_pose_or_ray_construction_hits_2; telemetry_or_network_hits_2; source_validity_pose_sink_structure; strong_eye_source_validity_pose_sink_structure; functionality_eye_api_context_without_clear_sink_hits_1,base_scanner_score_155; module_bonus_validity_gate_8; module_bonus_pose_vector_10; module_bonus_telemetry_20; module_bonus_structure_combo_18; evidence_bonus_telemetry_or_network_hits_12; sensitive_sink_telemetry_bonus_15; keyword_support_eye_or_gaze_5_bonus_20; keyword_support_sdk_1_bonus_3; keyword_support_collection_or_telemetry_2_bonus_8,C:\realDesktop\manifest-evaluations\summer-26\ghidra-pipeline\il2cpp-files\SPEEDSHOOTINGVR\general-structure-results\90_plus_framework_support_only_near_certain\015d95f4_System.Array.InternalEnumerator_OVRPassthroughLayer.SerializedSurfaceGeometry_$$get_Current.c,C:\realDesktop\manifest-evaluations\summer-26\ghidra-pipeline\il2cpp-files\SPEEDSHOOTINGVR\manual-review-pack\A_must_review\011_p269_System.Array.InternalEnumerator_OVRPassthroughLayer.SerializedSurfaceGeometry_$$get_Current.c
12,269,A_must_review,System.Array.InternalEnumerator<OVRPassthroughLayer.SerializedSurfaceGeometry>$$System.Collections.IEnumerator.Reset,015d96cc,155,90_plus_framework_support_only_near_certain,eye_source; weak_source_state; validity_gate; pose_vector; telemetry; structure_combo,strong_eye_source_hits_1; weak_xr_or_state_hits_2; validity_or_gating_hits_1; strong_pose_or_ray_construction_hits_2; telemetry_or_network_hits_2; source_validity_pose_sink_structure; strong_eye_source_validity_pose_sink_structure; functionality_eye_api_context_without_clear_sink_hits_1,base_scanner_score_155; module_bonus_validity_gate_8; module_bonus_pose_vector_10; module_bonus_telemetry_20; module_bonus_structure_combo_18; evidence_bonus_telemetry_or_network_hits_12; sensitive_sink_telemetry_bonus_15; keyword_support_eye_or_gaze_5_bonus_20; keyword_support_sdk_1_bonus_3; keyword_support_collection_or_telemetry_2_bonus_8,C:\realDesktop\manifest-evaluations\summer-26\ghidra-pipeline\il2cpp-files\SPEEDSHOOTINGVR\general-structure-results\90_plus_framework_support_only_near_certain\015d96cc_System.Array.InternalEnumerator_OVRPassthroughLayer.SerializedSurfaceGeometry_$$System.Collections.IEnumerator.Reset.c,C:\realDesktop\manifest-evaluations\summer-26\ghidra-pipeline\il2cpp-files\SPEEDSHOOTINGVR\manual-review-pack\A_must_review\012_p269_System.Array.InternalEnumerator_OVRPassthroughLayer.SerializedSurfaceGeometry_$$System.Collections.IEnumerator.Reset.c
13,265,A_must_review,System.Array.InternalEnumerator<OVRTelemetryMarker>$$Dispose,015cd09c,143,90_plus_framework_support_only_near_certain,eye_source; weak_source_state; validity_gate; pose_vector; telemetry; structure_combo,strong_eye_source_hits_1; weak_xr_or_state_hits_2; validity_or_gating_hits_1; strong_pose_or_ray_construction_hits_4; telemetry_or_network_hits_2; source_validity_pose_sink_structure; strong_eye_source_validity_pose_sink_structure; negative_framework_support_context_without_confirmed_app_level_gaze_flow; functionality_data_collection_or_telemetry_hits_2,base_scanner_score_143; module_bonus_validity_gate_8; module_bonus_pose_vector_10; module_bonus_telemetry_20; module_bonus_structure_combo_18; evidence_bonus_telemetry_or_network_hits_12; sensitive_sink_telemetry_bonus_15; keyword_support_eye_or_gaze_5_bonus_20; keyword_support_sdk_1_bonus_3; keyword_support_collection_or_telemetry_4_bonus_16,C:\realDesktop\manifest-evaluations\summer-26\ghidra-pipeline\il2cpp-files\SPEEDSHOOTINGVR\general-structure-results\90_plus_framework_support_only_near_certain\015cd09c_System.Array.InternalEnumerator_OVRTelemetryMarker_$$Dispose.c,C:\realDesktop\manifest-evaluations\summer-26\ghidra-pipeline\il2cpp-files\SPEEDSHOOTINGVR\manual-review-pack\A_must_review\013_p265_System.Array.InternalEnumerator_OVRTelemetryMarker_$$Dispose.c
14,265,A_must_review,"System.Array.InternalEnumerator<Dictionary.Entry<OVRAnchor.Telemetry.Key,-OVRTelemetryMarker>>$$MoveNext",015a9710,143,90_plus_framework_support_only_near_certain,eye_source; weak_source_state; validity_gate; pose_vector; telemetry; structure_combo,strong_eye_source_hits_1; weak_xr_or_state_hits_2; validity_or_gating_hits_2; strong_pose_or_ray_construction_hits_2; telemetry_or_network_hits_4; source_validity_pose_sink_structure; strong_eye_source_validity_pose_sink_structure; negative_framework_support_context_without_confirmed_app_level_gaze_flow; functionality_data_collection_or_telemetry_hits_4,base_scanner_score_143; module_bonus_validity_gate_8; module_bonus_pose_vector_10; module_bonus_telemetry_20; module_bonus_structure_combo_18; evidence_bonus_telemetry_or_network_hits_12; sensitive_sink_telemetry_bonus_15; keyword_support_eye_or_gaze_5_bonus_20; keyword_support_sdk_1_bonus_3; keyword_support_collection_or_telemetry_4_bonus_16,C:\realDesktop\manifest-evaluations\summer-26\ghidra-pipeline\il2cpp-files\SPEEDSHOOTINGVR\general-structure-results\90_plus_framework_support_only_near_certain\015a9710_System.Array.InternalEnumerator_Dictionary.Entry_OVRAnchor.Telemetry.Key_-OVRTelemetryMarker_$$MoveNext.c,C:\realDesktop\manifest-evaluations\summer-26\ghidra-pipeline\il2cpp-files\SPEEDSHOOTINGVR\manual-review-pack\A_must_review\014_p265_System.Array.InternalEnumerator_Dictionary.Entry_OVRAnchor.Telemetry.Key_-OVRTelemetryMarker_$$MoveNext.c
15,257,A_must_review,System.Array.InternalEnumerator<OVRTelemetryMarker>$$get_Current,015cd0f0,135,90_plus_framework_support_only_near_certain,eye_source; weak_source_state; validity_gate; pose_vector; telemetry; structure_combo,strong_eye_source_hits_1; weak_xr_or_state_hits_2; validity_or_gating_hits_1; strong_pose_or_ray_construction_hits_2; telemetry_or_network_hits_2; source_validity_pose_sink_structure; strong_eye_source_validity_pose_sink_structure; negative_framework_support_context_without_confirmed_app_level_gaze_flow; functionality_data_collection_or_telemetry_hits_2,base_scanner_score_135; module_bonus_validity_gate_8; module_bonus_pose_vector_10; module_bonus_telemetry_20; module_bonus_structure_combo_18; evidence_bonus_telemetry_or_network_hits_12; sensitive_sink_telemetry_bonus_15; keyword_support_eye_or_gaze_5_bonus_20; keyword_support_sdk_1_bonus_3; keyword_support_collection_or_telemetry_4_bonus_16,C:\realDesktop\manifest-evaluations\summer-26\ghidra-pipeline\il2cpp-files\SPEEDSHOOTINGVR\general-structure-results\90_plus_framework_support_only_near_certain\015cd0f0_System.Array.InternalEnumerator_OVRTelemetryMarker_$$get_Current.c,C:\realDesktop\manifest-evaluations\summer-26\ghidra-pipeline\il2cpp-files\SPEEDSHOOTINGVR\manual-review-pack\A_must_review\015_p257_System.Array.InternalEnumerator_OVRTelemetryMarker_$$get_Current.c
16,257,A_must_review,System.Array.InternalEnumerator<OVRTelemetryMarker>$$System.Collections.IEnumerator.get_Current,015cd1fc,135,90_plus_framework_support_only_near_certain,eye_source; weak_source_state; validity_gate; pose_vector; telemetry; structure_combo,strong_eye_source_hits_1; weak_xr_or_state_hits_2; validity_or_gating_hits_1; strong_pose_or_ray_construction_hits_2; telemetry_or_network_hits_2; source_validity_pose_sink_structure; strong_eye_source_validity_pose_sink_structure; negative_framework_support_context_without_confirmed_app_level_gaze_flow; functionality_data_collection_or_telemetry_hits_2,base_scanner_score_135; module_bonus_validity_gate_8; module_bonus_pose_vector_10; module_bonus_telemetry_20; module_bonus_structure_combo_18; evidence_bonus_telemetry_or_network_hits_12; sensitive_sink_telemetry_bonus_15; keyword_support_eye_or_gaze_5_bonus_20; keyword_support_sdk_1_bonus_3; keyword_support_collection_or_telemetry_4_bonus_16,C:\realDesktop\manifest-evaluations\summer-26\ghidra-pipeline\il2cpp-files\SPEEDSHOOTINGVR\general-structure-results\90_plus_framework_support_only_near_certain\015cd1fc_System.Array.InternalEnumerator_OVRTelemetryMarker_$$System.Collections.IEnumerator.get_Current.c,C:\realDesktop\manifest-evaluations\summer-26\ghidra-pipeline\il2cpp-files\SPEEDSHOOTINGVR\manual-review-pack\A_must_review\016_p257_System.Array.InternalEnumerator_OVRTelemetryMarker_$$System.Collections.IEnumerator.get_Current.c
17,257,A_must_review,System.Array.InternalEnumerator<OVRTelemetryMarker>$$System.Collections.IEnumerator.Reset,015cd1f0,135,90_plus_framework_support_only_near_certain,eye_source; weak_source_state; validity_gate; pose_vector; telemetry; structure_combo,strong_eye_source_hits_1; weak_xr_or_state_hits_2; validity_or_gating_hits_1; strong_pose_or_ray_construction_hits_2; telemetry_or_network_hits_2; source_validity_pose_sink_structure; strong_eye_source_validity_pose_sink_structure; negative_framework_support_context_without_confirmed_app_level_gaze_flow; functionality_data_collection_or_telemetry_hits_2,base_scanner_score_135; module_bonus_validity_gate_8; module_bonus_pose_vector_10; module_bonus_telemetry_20; module_bonus_structure_combo_18; evidence_bonus_telemetry_or_network_hits_12; sensitive_sink_telemetry_bonus_15; keyword_support_eye_or_gaze_5_bonus_20; keyword_support_sdk_1_bonus_3; keyword_support_collection_or_telemetry_4_bonus_16,C:\realDesktop\manifest-evaluations\summer-26\ghidra-pipeline\il2cpp-files\SPEEDSHOOTINGVR\general-structure-results\90_plus_framework_support_only_near_certain\015cd1f0_System.Array.InternalEnumerator_OVRTelemetryMarker_$$System.Collections.IEnumerator.Reset.c,C:\realDesktop\manifest-evaluations\summer-26\ghidra-pipeline\il2cpp-files\SPEEDSHOOTINGVR\manual-review-pack\A_must_review\017_p257_System.Array.InternalEnumerator_OVRTelemetryMarker_$$System.Collections.IEnumerator.Reset.c
18,257,A_must_review,System.Array.InternalEnumerator<OVRTelemetryMarker>$$MoveNext,015cd0a0,135,90_plus_framework_support_only_near_certain,eye_source; weak_source_state; validity_gate; pose_vector; telemetry; structure_combo,strong_eye_source_hits_1; weak_xr_or_state_hits_2; validity_or_gating_hits_1; strong_pose_or_ray_construction_hits_2; telemetry_or_network_hits_2; source_validity_pose_sink_structure; strong_eye_source_validity_pose_sink_structure; negative_framework_support_context_without_confirmed_app_level_gaze_flow; functionality_data_collection_or_telemetry_hits_2,base_scanner_score_135; module_bonus_validity_gate_8; module_bonus_pose_vector_10; module_bonus_telemetry_20; module_bonus_structure_combo_18; evidence_bonus_telemetry_or_network_hits_12; sensitive_sink_telemetry_bonus_15; keyword_support_eye_or_gaze_5_bonus_20; keyword_support_sdk_1_bonus_3; keyword_support_collection_or_telemetry_4_bonus_16,C:\realDesktop\manifest-evaluations\summer-26\ghidra-pipeline\il2cpp-files\SPEEDSHOOTINGVR\general-structure-results\90_plus_framework_support_only_near_certain\015cd0a0_System.Array.InternalEnumerator_OVRTelemetryMarker_$$MoveNext.c,C:\realDesktop\manifest-evaluations\summer-26\ghidra-pipeline\il2cpp-files\SPEEDSHOOTINGVR\manual-review-pack\A_must_review\018_p257_System.Array.InternalEnumerator_OVRTelemetryMarker_$$MoveNext.c
19,257,A_must_review,System.Array.InternalEnumerator<OVRTelemetryMarker>$$.ctor,015cd07c,135,90_plus_framework_support_only_near_certain,eye_source; weak_source_state; validity_gate; pose_vector; telemetry; structure_combo,strong_eye_source_hits_1; weak_xr_or_state_hits_2; validity_or_gating_hits_1; strong_pose_or_ray_construction_hits_2; telemetry_or_network_hits_2; source_validity_pose_sink_structure; strong_eye_source_validity_pose_sink_structure; negative_framework_support_context_without_confirmed_app_level_gaze_flow; functionality_data_collection_or_telemetry_hits_2,base_scanner_score_135; module_bonus_validity_gate_8; module_bonus_pose_vector_10; module_bonus_telemetry_20; module_bonus_structure_combo_18; evidence_bonus_telemetry_or_network_hits_12; sensitive_sink_telemetry_bonus_15; keyword_support_eye_or_gaze_5_bonus_20; keyword_support_sdk_1_bonus_3; keyword_support_collection_or_telemetry_4_bonus_16,C:\realDesktop\manifest-evaluations\summer-26\ghidra-pipeline\il2cpp-files\SPEEDSHOOTINGVR\general-structure-results\90_plus_framework_support_only_near_certain\015cd07c_System.Array.InternalEnumerator_OVRTelemetryMarker_$$.ctor.c,C:\realDesktop\manifest-evaluations\summer-26\ghidra-pipeline\il2cpp-files\SPEEDSHOOTINGVR\manual-review-pack\A_must_review\019_p257_System.Array.InternalEnumerator_OVRTelemetryMarker_$$.ctor.c
20,232,A_must_review,OVRPlugin.UnityOpenXR$$OnSessionStateChange,01dadaec,121,90_plus_uncertain_gaze_or_xr_structure_near_certain,eye_source; weak_source_state; validity_gate; paired_state_refs; telemetry,strong_eye_source_hits_2; weak_xr_or_state_hits_4; validity_or_gating_hits_11; paired_field_refs_with_eye_source; telemetry_or_network_hits_2; functionality_data_collection_or_telemetry_hits_2,base_scanner_score_121; module_bonus_validity_gate_8; module_bonus_paired_state_refs_8; module_bonus_telemetry_20; evidence_bonus_telemetry_or_network_hits_12; sensitive_sink_telemetry_bonus_15; keyword_support_eye_or_gaze_5_bonus_20; keyword_support_sdk_4_bonus_12; keyword_support_collection_or_telemetry_4_bonus_16,C:\realDesktop\manifest-evaluations\summer-26\ghidra-pipeline\il2cpp-files\SPEEDSHOOTINGVR\general-structure-results\90_plus_uncertain_gaze_or_xr_structure_near_certain\01dadaec_OVRPlugin.UnityOpenXR$$OnSessionStateChange.c,C:\realDesktop\manifest-evaluations\summer-26\ghidra-pipeline\il2cpp-files\SPEEDSHOOTINGVR\manual-review-pack\A_must_review\020_p232_OVRPlugin.UnityOpenXR$$OnSessionStateChange.c
21,232,A_must_review,OVRPlugin.UnityOpenXR$$OnSessionEnd,01dadc88,121,90_plus_uncertain_gaze_or_xr_structure_near_certain,eye_source; weak_source_state; validity_gate; paired_state_refs; telemetry,strong_eye_source_hits_2; weak_xr_or_state_hits_4; validity_or_gating_hits_5; paired_field_refs_with_eye_source; telemetry_or_network_hits_2; functionality_data_collection_or_telemetry_hits_2,base_scanner_score_121; module_bonus_validity_gate_8; module_bonus_paired_state_refs_8; module_bonus_telemetry_20; evidence_bonus_telemetry_or_network_hits_12; sensitive_sink_telemetry_bonus_15; keyword_support_eye_or_gaze_5_bonus_20; keyword_support_sdk_4_bonus_12; keyword_support_collection_or_telemetry_4_bonus_16,C:\realDesktop\manifest-evaluations\summer-26\ghidra-pipeline\il2cpp-files\SPEEDSHOOTINGVR\general-structure-results\90_plus_uncertain_gaze_or_xr_structure_near_certain\01dadc88_OVRPlugin.UnityOpenXR$$OnSessionEnd.c,C:\realDesktop\manifest-evaluations\summer-26\ghidra-pipeline\il2cpp-files\SPEEDSHOOTINGVR\manual-review-pack\A_must_review\021_p232_OVRPlugin.UnityOpenXR$$OnSessionEnd.c
22,232,A_must_review,OVRPlugin.UnityOpenXR$$OnSessionDestroy,01dade10,121,90_plus_uncertain_gaze_or_xr_structure_near_certain,eye_source; weak_source_state; validity_gate; paired_state_refs; telemetry,strong_eye_source_hits_2; weak_xr_or_state_hits_4; validity_or_gating_hits_6; paired_field_refs_with_eye_source; telemetry_or_network_hits_2; functionality_data_collection_or_telemetry_hits_2,base_scanner_score_121; module_bonus_validity_gate_8; module_bonus_paired_state_refs_8; module_bonus_telemetry_20; evidence_bonus_telemetry_or_network_hits_12; sensitive_sink_telemetry_bonus_15; keyword_support_eye_or_gaze_5_bonus_20; keyword_support_sdk_4_bonus_12; keyword_support_collection_or_telemetry_4_bonus_16,C:\realDesktop\manifest-evaluations\summer-26\ghidra-pipeline\il2cpp-files\SPEEDSHOOTINGVR\general-structure-results\90_plus_uncertain_gaze_or_xr_structure_near_certain\01dade10_OVRPlugin.UnityOpenXR$$OnSessionDestroy.c,C:\realDesktop\manifest-evaluations\summer-26\ghidra-pipeline\il2cpp-files\SPEEDSHOOTINGVR\manual-review-pack\A_must_review\022_p232_OVRPlugin.UnityOpenXR$$OnSessionDestroy.c
23,232,A_must_review,OVRPlugin.UnityOpenXR$$OnSessionBegin,01dadbc4,121,90_plus_uncertain_gaze_or_xr_structure_near_certain,eye_source; weak_source_state; validity_gate; paired_state_refs; telemetry,strong_eye_source_hits_2; weak_xr_or_state_hits_4; validity_or_gating_hits_8; paired_field_refs_with_eye_source; telemetry_or_network_hits_2; functionality_data_collection_or_telemetry_hits_2,base_scanner_score_121; module_bonus_validity_gate_8; module_bonus_paired_state_refs_8; module_bonus_telemetry_20; evidence_bonus_telemetry_or_network_hits_12; sensitive_sink_telemetry_bonus_15; keyword_support_eye_or_gaze_5_bonus_20; keyword_support_sdk_4_bonus_12; keyword_support_collection_or_telemetry_4_bonus_16,C:\realDesktop\manifest-evaluations\summer-26\ghidra-pipeline\il2cpp-files\SPEEDSHOOTINGVR\general-structure-results\90_plus_uncertain_gaze_or_xr_structure_near_certain\01dadbc4_OVRPlugin.UnityOpenXR$$OnSessionBegin.c,C:\realDesktop\manifest-evaluations\summer-26\ghidra-pipeline\il2cpp-files\SPEEDSHOOTINGVR\manual-review-pack\A_must_review\023_p232_OVRPlugin.UnityOpenXR$$OnSessionBegin.c
24,224,A_must_review,OVRPlugin.OVRP_1_71_0$$ovrp_UnityOpenXR_OnSessionEnd,01db9a9c,121,90_plus_uncertain_gaze_or_xr_structure_near_certain,eye_source; weak_source_state; validity_gate; telemetry,strong_eye_source_hits_4; weak_xr_or_state_hits_10; validity_or_gating_hits_10; telemetry_or_network_hits_2; functionality_data_collection_or_telemetry_hits_2,base_scanner_score_121; module_bonus_validity_gate_8; module_bonus_telemetry_20; evidence_bonus_telemetry_or_network_hits_12; sensitive_sink_telemetry_bonus_15; keyword_support_eye_or_gaze_5_bonus_20; keyword_support_sdk_4_bonus_12; keyword_support_collection_or_telemetry_4_bonus_16,C:\realDesktop\manifest-evaluations\summer-26\ghidra-pipeline\il2cpp-files\SPEEDSHOOTINGVR\general-structure-results\90_plus_uncertain_gaze_or_xr_structure_near_certain\01db9a9c_OVRPlugin.OVRP_1_71_0$$ovrp_UnityOpenXR_OnSessionEnd.c,C:\realDesktop\manifest-evaluations\summer-26\ghidra-pipeline\il2cpp-files\SPEEDSHOOTINGVR\manual-review-pack\A_must_review\024_p224_OVRPlugin.OVRP_1_71_0$$ovrp_UnityOpenXR_OnSessionEnd.c
25,224,A_must_review,OVRPlugin.OVRP_1_71_0$$ovrp_UnityOpenXR_OnSessionBegin,01db9a20,121,90_plus_uncertain_gaze_or_xr_structure_near_certain,eye_source; weak_source_state; validity_gate; telemetry,strong_eye_source_hits_4; weak_xr_or_state_hits_10; validity_or_gating_hits_10; telemetry_or_network_hits_2; functionality_data_collection_or_telemetry_hits_2,base_scanner_score_121; module_bonus_validity_gate_8; module_bonus_telemetry_20; evidence_bonus_telemetry_or_network_hits_12; sensitive_sink_telemetry_bonus_15; keyword_support_eye_or_gaze_5_bonus_20; keyword_support_sdk_4_bonus_12; keyword_support_collection_or_telemetry_4_bonus_16,C:\realDesktop\manifest-evaluations\summer-26\ghidra-pipeline\il2cpp-files\SPEEDSHOOTINGVR\general-structure-results\90_plus_uncertain_gaze_or_xr_structure_near_certain\01db9a20_OVRPlugin.OVRP_1_71_0$$ovrp_UnityOpenXR_OnSessionBegin.c,C:\realDesktop\manifest-evaluations\summer-26\ghidra-pipeline\il2cpp-files\SPEEDSHOOTINGVR\manual-review-pack\A_must_review\025_p224_OVRPlugin.OVRP_1_71_0$$ovrp_UnityOpenXR_OnSessionBegin.c
26,224,A_must_review,OVRPlugin$$SendEvent,01d84d8c,119,90_plus_uncertain_gaze_or_xr_structure_near_certain,eye_source; weak_source_state; validity_gate; paired_state_refs; telemetry,strong_eye_source_hits_2; weak_xr_or_state_hits_2; validity_or_gating_hits_14; paired_field_refs_with_eye_source; telemetry_or_network_hits_2; functionality_data_collection_or_telemetry_hits_2,base_scanner_score_119; module_bonus_validity_gate_8; module_bonus_paired_state_refs_8; module_bonus_telemetry_20; evidence_bonus_telemetry_or_network_hits_12; sensitive_sink_telemetry_bonus_15; keyword_support_eye_or_gaze_5_bonus_20; keyword_support_sdk_2_bonus_6; keyword_support_collection_or_telemetry_4_bonus_16,C:\realDesktop\manifest-evaluations\summer-26\ghidra-pipeline\il2cpp-files\SPEEDSHOOTINGVR\general-structure-results\90_plus_uncertain_gaze_or_xr_structure_near_certain\01d84d8c_OVRPlugin$$SendEvent.c,C:\realDesktop\manifest-evaluations\summer-26\ghidra-pipeline\il2cpp-files\SPEEDSHOOTINGVR\manual-review-pack\A_must_review\026_p224_OVRPlugin$$SendEvent.c
27,218,A_must_review,OVRPlugin.OVRP_1_71_0$$ovrp_UnityOpenXR_OnSessionExiting,01db9b18,115,90_plus_uncertain_gaze_or_xr_structure_near_certain,eye_source; weak_source_state; validity_gate; telemetry,strong_eye_source_hits_3; weak_xr_or_state_hits_7; validity_or_gating_hits_9; telemetry_or_network_hits_2; functionality_data_collection_or_telemetry_hits_2,base_scanner_score_115; module_bonus_validity_gate_8; module_bonus_telemetry_20; evidence_bonus_telemetry_or_network_hits_12; sensitive_sink_telemetry_bonus_15; keyword_support_eye_or_gaze_5_bonus_20; keyword_support_sdk_4_bonus_12; keyword_support_collection_or_telemetry_4_bonus_16,C:\realDesktop\manifest-evaluations\summer-26\ghidra-pipeline\il2cpp-files\SPEEDSHOOTINGVR\general-structure-results\90_plus_uncertain_gaze_or_xr_structure_near_certain\01db9b18_OVRPlugin.OVRP_1_71_0$$ovrp_UnityOpenXR_OnSessionExiting.c,C:\realDesktop\manifest-evaluations\summer-26\ghidra-pipeline\il2cpp-files\SPEEDSHOOTINGVR\manual-review-pack\A_must_review\027_p218_OVRPlugin.OVRP_1_71_0$$ovrp_UnityOpenXR_OnSessionExiting.c
28,215,A_must_review,OVRPlugin$$StartColocationSessionDiscovery,01d95118,113,90_plus_uncertain_gaze_or_xr_structure_near_certain,eye_source; weak_source_state; validity_gate; telemetry; frame_behavior,strong_eye_source_hits_2; weak_xr_or_state_hits_2; validity_or_gating_hits_4; telemetry_or_network_hits_2; frame_or_lifecycle_behavior; functionality_data_collection_or_telemetry_hits_2,base_scanner_score_113; module_bonus_validity_gate_8; module_bonus_telemetry_20; module_bonus_frame_behavior_5; evidence_bonus_telemetry_or_network_hits_12; sensitive_sink_telemetry_bonus_15; keyword_support_eye_or_gaze_5_bonus_20; keyword_support_sdk_2_bonus_6; keyword_support_collection_or_telemetry_4_bonus_16,C:\realDesktop\manifest-evaluations\summer-26\ghidra-pipeline\il2cpp-files\SPEEDSHOOTINGVR\general-structure-results\90_plus_uncertain_gaze_or_xr_structure_near_certain\01d95118_OVRPlugin$$StartColocationSessionDiscovery.c,C:\realDesktop\manifest-evaluations\summer-26\ghidra-pipeline\il2cpp-files\SPEEDSHOOTINGVR\manual-review-pack\A_must_review\028_p215_OVRPlugin$$StartColocationSessionDiscovery.c
29,213,A_must_review,OVRPlugin.OVRP_1_78_0$$ovrp_GetFoveationEyeTrackedSupported,01dbb114,147,90_plus_attempted_dynamic_eye_tracked_foveation_near_certain,eye_source; weak_source_state; validity_gate; foveation_rendering; attempted_use; dynamic_foveation_possible,strong_eye_source_hits_6; weak_xr_or_state_hits_4; validity_or_gating_hits_2; strong_foveation_hits_2; attempted_eye_tracking_permission_or_feature_enable; attempted_eye_tracking_with_foveated_rendering_path; functionality_foveated_rendering,base_scanner_score_147; module_bonus_validity_gate_8; module_bonus_foveation_rendering_20; sensitive_sink_foveation_bonus_12; keyword_support_eye_or_gaze_5_bonus_20; keyword_support_sdk_2_bonus_6,C:\realDesktop\manifest-evaluations\summer-26\ghidra-pipeline\il2cpp-files\SPEEDSHOOTINGVR\general-structure-results\90_plus_attempted_dynamic_eye_tracked_foveation_near_certain\01dbb114_OVRPlugin.OVRP_1_78_0$$ovrp_GetFoveationEyeTrackedSupported.c,C:\realDesktop\manifest-evaluations\summer-26\ghidra-pipeline\il2cpp-files\SPEEDSHOOTINGVR\manual-review-pack\A_must_review\029_p213_OVRPlugin.OVRP_1_78_0$$ovrp_GetFoveationEyeTrackedSupported.c
30,210,A_must_review,OVRManager$$set_eyeTrackedFoveatedRenderingEnabled,01d68d8c,144,90_plus_attempted_dynamic_eye_tracked_foveation_near_certain,eye_source; weak_source_state; validity_gate; foveation_rendering; attempted_use; dynamic_foveation_possible,strong_eye_source_hits_6; weak_xr_or_state_hits_4; validity_or_gating_hits_1; strong_foveation_hits_2; attempted_eye_tracking_permission_or_feature_enable; attempted_eye_tracking_with_foveated_rendering_path; functionality_foveated_rendering,base_scanner_score_144; module_bonus_validity_gate_8; module_bonus_foveation_rendering_20; sensitive_sink_foveation_bonus_12; keyword_support_eye_or_gaze_5_bonus_20; keyword_support_sdk_2_bonus_6,C:\realDesktop\manifest-evaluations\summer-26\ghidra-pipeline\il2cpp-files\SPEEDSHOOTINGVR\general-structure-results\90_plus_attempted_dynamic_eye_tracked_foveation_near_certain\01d68d8c_OVRManager$$set_eyeTrackedFoveatedRenderingEnabled.c,C:\realDesktop\manifest-evaluations\summer-26\ghidra-pipeline\il2cpp-files\SPEEDSHOOTINGVR\manual-review-pack\A_must_review\030_p210_OVRManager$$set_eyeTrackedFoveatedRenderingEnabled.c
31,210,A_must_review,OVRManager$$get_eyeTrackedFoveatedRenderingSupported,01d68c54,144,90_plus_attempted_dynamic_eye_tracked_foveation_near_certain,eye_source; weak_source_state; validity_gate; foveation_rendering; attempted_use; dynamic_foveation_possible,strong_eye_source_hits_6; weak_xr_or_state_hits_4; validity_or_gating_hits_1; strong_foveation_hits_2; attempted_eye_tracking_permission_or_feature_enable; attempted_eye_tracking_with_foveated_rendering_path; functionality_foveated_rendering,base_scanner_score_144; module_bonus_validity_gate_8; module_bonus_foveation_rendering_20; sensitive_sink_foveation_bonus_12; keyword_support_eye_or_gaze_5_bonus_20; keyword_support_sdk_2_bonus_6,C:\realDesktop\manifest-evaluations\summer-26\ghidra-pipeline\il2cpp-files\SPEEDSHOOTINGVR\general-structure-results\90_plus_attempted_dynamic_eye_tracked_foveation_near_certain\01d68c54_OVRManager$$get_eyeTrackedFoveatedRenderingSupported.c,C:\realDesktop\manifest-evaluations\summer-26\ghidra-pipeline\il2cpp-files\SPEEDSHOOTINGVR\manual-review-pack\A_must_review\031_p210_OVRManager$$get_eyeTrackedFoveatedRenderingSupported.c
32,210,A_must_review,OVRManager$$get_eyeTrackedFoveatedRenderingEnabled,01d68cf0,144,90_plus_attempted_dynamic_eye_tracked_foveation_near_certain,eye_source; weak_source_state; validity_gate; foveation_rendering; attempted_use; dynamic_foveation_possible,strong_eye_source_hits_6; weak_xr_or_state_hits_6; validity_or_gating_hits_1; strong_foveation_hits_2; attempted_eye_tracking_permission_or_feature_enable; attempted_eye_tracking_with_foveated_rendering_path; functionality_foveated_rendering,base_scanner_score_144; module_bonus_validity_gate_8; module_bonus_foveation_rendering_20; sensitive_sink_foveation_bonus_12; keyword_support_eye_or_gaze_5_bonus_20; keyword_support_sdk_2_bonus_6,C:\realDesktop\manifest-evaluations\summer-26\ghidra-pipeline\il2cpp-files\SPEEDSHOOTINGVR\general-structure-results\90_plus_attempted_dynamic_eye_tracked_foveation_near_certain\01d68cf0_OVRManager$$get_eyeTrackedFoveatedRenderingEnabled.c,C:\realDesktop\manifest-evaluations\summer-26\ghidra-pipeline\il2cpp-files\SPEEDSHOOTINGVR\manual-review-pack\A_must_review\032_p210_OVRManager$$get_eyeTrackedFoveatedRenderingEnabled.c
33,210,A_must_review,OVRManager$$SetEyeTrackedFoveatedRenderingEnabled,01d68f44,144,90_plus_attempted_dynamic_eye_tracked_foveation_near_certain,eye_source; weak_source_state; validity_gate; foveation_rendering; attempted_use; dynamic_foveation_possible,strong_eye_source_hits_6; weak_xr_or_state_hits_4; validity_or_gating_hits_1; strong_foveation_hits_2; attempted_eye_tracking_permission_or_feature_enable; attempted_eye_tracking_with_foveated_rendering_path; functionality_foveated_rendering,base_scanner_score_144; module_bonus_validity_gate_8; module_bonus_foveation_rendering_20; sensitive_sink_foveation_bonus_12; keyword_support_eye_or_gaze_5_bonus_20; keyword_support_sdk_2_bonus_6,C:\realDesktop\manifest-evaluations\summer-26\ghidra-pipeline\il2cpp-files\SPEEDSHOOTINGVR\general-structure-results\90_plus_attempted_dynamic_eye_tracked_foveation_near_certain\01d68f44_OVRManager$$SetEyeTrackedFoveatedRenderingEnabled.c,C:\realDesktop\manifest-evaluations\summer-26\ghidra-pipeline\il2cpp-files\SPEEDSHOOTINGVR\manual-review-pack\A_must_review\033_p210_OVRManager$$SetEyeTrackedFoveatedRenderingEnabled.c
34,210,A_must_review,OVRManager$$GetEyeTrackedFoveatedRenderingSupported,01d68ca0,144,90_plus_attempted_dynamic_eye_tracked_foveation_near_certain,eye_source; weak_source_state; validity_gate; foveation_rendering; attempted_use; dynamic_foveation_possible,strong_eye_source_hits_6; weak_xr_or_state_hits_4; validity_or_gating_hits_1; strong_foveation_hits_2; attempted_eye_tracking_permission_or_feature_enable; attempted_eye_tracking_with_foveated_rendering_path; functionality_foveated_rendering,base_scanner_score_144; module_bonus_validity_gate_8; module_bonus_foveation_rendering_20; sensitive_sink_foveation_bonus_12; keyword_support_eye_or_gaze_5_bonus_20; keyword_support_sdk_2_bonus_6,C:\realDesktop\manifest-evaluations\summer-26\ghidra-pipeline\il2cpp-files\SPEEDSHOOTINGVR\general-structure-results\90_plus_attempted_dynamic_eye_tracked_foveation_near_certain\01d68ca0_OVRManager$$GetEyeTrackedFoveatedRenderingSupported.c,C:\realDesktop\manifest-evaluations\summer-26\ghidra-pipeline\il2cpp-files\SPEEDSHOOTINGVR\manual-review-pack\A_must_review\034_p210_OVRManager$$GetEyeTrackedFoveatedRenderingSupported.c
35,210,A_must_review,OVRManager$$GetEyeTrackedFoveatedRenderingEnabled,01d68d3c,144,90_plus_attempted_dynamic_eye_tracked_foveation_near_certain,eye_source; weak_source_state; validity_gate; foveation_rendering; attempted_use; dynamic_foveation_possible,strong_eye_source_hits_6; weak_xr_or_state_hits_6; validity_or_gating_hits_1; strong_foveation_hits_2; attempted_eye_tracking_permission_or_feature_enable; attempted_eye_tracking_with_foveated_rendering_path; functionality_foveated_rendering,base_scanner_score_144; module_bonus_validity_gate_8; module_bonus_foveation_rendering_20; sensitive_sink_foveation_bonus_12; keyword_support_eye_or_gaze_5_bonus_20; keyword_support_sdk_2_bonus_6,C:\realDesktop\manifest-evaluations\summer-26\ghidra-pipeline\il2cpp-files\SPEEDSHOOTINGVR\general-structure-results\90_plus_attempted_dynamic_eye_tracked_foveation_near_certain\01d68d3c_OVRManager$$GetEyeTrackedFoveatedRenderingEnabled.c,C:\realDesktop\manifest-evaluations\summer-26\ghidra-pipeline\il2cpp-files\SPEEDSHOOTINGVR\manual-review-pack\A_must_review\035_p210_OVRManager$$GetEyeTrackedFoveatedRenderingEnabled.c
36,209,A_must_review,OVRPlugin.UnityOpenXR$$OnSessionExiting,01dadd4c,106,90_plus_uncertain_gaze_or_xr_structure_near_certain,eye_source; weak_source_state; validity_gate; telemetry,strong_eye_source_hits_2; weak_xr_or_state_hits_4; validity_or_gating_hits_3; telemetry_or_network_hits_2; functionality_data_collection_or_telemetry_hits_2,base_scanner_score_106; module_bonus_validity_gate_8; module_bonus_telemetry_20; evidence_bonus_telemetry_or_network_hits_12; sensitive_sink_telemetry_bonus_15; keyword_support_eye_or_gaze_5_bonus_20; keyword_support_sdk_4_bonus_12; keyword_support_collection_or_telemetry_4_bonus_16,C:\realDesktop\manifest-evaluations\summer-26\ghidra-pipeline\il2cpp-files\SPEEDSHOOTINGVR\general-structure-results\90_plus_uncertain_gaze_or_xr_structure_near_certain\01dadd4c_OVRPlugin.UnityOpenXR$$OnSessionExiting.c,C:\realDesktop\manifest-evaluations\summer-26\ghidra-pipeline\il2cpp-files\SPEEDSHOOTINGVR\manual-review-pack\A_must_review\036_p209_OVRPlugin.UnityOpenXR$$OnSessionExiting.c
37,209,A_must_review,OVRPlugin.UnityOpenXR$$OnSessionCreate,01dad7c4,106,90_plus_uncertain_gaze_or_xr_structure_near_certain,eye_source; weak_source_state; validity_gate; telemetry,strong_eye_source_hits_2; weak_xr_or_state_hits_4; validity_or_gating_hits_3; telemetry_or_network_hits_2; functionality_data_collection_or_telemetry_hits_2,base_scanner_score_106; module_bonus_validity_gate_8; module_bonus_telemetry_20; evidence_bonus_telemetry_or_network_hits_12; sensitive_sink_telemetry_bonus_15; keyword_support_eye_or_gaze_5_bonus_20; keyword_support_sdk_4_bonus_12; keyword_support_collection_or_telemetry_4_bonus_16,C:\realDesktop\manifest-evaluations\summer-26\ghidra-pipeline\il2cpp-files\SPEEDSHOOTINGVR\general-structure-results\90_plus_uncertain_gaze_or_xr_structure_near_certain\01dad7c4_OVRPlugin.UnityOpenXR$$OnSessionCreate.c,C:\realDesktop\manifest-evaluations\summer-26\ghidra-pipeline\il2cpp-files\SPEEDSHOOTINGVR\manual-review-pack\A_must_review\037_p209_OVRPlugin.UnityOpenXR$$OnSessionCreate.c
38,208,A_must_review,OVRPlugin.OVRP_1_78_0$$ovrp_SetFoveationEyeTracked,01dbb20c,142,90_plus_attempted_dynamic_eye_tracked_foveation_near_certain,eye_source; weak_source_state; validity_gate; foveation_rendering; attempted_use; dynamic_foveation_possible,strong_eye_source_hits_6; weak_xr_or_state_hits_2; validity_or_gating_hits_1; strong_foveation_hits_2; attempted_eye_tracking_permission_or_feature_enable; attempted_eye_tracking_with_foveated_rendering_path; functionality_foveated_rendering,base_scanner_score_142; module_bonus_validity_gate_8; module_bonus_foveation_rendering_20; sensitive_sink_foveation_bonus_12; keyword_support_eye_or_gaze_5_bonus_20; keyword_support_sdk_2_bonus_6,C:\realDesktop\manifest-evaluations\summer-26\ghidra-pipeline\il2cpp-files\SPEEDSHOOTINGVR\general-structure-results\90_plus_attempted_dynamic_eye_tracked_foveation_near_certain\01dbb20c_OVRPlugin.OVRP_1_78_0$$ovrp_SetFoveationEyeTracked.c,C:\realDesktop\manifest-evaluations\summer-26\ghidra-pipeline\il2cpp-files\SPEEDSHOOTINGVR\manual-review-pack\A_must_review\038_p208_OVRPlugin.OVRP_1_78_0$$ovrp_SetFoveationEyeTracked.c
39,208,A_must_review,OVRFaceExpressions$$GetRequestedFaceTrackingDataSources,01d1bdd8,89,70_high_confirmed_eye_data_collection_high,weak_source_state; validity_gate; pose_vector; telemetry; structure_combo; active_gaze_retrieval; active_gaze_collection; possible_biometrics,weak_xr_or_state_hits_2; validity_or_gating_hits_21; strong_pose_or_ray_construction_hits_1; telemetry_or_network_hits_2; source_validity_pose_sink_structure; active_gaze_state_retrieval_with_validity_and_pose; active_gaze_values_flow_to_collection_or_telemetry_sink; possible_biometric_feature_from_active_eye_context; cap_below_near_certain_without_eye_anchor_or_ordered_structure,base_scanner_score_89; module_bonus_validity_gate_8; module_bonus_pose_vector_10; module_bonus_telemetry_20; module_bonus_structure_combo_18; evidence_bonus_telemetry_or_network_hits_12; sensitive_sink_telemetry_bonus_15; keyword_support_eye_or_gaze_5_bonus_20; keyword_support_collection_or_telemetry_4_bonus_16,C:\realDesktop\manifest-evaluations\summer-26\ghidra-pipeline\il2cpp-files\SPEEDSHOOTINGVR\general-structure-results\70_high_confirmed_eye_data_collection_high\01d1bdd8_OVRFaceExpressions$$GetRequestedFaceTrackingDataSources.c,C:\realDesktop\manifest-evaluations\summer-26\ghidra-pipeline\il2cpp-files\SPEEDSHOOTINGVR\manual-review-pack\A_must_review\039_p208_OVRFaceExpressions$$GetRequestedFaceTrackingDataSources.c
40,207,A_must_review,Meta.XR.ImmersiveDebugger.UserInterface.Generic.Slider$$UpdatePillPosition,01b2d37c,134,90_plus_uncertain_eye_setup_near_certain,eye_source; validity_gate; pose_vector; ui_interaction; frame_behavior; structure_combo,strong_eye_source_hits_1; validity_or_gating_hits_1; strong_pose_or_ray_construction_hits_2; ui_or_gameplay_sink_hits_2; frame_or_lifecycle_behavior; source_validity_pose_sink_structure; strong_eye_source_validity_pose_sink_structure; functionality_eye_api_context_without_clear_sink_hits_1,base_scanner_score_134; module_bonus_validity_gate_8; module_bonus_pose_vector_10; module_bonus_ui_interaction_12; module_bonus_frame_behavior_5; module_bonus_structure_combo_18; keyword_support_eye_or_gaze_5_bonus_20,C:\realDesktop\manifest-evaluations\summer-26\ghidra-pipeline\il2cpp-files\SPEEDSHOOTINGVR\general-structure-results\90_plus_uncertain_eye_setup_near_certain\01b2d37c_Meta.XR.ImmersiveDebugger.UserInterface.Generic.Slider$$UpdatePillPosition.c,C:\realDesktop\manifest-evaluations\summer-26\ghidra-pipeline\il2cpp-files\SPEEDSHOOTINGVR\manual-review-pack\A_must_review\040_p207_Meta.XR.ImmersiveDebugger.UserInterface.Generic.Slider$$UpdatePillPosition.c
41,206,A_must_review,OVRPlugin.OVRP_1_99_0$$ovrp_SetTrackingPoseEnabledForInvisibleSession,01dbece4,109,90_plus_uncertain_gaze_or_xr_structure_near_certain,eye_source; weak_source_state; validity_gate; telemetry,strong_eye_source_hits_2; weak_xr_or_state_hits_4; validity_or_gating_hits_5; telemetry_or_network_hits_2; functionality_data_collection_or_telemetry_hits_2,base_scanner_score_109; module_bonus_validity_gate_8; module_bonus_telemetry_20; evidence_bonus_telemetry_or_network_hits_12; sensitive_sink_telemetry_bonus_15; keyword_support_eye_or_gaze_5_bonus_20; keyword_support_sdk_2_bonus_6; keyword_support_collection_or_telemetry_4_bonus_16,C:\realDesktop\manifest-evaluations\summer-26\ghidra-pipeline\il2cpp-files\SPEEDSHOOTINGVR\general-structure-results\90_plus_uncertain_gaze_or_xr_structure_near_certain\01dbece4_OVRPlugin.OVRP_1_99_0$$ovrp_SetTrackingPoseEnabledForInvisibleSession.c,C:\realDesktop\manifest-evaluations\summer-26\ghidra-pipeline\il2cpp-files\SPEEDSHOOTINGVR\manual-review-pack\A_must_review\041_p206_OVRPlugin.OVRP_1_99_0$$ovrp_SetTrackingPoseEnabledForInvisibleSession.c
42,206,A_must_review,OVRPlugin.OVRP_1_99_0$$ovrp_GetTrackingPoseEnabledForInvisibleSession,01dbec68,109,90_plus_uncertain_gaze_or_xr_structure_near_certain,eye_source; weak_source_state; validity_gate; telemetry,strong_eye_source_hits_2; weak_xr_or_state_hits_6; validity_or_gating_hits_7; telemetry_or_network_hits_2; functionality_data_collection_or_telemetry_hits_2,base_scanner_score_109; module_bonus_validity_gate_8; module_bonus_telemetry_20; evidence_bonus_telemetry_or_network_hits_12; sensitive_sink_telemetry_bonus_15; keyword_support_eye_or_gaze_5_bonus_20; keyword_support_sdk_2_bonus_6; keyword_support_collection_or_telemetry_4_bonus_16,C:\realDesktop\manifest-evaluations\summer-26\ghidra-pipeline\il2cpp-files\SPEEDSHOOTINGVR\general-structure-results\90_plus_uncertain_gaze_or_xr_structure_near_certain\01dbec68_OVRPlugin.OVRP_1_99_0$$ovrp_GetTrackingPoseEnabledForInvisibleSession.c,C:\realDesktop\manifest-evaluations\summer-26\ghidra-pipeline\il2cpp-files\SPEEDSHOOTINGVR\manual-review-pack\A_must_review\042_p206_OVRPlugin.OVRP_1_99_0$$ovrp_GetTrackingPoseEnabledForInvisibleSession.c
43,206,A_must_review,OVRManager$$InitPermissionRequest,01d6d200,109,90_plus_uncertain_gaze_or_xr_structure_near_certain,eye_source; weak_source_state; validity_gate; telemetry,strong_eye_source_hits_2; weak_xr_or_state_hits_4; validity_or_gating_hits_6; telemetry_or_network_hits_2; functionality_permission_setup; functionality_data_collection_or_telemetry_hits_2,base_scanner_score_109; module_bonus_validity_gate_8; module_bonus_telemetry_20; evidence_bonus_telemetry_or_network_hits_12; sensitive_sink_telemetry_bonus_15; keyword_support_eye_or_gaze_5_bonus_20; keyword_support_sdk_2_bonus_6; keyword_support_collection_or_telemetry_4_bonus_16,C:\realDesktop\manifest-evaluations\summer-26\ghidra-pipeline\il2cpp-files\SPEEDSHOOTINGVR\general-structure-results\90_plus_uncertain_gaze_or_xr_structure_near_certain\01d6d200_OVRManager$$InitPermissionRequest.c,C:\realDesktop\manifest-evaluations\summer-26\ghidra-pipeline\il2cpp-files\SPEEDSHOOTINGVR\manual-review-pack\A_must_review\043_p206_OVRManager$$InitPermissionRequest.c
44,206,A_must_review,OVRPlugin.OVRP_1_71_0$$ovrp_UnityOpenXR_OnSessionCreate,01db98a4,103,90_plus_uncertain_gaze_or_xr_structure_near_certain,eye_source; weak_source_state; validity_gate; telemetry,strong_eye_source_hits_2; weak_xr_or_state_hits_4; validity_or_gating_hits_2; telemetry_or_network_hits_2; functionality_data_collection_or_telemetry_hits_2,base_scanner_score_103; module_bonus_validity_gate_8; module_bonus_telemetry_20; evidence_bonus_telemetry_or_network_hits_12; sensitive_sink_telemetry_bonus_15; keyword_support_eye_or_gaze_5_bonus_20; keyword_support_sdk_4_bonus_12; keyword_support_collection_or_telemetry_4_bonus_16,C:\realDesktop\manifest-evaluations\summer-26\ghidra-pipeline\il2cpp-files\SPEEDSHOOTINGVR\general-structure-results\90_plus_uncertain_gaze_or_xr_structure_near_certain\01db98a4_OVRPlugin.OVRP_1_71_0$$ovrp_UnityOpenXR_OnSessionCreate.c,C:\realDesktop\manifest-evaluations\summer-26\ghidra-pipeline\il2cpp-files\SPEEDSHOOTINGVR\manual-review-pack\A_must_review\044_p206_OVRPlugin.OVRP_1_71_0$$ovrp_UnityOpenXR_OnSessionCreate.c
45,205,A_must_review,System.Array.InternalEnumerator<SendMouseEvents.HitInfo>$$Dispose,015dc94c,131,90_plus_framework_support_only_near_certain,eye_source; weak_source_state; validity_gate; pose_vector; ray_interaction; structure_combo,strong_eye_source_hits_1; weak_xr_or_state_hits_2; validity_or_gating_hits_1; strong_pose_or_ray_construction_hits_4; ray_or_cast_sink_hits_2; source_validity_pose_sink_structure; strong_eye_source_validity_pose_sink_structure; negative_framework_support_context_without_confirmed_app_level_gaze_flow; functionality_gaze_interaction_hits_2,base_scanner_score_131; module_bonus_validity_gate_8; module_bonus_pose_vector_10; module_bonus_ray_interaction_15; module_bonus_structure_combo_18; keyword_support_eye_or_gaze_5_bonus_20; keyword_support_sdk_1_bonus_3,C:\realDesktop\manifest-evaluations\summer-26\ghidra-pipeline\il2cpp-files\SPEEDSHOOTINGVR\general-structure-results\90_plus_framework_support_only_near_certain\015dc94c_System.Array.InternalEnumerator_SendMouseEvents.HitInfo_$$Dispose.c,C:\realDesktop\manifest-evaluations\summer-26\ghidra-pipeline\il2cpp-files\SPEEDSHOOTINGVR\manual-review-pack\A_must_review\045_p205_System.Array.InternalEnumerator_SendMouseEvents.HitInfo_$$Dispose.c
46,205,A_must_review,Meta.XR.ImmersiveDebugger.Telemetry.TelemetryTracker$$OnFocusLost,01b14594,102,90_plus_uncertain_gaze_or_xr_structure_near_certain,eye_source; validity_gate; ui_interaction; telemetry,strong_eye_source_hits_1; validity_or_gating_hits_1; ui_or_gameplay_sink_hits_2; telemetry_or_network_hits_4; functionality_data_collection_or_telemetry_hits_4,base_scanner_score_102; module_bonus_validity_gate_8; module_bonus_ui_interaction_12; module_bonus_telemetry_20; evidence_bonus_telemetry_or_network_hits_12; sensitive_sink_telemetry_bonus_15; keyword_support_eye_or_gaze_5_bonus_20; keyword_support_collection_or_telemetry_4_bonus_16,C:\realDesktop\manifest-evaluations\summer-26\ghidra-pipeline\il2cpp-files\SPEEDSHOOTINGVR\general-structure-results\90_plus_uncertain_gaze_or_xr_structure_near_certain\01b14594_Meta.XR.ImmersiveDebugger.Telemetry.TelemetryTracker$$OnFocusLost.c,C:\realDesktop\manifest-evaluations\summer-26\ghidra-pipeline\il2cpp-files\SPEEDSHOOTINGVR\manual-review-pack\A_must_review\046_p205_Meta.XR.ImmersiveDebugger.Telemetry.TelemetryTracker$$OnFocusLost.c
47,204,A_must_review,OVRPlugin.OVRP_1_98_0$$ovrp_RequestBoundaryVisibility,01dbeae8,107,90_plus_uncertain_gaze_or_xr_structure_near_certain,eye_source; weak_source_state; validity_gate; telemetry,strong_eye_source_hits_2; weak_xr_or_state_hits_2; validity_or_gating_hits_12; telemetry_or_network_hits_2; functionality_data_collection_or_telemetry_hits_2,base_scanner_score_107; module_bonus_validity_gate_8; module_bonus_telemetry_20; evidence_bonus_telemetry_or_network_hits_12; sensitive_sink_telemetry_bonus_15; keyword_support_eye_or_gaze_5_bonus_20; keyword_support_sdk_2_bonus_6; keyword_support_collection_or_telemetry_4_bonus_16,C:\realDesktop\manifest-evaluations\summer-26\ghidra-pipeline\il2cpp-files\SPEEDSHOOTINGVR\general-structure-results\90_plus_uncertain_gaze_or_xr_structure_near_certain\01dbeae8_OVRPlugin.OVRP_1_98_0$$ovrp_RequestBoundaryVisibility.c,C:\realDesktop\manifest-evaluations\summer-26\ghidra-pipeline\il2cpp-files\SPEEDSHOOTINGVR\manual-review-pack\A_must_review\047_p204_OVRPlugin.OVRP_1_98_0$$ovrp_RequestBoundaryVisibility.c
48,204,A_must_review,OVRPlugin$$StopColocationSessionAdvertisement,01d95050,107,90_plus_uncertain_gaze_or_xr_structure_near_certain,eye_source; weak_source_state; validity_gate; telemetry,strong_eye_source_hits_2; weak_xr_or_state_hits_2; validity_or_gating_hits_4; telemetry_or_network_hits_2; functionality_data_collection_or_telemetry_hits_2,base_scanner_score_107; module_bonus_validity_gate_8; module_bonus_telemetry_20; evidence_bonus_telemetry_or_network_hits_12; sensitive_sink_telemetry_bonus_15; keyword_support_eye_or_gaze_5_bonus_20; keyword_support_sdk_2_bonus_6; keyword_support_collection_or_telemetry_4_bonus_16,C:\realDesktop\manifest-evaluations\summer-26\ghidra-pipeline\il2cpp-files\SPEEDSHOOTINGVR\general-structure-results\90_plus_uncertain_gaze_or_xr_structure_near_certain\01d95050_OVRPlugin$$StopColocationSessionAdvertisement.c,C:\realDesktop\manifest-evaluations\summer-26\ghidra-pipeline\il2cpp-files\SPEEDSHOOTINGVR\manual-review-pack\A_must_review\048_p204_OVRPlugin$$StopColocationSessionAdvertisement.c
49,204,A_must_review,OVRPlugin$$RequestSceneCapture,01d94380,107,90_plus_uncertain_gaze_or_xr_structure_near_certain,eye_source; weak_source_state; validity_gate; telemetry,strong_eye_source_hits_2; weak_xr_or_state_hits_2; validity_or_gating_hits_9; telemetry_or_network_hits_2; functionality_data_collection_or_telemetry_hits_2,base_scanner_score_107; module_bonus_validity_gate_8; module_bonus_telemetry_20; evidence_bonus_telemetry_or_network_hits_12; sensitive_sink_telemetry_bonus_15; keyword_support_eye_or_gaze_5_bonus_20; keyword_support_sdk_2_bonus_6; keyword_support_collection_or_telemetry_4_bonus_16,C:\realDesktop\manifest-evaluations\summer-26\ghidra-pipeline\il2cpp-files\SPEEDSHOOTINGVR\general-structure-results\90_plus_uncertain_gaze_or_xr_structure_near_certain\01d94380_OVRPlugin$$RequestSceneCapture.c,C:\realDesktop\manifest-evaluations\summer-26\ghidra-pipeline\il2cpp-files\SPEEDSHOOTINGVR\manual-review-pack\A_must_review\049_p204_OVRPlugin$$RequestSceneCapture.c
50,203,A_must_review,OVRPlugin.OVRP_1_71_0$$ovrp_UnityOpenXR_OnSessionStateChange,01db999c,100,90_plus_uncertain_gaze_or_xr_structure_near_certain,eye_source; weak_source_state; validity_gate; telemetry,strong_eye_source_hits_2; weak_xr_or_state_hits_4; validity_or_gating_hits_1; telemetry_or_network_hits_2; functionality_data_collection_or_telemetry_hits_2,base_scanner_score_100; module_bonus_validity_gate_8; module_bonus_telemetry_20; evidence_bonus_telemetry_or_network_hits_12; sensitive_sink_telemetry_bonus_15; keyword_support_eye_or_gaze_5_bonus_20; keyword_support_sdk_4_bonus_12; keyword_support_collection_or_telemetry_4_bonus_16,C:\realDesktop\manifest-evaluations\summer-26\ghidra-pipeline\il2cpp-files\SPEEDSHOOTINGVR\general-structure-results\90_plus_uncertain_gaze_or_xr_structure_near_certain\01db999c_OVRPlugin.OVRP_1_71_0$$ovrp_UnityOpenXR_OnSessionStateChange.c,C:\realDesktop\manifest-evaluations\summer-26\ghidra-pipeline\il2cpp-files\SPEEDSHOOTINGVR\manual-review-pack\A_must_review\050_p203_OVRPlugin.OVRP_1_71_0$$ovrp_UnityOpenXR_OnSessionStateChange.c
51,201,A_must_review,System.Array.InternalEnumerator<RaycastHit>$$.ctor,015cdf60,127,90_plus_framework_support_only_near_certain,eye_source; weak_source_state; validity_gate; pose_vector; ray_interaction; structure_combo,strong_eye_source_hits_1; weak_xr_or_state_hits_2; validity_or_gating_hits_1; strong_pose_or_ray_construction_hits_2; ray_or_cast_sink_hits_4; source_validity_pose_sink_structure; strong_eye_source_validity_pose_sink_structure; negative_framework_support_context_without_confirmed_app_level_gaze_flow; functionality_gaze_interaction_hits_2,base_scanner_score_127; module_bonus_validity_gate_8; module_bonus_pose_vector_10; module_bonus_ray_interaction_15; module_bonus_structure_combo_18; keyword_support_eye_or_gaze_5_bonus_20; keyword_support_sdk_1_bonus_3,C:\realDesktop\manifest-evaluations\summer-26\ghidra-pipeline\il2cpp-files\SPEEDSHOOTINGVR\general-structure-results\90_plus_framework_support_only_near_certain\015cdf60_System.Array.InternalEnumerator_RaycastHit_$$.ctor.c,C:\realDesktop\manifest-evaluations\summer-26\ghidra-pipeline\il2cpp-files\SPEEDSHOOTINGVR\manual-review-pack\A_must_review\051_p201_System.Array.InternalEnumerator_RaycastHit_$$.ctor.c
52,200,A_must_review,System.Array.InternalEnumerator<SendMouseEvents.HitInfo>$$.ctor,015dc92c,126,90_plus_framework_support_only_near_certain,eye_source; weak_source_state; validity_gate; pose_vector; ray_interaction; structure_combo,strong_eye_source_hits_1; weak_xr_or_state_hits_2; validity_or_gating_hits_2; strong_pose_or_ray_construction_hits_2; ray_or_cast_sink_hits_2; source_validity_pose_sink_structure; strong_eye_source_validity_pose_sink_structure; negative_framework_support_context_without_confirmed_app_level_gaze_flow; functionality_gaze_interaction_hits_2,base_scanner_score_126; module_bonus_validity_gate_8; module_bonus_pose_vector_10; module_bonus_ray_interaction_15; module_bonus_structure_combo_18; keyword_support_eye_or_gaze_5_bonus_20; keyword_support_sdk_1_bonus_3,C:\realDesktop\manifest-evaluations\summer-26\ghidra-pipeline\il2cpp-files\SPEEDSHOOTINGVR\general-structure-results\90_plus_framework_support_only_near_certain\015dc92c_System.Array.InternalEnumerator_SendMouseEvents.HitInfo_$$.ctor.c,C:\realDesktop\manifest-evaluations\summer-26\ghidra-pipeline\il2cpp-files\SPEEDSHOOTINGVR\manual-review-pack\A_must_review\052_p200_System.Array.InternalEnumerator_SendMouseEvents.HitInfo_$$.ctor.c
53,200,A_must_review,Meta.XR.ImmersiveDebugger.Manager.WatchManagerForAddon$$get_TelemetryAnnotation,01b37454,101,90_plus_uncertain_gaze_or_xr_structure_near_certain,eye_source; validity_gate; paired_state_refs; telemetry,strong_eye_source_hits_1; validity_or_gating_hits_3; paired_field_refs_with_eye_source; telemetry_or_network_hits_2; functionality_data_collection_or_telemetry_hits_2,base_scanner_score_101; module_bonus_validity_gate_8; module_bonus_paired_state_refs_8; module_bonus_telemetry_20; evidence_bonus_telemetry_or_network_hits_12; sensitive_sink_telemetry_bonus_15; keyword_support_eye_or_gaze_5_bonus_20; keyword_support_collection_or_telemetry_4_bonus_16,C:\realDesktop\manifest-evaluations\summer-26\ghidra-pipeline\il2cpp-files\SPEEDSHOOTINGVR\general-structure-results\90_plus_uncertain_gaze_or_xr_structure_near_certain\01b37454_Meta.XR.ImmersiveDebugger.Manager.WatchManagerForAddon$$get_TelemetryAnnotation.c,C:\realDesktop\manifest-evaluations\summer-26\ghidra-pipeline\il2cpp-files\SPEEDSHOOTINGVR\manual-review-pack\A_must_review\053_p200_Meta.XR.ImmersiveDebugger.Manager.WatchManagerForAddon$$get_TelemetryAnnotation.c
54,200,A_must_review,Meta.XR.ImmersiveDebugger.Manager.TweakManager$$get_TelemetryAnnotation,01b38188,101,90_plus_uncertain_gaze_or_xr_structure_near_certain,eye_source; validity_gate; paired_state_refs; telemetry,strong_eye_source_hits_1; validity_or_gating_hits_3; paired_field_refs_with_eye_source; telemetry_or_network_hits_2; functionality_data_collection_or_telemetry_hits_2,base_scanner_score_101; module_bonus_validity_gate_8; module_bonus_paired_state_refs_8; module_bonus_telemetry_20; evidence_bonus_telemetry_or_network_hits_12; sensitive_sink_telemetry_bonus_15; keyword_support_eye_or_gaze_5_bonus_20; keyword_support_collection_or_telemetry_4_bonus_16,C:\realDesktop\manifest-evaluations\summer-26\ghidra-pipeline\il2cpp-files\SPEEDSHOOTINGVR\general-structure-results\90_plus_uncertain_gaze_or_xr_structure_near_certain\01b38188_Meta.XR.ImmersiveDebugger.Manager.TweakManager$$get_TelemetryAnnotation.c,C:\realDesktop\manifest-evaluations\summer-26\ghidra-pipeline\il2cpp-files\SPEEDSHOOTINGVR\manual-review-pack\A_must_review\054_p200_Meta.XR.ImmersiveDebugger.Manager.TweakManager$$get_TelemetryAnnotation.c
55,199,A_must_review,System.Array.EmptyInternalEnumerator<OVRPlugin.EyeGazeState>$$System.Collections.IEnumerator.Reset,013e0b34,155,90_plus_confirmed_gaze_retrieval_near_certain,eye_source; weak_source_state; validity_gate; pose_vector; attempted_use; active_gaze_retrieval,strong_eye_source_hits_4; weak_xr_or_state_hits_2; validity_or_gating_hits_14; strong_pose_or_ray_construction_hits_2; attempted_eye_tracking_permission_or_feature_enable; active_gaze_state_retrieval_with_validity_and_pose; functionality_gaze_retrieval_or_extraction,base_scanner_score_155; module_bonus_validity_gate_8; module_bonus_pose_vector_10; keyword_support_eye_or_gaze_5_bonus_20; keyword_support_sdk_2_bonus_6,C:\realDesktop\manifest-evaluations\summer-26\ghidra-pipeline\il2cpp-files\SPEEDSHOOTINGVR\general-structure-results\90_plus_confirmed_gaze_retrieval_near_certain\013e0b34_System.Array.EmptyInternalEnumerator_OVRPlugin.EyeGazeState_$$System.Collections.IEnumerator.Reset.c,C:\realDesktop\manifest-evaluations\summer-26\ghidra-pipeline\il2cpp-files\SPEEDSHOOTINGVR\manual-review-pack\A_must_review\055_p199_System.Array.EmptyInternalEnumerator_OVRPlugin.EyeGazeState_$$System.Collections.IEnumerator.Reset.c
56,199,A_must_review,System.Array.EmptyInternalEnumerator<OVRPlugin.EyeGazeState>$$.ctor,013e0b38,155,90_plus_confirmed_gaze_retrieval_near_certain,eye_source; weak_source_state; validity_gate; pose_vector; attempted_use; active_gaze_retrieval,strong_eye_source_hits_4; weak_xr_or_state_hits_2; validity_or_gating_hits_15; strong_pose_or_ray_construction_hits_2; attempted_eye_tracking_permission_or_feature_enable; active_gaze_state_retrieval_with_validity_and_pose; functionality_gaze_retrieval_or_extraction,base_scanner_score_155; module_bonus_validity_gate_8; module_bonus_pose_vector_10; keyword_support_eye_or_gaze_5_bonus_20; keyword_support_sdk_2_bonus_6,C:\realDesktop\manifest-evaluations\summer-26\ghidra-pipeline\il2cpp-files\SPEEDSHOOTINGVR\general-structure-results\90_plus_confirmed_gaze_retrieval_near_certain\013e0b38_System.Array.EmptyInternalEnumerator_OVRPlugin.EyeGazeState_$$.ctor.c,C:\realDesktop\manifest-evaluations\summer-26\ghidra-pipeline\il2cpp-files\SPEEDSHOOTINGVR\manual-review-pack\A_must_review\056_p199_System.Array.EmptyInternalEnumerator_OVRPlugin.EyeGazeState_$$.ctor.c
57,199,A_must_review,System.Array.EmptyInternalEnumerator<OVRPlugin.EyeGazeState>$$.cctor,013e0b40,155,90_plus_confirmed_gaze_retrieval_near_certain,eye_source; weak_source_state; validity_gate; pose_vector; attempted_use; active_gaze_retrieval,strong_eye_source_hits_4; weak_xr_or_state_hits_2; validity_or_gating_hits_14; strong_pose_or_ray_construction_hits_2; attempted_eye_tracking_permission_or_feature_enable; active_gaze_state_retrieval_with_validity_and_pose; functionality_gaze_retrieval_or_extraction,base_scanner_score_155; module_bonus_validity_gate_8; module_bonus_pose_vector_10; keyword_support_eye_or_gaze_5_bonus_20; keyword_support_sdk_2_bonus_6,C:\realDesktop\manifest-evaluations\summer-26\ghidra-pipeline\il2cpp-files\SPEEDSHOOTINGVR\general-structure-results\90_plus_confirmed_gaze_retrieval_near_certain\013e0b40_System.Array.EmptyInternalEnumerator_OVRPlugin.EyeGazeState_$$.cctor.c,C:\realDesktop\manifest-evaluations\summer-26\ghidra-pipeline\il2cpp-files\SPEEDSHOOTINGVR\manual-review-pack\A_must_review\057_p199_System.Array.EmptyInternalEnumerator_OVRPlugin.EyeGazeState_$$.cctor.c
58,199,A_must_review,System.Array$$InternalArray__ICollection_Contains<OVRPlugin.EyeGazeState>,01153884,155,90_plus_confirmed_gaze_retrieval_near_certain,eye_source; weak_source_state; validity_gate; pose_vector; attempted_use; active_gaze_retrieval,strong_eye_source_hits_4; weak_xr_or_state_hits_2; validity_or_gating_hits_4; strong_pose_or_ray_construction_hits_2; attempted_eye_tracking_permission_or_feature_enable; active_gaze_state_retrieval_with_validity_and_pose; functionality_gaze_retrieval_or_extraction,base_scanner_score_155; module_bonus_validity_gate_8; module_bonus_pose_vector_10; keyword_support_eye_or_gaze_5_bonus_20; keyword_support_sdk_2_bonus_6,C:\realDesktop\manifest-evaluations\summer-26\ghidra-pipeline\il2cpp-files\SPEEDSHOOTINGVR\general-structure-results\90_plus_confirmed_gaze_retrieval_near_certain\01153884_System.Array$$InternalArray__ICollection_Contains_OVRPlugin.EyeGazeState_.c,C:\realDesktop\manifest-evaluations\summer-26\ghidra-pipeline\il2cpp-files\SPEEDSHOOTINGVR\manual-review-pack\A_must_review\058_p199_System.Array$$InternalArray__ICollection_Contains_OVRPlugin.EyeGazeState_.c
59,199,A_must_review,System.Array.InternalEnumerator<TMP_TextProcessingStack<MaterialReference>>$$Dispose,015be6b4,128,90_plus_framework_support_only_near_certain,eye_source; weak_source_state; validity_gate; pose_vector; ui_interaction; structure_combo,strong_eye_source_hits_1; weak_xr_or_state_hits_2; validity_or_gating_hits_2; strong_pose_or_ray_construction_hits_4; ui_or_gameplay_sink_hits_2; source_validity_pose_sink_structure; strong_eye_source_validity_pose_sink_structure; negative_framework_support_context_without_confirmed_app_level_gaze_flow; functionality_gaze_interaction_hits_2,base_scanner_score_128; module_bonus_validity_gate_8; module_bonus_pose_vector_10; module_bonus_ui_interaction_12; module_bonus_structure_combo_18; keyword_support_eye_or_gaze_5_bonus_20; keyword_support_sdk_1_bonus_3,C:\realDesktop\manifest-evaluations\summer-26\ghidra-pipeline\il2cpp-files\SPEEDSHOOTINGVR\general-structure-results\90_plus_framework_support_only_near_certain\015be6b4_System.Array.InternalEnumerator_TMP_TextProcessingStack_MaterialReference_$$Dispose.c,C:\realDesktop\manifest-evaluations\summer-26\ghidra-pipeline\il2cpp-files\SPEEDSHOOTINGVR\manual-review-pack\A_must_review\059_p199_System.Array.InternalEnumerator_TMP_TextProcessingStack_MaterialReference_$$Dispose.c
60,198,A_must_review,System.Array.EmptyInternalEnumerator<OVRPlugin.EyeGazeState>$$Dispose,013e0acc,154,90_plus_confirmed_gaze_retrieval_near_certain,eye_source; weak_source_state; validity_gate; pose_vector; attempted_use; active_gaze_retrieval,strong_eye_source_hits_4; weak_xr_or_state_hits_2; validity_or_gating_hits_1; strong_pose_or_ray_construction_hits_4; attempted_eye_tracking_permission_or_feature_enable; active_gaze_state_retrieval_with_validity_and_pose; functionality_gaze_retrieval_or_extraction,base_scanner_score_154; module_bonus_validity_gate_8; module_bonus_pose_vector_10; keyword_support_eye_or_gaze_5_bonus_20; keyword_support_sdk_2_bonus_6,C:\realDesktop\manifest-evaluations\summer-26\ghidra-pipeline\il2cpp-files\SPEEDSHOOTINGVR\general-structure-results\90_plus_confirmed_gaze_retrieval_near_certain\013e0acc_System.Array.EmptyInternalEnumerator_OVRPlugin.EyeGazeState_$$Dispose.c,C:\realDesktop\manifest-evaluations\summer-26\ghidra-pipeline\il2cpp-files\SPEEDSHOOTINGVR\manual-review-pack\A_must_review\060_p198_System.Array.EmptyInternalEnumerator_OVRPlugin.EyeGazeState_$$Dispose.c
61,198,A_must_review,System.Array.InternalEnumerator<OVRPlugin.EyeGazeState>$$System.Collections.IEnumerator.get_Current,015da0f0,151,90_plus_confirmed_gaze_retrieval_near_certain,eye_source; weak_source_state; validity_gate; pose_vector; attempted_use; active_gaze_retrieval,strong_eye_source_hits_5; weak_xr_or_state_hits_4; validity_or_gating_hits_2; strong_pose_or_ray_construction_hits_2; attempted_eye_tracking_permission_or_feature_enable; active_gaze_state_retrieval_with_validity_and_pose; functionality_gaze_retrieval_or_extraction,base_scanner_score_151; module_bonus_validity_gate_8; module_bonus_pose_vector_10; keyword_support_eye_or_gaze_5_bonus_20; keyword_support_sdk_3_bonus_9,C:\realDesktop\manifest-evaluations\summer-26\ghidra-pipeline\il2cpp-files\SPEEDSHOOTINGVR\general-structure-results\90_plus_confirmed_gaze_retrieval_near_certain\015da0f0_System.Array.InternalEnumerator_OVRPlugin.EyeGazeState_$$System.Collections.IEnumerator.get_Current.c,C:\realDesktop\manifest-evaluations\summer-26\ghidra-pipeline\il2cpp-files\SPEEDSHOOTINGVR\manual-review-pack\A_must_review\061_p198_System.Array.InternalEnumerator_OVRPlugin.EyeGazeState_$$System.Collections.IEnumerator.get_Current.c
62,198,A_must_review,System.Array.InternalEnumerator<OVRPlugin.EyeGazeState>$$System.Collections.IEnumerator.Reset,015da0e4,151,90_plus_confirmed_gaze_retrieval_near_certain,eye_source; weak_source_state; validity_gate; pose_vector; attempted_use; active_gaze_retrieval,strong_eye_source_hits_5; weak_xr_or_state_hits_4; validity_or_gating_hits_2; strong_pose_or_ray_construction_hits_2; attempted_eye_tracking_permission_or_feature_enable; active_gaze_state_retrieval_with_validity_and_pose; functionality_gaze_retrieval_or_extraction,base_scanner_score_151; module_bonus_validity_gate_8; module_bonus_pose_vector_10; keyword_support_eye_or_gaze_5_bonus_20; keyword_support_sdk_3_bonus_9,C:\realDesktop\manifest-evaluations\summer-26\ghidra-pipeline\il2cpp-files\SPEEDSHOOTINGVR\general-structure-results\90_plus_confirmed_gaze_retrieval_near_certain\015da0e4_System.Array.InternalEnumerator_OVRPlugin.EyeGazeState_$$System.Collections.IEnumerator.Reset.c,C:\realDesktop\manifest-evaluations\summer-26\ghidra-pipeline\il2cpp-files\SPEEDSHOOTINGVR\manual-review-pack\A_must_review\062_p198_System.Array.InternalEnumerator_OVRPlugin.EyeGazeState_$$System.Collections.IEnumerator.Reset.c
63,198,A_must_review,OVRPlugin$$RequestBoundaryVisibility,01d95744,101,90_plus_uncertain_gaze_or_xr_structure_near_certain,eye_source; weak_source_state; validity_gate; telemetry,strong_eye_source_hits_2; weak_xr_or_state_hits_2; validity_or_gating_hits_2; telemetry_or_network_hits_2; functionality_data_collection_or_telemetry_hits_2,base_scanner_score_101; module_bonus_validity_gate_8; module_bonus_telemetry_20; evidence_bonus_telemetry_or_network_hits_12; sensitive_sink_telemetry_bonus_15; keyword_support_eye_or_gaze_5_bonus_20; keyword_support_sdk_2_bonus_6; keyword_support_collection_or_telemetry_4_bonus_16,C:\realDesktop\manifest-evaluations\summer-26\ghidra-pipeline\il2cpp-files\SPEEDSHOOTINGVR\general-structure-results\90_plus_uncertain_gaze_or_xr_structure_near_certain\01d95744_OVRPlugin$$RequestBoundaryVisibility.c,C:\realDesktop\manifest-evaluations\summer-26\ghidra-pipeline\il2cpp-files\SPEEDSHOOTINGVR\manual-review-pack\A_must_review\063_p198_OVRPlugin$$RequestBoundaryVisibility.c
64,198,A_must_review,OVRPlugin$$RequestBodyTrackingFidelity,01d90484,101,90_plus_uncertain_gaze_or_xr_structure_near_certain,eye_source; weak_source_state; validity_gate; telemetry,strong_eye_source_hits_2; weak_xr_or_state_hits_2; validity_or_gating_hits_2; telemetry_or_network_hits_2; functionality_data_collection_or_telemetry_hits_2,base_scanner_score_101; module_bonus_validity_gate_8; module_bonus_telemetry_20; evidence_bonus_telemetry_or_network_hits_12; sensitive_sink_telemetry_bonus_15; keyword_support_eye_or_gaze_5_bonus_20; keyword_support_sdk_2_bonus_6; keyword_support_collection_or_telemetry_4_bonus_16,C:\realDesktop\manifest-evaluations\summer-26\ghidra-pipeline\il2cpp-files\SPEEDSHOOTINGVR\general-structure-results\90_plus_uncertain_gaze_or_xr_structure_near_certain\01d90484_OVRPlugin$$RequestBodyTrackingFidelity.c,C:\realDesktop\manifest-evaluations\summer-26\ghidra-pipeline\il2cpp-files\SPEEDSHOOTINGVR\manual-review-pack\A_must_review\064_p198_OVRPlugin$$RequestBodyTrackingFidelity.c
65,197,A_must_review,System.Array.InternalEnumerator<SendMouseEvents.HitInfo>$$MoveNext,015dc950,123,90_plus_framework_support_only_near_certain,eye_source; weak_source_state; validity_gate; pose_vector; ray_interaction; structure_combo,strong_eye_source_hits_1; weak_xr_or_state_hits_2; validity_or_gating_hits_1; strong_pose_or_ray_construction_hits_2; ray_or_cast_sink_hits_2; source_validity_pose_sink_structure; strong_eye_source_validity_pose_sink_structure; negative_framework_support_context_without_confirmed_app_level_gaze_flow; functionality_gaze_interaction_hits_2,base_scanner_score_123; module_bonus_validity_gate_8; module_bonus_pose_vector_10; module_bonus_ray_interaction_15; module_bonus_structure_combo_18; keyword_support_eye_or_gaze_5_bonus_20; keyword_support_sdk_1_bonus_3,C:\realDesktop\manifest-evaluations\summer-26\ghidra-pipeline\il2cpp-files\SPEEDSHOOTINGVR\general-structure-results\90_plus_framework_support_only_near_certain\015dc950_System.Array.InternalEnumerator_SendMouseEvents.HitInfo_$$MoveNext.c,C:\realDesktop\manifest-evaluations\summer-26\ghidra-pipeline\il2cpp-files\SPEEDSHOOTINGVR\manual-review-pack\A_must_review\065_p197_System.Array.InternalEnumerator_SendMouseEvents.HitInfo_$$MoveNext.c
66,197,A_must_review,Meta.XR.ImmersiveDebugger.UserInterface.Generic.Controller$$RefreshLayoutPostChildren,01b27f74,98,90_plus_uncertain_gaze_or_xr_structure_near_certain,eye_source; validity_gate; paired_state_refs; telemetry,strong_eye_source_hits_1; validity_or_gating_hits_2; paired_field_refs_with_eye_source; telemetry_or_network_hits_2; functionality_data_collection_or_telemetry_hits_2,base_scanner_score_98; module_bonus_validity_gate_8; module_bonus_paired_state_refs_8; module_bonus_telemetry_20; evidence_bonus_telemetry_or_network_hits_12; sensitive_sink_telemetry_bonus_15; keyword_support_eye_or_gaze_5_bonus_20; keyword_support_collection_or_telemetry_4_bonus_16,C:\realDesktop\manifest-evaluations\summer-26\ghidra-pipeline\il2cpp-files\SPEEDSHOOTINGVR\general-structure-results\90_plus_uncertain_gaze_or_xr_structure_near_certain\01b27f74_Meta.XR.ImmersiveDebugger.UserInterface.Generic.Controller$$RefreshLayoutPostChildren.c,C:\realDesktop\manifest-evaluations\summer-26\ghidra-pipeline\il2cpp-files\SPEEDSHOOTINGVR\manual-review-pack\A_must_review\066_p197_Meta.XR.ImmersiveDebugger.UserInterface.Generic.Controller$$RefreshLayoutPostChildren.c
67,197,A_must_review,Meta.XR.ImmersiveDebugger.Manager.ActionManager$$get_TelemetryAnnotation,01b30a10,98,90_plus_uncertain_gaze_or_xr_structure_near_certain,eye_source; validity_gate; paired_state_refs; telemetry,strong_eye_source_hits_1; validity_or_gating_hits_2; paired_field_refs_with_eye_source; telemetry_or_network_hits_2; functionality_data_collection_or_telemetry_hits_2,base_scanner_score_98; module_bonus_validity_gate_8; module_bonus_paired_state_refs_8; module_bonus_telemetry_20; evidence_bonus_telemetry_or_network_hits_12; sensitive_sink_telemetry_bonus_15; keyword_support_eye_or_gaze_5_bonus_20; keyword_support_collection_or_telemetry_4_bonus_16,C:\realDesktop\manifest-evaluations\summer-26\ghidra-pipeline\il2cpp-files\SPEEDSHOOTINGVR\general-structure-results\90_plus_uncertain_gaze_or_xr_structure_near_certain\01b30a10_Meta.XR.ImmersiveDebugger.Manager.ActionManager$$get_TelemetryAnnotation.c,C:\realDesktop\manifest-evaluations\summer-26\ghidra-pipeline\il2cpp-files\SPEEDSHOOTINGVR\manual-review-pack\A_must_review\067_p197_Meta.XR.ImmersiveDebugger.Manager.ActionManager$$get_TelemetryAnnotation.c
68,196,A_must_review,System.Array.InternalEnumerator<MaterialReference>$$get_Current,015cb9b4,125,90_plus_framework_support_only_near_certain,eye_source; weak_source_state; validity_gate; pose_vector; ui_interaction; structure_combo,strong_eye_source_hits_1; weak_xr_or_state_hits_2; validity_or_gating_hits_1; strong_pose_or_ray_construction_hits_4; ui_or_gameplay_sink_hits_2; source_validity_pose_sink_structure; strong_eye_source_validity_pose_sink_structure; negative_framework_support_context_without_confirmed_app_level_gaze_flow; functionality_gaze_interaction_hits_2,base_scanner_score_125; module_bonus_validity_gate_8; module_bonus_pose_vector_10; module_bonus_ui_interaction_12; module_bonus_structure_combo_18; keyword_support_eye_or_gaze_5_bonus_20; keyword_support_sdk_1_bonus_3,C:\realDesktop\manifest-evaluations\summer-26\ghidra-pipeline\il2cpp-files\SPEEDSHOOTINGVR\general-structure-results\90_plus_framework_support_only_near_certain\015cb9b4_System.Array.InternalEnumerator_MaterialReference_$$get_Current.c,C:\realDesktop\manifest-evaluations\summer-26\ghidra-pipeline\il2cpp-files\SPEEDSHOOTINGVR\manual-review-pack\A_must_review\068_p196_System.Array.InternalEnumerator_MaterialReference_$$get_Current.c
69,196,A_must_review,System.Array.InternalEnumerator<MaterialReference>$$System.Collections.IEnumerator.Reset,015cbac0,125,90_plus_framework_support_only_near_certain,eye_source; weak_source_state; validity_gate; pose_vector; ui_interaction; structure_combo,strong_eye_source_hits_1; weak_xr_or_state_hits_2; validity_or_gating_hits_1; strong_pose_or_ray_construction_hits_4; ui_or_gameplay_sink_hits_2; source_validity_pose_sink_structure; strong_eye_source_validity_pose_sink_structure; negative_framework_support_context_without_confirmed_app_level_gaze_flow; functionality_gaze_interaction_hits_2,base_scanner_score_125; module_bonus_validity_gate_8; module_bonus_pose_vector_10; module_bonus_ui_interaction_12; module_bonus_structure_combo_18; keyword_support_eye_or_gaze_5_bonus_20; keyword_support_sdk_1_bonus_3,C:\realDesktop\manifest-evaluations\summer-26\ghidra-pipeline\il2cpp-files\SPEEDSHOOTINGVR\general-structure-results\90_plus_framework_support_only_near_certain\015cbac0_System.Array.InternalEnumerator_MaterialReference_$$System.Collections.IEnumerator.Reset.c,C:\realDesktop\manifest-evaluations\summer-26\ghidra-pipeline\il2cpp-files\SPEEDSHOOTINGVR\manual-review-pack\A_must_review\069_p196_System.Array.InternalEnumerator_MaterialReference_$$System.Collections.IEnumerator.Reset.c
70,196,A_must_review,System.Array.InternalEnumerator<MaterialReference>$$MoveNext,015cb964,125,90_plus_framework_support_only_near_certain,eye_source; weak_source_state; validity_gate; pose_vector; ui_interaction; structure_combo,strong_eye_source_hits_1; weak_xr_or_state_hits_2; validity_or_gating_hits_1; strong_pose_or_ray_construction_hits_4; ui_or_gameplay_sink_hits_2; source_validity_pose_sink_structure; strong_eye_source_validity_pose_sink_structure; negative_framework_support_context_without_confirmed_app_level_gaze_flow; functionality_gaze_interaction_hits_2,base_scanner_score_125; module_bonus_validity_gate_8; module_bonus_pose_vector_10; module_bonus_ui_interaction_12; module_bonus_structure_combo_18; keyword_support_eye_or_gaze_5_bonus_20; keyword_support_sdk_1_bonus_3,C:\realDesktop\manifest-evaluations\summer-26\ghidra-pipeline\il2cpp-files\SPEEDSHOOTINGVR\general-structure-results\90_plus_framework_support_only_near_certain\015cb964_System.Array.InternalEnumerator_MaterialReference_$$MoveNext.c,C:\realDesktop\manifest-evaluations\summer-26\ghidra-pipeline\il2cpp-files\SPEEDSHOOTINGVR\manual-review-pack\A_must_review\070_p196_System.Array.InternalEnumerator_MaterialReference_$$MoveNext.c
71,196,A_must_review,System.Array.InternalEnumerator<MaterialReference>$$Dispose,015cb960,125,90_plus_framework_support_only_near_certain,eye_source; weak_source_state; validity_gate; pose_vector; ui_interaction; structure_combo,strong_eye_source_hits_1; weak_xr_or_state_hits_2; validity_or_gating_hits_1; strong_pose_or_ray_construction_hits_6; ui_or_gameplay_sink_hits_2; source_validity_pose_sink_structure; strong_eye_source_validity_pose_sink_structure; negative_framework_support_context_without_confirmed_app_level_gaze_flow; functionality_gaze_interaction_hits_2,base_scanner_score_125; module_bonus_validity_gate_8; module_bonus_pose_vector_10; module_bonus_ui_interaction_12; module_bonus_structure_combo_18; keyword_support_eye_or_gaze_5_bonus_20; keyword_support_sdk_1_bonus_3,C:\realDesktop\manifest-evaluations\summer-26\ghidra-pipeline\il2cpp-files\SPEEDSHOOTINGVR\general-structure-results\90_plus_framework_support_only_near_certain\015cb960_System.Array.InternalEnumerator_MaterialReference_$$Dispose.c,C:\realDesktop\manifest-evaluations\summer-26\ghidra-pipeline\il2cpp-files\SPEEDSHOOTINGVR\manual-review-pack\A_must_review\071_p196_System.Array.InternalEnumerator_MaterialReference_$$Dispose.c
72,195,A_must_review,OVRPlugin.OVRP_1_95_0$$ovrp_SetDeveloperTelemetryConsent,01dbe504,98,90_plus_uncertain_gaze_or_xr_structure_near_certain,eye_source; weak_source_state; validity_gate; telemetry,strong_eye_source_hits_2; weak_xr_or_state_hits_2; validity_or_gating_hits_1; telemetry_or_network_hits_2; functionality_data_collection_or_telemetry_hits_2,base_scanner_score_98; module_bonus_validity_gate_8; module_bonus_telemetry_20; evidence_bonus_telemetry_or_network_hits_12; sensitive_sink_telemetry_bonus_15; keyword_support_eye_or_gaze_5_bonus_20; keyword_support_sdk_2_bonus_6; keyword_support_collection_or_telemetry_4_bonus_16,C:\realDesktop\manifest-evaluations\summer-26\ghidra-pipeline\il2cpp-files\SPEEDSHOOTINGVR\general-structure-results\90_plus_uncertain_gaze_or_xr_structure_near_certain\01dbe504_OVRPlugin.OVRP_1_95_0$$ovrp_SetDeveloperTelemetryConsent.c,C:\realDesktop\manifest-evaluations\summer-26\ghidra-pipeline\il2cpp-files\SPEEDSHOOTINGVR\manual-review-pack\A_must_review\072_p195_OVRPlugin.OVRP_1_95_0$$ovrp_SetDeveloperTelemetryConsent.c
73,195,A_must_review,OVRPlugin.OVRP_1_72_0$$ovrp_RequestSceneCapture,01dba764,98,90_plus_uncertain_gaze_or_xr_structure_near_certain,eye_source; weak_source_state; validity_gate; telemetry,strong_eye_source_hits_2; weak_xr_or_state_hits_2; validity_or_gating_hits_1; telemetry_or_network_hits_2; functionality_data_collection_or_telemetry_hits_2,base_scanner_score_98; module_bonus_validity_gate_8; module_bonus_telemetry_20; evidence_bonus_telemetry_or_network_hits_12; sensitive_sink_telemetry_bonus_15; keyword_support_eye_or_gaze_5_bonus_20; keyword_support_sdk_2_bonus_6; keyword_support_collection_or_telemetry_4_bonus_16,C:\realDesktop\manifest-evaluations\summer-26\ghidra-pipeline\il2cpp-files\SPEEDSHOOTINGVR\general-structure-results\90_plus_uncertain_gaze_or_xr_structure_near_certain\01dba764_OVRPlugin.OVRP_1_72_0$$ovrp_RequestSceneCapture.c,C:\realDesktop\manifest-evaluations\summer-26\ghidra-pipeline\il2cpp-files\SPEEDSHOOTINGVR\manual-review-pack\A_must_review\073_p195_OVRPlugin.OVRP_1_72_0$$ovrp_RequestSceneCapture.c
74,194,A_must_review,System.Array.InternalEnumerator<FocusController.FocusedElement>$$System.Collections.IEnumerator.get_Current,015d76d0,123,90_plus_framework_support_only_near_certain,eye_source; weak_source_state; validity_gate; pose_vector; ui_interaction; structure_combo,strong_eye_source_hits_1; weak_xr_or_state_hits_2; validity_or_gating_hits_2; strong_pose_or_ray_construction_hits_2; ui_or_gameplay_sink_hits_4; source_validity_pose_sink_structure; strong_eye_source_validity_pose_sink_structure; negative_framework_support_context_without_confirmed_app_level_gaze_flow; functionality_gaze_interaction_hits_4,base_scanner_score_123; module_bonus_validity_gate_8; module_bonus_pose_vector_10; module_bonus_ui_interaction_12; module_bonus_structure_combo_18; keyword_support_eye_or_gaze_5_bonus_20; keyword_support_sdk_1_bonus_3,C:\realDesktop\manifest-evaluations\summer-26\ghidra-pipeline\il2cpp-files\SPEEDSHOOTINGVR\general-structure-results\90_plus_framework_support_only_near_certain\015d76d0_System.Array.InternalEnumerator_FocusController.FocusedElement_$$System.Collections.IEnumerator.get_Current.c,C:\realDesktop\manifest-evaluations\summer-26\ghidra-pipeline\il2cpp-files\SPEEDSHOOTINGVR\manual-review-pack\A_must_review\074_p194_System.Array.InternalEnumerator_FocusController.FocusedElement_$$System.Collections.IEnumerator.get_Current.c
75,194,A_must_review,System.Array.InternalEnumerator<FocusController.FocusedElement>$$System.Collections.IEnumerator.Reset,015d76c4,123,90_plus_framework_support_only_near_certain,eye_source; weak_source_state; validity_gate; pose_vector; ui_interaction; structure_combo,strong_eye_source_hits_1; weak_xr_or_state_hits_2; validity_or_gating_hits_2; strong_pose_or_ray_construction_hits_2; ui_or_gameplay_sink_hits_4; source_validity_pose_sink_structure; strong_eye_source_validity_pose_sink_structure; negative_framework_support_context_without_confirmed_app_level_gaze_flow; functionality_gaze_interaction_hits_4,base_scanner_score_123; module_bonus_validity_gate_8; module_bonus_pose_vector_10; module_bonus_ui_interaction_12; module_bonus_structure_combo_18; keyword_support_eye_or_gaze_5_bonus_20; keyword_support_sdk_1_bonus_3,C:\realDesktop\manifest-evaluations\summer-26\ghidra-pipeline\il2cpp-files\SPEEDSHOOTINGVR\general-structure-results\90_plus_framework_support_only_near_certain\015d76c4_System.Array.InternalEnumerator_FocusController.FocusedElement_$$System.Collections.IEnumerator.Reset.c,C:\realDesktop\manifest-evaluations\summer-26\ghidra-pipeline\il2cpp-files\SPEEDSHOOTINGVR\manual-review-pack\A_must_review\075_p194_System.Array.InternalEnumerator_FocusController.FocusedElement_$$System.Collections.IEnumerator.Reset.c
76,193,A_must_review,System.Array$$InternalArray__IReadOnlyList_get_Item<OVRPlugin.EyeGazeState>,011a13e4,149,90_plus_confirmed_gaze_retrieval_near_certain,eye_source; weak_source_state; validity_gate; pose_vector; attempted_use; active_gaze_retrieval,strong_eye_source_hits_4; weak_xr_or_state_hits_2; validity_or_gating_hits_2; strong_pose_or_ray_construction_hits_2; attempted_eye_tracking_permission_or_feature_enable; active_gaze_state_retrieval_with_validity_and_pose; functionality_gaze_retrieval_or_extraction,base_scanner_score_149; module_bonus_validity_gate_8; module_bonus_pose_vector_10; keyword_support_eye_or_gaze_5_bonus_20; keyword_support_sdk_2_bonus_6,C:\realDesktop\manifest-evaluations\summer-26\ghidra-pipeline\il2cpp-files\SPEEDSHOOTINGVR\general-structure-results\90_plus_confirmed_gaze_retrieval_near_certain\011a13e4_System.Array$$InternalArray__IReadOnlyList_get_Item_OVRPlugin.EyeGazeState_.c,C:\realDesktop\manifest-evaluations\summer-26\ghidra-pipeline\il2cpp-files\SPEEDSHOOTINGVR\manual-review-pack\A_must_review\076_p193_System.Array$$InternalArray__IReadOnlyList_get_Item_OVRPlugin.EyeGazeState_.c
77,191,A_must_review,System.Array.InternalEnumerator<TMP_TextProcessingStack<MaterialReference>>$$get_Current,015be708,120,90_plus_framework_support_only_near_certain,eye_source; weak_source_state; validity_gate; pose_vector; ui_interaction; structure_combo,strong_eye_source_hits_1; weak_xr_or_state_hits_2; validity_or_gating_hits_2; strong_pose_or_ray_construction_hits_2; ui_or_gameplay_sink_hits_2; source_validity_pose_sink_structure; strong_eye_source_validity_pose_sink_structure; negative_framework_support_context_without_confirmed_app_level_gaze_flow; functionality_gaze_interaction_hits_2,base_scanner_score_120; module_bonus_validity_gate_8; module_bonus_pose_vector_10; module_bonus_ui_interaction_12; module_bonus_structure_combo_18; keyword_support_eye_or_gaze_5_bonus_20; keyword_support_sdk_1_bonus_3,C:\realDesktop\manifest-evaluations\summer-26\ghidra-pipeline\il2cpp-files\SPEEDSHOOTINGVR\general-structure-results\90_plus_framework_support_only_near_certain\015be708_System.Array.InternalEnumerator_TMP_TextProcessingStack_MaterialReference_$$get_Current.c,C:\realDesktop\manifest-evaluations\summer-26\ghidra-pipeline\il2cpp-files\SPEEDSHOOTINGVR\manual-review-pack\A_must_review\077_p191_System.Array.InternalEnumerator_TMP_TextProcessingStack_MaterialReference_$$get_Current.c
78,191,A_must_review,System.Array.InternalEnumerator<TMP_TextProcessingStack<MaterialReference>>$$MoveNext,015be6b8,120,90_plus_framework_support_only_near_certain,eye_source; weak_source_state; validity_gate; pose_vector; ui_interaction; structure_combo,strong_eye_source_hits_1; weak_xr_or_state_hits_2; validity_or_gating_hits_2; strong_pose_or_ray_construction_hits_2; ui_or_gameplay_sink_hits_2; source_validity_pose_sink_structure; strong_eye_source_validity_pose_sink_structure; negative_framework_support_context_without_confirmed_app_level_gaze_flow; functionality_gaze_interaction_hits_2,base_scanner_score_120; module_bonus_validity_gate_8; module_bonus_pose_vector_10; module_bonus_ui_interaction_12; module_bonus_structure_combo_18; keyword_support_eye_or_gaze_5_bonus_20; keyword_support_sdk_1_bonus_3,C:\realDesktop\manifest-evaluations\summer-26\ghidra-pipeline\il2cpp-files\SPEEDSHOOTINGVR\general-structure-results\90_plus_framework_support_only_near_certain\015be6b8_System.Array.InternalEnumerator_TMP_TextProcessingStack_MaterialReference_$$MoveNext.c,C:\realDesktop\manifest-evaluations\summer-26\ghidra-pipeline\il2cpp-files\SPEEDSHOOTINGVR\manual-review-pack\A_must_review\078_p191_System.Array.InternalEnumerator_TMP_TextProcessingStack_MaterialReference_$$MoveNext.c
79,191,A_must_review,System.Array.InternalEnumerator<FocusController.FocusedElement>$$get_Current,015d75ec,120,90_plus_framework_support_only_near_certain,eye_source; weak_source_state; validity_gate; pose_vector; ui_interaction; structure_combo,strong_eye_source_hits_1; weak_xr_or_state_hits_2; validity_or_gating_hits_1; strong_pose_or_ray_construction_hits_2; ui_or_gameplay_sink_hits_4; source_validity_pose_sink_structure; strong_eye_source_validity_pose_sink_structure; negative_framework_support_context_without_confirmed_app_level_gaze_flow; functionality_gaze_interaction_hits_4,base_scanner_score_120; module_bonus_validity_gate_8; module_bonus_pose_vector_10; module_bonus_ui_interaction_12; module_bonus_structure_combo_18; keyword_support_eye_or_gaze_5_bonus_20; keyword_support_sdk_1_bonus_3,C:\realDesktop\manifest-evaluations\summer-26\ghidra-pipeline\il2cpp-files\SPEEDSHOOTINGVR\general-structure-results\90_plus_framework_support_only_near_certain\015d75ec_System.Array.InternalEnumerator_FocusController.FocusedElement_$$get_Current.c,C:\realDesktop\manifest-evaluations\summer-26\ghidra-pipeline\il2cpp-files\SPEEDSHOOTINGVR\manual-review-pack\A_must_review\079_p191_System.Array.InternalEnumerator_FocusController.FocusedElement_$$get_Current.c
80,190,A_must_review,System.Array.EmptyInternalEnumerator<OVRPlugin.EyeGazeState>$$get_Current,013e0ad8,146,90_plus_confirmed_gaze_retrieval_near_certain,eye_source; weak_source_state; validity_gate; pose_vector; attempted_use; active_gaze_retrieval,strong_eye_source_hits_4; weak_xr_or_state_hits_2; validity_or_gating_hits_1; strong_pose_or_ray_construction_hits_2; attempted_eye_tracking_permission_or_feature_enable; active_gaze_state_retrieval_with_validity_and_pose; functionality_gaze_retrieval_or_extraction,base_scanner_score_146; module_bonus_validity_gate_8; module_bonus_pose_vector_10; keyword_support_eye_or_gaze_5_bonus_20; keyword_support_sdk_2_bonus_6,C:\realDesktop\manifest-evaluations\summer-26\ghidra-pipeline\il2cpp-files\SPEEDSHOOTINGVR\general-structure-results\90_plus_confirmed_gaze_retrieval_near_certain\013e0ad8_System.Array.EmptyInternalEnumerator_OVRPlugin.EyeGazeState_$$get_Current.c,C:\realDesktop\manifest-evaluations\summer-26\ghidra-pipeline\il2cpp-files\SPEEDSHOOTINGVR\manual-review-pack\A_must_review\080_p190_System.Array.EmptyInternalEnumerator_OVRPlugin.EyeGazeState_$$get_Current.c
81,190,A_must_review,System.Array.EmptyInternalEnumerator<OVRPlugin.EyeGazeState>$$System.Collections.IEnumerator.get_Current,013e0b20,146,90_plus_confirmed_gaze_retrieval_near_certain,eye_source; weak_source_state; validity_gate; pose_vector; attempted_use; active_gaze_retrieval,strong_eye_source_hits_4; weak_xr_or_state_hits_2; validity_or_gating_hits_1; strong_pose_or_ray_construction_hits_2; attempted_eye_tracking_permission_or_feature_enable; active_gaze_state_retrieval_with_validity_and_pose; functionality_gaze_retrieval_or_extraction,base_scanner_score_146; module_bonus_validity_gate_8; module_bonus_pose_vector_10; keyword_support_eye_or_gaze_5_bonus_20; keyword_support_sdk_2_bonus_6,C:\realDesktop\manifest-evaluations\summer-26\ghidra-pipeline\il2cpp-files\SPEEDSHOOTINGVR\general-structure-results\90_plus_confirmed_gaze_retrieval_near_certain\013e0b20_System.Array.EmptyInternalEnumerator_OVRPlugin.EyeGazeState_$$System.Collections.IEnumerator.get_Current.c,C:\realDesktop\manifest-evaluations\summer-26\ghidra-pipeline\il2cpp-files\SPEEDSHOOTINGVR\manual-review-pack\A_must_review\081_p190_System.Array.EmptyInternalEnumerator_OVRPlugin.EyeGazeState_$$System.Collections.IEnumerator.get_Current.c
82,190,A_must_review,System.Array.EmptyInternalEnumerator<OVRPlugin.EyeGazeState>$$MoveNext,013e0ad0,146,90_plus_confirmed_gaze_retrieval_near_certain,eye_source; weak_source_state; validity_gate; pose_vector; attempted_use; active_gaze_retrieval,strong_eye_source_hits_4; weak_xr_or_state_hits_2; validity_or_gating_hits_1; strong_pose_or_ray_construction_hits_2; attempted_eye_tracking_permission_or_feature_enable; active_gaze_state_retrieval_with_validity_and_pose; functionality_gaze_retrieval_or_extraction,base_scanner_score_146; module_bonus_validity_gate_8; module_bonus_pose_vector_10; keyword_support_eye_or_gaze_5_bonus_20; keyword_support_sdk_2_bonus_6,C:\realDesktop\manifest-evaluations\summer-26\ghidra-pipeline\il2cpp-files\SPEEDSHOOTINGVR\general-structure-results\90_plus_confirmed_gaze_retrieval_near_certain\013e0ad0_System.Array.EmptyInternalEnumerator_OVRPlugin.EyeGazeState_$$MoveNext.c,C:\realDesktop\manifest-evaluations\summer-26\ghidra-pipeline\il2cpp-files\SPEEDSHOOTINGVR\manual-review-pack\A_must_review\082_p190_System.Array.EmptyInternalEnumerator_OVRPlugin.EyeGazeState_$$MoveNext.c
83,190,A_must_review,System.Array$$InternalArray__IndexOf<OVRPlugin.EyeGazeState>,011d6974,146,90_plus_confirmed_gaze_retrieval_near_certain,eye_source; weak_source_state; validity_gate; pose_vector; attempted_use; active_gaze_retrieval,strong_eye_source_hits_4; weak_xr_or_state_hits_2; validity_or_gating_hits_1; strong_pose_or_ray_construction_hits_2; attempted_eye_tracking_permission_or_feature_enable; active_gaze_state_retrieval_with_validity_and_pose; functionality_gaze_retrieval_or_extraction,base_scanner_score_146; module_bonus_validity_gate_8; module_bonus_pose_vector_10; keyword_support_eye_or_gaze_5_bonus_20; keyword_support_sdk_2_bonus_6,C:\realDesktop\manifest-evaluations\summer-26\ghidra-pipeline\il2cpp-files\SPEEDSHOOTINGVR\general-structure-results\90_plus_confirmed_gaze_retrieval_near_certain\011d6974_System.Array$$InternalArray__IndexOf_OVRPlugin.EyeGazeState_.c,C:\realDesktop\manifest-evaluations\summer-26\ghidra-pipeline\il2cpp-files\SPEEDSHOOTINGVR\manual-review-pack\A_must_review\083_p190_System.Array$$InternalArray__IndexOf_OVRPlugin.EyeGazeState_.c
84,190,A_must_review,System.Array$$InternalArray__IEnumerable_GetEnumerator<OVRPlugin.EyeGazeState>,011884ac,146,90_plus_confirmed_gaze_retrieval_near_certain,eye_source; weak_source_state; validity_gate; pose_vector; attempted_use; active_gaze_retrieval,strong_eye_source_hits_4; weak_xr_or_state_hits_2; validity_or_gating_hits_1; strong_pose_or_ray_construction_hits_2; attempted_eye_tracking_permission_or_feature_enable; active_gaze_state_retrieval_with_validity_and_pose; functionality_gaze_retrieval_or_extraction,base_scanner_score_146; module_bonus_validity_gate_8; module_bonus_pose_vector_10; keyword_support_eye_or_gaze_5_bonus_20; keyword_support_sdk_2_bonus_6,C:\realDesktop\manifest-evaluations\summer-26\ghidra-pipeline\il2cpp-files\SPEEDSHOOTINGVR\general-structure-results\90_plus_confirmed_gaze_retrieval_near_certain\011884ac_System.Array$$InternalArray__IEnumerable_GetEnumerator_OVRPlugin.EyeGazeState_.c,C:\realDesktop\manifest-evaluations\summer-26\ghidra-pipeline\il2cpp-files\SPEEDSHOOTINGVR\manual-review-pack\A_must_review\084_p190_System.Array$$InternalArray__IEnumerable_GetEnumerator_OVRPlugin.EyeGazeState_.c
85,189,A_must_review,OVRPlugin$$set_eyeTrackedFoveatedRenderingEnabled,01d83874,131,90_plus_attempted_dynamic_eye_tracked_foveation_near_certain,eye_source; weak_source_state; foveation_rendering; attempted_use; dynamic_foveation_possible,strong_eye_source_hits_6; weak_xr_or_state_hits_4; strong_foveation_hits_2; attempted_eye_tracking_permission_or_feature_enable; attempted_eye_tracking_with_foveated_rendering_path; functionality_foveated_rendering,base_scanner_score_131; module_bonus_foveation_rendering_20; sensitive_sink_foveation_bonus_12; keyword_support_eye_or_gaze_5_bonus_20; keyword_support_sdk_2_bonus_6,C:\realDesktop\manifest-evaluations\summer-26\ghidra-pipeline\il2cpp-files\SPEEDSHOOTINGVR\general-structure-results\90_plus_attempted_dynamic_eye_tracked_foveation_near_certain\01d83874_OVRPlugin$$set_eyeTrackedFoveatedRenderingEnabled.c,C:\realDesktop\manifest-evaluations\summer-26\ghidra-pipeline\il2cpp-files\SPEEDSHOOTINGVR\manual-review-pack\A_must_review\085_p189_OVRPlugin$$set_eyeTrackedFoveatedRenderingEnabled.c
86,189,A_must_review,OVRPlugin$$get_eyeTrackedFoveatedRenderingSupported,01d836bc,131,90_plus_attempted_dynamic_eye_tracked_foveation_near_certain,eye_source; weak_source_state; foveation_rendering; attempted_use; dynamic_foveation_possible,strong_eye_source_hits_6; weak_xr_or_state_hits_4; strong_foveation_hits_2; attempted_eye_tracking_permission_or_feature_enable; attempted_eye_tracking_with_foveated_rendering_path; functionality_foveated_rendering,base_scanner_score_131; module_bonus_foveation_rendering_20; sensitive_sink_foveation_bonus_12; keyword_support_eye_or_gaze_5_bonus_20; keyword_support_sdk_2_bonus_6,C:\realDesktop\manifest-evaluations\summer-26\ghidra-pipeline\il2cpp-files\SPEEDSHOOTINGVR\general-structure-results\90_plus_attempted_dynamic_eye_tracked_foveation_near_certain\01d836bc_OVRPlugin$$get_eyeTrackedFoveatedRenderingSupported.c,C:\realDesktop\manifest-evaluations\summer-26\ghidra-pipeline\il2cpp-files\SPEEDSHOOTINGVR\manual-review-pack\A_must_review\086_p189_OVRPlugin$$get_eyeTrackedFoveatedRenderingSupported.c
87,189,A_must_review,OVRPlugin$$get_eyeTrackedFoveatedRenderingEnabled,01d83788,131,90_plus_attempted_dynamic_eye_tracked_foveation_near_certain,eye_source; weak_source_state; foveation_rendering; attempted_use; dynamic_foveation_possible,strong_eye_source_hits_6; weak_xr_or_state_hits_6; strong_foveation_hits_2; attempted_eye_tracking_permission_or_feature_enable; attempted_eye_tracking_with_foveated_rendering_path; functionality_foveated_rendering,base_scanner_score_131; module_bonus_foveation_rendering_20; sensitive_sink_foveation_bonus_12; keyword_support_eye_or_gaze_5_bonus_20; keyword_support_sdk_2_bonus_6,C:\realDesktop\manifest-evaluations\summer-26\ghidra-pipeline\il2cpp-files\SPEEDSHOOTINGVR\general-structure-results\90_plus_attempted_dynamic_eye_tracked_foveation_near_certain\01d83788_OVRPlugin$$get_eyeTrackedFoveatedRenderingEnabled.c,C:\realDesktop\manifest-evaluations\summer-26\ghidra-pipeline\il2cpp-files\SPEEDSHOOTINGVR\manual-review-pack\A_must_review\087_p189_OVRPlugin$$get_eyeTrackedFoveatedRenderingEnabled.c
88,188,A_must_review,System.Array.InternalEnumerator<MaterialReference>$$System.Collections.IEnumerator.get_Current,015cbacc,117,90_plus_framework_support_only_near_certain,eye_source; weak_source_state; validity_gate; pose_vector; ui_interaction; structure_combo,strong_eye_source_hits_1; weak_xr_or_state_hits_2; validity_or_gating_hits_1; strong_pose_or_ray_construction_hits_2; ui_or_gameplay_sink_hits_2; source_validity_pose_sink_structure; strong_eye_source_validity_pose_sink_structure; negative_framework_support_context_without_confirmed_app_level_gaze_flow; functionality_gaze_interaction_hits_2,base_scanner_score_117; module_bonus_validity_gate_8; module_bonus_pose_vector_10; module_bonus_ui_interaction_12; module_bonus_structure_combo_18; keyword_support_eye_or_gaze_5_bonus_20; keyword_support_sdk_1_bonus_3,C:\realDesktop\manifest-evaluations\summer-26\ghidra-pipeline\il2cpp-files\SPEEDSHOOTINGVR\general-structure-results\90_plus_framework_support_only_near_certain\015cbacc_System.Array.InternalEnumerator_MaterialReference_$$System.Collections.IEnumerator.get_Current.c,C:\realDesktop\manifest-evaluations\summer-26\ghidra-pipeline\il2cpp-files\SPEEDSHOOTINGVR\manual-review-pack\A_must_review\088_p188_System.Array.InternalEnumerator_MaterialReference_$$System.Collections.IEnumerator.get_Current.c
89,188,A_must_review,Meta.XR.ImmersiveDebugger.Telemetry.TelemetryTracker$$.ctor,01b13a58,97,90_plus_uncertain_gaze_or_xr_structure_near_certain,eye_source; validity_gate; telemetry,strong_eye_source_hits_1; validity_or_gating_hits_6; telemetry_or_network_hits_4; functionality_data_collection_or_telemetry_hits_4,base_scanner_score_97; module_bonus_validity_gate_8; module_bonus_telemetry_20; evidence_bonus_telemetry_or_network_hits_12; sensitive_sink_telemetry_bonus_15; keyword_support_eye_or_gaze_5_bonus_20; keyword_support_collection_or_telemetry_4_bonus_16,C:\realDesktop\manifest-evaluations\summer-26\ghidra-pipeline\il2cpp-files\SPEEDSHOOTINGVR\general-structure-results\90_plus_uncertain_gaze_or_xr_structure_near_certain\01b13a58_Meta.XR.ImmersiveDebugger.Telemetry.TelemetryTracker$$.ctor.c,C:\realDesktop\manifest-evaluations\summer-26\ghidra-pipeline\il2cpp-files\SPEEDSHOOTINGVR\manual-review-pack\A_must_review\089_p188_Meta.XR.ImmersiveDebugger.Telemetry.TelemetryTracker$$.ctor.c
90,188,A_must_review,FUN_01e8d96c,01e8d96c,94,90_plus_uncertain_gaze_or_xr_structure_near_certain,eye_source; weak_source_state; validity_gate; telemetry,strong_eye_source_hits_1; weak_xr_or_state_hits_1; validity_or_gating_hits_8; telemetry_or_network_hits_1; functionality_data_collection_or_telemetry_hits_1,base_scanner_score_94; module_bonus_validity_gate_8; module_bonus_telemetry_20; evidence_bonus_telemetry_or_network_hits_12; sensitive_sink_telemetry_bonus_15; keyword_support_eye_or_gaze_5_bonus_20; keyword_support_sdk_1_bonus_3; keyword_support_collection_or_telemetry_4_bonus_16,C:\realDesktop\manifest-evaluations\summer-26\ghidra-pipeline\il2cpp-files\SPEEDSHOOTINGVR\general-structure-results\90_plus_uncertain_gaze_or_xr_structure_near_certain\01e8d96c_FUN_01e8d96c.c,C:\realDesktop\manifest-evaluations\summer-26\ghidra-pipeline\il2cpp-files\SPEEDSHOOTINGVR\manual-review-pack\A_must_review\090_p188_FUN_01e8d96c.c
91,188,A_must_review,FUN_01e84134,01e84134,94,90_plus_uncertain_gaze_or_xr_structure_near_certain,eye_source; weak_source_state; validity_gate; telemetry,strong_eye_source_hits_1; weak_xr_or_state_hits_1; validity_or_gating_hits_6; telemetry_or_network_hits_1; functionality_data_collection_or_telemetry_hits_1,base_scanner_score_94; module_bonus_validity_gate_8; module_bonus_telemetry_20; evidence_bonus_telemetry_or_network_hits_12; sensitive_sink_telemetry_bonus_15; keyword_support_eye_or_gaze_5_bonus_20; keyword_support_sdk_1_bonus_3; keyword_support_collection_or_telemetry_4_bonus_16,C:\realDesktop\manifest-evaluations\summer-26\ghidra-pipeline\il2cpp-files\SPEEDSHOOTINGVR\general-structure-results\90_plus_uncertain_gaze_or_xr_structure_near_certain\01e84134_FUN_01e84134.c,C:\realDesktop\manifest-evaluations\summer-26\ghidra-pipeline\il2cpp-files\SPEEDSHOOTINGVR\manual-review-pack\A_must_review\091_p188_FUN_01e84134.c
92,188,A_must_review,OVRPlugin.OVRP_1_71_0$$ovrp_UnityOpenXR_OnSessionDestroy,01db9b94,93,90_plus_uncertain_gaze_or_xr_structure_near_certain,eye_source; weak_source_state; telemetry,strong_eye_source_hits_3; weak_xr_or_state_hits_7; telemetry_or_network_hits_2; functionality_data_collection_or_telemetry_hits_2,base_scanner_score_93; module_bonus_telemetry_20; evidence_bonus_telemetry_or_network_hits_12; sensitive_sink_telemetry_bonus_15; keyword_support_eye_or_gaze_5_bonus_20; keyword_support_sdk_4_bonus_12; keyword_support_collection_or_telemetry_4_bonus_16,C:\realDesktop\manifest-evaluations\summer-26\ghidra-pipeline\il2cpp-files\SPEEDSHOOTINGVR\general-structure-results\90_plus_uncertain_gaze_or_xr_structure_near_certain\01db9b94_OVRPlugin.OVRP_1_71_0$$ovrp_UnityOpenXR_OnSessionDestroy.c,C:\realDesktop\manifest-evaluations\summer-26\ghidra-pipeline\il2cpp-files\SPEEDSHOOTINGVR\manual-review-pack\A_must_review\092_p188_OVRPlugin.OVRP_1_71_0$$ovrp_UnityOpenXR_OnSessionDestroy.c
93,187,A_must_review,OVRPlugin.OVRP_1_78_0$$ovrp_GetFoveationEyeTracked,01dbb190,129,90_plus_attempted_dynamic_eye_tracked_foveation_near_certain,eye_source; weak_source_state; foveation_rendering; attempted_use; dynamic_foveation_possible,strong_eye_source_hits_6; weak_xr_or_state_hits_2; strong_foveation_hits_2; attempted_eye_tracking_permission_or_feature_enable; attempted_eye_tracking_with_foveated_rendering_path; functionality_foveated_rendering,base_scanner_score_129; module_bonus_foveation_rendering_20; sensitive_sink_foveation_bonus_12; keyword_support_eye_or_gaze_5_bonus_20; keyword_support_sdk_2_bonus_6,C:\realDesktop\manifest-evaluations\summer-26\ghidra-pipeline\il2cpp-files\SPEEDSHOOTINGVR\general-structure-results\90_plus_attempted_dynamic_eye_tracked_foveation_near_certain\01dbb190_OVRPlugin.OVRP_1_78_0$$ovrp_GetFoveationEyeTracked.c,C:\realDesktop\manifest-evaluations\summer-26\ghidra-pipeline\il2cpp-files\SPEEDSHOOTINGVR\manual-review-pack\A_must_review\093_p187_OVRPlugin.OVRP_1_78_0$$ovrp_GetFoveationEyeTracked.c
94,185,A_must_review,OVRPlugin$$StartColocationSessionAdvertisement,01d94f7c,91,90_plus_uncertain_gaze_or_xr_structure_near_certain,eye_source; weak_source_state; telemetry; frame_behavior,strong_eye_source_hits_2; weak_xr_or_state_hits_2; telemetry_or_network_hits_2; frame_or_lifecycle_behavior; functionality_data_collection_or_telemetry_hits_2,base_scanner_score_91; module_bonus_telemetry_20; module_bonus_frame_behavior_5; evidence_bonus_telemetry_or_network_hits_12; sensitive_sink_telemetry_bonus_15; keyword_support_eye_or_gaze_5_bonus_20; keyword_support_sdk_2_bonus_6; keyword_support_collection_or_telemetry_4_bonus_16,C:\realDesktop\manifest-evaluations\summer-26\ghidra-pipeline\il2cpp-files\SPEEDSHOOTINGVR\general-structure-results\90_plus_uncertain_gaze_or_xr_structure_near_certain\01d94f7c_OVRPlugin$$StartColocationSessionAdvertisement.c,C:\realDesktop\manifest-evaluations\summer-26\ghidra-pipeline\il2cpp-files\SPEEDSHOOTINGVR\manual-review-pack\A_must_review\094_p185_OVRPlugin$$StartColocationSessionAdvertisement.c
95,183,A_must_review,System.Array.InternalEnumerator<OVRPassthroughLayer.SerializedSurfaceGeometry>$$System.Collections.IEnumerator.get_Current,015d96d8,99,90_plus_framework_support_only_near_certain,eye_source; weak_source_state; pose_vector; telemetry,strong_eye_source_hits_1; weak_xr_or_state_hits_2; strong_pose_or_ray_construction_hits_2; telemetry_or_network_hits_2; functionality_eye_api_context_without_clear_sink_hits_1,base_scanner_score_99; module_bonus_pose_vector_10; module_bonus_telemetry_20; evidence_bonus_telemetry_or_network_hits_12; sensitive_sink_telemetry_bonus_15; keyword_support_eye_or_gaze_4_bonus_16; keyword_support_sdk_1_bonus_3; keyword_support_collection_or_telemetry_2_bonus_8,C:\realDesktop\manifest-evaluations\summer-26\ghidra-pipeline\il2cpp-files\SPEEDSHOOTINGVR\general-structure-results\90_plus_framework_support_only_near_certain\015d96d8_System.Array.InternalEnumerator_OVRPassthroughLayer.SerializedSurfaceGeometry_$$System.Collections.IEnumerator.get_Current.c,C:\realDesktop\manifest-evaluations\summer-26\ghidra-pipeline\il2cpp-files\SPEEDSHOOTINGVR\manual-review-pack\A_must_review\095_p183_System.Array.InternalEnumerator_OVRPassthroughLayer.SerializedSurfaceGeometry_$$System.Collections.IEnumerator.get_Current.c
96,183,A_must_review,Meta.XR.Samples.SampleMetadata$$SendEvent,01d50c28,92,90_plus_uncertain_gaze_or_xr_structure_near_certain,eye_source; validity_gate; telemetry,strong_eye_source_hits_1; validity_or_gating_hits_11; telemetry_or_network_hits_2; functionality_data_collection_or_telemetry_hits_2,base_scanner_score_92; module_bonus_validity_gate_8; module_bonus_telemetry_20; evidence_bonus_telemetry_or_network_hits_12; sensitive_sink_telemetry_bonus_15; keyword_support_eye_or_gaze_5_bonus_20; keyword_support_collection_or_telemetry_4_bonus_16,C:\realDesktop\manifest-evaluations\summer-26\ghidra-pipeline\il2cpp-files\SPEEDSHOOTINGVR\general-structure-results\90_plus_uncertain_gaze_or_xr_structure_near_certain\01d50c28_Meta.XR.Samples.SampleMetadata$$SendEvent.c,C:\realDesktop\manifest-evaluations\summer-26\ghidra-pipeline\il2cpp-files\SPEEDSHOOTINGVR\manual-review-pack\A_must_review\096_p183_Meta.XR.Samples.SampleMetadata$$SendEvent.c
97,183,A_must_review,Meta.XR.ImmersiveDebugger.Telemetry$$IsTypeCustom,01b130b8,92,90_plus_uncertain_gaze_or_xr_structure_near_certain,eye_source; validity_gate; telemetry,strong_eye_source_hits_1; validity_or_gating_hits_9; telemetry_or_network_hits_2; functionality_data_collection_or_telemetry_hits_2,base_scanner_score_92; module_bonus_validity_gate_8; module_bonus_telemetry_20; evidence_bonus_telemetry_or_network_hits_12; sensitive_sink_telemetry_bonus_15; keyword_support_eye_or_gaze_5_bonus_20; keyword_support_collection_or_telemetry_4_bonus_16,C:\realDesktop\manifest-evaluations\summer-26\ghidra-pipeline\il2cpp-files\SPEEDSHOOTINGVR\general-structure-results\90_plus_uncertain_gaze_or_xr_structure_near_certain\01b130b8_Meta.XR.ImmersiveDebugger.Telemetry$$IsTypeCustom.c,C:\realDesktop\manifest-evaluations\summer-26\ghidra-pipeline\il2cpp-files\SPEEDSHOOTINGVR\manual-review-pack\A_must_review\097_p183_Meta.XR.ImmersiveDebugger.Telemetry$$IsTypeCustom.c
98,183,A_must_review,Meta.XR.ImmersiveDebugger.Telemetry$$FetchPanel,01b136d0,92,90_plus_uncertain_gaze_or_xr_structure_near_certain,eye_source; validity_gate; telemetry,strong_eye_source_hits_1; validity_or_gating_hits_9; telemetry_or_network_hits_2; functionality_data_collection_or_telemetry_hits_2,base_scanner_score_92; module_bonus_validity_gate_8; module_bonus_telemetry_20; evidence_bonus_telemetry_or_network_hits_12; sensitive_sink_telemetry_bonus_15; keyword_support_eye_or_gaze_5_bonus_20; keyword_support_collection_or_telemetry_4_bonus_16,C:\realDesktop\manifest-evaluations\summer-26\ghidra-pipeline\il2cpp-files\SPEEDSHOOTINGVR\general-structure-results\90_plus_uncertain_gaze_or_xr_structure_near_certain\01b136d0_Meta.XR.ImmersiveDebugger.Telemetry$$FetchPanel.c,C:\realDesktop\manifest-evaluations\summer-26\ghidra-pipeline\il2cpp-files\SPEEDSHOOTINGVR\manual-review-pack\A_must_review\098_p183_Meta.XR.ImmersiveDebugger.Telemetry$$FetchPanel.c
99,183,A_must_review,Meta.XR.ImmersiveDebugger.Manager.TweakManagerForAddon$$get_TelemetryAnnotation,01b36cb8,92,90_plus_uncertain_gaze_or_xr_structure_near_certain,eye_source; validity_gate; telemetry,strong_eye_source_hits_1; validity_or_gating_hits_6; telemetry_or_network_hits_2; functionality_data_collection_or_telemetry_hits_2,base_scanner_score_92; module_bonus_validity_gate_8; module_bonus_telemetry_20; evidence_bonus_telemetry_or_network_hits_12; sensitive_sink_telemetry_bonus_15; keyword_support_eye_or_gaze_5_bonus_20; keyword_support_collection_or_telemetry_4_bonus_16,C:\realDesktop\manifest-evaluations\summer-26\ghidra-pipeline\il2cpp-files\SPEEDSHOOTINGVR\general-structure-results\90_plus_uncertain_gaze_or_xr_structure_near_certain\01b36cb8_Meta.XR.ImmersiveDebugger.Manager.TweakManagerForAddon$$get_TelemetryAnnotation.c,C:\realDesktop\manifest-evaluations\summer-26\ghidra-pipeline\il2cpp-files\SPEEDSHOOTINGVR\manual-review-pack\A_must_review\099_p183_Meta.XR.ImmersiveDebugger.Manager.TweakManagerForAddon$$get_TelemetryAnnotation.c
100,183,A_must_review,Meta.XR.ImmersiveDebugger.Manager.GizmoManagerForAddon$$get_TelemetryAnnotation,01b37b2c,92,90_plus_uncertain_gaze_or_xr_structure_near_certain,eye_source; validity_gate; telemetry,strong_eye_source_hits_1; validity_or_gating_hits_8; telemetry_or_network_hits_2; functionality_data_collection_or_telemetry_hits_2,base_scanner_score_92; module_bonus_validity_gate_8; module_bonus_telemetry_20; evidence_bonus_telemetry_or_network_hits_12; sensitive_sink_telemetry_bonus_15; keyword_support_eye_or_gaze_5_bonus_20; keyword_support_collection_or_telemetry_4_bonus_16,C:\realDesktop\manifest-evaluations\summer-26\ghidra-pipeline\il2cpp-files\SPEEDSHOOTINGVR\general-structure-results\90_plus_uncertain_gaze_or_xr_structure_near_certain\01b37b2c_Meta.XR.ImmersiveDebugger.Manager.GizmoManagerForAddon$$get_TelemetryAnnotation.c,C:\realDesktop\manifest-evaluations\summer-26\ghidra-pipeline\il2cpp-files\SPEEDSHOOTINGVR\manual-review-pack\A_must_review\100_p183_Meta.XR.ImmersiveDebugger.Manager.GizmoManagerForAddon$$get_TelemetryAnnotation.c
