function_name,entry_point,score,label,eye_tracking_decision,use_classification,framework_context,functionality,modules,evidence,file_path
"FUN_03f947f0","03f947f0","70","70_high_general_structure_review_high","no","unrelated_or_generic_structure","app_or_custom_namespace","","weak_source_state;validity_gate;telemetry","weak_xr_or_state_hits_4;validity_or_gating_hits_21;telemetry_or_network_hits_3","C:\realDesktop\manifest-evaluations\summer-26\ghidra-pipeline\il2cpp-files\cac\general-structure-results\70_high_general_structure_review_high\03f947f0_FUN_03f947f0.c"
"AlterEyes.ColorACube.Analytics.AnalyticsTimer$$StartPaintingEvent","03f9bbb0","81","70_high_general_structure_review_high","no","unrelated_or_generic_structure","app_or_custom_namespace","","validity_gate;ui_interaction;telemetry;frame_behavior;keyword_support","validity_or_gating_hits_2;ui_or_gameplay_sink_hits_2;telemetry_or_network_hits_4;frame_or_lifecycle_behavior;eye_or_gaze_keyword_boost_only","C:\realDesktop\manifest-evaluations\summer-26\ghidra-pipeline\il2cpp-files\cac\general-structure-results\70_high_general_structure_review_high\03f9bbb0_AlterEyes.ColorACube.Analytics.AnalyticsTimer$$StartPaintingEvent.c"
"AlterEyes.ColorACube.Analytics.AnalyticsTimer$$Handle","03f9c6cc","87","70_high_general_structure_review_high","no","unrelated_or_generic_structure","app_or_custom_namespace","","validity_gate;ui_interaction;telemetry;frame_behavior;keyword_support","validity_or_gating_hits_5;ui_or_gameplay_sink_hits_2;telemetry_or_network_hits_4;frame_or_lifecycle_behavior;eye_or_gaze_keyword_boost_only","C:\realDesktop\manifest-evaluations\summer-26\ghidra-pipeline\il2cpp-files\cac\general-structure-results\70_high_general_structure_review_high\03f9c6cc_AlterEyes.ColorACube.Analytics.AnalyticsTimer$$Handle.c"
"AlterEyes.ColorACube.Analytics.AnalyticsTimer$$.ctor","03f9cea4","78","70_high_general_structure_review_high","no","unrelated_or_generic_structure","app_or_custom_namespace","","validity_gate;ui_interaction;telemetry;frame_behavior;keyword_support","validity_or_gating_hits_1;ui_or_gameplay_sink_hits_2;telemetry_or_network_hits_4;frame_or_lifecycle_behavior;eye_or_gaze_keyword_boost_only","C:\realDesktop\manifest-evaluations\summer-26\ghidra-pipeline\il2cpp-files\cac\general-structure-results\70_high_general_structure_review_high\03f9cea4_AlterEyes.ColorACube.Analytics.AnalyticsTimer$$.ctor.c"
"AlterEyes.ColorACube.Analytics.AnalyticsTimer.<>c$$.cctor","03f9d818","78","70_high_general_structure_review_high","no","unrelated_or_generic_structure","app_or_custom_namespace","","validity_gate;ui_interaction;telemetry;keyword_support","validity_or_gating_hits_3;ui_or_gameplay_sink_hits_2;telemetry_or_network_hits_4;eye_or_gaze_keyword_boost_only","C:\realDesktop\manifest-evaluations\summer-26\ghidra-pipeline\il2cpp-files\cac\general-structure-results\70_high_general_structure_review_high\03f9d818_AlterEyes.ColorACube.Analytics.AnalyticsTimer._c$$.cctor.c"
"AlterEyes.ColorACube.Analytics.AnalyticsTimer.<>c$$.ctor","03f9d880","75","70_high_general_structure_review_high","no","unrelated_or_generic_structure","app_or_custom_namespace","","validity_gate;ui_interaction;telemetry;keyword_support","validity_or_gating_hits_2;ui_or_gameplay_sink_hits_2;telemetry_or_network_hits_4;eye_or_gaze_keyword_boost_only","C:\realDesktop\manifest-evaluations\summer-26\ghidra-pipeline\il2cpp-files\cac\general-structure-results\70_high_general_structure_review_high\03f9d880_AlterEyes.ColorACube.Analytics.AnalyticsTimer._c$$.ctor.c"
"AlterEyes.ColorACube.Analytics.AnalyticsTimer.<>c$$<SendUserProgressEvent>b__14_0","03f9d888","78","70_high_general_structure_review_high","no","unrelated_or_generic_structure","app_or_custom_namespace","","validity_gate;ui_interaction;telemetry;keyword_support","validity_or_gating_hits_3;ui_or_gameplay_sink_hits_2;telemetry_or_network_hits_4;eye_or_gaze_keyword_boost_only","C:\realDesktop\manifest-evaluations\summer-26\ghidra-pipeline\il2cpp-files\cac\general-structure-results\70_high_general_structure_review_high\03f9d888_AlterEyes.ColorACube.Analytics.AnalyticsTimer._c$$_SendUserProgressEvent_b__14_0.c"
"AlterEyes.ColorACube.Analytics.AnalyticsTimer.<>c__DisplayClass14_0$$.ctor","03f9d8cc","72","70_high_general_structure_review_high","no","unrelated_or_generic_structure","app_or_custom_namespace","","validity_gate;ui_interaction;telemetry;keyword_support","validity_or_gating_hits_1;ui_or_gameplay_sink_hits_2;telemetry_or_network_hits_4;eye_or_gaze_keyword_boost_only","C:\realDesktop\manifest-evaluations\summer-26\ghidra-pipeline\il2cpp-files\cac\general-structure-results\70_high_general_structure_review_high\03f9d8cc_AlterEyes.ColorACube.Analytics.AnalyticsTimer._c__DisplayClass14_0$$.ctor.c"
"AlterEyes.ColorACube.Analytics.AnalyticsTimer.<>c__DisplayClass14_0$$<SendUserProgressEvent>b__1","03f9d8d4","72","70_high_general_structure_review_high","no","unrelated_or_generic_structure","app_or_custom_namespace","","validity_gate;ui_interaction;telemetry;keyword_support","validity_or_gating_hits_1;ui_or_gameplay_sink_hits_2;telemetry_or_network_hits_4;eye_or_gaze_keyword_boost_only","C:\realDesktop\manifest-evaluations\summer-26\ghidra-pipeline\il2cpp-files\cac\general-structure-results\70_high_general_structure_review_high\03f9d8d4_AlterEyes.ColorACube.Analytics.AnalyticsTimer._c__DisplayClass14_0$$_SendUserProgressEvent_b__1.c"
"AlterEyes.ColorACube.Analytics.AnalyticsTimer.<>c__DisplayClass14_0$$<SendUserProgressEvent>b__2","03f9d9c4","78","70_high_general_structure_review_high","no","unrelated_or_generic_structure","app_or_custom_namespace","","validity_gate;ui_interaction;telemetry;keyword_support","validity_or_gating_hits_3;ui_or_gameplay_sink_hits_2;telemetry_or_network_hits_4;eye_or_gaze_keyword_boost_only","C:\realDesktop\manifest-evaluations\summer-26\ghidra-pipeline\il2cpp-files\cac\general-structure-results\70_high_general_structure_review_high\03f9d9c4_AlterEyes.ColorACube.Analytics.AnalyticsTimer._c__DisplayClass14_0$$_SendUserProgressEvent_b__2.c"
"AlterEyes.Common.Serializeable.SerializableVector2Float$$ConvertToVector2","03fa59d4","76","70_high_uncertain_gaze_or_xr_structure_high","uncertain","unrelated_or_generic_structure","app_or_custom_namespace","","validity_gate;pose_vector;telemetry;keyword_support","validity_or_gating_hits_2;strong_pose_or_ray_construction_hits_2;telemetry_or_network_hits_2;eye_or_gaze_keyword_boost_only","C:\realDesktop\manifest-evaluations\summer-26\ghidra-pipeline\il2cpp-files\cac\general-structure-results\70_high_uncertain_gaze_or_xr_structure_high\03fa59d4_AlterEyes.Common.Serializeable.SerializableVector2Float$$ConvertToVector2.c"
"AlterEyes.Common.Math.VectorHelper$$GetClosestRaycastHit","03fadea8","76","70_high_general_structure_review_high","no","unrelated_or_generic_structure","app_or_custom_namespace","","validity_gate;ray_interaction;data_collection;keyword_support","validity_or_gating_hits_2;ray_or_cast_sink_hits_4;strong_file_logging_hits_2;eye_or_gaze_keyword_boost_only","C:\realDesktop\manifest-evaluations\summer-26\ghidra-pipeline\il2cpp-files\cac\general-structure-results\70_high_general_structure_review_high\03fadea8_AlterEyes.Common.Math.VectorHelper$$GetClosestRaycastHit.c"
"DA_Assets.FCU.RequestSender.<MoveRequestProgressBarToEnd>d__18$$System.IDisposable.Dispose","04012574","79","70_high_general_structure_review_high","no","unrelated_or_generic_structure","app_or_custom_namespace","","validity_gate;pose_vector;telemetry","validity_or_gating_hits_5;strong_pose_or_ray_construction_hits_2;telemetry_or_network_hits_4","C:\realDesktop\manifest-evaluations\summer-26\ghidra-pipeline\il2cpp-files\cac\general-structure-results\70_high_general_structure_review_high\04012574_DA_Assets.FCU.RequestSender._MoveRequestProgressBarToEnd_d__18$$System.IDisposable.Dispose.c"
"DA_Assets.FCU.RequestSender.<UpdateRequestProgressBar>d__17$$System.IDisposable.Dispose","04012690","76","70_high_general_structure_review_high","no","unrelated_or_generic_structure","app_or_custom_namespace","","validity_gate;pose_vector;telemetry;frame_behavior","validity_or_gating_hits_1;strong_pose_or_ray_construction_hits_2;telemetry_or_network_hits_4;frame_or_lifecycle_behavior","C:\realDesktop\manifest-evaluations\summer-26\ghidra-pipeline\il2cpp-files\cac\general-structure-results\70_high_general_structure_review_high\04012690_DA_Assets.FCU.RequestSender._UpdateRequestProgressBar_d__17$$System.IDisposable.Dispose.c"
"FUN_042ea51c","042ea51c","78","70_high_general_structure_review_high","no","unrelated_or_generic_structure","app_or_custom_namespace","","validity_gate;pose_vector;telemetry","validity_or_gating_hits_4;strong_pose_or_ray_construction_hits_3;telemetry_or_network_hits_2","C:\realDesktop\manifest-evaluations\summer-26\ghidra-pipeline\il2cpp-files\cac\general-structure-results\70_high_general_structure_review_high\042ea51c_FUN_042ea51c.c"
"FUN_042ee5d8","042ee5d8","74","70_high_general_structure_review_high","no","unrelated_or_generic_structure","app_or_custom_namespace","","validity_gate;pose_vector;telemetry","validity_or_gating_hits_5;strong_pose_or_ray_construction_hits_2;telemetry_or_network_hits_2","C:\realDesktop\manifest-evaluations\summer-26\ghidra-pipeline\il2cpp-files\cac\general-structure-results\70_high_general_structure_review_high\042ee5d8_FUN_042ee5d8.c"
"FUN_042f8cc0","042f8cc0","74","70_high_general_structure_review_high","no","unrelated_or_generic_structure","app_or_custom_namespace","","validity_gate;pose_vector;telemetry","validity_or_gating_hits_4;strong_pose_or_ray_construction_hits_2;telemetry_or_network_hits_2","C:\realDesktop\manifest-evaluations\summer-26\ghidra-pipeline\il2cpp-files\cac\general-structure-results\70_high_general_structure_review_high\042f8cc0_FUN_042f8cc0.c"
"FUN_04301e70","04301e70","88","70_high_general_structure_review_high","no","unrelated_or_generic_structure","app_or_custom_namespace","","validity_gate;pose_vector;paired_state_refs;telemetry","validity_or_gating_hits_5;strong_pose_or_ray_construction_hits_4;paired_field_refs_with_structure_only;telemetry_or_network_hits_2","C:\realDesktop\manifest-evaluations\summer-26\ghidra-pipeline\il2cpp-files\cac\general-structure-results\70_high_general_structure_review_high\04301e70_FUN_04301e70.c"
"FUN_0430b52c","0430b52c","80","70_high_general_structure_review_high","no","unrelated_or_generic_structure","app_or_custom_namespace","","validity_gate;pose_vector;paired_state_refs;telemetry","validity_or_gating_hits_4;strong_pose_or_ray_construction_hits_2;paired_field_refs_with_structure_only;telemetry_or_network_hits_2","C:\realDesktop\manifest-evaluations\summer-26\ghidra-pipeline\il2cpp-files\cac\general-structure-results\70_high_general_structure_review_high\0430b52c_FUN_0430b52c.c"
"System.Array$$BinarySearch<NamespaceDefinitionHandle>","0434fb58","71","70_high_general_structure_review_high","no","unrelated_or_generic_structure","framework_namespace_with_project_hint","","validity_gate;pose_vector;telemetry","validity_or_gating_hits_3;strong_pose_or_ray_construction_hits_2;telemetry_or_network_hits_2","C:\realDesktop\manifest-evaluations\summer-26\ghidra-pipeline\il2cpp-files\cac\general-structure-results\70_high_general_structure_review_high\0434fb58_System.Array$$BinarySearch_NamespaceDefinitionHandle_.c"
"System.Array$$BinarySearch<ProbeVolumeBakingSet.SerializedPerSceneCellList>","04365444","73","70_high_general_structure_review_high","no","unrelated_or_generic_structure","framework_namespace_with_project_hint","","validity_gate;pose_vector;telemetry","validity_or_gating_hits_2;strong_pose_or_ray_construction_hits_2;telemetry_or_network_hits_4","C:\realDesktop\manifest-evaluations\summer-26\ghidra-pipeline\il2cpp-files\cac\general-structure-results\70_high_general_structure_review_high\04365444_System.Array$$BinarySearch_ProbeVolumeBakingSet.SerializedPerSceneCellList_.c"
"FUN_0436b968","0436b968","82","70_high_general_structure_review_high","no","unrelated_or_generic_structure","app_or_custom_namespace","","validity_gate;pose_vector;telemetry","validity_or_gating_hits_4;strong_pose_or_ray_construction_hits_4;telemetry_or_network_hits_2","C:\realDesktop\manifest-evaluations\summer-26\ghidra-pipeline\il2cpp-files\cac\general-structure-results\70_high_general_structure_review_high\0436b968_FUN_0436b968.c"
"System.Array$$IndexOf<KeyValuePair<NamespaceDefinitionHandle,-object>>","04374b20","74","70_high_general_structure_review_high","no","unrelated_or_generic_structure","framework_namespace_with_project_hint","","validity_gate;pose_vector;telemetry","validity_or_gating_hits_4;strong_pose_or_ray_construction_hits_2;telemetry_or_network_hits_2","C:\realDesktop\manifest-evaluations\summer-26\ghidra-pipeline\il2cpp-files\cac\general-structure-results\70_high_general_structure_review_high\04374b20_System.Array$$IndexOf_KeyValuePair_NamespaceDefinitionHandle_-object_.c"
"System.Array$$IndexOf<PlayerLoopSystemInternal>","0437fd58","71","70_high_general_structure_review_high","no","unrelated_or_generic_structure","framework_namespace_with_project_hint","","validity_gate;pose_vector;paired_state_refs;telemetry","validity_or_gating_hits_1;strong_pose_or_ray_construction_hits_2;paired_field_refs_with_structure_only;telemetry_or_network_hits_2","C:\realDesktop\manifest-evaluations\summer-26\ghidra-pipeline\il2cpp-files\cac\general-structure-results\70_high_general_structure_review_high\0437fd58_System.Array$$IndexOf_PlayerLoopSystemInternal_.c"
"System.Array$$IndexOf<ProbeVolumePerSceneData.ObsoleteSerializablePerScenarioDataItem>","0438c4c0","71","70_high_general_structure_review_high","no","unrelated_or_generic_structure","framework_namespace_with_project_hint","","validity_gate;pose_vector;telemetry","validity_or_gating_hits_3;strong_pose_or_ray_construction_hits_2;telemetry_or_network_hits_2","C:\realDesktop\manifest-evaluations\summer-26\ghidra-pipeline\il2cpp-files\cac\general-structure-results\70_high_general_structure_review_high\0438c4c0_System.Array$$IndexOf_ProbeVolumePerSceneData.ObsoleteSerializablePerScenarioDataItem_.c"
"System.Array$$IndexOfImpl<CharacterSubstitutor.CharReplacement>","043975ec","71","70_high_general_structure_review_high","no","unrelated_or_generic_structure","framework_namespace_with_project_hint","","validity_gate;pose_vector;paired_state_refs;telemetry","validity_or_gating_hits_1;strong_pose_or_ray_construction_hits_2;paired_field_refs_with_structure_only;telemetry_or_network_hits_2","C:\realDesktop\manifest-evaluations\summer-26\ghidra-pipeline\il2cpp-files\cac\general-structure-results\70_high_general_structure_review_high\043975ec_System.Array$$IndexOfImpl_CharacterSubstitutor.CharReplacement_.c"
"System.Array$$InternalArray__IReadOnlyList_get_Item<XmlTextWriter.Namespace>","0451aadc","70","70_high_general_structure_review_high","no","unrelated_or_generic_structure","framework_namespace_with_project_hint","","validity_gate;pose_vector;data_collection","validity_or_gating_hits_10;strong_pose_or_ray_construction_hits_2;strong_file_logging_hits_2","C:\realDesktop\manifest-evaluations\summer-26\ghidra-pipeline\il2cpp-files\cac\general-structure-results\70_high_general_structure_review_high\0451aadc_System.Array$$InternalArray__IReadOnlyList_get_Item_XmlTextWriter.Namespace_.c"
"System.Array$$InternalArray__IndexOf<Dictionary.Entry<NamespaceDefinitionHandle,-object>>","045248f0","77","70_high_general_structure_review_high","no","unrelated_or_generic_structure","framework_namespace_with_project_hint","","validity_gate;pose_vector;paired_state_refs;telemetry","validity_or_gating_hits_3;strong_pose_or_ray_construction_hits_2;paired_field_refs_with_structure_only;telemetry_or_network_hits_2","C:\realDesktop\manifest-evaluations\summer-26\ghidra-pipeline\il2cpp-files\cac\general-structure-results\70_high_general_structure_review_high\045248f0_System.Array$$InternalArray__IndexOf_Dictionary.Entry_NamespaceDefinitionHandle_-object_.c"
"System.Array$$InternalArray__set_Item<StyleCursor>","04656964","85","70_high_general_structure_review_high","no","unrelated_or_generic_structure","framework_namespace_with_project_hint","","validity_gate;pose_vector;ui_interaction;telemetry","validity_or_gating_hits_3;strong_pose_or_ray_construction_hits_2;ui_or_gameplay_sink_hits_2;telemetry_or_network_hits_2","C:\realDesktop\manifest-evaluations\summer-26\ghidra-pipeline\il2cpp-files\cac\general-structure-results\70_high_general_structure_review_high\04656964_System.Array$$InternalArray__set_Item_StyleCursor_.c"
"System.Array$$InternalArray__set_Item<InputEventTrace.DeviceInfo>","046671b0","71","70_high_general_structure_review_high","no","unrelated_or_generic_structure","framework_namespace_with_project_hint","","validity_gate;pose_vector;telemetry","validity_or_gating_hits_3;strong_pose_or_ray_construction_hits_2;telemetry_or_network_hits_2","C:\realDesktop\manifest-evaluations\summer-26\ghidra-pipeline\il2cpp-files\cac\general-structure-results\70_high_general_structure_review_high\046671b0_System.Array$$InternalArray__set_Item_InputEventTrace.DeviceInfo_.c"
"FUN_04796aa8","04796aa8","82","70_high_general_structure_review_high","no","unrelated_or_generic_structure","app_or_custom_namespace","","validity_gate;pose_vector;telemetry","validity_or_gating_hits_4;strong_pose_or_ray_construction_hits_10;telemetry_or_network_hits_2","C:\realDesktop\manifest-evaluations\summer-26\ghidra-pipeline\il2cpp-files\cac\general-structure-results\70_high_general_structure_review_high\04796aa8_FUN_04796aa8.c"
"FUN_04798b00","04798b00","82","70_high_general_structure_review_high","no","unrelated_or_generic_structure","app_or_custom_namespace","","validity_gate;pose_vector;telemetry","validity_or_gating_hits_4;strong_pose_or_ray_construction_hits_18;telemetry_or_network_hits_2","C:\realDesktop\manifest-evaluations\summer-26\ghidra-pipeline\il2cpp-files\cac\general-structure-results\70_high_general_structure_review_high\04798b00_FUN_04798b00.c"
"System.Collections.Immutable.ImmutableArray$$CreateRange<NamespaceDefinitionHandle>","048da0f0","74","70_high_general_structure_review_high","no","unrelated_or_generic_structure","framework_namespace_with_project_hint","","validity_gate;pose_vector;telemetry","validity_or_gating_hits_9;strong_pose_or_ray_construction_hits_2;telemetry_or_network_hits_2","C:\realDesktop\manifest-evaluations\summer-26\ghidra-pipeline\il2cpp-files\cac\general-structure-results\70_high_general_structure_review_high\048da0f0_System.Collections.Immutable.ImmutableArray$$CreateRange_NamespaceDefinitionHandle_.c"
"Newtonsoft.Json.JsonConvert$$DeserializeObject<FigmaImageRequest>","04914198","78","70_high_general_structure_review_high","no","unrelated_or_generic_structure","app_or_custom_namespace","","validity_gate;data_collection;telemetry","validity_or_gating_hits_1;strong_file_logging_hits_2;telemetry_or_network_hits_4","C:\realDesktop\manifest-evaluations\summer-26\ghidra-pipeline\il2cpp-files\cac\general-structure-results\70_high_general_structure_review_high\04914198_Newtonsoft.Json.JsonConvert$$DeserializeObject_FigmaImageRequest_.c"
"Newtonsoft.Json.JsonConvert$$DeserializeObject<FigmaProject>","04914298","73","70_high_general_structure_review_high","no","unrelated_or_generic_structure","app_or_custom_namespace","","validity_gate;data_collection;telemetry","validity_or_gating_hits_1;strong_file_logging_hits_2;telemetry_or_network_hits_2","C:\realDesktop\manifest-evaluations\summer-26\ghidra-pipeline\il2cpp-files\cac\general-structure-results\70_high_general_structure_review_high\04914298_Newtonsoft.Json.JsonConvert$$DeserializeObject_FigmaProject_.c"
"Newtonsoft.Json.JsonConvert$$DeserializeObject<object>","049145a4","73","70_high_general_structure_review_high","no","unrelated_or_generic_structure","app_or_custom_namespace","","validity_gate;data_collection;telemetry","validity_or_gating_hits_1;strong_file_logging_hits_2;telemetry_or_network_hits_2","C:\realDesktop\manifest-evaluations\summer-26\ghidra-pipeline\il2cpp-files\cac\general-structure-results\70_high_general_structure_review_high\049145a4_Newtonsoft.Json.JsonConvert$$DeserializeObject_object_.c"
"Newtonsoft.Json.JsonSerializer$$Deserialize<Int32Enum>","04928f9c","81","70_high_general_structure_review_high","no","unrelated_or_generic_structure","app_or_custom_namespace","","validity_gate;data_collection;telemetry","validity_or_gating_hits_2;strong_file_logging_hits_2;telemetry_or_network_hits_4","C:\realDesktop\manifest-evaluations\summer-26\ghidra-pipeline\il2cpp-files\cac\general-structure-results\70_high_general_structure_review_high\04928f9c_Newtonsoft.Json.JsonSerializer$$Deserialize_Int32Enum_.c"
"Unity.Properties.PathVisitor$$Unity.Properties.IPropertyBagVisitor.Visit<StyleTransformOrigin>","049d9f7c","71","70_high_general_structure_review_high","no","unrelated_or_generic_structure","app_or_custom_namespace","","validity_gate;pose_vector;telemetry","validity_or_gating_hits_3;strong_pose_or_ray_construction_hits_2;telemetry_or_network_hits_2","C:\realDesktop\manifest-evaluations\summer-26\ghidra-pipeline\il2cpp-files\cac\general-structure-results\70_high_general_structure_review_high\049d9f7c_Unity.Properties.PathVisitor$$Unity.Properties.IPropertyBagVisitor.Visit_StyleTransformOrigin_.c"
"FUN_049db150","049db150","70","70_high_general_structure_review_high","no","unrelated_or_generic_structure","app_or_custom_namespace","","validity_gate;pose_vector;telemetry","validity_or_gating_hits_5;strong_pose_or_ray_construction_hits_1;telemetry_or_network_hits_2","C:\realDesktop\manifest-evaluations\summer-26\ghidra-pipeline\il2cpp-files\cac\general-structure-results\70_high_general_structure_review_high\049db150_FUN_049db150.c"
"Unity.Properties.PropertyContainer$$Accept<StyleBackgroundPosition>","04a41d68","71","70_high_general_structure_review_high","no","unrelated_or_generic_structure","app_or_custom_namespace","","validity_gate;pose_vector;telemetry","validity_or_gating_hits_3;strong_pose_or_ray_construction_hits_2;telemetry_or_network_hits_2","C:\realDesktop\manifest-evaluations\summer-26\ghidra-pipeline\il2cpp-files\cac\general-structure-results\70_high_general_structure_review_high\04a41d68_Unity.Properties.PropertyContainer$$Accept_StyleBackgroundPosition_.c"
"FUN_04a43c80","04a43c80","78","70_high_general_structure_review_high","no","unrelated_or_generic_structure","app_or_custom_namespace","","validity_gate;pose_vector;telemetry","validity_or_gating_hits_4;strong_pose_or_ray_construction_hits_3;telemetry_or_network_hits_2","C:\realDesktop\manifest-evaluations\summer-26\ghidra-pipeline\il2cpp-files\cac\general-structure-results\70_high_general_structure_review_high\04a43c80_FUN_04a43c80.c"
"Unity.Properties.PropertyContainer$$Accept<StyleTextShadow>","04a43cbc","75","70_high_general_structure_review_high","no","unrelated_or_generic_structure","app_or_custom_namespace","","validity_gate;pose_vector;telemetry","validity_or_gating_hits_3;strong_pose_or_ray_construction_hits_3;telemetry_or_network_hits_2","C:\realDesktop\manifest-evaluations\summer-26\ghidra-pipeline\il2cpp-files\cac\general-structure-results\70_high_general_structure_review_high\04a43cbc_Unity.Properties.PropertyContainer$$Accept_StyleTextShadow_.c"
"Unity.Properties.PropertyContainer$$TryAccept<BackgroundPosition>","04a485b4","71","70_high_general_structure_review_high","no","unrelated_or_generic_structure","app_or_custom_namespace","","validity_gate;pose_vector;paired_state_refs;telemetry","validity_or_gating_hits_1;strong_pose_or_ray_construction_hits_2;paired_field_refs_with_structure_only;telemetry_or_network_hits_2","C:\realDesktop\manifest-evaluations\summer-26\ghidra-pipeline\il2cpp-files\cac\general-structure-results\70_high_general_structure_review_high\04a485b4_Unity.Properties.PropertyContainer$$TryAccept_BackgroundPosition_.c"
"Sirenix.Serialization.Serializer$$Get<Vector3>","04abdcb4","71","70_high_general_structure_review_high","no","unrelated_or_generic_structure","app_or_custom_namespace","","validity_gate;pose_vector;telemetry","validity_or_gating_hits_3;strong_pose_or_ray_construction_hits_2;telemetry_or_network_hits_2","C:\realDesktop\manifest-evaluations\summer-26\ghidra-pipeline\il2cpp-files\cac\general-structure-results\70_high_general_structure_review_high\04abdcb4_Sirenix.Serialization.Serializer$$Get_Vector3_.c"
"Unity.VisualScripting.FullSerializer.fsBaseConverter$$DeserializeMember<Vector2>","04c43e88","76","70_high_general_structure_review_high","no","unrelated_or_generic_structure","app_or_custom_namespace","","validity_gate;pose_vector;telemetry","validity_or_gating_hits_3;strong_pose_or_ray_construction_hits_2;telemetry_or_network_hits_4","C:\realDesktop\manifest-evaluations\summer-26\ghidra-pipeline\il2cpp-files\cac\general-structure-results\70_high_general_structure_review_high\04c43e88_Unity.VisualScripting.FullSerializer.fsBaseConverter$$DeserializeMember_Vector2_.c"
"Unity.VisualScripting.FullSerializer.fsBaseConverter$$SerializeMember<Vector3>","04c44d28","79","70_high_general_structure_review_high","no","unrelated_or_generic_structure","app_or_custom_namespace","","validity_gate;pose_vector;telemetry","validity_or_gating_hits_5;strong_pose_or_ray_construction_hits_2;telemetry_or_network_hits_4","C:\realDesktop\manifest-evaluations\summer-26\ghidra-pipeline\il2cpp-files\cac\general-structure-results\70_high_general_structure_review_high\04c44d28_Unity.VisualScripting.FullSerializer.fsBaseConverter$$SerializeMember_Vector3_.c"
"Unity.VisualScripting.EventUnit.<>c__DisplayClass14_0<Vector2>$$.ctor","04cbe638","71","70_high_general_structure_review_high","no","unrelated_or_generic_structure","app_or_custom_namespace","","validity_gate;pose_vector;paired_state_refs;telemetry","validity_or_gating_hits_1;strong_pose_or_ray_construction_hits_2;paired_field_refs_with_structure_only;telemetry_or_network_hits_2","C:\realDesktop\manifest-evaluations\summer-26\ghidra-pipeline\il2cpp-files\cac\general-structure-results\70_high_general_structure_review_high\04cbe638_Unity.VisualScripting.EventUnit._c__DisplayClass14_0_Vector2_$$.ctor.c"
"Unity.Jobs.IJobParallelForExtensions.ParallelForJobStruct.ExecuteJobFunction<ARPointCloudManager.PointCloudRaycastJob>$$Invoke","04ec5ffc","85","70_high_general_structure_review_high","no","unrelated_or_generic_structure","app_or_custom_namespace","","validity_gate;ray_interaction;ui_interaction;telemetry","validity_or_gating_hits_2;ray_or_cast_sink_hits_2;ui_or_gameplay_sink_hits_4;telemetry_or_network_hits_2","C:\realDesktop\manifest-evaluations\summer-26\ghidra-pipeline\il2cpp-files\cac\general-structure-results\70_high_general_structure_review_high\04ec5ffc_Unity.Jobs.IJobParallelForExtensions.ParallelForJobStruct.ExecuteJobFunction_ARPointCloudManager.PointCloudRaycastJob_$$Invoke.c"
"FUN_05114d9c","05114d9c","80","70_high_general_structure_review_high","no","unrelated_or_generic_structure","app_or_custom_namespace","","validity_gate;pose_vector;paired_state_refs;telemetry","validity_or_gating_hits_17;strong_pose_or_ray_construction_hits_2;paired_field_refs_with_structure_only;telemetry_or_network_hits_2","C:\realDesktop\manifest-evaluations\summer-26\ghidra-pipeline\il2cpp-files\cac\general-structure-results\70_high_general_structure_review_high\05114d9c_FUN_05114d9c.c"
"FUN_05117714","05117714","80","70_high_general_structure_review_high","no","unrelated_or_generic_structure","app_or_custom_namespace","","validity_gate;pose_vector;paired_state_refs;telemetry","validity_or_gating_hits_7;strong_pose_or_ray_construction_hits_2;paired_field_refs_with_structure_only;telemetry_or_network_hits_2","C:\realDesktop\manifest-evaluations\summer-26\ghidra-pipeline\il2cpp-files\cac\general-structure-results\70_high_general_structure_review_high\05117714_FUN_05117714.c"
"FUN_05117908","05117908","80","70_high_general_structure_review_high","no","unrelated_or_generic_structure","app_or_custom_namespace","","validity_gate;pose_vector;paired_state_refs;telemetry","validity_or_gating_hits_12;strong_pose_or_ray_construction_hits_2;paired_field_refs_with_structure_only;telemetry_or_network_hits_2","C:\realDesktop\manifest-evaluations\summer-26\ghidra-pipeline\il2cpp-files\cac\general-structure-results\70_high_general_structure_review_high\05117908_FUN_05117908.c"
"FUN_0511a034","0511a034","80","70_high_general_structure_review_high","no","unrelated_or_generic_structure","app_or_custom_namespace","","validity_gate;pose_vector;paired_state_refs;telemetry","validity_or_gating_hits_16;strong_pose_or_ray_construction_hits_2;paired_field_refs_with_structure_only;telemetry_or_network_hits_2","C:\realDesktop\manifest-evaluations\summer-26\ghidra-pipeline\il2cpp-files\cac\general-structure-results\70_high_general_structure_review_high\0511a034_FUN_0511a034.c"
"FUN_0511ad78","0511ad78","88","70_high_general_structure_review_high","no","unrelated_or_generic_structure","app_or_custom_namespace","","validity_gate;pose_vector;paired_state_refs;telemetry","validity_or_gating_hits_6;strong_pose_or_ray_construction_hits_8;paired_field_refs_with_structure_only;telemetry_or_network_hits_2","C:\realDesktop\manifest-evaluations\summer-26\ghidra-pipeline\il2cpp-files\cac\general-structure-results\70_high_general_structure_review_high\0511ad78_FUN_0511ad78.c"
"FUN_0511b674","0511b674","80","70_high_general_structure_review_high","no","unrelated_or_generic_structure","app_or_custom_namespace","","validity_gate;pose_vector;paired_state_refs;telemetry","validity_or_gating_hits_15;strong_pose_or_ray_construction_hits_2;paired_field_refs_with_structure_only;telemetry_or_network_hits_2","C:\realDesktop\manifest-evaluations\summer-26\ghidra-pipeline\il2cpp-files\cac\general-structure-results\70_high_general_structure_review_high\0511b674_FUN_0511b674.c"
"System.Collections.Immutable.ImmutableArray<PEBuilder.SerializedSection>$$Replace","0511e7e0","76","70_high_general_structure_review_high","no","unrelated_or_generic_structure","framework_namespace_with_project_hint","","validity_gate;pose_vector;telemetry","validity_or_gating_hits_2;strong_pose_or_ray_construction_hits_4;telemetry_or_network_hits_2","C:\realDesktop\manifest-evaluations\summer-26\ghidra-pipeline\il2cpp-files\cac\general-structure-results\70_high_general_structure_review_high\0511e7e0_System.Collections.Immutable.ImmutableArray_PEBuilder.SerializedSection_$$Replace.c"
"FUN_0511ecdc","0511ecdc","89","70_high_general_structure_review_high","no","unrelated_or_generic_structure","app_or_custom_namespace","","validity_gate;pose_vector;paired_state_refs;telemetry","validity_or_gating_hits_7;strong_pose_or_ray_construction_hits_8;paired_field_refs_with_structure_only;telemetry_or_network_hits_4;cap_below_near_certain_without_eye_anchor_or_ordered_structure","C:\realDesktop\manifest-evaluations\summer-26\ghidra-pipeline\il2cpp-files\cac\general-structure-results\70_high_general_structure_review_high\0511ecdc_FUN_0511ecdc.c"
"System.Collections.Immutable.ImmutableArray<PEBuilder.SerializedSection>$$System.Collections.Immutable.IImmutableList<T>.Replace","05120d4c","73","70_high_general_structure_review_high","no","unrelated_or_generic_structure","framework_namespace_with_project_hint","","validity_gate;pose_vector;telemetry","validity_or_gating_hits_1;strong_pose_or_ray_construction_hits_4;telemetry_or_network_hits_2","C:\realDesktop\manifest-evaluations\summer-26\ghidra-pipeline\il2cpp-files\cac\general-structure-results\70_high_general_structure_review_high\05120d4c_System.Collections.Immutable.ImmutableArray_PEBuilder.SerializedSection_$$System.Collections.Immutable.IImmutableList_T_.Replace.c"
"FUN_05121454","05121454","75","70_high_general_structure_review_high","no","unrelated_or_generic_structure","app_or_custom_namespace","","validity_gate;pose_vector;paired_state_refs;telemetry","validity_or_gating_hits_5;strong_pose_or_ray_construction_hits_2;paired_field_refs_with_structure_only;telemetry_or_network_hits_1","C:\realDesktop\manifest-evaluations\summer-26\ghidra-pipeline\il2cpp-files\cac\general-structure-results\70_high_general_structure_review_high\05121454_FUN_05121454.c"
"Unity.Properties.IndexedCollectionPropertyBagEnumerable<StyleBackgroundPosition>$$.ctor","05156778","74","70_high_general_structure_review_high","no","unrelated_or_generic_structure","app_or_custom_namespace","","validity_gate;pose_vector;telemetry","validity_or_gating_hits_16;strong_pose_or_ray_construction_hits_2;telemetry_or_network_hits_2","C:\realDesktop\manifest-evaluations\summer-26\ghidra-pipeline\il2cpp-files\cac\general-structure-results\70_high_general_structure_review_high\05156778_Unity.Properties.IndexedCollectionPropertyBagEnumerable_StyleBackgroundPosition_$$.ctor.c"
"Unity.Properties.IndexedCollectionPropertyBagEnumerable<StyleBackgroundPosition>$$GetEnumerator","051567a4","74","70_high_general_structure_review_high","no","unrelated_or_generic_structure","app_or_custom_namespace","","validity_gate;pose_vector;telemetry","validity_or_gating_hits_16;strong_pose_or_ray_construction_hits_2;telemetry_or_network_hits_2","C:\realDesktop\manifest-evaluations\summer-26\ghidra-pipeline\il2cpp-files\cac\general-structure-results\70_high_general_structure_review_high\051567a4_Unity.Properties.IndexedCollectionPropertyBagEnumerable_StyleBackgroundPosition_$$GetEnumerator.c"
"Unity.Properties.IndexedCollectionPropertyBagEnumerator<StyleEnum<Int32Enum>>$$Dispose","05157fe4","71","70_high_general_structure_review_high","no","unrelated_or_generic_structure","app_or_custom_namespace","","validity_gate;pose_vector;telemetry","validity_or_gating_hits_3;strong_pose_or_ray_construction_hits_2;telemetry_or_network_hits_2","C:\realDesktop\manifest-evaluations\summer-26\ghidra-pipeline\il2cpp-files\cac\general-structure-results\70_high_general_structure_review_high\05157fe4_Unity.Properties.IndexedCollectionPropertyBagEnumerator_StyleEnum_Int32Enum_$$Dispose.c"
"Unity.Properties.IndexedCollectionPropertyBagEnumerator<BoundsInt>$$Dispose","0515abcc","80","70_high_general_structure_review_high","no","unrelated_or_generic_structure","app_or_custom_namespace","","validity_gate;pose_vector;paired_state_refs;telemetry","validity_or_gating_hits_13;strong_pose_or_ray_construction_hits_2;paired_field_refs_with_structure_only;telemetry_or_network_hits_2","C:\realDesktop\manifest-evaluations\summer-26\ghidra-pipeline\il2cpp-files\cac\general-structure-results\70_high_general_structure_review_high\0515abcc_Unity.Properties.IndexedCollectionPropertyBagEnumerator_BoundsInt_$$Dispose.c"
"System.Array.InternalEnumerator<ProbeVolumeBakingSet.SerializedPerSceneCellList>$$get_Current","052780a4","80","70_high_general_structure_review_high","no","unrelated_or_generic_structure","framework_namespace_with_project_hint","","validity_gate;pose_vector;paired_state_refs;telemetry","validity_or_gating_hits_5;strong_pose_or_ray_construction_hits_2;paired_field_refs_with_structure_only;telemetry_or_network_hits_2","C:\realDesktop\manifest-evaluations\summer-26\ghidra-pipeline\il2cpp-files\cac\general-structure-results\70_high_general_structure_review_high\052780a4_System.Array.InternalEnumerator_ProbeVolumeBakingSet.SerializedPerSceneCellList_$$get_Current.c"
"System.Array.InternalEnumerator<ProbeVolumeBakingSet.SerializedPerSceneCellList>$$System.Collections.IEnumerator.Reset","05278180","80","70_high_general_structure_review_high","no","unrelated_or_generic_structure","framework_namespace_with_project_hint","","validity_gate;pose_vector;paired_state_refs;telemetry","validity_or_gating_hits_4;strong_pose_or_ray_construction_hits_2;paired_field_refs_with_structure_only;telemetry_or_network_hits_2","C:\realDesktop\manifest-evaluations\summer-26\ghidra-pipeline\il2cpp-files\cac\general-structure-results\70_high_general_structure_review_high\05278180_System.Array.InternalEnumerator_ProbeVolumeBakingSet.SerializedPerSceneCellList_$$System.Collections.IEnumerator.Reset.c"
"System.Array.InternalEnumerator<ProbeVolumeBakingSet.SerializedPerSceneCellList>$$System.Collections.IEnumerator.get_Current","0527818c","80","70_high_general_structure_review_high","no","unrelated_or_generic_structure","framework_namespace_with_project_hint","","validity_gate;pose_vector;paired_state_refs;telemetry","validity_or_gating_hits_4;strong_pose_or_ray_construction_hits_2;paired_field_refs_with_structure_only;telemetry_or_network_hits_2","C:\realDesktop\manifest-evaluations\summer-26\ghidra-pipeline\il2cpp-files\cac\general-structure-results\70_high_general_structure_review_high\0527818c_System.Array.InternalEnumerator_ProbeVolumeBakingSet.SerializedPerSceneCellList_$$System.Collections.IEnumerator.get_Current.c"
"Sirenix.Serialization.MinimalBaseFormatter<LayerMask>$$Deserialize","058b1768","71","70_high_general_structure_review_high","no","unrelated_or_generic_structure","app_or_custom_namespace","","validity_gate;ray_interaction;telemetry","validity_or_gating_hits_3;ray_or_cast_sink_hits_2;telemetry_or_network_hits_2","C:\realDesktop\manifest-evaluations\summer-26\ghidra-pipeline\il2cpp-files\cac\general-structure-results\70_high_general_structure_review_high\058b1768_Sirenix.Serialization.MinimalBaseFormatter_LayerMask_$$Deserialize.c"
"Sirenix.Serialization.MinimalBaseFormatter<Vector2>$$Deserialize","058fba54","71","70_high_general_structure_review_high","no","unrelated_or_generic_structure","app_or_custom_namespace","","validity_gate;pose_vector;telemetry","validity_or_gating_hits_3;strong_pose_or_ray_construction_hits_2;telemetry_or_network_hits_2","C:\realDesktop\manifest-evaluations\summer-26\ghidra-pipeline\il2cpp-files\cac\general-structure-results\70_high_general_structure_review_high\058fba54_Sirenix.Serialization.MinimalBaseFormatter_Vector2_$$Deserialize.c"
"Sirenix.Serialization.MinimalBaseFormatter<Vector2>$$Serialize","058fbb28","71","70_high_general_structure_review_high","no","unrelated_or_generic_structure","app_or_custom_namespace","","validity_gate;pose_vector;telemetry","validity_or_gating_hits_3;strong_pose_or_ray_construction_hits_2;telemetry_or_network_hits_2","C:\realDesktop\manifest-evaluations\summer-26\ghidra-pipeline\il2cpp-files\cac\general-structure-results\70_high_general_structure_review_high\058fbb28_Sirenix.Serialization.MinimalBaseFormatter_Vector2_$$Serialize.c"
"Sirenix.Serialization.MinimalBaseFormatter<Vector2>$$RegisterReferenceID","058fbd94","74","70_high_general_structure_review_high","no","unrelated_or_generic_structure","app_or_custom_namespace","","validity_gate;pose_vector;telemetry","validity_or_gating_hits_8;strong_pose_or_ray_construction_hits_2;telemetry_or_network_hits_2","C:\realDesktop\manifest-evaluations\summer-26\ghidra-pipeline\il2cpp-files\cac\general-structure-results\70_high_general_structure_review_high\058fbd94_Sirenix.Serialization.MinimalBaseFormatter_Vector2_$$RegisterReferenceID.c"
"Sirenix.Serialization.MinimalBaseFormatter<Vector2>$$.ctor","058fbfdc","74","70_high_general_structure_review_high","no","unrelated_or_generic_structure","app_or_custom_namespace","","validity_gate;pose_vector;telemetry","validity_or_gating_hits_7;strong_pose_or_ray_construction_hits_2;telemetry_or_network_hits_2","C:\realDesktop\manifest-evaluations\summer-26\ghidra-pipeline\il2cpp-files\cac\general-structure-results\70_high_general_structure_review_high\058fbfdc_Sirenix.Serialization.MinimalBaseFormatter_Vector2_$$.ctor.c"
"Sirenix.Serialization.MinimalBaseFormatter<Vector2>$$.cctor","058fbfe4","74","70_high_general_structure_review_high","no","unrelated_or_generic_structure","app_or_custom_namespace","","validity_gate;pose_vector;telemetry","validity_or_gating_hits_7;strong_pose_or_ray_construction_hits_2;telemetry_or_network_hits_2","C:\realDesktop\manifest-evaluations\summer-26\ghidra-pipeline\il2cpp-files\cac\general-structure-results\70_high_general_structure_review_high\058fbfe4_Sirenix.Serialization.MinimalBaseFormatter_Vector2_$$.cctor.c"
"Sirenix.Serialization.MinimalBaseFormatter<Vector4>$$get_SerializedType","058fd494","74","70_high_general_structure_review_high","no","unrelated_or_generic_structure","app_or_custom_namespace","","validity_gate;pose_vector;telemetry","validity_or_gating_hits_7;strong_pose_or_ray_construction_hits_2;telemetry_or_network_hits_2","C:\realDesktop\manifest-evaluations\summer-26\ghidra-pipeline\il2cpp-files\cac\general-structure-results\70_high_general_structure_review_high\058fd494_Sirenix.Serialization.MinimalBaseFormatter_Vector4_$$get_SerializedType.c"
"Sirenix.Serialization.MinimalBaseFormatter<Vector4>$$Sirenix.Serialization.IFormatter.Serialize","058fd5f0","74","70_high_general_structure_review_high","no","unrelated_or_generic_structure","app_or_custom_namespace","","validity_gate;pose_vector;telemetry","validity_or_gating_hits_5;strong_pose_or_ray_construction_hits_2;telemetry_or_network_hits_2","C:\realDesktop\manifest-evaluations\summer-26\ghidra-pipeline\il2cpp-files\cac\general-structure-results\70_high_general_structure_review_high\058fd5f0_Sirenix.Serialization.MinimalBaseFormatter_Vector4_$$Sirenix.Serialization.IFormatter.Serialize.c"
"System.Nullable<ImmutableArray<NamespaceDefinitionHandle>>$$Unbox","05a575a0","82","70_high_general_structure_review_high","no","unrelated_or_generic_structure","framework_namespace_with_project_hint","","validity_gate;pose_vector;telemetry","validity_or_gating_hits_4;strong_pose_or_ray_construction_hits_4;telemetry_or_network_hits_2","C:\realDesktop\manifest-evaluations\summer-26\ghidra-pipeline\il2cpp-files\cac\general-structure-results\70_high_general_structure_review_high\05a575a0_System.Nullable_ImmutableArray_NamespaceDefinitionHandle_$$Unbox.c"
"System.Nullable<ImmutableArray<NamespaceDefinitionHandle>>$$UnboxExact","05a5765c","76","70_high_general_structure_review_high","no","unrelated_or_generic_structure","framework_namespace_with_project_hint","","validity_gate;pose_vector;telemetry","validity_or_gating_hits_2;strong_pose_or_ray_construction_hits_4;telemetry_or_network_hits_2","C:\realDesktop\manifest-evaluations\summer-26\ghidra-pipeline\il2cpp-files\cac\general-structure-results\70_high_general_structure_review_high\05a5765c_System.Nullable_ImmutableArray_NamespaceDefinitionHandle_$$UnboxExact.c"
"FUN_05ea0db0","05ea0db0","73","70_high_general_structure_review_high","no","unrelated_or_generic_structure","app_or_custom_namespace","","validity_gate;pose_vector;telemetry","validity_or_gating_hits_1;strong_pose_or_ray_construction_hits_4;telemetry_or_network_hits_2","C:\realDesktop\manifest-evaluations\summer-26\ghidra-pipeline\il2cpp-files\cac\general-structure-results\70_high_general_structure_review_high\05ea0db0_FUN_05ea0db0.c"
"Unity.Properties.TypeConverter<StyleBackgroundPosition,-BackgroundPosition>$$Invoke","061d09cc","73","70_high_general_structure_review_high","no","unrelated_or_generic_structure","app_or_custom_namespace","","validity_gate;pose_vector;paired_state_refs;ui_interaction","validity_or_gating_hits_21;strong_pose_or_ray_construction_hits_4;paired_field_refs_with_structure_only;ui_or_gameplay_sink_hits_3","C:\realDesktop\manifest-evaluations\summer-26\ghidra-pipeline\il2cpp-files\cac\general-structure-results\70_high_general_structure_review_high\061d09cc_Unity.Properties.TypeConverter_StyleBackgroundPosition_-BackgroundPosition_$$Invoke.c"
"Unity.Properties.TypeConverter<TransformOrigin,-StyleTransformOrigin>$$Invoke","061d27b8","70","70_high_general_structure_review_high","no","unrelated_or_generic_structure","app_or_custom_namespace","","validity_gate;pose_vector;paired_state_refs;ui_interaction","validity_or_gating_hits_8;strong_pose_or_ray_construction_hits_4;paired_field_refs_with_structure_only;ui_or_gameplay_sink_hits_2","C:\realDesktop\manifest-evaluations\summer-26\ghidra-pipeline\il2cpp-files\cac\general-structure-results\70_high_general_structure_review_high\061d27b8_Unity.Properties.TypeConverter_TransformOrigin_-StyleTransformOrigin_$$Invoke.c"
"Unity.Properties.TypeTraits<Scale>$$get_IsArray","061f5424","79","70_high_general_structure_review_high","no","unrelated_or_generic_structure","app_or_custom_namespace","","validity_gate;pose_vector;telemetry","validity_or_gating_hits_3;strong_pose_or_ray_construction_hits_4;telemetry_or_network_hits_2","C:\realDesktop\manifest-evaluations\summer-26\ghidra-pipeline\il2cpp-files\cac\general-structure-results\70_high_general_structure_review_high\061f5424_Unity.Properties.TypeTraits_Scale_$$get_IsArray.c"
"Unity.VisualScripting.FullSerializer.fsDirectConverter<LayerMask>$$TrySerialize","06a9dfe0","79","70_high_general_structure_review_high","no","unrelated_or_generic_structure","app_or_custom_namespace","","validity_gate;ray_interaction;telemetry","validity_or_gating_hits_4;ray_or_cast_sink_hits_2;telemetry_or_network_hits_4","C:\realDesktop\manifest-evaluations\summer-26\ghidra-pipeline\il2cpp-files\cac\general-structure-results\70_high_general_structure_review_high\06a9dfe0_Unity.VisualScripting.FullSerializer.fsDirectConverter_LayerMask_$$TrySerialize.c"
"Unity.VisualScripting.FullSerializer.fsDirectConverter<LayerMask>$$TryDeserialize","06a9e118","76","70_high_general_structure_review_high","no","unrelated_or_generic_structure","app_or_custom_namespace","","validity_gate;ray_interaction;telemetry","validity_or_gating_hits_3;ray_or_cast_sink_hits_2;telemetry_or_network_hits_4","C:\realDesktop\manifest-evaluations\summer-26\ghidra-pipeline\il2cpp-files\cac\general-structure-results\70_high_general_structure_review_high\06a9e118_Unity.VisualScripting.FullSerializer.fsDirectConverter_LayerMask_$$TryDeserialize.c"
"Unity.VisualScripting.FullSerializer.fsDirectConverter<Ray>$$.ctor","06a9e970","82","70_high_general_structure_review_high","no","unrelated_or_generic_structure","app_or_custom_namespace","","validity_gate;pose_vector;telemetry","validity_or_gating_hits_5;strong_pose_or_ray_construction_hits_4;telemetry_or_network_hits_2","C:\realDesktop\manifest-evaluations\summer-26\ghidra-pipeline\il2cpp-files\cac\general-structure-results\70_high_general_structure_review_high\06a9e970_Unity.VisualScripting.FullSerializer.fsDirectConverter_Ray_$$.ctor.c"
"DA_Assets.FCU.RequestSender.<SendRequest>d__15<AuthResult>$$System.IDisposable.Dispose","06e39944","73","70_high_general_structure_review_high","no","unrelated_or_generic_structure","app_or_custom_namespace","","validity_gate;pose_vector;telemetry","validity_or_gating_hits_2;strong_pose_or_ray_construction_hits_2;telemetry_or_network_hits_4","C:\realDesktop\manifest-evaluations\summer-26\ghidra-pipeline\il2cpp-files\cac\general-structure-results\70_high_general_structure_review_high\06e39944_DA_Assets.FCU.RequestSender._SendRequest_d__15_AuthResult_$$System.IDisposable.Dispose.c"
"DA_Assets.FCU.RequestSender.<SendRequest>d__15<FigmaProject>$$System.IDisposable.Dispose","06e3ac2c","70","70_high_general_structure_review_high","no","unrelated_or_generic_structure","app_or_custom_namespace","","validity_gate;pose_vector;telemetry","validity_or_gating_hits_1;strong_pose_or_ray_construction_hits_2;telemetry_or_network_hits_4","C:\realDesktop\manifest-evaluations\summer-26\ghidra-pipeline\il2cpp-files\cac\general-structure-results\70_high_general_structure_review_high\06e3ac2c_DA_Assets.FCU.RequestSender._SendRequest_d__15_FigmaProject_$$System.IDisposable.Dispose.c"
"DA_Assets.FCU.RequestSender.<SendRequest>d__15<FontRoot>$$System.IDisposable.Dispose","06e3bf24","70","70_high_general_structure_review_high","no","unrelated_or_generic_structure","app_or_custom_namespace","","validity_gate;pose_vector;telemetry","validity_or_gating_hits_1;strong_pose_or_ray_construction_hits_2;telemetry_or_network_hits_4","C:\realDesktop\manifest-evaluations\summer-26\ghidra-pipeline\il2cpp-files\cac\general-structure-results\70_high_general_structure_review_high\06e3bf24_DA_Assets.FCU.RequestSender._SendRequest_d__15_FontRoot_$$System.IDisposable.Dispose.c"
"DA_Assets.FCU.RequestSender.<TryParseResponse>d__16<FigmaImageRequest>$$System.IDisposable.Dispose","06f13e58","73","70_high_general_structure_review_high","no","unrelated_or_generic_structure","app_or_custom_namespace","","validity_gate;pose_vector;telemetry","validity_or_gating_hits_2;strong_pose_or_ray_construction_hits_2;telemetry_or_network_hits_4","C:\realDesktop\manifest-evaluations\summer-26\ghidra-pipeline\il2cpp-files\cac\general-structure-results\70_high_general_structure_review_high\06f13e58_DA_Assets.FCU.RequestSender._TryParseResponse_d__16_FigmaImageRequest_$$System.IDisposable.Dispose.c"
"DA_Assets.FCU.RequestSender.<TryParseResponse>d__16<FigmaProject>$$System.IDisposable.Dispose","06f14448","74","70_high_general_structure_review_high","no","unrelated_or_generic_structure","app_or_custom_namespace","","validity_gate;pose_vector;telemetry","validity_or_gating_hits_5;strong_pose_or_ray_construction_hits_2;telemetry_or_network_hits_2","C:\realDesktop\manifest-evaluations\summer-26\ghidra-pipeline\il2cpp-files\cac\general-structure-results\70_high_general_structure_review_high\06f14448_DA_Assets.FCU.RequestSender._TryParseResponse_d__16_FigmaProject_$$System.IDisposable.Dispose.c"
"DA_Assets.FCU.RequestSender.<TryParseResponse>d__16<FontRoot>$$System.IDisposable.Dispose","06f15070","80","70_high_general_structure_review_high","no","unrelated_or_generic_structure","app_or_custom_namespace","","validity_gate;pose_vector;paired_state_refs;telemetry","validity_or_gating_hits_5;strong_pose_or_ray_construction_hits_2;paired_field_refs_with_structure_only;telemetry_or_network_hits_2","C:\realDesktop\manifest-evaluations\summer-26\ghidra-pipeline\il2cpp-files\cac\general-structure-results\70_high_general_structure_review_high\06f15070_DA_Assets.FCU.RequestSender._TryParseResponse_d__16_FontRoot_$$System.IDisposable.Dispose.c"
"DA_Assets.FCU.RequestSender.<TryParseResponse>d__16<object>$$System.IDisposable.Dispose","06f15660","85","70_high_general_structure_review_high","no","unrelated_or_generic_structure","app_or_custom_namespace","","validity_gate;pose_vector;paired_state_refs;telemetry","validity_or_gating_hits_5;strong_pose_or_ray_construction_hits_2;paired_field_refs_with_structure_only;telemetry_or_network_hits_4","C:\realDesktop\manifest-evaluations\summer-26\ghidra-pipeline\il2cpp-files\cac\general-structure-results\70_high_general_structure_review_high\06f15660_DA_Assets.FCU.RequestSender._TryParseResponse_d__16_object_$$System.IDisposable.Dispose.c"
"System.Array.EmptyInternalEnumerator<StyleCursor>$$Dispose","070a0e94","70","70_high_general_structure_review_high","no","unrelated_or_generic_structure","framework_namespace_with_project_hint","","validity_gate;pose_vector;paired_state_refs;ui_interaction","validity_or_gating_hits_7;strong_pose_or_ray_construction_hits_4;paired_field_refs_with_structure_only;ui_or_gameplay_sink_hits_2","C:\realDesktop\manifest-evaluations\summer-26\ghidra-pipeline\il2cpp-files\cac\general-structure-results\70_high_general_structure_review_high\070a0e94_System.Array.EmptyInternalEnumerator_StyleCursor_$$Dispose.c"
"System.Array.EmptyInternalEnumerator<OpenXRInput.SerializedBinding>$$Dispose","070b7928","70","70_high_general_structure_review_high","no","unrelated_or_generic_structure","framework_or_engine_namespace","","weak_source_state;validity_gate;pose_vector;paired_state_refs;telemetry;structure_combo","weak_xr_or_state_hits_2;validity_or_gating_hits_5;strong_pose_or_ray_construction_hits_6;paired_field_refs_with_structure_only;telemetry_or_network_hits_2;source_validity_pose_sink_structure;negative_framework_namespace_without_eye_use_flow","C:\realDesktop\manifest-evaluations\summer-26\ghidra-pipeline\il2cpp-files\cac\general-structure-results\70_high_general_structure_review_high\070b7928_System.Array.EmptyInternalEnumerator_OpenXRInput.SerializedBinding_$$Dispose.c"
"System.Array.EmptyInternalEnumerator<OpenXRInput.SerializedBinding>$$MoveNext","070b792c","70","70_high_general_structure_review_high","no","unrelated_or_generic_structure","framework_or_engine_namespace","","weak_source_state;validity_gate;pose_vector;paired_state_refs;telemetry;structure_combo","weak_xr_or_state_hits_2;validity_or_gating_hits_5;strong_pose_or_ray_construction_hits_4;paired_field_refs_with_structure_only;telemetry_or_network_hits_2;source_validity_pose_sink_structure;negative_framework_namespace_without_eye_use_flow","C:\realDesktop\manifest-evaluations\summer-26\ghidra-pipeline\il2cpp-files\cac\general-structure-results\70_high_general_structure_review_high\070b792c_System.Array.EmptyInternalEnumerator_OpenXRInput.SerializedBinding_$$MoveNext.c"
"System.Array.EmptyInternalEnumerator<OpenXRInput.SerializedBinding>$$get_Current","070b7934","70","70_high_general_structure_review_high","no","unrelated_or_generic_structure","framework_or_engine_namespace","","weak_source_state;validity_gate;pose_vector;paired_state_refs;telemetry;structure_combo","weak_xr_or_state_hits_2;validity_or_gating_hits_5;strong_pose_or_ray_construction_hits_4;paired_field_refs_with_structure_only;telemetry_or_network_hits_2;source_validity_pose_sink_structure;negative_framework_namespace_without_eye_use_flow","C:\realDesktop\manifest-evaluations\summer-26\ghidra-pipeline\il2cpp-files\cac\general-structure-results\70_high_general_structure_review_high\070b7934_System.Array.EmptyInternalEnumerator_OpenXRInput.SerializedBinding_$$get_Current.c"
"System.Array.EmptyInternalEnumerator<OpenXRInput.SerializedBinding>$$System.Collections.IEnumerator.get_Current","070b797c","70","70_high_general_structure_review_high","no","unrelated_or_generic_structure","framework_or_engine_namespace","","weak_source_state;validity_gate;pose_vector;paired_state_refs;telemetry;structure_combo","weak_xr_or_state_hits_2;validity_or_gating_hits_5;strong_pose_or_ray_construction_hits_5;paired_field_refs_with_structure_only;telemetry_or_network_hits_2;source_validity_pose_sink_structure;negative_framework_namespace_without_eye_use_flow","C:\realDesktop\manifest-evaluations\summer-26\ghidra-pipeline\il2cpp-files\cac\general-structure-results\70_high_general_structure_review_high\070b797c_System.Array.EmptyInternalEnumerator_OpenXRInput.SerializedBinding_$$System.Collections.IEnumerator.get_Current.c"
"System.Array.EmptyInternalEnumerator<OpenXRInput.SerializedBinding>$$System.Collections.IEnumerator.Reset","070b7990","70","70_high_general_structure_review_high","no","unrelated_or_generic_structure","framework_or_engine_namespace","","weak_source_state;validity_gate;pose_vector;paired_state_refs;telemetry;structure_combo","weak_xr_or_state_hits_2;validity_or_gating_hits_4;strong_pose_or_ray_construction_hits_5;paired_field_refs_with_structure_only;telemetry_or_network_hits_2;source_validity_pose_sink_structure;negative_framework_namespace_without_eye_use_flow","C:\realDesktop\manifest-evaluations\summer-26\ghidra-pipeline\il2cpp-files\cac\general-structure-results\70_high_general_structure_review_high\070b7990_System.Array.EmptyInternalEnumerator_OpenXRInput.SerializedBinding_$$System.Collections.IEnumerator.Reset.c"
"System.Array.EmptyInternalEnumerator<OpenXRInput.SerializedBinding>$$.ctor","070b7994","70","70_high_general_structure_review_high","no","unrelated_or_generic_structure","framework_or_engine_namespace","","weak_source_state;validity_gate;pose_vector;paired_state_refs;telemetry;structure_combo","weak_xr_or_state_hits_2;validity_or_gating_hits_4;strong_pose_or_ray_construction_hits_5;paired_field_refs_with_structure_only;telemetry_or_network_hits_2;source_validity_pose_sink_structure;negative_framework_namespace_without_eye_use_flow","C:\realDesktop\manifest-evaluations\summer-26\ghidra-pipeline\il2cpp-files\cac\general-structure-results\70_high_general_structure_review_high\070b7994_System.Array.EmptyInternalEnumerator_OpenXRInput.SerializedBinding_$$.ctor.c"
"System.Array.EmptyInternalEnumerator<XmlTextWriter.Namespace>$$Dispose","070bfd70","86","70_high_general_structure_review_high","no","unrelated_or_generic_structure","framework_namespace_with_project_hint","","validity_gate;pose_vector;data_collection","validity_or_gating_hits_5;strong_pose_or_ray_construction_hits_4;strong_file_logging_hits_4","C:\realDesktop\manifest-evaluations\summer-26\ghidra-pipeline\il2cpp-files\cac\general-structure-results\70_high_general_structure_review_high\070bfd70_System.Array.EmptyInternalEnumerator_XmlTextWriter.Namespace_$$Dispose.c"
"System.Array.EmptyInternalEnumerator<XmlTextWriter.Namespace>$$MoveNext","070bfd74","78","70_high_general_structure_review_high","no","unrelated_or_generic_structure","framework_namespace_with_project_hint","","validity_gate;pose_vector;data_collection","validity_or_gating_hits_5;strong_pose_or_ray_construction_hits_2;strong_file_logging_hits_4","C:\realDesktop\manifest-evaluations\summer-26\ghidra-pipeline\il2cpp-files\cac\general-structure-results\70_high_general_structure_review_high\070bfd74_System.Array.EmptyInternalEnumerator_XmlTextWriter.Namespace_$$MoveNext.c"
"System.Array.EmptyInternalEnumerator<XmlTextWriter.Namespace>$$get_Current","070bfd7c","78","70_high_general_structure_review_high","no","unrelated_or_generic_structure","framework_namespace_with_project_hint","","validity_gate;pose_vector;data_collection","validity_or_gating_hits_5;strong_pose_or_ray_construction_hits_2;strong_file_logging_hits_4","C:\realDesktop\manifest-evaluations\summer-26\ghidra-pipeline\il2cpp-files\cac\general-structure-results\70_high_general_structure_review_high\070bfd7c_System.Array.EmptyInternalEnumerator_XmlTextWriter.Namespace_$$get_Current.c"
"System.Array.EmptyInternalEnumerator<XmlTextWriter.Namespace>$$System.Collections.IEnumerator.get_Current","070bfdc4","78","70_high_general_structure_review_high","no","unrelated_or_generic_structure","framework_namespace_with_project_hint","","validity_gate;pose_vector;data_collection","validity_or_gating_hits_4;strong_pose_or_ray_construction_hits_2;strong_file_logging_hits_4","C:\realDesktop\manifest-evaluations\summer-26\ghidra-pipeline\il2cpp-files\cac\general-structure-results\70_high_general_structure_review_high\070bfdc4_System.Array.EmptyInternalEnumerator_XmlTextWriter.Namespace_$$System.Collections.IEnumerator.get_Current.c"
"System.Array.EmptyInternalEnumerator<XmlTextWriter.Namespace>$$System.Collections.IEnumerator.Reset","070bfdd8","78","70_high_general_structure_review_high","no","unrelated_or_generic_structure","framework_namespace_with_project_hint","","validity_gate;pose_vector;data_collection","validity_or_gating_hits_4;strong_pose_or_ray_construction_hits_2;strong_file_logging_hits_4","C:\realDesktop\manifest-evaluations\summer-26\ghidra-pipeline\il2cpp-files\cac\general-structure-results\70_high_general_structure_review_high\070bfdd8_System.Array.EmptyInternalEnumerator_XmlTextWriter.Namespace_$$System.Collections.IEnumerator.Reset.c"
"System.Array.EmptyInternalEnumerator<XmlTextWriter.Namespace>$$.ctor","070bfddc","78","70_high_general_structure_review_high","no","unrelated_or_generic_structure","framework_namespace_with_project_hint","","validity_gate;pose_vector;data_collection","validity_or_gating_hits_4;strong_pose_or_ray_construction_hits_2;strong_file_logging_hits_4","C:\realDesktop\manifest-evaluations\summer-26\ghidra-pipeline\il2cpp-files\cac\general-structure-results\70_high_general_structure_review_high\070bfddc_System.Array.EmptyInternalEnumerator_XmlTextWriter.Namespace_$$.ctor.c"
"System.Array.EmptyInternalEnumerator<XmlTextWriter.Namespace>$$.cctor","070bfde4","78","70_high_general_structure_review_high","no","unrelated_or_generic_structure","framework_namespace_with_project_hint","","validity_gate;pose_vector;data_collection","validity_or_gating_hits_4;strong_pose_or_ray_construction_hits_2;strong_file_logging_hits_4","C:\realDesktop\manifest-evaluations\summer-26\ghidra-pipeline\il2cpp-files\cac\general-structure-results\70_high_general_structure_review_high\070bfde4_System.Array.EmptyInternalEnumerator_XmlTextWriter.Namespace_$$.cctor.c"
"FUN_07381da0","07381da0","89","70_high_general_structure_review_high","no","unrelated_or_generic_structure","app_or_custom_namespace","","validity_gate;pose_vector;paired_state_refs;data_collection","validity_or_gating_hits_8;strong_pose_or_ray_construction_hits_4;paired_field_refs_with_structure_only;strong_file_logging_hits_4;cap_below_near_certain_without_eye_anchor_or_ordered_structure","C:\realDesktop\manifest-evaluations\summer-26\ghidra-pipeline\il2cpp-files\cac\general-structure-results\70_high_general_structure_review_high\07381da0_FUN_07381da0.c"
"Newtonsoft.Json.JsonConvert$$SerializeObject","07440a1c","82","70_high_general_structure_review_high","no","unrelated_or_generic_structure","app_or_custom_namespace","","validity_gate;data_collection;telemetry","validity_or_gating_hits_21;strong_file_logging_hits_2;telemetry_or_network_hits_2","C:\realDesktop\manifest-evaluations\summer-26\ghidra-pipeline\il2cpp-files\cac\general-structure-results\70_high_general_structure_review_high\07440a1c_Newtonsoft.Json.JsonConvert$$SerializeObject.c"
"Newtonsoft.Json.JsonConvert$$SerializeObject","07440a78","82","70_high_general_structure_review_high","no","unrelated_or_generic_structure","app_or_custom_namespace","","validity_gate;data_collection;telemetry","validity_or_gating_hits_21;strong_file_logging_hits_2;telemetry_or_network_hits_2","C:\realDesktop\manifest-evaluations\summer-26\ghidra-pipeline\il2cpp-files\cac\general-structure-results\70_high_general_structure_review_high\07440a78_Newtonsoft.Json.JsonConvert$$SerializeObject.c"
"Newtonsoft.Json.JsonConvert$$SerializeObject","07440af4","82","70_high_general_structure_review_high","no","unrelated_or_generic_structure","app_or_custom_namespace","","validity_gate;data_collection;telemetry","validity_or_gating_hits_21;strong_file_logging_hits_2;telemetry_or_network_hits_2","C:\realDesktop\manifest-evaluations\summer-26\ghidra-pipeline\il2cpp-files\cac\general-structure-results\70_high_general_structure_review_high\07440af4_Newtonsoft.Json.JsonConvert$$SerializeObject.c"
"Newtonsoft.Json.JsonConvert$$SerializeObject","07440b5c","82","70_high_general_structure_review_high","no","unrelated_or_generic_structure","app_or_custom_namespace","","validity_gate;data_collection;telemetry","validity_or_gating_hits_21;strong_file_logging_hits_2;telemetry_or_network_hits_2","C:\realDesktop\manifest-evaluations\summer-26\ghidra-pipeline\il2cpp-files\cac\general-structure-results\70_high_general_structure_review_high\07440b5c_Newtonsoft.Json.JsonConvert$$SerializeObject.c"
"Newtonsoft.Json.JsonConvert$$SerializeObject","07440bcc","82","70_high_general_structure_review_high","no","unrelated_or_generic_structure","app_or_custom_namespace","","validity_gate;data_collection;telemetry","validity_or_gating_hits_21;strong_file_logging_hits_2;telemetry_or_network_hits_2","C:\realDesktop\manifest-evaluations\summer-26\ghidra-pipeline\il2cpp-files\cac\general-structure-results\70_high_general_structure_review_high\07440bcc_Newtonsoft.Json.JsonConvert$$SerializeObject.c"
"Newtonsoft.Json.JsonSerializerSettings$$.ctor","07440c7c","82","70_high_general_structure_review_high","no","unrelated_or_generic_structure","app_or_custom_namespace","","validity_gate;data_collection;telemetry","validity_or_gating_hits_21;strong_file_logging_hits_2;telemetry_or_network_hits_2","C:\realDesktop\manifest-evaluations\summer-26\ghidra-pipeline\il2cpp-files\cac\general-structure-results\70_high_general_structure_review_high\07440c7c_Newtonsoft.Json.JsonSerializerSettings$$.ctor.c"
"Newtonsoft.Json.JsonConvert$$SerializeObject","07440d04","82","70_high_general_structure_review_high","no","unrelated_or_generic_structure","app_or_custom_namespace","","validity_gate;data_collection;telemetry","validity_or_gating_hits_21;strong_file_logging_hits_2;telemetry_or_network_hits_2","C:\realDesktop\manifest-evaluations\summer-26\ghidra-pipeline\il2cpp-files\cac\general-structure-results\70_high_general_structure_review_high\07440d04_Newtonsoft.Json.JsonConvert$$SerializeObject.c"
"Newtonsoft.Json.JsonConvert$$SerializeObject","07440dc4","82","70_high_general_structure_review_high","no","unrelated_or_generic_structure","app_or_custom_namespace","","validity_gate;data_collection;telemetry","validity_or_gating_hits_21;strong_file_logging_hits_2;telemetry_or_network_hits_2","C:\realDesktop\manifest-evaluations\summer-26\ghidra-pipeline\il2cpp-files\cac\general-structure-results\70_high_general_structure_review_high\07440dc4_Newtonsoft.Json.JsonConvert$$SerializeObject.c"
"Newtonsoft.Json.JsonConvert$$SerializeObject","07440e5c","82","70_high_general_structure_review_high","no","unrelated_or_generic_structure","app_or_custom_namespace","","validity_gate;data_collection;telemetry","validity_or_gating_hits_21;strong_file_logging_hits_2;telemetry_or_network_hits_2","C:\realDesktop\manifest-evaluations\summer-26\ghidra-pipeline\il2cpp-files\cac\general-structure-results\70_high_general_structure_review_high\07440e5c_Newtonsoft.Json.JsonConvert$$SerializeObject.c"
"Newtonsoft.Json.JsonSerializer$$CreateDefault","07440ec4","82","70_high_general_structure_review_high","no","unrelated_or_generic_structure","app_or_custom_namespace","","validity_gate;data_collection;telemetry","validity_or_gating_hits_21;strong_file_logging_hits_2;telemetry_or_network_hits_2","C:\realDesktop\manifest-evaluations\summer-26\ghidra-pipeline\il2cpp-files\cac\general-structure-results\70_high_general_structure_review_high\07440ec4_Newtonsoft.Json.JsonSerializer$$CreateDefault.c"
"Newtonsoft.Json.JsonConvert$$SerializeObjectInternal","07440ef8","82","70_high_general_structure_review_high","no","unrelated_or_generic_structure","app_or_custom_namespace","","validity_gate;data_collection;telemetry","validity_or_gating_hits_21;strong_file_logging_hits_2;telemetry_or_network_hits_2","C:\realDesktop\manifest-evaluations\summer-26\ghidra-pipeline\il2cpp-files\cac\general-structure-results\70_high_general_structure_review_high\07440ef8_Newtonsoft.Json.JsonConvert$$SerializeObjectInternal.c"
"Newtonsoft.Json.JsonSerializer$$Serialize","0744114c","87","70_high_general_structure_review_high","no","unrelated_or_generic_structure","app_or_custom_namespace","","validity_gate;data_collection;telemetry","validity_or_gating_hits_21;strong_file_logging_hits_2;telemetry_or_network_hits_4","C:\realDesktop\manifest-evaluations\summer-26\ghidra-pipeline\il2cpp-files\cac\general-structure-results\70_high_general_structure_review_high\0744114c_Newtonsoft.Json.JsonSerializer$$Serialize.c"
"Newtonsoft.Json.JsonConvert$$DeserializeObject","0744115c","82","70_high_general_structure_review_high","no","unrelated_or_generic_structure","app_or_custom_namespace","","validity_gate;data_collection;telemetry","validity_or_gating_hits_21;strong_file_logging_hits_2;telemetry_or_network_hits_2","C:\realDesktop\manifest-evaluations\summer-26\ghidra-pipeline\il2cpp-files\cac\general-structure-results\70_high_general_structure_review_high\0744115c_Newtonsoft.Json.JsonConvert$$DeserializeObject.c"
"Newtonsoft.Json.JsonConvert$$DeserializeObject","074411b8","82","70_high_general_structure_review_high","no","unrelated_or_generic_structure","app_or_custom_namespace","","validity_gate;data_collection;telemetry","validity_or_gating_hits_21;strong_file_logging_hits_2;telemetry_or_network_hits_2","C:\realDesktop\manifest-evaluations\summer-26\ghidra-pipeline\il2cpp-files\cac\general-structure-results\70_high_general_structure_review_high\074411b8_Newtonsoft.Json.JsonConvert$$DeserializeObject.c"
"Newtonsoft.Json.JsonConvert$$DeserializeObject","074413c4","82","70_high_general_structure_review_high","no","unrelated_or_generic_structure","app_or_custom_namespace","","validity_gate;data_collection;telemetry","validity_or_gating_hits_21;strong_file_logging_hits_2;telemetry_or_network_hits_2","C:\realDesktop\manifest-evaluations\summer-26\ghidra-pipeline\il2cpp-files\cac\general-structure-results\70_high_general_structure_review_high\074413c4_Newtonsoft.Json.JsonConvert$$DeserializeObject.c"
"Newtonsoft.Json.JsonConvert$$DeserializeObject","0744142c","82","70_high_general_structure_review_high","no","unrelated_or_generic_structure","app_or_custom_namespace","","validity_gate;data_collection;telemetry","validity_or_gating_hits_21;strong_file_logging_hits_2;telemetry_or_network_hits_2","C:\realDesktop\manifest-evaluations\summer-26\ghidra-pipeline\il2cpp-files\cac\general-structure-results\70_high_general_structure_review_high\0744142c_Newtonsoft.Json.JsonConvert$$DeserializeObject.c"
"Newtonsoft.Json.JsonConvert$$DeserializeObject","07441494","82","70_high_general_structure_review_high","no","unrelated_or_generic_structure","app_or_custom_namespace","","validity_gate;data_collection;telemetry","validity_or_gating_hits_21;strong_file_logging_hits_2;telemetry_or_network_hits_2","C:\realDesktop\manifest-evaluations\summer-26\ghidra-pipeline\il2cpp-files\cac\general-structure-results\70_high_general_structure_review_high\07441494_Newtonsoft.Json.JsonConvert$$DeserializeObject.c"
"Newtonsoft.Json.JsonSerializer$$IsCheckAdditionalContentSet","07441550","82","70_high_general_structure_review_high","no","unrelated_or_generic_structure","app_or_custom_namespace","","validity_gate;data_collection;telemetry","validity_or_gating_hits_21;strong_file_logging_hits_2;telemetry_or_network_hits_2","C:\realDesktop\manifest-evaluations\summer-26\ghidra-pipeline\il2cpp-files\cac\general-structure-results\70_high_general_structure_review_high\07441550_Newtonsoft.Json.JsonSerializer$$IsCheckAdditionalContentSet.c"
"Newtonsoft.Json.JsonSerializer$$Deserialize","07441690","87","70_high_general_structure_review_high","no","unrelated_or_generic_structure","app_or_custom_namespace","","validity_gate;data_collection;telemetry","validity_or_gating_hits_21;strong_file_logging_hits_2;telemetry_or_network_hits_4","C:\realDesktop\manifest-evaluations\summer-26\ghidra-pipeline\il2cpp-files\cac\general-structure-results\70_high_general_structure_review_high\07441690_Newtonsoft.Json.JsonSerializer$$Deserialize.c"
"Newtonsoft.Json.JsonSerializer$$Populate","07441978","82","70_high_general_structure_review_high","no","unrelated_or_generic_structure","app_or_custom_namespace","","validity_gate;data_collection;telemetry","validity_or_gating_hits_21;strong_file_logging_hits_2;telemetry_or_network_hits_2","C:\realDesktop\manifest-evaluations\summer-26\ghidra-pipeline\il2cpp-files\cac\general-structure-results\70_high_general_structure_review_high\07441978_Newtonsoft.Json.JsonSerializer$$Populate.c"
"Newtonsoft.Json.JsonSerializerSettings$$get_CheckAdditionalContent","07441988","82","70_high_general_structure_review_high","no","unrelated_or_generic_structure","app_or_custom_namespace","","validity_gate;data_collection;telemetry","validity_or_gating_hits_21;strong_file_logging_hits_2;telemetry_or_network_hits_2","C:\realDesktop\manifest-evaluations\summer-26\ghidra-pipeline\il2cpp-files\cac\general-structure-results\70_high_general_structure_review_high\07441988_Newtonsoft.Json.JsonSerializerSettings$$get_CheckAdditionalContent.c"
"Newtonsoft.Json.JsonConvert$$SerializeXmlNode","074419cc","82","70_high_general_structure_review_high","no","unrelated_or_generic_structure","app_or_custom_namespace","","validity_gate;data_collection;telemetry","validity_or_gating_hits_21;strong_file_logging_hits_2;telemetry_or_network_hits_2","C:\realDesktop\manifest-evaluations\summer-26\ghidra-pipeline\il2cpp-files\cac\general-structure-results\70_high_general_structure_review_high\074419cc_Newtonsoft.Json.JsonConvert$$SerializeXmlNode.c"
"Newtonsoft.Json.JsonConvert$$SerializeXmlNode","07441a24","82","70_high_general_structure_review_high","no","unrelated_or_generic_structure","app_or_custom_namespace","","validity_gate;data_collection;telemetry","validity_or_gating_hits_21;strong_file_logging_hits_2;telemetry_or_network_hits_2","C:\realDesktop\manifest-evaluations\summer-26\ghidra-pipeline\il2cpp-files\cac\general-structure-results\70_high_general_structure_review_high\07441a24_Newtonsoft.Json.JsonConvert$$SerializeXmlNode.c"
"Newtonsoft.Json.JsonConvert$$SerializeXmlNode","07441b20","82","70_high_general_structure_review_high","no","unrelated_or_generic_structure","app_or_custom_namespace","","validity_gate;data_collection;telemetry","validity_or_gating_hits_21;strong_file_logging_hits_2;telemetry_or_network_hits_2","C:\realDesktop\manifest-evaluations\summer-26\ghidra-pipeline\il2cpp-files\cac\general-structure-results\70_high_general_structure_review_high\07441b20_Newtonsoft.Json.JsonConvert$$SerializeXmlNode.c"
"Newtonsoft.Json.JsonConvert$$DeserializeXmlNode","07441c28","82","70_high_general_structure_review_high","no","unrelated_or_generic_structure","app_or_custom_namespace","","validity_gate;data_collection;telemetry","validity_or_gating_hits_21;strong_file_logging_hits_2;telemetry_or_network_hits_2","C:\realDesktop\manifest-evaluations\summer-26\ghidra-pipeline\il2cpp-files\cac\general-structure-results\70_high_general_structure_review_high\07441c28_Newtonsoft.Json.JsonConvert$$DeserializeXmlNode.c"
"Newtonsoft.Json.JsonConvert$$DeserializeXmlNode","07441c80","82","70_high_general_structure_review_high","no","unrelated_or_generic_structure","app_or_custom_namespace","","validity_gate;data_collection;telemetry","validity_or_gating_hits_21;strong_file_logging_hits_2;telemetry_or_network_hits_2","C:\realDesktop\manifest-evaluations\summer-26\ghidra-pipeline\il2cpp-files\cac\general-structure-results\70_high_general_structure_review_high\07441c80_Newtonsoft.Json.JsonConvert$$DeserializeXmlNode.c"
"Newtonsoft.Json.JsonConvert$$DeserializeXmlNode","07441ce8","82","70_high_general_structure_review_high","no","unrelated_or_generic_structure","app_or_custom_namespace","","validity_gate;data_collection;telemetry","validity_or_gating_hits_21;strong_file_logging_hits_2;telemetry_or_network_hits_2","C:\realDesktop\manifest-evaluations\summer-26\ghidra-pipeline\il2cpp-files\cac\general-structure-results\70_high_general_structure_review_high\07441ce8_Newtonsoft.Json.JsonConvert$$DeserializeXmlNode.c"
"Newtonsoft.Json.JsonConvert$$DeserializeXmlNode","07441d58","82","70_high_general_structure_review_high","no","unrelated_or_generic_structure","app_or_custom_namespace","","validity_gate;data_collection;telemetry","validity_or_gating_hits_21;strong_file_logging_hits_2;telemetry_or_network_hits_2","C:\realDesktop\manifest-evaluations\summer-26\ghidra-pipeline\il2cpp-files\cac\general-structure-results\70_high_general_structure_review_high\07441d58_Newtonsoft.Json.JsonConvert$$DeserializeXmlNode.c"
"Newtonsoft.Json.JsonConvert$$SerializeXNode","07441f20","82","70_high_general_structure_review_high","no","unrelated_or_generic_structure","app_or_custom_namespace","","validity_gate;data_collection;telemetry","validity_or_gating_hits_21;strong_file_logging_hits_2;telemetry_or_network_hits_2","C:\realDesktop\manifest-evaluations\summer-26\ghidra-pipeline\il2cpp-files\cac\general-structure-results\70_high_general_structure_review_high\07441f20_Newtonsoft.Json.JsonConvert$$SerializeXNode.c"
"Newtonsoft.Json.JsonConvert$$SerializeXNode","07441f78","82","70_high_general_structure_review_high","no","unrelated_or_generic_structure","app_or_custom_namespace","","validity_gate;data_collection;telemetry","validity_or_gating_hits_21;strong_file_logging_hits_2;telemetry_or_network_hits_2","C:\realDesktop\manifest-evaluations\summer-26\ghidra-pipeline\il2cpp-files\cac\general-structure-results\70_high_general_structure_review_high\07441f78_Newtonsoft.Json.JsonConvert$$SerializeXNode.c"
"Newtonsoft.Json.JsonConvert$$SerializeXNode","07441fe0","82","70_high_general_structure_review_high","no","unrelated_or_generic_structure","app_or_custom_namespace","","validity_gate;data_collection;telemetry","validity_or_gating_hits_21;strong_file_logging_hits_2;telemetry_or_network_hits_2","C:\realDesktop\manifest-evaluations\summer-26\ghidra-pipeline\il2cpp-files\cac\general-structure-results\70_high_general_structure_review_high\07441fe0_Newtonsoft.Json.JsonConvert$$SerializeXNode.c"
"Newtonsoft.Json.JsonConvert$$DeserializeXNode","074420e8","82","70_high_general_structure_review_high","no","unrelated_or_generic_structure","app_or_custom_namespace","","validity_gate;data_collection;telemetry","validity_or_gating_hits_21;strong_file_logging_hits_2;telemetry_or_network_hits_2","C:\realDesktop\manifest-evaluations\summer-26\ghidra-pipeline\il2cpp-files\cac\general-structure-results\70_high_general_structure_review_high\074420e8_Newtonsoft.Json.JsonConvert$$DeserializeXNode.c"
"Newtonsoft.Json.JsonConvert$$DeserializeXNode","07442140","82","70_high_general_structure_review_high","no","unrelated_or_generic_structure","app_or_custom_namespace","","validity_gate;data_collection;telemetry","validity_or_gating_hits_21;strong_file_logging_hits_2;telemetry_or_network_hits_2","C:\realDesktop\manifest-evaluations\summer-26\ghidra-pipeline\il2cpp-files\cac\general-structure-results\70_high_general_structure_review_high\07442140_Newtonsoft.Json.JsonConvert$$DeserializeXNode.c"
"Newtonsoft.Json.JsonConvert$$DeserializeXNode","074421a8","82","70_high_general_structure_review_high","no","unrelated_or_generic_structure","app_or_custom_namespace","","validity_gate;data_collection;telemetry","validity_or_gating_hits_21;strong_file_logging_hits_2;telemetry_or_network_hits_2","C:\realDesktop\manifest-evaluations\summer-26\ghidra-pipeline\il2cpp-files\cac\general-structure-results\70_high_general_structure_review_high\074421a8_Newtonsoft.Json.JsonConvert$$DeserializeXNode.c"
"Newtonsoft.Json.JsonConvert$$DeserializeXNode","07442218","82","70_high_general_structure_review_high","no","unrelated_or_generic_structure","app_or_custom_namespace","","validity_gate;data_collection;telemetry","validity_or_gating_hits_21;strong_file_logging_hits_2;telemetry_or_network_hits_2","C:\realDesktop\manifest-evaluations\summer-26\ghidra-pipeline\il2cpp-files\cac\general-structure-results\70_high_general_structure_review_high\07442218_Newtonsoft.Json.JsonConvert$$DeserializeXNode.c"
"Newtonsoft.Json.JsonPosition$$.cctor","07443510","72","70_high_general_structure_review_high","no","unrelated_or_generic_structure","app_or_custom_namespace","","validity_gate;pose_vector;paired_state_refs;data_collection","validity_or_gating_hits_21;strong_pose_or_ray_construction_hits_1;paired_field_refs_with_structure_only;strong_file_logging_hits_2","C:\realDesktop\manifest-evaluations\summer-26\ghidra-pipeline\il2cpp-files\cac\general-structure-results\70_high_general_structure_review_high\07443510_Newtonsoft.Json.JsonPosition$$.cctor.c"
"Newtonsoft.Json.JsonReader$$SetPostValueState","074484a0","89","70_high_general_structure_review_high","no","unrelated_or_generic_structure","app_or_custom_namespace","","weak_source_state;validity_gate;data_collection;telemetry","weak_xr_or_state_hits_2;validity_or_gating_hits_21;strong_file_logging_hits_2;telemetry_or_network_hits_4;cap_below_near_certain_without_eye_anchor_or_ordered_structure","C:\realDesktop\manifest-evaluations\summer-26\ghidra-pipeline\il2cpp-files\cac\general-structure-results\70_high_general_structure_review_high\074484a0_Newtonsoft.Json.JsonReader$$SetPostValueState.c"
"Newtonsoft.Json.JsonReader$$SetFinished","074484dc","82","70_high_general_structure_review_high","no","unrelated_or_generic_structure","app_or_custom_namespace","","validity_gate;data_collection;telemetry","validity_or_gating_hits_21;strong_file_logging_hits_2;telemetry_or_network_hits_2","C:\realDesktop\manifest-evaluations\summer-26\ghidra-pipeline\il2cpp-files\cac\general-structure-results\70_high_general_structure_review_high\074484dc_Newtonsoft.Json.JsonReader$$SetFinished.c"
"Newtonsoft.Json.JsonReader$$GetTypeForCloseToken","07448500","89","70_high_general_structure_review_high","no","unrelated_or_generic_structure","app_or_custom_namespace","","validity_gate;data_collection;telemetry","validity_or_gating_hits_21;strong_file_logging_hits_4;telemetry_or_network_hits_2;cap_below_near_certain_without_eye_anchor_or_ordered_structure","C:\realDesktop\manifest-evaluations\summer-26\ghidra-pipeline\il2cpp-files\cac\general-structure-results\70_high_general_structure_review_high\07448500_Newtonsoft.Json.JsonReader$$GetTypeForCloseToken.c"
"Newtonsoft.Json.JsonReader$$SetStateBasedOnCurrent","074485a8","89","70_high_general_structure_review_high","no","unrelated_or_generic_structure","app_or_custom_namespace","","weak_source_state;validity_gate;data_collection;telemetry","weak_xr_or_state_hits_2;validity_or_gating_hits_21;strong_file_logging_hits_2;telemetry_or_network_hits_2;cap_below_near_certain_without_eye_anchor_or_ordered_structure","C:\realDesktop\manifest-evaluations\summer-26\ghidra-pipeline\il2cpp-files\cac\general-structure-results\70_high_general_structure_review_high\074485a8_Newtonsoft.Json.JsonReader$$SetStateBasedOnCurrent.c"
"Newtonsoft.Json.JsonReader$$System.IDisposable.Dispose","0744869c","89","70_high_general_structure_review_high","no","unrelated_or_generic_structure","app_or_custom_namespace","","weak_source_state;validity_gate;pose_vector;data_collection;telemetry;structure_combo","weak_xr_or_state_hits_1;validity_or_gating_hits_21;strong_pose_or_ray_construction_hits_2;strong_file_logging_hits_2;telemetry_or_network_hits_2;source_validity_pose_sink_structure;cap_below_near_certain_without_eye_anchor_or_ordered_structure","C:\realDesktop\manifest-evaluations\summer-26\ghidra-pipeline\il2cpp-files\cac\general-structure-results\70_high_general_structure_review_high\0744869c_Newtonsoft.Json.JsonReader$$System.IDisposable.Dispose.c"
"Newtonsoft.Json.JsonReader$$Dispose","0744870c","89","70_high_general_structure_review_high","no","unrelated_or_generic_structure","app_or_custom_namespace","","weak_source_state;validity_gate;pose_vector;data_collection;telemetry;structure_combo","weak_xr_or_state_hits_2;validity_or_gating_hits_21;strong_pose_or_ray_construction_hits_2;strong_file_logging_hits_2;telemetry_or_network_hits_2;source_validity_pose_sink_structure;cap_below_near_certain_without_eye_anchor_or_ordered_structure","C:\realDesktop\manifest-evaluations\summer-26\ghidra-pipeline\il2cpp-files\cac\general-structure-results\70_high_general_structure_review_high\0744870c_Newtonsoft.Json.JsonReader$$Dispose.c"
"Newtonsoft.Json.JsonReader$$Close","07448730","89","70_high_general_structure_review_high","no","unrelated_or_generic_structure","app_or_custom_namespace","","validity_gate;data_collection;telemetry","validity_or_gating_hits_21;strong_file_logging_hits_4;telemetry_or_network_hits_2;cap_below_near_certain_without_eye_anchor_or_ordered_structure","C:\realDesktop\manifest-evaluations\summer-26\ghidra-pipeline\il2cpp-files\cac\general-structure-results\70_high_general_structure_review_high\07448730_Newtonsoft.Json.JsonReader$$Close.c"
"Newtonsoft.Json.JsonReader$$ReadAndAssert","07448748","82","70_high_general_structure_review_high","no","unrelated_or_generic_structure","app_or_custom_namespace","","validity_gate;data_collection;telemetry","validity_or_gating_hits_21;strong_file_logging_hits_2;telemetry_or_network_hits_2","C:\realDesktop\manifest-evaluations\summer-26\ghidra-pipeline\il2cpp-files\cac\general-structure-results\70_high_general_structure_review_high\07448748_Newtonsoft.Json.JsonReader$$ReadAndAssert.c"
"Newtonsoft.Json.JsonReader$$ReadForTypeAndAssert","074487a0","82","70_high_general_structure_review_high","no","unrelated_or_generic_structure","app_or_custom_namespace","","validity_gate;data_collection;telemetry","validity_or_gating_hits_21;strong_file_logging_hits_2;telemetry_or_network_hits_2","C:\realDesktop\manifest-evaluations\summer-26\ghidra-pipeline\il2cpp-files\cac\general-structure-results\70_high_general_structure_review_high\074487a0_Newtonsoft.Json.JsonReader$$ReadForTypeAndAssert.c"
"Newtonsoft.Json.JsonReader$$ReadForType","074487ec","82","70_high_general_structure_review_high","no","unrelated_or_generic_structure","app_or_custom_namespace","","validity_gate;data_collection;telemetry","validity_or_gating_hits_21;strong_file_logging_hits_2;telemetry_or_network_hits_2","C:\realDesktop\manifest-evaluations\summer-26\ghidra-pipeline\il2cpp-files\cac\general-structure-results\70_high_general_structure_review_high\074487ec_Newtonsoft.Json.JsonReader$$ReadForType.c"
"Newtonsoft.Json.JsonSerializer$$get_Converters","0744ace8","73","70_high_general_structure_review_high","no","unrelated_or_generic_structure","app_or_custom_namespace","","validity_gate;data_collection;telemetry","validity_or_gating_hits_1;strong_file_logging_hits_2;telemetry_or_network_hits_2","C:\realDesktop\manifest-evaluations\summer-26\ghidra-pipeline\il2cpp-files\cac\general-structure-results\70_high_general_structure_review_high\0744ace8_Newtonsoft.Json.JsonSerializer$$get_Converters.c"
"Newtonsoft.Json.JsonSerializer$$set_ContractResolver","0744ad5c","81","70_high_general_structure_review_high","no","unrelated_or_generic_structure","app_or_custom_namespace","","validity_gate;data_collection;telemetry;keyword_support","validity_or_gating_hits_1;strong_file_logging_hits_2;telemetry_or_network_hits_2;eye_or_gaze_keyword_boost_only","C:\realDesktop\manifest-evaluations\summer-26\ghidra-pipeline\il2cpp-files\cac\general-structure-results\70_high_general_structure_review_high\0744ad5c_Newtonsoft.Json.JsonSerializer$$set_ContractResolver.c"
"Newtonsoft.Json.JsonSerializer$$get_Context","0744ae0c","73","70_high_general_structure_review_high","no","unrelated_or_generic_structure","app_or_custom_namespace","","validity_gate;data_collection;telemetry","validity_or_gating_hits_1;strong_file_logging_hits_2;telemetry_or_network_hits_2","C:\realDesktop\manifest-evaluations\summer-26\ghidra-pipeline\il2cpp-files\cac\general-structure-results\70_high_general_structure_review_high\0744ae0c_Newtonsoft.Json.JsonSerializer$$get_Context.c"
"Newtonsoft.Json.JsonSerializer$$set_Context","0744ae18","76","70_high_general_structure_review_high","no","unrelated_or_generic_structure","app_or_custom_namespace","","validity_gate;data_collection;telemetry","validity_or_gating_hits_2;strong_file_logging_hits_2;telemetry_or_network_hits_2","C:\realDesktop\manifest-evaluations\summer-26\ghidra-pipeline\il2cpp-files\cac\general-structure-results\70_high_general_structure_review_high\0744ae18_Newtonsoft.Json.JsonSerializer$$set_Context.c"
"Newtonsoft.Json.JsonSerializer$$get_MaxDepth","0744b3b4","82","70_high_general_structure_review_high","no","unrelated_or_generic_structure","app_or_custom_namespace","","validity_gate;data_collection;telemetry","validity_or_gating_hits_7;strong_file_logging_hits_2;telemetry_or_network_hits_2","C:\realDesktop\manifest-evaluations\summer-26\ghidra-pipeline\il2cpp-files\cac\general-structure-results\70_high_general_structure_review_high\0744b3b4_Newtonsoft.Json.JsonSerializer$$get_MaxDepth.c"
"Newtonsoft.Json.JsonSerializer$$set_MaxDepth","0744b3bc","82","70_high_general_structure_review_high","no","unrelated_or_generic_structure","app_or_custom_namespace","","validity_gate;data_collection;telemetry","validity_or_gating_hits_7;strong_file_logging_hits_2;telemetry_or_network_hits_2","C:\realDesktop\manifest-evaluations\summer-26\ghidra-pipeline\il2cpp-files\cac\general-structure-results\70_high_general_structure_review_high\0744b3bc_Newtonsoft.Json.JsonSerializer$$set_MaxDepth.c"
"Newtonsoft.Json.JsonSerializer$$get_CheckAdditionalContent","0744b480","82","70_high_general_structure_review_high","no","unrelated_or_generic_structure","app_or_custom_namespace","","validity_gate;data_collection;telemetry","validity_or_gating_hits_5;strong_file_logging_hits_2;telemetry_or_network_hits_2","C:\realDesktop\manifest-evaluations\summer-26\ghidra-pipeline\il2cpp-files\cac\general-structure-results\70_high_general_structure_review_high\0744b480_Newtonsoft.Json.JsonSerializer$$get_CheckAdditionalContent.c"
"Newtonsoft.Json.JsonSerializer$$set_CheckAdditionalContent","0744b4bc","82","70_high_general_structure_review_high","no","unrelated_or_generic_structure","app_or_custom_namespace","","validity_gate;data_collection;telemetry","validity_or_gating_hits_4;strong_file_logging_hits_2;telemetry_or_network_hits_2","C:\realDesktop\manifest-evaluations\summer-26\ghidra-pipeline\il2cpp-files\cac\general-structure-results\70_high_general_structure_review_high\0744b4bc_Newtonsoft.Json.JsonSerializer$$set_CheckAdditionalContent.c"
"Newtonsoft.Json.JsonSerializer$$.ctor","0744b524","79","70_high_general_structure_review_high","no","unrelated_or_generic_structure","app_or_custom_namespace","","validity_gate;data_collection;telemetry","validity_or_gating_hits_3;strong_file_logging_hits_2;telemetry_or_network_hits_2","C:\realDesktop\manifest-evaluations\summer-26\ghidra-pipeline\il2cpp-files\cac\general-structure-results\70_high_general_structure_review_high\0744b524_Newtonsoft.Json.JsonSerializer$$.ctor.c"
"Newtonsoft.Json.JsonSerializer$$Create","0744b670","82","70_high_general_structure_review_high","no","unrelated_or_generic_structure","app_or_custom_namespace","","validity_gate;data_collection;telemetry","validity_or_gating_hits_6;strong_file_logging_hits_2;telemetry_or_network_hits_2","C:\realDesktop\manifest-evaluations\summer-26\ghidra-pipeline\il2cpp-files\cac\general-structure-results\70_high_general_structure_review_high\0744b670_Newtonsoft.Json.JsonSerializer$$Create.c"
"Newtonsoft.Json.JsonSerializer$$Create","0744b6c0","76","70_high_general_structure_review_high","no","unrelated_or_generic_structure","app_or_custom_namespace","","validity_gate;data_collection;telemetry","validity_or_gating_hits_2;strong_file_logging_hits_2;telemetry_or_network_hits_2","C:\realDesktop\manifest-evaluations\summer-26\ghidra-pipeline\il2cpp-files\cac\general-structure-results\70_high_general_structure_review_high\0744b6c0_Newtonsoft.Json.JsonSerializer$$Create.c"
"Newtonsoft.Json.JsonSerializer$$ApplySerializerSettings","0744b6f4","78","70_high_general_structure_review_high","no","unrelated_or_generic_structure","app_or_custom_namespace","","validity_gate;data_collection;telemetry","validity_or_gating_hits_1;strong_file_logging_hits_2;telemetry_or_network_hits_4","C:\realDesktop\manifest-evaluations\summer-26\ghidra-pipeline\il2cpp-files\cac\general-structure-results\70_high_general_structure_review_high\0744b6f4_Newtonsoft.Json.JsonSerializer$$ApplySerializerSettings.c"
"Newtonsoft.Json.JsonSerializer$$CreateDefault","0744be3c","82","70_high_general_structure_review_high","no","unrelated_or_generic_structure","app_or_custom_namespace","","validity_gate;data_collection;telemetry","validity_or_gating_hits_8;strong_file_logging_hits_2;telemetry_or_network_hits_2","C:\realDesktop\manifest-evaluations\summer-26\ghidra-pipeline\il2cpp-files\cac\general-structure-results\70_high_general_structure_review_high\0744be3c_Newtonsoft.Json.JsonSerializer$$CreateDefault.c"
"Newtonsoft.Json.JsonSerializerSettings$$get_TypeNameHandling","0744bee0","82","70_high_general_structure_review_high","no","unrelated_or_generic_structure","app_or_custom_namespace","","validity_gate;data_collection;telemetry","validity_or_gating_hits_9;strong_file_logging_hits_2;telemetry_or_network_hits_2","C:\realDesktop\manifest-evaluations\summer-26\ghidra-pipeline\il2cpp-files\cac\general-structure-results\70_high_general_structure_review_high\0744bee0_Newtonsoft.Json.JsonSerializerSettings$$get_TypeNameHandling.c"
"Newtonsoft.Json.JsonSerializerSettings$$get_MetadataPropertyHandling","0744bf1c","89","70_high_general_structure_review_high","no","unrelated_or_generic_structure","app_or_custom_namespace","","weak_source_state;validity_gate;data_collection;telemetry","weak_xr_or_state_hits_2;validity_or_gating_hits_9;strong_file_logging_hits_2;telemetry_or_network_hits_2;cap_below_near_certain_without_eye_anchor_or_ordered_structure","C:\realDesktop\manifest-evaluations\summer-26\ghidra-pipeline\il2cpp-files\cac\general-structure-results\70_high_general_structure_review_high\0744bf1c_Newtonsoft.Json.JsonSerializerSettings$$get_MetadataPropertyHandling.c"
"Newtonsoft.Json.JsonSerializerSettings$$get_TypeNameAssemblyFormatHandling","0744bf58","82","70_high_general_structure_review_high","no","unrelated_or_generic_structure","app_or_custom_namespace","","validity_gate;data_collection;telemetry","validity_or_gating_hits_9;strong_file_logging_hits_2;telemetry_or_network_hits_2","C:\realDesktop\manifest-evaluations\summer-26\ghidra-pipeline\il2cpp-files\cac\general-structure-results\70_high_general_structure_review_high\0744bf58_Newtonsoft.Json.JsonSerializerSettings$$get_TypeNameAssemblyFormatHandling.c"
"Newtonsoft.Json.JsonSerializerSettings$$get_PreserveReferencesHandling","0744bf94","82","70_high_general_structure_review_high","no","unrelated_or_generic_structure","app_or_custom_namespace","","validity_gate;data_collection;telemetry","validity_or_gating_hits_9;strong_file_logging_hits_2;telemetry_or_network_hits_2","C:\realDesktop\manifest-evaluations\summer-26\ghidra-pipeline\il2cpp-files\cac\general-structure-results\70_high_general_structure_review_high\0744bf94_Newtonsoft.Json.JsonSerializerSettings$$get_PreserveReferencesHandling.c"
"Newtonsoft.Json.JsonSerializerSettings$$get_DefaultValueHandling","0744c0c0","82","70_high_general_structure_review_high","no","unrelated_or_generic_structure","app_or_custom_namespace","","validity_gate;data_collection;telemetry","validity_or_gating_hits_10;strong_file_logging_hits_2;telemetry_or_network_hits_2","C:\realDesktop\manifest-evaluations\summer-26\ghidra-pipeline\il2cpp-files\cac\general-structure-results\70_high_general_structure_review_high\0744c0c0_Newtonsoft.Json.JsonSerializerSettings$$get_DefaultValueHandling.c"
"Newtonsoft.Json.JsonSerializerSettings$$get_ConstructorHandling","0744c0fc","82","70_high_general_structure_review_high","no","unrelated_or_generic_structure","app_or_custom_namespace","","validity_gate;data_collection;telemetry","validity_or_gating_hits_8;strong_file_logging_hits_2;telemetry_or_network_hits_2","C:\realDesktop\manifest-evaluations\summer-26\ghidra-pipeline\il2cpp-files\cac\general-structure-results\70_high_general_structure_review_high\0744c0fc_Newtonsoft.Json.JsonSerializerSettings$$get_ConstructorHandling.c"
"Newtonsoft.Json.JsonSerializerSettings$$get_Context","0744c138","82","70_high_general_structure_review_high","no","unrelated_or_generic_structure","app_or_custom_namespace","","validity_gate;data_collection;telemetry","validity_or_gating_hits_7;strong_file_logging_hits_2;telemetry_or_network_hits_2","C:\realDesktop\manifest-evaluations\summer-26\ghidra-pipeline\il2cpp-files\cac\general-structure-results\70_high_general_structure_review_high\0744c138_Newtonsoft.Json.JsonSerializerSettings$$get_Context.c"
"Newtonsoft.Json.JsonSerializer$$Populate","0744c1c8","82","70_high_general_structure_review_high","no","unrelated_or_generic_structure","app_or_custom_namespace","","validity_gate;data_collection;telemetry","validity_or_gating_hits_6;strong_file_logging_hits_2;telemetry_or_network_hits_2","C:\realDesktop\manifest-evaluations\summer-26\ghidra-pipeline\il2cpp-files\cac\general-structure-results\70_high_general_structure_review_high\0744c1c8_Newtonsoft.Json.JsonSerializer$$Populate.c"
"Newtonsoft.Json.JsonSerializer$$SetupReader","0744c4bc","82","70_high_general_structure_review_high","no","unrelated_or_generic_structure","app_or_custom_namespace","","validity_gate;data_collection;telemetry","validity_or_gating_hits_7;strong_file_logging_hits_2;telemetry_or_network_hits_2","C:\realDesktop\manifest-evaluations\summer-26\ghidra-pipeline\il2cpp-files\cac\general-structure-results\70_high_general_structure_review_high\0744c4bc_Newtonsoft.Json.JsonSerializer$$SetupReader.c"
"Newtonsoft.Json.JsonSerializer$$ResetReader","0744c91c","76","70_high_general_structure_review_high","no","unrelated_or_generic_structure","app_or_custom_namespace","","validity_gate;data_collection;telemetry","validity_or_gating_hits_2;strong_file_logging_hits_2;telemetry_or_network_hits_2","C:\realDesktop\manifest-evaluations\summer-26\ghidra-pipeline\il2cpp-files\cac\general-structure-results\70_high_general_structure_review_high\0744c91c_Newtonsoft.Json.JsonSerializer$$ResetReader.c"
"Newtonsoft.Json.JsonSerializer$$DeserializeInternal","0744cbbc","78","70_high_general_structure_review_high","no","unrelated_or_generic_structure","app_or_custom_namespace","","validity_gate;data_collection;telemetry","validity_or_gating_hits_1;strong_file_logging_hits_2;telemetry_or_network_hits_4","C:\realDesktop\manifest-evaluations\summer-26\ghidra-pipeline\il2cpp-files\cac\general-structure-results\70_high_general_structure_review_high\0744cbbc_Newtonsoft.Json.JsonSerializer$$DeserializeInternal.c"
"Newtonsoft.Json.JsonSerializerSettings$$set_NullValueHandling","0744d804","82","70_high_general_structure_review_high","no","unrelated_or_generic_structure","app_or_custom_namespace","","validity_gate;data_collection;telemetry","validity_or_gating_hits_5;strong_file_logging_hits_2;telemetry_or_network_hits_2","C:\realDesktop\manifest-evaluations\summer-26\ghidra-pipeline\il2cpp-files\cac\general-structure-results\70_high_general_structure_review_high\0744d804_Newtonsoft.Json.JsonSerializerSettings$$set_NullValueHandling.c"
"Newtonsoft.Json.JsonSerializerSettings$$set_DefaultValueHandling","0744d86c","82","70_high_general_structure_review_high","no","unrelated_or_generic_structure","app_or_custom_namespace","","validity_gate;data_collection;telemetry","validity_or_gating_hits_4;strong_file_logging_hits_2;telemetry_or_network_hits_2","C:\realDesktop\manifest-evaluations\summer-26\ghidra-pipeline\il2cpp-files\cac\general-structure-results\70_high_general_structure_review_high\0744d86c_Newtonsoft.Json.JsonSerializerSettings$$set_DefaultValueHandling.c"
"Newtonsoft.Json.JsonSerializerSettings$$get_Converters","0744d8d4","87","70_high_general_structure_review_high","no","unrelated_or_generic_structure","app_or_custom_namespace","","validity_gate;data_collection;telemetry","validity_or_gating_hits_4;strong_file_logging_hits_2;telemetry_or_network_hits_4","C:\realDesktop\manifest-evaluations\summer-26\ghidra-pipeline\il2cpp-files\cac\general-structure-results\70_high_general_structure_review_high\0744d8d4_Newtonsoft.Json.JsonSerializerSettings$$get_Converters.c"
"Newtonsoft.Json.JsonSerializerSettings$$set_Converters","0744d8dc","84","70_high_general_structure_review_high","no","unrelated_or_generic_structure","app_or_custom_namespace","","validity_gate;data_collection;telemetry","validity_or_gating_hits_3;strong_file_logging_hits_2;telemetry_or_network_hits_4","C:\realDesktop\manifest-evaluations\summer-26\ghidra-pipeline\il2cpp-files\cac\general-structure-results\70_high_general_structure_review_high\0744d8dc_Newtonsoft.Json.JsonSerializerSettings$$set_Converters.c"
"Newtonsoft.Json.JsonSerializerSettings$$set_PreserveReferencesHandling","0744d8e4","84","70_high_general_structure_review_high","no","unrelated_or_generic_structure","app_or_custom_namespace","","validity_gate;data_collection;telemetry","validity_or_gating_hits_3;strong_file_logging_hits_2;telemetry_or_network_hits_4","C:\realDesktop\manifest-evaluations\summer-26\ghidra-pipeline\il2cpp-files\cac\general-structure-results\70_high_general_structure_review_high\0744d8e4_Newtonsoft.Json.JsonSerializerSettings$$set_PreserveReferencesHandling.c"
"Newtonsoft.Json.JsonSerializerSettings$$set_TypeNameAssemblyFormat","0744da58","80","70_high_general_structure_review_high","no","unrelated_or_generic_structure","app_or_custom_namespace","","validity_gate;data_collection;weak_data_support;telemetry","validity_or_gating_hits_2;strong_file_logging_hits_2;weak_string_building_near_file_sink_1;telemetry_or_network_hits_2","C:\realDesktop\manifest-evaluations\summer-26\ghidra-pipeline\il2cpp-files\cac\general-structure-results\70_high_general_structure_review_high\0744da58_Newtonsoft.Json.JsonSerializerSettings$$set_TypeNameAssemblyFormat.c"
"Newtonsoft.Json.JsonSerializerSettings$$set_TypeNameAssemblyFormatHandling","0744da5c","76","70_high_general_structure_review_high","no","unrelated_or_generic_structure","app_or_custom_namespace","","validity_gate;data_collection;telemetry","validity_or_gating_hits_2;strong_file_logging_hits_2;telemetry_or_network_hits_2","C:\realDesktop\manifest-evaluations\summer-26\ghidra-pipeline\il2cpp-files\cac\general-structure-results\70_high_general_structure_review_high\0744da5c_Newtonsoft.Json.JsonSerializerSettings$$set_TypeNameAssemblyFormatHandling.c"
"Newtonsoft.Json.JsonSerializerSettings.<>c__DisplayClass93_0$$.ctor","0744dc4c","82","70_high_general_structure_review_high","no","unrelated_or_generic_structure","app_or_custom_namespace","","validity_gate;data_collection;telemetry","validity_or_gating_hits_8;strong_file_logging_hits_2;telemetry_or_network_hits_2","C:\realDesktop\manifest-evaluations\summer-26\ghidra-pipeline\il2cpp-files\cac\general-structure-results\70_high_general_structure_review_high\0744dc4c_Newtonsoft.Json.JsonSerializerSettings._c__DisplayClass93_0$$.ctor.c"
"Newtonsoft.Json.JsonSerializerSettings$$get_ReferenceResolverProvider","0744dc54","82","70_high_general_structure_review_high","no","unrelated_or_generic_structure","app_or_custom_namespace","","validity_gate;data_collection;telemetry","validity_or_gating_hits_8;strong_file_logging_hits_2;telemetry_or_network_hits_2","C:\realDesktop\manifest-evaluations\summer-26\ghidra-pipeline\il2cpp-files\cac\general-structure-results\70_high_general_structure_review_high\0744dc54_Newtonsoft.Json.JsonSerializerSettings$$get_ReferenceResolverProvider.c"
"Newtonsoft.Json.JsonSerializerSettings$$set_ReferenceResolverProvider","0744dc5c","82","70_high_general_structure_review_high","no","unrelated_or_generic_structure","app_or_custom_namespace","","validity_gate;data_collection;telemetry","validity_or_gating_hits_8;strong_file_logging_hits_2;telemetry_or_network_hits_2","C:\realDesktop\manifest-evaluations\summer-26\ghidra-pipeline\il2cpp-files\cac\general-structure-results\70_high_general_structure_review_high\0744dc5c_Newtonsoft.Json.JsonSerializerSettings$$set_ReferenceResolverProvider.c"
"Newtonsoft.Json.JsonSerializerSettings$$get_TraceWriter","0744dc64","82","70_high_general_structure_review_high","no","unrelated_or_generic_structure","app_or_custom_namespace","","validity_gate;data_collection;telemetry","validity_or_gating_hits_8;strong_file_logging_hits_2;telemetry_or_network_hits_2","C:\realDesktop\manifest-evaluations\summer-26\ghidra-pipeline\il2cpp-files\cac\general-structure-results\70_high_general_structure_review_high\0744dc64_Newtonsoft.Json.JsonSerializerSettings$$get_TraceWriter.c"
"Newtonsoft.Json.JsonSerializerSettings$$set_TraceWriter","0744dc6c","82","70_high_general_structure_review_high","no","unrelated_or_generic_structure","app_or_custom_namespace","","validity_gate;data_collection;telemetry","validity_or_gating_hits_7;strong_file_logging_hits_2;telemetry_or_network_hits_2","C:\realDesktop\manifest-evaluations\summer-26\ghidra-pipeline\il2cpp-files\cac\general-structure-results\70_high_general_structure_review_high\0744dc6c_Newtonsoft.Json.JsonSerializerSettings$$set_TraceWriter.c"
"Newtonsoft.Json.JsonSerializerSettings$$get_Binder","0744dc74","82","70_high_general_structure_review_high","no","unrelated_or_generic_structure","app_or_custom_namespace","","validity_gate;data_collection;telemetry","validity_or_gating_hits_6;strong_file_logging_hits_2;telemetry_or_network_hits_2","C:\realDesktop\manifest-evaluations\summer-26\ghidra-pipeline\il2cpp-files\cac\general-structure-results\70_high_general_structure_review_high\0744dc74_Newtonsoft.Json.JsonSerializerSettings$$get_Binder.c"
"Newtonsoft.Json.JsonSerializerSettings$$set_Binder","0744dd3c","82","70_high_general_structure_review_high","no","unrelated_or_generic_structure","app_or_custom_namespace","","validity_gate;data_collection;telemetry","validity_or_gating_hits_4;strong_file_logging_hits_2;telemetry_or_network_hits_2","C:\realDesktop\manifest-evaluations\summer-26\ghidra-pipeline\il2cpp-files\cac\general-structure-results\70_high_general_structure_review_high\0744dd3c_Newtonsoft.Json.JsonSerializerSettings$$set_Binder.c"
"Newtonsoft.Json.JsonSerializerSettings$$get_SerializationBinder","0744ddb8","73","70_high_general_structure_review_high","no","unrelated_or_generic_structure","app_or_custom_namespace","","validity_gate;data_collection;telemetry","validity_or_gating_hits_1;strong_file_logging_hits_2;telemetry_or_network_hits_2","C:\realDesktop\manifest-evaluations\summer-26\ghidra-pipeline\il2cpp-files\cac\general-structure-results\70_high_general_structure_review_high\0744ddb8_Newtonsoft.Json.JsonSerializerSettings$$get_SerializationBinder.c"
"Newtonsoft.Json.JsonSerializerSettings$$set_SerializationBinder","0744ddc0","73","70_high_general_structure_review_high","no","unrelated_or_generic_structure","app_or_custom_namespace","","validity_gate;data_collection;telemetry","validity_or_gating_hits_1;strong_file_logging_hits_2;telemetry_or_network_hits_2","C:\realDesktop\manifest-evaluations\summer-26\ghidra-pipeline\il2cpp-files\cac\general-structure-results\70_high_general_structure_review_high\0744ddc0_Newtonsoft.Json.JsonSerializerSettings$$set_SerializationBinder.c"
"Newtonsoft.Json.JsonSerializerSettings$$get_Error","0744ddd0","73","70_high_general_structure_review_high","no","unrelated_or_generic_structure","app_or_custom_namespace","","validity_gate;data_collection;telemetry","validity_or_gating_hits_1;strong_file_logging_hits_2;telemetry_or_network_hits_2","C:\realDesktop\manifest-evaluations\summer-26\ghidra-pipeline\il2cpp-files\cac\general-structure-results\70_high_general_structure_review_high\0744ddd0_Newtonsoft.Json.JsonSerializerSettings$$get_Error.c"
"Newtonsoft.Json.JsonSerializerSettings$$set_Error","0744ddd8","73","70_high_general_structure_review_high","no","unrelated_or_generic_structure","app_or_custom_namespace","","validity_gate;data_collection;telemetry","validity_or_gating_hits_1;strong_file_logging_hits_2;telemetry_or_network_hits_2","C:\realDesktop\manifest-evaluations\summer-26\ghidra-pipeline\il2cpp-files\cac\general-structure-results\70_high_general_structure_review_high\0744ddd8_Newtonsoft.Json.JsonSerializerSettings$$set_Error.c"
"Newtonsoft.Json.JsonSerializerSettings$$set_Context","0744dde8","73","70_high_general_structure_review_high","no","unrelated_or_generic_structure","app_or_custom_namespace","","validity_gate;data_collection;telemetry","validity_or_gating_hits_1;strong_file_logging_hits_2;telemetry_or_network_hits_2","C:\realDesktop\manifest-evaluations\summer-26\ghidra-pipeline\il2cpp-files\cac\general-structure-results\70_high_general_structure_review_high\0744dde8_Newtonsoft.Json.JsonSerializerSettings$$set_Context.c"
"Newtonsoft.Json.JsonSerializerSettings$$set_DateFormatString","0744dec8","82","70_high_general_structure_review_high","no","unrelated_or_generic_structure","app_or_custom_namespace","","validity_gate;data_collection;telemetry","validity_or_gating_hits_9;strong_file_logging_hits_2;telemetry_or_network_hits_2","C:\realDesktop\manifest-evaluations\summer-26\ghidra-pipeline\il2cpp-files\cac\general-structure-results\70_high_general_structure_review_high\0744dec8_Newtonsoft.Json.JsonSerializerSettings$$set_DateFormatString.c"
"Newtonsoft.Json.JsonSerializerSettings$$get_MaxDepth","0744deec","82","70_high_general_structure_review_high","no","unrelated_or_generic_structure","app_or_custom_namespace","","validity_gate;data_collection;telemetry","validity_or_gating_hits_9;strong_file_logging_hits_2;telemetry_or_network_hits_2","C:\realDesktop\manifest-evaluations\summer-26\ghidra-pipeline\il2cpp-files\cac\general-structure-results\70_high_general_structure_review_high\0744deec_Newtonsoft.Json.JsonSerializerSettings$$get_MaxDepth.c"
"Newtonsoft.Json.JsonSerializerSettings$$set_MaxDepth","0744df58","82","70_high_general_structure_review_high","no","unrelated_or_generic_structure","app_or_custom_namespace","","validity_gate;data_collection;telemetry","validity_or_gating_hits_9;strong_file_logging_hits_2;telemetry_or_network_hits_2","C:\realDesktop\manifest-evaluations\summer-26\ghidra-pipeline\il2cpp-files\cac\general-structure-results\70_high_general_structure_review_high\0744df58_Newtonsoft.Json.JsonSerializerSettings$$set_MaxDepth.c"
"Newtonsoft.Json.JsonSerializerSettings$$get_Formatting","0744e01c","82","70_high_general_structure_review_high","no","unrelated_or_generic_structure","app_or_custom_namespace","","validity_gate;data_collection;telemetry","validity_or_gating_hits_7;strong_file_logging_hits_2;telemetry_or_network_hits_2","C:\realDesktop\manifest-evaluations\summer-26\ghidra-pipeline\il2cpp-files\cac\general-structure-results\70_high_general_structure_review_high\0744e01c_Newtonsoft.Json.JsonSerializerSettings$$get_Formatting.c"
"Newtonsoft.Json.JsonSerializerSettings$$set_Formatting","0744e058","82","70_high_general_structure_review_high","no","unrelated_or_generic_structure","app_or_custom_namespace","","validity_gate;data_collection;telemetry","validity_or_gating_hits_7;strong_file_logging_hits_2;telemetry_or_network_hits_2","C:\realDesktop\manifest-evaluations\summer-26\ghidra-pipeline\il2cpp-files\cac\general-structure-results\70_high_general_structure_review_high\0744e058_Newtonsoft.Json.JsonSerializerSettings$$set_Formatting.c"
"Newtonsoft.Json.JsonSerializerSettings$$get_DateFormatHandling","0744e0c0","82","70_high_general_structure_review_high","no","unrelated_or_generic_structure","app_or_custom_namespace","","validity_gate;data_collection;telemetry","validity_or_gating_hits_7;strong_file_logging_hits_2;telemetry_or_network_hits_2","C:\realDesktop\manifest-evaluations\summer-26\ghidra-pipeline\il2cpp-files\cac\general-structure-results\70_high_general_structure_review_high\0744e0c0_Newtonsoft.Json.JsonSerializerSettings$$get_DateFormatHandling.c"
"Newtonsoft.Json.JsonSerializerSettings$$set_DateFormatHandling","0744e0fc","82","70_high_general_structure_review_high","no","unrelated_or_generic_structure","app_or_custom_namespace","","validity_gate;data_collection;telemetry","validity_or_gating_hits_7;strong_file_logging_hits_2;telemetry_or_network_hits_2","C:\realDesktop\manifest-evaluations\summer-26\ghidra-pipeline\il2cpp-files\cac\general-structure-results\70_high_general_structure_review_high\0744e0fc_Newtonsoft.Json.JsonSerializerSettings$$set_DateFormatHandling.c"
"Newtonsoft.Json.JsonSerializerSettings$$get_DateTimeZoneHandling","0744e164","82","70_high_general_structure_review_high","no","unrelated_or_generic_structure","app_or_custom_namespace","","validity_gate;data_collection;telemetry","validity_or_gating_hits_7;strong_file_logging_hits_2;telemetry_or_network_hits_2","C:\realDesktop\manifest-evaluations\summer-26\ghidra-pipeline\il2cpp-files\cac\general-structure-results\70_high_general_structure_review_high\0744e164_Newtonsoft.Json.JsonSerializerSettings$$get_DateTimeZoneHandling.c"
"Newtonsoft.Json.JsonSerializerSettings$$set_DateTimeZoneHandling","0744e1bc","82","70_high_general_structure_review_high","no","unrelated_or_generic_structure","app_or_custom_namespace","","validity_gate;data_collection;telemetry","validity_or_gating_hits_7;strong_file_logging_hits_2;telemetry_or_network_hits_2","C:\realDesktop\manifest-evaluations\summer-26\ghidra-pipeline\il2cpp-files\cac\general-structure-results\70_high_general_structure_review_high\0744e1bc_Newtonsoft.Json.JsonSerializerSettings$$set_DateTimeZoneHandling.c"
"Newtonsoft.Json.JsonSerializerSettings$$get_DateParseHandling","0744e224","82","70_high_general_structure_review_high","no","unrelated_or_generic_structure","app_or_custom_namespace","","validity_gate;data_collection;telemetry","validity_or_gating_hits_7;strong_file_logging_hits_2;telemetry_or_network_hits_2","C:\realDesktop\manifest-evaluations\summer-26\ghidra-pipeline\il2cpp-files\cac\general-structure-results\70_high_general_structure_review_high\0744e224_Newtonsoft.Json.JsonSerializerSettings$$get_DateParseHandling.c"
"Newtonsoft.Json.JsonSerializerSettings$$set_DateParseHandling","0744e278","82","70_high_general_structure_review_high","no","unrelated_or_generic_structure","app_or_custom_namespace","","validity_gate;data_collection;telemetry","validity_or_gating_hits_7;strong_file_logging_hits_2;telemetry_or_network_hits_2","C:\realDesktop\manifest-evaluations\summer-26\ghidra-pipeline\il2cpp-files\cac\general-structure-results\70_high_general_structure_review_high\0744e278_Newtonsoft.Json.JsonSerializerSettings$$set_DateParseHandling.c"
"Newtonsoft.Json.JsonSerializerSettings$$set_FloatFormatHandling","0744e31c","82","70_high_general_structure_review_high","no","unrelated_or_generic_structure","app_or_custom_namespace","","validity_gate;data_collection;telemetry","validity_or_gating_hits_14;strong_file_logging_hits_2;telemetry_or_network_hits_2","C:\realDesktop\manifest-evaluations\summer-26\ghidra-pipeline\il2cpp-files\cac\general-structure-results\70_high_general_structure_review_high\0744e31c_Newtonsoft.Json.JsonSerializerSettings$$set_FloatFormatHandling.c"
"Newtonsoft.Json.JsonSerializerSettings$$get_FloatParseHandling","0744e384","82","70_high_general_structure_review_high","no","unrelated_or_generic_structure","app_or_custom_namespace","","validity_gate;data_collection;telemetry","validity_or_gating_hits_14;strong_file_logging_hits_2;telemetry_or_network_hits_2","C:\realDesktop\manifest-evaluations\summer-26\ghidra-pipeline\il2cpp-files\cac\general-structure-results\70_high_general_structure_review_high\0744e384_Newtonsoft.Json.JsonSerializerSettings$$get_FloatParseHandling.c"
"Newtonsoft.Json.JsonSerializerSettings$$set_FloatParseHandling","0744e3c0","82","70_high_general_structure_review_high","no","unrelated_or_generic_structure","app_or_custom_namespace","","validity_gate;data_collection;telemetry","validity_or_gating_hits_14;strong_file_logging_hits_2;telemetry_or_network_hits_2","C:\realDesktop\manifest-evaluations\summer-26\ghidra-pipeline\il2cpp-files\cac\general-structure-results\70_high_general_structure_review_high\0744e3c0_Newtonsoft.Json.JsonSerializerSettings$$set_FloatParseHandling.c"
"Newtonsoft.Json.JsonSerializerSettings$$get_StringEscapeHandling","0744e428","82","70_high_general_structure_review_high","no","unrelated_or_generic_structure","app_or_custom_namespace","","validity_gate;data_collection;telemetry","validity_or_gating_hits_14;strong_file_logging_hits_2;telemetry_or_network_hits_2","C:\realDesktop\manifest-evaluations\summer-26\ghidra-pipeline\il2cpp-files\cac\general-structure-results\70_high_general_structure_review_high\0744e428_Newtonsoft.Json.JsonSerializerSettings$$get_StringEscapeHandling.c"
"Newtonsoft.Json.JsonSerializerSettings$$set_StringEscapeHandling","0744e464","82","70_high_general_structure_review_high","no","unrelated_or_generic_structure","app_or_custom_namespace","","validity_gate;data_collection;telemetry","validity_or_gating_hits_14;strong_file_logging_hits_2;telemetry_or_network_hits_2","C:\realDesktop\manifest-evaluations\summer-26\ghidra-pipeline\il2cpp-files\cac\general-structure-results\70_high_general_structure_review_high\0744e464_Newtonsoft.Json.JsonSerializerSettings$$set_StringEscapeHandling.c"
"Newtonsoft.Json.JsonSerializerSettings$$get_Culture","0744e4cc","82","70_high_general_structure_review_high","no","unrelated_or_generic_structure","app_or_custom_namespace","","validity_gate;data_collection;telemetry","validity_or_gating_hits_12;strong_file_logging_hits_2;telemetry_or_network_hits_2","C:\realDesktop\manifest-evaluations\summer-26\ghidra-pipeline\il2cpp-files\cac\general-structure-results\70_high_general_structure_review_high\0744e4cc_Newtonsoft.Json.JsonSerializerSettings$$get_Culture.c"
"Newtonsoft.Json.JsonSerializerSettings$$set_Culture","0744e530","82","70_high_general_structure_review_high","no","unrelated_or_generic_structure","app_or_custom_namespace","","validity_gate;data_collection;telemetry","validity_or_gating_hits_11;strong_file_logging_hits_2;telemetry_or_network_hits_2","C:\realDesktop\manifest-evaluations\summer-26\ghidra-pipeline\il2cpp-files\cac\general-structure-results\70_high_general_structure_review_high\0744e530_Newtonsoft.Json.JsonSerializerSettings$$set_Culture.c"
"Newtonsoft.Json.JsonSerializerSettings$$set_CheckAdditionalContent","0744e538","82","70_high_general_structure_review_high","no","unrelated_or_generic_structure","app_or_custom_namespace","","validity_gate;data_collection;telemetry","validity_or_gating_hits_11;strong_file_logging_hits_2;telemetry_or_network_hits_2","C:\realDesktop\manifest-evaluations\summer-26\ghidra-pipeline\il2cpp-files\cac\general-structure-results\70_high_general_structure_review_high\0744e538_Newtonsoft.Json.JsonSerializerSettings$$set_CheckAdditionalContent.c"
"Newtonsoft.Json.JsonSerializerSettings$$.cctor","0744e5a0","82","70_high_general_structure_review_high","no","unrelated_or_generic_structure","app_or_custom_namespace","","validity_gate;data_collection;telemetry","validity_or_gating_hits_11;strong_file_logging_hits_2;telemetry_or_network_hits_2","C:\realDesktop\manifest-evaluations\summer-26\ghidra-pipeline\il2cpp-files\cac\general-structure-results\70_high_general_structure_review_high\0744e5a0_Newtonsoft.Json.JsonSerializerSettings$$.cctor.c"
"Newtonsoft.Json.JsonSerializerSettings$$.ctor","0744e628","82","70_high_general_structure_review_high","no","unrelated_or_generic_structure","app_or_custom_namespace","","validity_gate;data_collection;telemetry","validity_or_gating_hits_9;strong_file_logging_hits_2;telemetry_or_network_hits_2","C:\realDesktop\manifest-evaluations\summer-26\ghidra-pipeline\il2cpp-files\cac\general-structure-results\70_high_general_structure_review_high\0744e628_Newtonsoft.Json.JsonSerializerSettings$$.ctor.c"
"Newtonsoft.Json.JsonSerializerSettings.<>c__DisplayClass93_0$$<set_ReferenceResolver>b__0","0744e7e0","76","70_high_general_structure_review_high","no","unrelated_or_generic_structure","app_or_custom_namespace","","validity_gate;data_collection;telemetry","validity_or_gating_hits_2;strong_file_logging_hits_2;telemetry_or_network_hits_2","C:\realDesktop\manifest-evaluations\summer-26\ghidra-pipeline\il2cpp-files\cac\general-structure-results\70_high_general_structure_review_high\0744e7e0_Newtonsoft.Json.JsonSerializerSettings._c__DisplayClass93_0$$_set_ReferenceResolver_b__0.c"
"Newtonsoft.Json.JsonTextReader$$ParsePostValue","07452e60","82","70_high_general_structure_review_high","no","unrelated_or_generic_structure","app_or_custom_namespace","","validity_gate;data_collection;telemetry","validity_or_gating_hits_4;strong_file_logging_hits_2;telemetry_or_network_hits_2","C:\realDesktop\manifest-evaluations\summer-26\ghidra-pipeline\il2cpp-files\cac\general-structure-results\70_high_general_structure_review_high\07452e60_Newtonsoft.Json.JsonTextReader$$ParsePostValue.c"
"Newtonsoft.Json.JsonTextReader$$EatWhitespace","0745310c","82","70_high_general_structure_review_high","no","unrelated_or_generic_structure","app_or_custom_namespace","","validity_gate;data_collection;telemetry","validity_or_gating_hits_4;strong_file_logging_hits_2;telemetry_or_network_hits_2","C:\realDesktop\manifest-evaluations\summer-26\ghidra-pipeline\il2cpp-files\cac\general-structure-results\70_high_general_structure_review_high\0745310c_Newtonsoft.Json.JsonTextReader$$EatWhitespace.c"
"Newtonsoft.Json.JsonTextReader$$get_LinePosition","07457e68","70","70_high_general_structure_review_high","no","unrelated_or_generic_structure","app_or_custom_namespace","","validity_gate;pose_vector;data_collection","validity_or_gating_hits_4;strong_pose_or_ray_construction_hits_2;strong_file_logging_hits_2","C:\realDesktop\manifest-evaluations\summer-26\ghidra-pipeline\il2cpp-files\cac\general-structure-results\70_high_general_structure_review_high\07457e68_Newtonsoft.Json.JsonTextReader$$get_LinePosition.c"
"Newtonsoft.Json.JsonTextReader.<MatchValueWithTrailingSeparatorAsync>d__20$$SetStateMachine","0745ca64","82","70_high_general_structure_review_high","no","unrelated_or_generic_structure","app_or_custom_namespace","","validity_gate;data_collection;telemetry","validity_or_gating_hits_20;strong_file_logging_hits_2;telemetry_or_network_hits_2","C:\realDesktop\manifest-evaluations\summer-26\ghidra-pipeline\il2cpp-files\cac\general-structure-results\70_high_general_structure_review_high\0745ca64_Newtonsoft.Json.JsonTextReader._MatchValueWithTrailingSeparatorAsync_d__20$$SetStateMachine.c"
"Newtonsoft.Json.JsonTextReader.<ParseNumberNaNAsync>d__26$$SetStateMachine","0745e454","73","70_high_general_structure_review_high","no","unrelated_or_generic_structure","app_or_custom_namespace","","validity_gate;data_collection;telemetry","validity_or_gating_hits_1;strong_file_logging_hits_2;telemetry_or_network_hits_2","C:\realDesktop\manifest-evaluations\summer-26\ghidra-pipeline\il2cpp-files\cac\general-structure-results\70_high_general_structure_review_high\0745e454_Newtonsoft.Json.JsonTextReader._ParseNumberNaNAsync_d__26$$SetStateMachine.c"
"Newtonsoft.Json.JsonTextWriter$$set_IndentChar","0746afac","81","70_high_general_structure_review_high","no","unrelated_or_generic_structure","app_or_custom_namespace","","validity_gate;data_collection;telemetry","validity_or_gating_hits_1;strong_file_logging_hits_4;telemetry_or_network_hits_2","C:\realDesktop\manifest-evaluations\summer-26\ghidra-pipeline\il2cpp-files\cac\general-structure-results\70_high_general_structure_review_high\0746afac_Newtonsoft.Json.JsonTextWriter$$set_IndentChar.c"
"Newtonsoft.Json.JsonTextWriter$$get_QuoteName","0746afd0","81","70_high_general_structure_review_high","no","unrelated_or_generic_structure","app_or_custom_namespace","","validity_gate;data_collection;telemetry","validity_or_gating_hits_1;strong_file_logging_hits_4;telemetry_or_network_hits_2","C:\realDesktop\manifest-evaluations\summer-26\ghidra-pipeline\il2cpp-files\cac\general-structure-results\70_high_general_structure_review_high\0746afd0_Newtonsoft.Json.JsonTextWriter$$get_QuoteName.c"
"Newtonsoft.Json.JsonTextWriter$$set_QuoteName","0746afd8","81","70_high_general_structure_review_high","no","unrelated_or_generic_structure","app_or_custom_namespace","","validity_gate;data_collection;telemetry","validity_or_gating_hits_1;strong_file_logging_hits_4;telemetry_or_network_hits_2","C:\realDesktop\manifest-evaluations\summer-26\ghidra-pipeline\il2cpp-files\cac\general-structure-results\70_high_general_structure_review_high\0746afd8_Newtonsoft.Json.JsonTextWriter$$set_QuoteName.c"
"Newtonsoft.Json.JsonTextWriter$$WriteStartArray","0746b20c","83","70_high_general_structure_review_high","no","unrelated_or_generic_structure","app_or_custom_namespace","","validity_gate;pose_vector;data_collection;frame_behavior","validity_or_gating_hits_1;strong_pose_or_ray_construction_hits_4;strong_file_logging_hits_4;frame_or_lifecycle_behavior","C:\realDesktop\manifest-evaluations\summer-26\ghidra-pipeline\il2cpp-files\cac\general-structure-results\70_high_general_structure_review_high\0746b20c_Newtonsoft.Json.JsonTextWriter$$WriteStartArray.c"
"Newtonsoft.Json.JsonValidatingReader$$ValidateEndArray","07478a3c","78","70_high_general_structure_review_high","no","unrelated_or_generic_structure","app_or_custom_namespace","data_collection_or_telemetry","validity_gate;pose_vector;data_collection","validity_or_gating_hits_4;strong_pose_or_ray_construction_hits_4;strong_file_logging_hits_2;functionality_data_collection_or_telemetry_hits_2","C:\realDesktop\manifest-evaluations\summer-26\ghidra-pipeline\il2cpp-files\cac\general-structure-results\70_high_general_structure_review_high\07478a3c_Newtonsoft.Json.JsonValidatingReader$$ValidateEndArray.c"
"Newtonsoft.Json.JsonValidatingReader$$ValidateArray","0747929c","78","70_high_general_structure_review_high","no","unrelated_or_generic_structure","app_or_custom_namespace","data_collection_or_telemetry","validity_gate;pose_vector;data_collection","validity_or_gating_hits_7;strong_pose_or_ray_construction_hits_4;strong_file_logging_hits_2;functionality_data_collection_or_telemetry_hits_2","C:\realDesktop\manifest-evaluations\summer-26\ghidra-pipeline\il2cpp-files\cac\general-structure-results\70_high_general_structure_review_high\0747929c_Newtonsoft.Json.JsonValidatingReader$$ValidateArray.c"
"Newtonsoft.Json.JsonValidatingReader$$Newtonsoft.Json.IJsonLineInfo.get_LinePosition","07479430","74","70_high_general_structure_review_high","no","unrelated_or_generic_structure","app_or_custom_namespace","data_collection_or_telemetry","validity_gate;pose_vector;data_collection","validity_or_gating_hits_5;strong_pose_or_ray_construction_hits_2;strong_file_logging_hits_3;functionality_data_collection_or_telemetry_hits_3","C:\realDesktop\manifest-evaluations\summer-26\ghidra-pipeline\il2cpp-files\cac\general-structure-results\70_high_general_structure_review_high\07479430_Newtonsoft.Json.JsonValidatingReader$$Newtonsoft.Json.IJsonLineInfo.get_LinePosition.c"
"Newtonsoft.Json.JsonValidatingReader.SchemaScope$$get_IsUniqueArray","074795a0","72","70_high_general_structure_review_high","no","unrelated_or_generic_structure","app_or_custom_namespace","data_collection_or_telemetry","validity_gate;pose_vector;data_collection","validity_or_gating_hits_2;strong_pose_or_ray_construction_hits_4;strong_file_logging_hits_2;functionality_data_collection_or_telemetry_hits_2","C:\realDesktop\manifest-evaluations\summer-26\ghidra-pipeline\il2cpp-files\cac\general-structure-results\70_high_general_structure_review_high\074795a0_Newtonsoft.Json.JsonValidatingReader.SchemaScope$$get_IsUniqueArray.c"
"Newtonsoft.Json.JsonWriter$$WriteValueAsync","0747d4b4","76","70_high_general_structure_review_high","no","unrelated_or_generic_structure","app_or_custom_namespace","","validity_gate;data_collection;telemetry","validity_or_gating_hits_2;strong_file_logging_hits_2;telemetry_or_network_hits_2","C:\realDesktop\manifest-evaluations\summer-26\ghidra-pipeline\il2cpp-files\cac\general-structure-results\70_high_general_structure_review_high\0747d4b4_Newtonsoft.Json.JsonWriter$$WriteValueAsync.c"
"Newtonsoft.Json.Serialization.JsonContract$$get_OnSerializedCallbacks","074a7124","82","70_high_general_structure_review_high","no","unrelated_or_generic_structure","app_or_custom_namespace","","validity_gate;data_collection;telemetry","validity_or_gating_hits_8;strong_file_logging_hits_2;telemetry_or_network_hits_2","C:\realDesktop\manifest-evaluations\summer-26\ghidra-pipeline\il2cpp-files\cac\general-structure-results\70_high_general_structure_review_high\074a7124_Newtonsoft.Json.Serialization.JsonContract$$get_OnSerializedCallbacks.c"
"Newtonsoft.Json.Serialization.JsonContract$$get_OnDeserializedCallbacks","074a722c","79","70_high_general_structure_review_high","no","unrelated_or_generic_structure","app_or_custom_namespace","","validity_gate;data_collection;telemetry","validity_or_gating_hits_3;strong_file_logging_hits_2;telemetry_or_network_hits_2","C:\realDesktop\manifest-evaluations\summer-26\ghidra-pipeline\il2cpp-files\cac\general-structure-results\70_high_general_structure_review_high\074a722c_Newtonsoft.Json.Serialization.JsonContract$$get_OnDeserializedCallbacks.c"
"Newtonsoft.Json.Serialization.JsonArrayContract$$get_IsMultidimensionalArray","074ae0f8","75","70_high_general_structure_review_high","no","unrelated_or_generic_structure","app_or_custom_namespace","","validity_gate;pose_vector;data_collection","validity_or_gating_hits_3;strong_pose_or_ray_construction_hits_4;strong_file_logging_hits_2","C:\realDesktop\manifest-evaluations\summer-26\ghidra-pipeline\il2cpp-files\cac\general-structure-results\70_high_general_structure_review_high\074ae0f8_Newtonsoft.Json.Serialization.JsonArrayContract$$get_IsMultidimensionalArray.c"
"Newtonsoft.Json.Serialization.JsonContract$$InvokeOnSerialized","074af2d8","87","70_high_general_structure_review_high","no","unrelated_or_generic_structure","app_or_custom_namespace","","validity_gate;ui_interaction;data_collection;telemetry","validity_or_gating_hits_1;ui_or_gameplay_sink_hits_2;strong_file_logging_hits_2;telemetry_or_network_hits_2","C:\realDesktop\manifest-evaluations\summer-26\ghidra-pipeline\il2cpp-files\cac\general-structure-results\70_high_general_structure_review_high\074af2d8_Newtonsoft.Json.Serialization.JsonContract$$InvokeOnSerialized.c"
"Newtonsoft.Json.Serialization.JsonContract$$InvokeOnDeserialized","074af590","89","70_high_general_structure_review_high","no","unrelated_or_generic_structure","app_or_custom_namespace","","validity_gate;ui_interaction;data_collection;telemetry","validity_or_gating_hits_2;ui_or_gameplay_sink_hits_2;strong_file_logging_hits_2;telemetry_or_network_hits_2;cap_below_near_certain_without_eye_anchor_or_ordered_structure","C:\realDesktop\manifest-evaluations\summer-26\ghidra-pipeline\il2cpp-files\cac\general-structure-results\70_high_general_structure_review_high\074af590_Newtonsoft.Json.Serialization.JsonContract$$InvokeOnDeserialized.c"
"FUN_074af62c","074af62c","76","70_high_general_structure_review_high","no","unrelated_or_generic_structure","app_or_custom_namespace","","validity_gate;ui_interaction;telemetry","validity_or_gating_hits_14;ui_or_gameplay_sink_hits_4;telemetry_or_network_hits_4","C:\realDesktop\manifest-evaluations\summer-26\ghidra-pipeline\il2cpp-files\cac\general-structure-results\70_high_general_structure_review_high\074af62c_FUN_074af62c.c"
"Newtonsoft.Json.Serialization.JsonContract$$InvokeOnError","074af6ec","89","70_high_general_structure_review_high","no","unrelated_or_generic_structure","app_or_custom_namespace","","validity_gate;ui_interaction;data_collection;telemetry","validity_or_gating_hits_13;ui_or_gameplay_sink_hits_6;strong_file_logging_hits_2;telemetry_or_network_hits_4;cap_below_near_certain_without_eye_anchor_or_ordered_structure","C:\realDesktop\manifest-evaluations\summer-26\ghidra-pipeline\il2cpp-files\cac\general-structure-results\70_high_general_structure_review_high\074af6ec_Newtonsoft.Json.Serialization.JsonContract$$InvokeOnError.c"
"thunk_FUN_074af62c","074afa4c","76","70_high_general_structure_review_high","no","unrelated_or_generic_structure","app_or_custom_namespace","","validity_gate;ui_interaction;telemetry","validity_or_gating_hits_14;ui_or_gameplay_sink_hits_4;telemetry_or_network_hits_4","C:\realDesktop\manifest-evaluations\summer-26\ghidra-pipeline\il2cpp-files\cac\general-structure-results\70_high_general_structure_review_high\074afa4c_thunk_FUN_074af62c.c"
"Newtonsoft.Json.Serialization.JsonProperty$$get_ShouldSerialize","074b1a40","76","70_high_general_structure_review_high","no","unrelated_or_generic_structure","app_or_custom_namespace","","validity_gate;data_collection;telemetry","validity_or_gating_hits_2;strong_file_logging_hits_2;telemetry_or_network_hits_2","C:\realDesktop\manifest-evaluations\summer-26\ghidra-pipeline\il2cpp-files\cac\general-structure-results\70_high_general_structure_review_high\074b1a40_Newtonsoft.Json.Serialization.JsonProperty$$get_ShouldSerialize.c"
"Newtonsoft.Json.Serialization.JsonSerializerInternalBase$$GetErrorContext","074b1e58","76","70_high_general_structure_review_high","no","unrelated_or_generic_structure","app_or_custom_namespace","","validity_gate;data_collection;telemetry","validity_or_gating_hits_2;strong_file_logging_hits_2;telemetry_or_network_hits_2","C:\realDesktop\manifest-evaluations\summer-26\ghidra-pipeline\il2cpp-files\cac\general-structure-results\70_high_general_structure_review_high\074b1e58_Newtonsoft.Json.Serialization.JsonSerializerInternalBase$$GetErrorContext.c"
"Newtonsoft.Json.Serialization.JsonSerializerInternalBase$$ClearErrorContext","074b1f50","76","70_high_general_structure_review_high","no","unrelated_or_generic_structure","app_or_custom_namespace","","validity_gate;data_collection;telemetry","validity_or_gating_hits_2;strong_file_logging_hits_2;telemetry_or_network_hits_2","C:\realDesktop\manifest-evaluations\summer-26\ghidra-pipeline\il2cpp-files\cac\general-structure-results\70_high_general_structure_review_high\074b1f50_Newtonsoft.Json.Serialization.JsonSerializerInternalBase$$ClearErrorContext.c"
"Newtonsoft.Json.Serialization.JsonSerializerInternalBase$$IsErrorHandled","074b1fb0","73","70_high_general_structure_review_high","no","unrelated_or_generic_structure","app_or_custom_namespace","","validity_gate;data_collection;telemetry","validity_or_gating_hits_1;strong_file_logging_hits_2;telemetry_or_network_hits_2","C:\realDesktop\manifest-evaluations\summer-26\ghidra-pipeline\il2cpp-files\cac\general-structure-results\70_high_general_structure_review_high\074b1fb0_Newtonsoft.Json.Serialization.JsonSerializerInternalBase$$IsErrorHandled.c"
"Newtonsoft.Json.Serialization.JsonSerializerInternalReader$$GetContractSafe","074b42e0","76","70_high_general_structure_review_high","no","unrelated_or_generic_structure","app_or_custom_namespace","","validity_gate;data_collection;telemetry","validity_or_gating_hits_2;strong_file_logging_hits_2;telemetry_or_network_hits_2","C:\realDesktop\manifest-evaluations\summer-26\ghidra-pipeline\il2cpp-files\cac\general-structure-results\70_high_general_structure_review_high\074b42e0_Newtonsoft.Json.Serialization.JsonSerializerInternalReader$$GetContractSafe.c"
"Newtonsoft.Json.Serialization.JsonSerializerInternalReader$$CheckPropertyName","074b5870","82","70_high_general_structure_review_high","no","unrelated_or_generic_structure","app_or_custom_namespace","","validity_gate;data_collection;telemetry","validity_or_gating_hits_5;strong_file_logging_hits_2;telemetry_or_network_hits_2","C:\realDesktop\manifest-evaluations\summer-26\ghidra-pipeline\il2cpp-files\cac\general-structure-results\70_high_general_structure_review_high\074b5870_Newtonsoft.Json.Serialization.JsonSerializerInternalReader$$CheckPropertyName.c"
"Newtonsoft.Json.Serialization.JsonSerializerInternalReader$$CoerceEmptyStringToNull","074b6fb4","73","70_high_general_structure_review_high","no","unrelated_or_generic_structure","app_or_custom_namespace","","validity_gate;data_collection;telemetry","validity_or_gating_hits_1;strong_file_logging_hits_2;telemetry_or_network_hits_2","C:\realDesktop\manifest-evaluations\summer-26\ghidra-pipeline\il2cpp-files\cac\general-structure-results\70_high_general_structure_review_high\074b6fb4_Newtonsoft.Json.Serialization.JsonSerializerInternalReader$$CoerceEmptyStringToNull.c"
"Newtonsoft.Json.Serialization.JsonSerializerInternalReader$$CreateNewObject","074b7f60","73","70_high_general_structure_review_high","no","unrelated_or_generic_structure","app_or_custom_namespace","","validity_gate;data_collection;telemetry","validity_or_gating_hits_1;strong_file_logging_hits_2;telemetry_or_network_hits_2","C:\realDesktop\manifest-evaluations\summer-26\ghidra-pipeline\il2cpp-files\cac\general-structure-results\70_high_general_structure_review_high\074b7f60_Newtonsoft.Json.Serialization.JsonSerializerInternalReader$$CreateNewObject.c"
"Newtonsoft.Json.Serialization.JsonSerializerInternalReader$$CreateDynamic","074b83b8","73","70_high_general_structure_review_high","no","unrelated_or_generic_structure","app_or_custom_namespace","","validity_gate;data_collection;telemetry","validity_or_gating_hits_1;strong_file_logging_hits_2;telemetry_or_network_hits_2","C:\realDesktop\manifest-evaluations\summer-26\ghidra-pipeline\il2cpp-files\cac\general-structure-results\70_high_general_structure_review_high\074b83b8_Newtonsoft.Json.Serialization.JsonSerializerInternalReader$$CreateDynamic.c"
"Newtonsoft.Json.Serialization.JsonSerializerInternalReader$$ResolveTypeName","074b90c4","82","70_high_general_structure_review_high","no","unrelated_or_generic_structure","app_or_custom_namespace","","validity_gate;data_collection;telemetry","validity_or_gating_hits_21;strong_file_logging_hits_2;telemetry_or_network_hits_2","C:\realDesktop\manifest-evaluations\summer-26\ghidra-pipeline\il2cpp-files\cac\general-structure-results\70_high_general_structure_review_high\074b90c4_Newtonsoft.Json.Serialization.JsonSerializerInternalReader$$ResolveTypeName.c"
"Newtonsoft.Json.Serialization.JsonSerializerInternalReader$$EnsureArrayContract","074b96d0","82","70_high_general_structure_review_high","no","unrelated_or_generic_structure","app_or_custom_namespace","","validity_gate;data_collection;telemetry","validity_or_gating_hits_21;strong_file_logging_hits_2;telemetry_or_network_hits_2","C:\realDesktop\manifest-evaluations\summer-26\ghidra-pipeline\il2cpp-files\cac\general-structure-results\70_high_general_structure_review_high\074b96d0_Newtonsoft.Json.Serialization.JsonSerializerInternalReader$$EnsureArrayContract.c"
"Newtonsoft.Json.Serialization.JsonSerializerInternalReader$$CreateNewList","074b9848","82","70_high_general_structure_review_high","no","unrelated_or_generic_structure","app_or_custom_namespace","","validity_gate;data_collection;telemetry","validity_or_gating_hits_21;strong_file_logging_hits_2;telemetry_or_network_hits_2","C:\realDesktop\manifest-evaluations\summer-26\ghidra-pipeline\il2cpp-files\cac\general-structure-results\70_high_general_structure_review_high\074b9848_Newtonsoft.Json.Serialization.JsonSerializerInternalReader$$CreateNewList.c"
"Newtonsoft.Json.Serialization.JsonSerializerInternalReader$$PopulateMultidimensionalArray","074b9ad4","89","70_high_general_structure_review_high","no","unrelated_or_generic_structure","app_or_custom_namespace","","validity_gate;pose_vector;data_collection;telemetry","validity_or_gating_hits_21;strong_pose_or_ray_construction_hits_4;strong_file_logging_hits_2;telemetry_or_network_hits_2;cap_below_near_certain_without_eye_anchor_or_ordered_structure","C:\realDesktop\manifest-evaluations\summer-26\ghidra-pipeline\il2cpp-files\cac\general-structure-results\70_high_general_structure_review_high\074b9ad4_Newtonsoft.Json.Serialization.JsonSerializerInternalReader$$PopulateMultidimensionalArray.c"
"Newtonsoft.Json.Serialization.JsonSerializerInternalReader$$CalculatePropertyDetails","074ba650","88","70_high_general_structure_review_high","no","unrelated_or_generic_structure","app_or_custom_namespace","","validity_gate;data_collection;telemetry;frame_behavior","validity_or_gating_hits_14;strong_file_logging_hits_2;telemetry_or_network_hits_2;frame_or_lifecycle_behavior","C:\realDesktop\manifest-evaluations\summer-26\ghidra-pipeline\il2cpp-files\cac\general-structure-results\70_high_general_structure_review_high\074ba650_Newtonsoft.Json.Serialization.JsonSerializerInternalReader$$CalculatePropertyDetails.c"
"Newtonsoft.Json.Serialization.JsonSerializerInternalReader$$ShouldSetPropertyValue","074babe0","82","70_high_general_structure_review_high","no","unrelated_or_generic_structure","app_or_custom_namespace","","validity_gate;data_collection;telemetry","validity_or_gating_hits_14;strong_file_logging_hits_2;telemetry_or_network_hits_2","C:\realDesktop\manifest-evaluations\summer-26\ghidra-pipeline\il2cpp-files\cac\general-structure-results\70_high_general_structure_review_high\074babe0_Newtonsoft.Json.Serialization.JsonSerializerInternalReader$$ShouldSetPropertyValue.c"
"Newtonsoft.Json.Serialization.JsonSerializerInternalReader$$HasFlag","074bacdc","82","70_high_general_structure_review_high","no","unrelated_or_generic_structure","app_or_custom_namespace","","validity_gate;data_collection;telemetry","validity_or_gating_hits_11;strong_file_logging_hits_2;telemetry_or_network_hits_2","C:\realDesktop\manifest-evaluations\summer-26\ghidra-pipeline\il2cpp-files\cac\general-structure-results\70_high_general_structure_review_high\074bacdc_Newtonsoft.Json.Serialization.JsonSerializerInternalReader$$HasFlag.c"
"Newtonsoft.Json.Serialization.JsonSerializerInternalReader$$AddReference","074bace8","82","70_high_general_structure_review_high","no","unrelated_or_generic_structure","app_or_custom_namespace","","validity_gate;data_collection;telemetry","validity_or_gating_hits_11;strong_file_logging_hits_2;telemetry_or_network_hits_2","C:\realDesktop\manifest-evaluations\summer-26\ghidra-pipeline\il2cpp-files\cac\general-structure-results\70_high_general_structure_review_high\074bace8_Newtonsoft.Json.Serialization.JsonSerializerInternalReader$$AddReference.c"
"Newtonsoft.Json.Serialization.JsonSerializerInternalReader$$OnDeserializing","074bb0a8","82","70_high_general_structure_review_high","no","unrelated_or_generic_structure","app_or_custom_namespace","","validity_gate;data_collection;telemetry","validity_or_gating_hits_14;strong_file_logging_hits_2;telemetry_or_network_hits_2","C:\realDesktop\manifest-evaluations\summer-26\ghidra-pipeline\il2cpp-files\cac\general-structure-results\70_high_general_structure_review_high\074bb0a8_Newtonsoft.Json.Serialization.JsonSerializerInternalReader$$OnDeserializing.c"
"Newtonsoft.Json.Serialization.JsonSerializerInternalReader$$ThrowUnexpectedEndException","074bb500","82","70_high_general_structure_review_high","no","unrelated_or_generic_structure","app_or_custom_namespace","","validity_gate;data_collection;telemetry","validity_or_gating_hits_7;strong_file_logging_hits_2;telemetry_or_network_hits_2","C:\realDesktop\manifest-evaluations\summer-26\ghidra-pipeline\il2cpp-files\cac\general-structure-results\70_high_general_structure_review_high\074bb500_Newtonsoft.Json.Serialization.JsonSerializerInternalReader$$ThrowUnexpectedEndException.c"
"Newtonsoft.Json.Serialization.JsonSerializerInternalReader$$CreateObjectUsingCreatorWithParameters","074bb638","73","70_high_general_structure_review_high","no","unrelated_or_generic_structure","app_or_custom_namespace","","validity_gate;data_collection;telemetry","validity_or_gating_hits_1;strong_file_logging_hits_2;telemetry_or_network_hits_2","C:\realDesktop\manifest-evaluations\summer-26\ghidra-pipeline\il2cpp-files\cac\general-structure-results\70_high_general_structure_review_high\074bb638_Newtonsoft.Json.Serialization.JsonSerializerInternalReader$$CreateObjectUsingCreatorWithParameters.c"
"Newtonsoft.Json.Serialization.JsonSerializerInternalReader$$ResolvePropertyAndCreatorValues","074bcf14","82","70_high_general_structure_review_high","no","unrelated_or_generic_structure","app_or_custom_namespace","","validity_gate;data_collection;telemetry","validity_or_gating_hits_8;strong_file_logging_hits_2;telemetry_or_network_hits_2","C:\realDesktop\manifest-evaluations\summer-26\ghidra-pipeline\il2cpp-files\cac\general-structure-results\70_high_general_structure_review_high\074bcf14_Newtonsoft.Json.Serialization.JsonSerializerInternalReader$$ResolvePropertyAndCreatorValues.c"
"Newtonsoft.Json.Serialization.JsonSerializerInternalReader$$EndProcessProperty","074bd5c4","76","70_high_general_structure_review_high","no","unrelated_or_generic_structure","app_or_custom_namespace","","validity_gate;data_collection;telemetry","validity_or_gating_hits_2;strong_file_logging_hits_2;telemetry_or_network_hits_2","C:\realDesktop\manifest-evaluations\summer-26\ghidra-pipeline\il2cpp-files\cac\general-structure-results\70_high_general_structure_review_high\074bd5c4_Newtonsoft.Json.Serialization.JsonSerializerInternalReader$$EndProcessProperty.c"
"Newtonsoft.Json.Serialization.JsonSerializerInternalReader$$ReadExtensionDataValue","074bda34","82","70_high_general_structure_review_high","no","unrelated_or_generic_structure","app_or_custom_namespace","","weak_source_state;validity_gate;data_collection;telemetry","weak_xr_or_state_hits_2;validity_or_gating_hits_1;strong_file_logging_hits_2;telemetry_or_network_hits_2","C:\realDesktop\manifest-evaluations\summer-26\ghidra-pipeline\il2cpp-files\cac\general-structure-results\70_high_general_structure_review_high\074bda34_Newtonsoft.Json.Serialization.JsonSerializerInternalReader$$ReadExtensionDataValue.c"
"Newtonsoft.Json.Serialization.JsonSerializerInternalReader$$SetExtensionData","074bdaf0","85","70_high_general_structure_review_high","no","unrelated_or_generic_structure","app_or_custom_namespace","","weak_source_state;validity_gate;data_collection;telemetry","weak_xr_or_state_hits_2;validity_or_gating_hits_2;strong_file_logging_hits_2;telemetry_or_network_hits_2","C:\realDesktop\manifest-evaluations\summer-26\ghidra-pipeline\il2cpp-files\cac\general-structure-results\70_high_general_structure_review_high\074bdaf0_Newtonsoft.Json.Serialization.JsonSerializerInternalReader$$SetExtensionData.c"
"Newtonsoft.Json.Serialization.JsonSerializerInternalReader$$ShouldDeserialize","074bdc60","87","70_high_general_structure_review_high","no","unrelated_or_generic_structure","app_or_custom_namespace","","validity_gate;data_collection;telemetry","validity_or_gating_hits_8;strong_file_logging_hits_2;telemetry_or_network_hits_4","C:\realDesktop\manifest-evaluations\summer-26\ghidra-pipeline\il2cpp-files\cac\general-structure-results\70_high_general_structure_review_high\074bdc60_Newtonsoft.Json.Serialization.JsonSerializerInternalReader$$ShouldDeserialize.c"
"Newtonsoft.Json.Serialization.JsonSerializerInternalReader$$SetPropertyPresence","074bdeb8","82","70_high_general_structure_review_high","no","unrelated_or_generic_structure","app_or_custom_namespace","","validity_gate;data_collection;telemetry","validity_or_gating_hits_16;strong_file_logging_hits_2;telemetry_or_network_hits_2","C:\realDesktop\manifest-evaluations\summer-26\ghidra-pipeline\il2cpp-files\cac\general-structure-results\70_high_general_structure_review_high\074bdeb8_Newtonsoft.Json.Serialization.JsonSerializerInternalReader$$SetPropertyPresence.c"
"Newtonsoft.Json.Serialization.JsonSerializerInternalReader.CreatorPropertyContext$$.ctor","074bdfbc","82","70_high_general_structure_review_high","no","unrelated_or_generic_structure","app_or_custom_namespace","","validity_gate;data_collection;telemetry","validity_or_gating_hits_7;strong_file_logging_hits_2;telemetry_or_network_hits_2","C:\realDesktop\manifest-evaluations\summer-26\ghidra-pipeline\il2cpp-files\cac\general-structure-results\70_high_general_structure_review_high\074bdfbc_Newtonsoft.Json.Serialization.JsonSerializerInternalReader.CreatorPropertyContext$$.ctor.c"
"Newtonsoft.Json.Serialization.JsonSerializerInternalReader.<>c$$.cctor","074bdfec","82","70_high_general_structure_review_high","no","unrelated_or_generic_structure","app_or_custom_namespace","","validity_gate;data_collection;telemetry","validity_or_gating_hits_6;strong_file_logging_hits_2;telemetry_or_network_hits_2","C:\realDesktop\manifest-evaluations\summer-26\ghidra-pipeline\il2cpp-files\cac\general-structure-results\70_high_general_structure_review_high\074bdfec_Newtonsoft.Json.Serialization.JsonSerializerInternalReader._c$$.cctor.c"
"Newtonsoft.Json.Serialization.JsonSerializerInternalReader.<>c$$.ctor","074be054","82","70_high_general_structure_review_high","no","unrelated_or_generic_structure","app_or_custom_namespace","","validity_gate;data_collection;telemetry","validity_or_gating_hits_6;strong_file_logging_hits_2;telemetry_or_network_hits_2","C:\realDesktop\manifest-evaluations\summer-26\ghidra-pipeline\il2cpp-files\cac\general-structure-results\70_high_general_structure_review_high\074be054_Newtonsoft.Json.Serialization.JsonSerializerInternalReader._c$$.ctor.c"
"Newtonsoft.Json.Serialization.JsonSerializerInternalReader.<>c$$<CreateObjectUsingCreatorWithParameters>b__38_0","074be05c","82","70_high_general_structure_review_high","no","unrelated_or_generic_structure","app_or_custom_namespace","","validity_gate;data_collection;telemetry","validity_or_gating_hits_6;strong_file_logging_hits_2;telemetry_or_network_hits_2","C:\realDesktop\manifest-evaluations\summer-26\ghidra-pipeline\il2cpp-files\cac\general-structure-results\70_high_general_structure_review_high\074be05c_Newtonsoft.Json.Serialization.JsonSerializerInternalReader._c$$_CreateObjectUsingCreatorWithParameters_b__38_0.c"
"Newtonsoft.Json.Serialization.JsonSerializerInternalReader.<>c$$<CreateObjectUsingCreatorWithParameters>b__38_2","074be070","82","70_high_general_structure_review_high","no","unrelated_or_generic_structure","app_or_custom_namespace","","validity_gate;data_collection;telemetry","validity_or_gating_hits_7;strong_file_logging_hits_2;telemetry_or_network_hits_2","C:\realDesktop\manifest-evaluations\summer-26\ghidra-pipeline\il2cpp-files\cac\general-structure-results\70_high_general_structure_review_high\074be070_Newtonsoft.Json.Serialization.JsonSerializerInternalReader._c$$_CreateObjectUsingCreatorWithParameters_b__38_2.c"
"Newtonsoft.Json.Serialization.JsonSerializerInternalReader.<>c$$<PopulateObject>b__42_0","074be084","82","70_high_general_structure_review_high","no","unrelated_or_generic_structure","app_or_custom_namespace","","validity_gate;data_collection;telemetry","validity_or_gating_hits_9;strong_file_logging_hits_2;telemetry_or_network_hits_2","C:\realDesktop\manifest-evaluations\summer-26\ghidra-pipeline\il2cpp-files\cac\general-structure-results\70_high_general_structure_review_high\074be084_Newtonsoft.Json.Serialization.JsonSerializerInternalReader._c$$_PopulateObject_b__42_0.c"
"Newtonsoft.Json.Serialization.JsonSerializerInternalReader.<>c$$<PopulateObject>b__42_1","074be08c","82","70_high_general_structure_review_high","no","unrelated_or_generic_structure","app_or_custom_namespace","","validity_gate;data_collection;telemetry","validity_or_gating_hits_13;strong_file_logging_hits_2;telemetry_or_network_hits_2","C:\realDesktop\manifest-evaluations\summer-26\ghidra-pipeline\il2cpp-files\cac\general-structure-results\70_high_general_structure_review_high\074be08c_Newtonsoft.Json.Serialization.JsonSerializerInternalReader._c$$_PopulateObject_b__42_1.c"
"Newtonsoft.Json.Serialization.JsonSerializerInternalReader.<>c__DisplayClass38_0$$.ctor","074be094","82","70_high_general_structure_review_high","no","unrelated_or_generic_structure","app_or_custom_namespace","","validity_gate;data_collection;telemetry","validity_or_gating_hits_13;strong_file_logging_hits_2;telemetry_or_network_hits_2","C:\realDesktop\manifest-evaluations\summer-26\ghidra-pipeline\il2cpp-files\cac\general-structure-results\70_high_general_structure_review_high\074be094_Newtonsoft.Json.Serialization.JsonSerializerInternalReader._c__DisplayClass38_0$$.ctor.c"
"Newtonsoft.Json.Serialization.JsonSerializerInternalReader.<>c__DisplayClass38_0$$<CreateObjectUsingCreatorWithParameters>b__1","074be09c","82","70_high_general_structure_review_high","no","unrelated_or_generic_structure","app_or_custom_namespace","","validity_gate;data_collection;telemetry","validity_or_gating_hits_13;strong_file_logging_hits_2;telemetry_or_network_hits_2","C:\realDesktop\manifest-evaluations\summer-26\ghidra-pipeline\il2cpp-files\cac\general-structure-results\70_high_general_structure_review_high\074be09c_Newtonsoft.Json.Serialization.JsonSerializerInternalReader._c__DisplayClass38_0$$_CreateObjectUsingCreatorWithParameters_b__1.c"
"Newtonsoft.Json.Serialization.JsonSerializerInternalWriter$$.ctor","074be0bc","82","70_high_general_structure_review_high","no","unrelated_or_generic_structure","app_or_custom_namespace","","validity_gate;data_collection;telemetry","validity_or_gating_hits_12;strong_file_logging_hits_2;telemetry_or_network_hits_2","C:\realDesktop\manifest-evaluations\summer-26\ghidra-pipeline\il2cpp-files\cac\general-structure-results\70_high_general_structure_review_high\074be0bc_Newtonsoft.Json.Serialization.JsonSerializerInternalWriter$$.ctor.c"
"Newtonsoft.Json.Serialization.JsonSerializerInternalWriter$$Serialize","074be14c","87","70_high_general_structure_review_high","no","unrelated_or_generic_structure","app_or_custom_namespace","","validity_gate;data_collection;telemetry","validity_or_gating_hits_11;strong_file_logging_hits_2;telemetry_or_network_hits_4","C:\realDesktop\manifest-evaluations\summer-26\ghidra-pipeline\il2cpp-files\cac\general-structure-results\70_high_general_structure_review_high\074be14c_Newtonsoft.Json.Serialization.JsonSerializerInternalWriter$$Serialize.c"
"Newtonsoft.Json.Serialization.JsonSerializerInternalWriter$$GetContractSafe","074be410","82","70_high_general_structure_review_high","no","unrelated_or_generic_structure","app_or_custom_namespace","","validity_gate;data_collection;telemetry","validity_or_gating_hits_9;strong_file_logging_hits_2;telemetry_or_network_hits_2","C:\realDesktop\manifest-evaluations\summer-26\ghidra-pipeline\il2cpp-files\cac\general-structure-results\70_high_general_structure_review_high\074be410_Newtonsoft.Json.Serialization.JsonSerializerInternalWriter$$GetContractSafe.c"
"Newtonsoft.Json.Serialization.JsonSerializerInternalWriter$$ShouldWriteReference","074be420","82","70_high_general_structure_review_high","no","unrelated_or_generic_structure","app_or_custom_namespace","","validity_gate;data_collection;telemetry","validity_or_gating_hits_9;strong_file_logging_hits_2;telemetry_or_network_hits_2","C:\realDesktop\manifest-evaluations\summer-26\ghidra-pipeline\il2cpp-files\cac\general-structure-results\70_high_general_structure_review_high\074be420_Newtonsoft.Json.Serialization.JsonSerializerInternalWriter$$ShouldWriteReference.c"
"Newtonsoft.Json.Serialization.JsonSerializerInternalWriter$$WriteReference","074be5c4","82","70_high_general_structure_review_high","no","unrelated_or_generic_structure","app_or_custom_namespace","","validity_gate;data_collection;telemetry","validity_or_gating_hits_6;strong_file_logging_hits_2;telemetry_or_network_hits_2","C:\realDesktop\manifest-evaluations\summer-26\ghidra-pipeline\il2cpp-files\cac\general-structure-results\70_high_general_structure_review_high\074be5c4_Newtonsoft.Json.Serialization.JsonSerializerInternalWriter$$WriteReference.c"
"Newtonsoft.Json.Serialization.JsonSerializerInternalWriter$$HandleError","074beed0","82","70_high_general_structure_review_high","no","unrelated_or_generic_structure","app_or_custom_namespace","","validity_gate;data_collection;telemetry","validity_or_gating_hits_13;strong_file_logging_hits_2;telemetry_or_network_hits_2","C:\realDesktop\manifest-evaluations\summer-26\ghidra-pipeline\il2cpp-files\cac\general-structure-results\70_high_general_structure_review_high\074beed0_Newtonsoft.Json.Serialization.JsonSerializerInternalWriter$$HandleError.c"
"Newtonsoft.Json.Serialization.JsonSerializerInternalWriter$$GetInternalSerializer","074bef48","87","70_high_general_structure_review_high","no","unrelated_or_generic_structure","app_or_custom_namespace","","validity_gate;data_collection;telemetry","validity_or_gating_hits_10;strong_file_logging_hits_2;telemetry_or_network_hits_4","C:\realDesktop\manifest-evaluations\summer-26\ghidra-pipeline\il2cpp-files\cac\general-structure-results\70_high_general_structure_review_high\074bef48_Newtonsoft.Json.Serialization.JsonSerializerInternalWriter$$GetInternalSerializer.c"
"Newtonsoft.Json.Serialization.JsonSerializerProxy$$.ctor","074befbc","82","70_high_general_structure_review_high","no","unrelated_or_generic_structure","app_or_custom_namespace","","validity_gate;data_collection;telemetry","validity_or_gating_hits_6;strong_file_logging_hits_2;telemetry_or_network_hits_2","C:\realDesktop\manifest-evaluations\summer-26\ghidra-pipeline\il2cpp-files\cac\general-structure-results\70_high_general_structure_review_high\074befbc_Newtonsoft.Json.Serialization.JsonSerializerProxy$$.ctor.c"
"Newtonsoft.Json.Serialization.JsonSerializerInternalWriter$$GetContract","074bf048","82","70_high_general_structure_review_high","no","unrelated_or_generic_structure","app_or_custom_namespace","","validity_gate;data_collection;telemetry","validity_or_gating_hits_5;strong_file_logging_hits_2;telemetry_or_network_hits_2","C:\realDesktop\manifest-evaluations\summer-26\ghidra-pipeline\il2cpp-files\cac\general-structure-results\70_high_general_structure_review_high\074bf048_Newtonsoft.Json.Serialization.JsonSerializerInternalWriter$$GetContract.c"
"Newtonsoft.Json.Serialization.JsonSerializerInternalWriter$$SerializePrimitive","074bf10c","78","70_high_general_structure_review_high","no","unrelated_or_generic_structure","app_or_custom_namespace","","validity_gate;data_collection;telemetry","validity_or_gating_hits_1;strong_file_logging_hits_2;telemetry_or_network_hits_4","C:\realDesktop\manifest-evaluations\summer-26\ghidra-pipeline\il2cpp-files\cac\general-structure-results\70_high_general_structure_review_high\074bf10c_Newtonsoft.Json.Serialization.JsonSerializerInternalWriter$$SerializePrimitive.c"
"Newtonsoft.Json.Serialization.JsonSerializerInternalWriter$$ShouldWriteType","074bf27c","82","70_high_general_structure_review_high","no","unrelated_or_generic_structure","app_or_custom_namespace","","validity_gate;data_collection;telemetry","validity_or_gating_hits_4;strong_file_logging_hits_2;telemetry_or_network_hits_2","C:\realDesktop\manifest-evaluations\summer-26\ghidra-pipeline\il2cpp-files\cac\general-structure-results\70_high_general_structure_review_high\074bf27c_Newtonsoft.Json.Serialization.JsonSerializerInternalWriter$$ShouldWriteType.c"
"Newtonsoft.Json.Serialization.JsonSerializerInternalWriter$$WriteTypeProperty","074bf450","79","70_high_general_structure_review_high","no","unrelated_or_generic_structure","app_or_custom_namespace","","validity_gate;data_collection;telemetry","validity_or_gating_hits_3;strong_file_logging_hits_2;telemetry_or_network_hits_2","C:\realDesktop\manifest-evaluations\summer-26\ghidra-pipeline\il2cpp-files\cac\general-structure-results\70_high_general_structure_review_high\074bf450_Newtonsoft.Json.Serialization.JsonSerializerInternalWriter$$WriteTypeProperty.c"
"Newtonsoft.Json.Serialization.JsonSerializerInternalWriter$$SerializeConvertable","074bf6d0","87","70_high_general_structure_review_high","no","unrelated_or_generic_structure","app_or_custom_namespace","","validity_gate;data_collection;telemetry","validity_or_gating_hits_21;strong_file_logging_hits_2;telemetry_or_network_hits_4","C:\realDesktop\manifest-evaluations\summer-26\ghidra-pipeline\il2cpp-files\cac\general-structure-results\70_high_general_structure_review_high\074bf6d0_Newtonsoft.Json.Serialization.JsonSerializerInternalWriter$$SerializeConvertable.c"
"Newtonsoft.Json.Serialization.JsonSerializerInternalWriter$$SerializeObject","074bfbf4","87","70_high_general_structure_review_high","no","unrelated_or_generic_structure","app_or_custom_namespace","","validity_gate;data_collection;telemetry","validity_or_gating_hits_20;strong_file_logging_hits_2;telemetry_or_network_hits_4","C:\realDesktop\manifest-evaluations\summer-26\ghidra-pipeline\il2cpp-files\cac\general-structure-results\70_high_general_structure_review_high\074bfbf4_Newtonsoft.Json.Serialization.JsonSerializerInternalWriter$$SerializeObject.c"
"Newtonsoft.Json.Serialization.JsonSerializerInternalWriter$$SerializeList","074c0330","87","70_high_general_structure_review_high","no","unrelated_or_generic_structure","app_or_custom_namespace","","validity_gate;data_collection;telemetry","validity_or_gating_hits_15;strong_file_logging_hits_2;telemetry_or_network_hits_4","C:\realDesktop\manifest-evaluations\summer-26\ghidra-pipeline\il2cpp-files\cac\general-structure-results\70_high_general_structure_review_high\074c0330_Newtonsoft.Json.Serialization.JsonSerializerInternalWriter$$SerializeList.c"
"Newtonsoft.Json.Serialization.JsonSerializerInternalWriter$$SerializeMultidimensionalArray","074c0a14","89","70_high_general_structure_review_high","no","unrelated_or_generic_structure","app_or_custom_namespace","","pose_vector;data_collection;telemetry","strong_pose_or_ray_construction_hits_4;strong_file_logging_hits_2;telemetry_or_network_hits_4;cap_below_near_certain_without_eye_anchor_or_ordered_structure","C:\realDesktop\manifest-evaluations\summer-26\ghidra-pipeline\il2cpp-files\cac\general-structure-results\70_high_general_structure_review_high\074c0a14_Newtonsoft.Json.Serialization.JsonSerializerInternalWriter$$SerializeMultidimensionalArray.c"
"Newtonsoft.Json.Serialization.JsonSerializerInternalWriter$$SerializeString","074c0c20","87","70_high_general_structure_review_high","no","unrelated_or_generic_structure","app_or_custom_namespace","","validity_gate;data_collection;telemetry","validity_or_gating_hits_21;strong_file_logging_hits_2;telemetry_or_network_hits_4","C:\realDesktop\manifest-evaluations\summer-26\ghidra-pipeline\il2cpp-files\cac\general-structure-results\70_high_general_structure_review_high\074c0c20_Newtonsoft.Json.Serialization.JsonSerializerInternalWriter$$SerializeString.c"
"Newtonsoft.Json.Serialization.JsonSerializerInternalWriter$$SerializeDictionary","074c0ca4","87","70_high_general_structure_review_high","no","unrelated_or_generic_structure","app_or_custom_namespace","","validity_gate;data_collection;telemetry","validity_or_gating_hits_21;strong_file_logging_hits_2;telemetry_or_network_hits_4","C:\realDesktop\manifest-evaluations\summer-26\ghidra-pipeline\il2cpp-files\cac\general-structure-results\70_high_general_structure_review_high\074c0ca4_Newtonsoft.Json.Serialization.JsonSerializerInternalWriter$$SerializeDictionary.c"
"Newtonsoft.Json.Serialization.JsonSerializerInternalWriter$$SerializeDynamic","074c1518","87","70_high_general_structure_review_high","no","unrelated_or_generic_structure","app_or_custom_namespace","","validity_gate;data_collection;telemetry","validity_or_gating_hits_21;strong_file_logging_hits_2;telemetry_or_network_hits_4","C:\realDesktop\manifest-evaluations\summer-26\ghidra-pipeline\il2cpp-files\cac\general-structure-results\70_high_general_structure_review_high\074c1518_Newtonsoft.Json.Serialization.JsonSerializerInternalWriter$$SerializeDynamic.c"
"Newtonsoft.Json.Serialization.JsonSerializerInternalWriter$$SerializeISerializable","074c1cd4","87","70_high_general_structure_review_high","no","unrelated_or_generic_structure","app_or_custom_namespace","","validity_gate;data_collection;telemetry","validity_or_gating_hits_21;strong_file_logging_hits_2;telemetry_or_network_hits_4","C:\realDesktop\manifest-evaluations\summer-26\ghidra-pipeline\il2cpp-files\cac\general-structure-results\70_high_general_structure_review_high\074c1cd4_Newtonsoft.Json.Serialization.JsonSerializerInternalWriter$$SerializeISerializable.c"
"Newtonsoft.Json.Serialization.JsonSerializerInternalWriter$$ResolveIsReference","074c214c","76","70_high_general_structure_review_high","no","unrelated_or_generic_structure","app_or_custom_namespace","","validity_gate;data_collection;telemetry","validity_or_gating_hits_2;strong_file_logging_hits_2;telemetry_or_network_hits_2","C:\realDesktop\manifest-evaluations\summer-26\ghidra-pipeline\il2cpp-files\cac\general-structure-results\70_high_general_structure_review_high\074c214c_Newtonsoft.Json.Serialization.JsonSerializerInternalWriter$$ResolveIsReference.c"
"Newtonsoft.Json.Serialization.JsonSerializerInternalWriter$$HasFlag","074c21fc","76","70_high_general_structure_review_high","no","unrelated_or_generic_structure","app_or_custom_namespace","","validity_gate;data_collection;telemetry","validity_or_gating_hits_2;strong_file_logging_hits_2;telemetry_or_network_hits_2","C:\realDesktop\manifest-evaluations\summer-26\ghidra-pipeline\il2cpp-files\cac\general-structure-results\70_high_general_structure_review_high\074c21fc_Newtonsoft.Json.Serialization.JsonSerializerInternalWriter$$HasFlag.c"
"Newtonsoft.Json.Serialization.JsonSerializerInternalWriter$$ShouldWriteProperty","074c2208","73","70_high_general_structure_review_high","no","unrelated_or_generic_structure","app_or_custom_namespace","","validity_gate;data_collection;telemetry","validity_or_gating_hits_1;strong_file_logging_hits_2;telemetry_or_network_hits_2","C:\realDesktop\manifest-evaluations\summer-26\ghidra-pipeline\il2cpp-files\cac\general-structure-results\70_high_general_structure_review_high\074c2208_Newtonsoft.Json.Serialization.JsonSerializerInternalWriter$$ShouldWriteProperty.c"
"Newtonsoft.Json.Serialization.JsonSerializerInternalWriter$$CheckForCircularReference","074c22ec","73","70_high_general_structure_review_high","no","unrelated_or_generic_structure","app_or_custom_namespace","","validity_gate;data_collection;telemetry","validity_or_gating_hits_1;strong_file_logging_hits_2;telemetry_or_network_hits_2","C:\realDesktop\manifest-evaluations\summer-26\ghidra-pipeline\il2cpp-files\cac\general-structure-results\70_high_general_structure_review_high\074c22ec_Newtonsoft.Json.Serialization.JsonSerializerInternalWriter$$CheckForCircularReference.c"
"Newtonsoft.Json.Serialization.JsonSerializerInternalWriter$$GetReference","074c2738","82","70_high_general_structure_review_high","no","unrelated_or_generic_structure","app_or_custom_namespace","","validity_gate;data_collection;telemetry","validity_or_gating_hits_15;strong_file_logging_hits_2;telemetry_or_network_hits_2","C:\realDesktop\manifest-evaluations\summer-26\ghidra-pipeline\il2cpp-files\cac\general-structure-results\70_high_general_structure_review_high\074c2738_Newtonsoft.Json.Serialization.JsonSerializerInternalWriter$$GetReference.c"
"Newtonsoft.Json.Serialization.JsonSerializerInternalWriter$$TryConvertToString","074c2924","80","70_high_general_structure_review_high","no","unrelated_or_generic_structure","app_or_custom_namespace","","validity_gate;data_collection;weak_data_support;telemetry","validity_or_gating_hits_2;strong_file_logging_hits_2;weak_string_building_near_file_sink_1;telemetry_or_network_hits_2","C:\realDesktop\manifest-evaluations\summer-26\ghidra-pipeline\il2cpp-files\cac\general-structure-results\70_high_general_structure_review_high\074c2924_Newtonsoft.Json.Serialization.JsonSerializerInternalWriter$$TryConvertToString.c"
"Newtonsoft.Json.Serialization.JsonSerializerInternalWriter$$OnSerialized","074c2e14","87","70_high_general_structure_review_high","no","unrelated_or_generic_structure","app_or_custom_namespace","","validity_gate;data_collection;telemetry","validity_or_gating_hits_7;strong_file_logging_hits_2;telemetry_or_network_hits_4","C:\realDesktop\manifest-evaluations\summer-26\ghidra-pipeline\il2cpp-files\cac\general-structure-results\70_high_general_structure_review_high\074c2e14_Newtonsoft.Json.Serialization.JsonSerializerInternalWriter$$OnSerialized.c"
"Newtonsoft.Json.Serialization.JsonSerializerInternalWriter$$WriteObjectStart","074c301c","79","70_high_general_structure_review_high","no","unrelated_or_generic_structure","app_or_custom_namespace","","validity_gate;data_collection;telemetry;frame_behavior","validity_or_gating_hits_1;strong_file_logging_hits_2;telemetry_or_network_hits_2;frame_or_lifecycle_behavior","C:\realDesktop\manifest-evaluations\summer-26\ghidra-pipeline\il2cpp-files\cac\general-structure-results\70_high_general_structure_review_high\074c301c_Newtonsoft.Json.Serialization.JsonSerializerInternalWriter$$WriteObjectStart.c"
"Newtonsoft.Json.Serialization.JsonSerializerInternalWriter$$GetPropertyName","074c35c0","82","70_high_general_structure_review_high","no","unrelated_or_generic_structure","app_or_custom_namespace","","validity_gate;data_collection;telemetry","validity_or_gating_hits_21;strong_file_logging_hits_2;telemetry_or_network_hits_2","C:\realDesktop\manifest-evaluations\summer-26\ghidra-pipeline\il2cpp-files\cac\general-structure-results\70_high_general_structure_review_high\074c35c0_Newtonsoft.Json.Serialization.JsonSerializerInternalWriter$$GetPropertyName.c"
"Newtonsoft.Json.Serialization.JsonSerializerInternalWriter$$ShouldSerialize","074c3ac8","87","70_high_general_structure_review_high","no","unrelated_or_generic_structure","app_or_custom_namespace","","validity_gate;data_collection;telemetry","validity_or_gating_hits_18;strong_file_logging_hits_2;telemetry_or_network_hits_4","C:\realDesktop\manifest-evaluations\summer-26\ghidra-pipeline\il2cpp-files\cac\general-structure-results\70_high_general_structure_review_high\074c3ac8_Newtonsoft.Json.Serialization.JsonSerializerInternalWriter$$ShouldSerialize.c"
"Newtonsoft.Json.Serialization.JsonSerializerInternalWriter$$IsSpecified","074c3d1c","82","70_high_general_structure_review_high","no","unrelated_or_generic_structure","app_or_custom_namespace","","validity_gate;data_collection;telemetry","validity_or_gating_hits_10;strong_file_logging_hits_2;telemetry_or_network_hits_2","C:\realDesktop\manifest-evaluations\summer-26\ghidra-pipeline\il2cpp-files\cac\general-structure-results\70_high_general_structure_review_high\074c3d1c_Newtonsoft.Json.Serialization.JsonSerializerInternalWriter$$IsSpecified.c"
"Newtonsoft.Json.Serialization.JsonSerializerInternalWriter$$HasFlag","074c4274","76","70_high_general_structure_review_high","no","unrelated_or_generic_structure","app_or_custom_namespace","","validity_gate;data_collection;telemetry","validity_or_gating_hits_2;strong_file_logging_hits_2;telemetry_or_network_hits_2","C:\realDesktop\manifest-evaluations\summer-26\ghidra-pipeline\il2cpp-files\cac\general-structure-results\70_high_general_structure_review_high\074c4274_Newtonsoft.Json.Serialization.JsonSerializerInternalWriter$$HasFlag.c"
"Newtonsoft.Json.Serialization.JsonSerializerInternalWriter$$WriteStartArray","074c4280","89","70_high_general_structure_review_high","no","unrelated_or_generic_structure","app_or_custom_namespace","","validity_gate;pose_vector;data_collection;telemetry;frame_behavior","validity_or_gating_hits_1;strong_pose_or_ray_construction_hits_4;strong_file_logging_hits_2;telemetry_or_network_hits_2;frame_or_lifecycle_behavior;cap_below_near_certain_without_eye_anchor_or_ordered_structure","C:\realDesktop\manifest-evaluations\summer-26\ghidra-pipeline\il2cpp-files\cac\general-structure-results\70_high_general_structure_review_high\074c4280_Newtonsoft.Json.Serialization.JsonSerializerInternalWriter$$WriteStartArray.c"
"Newtonsoft.Json.Serialization.JsonSerializerInternalWriter$$SerializeMultidimensionalArray","074c4508","89","70_high_general_structure_review_high","no","unrelated_or_generic_structure","app_or_custom_namespace","","pose_vector;data_collection;telemetry","strong_pose_or_ray_construction_hits_4;strong_file_logging_hits_2;telemetry_or_network_hits_4;cap_below_near_certain_without_eye_anchor_or_ordered_structure","C:\realDesktop\manifest-evaluations\summer-26\ghidra-pipeline\il2cpp-files\cac\general-structure-results\70_high_general_structure_review_high\074c4508_Newtonsoft.Json.Serialization.JsonSerializerInternalWriter$$SerializeMultidimensionalArray.c"
"Newtonsoft.Json.Serialization.JsonSerializerInternalWriter$$ShouldWriteDynamicProperty","074c49a8","73","70_high_general_structure_review_high","no","unrelated_or_generic_structure","app_or_custom_namespace","","validity_gate;data_collection;telemetry","validity_or_gating_hits_1;strong_file_logging_hits_2;telemetry_or_network_hits_2","C:\realDesktop\manifest-evaluations\summer-26\ghidra-pipeline\il2cpp-files\cac\general-structure-results\70_high_general_structure_review_high\074c49a8_Newtonsoft.Json.Serialization.JsonSerializerInternalWriter$$ShouldWriteDynamicProperty.c"
"Newtonsoft.Json.Serialization.JsonSerializerProxy$$add_Error","074c4a64","76","70_high_general_structure_review_high","no","unrelated_or_generic_structure","app_or_custom_namespace","","validity_gate;data_collection;telemetry","validity_or_gating_hits_2;strong_file_logging_hits_2;telemetry_or_network_hits_2","C:\realDesktop\manifest-evaluations\summer-26\ghidra-pipeline\il2cpp-files\cac\general-structure-results\70_high_general_structure_review_high\074c4a64_Newtonsoft.Json.Serialization.JsonSerializerProxy$$add_Error.c"
"Newtonsoft.Json.Serialization.JsonSerializerProxy$$remove_Error","074c4a80","73","70_high_general_structure_review_high","no","unrelated_or_generic_structure","app_or_custom_namespace","","validity_gate;data_collection;telemetry","validity_or_gating_hits_1;strong_file_logging_hits_2;telemetry_or_network_hits_2","C:\realDesktop\manifest-evaluations\summer-26\ghidra-pipeline\il2cpp-files\cac\general-structure-results\70_high_general_structure_review_high\074c4a80_Newtonsoft.Json.Serialization.JsonSerializerProxy$$remove_Error.c"
"Newtonsoft.Json.Serialization.JsonSerializerProxy$$get_Culture","074c5120","76","70_high_general_structure_review_high","no","unrelated_or_generic_structure","app_or_custom_namespace","","validity_gate;data_collection;telemetry","validity_or_gating_hits_2;strong_file_logging_hits_2;telemetry_or_network_hits_2","C:\realDesktop\manifest-evaluations\summer-26\ghidra-pipeline\il2cpp-files\cac\general-structure-results\70_high_general_structure_review_high\074c5120_Newtonsoft.Json.Serialization.JsonSerializerProxy$$get_Culture.c"
"Newtonsoft.Json.Serialization.JsonSerializerProxy$$set_Culture","074c5140","73","70_high_general_structure_review_high","no","unrelated_or_generic_structure","app_or_custom_namespace","","validity_gate;data_collection;telemetry","validity_or_gating_hits_1;strong_file_logging_hits_2;telemetry_or_network_hits_2","C:\realDesktop\manifest-evaluations\summer-26\ghidra-pipeline\il2cpp-files\cac\general-structure-results\70_high_general_structure_review_high\074c5140_Newtonsoft.Json.Serialization.JsonSerializerProxy$$set_Culture.c"
"Newtonsoft.Json.Serialization.JsonSerializerProxy$$get_MaxDepth","074c5160","73","70_high_general_structure_review_high","no","unrelated_or_generic_structure","app_or_custom_namespace","","validity_gate;data_collection;telemetry","validity_or_gating_hits_1;strong_file_logging_hits_2;telemetry_or_network_hits_2","C:\realDesktop\manifest-evaluations\summer-26\ghidra-pipeline\il2cpp-files\cac\general-structure-results\70_high_general_structure_review_high\074c5160_Newtonsoft.Json.Serialization.JsonSerializerProxy$$get_MaxDepth.c"
"Newtonsoft.Json.Serialization.JsonSerializerProxy$$.ctor","074c5200","73","70_high_general_structure_review_high","no","unrelated_or_generic_structure","app_or_custom_namespace","","validity_gate;data_collection;telemetry","validity_or_gating_hits_1;strong_file_logging_hits_2;telemetry_or_network_hits_2","C:\realDesktop\manifest-evaluations\summer-26\ghidra-pipeline\il2cpp-files\cac\general-structure-results\70_high_general_structure_review_high\074c5200_Newtonsoft.Json.Serialization.JsonSerializerProxy$$.ctor.c"
"Newtonsoft.Json.Serialization.JsonSerializerProxy$$DeserializeInternal","074c528c","78","70_high_general_structure_review_high","no","unrelated_or_generic_structure","app_or_custom_namespace","","validity_gate;data_collection;telemetry","validity_or_gating_hits_1;strong_file_logging_hits_2;telemetry_or_network_hits_4","C:\realDesktop\manifest-evaluations\summer-26\ghidra-pipeline\il2cpp-files\cac\general-structure-results\70_high_general_structure_review_high\074c528c_Newtonsoft.Json.Serialization.JsonSerializerProxy$$DeserializeInternal.c"
"Newtonsoft.Json.Linq.JToken$$Newtonsoft.Json.IJsonLineInfo.get_LinePosition","074f1528","70","70_high_general_structure_review_high","no","unrelated_or_generic_structure","app_or_custom_namespace","","validity_gate;pose_vector;data_collection","validity_or_gating_hits_4;strong_pose_or_ray_construction_hits_2;strong_file_logging_hits_2","C:\realDesktop\manifest-evaluations\summer-26\ghidra-pipeline\il2cpp-files\cac\general-structure-results\70_high_general_structure_review_high\074f1528_Newtonsoft.Json.Linq.JToken$$Newtonsoft.Json.IJsonLineInfo.get_LinePosition.c"
"Newtonsoft.Json.Linq.JsonPath.ArrayIndexFilter.<ExecuteFilter>d__4$$System.IDisposable.Dispose","074fa0dc","70","70_high_general_structure_review_high","no","unrelated_or_generic_structure","app_or_custom_namespace","","validity_gate;pose_vector;data_collection","validity_or_gating_hits_13;strong_pose_or_ray_construction_hits_2;strong_file_logging_hits_2","C:\realDesktop\manifest-evaluations\summer-26\ghidra-pipeline\il2cpp-files\cac\general-structure-results\70_high_general_structure_review_high\074fa0dc_Newtonsoft.Json.Linq.JsonPath.ArrayIndexFilter._ExecuteFilter_d__4$$System.IDisposable.Dispose.c"
"Newtonsoft.Json.Linq.JsonPath.ScanFilter.<ExecuteFilter>d__2$$System.IDisposable.Dispose","07503068","70","70_high_general_structure_review_high","no","unrelated_or_generic_structure","app_or_custom_namespace","","validity_gate;pose_vector;data_collection","validity_or_gating_hits_16;strong_pose_or_ray_construction_hits_2;strong_file_logging_hits_2","C:\realDesktop\manifest-evaluations\summer-26\ghidra-pipeline\il2cpp-files\cac\general-structure-results\70_high_general_structure_review_high\07503068_Newtonsoft.Json.Linq.JsonPath.ScanFilter._ExecuteFilter_d__2$$System.IDisposable.Dispose.c"
"Newtonsoft.Json.Linq.JsonPath.ScanMultipleFilter.<ExecuteFilter>d__2$$System.IDisposable.Dispose","07503784","70","70_high_general_structure_review_high","no","unrelated_or_generic_structure","app_or_custom_namespace","","validity_gate;pose_vector;data_collection","validity_or_gating_hits_5;strong_pose_or_ray_construction_hits_2;strong_file_logging_hits_2","C:\realDesktop\manifest-evaluations\summer-26\ghidra-pipeline\il2cpp-files\cac\general-structure-results\70_high_general_structure_review_high\07503784_Newtonsoft.Json.Linq.JsonPath.ScanMultipleFilter._ExecuteFilter_d__2$$System.IDisposable.Dispose.c"
"Oculus.Platform.CAPI$$ovr_Message_GetNetSyncSessionArray","07536084","73","70_high_general_structure_review_high","no","unrelated_or_generic_structure","app_or_custom_namespace","","validity_gate;pose_vector;telemetry","validity_or_gating_hits_1;strong_pose_or_ray_construction_hits_4;telemetry_or_network_hits_2","C:\realDesktop\manifest-evaluations\summer-26\ghidra-pipeline\il2cpp-files\cac\general-structure-results\70_high_general_structure_review_high\07536084_Oculus.Platform.CAPI$$ovr_Message_GetNetSyncSessionArray.c"
"Pico.Platform.CLIB$$ppf_User_RequestUserPermissions","07578ee0","77","70_high_attempted_eye_tracking_permission_or_feature_high","yes","eye_tracking_attempted_permission_or_feature","app_or_custom_namespace","attempted_eye_tracking_use","weak_source_state;validity_gate;telemetry;attempted_use","weak_xr_or_state_hits_2;validity_or_gating_hits_9;telemetry_or_network_hits_2;attempted_eye_tracking_permission_or_feature_enable","C:\realDesktop\manifest-evaluations\summer-26\ghidra-pipeline\il2cpp-files\cac\general-structure-results\70_high_attempted_eye_tracking_permission_or_feature_high\07578ee0_Pico.Platform.CLIB$$ppf_User_RequestUserPermissions.c"
"Pico.Platform.CLIB.__Internal$$ppf_User_RequestUserPermissions","07578ee4","77","70_high_attempted_eye_tracking_permission_or_feature_high","yes","eye_tracking_attempted_permission_or_feature","app_or_custom_namespace","attempted_eye_tracking_use","weak_source_state;validity_gate;telemetry;attempted_use","weak_xr_or_state_hits_2;validity_or_gating_hits_9;telemetry_or_network_hits_2;attempted_eye_tracking_permission_or_feature_enable","C:\realDesktop\manifest-evaluations\summer-26\ghidra-pipeline\il2cpp-files\cac\general-structure-results\70_high_attempted_eye_tracking_permission_or_feature_high\07578ee4_Pico.Platform.CLIB.__Internal$$ppf_User_RequestUserPermissions.c"
"Pico.Platform.CLIB$$ppf_User_RequestUserPermissions","0757995c","71","70_high_attempted_eye_tracking_permission_or_feature_high","yes","eye_tracking_attempted_permission_or_feature","app_or_custom_namespace","attempted_eye_tracking_use","weak_source_state;validity_gate;telemetry;attempted_use","weak_xr_or_state_hits_2;validity_or_gating_hits_2;telemetry_or_network_hits_2;attempted_eye_tracking_permission_or_feature_enable","C:\realDesktop\manifest-evaluations\summer-26\ghidra-pipeline\il2cpp-files\cac\general-structure-results\70_high_attempted_eye_tracking_permission_or_feature_high\0757995c_Pico.Platform.CLIB$$ppf_User_RequestUserPermissions.c"
"Pico.Platform.UserService$$RequestUserPermissions","0758e2b8","71","70_high_attempted_eye_tracking_permission_or_feature_high","yes","eye_tracking_attempted_permission_or_feature","app_or_custom_namespace","attempted_eye_tracking_use","weak_source_state;validity_gate;telemetry;attempted_use","weak_xr_or_state_hits_2;validity_or_gating_hits_2;telemetry_or_network_hits_2;attempted_eye_tracking_permission_or_feature_enable","C:\realDesktop\manifest-evaluations\summer-26\ghidra-pipeline\il2cpp-files\cac\general-structure-results\70_high_attempted_eye_tracking_permission_or_feature_high\0758e2b8_Pico.Platform.UserService$$RequestUserPermissions.c"
"Sentry.MetricAggregator.<GetFlushableBuckets>d__34$$System.IDisposable.Dispose","075ae794","70","70_high_general_structure_review_high","no","unrelated_or_generic_structure","app_or_custom_namespace","","validity_gate;pose_vector;data_collection","validity_or_gating_hits_9;strong_pose_or_ray_construction_hits_2;strong_file_logging_hits_2","C:\realDesktop\manifest-evaluations\summer-26\ghidra-pipeline\il2cpp-files\cac\general-structure-results\70_high_general_structure_review_high\075ae794_Sentry.MetricAggregator._GetFlushableBuckets_d__34$$System.IDisposable.Dispose.c"
"System.Xml.XmlEncodedRawTextWriter$$get_SupportsNamespaceDeclarationInChunks","07ab5670","87","70_high_general_structure_review_high","no","unrelated_or_generic_structure","framework_namespace_with_project_hint","","validity_gate;data_collection;telemetry","validity_or_gating_hits_11;strong_file_logging_hits_2;telemetry_or_network_hits_4","C:\realDesktop\manifest-evaluations\summer-26\ghidra-pipeline\il2cpp-files\cac\general-structure-results\70_high_general_structure_review_high\07ab5670_System.Xml.XmlEncodedRawTextWriter$$get_SupportsNamespaceDeclarationInChunks.c"
"System.Xml.XmlEncodedRawTextWriter$$WriteStartNamespaceDeclaration","07ab5678","89","70_high_general_structure_review_high","no","unrelated_or_generic_structure","framework_namespace_with_project_hint","","validity_gate;data_collection;telemetry;frame_behavior","validity_or_gating_hits_11;strong_file_logging_hits_2;telemetry_or_network_hits_4;frame_or_lifecycle_behavior;cap_below_near_certain_without_eye_anchor_or_ordered_structure","C:\realDesktop\manifest-evaluations\summer-26\ghidra-pipeline\il2cpp-files\cac\general-structure-results\70_high_general_structure_review_high\07ab5678_System.Xml.XmlEncodedRawTextWriter$$WriteStartNamespaceDeclaration.c"
"System.Xml.Serialization.XmlSerializerNamespaces$$ToArray","07b0ce98","73","70_high_general_structure_review_high","no","unrelated_or_generic_structure","framework_namespace_with_project_hint","","validity_gate;pose_vector;telemetry","validity_or_gating_hits_1;strong_pose_or_ray_construction_hits_4;telemetry_or_network_hits_2","C:\realDesktop\manifest-evaluations\summer-26\ghidra-pipeline\il2cpp-files\cac\general-structure-results\70_high_general_structure_review_high\07b0ce98_System.Xml.Serialization.XmlSerializerNamespaces$$ToArray.c"
"Cysharp.Threading.Tasks.PlayerLoopTimer$$Dispose","07c7fe94","81","70_high_general_structure_review_high","no","unrelated_or_generic_structure","app_or_custom_namespace","","weak_source_state;validity_gate;pose_vector;ui_interaction;structure_combo","weak_xr_or_state_hits_1;validity_or_gating_hits_5;strong_pose_or_ray_construction_hits_2;ui_or_gameplay_sink_hits_2;source_validity_pose_sink_structure","C:\realDesktop\manifest-evaluations\summer-26\ghidra-pipeline\il2cpp-files\cac\general-structure-results\70_high_general_structure_review_high\07c7fe94_Cysharp.Threading.Tasks.PlayerLoopTimer$$Dispose.c"
"Cysharp.Threading.Tasks.TextSelectionEventConverter$$Dispose","07ca5864","78","70_high_general_structure_review_high","no","unrelated_or_generic_structure","app_or_custom_namespace","","weak_source_state;validity_gate;pose_vector;ui_interaction;structure_combo","weak_xr_or_state_hits_1;validity_or_gating_hits_3;strong_pose_or_ray_construction_hits_2;ui_or_gameplay_sink_hits_2;source_validity_pose_sink_structure","C:\realDesktop\manifest-evaluations\summer-26\ghidra-pipeline\il2cpp-files\cac\general-structure-results\70_high_general_structure_review_high\07ca5864_Cysharp.Threading.Tasks.TextSelectionEventConverter$$Dispose.c"
"Unity.Burst.BurstCompiler.BurstCompilerHelper.IsBurstEnabled_00000145$PostfixBurstDelegate$$BeginInvoke","07ce80d0","71","70_high_general_structure_review_high","no","unrelated_or_generic_structure","app_or_custom_namespace","","weak_source_state;validity_gate;ui_interaction;telemetry","weak_xr_or_state_hits_2;validity_or_gating_hits_2;ui_or_gameplay_sink_hits_2;telemetry_or_network_hits_2","C:\realDesktop\manifest-evaluations\summer-26\ghidra-pipeline\il2cpp-files\cac\general-structure-results\70_high_general_structure_review_high\07ce80d0_Unity.Burst.BurstCompiler.BurstCompilerHelper.IsBurstEnabled_00000145$PostfixBurstDelegate$$BeginInvoke.c"
"Unity.Mathematics.quaternion$$.cctor","07f44ea4","76","70_high_general_structure_review_high","no","unrelated_or_generic_structure","app_or_custom_namespace","","validity_gate;pose_vector;paired_state_refs;telemetry","validity_or_gating_hits_21;strong_pose_or_ray_construction_hits_1;paired_field_refs_with_structure_only;telemetry_or_network_hits_2","C:\realDesktop\manifest-evaluations\summer-26\ghidra-pipeline\il2cpp-files\cac\general-structure-results\70_high_general_structure_review_high\07f44ea4_Unity.Mathematics.quaternion$$.cctor.c"
"UnityEngine.Rendering.Universal.PostProcessPass$$DoLensFlareScreenSpace","080bcdd4","78","70_high_general_structure_review_high","no","unrelated_or_generic_structure","framework_namespace_with_project_hint","","validity_gate;ray_interaction;telemetry","validity_or_gating_hits_21;ray_or_cast_sink_hits_6;telemetry_or_network_hits_2","C:\realDesktop\manifest-evaluations\summer-26\ghidra-pipeline\il2cpp-files\cac\general-structure-results\70_high_general_structure_review_high\080bcdd4_UnityEngine.Rendering.Universal.PostProcessPass$$DoLensFlareScreenSpace.c"
"FUN_080cdb90","080cdb90","73","70_high_general_structure_review_high","no","unrelated_or_generic_structure","app_or_custom_namespace","","validity_gate;pose_vector;paired_state_refs;telemetry","validity_or_gating_hits_3;strong_pose_or_ray_construction_hits_1;paired_field_refs_with_structure_only;telemetry_or_network_hits_2","C:\realDesktop\manifest-evaluations\summer-26\ghidra-pipeline\il2cpp-files\cac\general-structure-results\70_high_general_structure_review_high\080cdb90_FUN_080cdb90.c"
"FUN_080ea5e4","080ea5e4","74","70_high_general_structure_review_high","no","unrelated_or_generic_structure","app_or_custom_namespace","","validity_gate;ray_interaction;data_collection","validity_or_gating_hits_11;ray_or_cast_sink_hits_4;strong_file_logging_hits_2","C:\realDesktop\manifest-evaluations\summer-26\ghidra-pipeline\il2cpp-files\cac\general-structure-results\70_high_general_structure_review_high\080ea5e4_FUN_080ea5e4.c"
"FUN_080eb798","080eb798","70","70_high_general_structure_review_high","no","unrelated_or_generic_structure","app_or_custom_namespace","","validity_gate;ray_interaction;data_collection","validity_or_gating_hits_4;ray_or_cast_sink_hits_2;strong_file_logging_hits_2","C:\realDesktop\manifest-evaluations\summer-26\ghidra-pipeline\il2cpp-files\cac\general-structure-results\70_high_general_structure_review_high\080eb798_FUN_080eb798.c"
"FUN_080eb914","080eb914","82","70_high_general_structure_review_high","no","unrelated_or_generic_structure","app_or_custom_namespace","","validity_gate;ray_interaction;data_collection","validity_or_gating_hits_5;ray_or_cast_sink_hits_5;strong_file_logging_hits_5","C:\realDesktop\manifest-evaluations\summer-26\ghidra-pipeline\il2cpp-files\cac\general-structure-results\70_high_general_structure_review_high\080eb914_FUN_080eb914.c"
"FUN_080ebb64","080ebb64","82","70_high_general_structure_review_high","no","unrelated_or_generic_structure","app_or_custom_namespace","","validity_gate;ray_interaction;data_collection","validity_or_gating_hits_19;ray_or_cast_sink_hits_21;strong_file_logging_hits_12","C:\realDesktop\manifest-evaluations\summer-26\ghidra-pipeline\il2cpp-files\cac\general-structure-results\70_high_general_structure_review_high\080ebb64_FUN_080ebb64.c"
"Unity.Services.Analytics.AnalyticsServiceInstance$$Flush","08163edc","78","70_high_general_structure_review_high","no","unrelated_or_generic_structure","app_or_custom_namespace","","validity_gate;data_collection;telemetry","validity_or_gating_hits_1;strong_file_logging_hits_2;telemetry_or_network_hits_4","C:\realDesktop\manifest-evaluations\summer-26\ghidra-pipeline\il2cpp-files\cac\general-structure-results\70_high_general_structure_review_high\08163edc_Unity.Services.Analytics.AnalyticsServiceInstance$$Flush.c"
"Unity.Services.Analytics.AnalyticsServiceInstance$$get_AutoflushPeriodMultiplier","08164734","78","70_high_general_structure_review_high","no","unrelated_or_generic_structure","app_or_custom_namespace","","validity_gate;data_collection;telemetry","validity_or_gating_hits_1;strong_file_logging_hits_2;telemetry_or_network_hits_4","C:\realDesktop\manifest-evaluations\summer-26\ghidra-pipeline\il2cpp-files\cac\general-structure-results\70_high_general_structure_review_high\08164734_Unity.Services.Analytics.AnalyticsServiceInstance$$get_AutoflushPeriodMultiplier.c"
"Unity.Services.Analytics.Internal.Dispatcher$$remove_FlushStarted","081716b8","82","70_high_general_structure_review_high","no","unrelated_or_generic_structure","app_or_custom_namespace","","validity_gate;data_collection;telemetry;frame_behavior","validity_or_gating_hits_2;strong_file_logging_hits_2;telemetry_or_network_hits_2;frame_or_lifecycle_behavior","C:\realDesktop\manifest-evaluations\summer-26\ghidra-pipeline\il2cpp-files\cac\general-structure-results\70_high_general_structure_review_high\081716b8_Unity.Services.Analytics.Internal.Dispatcher$$remove_FlushStarted.c"
"Unity.Services.Analytics.Internal.Dispatcher$$add_FlushFinished","08171768","73","70_high_general_structure_review_high","no","unrelated_or_generic_structure","app_or_custom_namespace","","validity_gate;data_collection;telemetry","validity_or_gating_hits_1;strong_file_logging_hits_2;telemetry_or_network_hits_2","C:\realDesktop\manifest-evaluations\summer-26\ghidra-pipeline\il2cpp-files\cac\general-structure-results\70_high_general_structure_review_high\08171768_Unity.Services.Analytics.Internal.Dispatcher$$add_FlushFinished.c"
"Unity.Services.Analytics.Internal.Dispatcher$$Flush","081718d0","76","70_high_general_structure_review_high","no","unrelated_or_generic_structure","app_or_custom_namespace","","validity_gate;data_collection;telemetry","validity_or_gating_hits_2;strong_file_logging_hits_2;telemetry_or_network_hits_2","C:\realDesktop\manifest-evaluations\summer-26\ghidra-pipeline\il2cpp-files\cac\general-structure-results\70_high_general_structure_review_high\081718d0_Unity.Services.Analytics.Internal.Dispatcher$$Flush.c"
"Unity.Services.Analytics.Internal.Dispatcher$$FlushBufferToService","08171954","76","70_high_general_structure_review_high","no","unrelated_or_generic_structure","app_or_custom_namespace","","validity_gate;data_collection;telemetry","validity_or_gating_hits_2;strong_file_logging_hits_2;telemetry_or_network_hits_2","C:\realDesktop\manifest-evaluations\summer-26\ghidra-pipeline\il2cpp-files\cac\general-structure-results\70_high_general_structure_review_high\08171954_Unity.Services.Analytics.Internal.Dispatcher$$FlushBufferToService.c"
"Unity.Services.RemoteConfig.RCUnityWebRequest$$Dispose","0826d734","80","70_high_general_structure_review_high","no","unrelated_or_generic_structure","app_or_custom_namespace","","validity_gate;pose_vector;paired_state_refs;telemetry","validity_or_gating_hits_9;strong_pose_or_ray_construction_hits_2;paired_field_refs_with_structure_only;telemetry_or_network_hits_2","C:\realDesktop\manifest-evaluations\summer-26\ghidra-pipeline\il2cpp-files\cac\general-structure-results\70_high_general_structure_review_high\0826d734_Unity.Services.RemoteConfig.RCUnityWebRequest$$Dispose.c"
"Unity.VisualScripting.FullSerializer.LayerMask_DirectConverter$$DoSerialize","083f6290","73","70_high_general_structure_review_high","no","unrelated_or_generic_structure","app_or_custom_namespace","","validity_gate;ray_interaction;telemetry","validity_or_gating_hits_2;ray_or_cast_sink_hits_2;telemetry_or_network_hits_4","C:\realDesktop\manifest-evaluations\summer-26\ghidra-pipeline\il2cpp-files\cac\general-structure-results\70_high_general_structure_review_high\083f6290_Unity.VisualScripting.FullSerializer.LayerMask_DirectConverter$$DoSerialize.c"
"Unity.VisualScripting.FullSerializer.LayerMask_DirectConverter$$DoDeserialize","083f6368","70","70_high_general_structure_review_high","no","unrelated_or_generic_structure","app_or_custom_namespace","","validity_gate;ray_interaction;telemetry","validity_or_gating_hits_1;ray_or_cast_sink_hits_2;telemetry_or_network_hits_4","C:\realDesktop\manifest-evaluations\summer-26\ghidra-pipeline\il2cpp-files\cac\general-structure-results\70_high_general_structure_review_high\083f6368_Unity.VisualScripting.FullSerializer.LayerMask_DirectConverter$$DoDeserialize.c"
"Unity.VisualScripting.FullSerializer.fsJsonParser$$TryParseArray","083fb854","87","70_high_general_structure_review_high","no","unrelated_or_generic_structure","app_or_custom_namespace","","validity_gate;pose_vector;telemetry","validity_or_gating_hits_8;strong_pose_or_ray_construction_hits_4;telemetry_or_network_hits_4","C:\realDesktop\manifest-evaluations\summer-26\ghidra-pipeline\il2cpp-files\cac\general-structure-results\70_high_general_structure_review_high\083fb854_Unity.VisualScripting.FullSerializer.fsJsonParser$$TryParseArray.c"
"Unity.VisualScripting.FullSerializer.fsSerializer$$Invoke_OnBeforeSerialize","084001dc","73","70_high_general_structure_review_high","no","unrelated_or_generic_structure","app_or_custom_namespace","","validity_gate;ui_interaction;telemetry","validity_or_gating_hits_7;ui_or_gameplay_sink_hits_2;telemetry_or_network_hits_6","C:\realDesktop\manifest-evaluations\summer-26\ghidra-pipeline\il2cpp-files\cac\general-structure-results\70_high_general_structure_review_high\084001dc_Unity.VisualScripting.FullSerializer.fsSerializer$$Invoke_OnBeforeSerialize.c"
"Unity.VisualScripting.FullSerializer.fsSerializer$$Invoke_OnAfterSerialize","08400288","73","70_high_general_structure_review_high","no","unrelated_or_generic_structure","app_or_custom_namespace","","validity_gate;ui_interaction;telemetry","validity_or_gating_hits_6;ui_or_gameplay_sink_hits_2;telemetry_or_network_hits_6","C:\realDesktop\manifest-evaluations\summer-26\ghidra-pipeline\il2cpp-files\cac\general-structure-results\70_high_general_structure_review_high\08400288_Unity.VisualScripting.FullSerializer.fsSerializer$$Invoke_OnAfterSerialize.c"
"Unity.VisualScripting.FullSerializer.fsSerializer$$Invoke_OnBeforeDeserialize","08401a0c","73","70_high_general_structure_review_high","no","unrelated_or_generic_structure","app_or_custom_namespace","","validity_gate;ui_interaction;telemetry","validity_or_gating_hits_5;ui_or_gameplay_sink_hits_2;telemetry_or_network_hits_6","C:\realDesktop\manifest-evaluations\summer-26\ghidra-pipeline\il2cpp-files\cac\general-structure-results\70_high_general_structure_review_high\08401a0c_Unity.VisualScripting.FullSerializer.fsSerializer$$Invoke_OnBeforeDeserialize.c"
"Unity.VisualScripting.FullSerializer.fsSerializer$$Invoke_OnAfterDeserialize","08401ab8","73","70_high_general_structure_review_high","no","unrelated_or_generic_structure","app_or_custom_namespace","","validity_gate;ui_interaction;telemetry","validity_or_gating_hits_4;ui_or_gameplay_sink_hits_2;telemetry_or_network_hits_6","C:\realDesktop\manifest-evaluations\summer-26\ghidra-pipeline\il2cpp-files\cac\general-structure-results\70_high_general_structure_review_high\08401ab8_Unity.VisualScripting.FullSerializer.fsSerializer$$Invoke_OnAfterDeserialize.c"
"FUN_08410038","08410038","83","70_high_general_structure_review_high","no","unrelated_or_generic_structure","app_or_custom_namespace","","validity_gate;ray_interaction;telemetry","validity_or_gating_hits_21;ray_or_cast_sink_hits_6;telemetry_or_network_hits_6","C:\realDesktop\manifest-evaluations\summer-26\ghidra-pipeline\il2cpp-files\cac\general-structure-results\70_high_general_structure_review_high\08410038_FUN_08410038.c"
"Unity.VisualScripting.Flow$$Predict","08410060","83","70_high_general_structure_review_high","no","unrelated_or_generic_structure","app_or_custom_namespace","","validity_gate;ray_interaction;telemetry","validity_or_gating_hits_21;ray_or_cast_sink_hits_6;telemetry_or_network_hits_6","C:\realDesktop\manifest-evaluations\summer-26\ghidra-pipeline\il2cpp-files\cac\general-structure-results\70_high_general_structure_review_high\08410060_Unity.VisualScripting.Flow$$Predict.c"
"Unity.VisualScripting.Flow$$Predict","084101c4","83","70_high_general_structure_review_high","no","unrelated_or_generic_structure","app_or_custom_namespace","","validity_gate;ray_interaction;telemetry","validity_or_gating_hits_21;ray_or_cast_sink_hits_6;telemetry_or_network_hits_6","C:\realDesktop\manifest-evaluations\summer-26\ghidra-pipeline\il2cpp-files\cac\general-structure-results\70_high_general_structure_review_high\084101c4_Unity.VisualScripting.Flow$$Predict.c"
"Unity.VisualScripting.Flow.RecursionNode$$get_port","08410244","83","70_high_general_structure_review_high","no","unrelated_or_generic_structure","app_or_custom_namespace","","validity_gate;ray_interaction;telemetry","validity_or_gating_hits_21;ray_or_cast_sink_hits_6;telemetry_or_network_hits_6","C:\realDesktop\manifest-evaluations\summer-26\ghidra-pipeline\il2cpp-files\cac\general-structure-results\70_high_general_structure_review_high\08410244_Unity.VisualScripting.Flow.RecursionNode$$get_port.c"
"Unity.VisualScripting.Flow.RecursionNode$$get_context","0841024c","83","70_high_general_structure_review_high","no","unrelated_or_generic_structure","app_or_custom_namespace","","validity_gate;ray_interaction;telemetry","validity_or_gating_hits_21;ray_or_cast_sink_hits_6;telemetry_or_network_hits_6","C:\realDesktop\manifest-evaluations\summer-26\ghidra-pipeline\il2cpp-files\cac\general-structure-results\70_high_general_structure_review_high\0841024c_Unity.VisualScripting.Flow.RecursionNode$$get_context.c"
"Unity.VisualScripting.Flow.RecursionNode$$Equals","08410254","83","70_high_general_structure_review_high","no","unrelated_or_generic_structure","app_or_custom_namespace","","validity_gate;ray_interaction;telemetry","validity_or_gating_hits_21;ray_or_cast_sink_hits_6;telemetry_or_network_hits_6","C:\realDesktop\manifest-evaluations\summer-26\ghidra-pipeline\il2cpp-files\cac\general-structure-results\70_high_general_structure_review_high\08410254_Unity.VisualScripting.Flow.RecursionNode$$Equals.c"
"Unity.VisualScripting.Flow.RecursionNode$$Equals","08410278","83","70_high_general_structure_review_high","no","unrelated_or_generic_structure","app_or_custom_namespace","","validity_gate;ray_interaction;telemetry","validity_or_gating_hits_21;ray_or_cast_sink_hits_6;telemetry_or_network_hits_6","C:\realDesktop\manifest-evaluations\summer-26\ghidra-pipeline\il2cpp-files\cac\general-structure-results\70_high_general_structure_review_high\08410278_Unity.VisualScripting.Flow.RecursionNode$$Equals.c"
"Unity.VisualScripting.Flow.RecursionNode$$GetHashCode","08410300","74","70_high_general_structure_review_high","no","unrelated_or_generic_structure","app_or_custom_namespace","","validity_gate;ray_interaction;telemetry","validity_or_gating_hits_11;ray_or_cast_sink_hits_2;telemetry_or_network_hits_2","C:\realDesktop\manifest-evaluations\summer-26\ghidra-pipeline\il2cpp-files\cac\general-structure-results\70_high_general_structure_review_high\08410300_Unity.VisualScripting.Flow.RecursionNode$$GetHashCode.c"
"Unity.VisualScripting.Flow.<>c$$.cctor","08410348","74","70_high_general_structure_review_high","no","unrelated_or_generic_structure","app_or_custom_namespace","","validity_gate;ray_interaction;telemetry","validity_or_gating_hits_12;ray_or_cast_sink_hits_2;telemetry_or_network_hits_2","C:\realDesktop\manifest-evaluations\summer-26\ghidra-pipeline\il2cpp-files\cac\general-structure-results\70_high_general_structure_review_high\08410348_Unity.VisualScripting.Flow._c$$.cctor.c"
"Unity.VisualScripting.Flow.<>c$$.ctor","084103b0","74","70_high_general_structure_review_high","no","unrelated_or_generic_structure","app_or_custom_namespace","","validity_gate;ray_interaction;telemetry","validity_or_gating_hits_10;ray_or_cast_sink_hits_2;telemetry_or_network_hits_2","C:\realDesktop\manifest-evaluations\summer-26\ghidra-pipeline\il2cpp-files\cac\general-structure-results\70_high_general_structure_review_high\084103b0_Unity.VisualScripting.Flow._c$$.ctor.c"
"Unity.VisualScripting.Flow.<>c$$<New>b__35_0","084103b8","74","70_high_general_structure_review_high","no","unrelated_or_generic_structure","app_or_custom_namespace","","validity_gate;ray_interaction;telemetry","validity_or_gating_hits_10;ray_or_cast_sink_hits_2;telemetry_or_network_hits_2","C:\realDesktop\manifest-evaluations\summer-26\ghidra-pipeline\il2cpp-files\cac\general-structure-results\70_high_general_structure_review_high\084103b8_Unity.VisualScripting.Flow._c$$_New_b__35_0.c"
"Unity.VisualScripting.InvokeMember.<>c$$<PostDeserializeRemapParameterNames>b__40_0","084174b0","70","70_high_general_structure_review_high","no","unrelated_or_generic_structure","app_or_custom_namespace","","validity_gate;ui_interaction;telemetry","validity_or_gating_hits_3;ui_or_gameplay_sink_hits_2;telemetry_or_network_hits_4","C:\realDesktop\manifest-evaluations\summer-26\ghidra-pipeline\il2cpp-files\cac\general-structure-results\70_high_general_structure_review_high\084174b0_Unity.VisualScripting.InvokeMember._c$$_PostDeserializeRemapParameterNames_b__40_0.c"
"Unity.VisualScripting.Unit$$GetAnalyticsIdentifier","08448588","80","70_high_general_structure_review_high","no","unrelated_or_generic_structure","app_or_custom_namespace","","validity_gate;pose_vector;paired_state_refs;telemetry","validity_or_gating_hits_7;strong_pose_or_ray_construction_hits_2;paired_field_refs_with_structure_only;telemetry_or_network_hits_2","C:\realDesktop\manifest-evaluations\summer-26\ghidra-pipeline\il2cpp-files\cac\general-structure-results\70_high_general_structure_review_high\08448588_Unity.VisualScripting.Unit$$GetAnalyticsIdentifier.c"
"UnityEngine.XR.ARSubsystems.XRFace$$get_leftEyePose","084b2144","149","90_plus_possible_eye_biometrics_near_certain","yes","possible_eye_biometrics","framework_namespace_with_project_hint","possible_biometrics","eye_source;weak_source_state;validity_gate;pose_vector;active_gaze_retrieval;possible_biometrics","strong_eye_source_hits_2;weak_xr_or_state_hits_2;validity_or_gating_hits_21;strong_pose_or_ray_construction_hits_2;active_gaze_state_retrieval_with_validity_and_pose;possible_biometric_feature_from_active_eye_context;functionality_possible_biometrics_hits_2","C:\realDesktop\manifest-evaluations\summer-26\ghidra-pipeline\il2cpp-files\cac\general-structure-results\90_plus_possible_eye_biometrics_near_certain\084b2144_UnityEngine.XR.ARSubsystems.XRFace$$get_leftEyePose.c"
"UnityEngine.XR.ARSubsystems.XRFace$$get_rightEyePose","084b2158","149","90_plus_possible_eye_biometrics_near_certain","yes","possible_eye_biometrics","framework_namespace_with_project_hint","possible_biometrics","eye_source;weak_source_state;validity_gate;pose_vector;active_gaze_retrieval;possible_biometrics","strong_eye_source_hits_2;weak_xr_or_state_hits_2;validity_or_gating_hits_21;strong_pose_or_ray_construction_hits_2;active_gaze_state_retrieval_with_validity_and_pose;possible_biometric_feature_from_active_eye_context;functionality_possible_biometrics_hits_2","C:\realDesktop\manifest-evaluations\summer-26\ghidra-pipeline\il2cpp-files\cac\general-structure-results\90_plus_possible_eye_biometrics_near_certain\084b2158_UnityEngine.XR.ARSubsystems.XRFace$$get_rightEyePose.c"
"UnityEngine.XR.ARSubsystems.FaceSubsystemParams$$get_supportsEyeTracking","084b3594","75","70_high_framework_support_only_high","uncertain","framework_support_only","framework_namespace_with_project_hint","setup_only","eye_source;weak_source_state;validity_gate","strong_eye_source_hits_2;weak_xr_or_state_hits_2;validity_or_gating_hits_21;functionality_eye_api_context_without_clear_sink_hits_2","C:\realDesktop\manifest-evaluations\summer-26\ghidra-pipeline\il2cpp-files\cac\general-structure-results\70_high_framework_support_only_high\084b3594_UnityEngine.XR.ARSubsystems.FaceSubsystemParams$$get_supportsEyeTracking.c"
"UnityEngine.XR.ARSubsystems.XRFaceSubsystemDescriptor$$get_supportsEyeTracking","084b3808","75","70_high_framework_support_only_high","uncertain","framework_support_only","framework_namespace_with_project_hint","setup_only","eye_source;weak_source_state;validity_gate","strong_eye_source_hits_2;weak_xr_or_state_hits_2;validity_or_gating_hits_21;functionality_eye_api_context_without_clear_sink_hits_2","C:\realDesktop\manifest-evaluations\summer-26\ghidra-pipeline\il2cpp-files\cac\general-structure-results\70_high_framework_support_only_high\084b3808_UnityEngine.XR.ARSubsystems.XRFaceSubsystemDescriptor$$get_supportsEyeTracking.c"
"UnityEngine.XR.ARSubsystems.XRFaceSubsystemDescriptor.Cinfo$$get_supportsEyeTracking","084b3aa4","75","70_high_framework_support_only_high","uncertain","framework_support_only","framework_namespace_with_project_hint","setup_only","eye_source;weak_source_state;validity_gate","strong_eye_source_hits_2;weak_xr_or_state_hits_2;validity_or_gating_hits_21;functionality_eye_api_context_without_clear_sink_hits_2","C:\realDesktop\manifest-evaluations\summer-26\ghidra-pipeline\il2cpp-files\cac\general-structure-results\70_high_framework_support_only_high\084b3aa4_UnityEngine.XR.ARSubsystems.XRFaceSubsystemDescriptor.Cinfo$$get_supportsEyeTracking.c"
"FUN_0855f020","0855f020","89","70_high_general_structure_review_high","no","unrelated_or_generic_structure","app_or_custom_namespace","","validity_gate;ui_interaction;data_collection;telemetry","validity_or_gating_hits_21;ui_or_gameplay_sink_hits_2;strong_file_logging_hits_2;telemetry_or_network_hits_2;cap_below_near_certain_without_eye_anchor_or_ordered_structure","C:\realDesktop\manifest-evaluations\summer-26\ghidra-pipeline\il2cpp-files\cac\general-structure-results\70_high_general_structure_review_high\0855f020_FUN_0855f020.c"
"FUN_0855f068","0855f068","89","70_high_general_structure_review_high","no","unrelated_or_generic_structure","app_or_custom_namespace","","validity_gate;ui_interaction;data_collection;telemetry","validity_or_gating_hits_21;ui_or_gameplay_sink_hits_2;strong_file_logging_hits_2;telemetry_or_network_hits_2;cap_below_near_certain_without_eye_anchor_or_ordered_structure","C:\realDesktop\manifest-evaluations\summer-26\ghidra-pipeline\il2cpp-files\cac\general-structure-results\70_high_general_structure_review_high\0855f068_FUN_0855f068.c"
"FUN_0855f848","0855f848","89","70_high_general_structure_review_high","no","unrelated_or_generic_structure","app_or_custom_namespace","","validity_gate;ui_interaction;data_collection;telemetry","validity_or_gating_hits_21;ui_or_gameplay_sink_hits_2;strong_file_logging_hits_2;telemetry_or_network_hits_2;cap_below_near_certain_without_eye_anchor_or_ordered_structure","C:\realDesktop\manifest-evaluations\summer-26\ghidra-pipeline\il2cpp-files\cac\general-structure-results\70_high_general_structure_review_high\0855f848_FUN_0855f848.c"
"FUN_085c96c4","085c96c4","70","70_high_general_structure_review_high","no","unrelated_or_generic_structure","app_or_custom_namespace","","weak_source_state;validity_gate;telemetry","weak_xr_or_state_hits_3;validity_or_gating_hits_10;telemetry_or_network_hits_6","C:\realDesktop\manifest-evaluations\summer-26\ghidra-pipeline\il2cpp-files\cac\general-structure-results\70_high_general_structure_review_high\085c96c4_FUN_085c96c4.c"
"FUN_085c9ca0","085c9ca0","70","70_high_general_structure_review_high","no","unrelated_or_generic_structure","app_or_custom_namespace","","weak_source_state;validity_gate;telemetry","weak_xr_or_state_hits_6;validity_or_gating_hits_8;telemetry_or_network_hits_4","C:\realDesktop\manifest-evaluations\summer-26\ghidra-pipeline\il2cpp-files\cac\general-structure-results\70_high_general_structure_review_high\085c9ca0_FUN_085c9ca0.c"
"UnityEngine.XR.OpenXR.Features.Meta.MetaOpenXRSessionSubsystem$$TryRequestSceneCapture","085c9d9c","70","70_high_general_structure_review_high","no","unrelated_or_generic_structure","framework_namespace_with_project_hint","","weak_source_state;validity_gate;telemetry","weak_xr_or_state_hits_4;validity_or_gating_hits_6;telemetry_or_network_hits_4","C:\realDesktop\manifest-evaluations\summer-26\ghidra-pipeline\il2cpp-files\cac\general-structure-results\70_high_general_structure_review_high\085c9d9c_UnityEngine.XR.OpenXR.Features.Meta.MetaOpenXRSessionSubsystem$$TryRequestSceneCapture.c"
"UnityEngine.XR.OpenXR.Features.Meta.MetaOpenXRSessionSubsystem.MetaOpenXRProvider$$TryRequestSceneCapture","085c9e40","70","70_high_general_structure_review_high","no","unrelated_or_generic_structure","framework_namespace_with_project_hint","","weak_source_state;validity_gate;telemetry","weak_xr_or_state_hits_6;validity_or_gating_hits_6;telemetry_or_network_hits_4","C:\realDesktop\manifest-evaluations\summer-26\ghidra-pipeline\il2cpp-files\cac\general-structure-results\70_high_general_structure_review_high\085c9e40_UnityEngine.XR.OpenXR.Features.Meta.MetaOpenXRSessionSubsystem.MetaOpenXRProvider$$TryRequestSceneCapture.c"
"Unity.XR.Oculus.NativeMethods$$SetEyeTrackedFoveatedRenderingEnabled","085cc484","109","90_plus_framework_foveated_rendering_support_or_attempt_near_certain","uncertain","framework_foveated_rendering_support_or_attempt","framework_or_engine_namespace","foveated_rendering;attempted_eye_tracked_foveated_rendering","eye_source;weak_source_state;foveation_rendering;attempted_use;dynamic_foveation_possible","strong_eye_source_hits_4;weak_xr_or_state_hits_2;strong_foveation_hits_2;attempted_eye_tracking_permission_or_feature_enable;attempted_eye_tracking_with_foveated_rendering_path;negative_framework_support_context_without_confirmed_app_level_gaze_flow;framework_foveation_support_not_confirmed_dynamic_eye_tracking;functionality_foveated_rendering","C:\realDesktop\manifest-evaluations\summer-26\ghidra-pipeline\il2cpp-files\cac\general-structure-results\90_plus_framework_foveated_rendering_support_or_attempt_near_certain\085cc484_Unity.XR.Oculus.NativeMethods$$SetEyeTrackedFoveatedRenderingEnabled.c"
"Unity.XR.Oculus.Utils$$get_eyeTrackedFoveatedRenderingSupported","085cc83c","131","90_plus_framework_foveated_rendering_support_or_attempt_near_certain","uncertain","framework_foveated_rendering_support_or_attempt","framework_or_engine_namespace","foveated_rendering;attempted_eye_tracked_foveated_rendering","eye_source;weak_source_state;validity_gate;foveation_rendering;attempted_use;dynamic_foveation_possible","strong_eye_source_hits_4;weak_xr_or_state_hits_2;validity_or_gating_hits_5;strong_foveation_hits_2;attempted_eye_tracking_permission_or_feature_enable;attempted_eye_tracking_with_foveated_rendering_path;negative_framework_support_context_without_confirmed_app_level_gaze_flow;framework_foveation_support_not_confirmed_dynamic_eye_tracking;functionality_foveated_rendering","C:\realDesktop\manifest-evaluations\summer-26\ghidra-pipeline\il2cpp-files\cac\general-structure-results\90_plus_framework_foveated_rendering_support_or_attempt_near_certain\085cc83c_Unity.XR.Oculus.Utils$$get_eyeTrackedFoveatedRenderingSupported.c"
"Unity.XR.Oculus.NativeMethods$$GetEyeTrackedFoveatedRenderingSupported","085cc840","131","90_plus_framework_foveated_rendering_support_or_attempt_near_certain","uncertain","framework_foveated_rendering_support_or_attempt","framework_or_engine_namespace","foveated_rendering;attempted_eye_tracked_foveated_rendering","eye_source;weak_source_state;validity_gate;foveation_rendering;attempted_use;dynamic_foveation_possible","strong_eye_source_hits_4;weak_xr_or_state_hits_2;validity_or_gating_hits_5;strong_foveation_hits_2;attempted_eye_tracking_permission_or_feature_enable;attempted_eye_tracking_with_foveated_rendering_path;negative_framework_support_context_without_confirmed_app_level_gaze_flow;framework_foveation_support_not_confirmed_dynamic_eye_tracking;functionality_foveated_rendering","C:\realDesktop\manifest-evaluations\summer-26\ghidra-pipeline\il2cpp-files\cac\general-structure-results\90_plus_framework_foveated_rendering_support_or_attempt_near_certain\085cc840_Unity.XR.Oculus.NativeMethods$$GetEyeTrackedFoveatedRenderingSupported.c"
"Unity.XR.Oculus.Utils$$get_eyeTrackedFoveatedRenderingEnabled","085cc8a4","133","90_plus_framework_foveated_rendering_support_or_attempt_near_certain","uncertain","framework_foveated_rendering_support_or_attempt","framework_or_engine_namespace","foveated_rendering;attempted_eye_tracked_foveated_rendering","eye_source;weak_source_state;validity_gate;foveation_rendering;attempted_use;dynamic_foveation_possible","strong_eye_source_hits_4;weak_xr_or_state_hits_4;validity_or_gating_hits_4;strong_foveation_hits_2;attempted_eye_tracking_permission_or_feature_enable;attempted_eye_tracking_with_foveated_rendering_path;negative_framework_support_context_without_confirmed_app_level_gaze_flow;framework_foveation_support_not_confirmed_dynamic_eye_tracking;functionality_foveated_rendering","C:\realDesktop\manifest-evaluations\summer-26\ghidra-pipeline\il2cpp-files\cac\general-structure-results\90_plus_framework_foveated_rendering_support_or_attempt_near_certain\085cc8a4_Unity.XR.Oculus.Utils$$get_eyeTrackedFoveatedRenderingEnabled.c"
"Unity.XR.Oculus.NativeMethods$$GetEyeTrackedFoveatedRenderingEnabled","085cc8c4","130","90_plus_framework_foveated_rendering_support_or_attempt_near_certain","uncertain","framework_foveated_rendering_support_or_attempt","framework_or_engine_namespace","foveated_rendering;attempted_eye_tracked_foveated_rendering","eye_source;weak_source_state;validity_gate;foveation_rendering;attempted_use;dynamic_foveation_possible","strong_eye_source_hits_4;weak_xr_or_state_hits_4;validity_or_gating_hits_3;strong_foveation_hits_2;attempted_eye_tracking_permission_or_feature_enable;attempted_eye_tracking_with_foveated_rendering_path;negative_framework_support_context_without_confirmed_app_level_gaze_flow;framework_foveation_support_not_confirmed_dynamic_eye_tracking;functionality_foveated_rendering","C:\realDesktop\manifest-evaluations\summer-26\ghidra-pipeline\il2cpp-files\cac\general-structure-results\90_plus_framework_foveated_rendering_support_or_attempt_near_certain\085cc8c4_Unity.XR.Oculus.NativeMethods$$GetEyeTrackedFoveatedRenderingEnabled.c"
"Unity.XR.Oculus.Utils$$set_eyeTrackedFoveatedRenderingEnabled","085cc928","109","90_plus_framework_foveated_rendering_support_or_attempt_near_certain","uncertain","framework_foveated_rendering_support_or_attempt","framework_or_engine_namespace","foveated_rendering;attempted_eye_tracked_foveated_rendering","eye_source;weak_source_state;foveation_rendering;attempted_use;dynamic_foveation_possible","strong_eye_source_hits_4;weak_xr_or_state_hits_2;strong_foveation_hits_2;attempted_eye_tracking_permission_or_feature_enable;attempted_eye_tracking_with_foveated_rendering_path;negative_framework_support_context_without_confirmed_app_level_gaze_flow;framework_foveation_support_not_confirmed_dynamic_eye_tracking;functionality_foveated_rendering","C:\realDesktop\manifest-evaluations\summer-26\ghidra-pipeline\il2cpp-files\cac\general-structure-results\90_plus_framework_foveated_rendering_support_or_attempt_near_certain\085cc928_Unity.XR.Oculus.Utils$$set_eyeTrackedFoveatedRenderingEnabled.c"
"Unity.XR.Oculus.Utils$$SetFoveationLevel","085cca30","97","90_plus_framework_foveated_rendering_support_or_attempt_near_certain","uncertain","framework_foveated_rendering_support_or_attempt","framework_or_engine_namespace","foveated_rendering;attempted_eye_tracked_foveated_rendering","validity_gate;ui_interaction;foveation_rendering;frame_behavior;keyword_support;attempted_use;dynamic_foveation_possible","validity_or_gating_hits_15;ui_or_gameplay_sink_hits_4;strong_foveation_hits_2;frame_or_lifecycle_behavior;eye_or_gaze_keyword_boost_only;attempted_eye_tracking_permission_or_feature_enable;attempted_eye_tracking_with_foveated_rendering_path;negative_framework_support_context_without_confirmed_app_level_gaze_flow;framework_foveation_support_not_confirmed_dynamic_eye_tracking;functionality_foveated_rendering","C:\realDesktop\manifest-evaluations\summer-26\ghidra-pipeline\il2cpp-files\cac\general-structure-results\90_plus_framework_foveated_rendering_support_or_attempt_near_certain\085cca30_Unity.XR.Oculus.Utils$$SetFoveationLevel.c"
"Unity.XR.Oculus.Utils$$GetFoveationLevel","085ccb48","97","90_plus_framework_foveated_rendering_support_or_attempt_near_certain","uncertain","framework_foveated_rendering_support_or_attempt","framework_or_engine_namespace","foveated_rendering;attempted_eye_tracked_foveated_rendering","validity_gate;ui_interaction;foveation_rendering;frame_behavior;keyword_support;attempted_use;dynamic_foveation_possible","validity_or_gating_hits_14;ui_or_gameplay_sink_hits_4;strong_foveation_hits_2;frame_or_lifecycle_behavior;eye_or_gaze_keyword_boost_only;attempted_eye_tracking_permission_or_feature_enable;attempted_eye_tracking_with_foveated_rendering_path;negative_framework_support_context_without_confirmed_app_level_gaze_flow;framework_foveation_support_not_confirmed_dynamic_eye_tracking;functionality_foveated_rendering","C:\realDesktop\manifest-evaluations\summer-26\ghidra-pipeline\il2cpp-files\cac\general-structure-results\90_plus_framework_foveated_rendering_support_or_attempt_near_certain\085ccb48_Unity.XR.Oculus.Utils$$GetFoveationLevel.c"
"Unity.XR.Oculus.NativeMethods.Internal$$GetEyeTrackedFoveatedRenderingSupported","085d0bc8","131","90_plus_framework_foveated_rendering_support_or_attempt_near_certain","uncertain","framework_foveated_rendering_support_or_attempt","framework_or_engine_namespace","foveated_rendering;attempted_eye_tracked_foveated_rendering","eye_source;weak_source_state;validity_gate;foveation_rendering;attempted_use;dynamic_foveation_possible","strong_eye_source_hits_4;weak_xr_or_state_hits_2;validity_or_gating_hits_12;strong_foveation_hits_2;attempted_eye_tracking_permission_or_feature_enable;attempted_eye_tracking_with_foveated_rendering_path;negative_framework_support_context_without_confirmed_app_level_gaze_flow;framework_foveation_support_not_confirmed_dynamic_eye_tracking;functionality_foveated_rendering","C:\realDesktop\manifest-evaluations\summer-26\ghidra-pipeline\il2cpp-files\cac\general-structure-results\90_plus_framework_foveated_rendering_support_or_attempt_near_certain\085d0bc8_Unity.XR.Oculus.NativeMethods.Internal$$GetEyeTrackedFoveatedRenderingSupported.c"
"Unity.XR.Oculus.NativeMethods.Internal$$GetEyeTrackedFoveatedRenderingEnabled","085d0c34","133","90_plus_framework_foveated_rendering_support_or_attempt_near_certain","uncertain","framework_foveated_rendering_support_or_attempt","framework_or_engine_namespace","foveated_rendering;attempted_eye_tracked_foveated_rendering","eye_source;weak_source_state;validity_gate;foveation_rendering;attempted_use;dynamic_foveation_possible","strong_eye_source_hits_4;weak_xr_or_state_hits_4;validity_or_gating_hits_11;strong_foveation_hits_2;attempted_eye_tracking_permission_or_feature_enable;attempted_eye_tracking_with_foveated_rendering_path;negative_framework_support_context_without_confirmed_app_level_gaze_flow;framework_foveation_support_not_confirmed_dynamic_eye_tracking;functionality_foveated_rendering","C:\realDesktop\manifest-evaluations\summer-26\ghidra-pipeline\il2cpp-files\cac\general-structure-results\90_plus_framework_foveated_rendering_support_or_attempt_near_certain\085d0c34_Unity.XR.Oculus.NativeMethods.Internal$$GetEyeTrackedFoveatedRenderingEnabled.c"
"Unity.XR.Oculus.NativeMethods.Internal$$SetEyeTrackedFoveatedRenderingEnabled","085d0ca0","131","90_plus_framework_foveated_rendering_support_or_attempt_near_certain","uncertain","framework_foveated_rendering_support_or_attempt","framework_or_engine_namespace","foveated_rendering;attempted_eye_tracked_foveated_rendering","eye_source;weak_source_state;validity_gate;foveation_rendering;attempted_use;dynamic_foveation_possible","strong_eye_source_hits_4;weak_xr_or_state_hits_2;validity_or_gating_hits_8;strong_foveation_hits_2;attempted_eye_tracking_permission_or_feature_enable;attempted_eye_tracking_with_foveated_rendering_path;negative_framework_support_context_without_confirmed_app_level_gaze_flow;framework_foveation_support_not_confirmed_dynamic_eye_tracking;functionality_foveated_rendering","C:\realDesktop\manifest-evaluations\summer-26\ghidra-pipeline\il2cpp-files\cac\general-structure-results\90_plus_framework_foveated_rendering_support_or_attempt_near_certain\085d0ca0_Unity.XR.Oculus.NativeMethods.Internal$$SetEyeTrackedFoveatedRenderingEnabled.c"
"Unity.XR.Oculus.Input.OculusHMD$$get_leftEyePosition","085d257c","137","90_plus_possible_eye_biometrics_near_certain","yes","possible_eye_biometrics","framework_or_engine_namespace","possible_biometrics","eye_source;validity_gate;pose_vector;active_gaze_retrieval;possible_biometrics","strong_eye_source_hits_2;validity_or_gating_hits_3;strong_pose_or_ray_construction_hits_2;active_gaze_state_retrieval_with_validity_and_pose;possible_biometric_feature_from_active_eye_context;functionality_possible_biometrics_hits_2","C:\realDesktop\manifest-evaluations\summer-26\ghidra-pipeline\il2cpp-files\cac\general-structure-results\90_plus_possible_eye_biometrics_near_certain\085d257c_Unity.XR.Oculus.Input.OculusHMD$$get_leftEyePosition.c"
"Unity.XR.Oculus.Input.OculusHMD$$set_leftEyePosition","085d2584","137","90_plus_possible_eye_biometrics_near_certain","yes","possible_eye_biometrics","framework_or_engine_namespace","possible_biometrics","eye_source;validity_gate;pose_vector;active_gaze_retrieval;possible_biometrics","strong_eye_source_hits_2;validity_or_gating_hits_3;strong_pose_or_ray_construction_hits_2;active_gaze_state_retrieval_with_validity_and_pose;possible_biometric_feature_from_active_eye_context;functionality_possible_biometrics_hits_2","C:\realDesktop\manifest-evaluations\summer-26\ghidra-pipeline\il2cpp-files\cac\general-structure-results\90_plus_possible_eye_biometrics_near_certain\085d2584_Unity.XR.Oculus.Input.OculusHMD$$set_leftEyePosition.c"
"Unity.XR.Oculus.Input.OculusHMD$$get_leftEyeRotation","085d2594","134","90_plus_possible_eye_biometrics_near_certain","yes","possible_eye_biometrics","framework_or_engine_namespace","possible_biometrics","eye_source;validity_gate;pose_vector;active_gaze_retrieval;possible_biometrics","strong_eye_source_hits_2;validity_or_gating_hits_2;strong_pose_or_ray_construction_hits_2;active_gaze_state_retrieval_with_validity_and_pose;possible_biometric_feature_from_active_eye_context;functionality_possible_biometrics_hits_2","C:\realDesktop\manifest-evaluations\summer-26\ghidra-pipeline\il2cpp-files\cac\general-structure-results\90_plus_possible_eye_biometrics_near_certain\085d2594_Unity.XR.Oculus.Input.OculusHMD$$get_leftEyeRotation.c"
"Unity.XR.Oculus.Input.OculusHMD$$set_leftEyeRotation","085d259c","134","90_plus_possible_eye_biometrics_near_certain","yes","possible_eye_biometrics","framework_or_engine_namespace","possible_biometrics","eye_source;validity_gate;pose_vector;active_gaze_retrieval;possible_biometrics","strong_eye_source_hits_2;validity_or_gating_hits_2;strong_pose_or_ray_construction_hits_2;active_gaze_state_retrieval_with_validity_and_pose;possible_biometric_feature_from_active_eye_context;functionality_possible_biometrics_hits_2","C:\realDesktop\manifest-evaluations\summer-26\ghidra-pipeline\il2cpp-files\cac\general-structure-results\90_plus_possible_eye_biometrics_near_certain\085d259c_Unity.XR.Oculus.Input.OculusHMD$$set_leftEyeRotation.c"
"Unity.XR.Oculus.Input.OculusHMD$$get_rightEyePosition","085d25f4","131","90_plus_possible_eye_biometrics_near_certain","yes","possible_eye_biometrics","framework_or_engine_namespace","possible_biometrics","eye_source;validity_gate;pose_vector;active_gaze_retrieval;possible_biometrics","strong_eye_source_hits_2;validity_or_gating_hits_1;strong_pose_or_ray_construction_hits_2;active_gaze_state_retrieval_with_validity_and_pose;possible_biometric_feature_from_active_eye_context;functionality_possible_biometrics_hits_2","C:\realDesktop\manifest-evaluations\summer-26\ghidra-pipeline\il2cpp-files\cac\general-structure-results\90_plus_possible_eye_biometrics_near_certain\085d25f4_Unity.XR.Oculus.Input.OculusHMD$$get_rightEyePosition.c"
"Unity.XR.Oculus.Input.OculusHMD$$set_rightEyePosition","085d25fc","131","90_plus_possible_eye_biometrics_near_certain","yes","possible_eye_biometrics","framework_or_engine_namespace","possible_biometrics","eye_source;validity_gate;pose_vector;active_gaze_retrieval;possible_biometrics","strong_eye_source_hits_2;validity_or_gating_hits_1;strong_pose_or_ray_construction_hits_2;active_gaze_state_retrieval_with_validity_and_pose;possible_biometric_feature_from_active_eye_context;functionality_possible_biometrics_hits_2","C:\realDesktop\manifest-evaluations\summer-26\ghidra-pipeline\il2cpp-files\cac\general-structure-results\90_plus_possible_eye_biometrics_near_certain\085d25fc_Unity.XR.Oculus.Input.OculusHMD$$set_rightEyePosition.c"
"Unity.XR.Oculus.Input.OculusHMD$$get_rightEyeRotation","085d260c","131","90_plus_possible_eye_biometrics_near_certain","yes","possible_eye_biometrics","framework_or_engine_namespace","possible_biometrics","eye_source;validity_gate;pose_vector;active_gaze_retrieval;possible_biometrics","strong_eye_source_hits_2;validity_or_gating_hits_1;strong_pose_or_ray_construction_hits_2;active_gaze_state_retrieval_with_validity_and_pose;possible_biometric_feature_from_active_eye_context;functionality_possible_biometrics_hits_2","C:\realDesktop\manifest-evaluations\summer-26\ghidra-pipeline\il2cpp-files\cac\general-structure-results\90_plus_possible_eye_biometrics_near_certain\085d260c_Unity.XR.Oculus.Input.OculusHMD$$get_rightEyeRotation.c"
"Unity.XR.Oculus.Input.OculusHMD$$set_rightEyeRotation","085d2614","131","90_plus_possible_eye_biometrics_near_certain","yes","possible_eye_biometrics","framework_or_engine_namespace","possible_biometrics","eye_source;validity_gate;pose_vector;active_gaze_retrieval;possible_biometrics","strong_eye_source_hits_2;validity_or_gating_hits_1;strong_pose_or_ray_construction_hits_2;active_gaze_state_retrieval_with_validity_and_pose;possible_biometric_feature_from_active_eye_context;functionality_possible_biometrics_hits_2","C:\realDesktop\manifest-evaluations\summer-26\ghidra-pipeline\il2cpp-files\cac\general-structure-results\90_plus_possible_eye_biometrics_near_certain\085d2614_Unity.XR.Oculus.Input.OculusHMD$$set_rightEyeRotation.c"
"UnityEngine.XR.OpenXR.OpenXRSettings$$Internal_SetHasEyeTrackingPermissions","085d42e0","71","70_high_framework_eye_tracking_support_or_permission_path_high","uncertain","framework_eye_tracking_support_or_permission_path","framework_or_engine_namespace","permission_setup;attempted_eye_tracking_use","eye_source;weak_source_state;validity_gate;attempted_use","strong_eye_source_hits_2;weak_xr_or_state_hits_6;validity_or_gating_hits_12;attempted_eye_tracking_permission_or_feature_enable;negative_framework_support_context_without_confirmed_app_level_gaze_flow;functionality_permission_setup","C:\realDesktop\manifest-evaluations\summer-26\ghidra-pipeline\il2cpp-files\cac\general-structure-results\70_high_framework_eye_tracking_support_or_permission_path_high\085d42e0_UnityEngine.XR.OpenXR.OpenXRSettings$$Internal_SetHasEyeTrackingPermissions.c"
"UnityEngine.XR.OpenXR.Features.Interactions.EyeGazeInteraction$$OnInstanceCreate","085e7c20","80","70_high_attempted_eye_tracking_permission_or_feature_high","yes","eye_tracking_attempted_permission_or_feature","framework_namespace_with_project_hint","gaze_retrieval;attempted_eye_tracking_use","eye_source;weak_source_state;validity_gate;attempted_use","strong_eye_source_hits_2;weak_xr_or_state_hits_2;validity_or_gating_hits_1;attempted_eye_tracking_permission_or_feature_enable;functionality_gaze_retrieval_or_extraction","C:\realDesktop\manifest-evaluations\summer-26\ghidra-pipeline\il2cpp-files\cac\general-structure-results\70_high_attempted_eye_tracking_permission_or_feature_high\085e7c20_UnityEngine.XR.OpenXR.Features.Interactions.EyeGazeInteraction$$OnInstanceCreate.c"
"UnityEngine.XR.OpenXR.Features.Interactions.EyeGazeInteraction$$RegisterDeviceLayout","085e7c88","89","70_high_attempted_eye_tracking_permission_or_feature_high","yes","eye_tracking_attempted_permission_or_feature","framework_namespace_with_project_hint","gaze_retrieval;attempted_eye_tracking_use","eye_source;weak_source_state;validity_gate;attempted_use","strong_eye_source_hits_2;weak_xr_or_state_hits_2;validity_or_gating_hits_13;attempted_eye_tracking_permission_or_feature_enable;functionality_gaze_retrieval_or_extraction","C:\realDesktop\manifest-evaluations\summer-26\ghidra-pipeline\il2cpp-files\cac\general-structure-results\70_high_attempted_eye_tracking_permission_or_feature_high\085e7c88_UnityEngine.XR.OpenXR.Features.Interactions.EyeGazeInteraction$$RegisterDeviceLayout.c"
"UnityEngine.XR.OpenXR.Features.Interactions.EyeGazeInteraction$$UnregisterDeviceLayout","085e7dfc","89","70_high_attempted_eye_tracking_permission_or_feature_high","yes","eye_tracking_attempted_permission_or_feature","framework_namespace_with_project_hint","gaze_retrieval;attempted_eye_tracking_use","eye_source;weak_source_state;validity_gate;attempted_use","strong_eye_source_hits_2;weak_xr_or_state_hits_2;validity_or_gating_hits_12;attempted_eye_tracking_permission_or_feature_enable;functionality_gaze_retrieval_or_extraction","C:\realDesktop\manifest-evaluations\summer-26\ghidra-pipeline\il2cpp-files\cac\general-structure-results\70_high_attempted_eye_tracking_permission_or_feature_high\085e7dfc_UnityEngine.XR.OpenXR.Features.Interactions.EyeGazeInteraction$$UnregisterDeviceLayout.c"
"UnityEngine.XR.OpenXR.Features.Interactions.EyeGazeInteraction$$GetInteractionProfileType","085e7e64","89","70_high_attempted_eye_tracking_permission_or_feature_high","yes","eye_tracking_attempted_permission_or_feature","framework_namespace_with_project_hint","gaze_retrieval;attempted_eye_tracking_use","eye_source;weak_source_state;validity_gate;attempted_use","strong_eye_source_hits_2;weak_xr_or_state_hits_2;validity_or_gating_hits_9;attempted_eye_tracking_permission_or_feature_enable;functionality_gaze_retrieval_or_extraction","C:\realDesktop\manifest-evaluations\summer-26\ghidra-pipeline\il2cpp-files\cac\general-structure-results\70_high_attempted_eye_tracking_permission_or_feature_high\085e7e64_UnityEngine.XR.OpenXR.Features.Interactions.EyeGazeInteraction$$GetInteractionProfileType.c"
"FUN_085e83f4","085e83f4","83","70_high_attempted_eye_tracking_permission_or_feature_high","yes","eye_tracking_attempted_permission_or_feature","app_or_custom_namespace","gaze_retrieval;attempted_eye_tracking_use","eye_source;weak_source_state;validity_gate;attempted_use","strong_eye_source_hits_2;weak_xr_or_state_hits_2;validity_or_gating_hits_2;attempted_eye_tracking_permission_or_feature_enable;functionality_gaze_retrieval_or_extraction","C:\realDesktop\manifest-evaluations\summer-26\ghidra-pipeline\il2cpp-files\cac\general-structure-results\70_high_attempted_eye_tracking_permission_or_feature_high\085e83f4_FUN_085e83f4.c"
"UnityEngine.XR.OpenXR.Features.Interactions.EyeGazeInteraction$$.ctor","085e851c","80","70_high_attempted_eye_tracking_permission_or_feature_high","yes","eye_tracking_attempted_permission_or_feature","framework_namespace_with_project_hint","gaze_retrieval;attempted_eye_tracking_use","eye_source;weak_source_state;validity_gate;attempted_use","strong_eye_source_hits_2;weak_xr_or_state_hits_2;validity_or_gating_hits_1;attempted_eye_tracking_permission_or_feature_enable;functionality_gaze_retrieval_or_extraction","C:\realDesktop\manifest-evaluations\summer-26\ghidra-pipeline\il2cpp-files\cac\general-structure-results\70_high_attempted_eye_tracking_permission_or_feature_high\085e851c_UnityEngine.XR.OpenXR.Features.Interactions.EyeGazeInteraction$$.ctor.c"
"UnityEngine.XR.OpenXR.Features.Interactions.EyeGazeInteraction.EyeGazeDevice$$get_pose","085e8574","114","90_plus_attempted_eye_tracking_permission_or_feature_near_certain","yes","eye_tracking_attempted_permission_or_feature","framework_namespace_with_project_hint","gaze_retrieval;attempted_eye_tracking_use","eye_source;weak_source_state;validity_gate;pose_vector;attempted_use","strong_eye_source_hits_4;weak_xr_or_state_hits_4;validity_or_gating_hits_1;strong_pose_or_ray_construction_hits_2;attempted_eye_tracking_permission_or_feature_enable;functionality_gaze_retrieval_or_extraction","C:\realDesktop\manifest-evaluations\summer-26\ghidra-pipeline\il2cpp-files\cac\general-structure-results\90_plus_attempted_eye_tracking_permission_or_feature_near_certain\085e8574_UnityEngine.XR.OpenXR.Features.Interactions.EyeGazeInteraction.EyeGazeDevice$$get_pose.c"
"UnityEngine.XR.OpenXR.Features.Interactions.EyeGazeInteraction.EyeGazeDevice$$set_pose","085e857c","112","90_plus_attempted_eye_tracking_permission_or_feature_near_certain","yes","eye_tracking_attempted_permission_or_feature","framework_namespace_with_project_hint","gaze_retrieval;attempted_eye_tracking_use","eye_source;weak_source_state;validity_gate;pose_vector;attempted_use","strong_eye_source_hits_4;weak_xr_or_state_hits_2;validity_or_gating_hits_1;strong_pose_or_ray_construction_hits_2;attempted_eye_tracking_permission_or_feature_enable;functionality_gaze_retrieval_or_extraction","C:\realDesktop\manifest-evaluations\summer-26\ghidra-pipeline\il2cpp-files\cac\general-structure-results\90_plus_attempted_eye_tracking_permission_or_feature_near_certain\085e857c_UnityEngine.XR.OpenXR.Features.Interactions.EyeGazeInteraction.EyeGazeDevice$$set_pose.c"
"UnityEngine.XR.OpenXR.Features.Interactions.EyeGazeInteraction.EyeGazeDevice$$FinishSetup","085e858c","92","90_plus_attempted_eye_tracking_permission_or_feature_near_certain","yes","eye_tracking_attempted_permission_or_feature","framework_namespace_with_project_hint","gaze_retrieval;attempted_eye_tracking_use","eye_source;weak_source_state;validity_gate;attempted_use","strong_eye_source_hits_4;weak_xr_or_state_hits_2;validity_or_gating_hits_1;attempted_eye_tracking_permission_or_feature_enable;functionality_gaze_retrieval_or_extraction","C:\realDesktop\manifest-evaluations\summer-26\ghidra-pipeline\il2cpp-files\cac\general-structure-results\90_plus_attempted_eye_tracking_permission_or_feature_near_certain\085e858c_UnityEngine.XR.OpenXR.Features.Interactions.EyeGazeInteraction.EyeGazeDevice$$FinishSetup.c"
"UnityEngine.XR.OpenXR.Features.Interactions.EyeGazeInteraction.EyeGazeDevice$$.ctor","085e860c","101","90_plus_attempted_eye_tracking_permission_or_feature_near_certain","yes","eye_tracking_attempted_permission_or_feature","framework_namespace_with_project_hint","gaze_retrieval;attempted_eye_tracking_use","eye_source;weak_source_state;validity_gate;attempted_use","strong_eye_source_hits_4;weak_xr_or_state_hits_2;validity_or_gating_hits_7;attempted_eye_tracking_permission_or_feature_enable;functionality_gaze_retrieval_or_extraction","C:\realDesktop\manifest-evaluations\summer-26\ghidra-pipeline\il2cpp-files\cac\general-structure-results\90_plus_attempted_eye_tracking_permission_or_feature_near_certain\085e860c_UnityEngine.XR.OpenXR.Features.Interactions.EyeGazeInteraction.EyeGazeDevice$$.ctor.c"
"FoveationFeature$$SessionCreate","085fa3e4","88","70_high_uncertain_foveated_rendering_high","uncertain","eye_tracking_capability_present","app_or_custom_namespace","foveated_rendering","validity_gate;telemetry;foveation_rendering;keyword_support","validity_or_gating_hits_2;telemetry_or_network_hits_2;strong_foveation_hits_2;eye_or_gaze_keyword_boost_only;functionality_foveated_rendering","C:\realDesktop\manifest-evaluations\summer-26\ghidra-pipeline\il2cpp-files\cac\general-structure-results\70_high_uncertain_foveated_rendering_high\085fa3e4_FoveationFeature$$SessionCreate.c"
"FoveationFeature$$setFoveationEyeTracked","085fa494","138","90_plus_attempted_dynamic_eye_tracked_foveation_near_certain","yes","attempted_or_possible_dynamic_eye_tracked_foveation","app_or_custom_namespace","foveated_rendering;attempted_eye_tracked_foveated_rendering","eye_source;validity_gate;foveation_rendering;attempted_use;dynamic_foveation_possible","strong_eye_source_hits_4;validity_or_gating_hits_1;strong_foveation_hits_4;attempted_eye_tracking_permission_or_feature_enable;attempted_eye_tracking_with_foveated_rendering_path;functionality_foveated_rendering","C:\realDesktop\manifest-evaluations\summer-26\ghidra-pipeline\il2cpp-files\cac\general-structure-results\90_plus_attempted_dynamic_eye_tracked_foveation_near_certain\085fa494_FoveationFeature$$setFoveationEyeTracked.c"
"FoveationFeature$$get_supportsFoveationEyeTracked","085faa3c","125","90_plus_attempted_dynamic_eye_tracked_foveation_near_certain","yes","attempted_or_possible_dynamic_eye_tracked_foveation","app_or_custom_namespace","foveated_rendering;attempted_eye_tracked_foveated_rendering","eye_source;foveation_rendering;attempted_use;dynamic_foveation_possible","strong_eye_source_hits_4;strong_foveation_hits_4;attempted_eye_tracking_permission_or_feature_enable;attempted_eye_tracking_with_foveated_rendering_path;functionality_foveated_rendering","C:\realDesktop\manifest-evaluations\summer-26\ghidra-pipeline\il2cpp-files\cac\general-structure-results\90_plus_attempted_dynamic_eye_tracked_foveation_near_certain\085faa3c_FoveationFeature$$get_supportsFoveationEyeTracked.c"
"FoveationFeature$$isSupportsFoveationEyeTracked","085faad8","125","90_plus_attempted_dynamic_eye_tracked_foveation_near_certain","yes","attempted_or_possible_dynamic_eye_tracked_foveation","app_or_custom_namespace","foveated_rendering;attempted_eye_tracked_foveated_rendering","eye_source;foveation_rendering;attempted_use;dynamic_foveation_possible","strong_eye_source_hits_4;strong_foveation_hits_4;attempted_eye_tracking_permission_or_feature_enable;attempted_eye_tracking_with_foveated_rendering_path;functionality_foveated_rendering","C:\realDesktop\manifest-evaluations\summer-26\ghidra-pipeline\il2cpp-files\cac\general-structure-results\90_plus_attempted_dynamic_eye_tracked_foveation_near_certain\085faad8_FoveationFeature$$isSupportsFoveationEyeTracked.c"
"PXR_PermissionRequest$$RequestUserPermissionAll","085fad20","70","70_high_general_structure_review_high","no","unrelated_or_generic_structure","app_or_custom_namespace","","weak_source_state;validity_gate;telemetry","weak_xr_or_state_hits_4;validity_or_gating_hits_4;telemetry_or_network_hits_4","C:\realDesktop\manifest-evaluations\summer-26\ghidra-pipeline\il2cpp-files\cac\general-structure-results\70_high_general_structure_review_high\085fad20_PXR_PermissionRequest$$RequestUserPermissionAll.c"
"PXR_PermissionRequest$$RequestUserPermissionMR","085fb0c8","70","70_high_general_structure_review_high","no","unrelated_or_generic_structure","app_or_custom_namespace","","weak_source_state;validity_gate;telemetry","weak_xr_or_state_hits_4;validity_or_gating_hits_4;telemetry_or_network_hits_4","C:\realDesktop\manifest-evaluations\summer-26\ghidra-pipeline\il2cpp-files\cac\general-structure-results\70_high_general_structure_review_high\085fb0c8_PXR_PermissionRequest$$RequestUserPermissionMR.c"
"PXR_PermissionRequest$$RequestUserPermissionMR","085fb1c8","76","70_high_general_structure_review_high","no","unrelated_or_generic_structure","app_or_custom_namespace","","weak_source_state;validity_gate;telemetry;frame_behavior","weak_xr_or_state_hits_4;validity_or_gating_hits_4;telemetry_or_network_hits_4;frame_or_lifecycle_behavior","C:\realDesktop\manifest-evaluations\summer-26\ghidra-pipeline\il2cpp-files\cac\general-structure-results\70_high_general_structure_review_high\085fb1c8_PXR_PermissionRequest$$RequestUserPermissionMR.c"
"FUN_086d0bc8","086d0bc8","110","90_plus_attempted_dynamic_eye_tracked_foveation_near_certain","yes","attempted_or_possible_dynamic_eye_tracked_foveation","app_or_custom_namespace","foveated_rendering;attempted_eye_tracked_foveated_rendering","eye_source;weak_source_state;foveation_rendering;attempted_use;dynamic_foveation_possible","strong_eye_source_hits_2;weak_xr_or_state_hits_1;strong_foveation_hits_1;attempted_eye_tracking_permission_or_feature_enable;attempted_eye_tracking_with_foveated_rendering_path;functionality_foveated_rendering","C:\realDesktop\manifest-evaluations\summer-26\ghidra-pipeline\il2cpp-files\cac\general-structure-results\90_plus_attempted_dynamic_eye_tracked_foveation_near_certain\086d0bc8_FUN_086d0bc8.c"
"FUN_086d0c34","086d0c34","112","90_plus_attempted_dynamic_eye_tracked_foveation_near_certain","yes","attempted_or_possible_dynamic_eye_tracked_foveation","app_or_custom_namespace","foveated_rendering;attempted_eye_tracked_foveated_rendering","eye_source;weak_source_state;foveation_rendering;attempted_use;dynamic_foveation_possible","strong_eye_source_hits_2;weak_xr_or_state_hits_2;strong_foveation_hits_1;attempted_eye_tracking_permission_or_feature_enable;attempted_eye_tracking_with_foveated_rendering_path;functionality_foveated_rendering","C:\realDesktop\manifest-evaluations\summer-26\ghidra-pipeline\il2cpp-files\cac\general-structure-results\90_plus_attempted_dynamic_eye_tracked_foveation_near_certain\086d0c34_FUN_086d0c34.c"
"FUN_086d0ca0","086d0ca0","110","90_plus_attempted_dynamic_eye_tracked_foveation_near_certain","yes","attempted_or_possible_dynamic_eye_tracked_foveation","app_or_custom_namespace","foveated_rendering;attempted_eye_tracked_foveated_rendering","eye_source;weak_source_state;foveation_rendering;attempted_use;dynamic_foveation_possible","strong_eye_source_hits_2;weak_xr_or_state_hits_1;strong_foveation_hits_1;attempted_eye_tracking_permission_or_feature_enable;attempted_eye_tracking_with_foveated_rendering_path;functionality_foveated_rendering","C:\realDesktop\manifest-evaluations\summer-26\ghidra-pipeline\il2cpp-files\cac\general-structure-results\90_plus_attempted_dynamic_eye_tracked_foveation_near_certain\086d0ca0_FUN_086d0ca0.c"
"FUN_086d42e0","086d42e0","125","90_plus_attempted_dynamic_eye_tracked_foveation_near_certain","yes","attempted_or_possible_dynamic_eye_tracked_foveation","app_or_custom_namespace","permission_setup;foveated_rendering;attempted_eye_tracked_foveated_rendering","eye_source;weak_source_state;validity_gate;foveation_rendering;attempted_use;dynamic_foveation_possible","strong_eye_source_hits_2;weak_xr_or_state_hits_2;validity_or_gating_hits_1;strong_foveation_hits_1;attempted_eye_tracking_permission_or_feature_enable;attempted_eye_tracking_with_foveated_rendering_path;functionality_permission_setup;functionality_foveated_rendering","C:\realDesktop\manifest-evaluations\summer-26\ghidra-pipeline\il2cpp-files\cac\general-structure-results\90_plus_attempted_dynamic_eye_tracked_foveation_near_certain\086d42e0_FUN_086d42e0.c"
"FUN_086d5b1c","086d5b1c","104","90_plus_attempted_dynamic_eye_tracked_foveation_near_certain","yes","attempted_or_possible_dynamic_eye_tracked_foveation","app_or_custom_namespace","foveated_rendering;attempted_eye_tracked_foveated_rendering","eye_source;weak_source_state;foveation_rendering;attempted_use;dynamic_foveation_possible","strong_eye_source_hits_1;weak_xr_or_state_hits_1;strong_foveation_hits_1;attempted_eye_tracking_permission_or_feature_enable;attempted_eye_tracking_with_foveated_rendering_path;functionality_foveated_rendering","C:\realDesktop\manifest-evaluations\summer-26\ghidra-pipeline\il2cpp-files\cac\general-structure-results\90_plus_attempted_dynamic_eye_tracked_foveation_near_certain\086d5b1c_FUN_086d5b1c.c"
"FUN_086d6014","086d6014","104","90_plus_attempted_dynamic_eye_tracked_foveation_near_certain","yes","attempted_or_possible_dynamic_eye_tracked_foveation","app_or_custom_namespace","foveated_rendering;attempted_eye_tracked_foveated_rendering","eye_source;weak_source_state;foveation_rendering;attempted_use;dynamic_foveation_possible","strong_eye_source_hits_1;weak_xr_or_state_hits_1;strong_foveation_hits_1;attempted_eye_tracking_permission_or_feature_enable;attempted_eye_tracking_with_foveated_rendering_path;functionality_foveated_rendering","C:\realDesktop\manifest-evaluations\summer-26\ghidra-pipeline\il2cpp-files\cac\general-structure-results\90_plus_attempted_dynamic_eye_tracked_foveation_near_certain\086d6014_FUN_086d6014.c"
"FUN_086fa494","086fa494","116","90_plus_attempted_dynamic_eye_tracked_foveation_near_certain","yes","attempted_or_possible_dynamic_eye_tracked_foveation","app_or_custom_namespace","foveated_rendering;attempted_eye_tracked_foveated_rendering","eye_source;weak_source_state;foveation_rendering;attempted_use;dynamic_foveation_possible","strong_eye_source_hits_3;weak_xr_or_state_hits_1;strong_foveation_hits_1;attempted_eye_tracking_permission_or_feature_enable;attempted_eye_tracking_with_foveated_rendering_path;functionality_foveated_rendering","C:\realDesktop\manifest-evaluations\summer-26\ghidra-pipeline\il2cpp-files\cac\general-structure-results\90_plus_attempted_dynamic_eye_tracked_foveation_near_certain\086fa494_FUN_086fa494.c"
"FUN_086fa7c0","086fa7c0","74","70_high_attempted_dynamic_eye_tracked_foveation_high","yes","attempted_or_possible_dynamic_eye_tracked_foveation","app_or_custom_namespace","foveated_rendering;attempted_eye_tracked_foveated_rendering","weak_source_state;foveation_rendering;keyword_support;attempted_use;dynamic_foveation_possible","weak_xr_or_state_hits_1;strong_foveation_hits_1;eye_or_gaze_keyword_boost_only;attempted_eye_tracking_permission_or_feature_enable;attempted_eye_tracking_with_foveated_rendering_path;functionality_foveated_rendering","C:\realDesktop\manifest-evaluations\summer-26\ghidra-pipeline\il2cpp-files\cac\general-structure-results\70_high_attempted_dynamic_eye_tracked_foveation_high\086fa7c0_FUN_086fa7c0.c"
"FUN_086fa83c","086fa83c","74","70_high_attempted_dynamic_eye_tracked_foveation_high","yes","attempted_or_possible_dynamic_eye_tracked_foveation","app_or_custom_namespace","foveated_rendering;attempted_eye_tracked_foveated_rendering","weak_source_state;foveation_rendering;keyword_support;attempted_use;dynamic_foveation_possible","weak_xr_or_state_hits_1;strong_foveation_hits_1;eye_or_gaze_keyword_boost_only;attempted_eye_tracking_permission_or_feature_enable;attempted_eye_tracking_with_foveated_rendering_path;functionality_foveated_rendering","C:\realDesktop\manifest-evaluations\summer-26\ghidra-pipeline\il2cpp-files\cac\general-structure-results\70_high_attempted_dynamic_eye_tracked_foveation_high\086fa83c_FUN_086fa83c.c"
"FUN_086faad8","086faad8","116","90_plus_attempted_dynamic_eye_tracked_foveation_near_certain","yes","attempted_or_possible_dynamic_eye_tracked_foveation","app_or_custom_namespace","foveated_rendering;attempted_eye_tracked_foveated_rendering","eye_source;weak_source_state;foveation_rendering;attempted_use;dynamic_foveation_possible","strong_eye_source_hits_3;weak_xr_or_state_hits_1;strong_foveation_hits_1;attempted_eye_tracking_permission_or_feature_enable;attempted_eye_tracking_with_foveated_rendering_path;functionality_foveated_rendering","C:\realDesktop\manifest-evaluations\summer-26\ghidra-pipeline\il2cpp-files\cac\general-structure-results\90_plus_attempted_dynamic_eye_tracked_foveation_near_certain\086faad8_FUN_086faad8.c"
"FUN_086fab5c","086fab5c","74","70_high_attempted_dynamic_eye_tracked_foveation_high","yes","attempted_or_possible_dynamic_eye_tracked_foveation","app_or_custom_namespace","foveated_rendering;attempted_eye_tracked_foveated_rendering","weak_source_state;foveation_rendering;keyword_support;attempted_use;dynamic_foveation_possible","weak_xr_or_state_hits_1;strong_foveation_hits_1;eye_or_gaze_keyword_boost_only;attempted_eye_tracking_permission_or_feature_enable;attempted_eye_tracking_with_foveated_rendering_path;functionality_foveated_rendering","C:\realDesktop\manifest-evaluations\summer-26\ghidra-pipeline\il2cpp-files\cac\general-structure-results\70_high_attempted_dynamic_eye_tracked_foveation_high\086fab5c_FUN_086fab5c.c"
"UnityEngine.Rendering.CommandBuffer$$ConfigureFoveatedRendering","0872739c","74","70_high_framework_foveated_rendering_support_or_attempt_high","uncertain","framework_foveated_rendering_support_or_attempt","framework_or_engine_namespace","foveated_rendering;attempted_eye_tracked_foveated_rendering","validity_gate;foveation_rendering;keyword_support;attempted_use;dynamic_foveation_possible","validity_or_gating_hits_4;strong_foveation_hits_2;eye_or_gaze_keyword_boost_only;attempted_eye_tracking_permission_or_feature_enable;attempted_eye_tracking_with_foveated_rendering_path;negative_framework_support_context_without_confirmed_app_level_gaze_flow;framework_foveation_support_not_confirmed_dynamic_eye_tracking;functionality_foveated_rendering","C:\realDesktop\manifest-evaluations\summer-26\ghidra-pipeline\il2cpp-files\cac\general-structure-results\70_high_framework_foveated_rendering_support_or_attempt_high\0872739c_UnityEngine.Rendering.CommandBuffer$$ConfigureFoveatedRendering.c"
"UnityEngine.Rendering.CommandBuffer$$ConfigureFoveatedRendering_Injected","087273f4","74","70_high_framework_foveated_rendering_support_or_attempt_high","uncertain","framework_foveated_rendering_support_or_attempt","framework_or_engine_namespace","foveated_rendering;attempted_eye_tracked_foveated_rendering","validity_gate;foveation_rendering;keyword_support;attempted_use;dynamic_foveation_possible","validity_or_gating_hits_4;strong_foveation_hits_2;eye_or_gaze_keyword_boost_only;attempted_eye_tracking_permission_or_feature_enable;attempted_eye_tracking_with_foveated_rendering_path;negative_framework_support_context_without_confirmed_app_level_gaze_flow;framework_foveation_support_not_confirmed_dynamic_eye_tracking;functionality_foveated_rendering","C:\realDesktop\manifest-evaluations\summer-26\ghidra-pipeline\il2cpp-files\cac\general-structure-results\70_high_framework_foveated_rendering_support_or_attempt_high\087273f4_UnityEngine.Rendering.CommandBuffer$$ConfigureFoveatedRendering_Injected.c"
"FUN_0872d814","0872d814","77","70_high_general_structure_review_high","no","unrelated_or_generic_structure","app_or_custom_namespace","","validity_gate;pose_vector;telemetry","validity_or_gating_hits_12;strong_pose_or_ray_construction_hits_4;telemetry_or_network_hits_1","C:\realDesktop\manifest-evaluations\summer-26\ghidra-pipeline\il2cpp-files\cac\general-structure-results\70_high_general_structure_review_high\0872d814_FUN_0872d814.c"
"UnityEngine.Input$$get_compositionCursorPos","0877490c","81","70_high_general_structure_review_high","no","unrelated_or_generic_structure","framework_namespace_with_project_hint","","validity_gate;pose_vector;ui_interaction;telemetry","validity_or_gating_hits_2;strong_pose_or_ray_construction_hits_3;ui_or_gameplay_sink_hits_2;telemetry_or_network_hits_1","C:\realDesktop\manifest-evaluations\summer-26\ghidra-pipeline\il2cpp-files\cac\general-structure-results\70_high_general_structure_review_high\0877490c_UnityEngine.Input$$get_compositionCursorPos.c"
"UnityEngine.Input$$get_compositionCursorPos_Injected","08774950","81","70_high_general_structure_review_high","no","unrelated_or_generic_structure","framework_namespace_with_project_hint","","validity_gate;pose_vector;ui_interaction;telemetry","validity_or_gating_hits_2;strong_pose_or_ray_construction_hits_3;ui_or_gameplay_sink_hits_2;telemetry_or_network_hits_1","C:\realDesktop\manifest-evaluations\summer-26\ghidra-pipeline\il2cpp-files\cac\general-structure-results\70_high_general_structure_review_high\08774950_UnityEngine.Input$$get_compositionCursorPos_Injected.c"
"FUN_0882739c","0882739c","83","70_high_attempted_dynamic_eye_tracked_foveation_high","yes","attempted_or_possible_dynamic_eye_tracked_foveation","app_or_custom_namespace","foveated_rendering;attempted_eye_tracked_foveated_rendering","validity_gate;foveation_rendering;keyword_support;attempted_use;dynamic_foveation_possible","validity_or_gating_hits_2;strong_foveation_hits_1;eye_or_gaze_keyword_boost_only;attempted_eye_tracking_permission_or_feature_enable;attempted_eye_tracking_with_foveated_rendering_path;functionality_foveated_rendering","C:\realDesktop\manifest-evaluations\summer-26\ghidra-pipeline\il2cpp-files\cac\general-structure-results\70_high_attempted_dynamic_eye_tracked_foveation_high\0882739c_FUN_0882739c.c"
"FUN_088c13ac","088c13ac","70","70_high_general_structure_review_high","no","unrelated_or_generic_structure","app_or_custom_namespace","","weak_source_state;validity_gate;telemetry","weak_xr_or_state_hits_5;validity_or_gating_hits_10;telemetry_or_network_hits_5","C:\realDesktop\manifest-evaluations\summer-26\ghidra-pipeline\il2cpp-files\cac\general-structure-results\70_high_general_structure_review_high\088c13ac_FUN_088c13ac.c"
"FUN_0899f3bc","0899f3bc","71","70_high_likely_false_positive_high","no","likely_false_positive","app_or_custom_namespace","","validity_gate;ui_interaction;telemetry","validity_or_gating_hits_5;ui_or_gameplay_sink_hits_10;telemetry_or_network_hits_2","C:\realDesktop\manifest-evaluations\summer-26\ghidra-pipeline\il2cpp-files\cac\general-structure-results\70_high_likely_false_positive_high\0899f3bc_FUN_0899f3bc.c"
"FUN_089ed708","089ed708","73","70_high_general_structure_review_high","no","unrelated_or_generic_structure","app_or_custom_namespace","","validity_gate;ui_interaction;telemetry","validity_or_gating_hits_21;ui_or_gameplay_sink_hits_2;telemetry_or_network_hits_4","C:\realDesktop\manifest-evaluations\summer-26\ghidra-pipeline\il2cpp-files\cac\general-structure-results\70_high_general_structure_review_high\089ed708_FUN_089ed708.c"
"FUN_089f1148","089f1148","92","90_plus_attempted_eye_tracking_permission_or_feature_near_certain","yes","eye_tracking_attempted_permission_or_feature","app_or_custom_namespace","gaze_retrieval;attempted_eye_tracking_use","eye_source;weak_source_state;validity_gate;attempted_use","strong_eye_source_hits_4;weak_xr_or_state_hits_2;validity_or_gating_hits_1;attempted_eye_tracking_permission_or_feature_enable;functionality_gaze_retrieval_or_extraction","C:\realDesktop\manifest-evaluations\summer-26\ghidra-pipeline\il2cpp-files\cac\general-structure-results\90_plus_attempted_eye_tracking_permission_or_feature_near_certain\089f1148_FUN_089f1148.c"
"FUN_089f7954","089f7954","79","70_high_general_structure_review_high","no","unrelated_or_generic_structure","app_or_custom_namespace","","weak_source_state;validity_gate;ray_interaction;telemetry","weak_xr_or_state_hits_21;validity_or_gating_hits_2;ray_or_cast_sink_hits_2;telemetry_or_network_hits_2","C:\realDesktop\manifest-evaluations\summer-26\ghidra-pipeline\il2cpp-files\cac\general-structure-results\70_high_general_structure_review_high\089f7954_FUN_089f7954.c"
"FUN_08a097e0","08a097e0","86","70_high_likely_false_positive_high","no","likely_false_positive","app_or_custom_namespace","","weak_source_state;ray_interaction;ui_interaction;telemetry","weak_xr_or_state_hits_6;ray_or_cast_sink_hits_8;ui_or_gameplay_sink_hits_2;telemetry_or_network_hits_8","C:\realDesktop\manifest-evaluations\summer-26\ghidra-pipeline\il2cpp-files\cac\general-structure-results\70_high_likely_false_positive_high\08a097e0_FUN_08a097e0.c"
"FUN_08a0c384","08a0c384","89","70_high_general_structure_review_high","no","unrelated_or_generic_structure","app_or_custom_namespace","","validity_gate;ray_interaction;telemetry;frame_behavior","validity_or_gating_hits_6;ray_or_cast_sink_hits_3;telemetry_or_network_hits_4;frame_or_lifecycle_behavior","C:\realDesktop\manifest-evaluations\summer-26\ghidra-pipeline\il2cpp-files\cac\general-structure-results\70_high_general_structure_review_high\08a0c384_FUN_08a0c384.c"
"FUN_08a2c080","08a2c080","85","70_high_general_structure_review_high","no","unrelated_or_generic_structure","app_or_custom_namespace","","weak_source_state;validity_gate;ui_interaction;telemetry","weak_xr_or_state_hits_2;validity_or_gating_hits_10;ui_or_gameplay_sink_hits_4;telemetry_or_network_hits_4","C:\realDesktop\manifest-evaluations\summer-26\ghidra-pipeline\il2cpp-files\cac\general-structure-results\70_high_general_structure_review_high\08a2c080_FUN_08a2c080.c"
"FUN_08a2f588","08a2f588","81","70_high_likely_false_positive_high","no","likely_false_positive","app_or_custom_namespace","","validity_gate;pose_vector;telemetry","validity_or_gating_hits_2;strong_pose_or_ray_construction_hits_4;telemetry_or_network_hits_4","C:\realDesktop\manifest-evaluations\summer-26\ghidra-pipeline\il2cpp-files\cac\general-structure-results\70_high_likely_false_positive_high\08a2f588_FUN_08a2f588.c"
"FUN_08a68300","08a68300","73","70_high_general_structure_review_high","no","unrelated_or_generic_structure","app_or_custom_namespace","","validity_gate;pose_vector;paired_state_refs;ui_interaction","validity_or_gating_hits_6;strong_pose_or_ray_construction_hits_4;paired_field_refs_with_structure_only;ui_or_gameplay_sink_hits_6","C:\realDesktop\manifest-evaluations\summer-26\ghidra-pipeline\il2cpp-files\cac\general-structure-results\70_high_general_structure_review_high\08a68300_FUN_08a68300.c"
"FUN_08a6c730","08a6c730","71","70_high_general_structure_review_high","no","unrelated_or_generic_structure","app_or_custom_namespace","","validity_gate;pose_vector;paired_state_refs;ui_interaction;frame_behavior","validity_or_gating_hits_13;strong_pose_or_ray_construction_hits_2;paired_field_refs_with_structure_only;ui_or_gameplay_sink_hits_5;frame_or_lifecycle_behavior","C:\realDesktop\manifest-evaluations\summer-26\ghidra-pipeline\il2cpp-files\cac\general-structure-results\70_high_general_structure_review_high\08a6c730_FUN_08a6c730.c"
"FUN_08a6ea04","08a6ea04","77","70_high_general_structure_review_high","no","unrelated_or_generic_structure","app_or_custom_namespace","","weak_source_state;validity_gate;ui_interaction;telemetry","weak_xr_or_state_hits_2;validity_or_gating_hits_6;ui_or_gameplay_sink_hits_2;telemetry_or_network_hits_2","C:\realDesktop\manifest-evaluations\summer-26\ghidra-pipeline\il2cpp-files\cac\general-structure-results\70_high_general_structure_review_high\08a6ea04_FUN_08a6ea04.c"
"FUN_08a75f74","08a75f74","79","70_high_general_structure_review_high","no","unrelated_or_generic_structure","app_or_custom_namespace","","validity_gate;pose_vector;paired_state_refs;ui_interaction;frame_behavior","validity_or_gating_hits_6;strong_pose_or_ray_construction_hits_4;paired_field_refs_with_structure_only;ui_or_gameplay_sink_hits_3;frame_or_lifecycle_behavior","C:\realDesktop\manifest-evaluations\summer-26\ghidra-pipeline\il2cpp-files\cac\general-structure-results\70_high_general_structure_review_high\08a75f74_FUN_08a75f74.c"
"FUN_08ab2034","08ab2034","79","70_high_general_structure_review_high","no","unrelated_or_generic_structure","app_or_custom_namespace","","validity_gate;pose_vector;telemetry","validity_or_gating_hits_3;strong_pose_or_ray_construction_hits_4;telemetry_or_network_hits_2","C:\realDesktop\manifest-evaluations\summer-26\ghidra-pipeline\il2cpp-files\cac\general-structure-results\70_high_general_structure_review_high\08ab2034_FUN_08ab2034.c"
"FUN_08abad5c","08abad5c","76","70_high_general_structure_review_high","no","unrelated_or_generic_structure","app_or_custom_namespace","","validity_gate;ray_interaction;telemetry","validity_or_gating_hits_3;ray_or_cast_sink_hits_2;telemetry_or_network_hits_3","C:\realDesktop\manifest-evaluations\summer-26\ghidra-pipeline\il2cpp-files\cac\general-structure-results\70_high_general_structure_review_high\08abad5c_FUN_08abad5c.c"
"FUN_08acbc94","08acbc94","83","70_high_likely_false_positive_high","no","likely_false_positive","app_or_custom_namespace","","weak_source_state;validity_gate;ui_interaction;telemetry","weak_xr_or_state_hits_1;validity_or_gating_hits_21;ui_or_gameplay_sink_hits_5;telemetry_or_network_hits_21","C:\realDesktop\manifest-evaluations\summer-26\ghidra-pipeline\il2cpp-files\cac\general-structure-results\70_high_likely_false_positive_high\08acbc94_FUN_08acbc94.c"
"FUN_08ad0d10","08ad0d10","75","70_high_general_structure_review_high","no","unrelated_or_generic_structure","app_or_custom_namespace","","validity_gate;ray_interaction;telemetry","validity_or_gating_hits_21;ray_or_cast_sink_hits_1;telemetry_or_network_hits_21","C:\realDesktop\manifest-evaluations\summer-26\ghidra-pipeline\il2cpp-files\cac\general-structure-results\70_high_general_structure_review_high\08ad0d10_FUN_08ad0d10.c"
"FUN_08ad2388","08ad2388","73","70_high_likely_false_positive_high","no","likely_false_positive","app_or_custom_namespace","","validity_gate;ui_interaction;telemetry","validity_or_gating_hits_15;ui_or_gameplay_sink_hits_2;telemetry_or_network_hits_21","C:\realDesktop\manifest-evaluations\summer-26\ghidra-pipeline\il2cpp-files\cac\general-structure-results\70_high_likely_false_positive_high\08ad2388_FUN_08ad2388.c"
"FUN_08ad3304","08ad3304","73","70_high_likely_false_positive_high","no","likely_false_positive","app_or_custom_namespace","","validity_gate;ui_interaction;telemetry","validity_or_gating_hits_6;ui_or_gameplay_sink_hits_2;telemetry_or_network_hits_5","C:\realDesktop\manifest-evaluations\summer-26\ghidra-pipeline\il2cpp-files\cac\general-structure-results\70_high_likely_false_positive_high\08ad3304_FUN_08ad3304.c"
"FUN_08ad4f18","08ad4f18","73","70_high_likely_false_positive_high","no","likely_false_positive","app_or_custom_namespace","","validity_gate;ui_interaction;telemetry","validity_or_gating_hits_21;ui_or_gameplay_sink_hits_2;telemetry_or_network_hits_21","C:\realDesktop\manifest-evaluations\summer-26\ghidra-pipeline\il2cpp-files\cac\general-structure-results\70_high_likely_false_positive_high\08ad4f18_FUN_08ad4f18.c"
"FUN_08b2c634","08b2c634","78","70_high_general_structure_review_high","no","unrelated_or_generic_structure","app_or_custom_namespace","","validity_gate;pose_vector;telemetry","validity_or_gating_hits_1;strong_pose_or_ray_construction_hits_6;telemetry_or_network_hits_4","C:\realDesktop\manifest-evaluations\summer-26\ghidra-pipeline\il2cpp-files\cac\general-structure-results\70_high_general_structure_review_high\08b2c634_FUN_08b2c634.c"
"FUN_08b2c920","08b2c920","78","70_high_general_structure_review_high","no","unrelated_or_generic_structure","app_or_custom_namespace","","validity_gate;pose_vector;telemetry","validity_or_gating_hits_1;strong_pose_or_ray_construction_hits_6;telemetry_or_network_hits_4","C:\realDesktop\manifest-evaluations\summer-26\ghidra-pipeline\il2cpp-files\cac\general-structure-results\70_high_general_structure_review_high\08b2c920_FUN_08b2c920.c"
"FUN_08b2deb0","08b2deb0","73","70_high_general_structure_review_high","no","unrelated_or_generic_structure","app_or_custom_namespace","","validity_gate;pose_vector;telemetry","validity_or_gating_hits_2;strong_pose_or_ray_construction_hits_2;telemetry_or_network_hits_4","C:\realDesktop\manifest-evaluations\summer-26\ghidra-pipeline\il2cpp-files\cac\general-structure-results\70_high_general_structure_review_high\08b2deb0_FUN_08b2deb0.c"
