rank,manual_priority_score,manual_tier,function_name,entry_point,scanner_score,scanner_label,modules,evidence,priority_reasons,file_path,copied_file
1,457,A_must_review,FUN_060127e0,060127e0,286,90_plus_uncertain_gaze_interaction_near_certain,eye_source; weak_source_state; validity_gate; pose_vector; paired_state_refs; ray_interaction; ui_interaction; telemetry; frame_behavior; structure_combo; ordered_structure,strong_eye_source_hits_6; weak_xr_or_state_hits_18; validity_or_gating_hits_13; strong_pose_or_ray_construction_hits_4; paired_field_refs_with_eye_source; ray_or_cast_sink_hits_12; ui_or_gameplay_sink_hits_4; telemetry_or_network_hits_4; frame_or_lifecycle_behavior; source_validity_pose_sink_structure; strong_eye_source_validity_pose_sink_structure; ordered_eye_source_validity_pose_interaction_sink; functionality_permission_setup; functionality_gaze_interaction_hits_10; functionality_data_collection_or_telemetry_hits_4,base_scanner_score_286; module_bonus_validity_gate_8; module_bonus_pose_vector_10; module_bonus_paired_state_refs_8; module_bonus_ray_interaction_15; module_bonus_ui_interaction_12; module_bonus_telemetry_20; module_bonus_frame_behavior_5; module_bonus_structure_combo_18; evidence_bonus_telemetry_or_network_hits_12; sensitive_sink_telemetry_bonus_15; keyword_support_eye_or_gaze_5_bonus_20; keyword_support_sdk_4_bonus_12; keyword_support_collection_or_telemetry_4_bonus_16,C:\realDesktop\manifest-evaluations\summer-26\ghidra-pipeline\il2cpp-files\spatialPiano\general-structure-results\90_plus_uncertain_gaze_interaction_near_certain\060127e0_FUN_060127e0.c,C:\realDesktop\manifest-evaluations\summer-26\ghidra-pipeline\il2cpp-files\spatialPiano\manual-review-pack\A_must_review\001_p457_FUN_060127e0.c
2,454,A_must_review,UnityEngine.XR.ARSubsystems.XRFace$$get_rightEyePose,05dc4918,312,90_plus_confirmed_eye_data_collection_near_certain,eye_source; weak_source_state; validity_gate; pose_vector; ui_interaction; telemetry; frame_behavior; structure_combo; active_gaze_retrieval; active_gaze_interaction; active_gaze_collection; possible_biometrics,strong_eye_source_hits_3; weak_xr_or_state_hits_5; validity_or_gating_hits_4; strong_pose_or_ray_construction_hits_2; ui_or_gameplay_sink_hits_5; telemetry_or_network_hits_9; frame_or_lifecycle_behavior; source_validity_pose_sink_structure; strong_eye_source_validity_pose_sink_structure; active_gaze_state_retrieval_with_validity_and_pose; active_gaze_values_flow_to_interaction_sink; active_gaze_values_flow_to_collection_or_telemetry_sink; possible_biometric_feature_from_active_eye_context; functionality_gaze_interaction_hits_5; functionality_data_collection_or_telemetry_hits_9; functionality_possible_biometrics_hits_2,base_scanner_score_312; module_bonus_validity_gate_8; module_bonus_pose_vector_10; module_bonus_ui_interaction_12; module_bonus_telemetry_20; module_bonus_frame_behavior_5; module_bonus_structure_combo_18; evidence_bonus_telemetry_or_network_hits_12; sensitive_sink_telemetry_bonus_15; keyword_support_eye_or_gaze_5_bonus_20; keyword_support_sdk_2_bonus_6; keyword_support_collection_or_telemetry_4_bonus_16,C:\realDesktop\manifest-evaluations\summer-26\ghidra-pipeline\il2cpp-files\spatialPiano\general-structure-results\90_plus_confirmed_eye_data_collection_near_certain\05dc4918_UnityEngine.XR.ARSubsystems.XRFace$$get_rightEyePose.c,C:\realDesktop\manifest-evaluations\summer-26\ghidra-pipeline\il2cpp-files\spatialPiano\manual-review-pack\A_must_review\002_p454_UnityEngine.XR.ARSubsystems.XRFace$$get_rightEyePose.c
3,454,A_must_review,UnityEngine.XR.ARSubsystems.XRFace$$get_leftEyePose,05dc4904,312,90_plus_confirmed_eye_data_collection_near_certain,eye_source; weak_source_state; validity_gate; pose_vector; ui_interaction; telemetry; frame_behavior; structure_combo; active_gaze_retrieval; active_gaze_interaction; active_gaze_collection; possible_biometrics,strong_eye_source_hits_3; weak_xr_or_state_hits_5; validity_or_gating_hits_4; strong_pose_or_ray_construction_hits_2; ui_or_gameplay_sink_hits_5; telemetry_or_network_hits_9; frame_or_lifecycle_behavior; source_validity_pose_sink_structure; strong_eye_source_validity_pose_sink_structure; active_gaze_state_retrieval_with_validity_and_pose; active_gaze_values_flow_to_interaction_sink; active_gaze_values_flow_to_collection_or_telemetry_sink; possible_biometric_feature_from_active_eye_context; functionality_gaze_interaction_hits_5; functionality_data_collection_or_telemetry_hits_9; functionality_possible_biometrics_hits_2,base_scanner_score_312; module_bonus_validity_gate_8; module_bonus_pose_vector_10; module_bonus_ui_interaction_12; module_bonus_telemetry_20; module_bonus_frame_behavior_5; module_bonus_structure_combo_18; evidence_bonus_telemetry_or_network_hits_12; sensitive_sink_telemetry_bonus_15; keyword_support_eye_or_gaze_5_bonus_20; keyword_support_sdk_2_bonus_6; keyword_support_collection_or_telemetry_4_bonus_16,C:\realDesktop\manifest-evaluations\summer-26\ghidra-pipeline\il2cpp-files\spatialPiano\general-structure-results\90_plus_confirmed_eye_data_collection_near_certain\05dc4904_UnityEngine.XR.ARSubsystems.XRFace$$get_leftEyePose.c,C:\realDesktop\manifest-evaluations\summer-26\ghidra-pipeline\il2cpp-files\spatialPiano\manual-review-pack\A_must_review\003_p454_UnityEngine.XR.ARSubsystems.XRFace$$get_leftEyePose.c
4,437,A_must_review,UnityEngine.Rendering.CommandBuffer$$Internal_BuildRayTracingAccelerationStructure,06012818,266,90_plus_framework_support_only_near_certain,eye_source; weak_source_state; validity_gate; pose_vector; paired_state_refs; ray_interaction; ui_interaction; telemetry; frame_behavior; structure_combo; ordered_structure,strong_eye_source_hits_6; weak_xr_or_state_hits_17; validity_or_gating_hits_13; strong_pose_or_ray_construction_hits_4; paired_field_refs_with_eye_source; ray_or_cast_sink_hits_12; ui_or_gameplay_sink_hits_4; telemetry_or_network_hits_4; frame_or_lifecycle_behavior; source_validity_pose_sink_structure; strong_eye_source_validity_pose_sink_structure; ordered_eye_source_validity_pose_interaction_sink; negative_framework_support_context_without_confirmed_app_level_gaze_flow; functionality_permission_setup; functionality_gaze_interaction_hits_10; functionality_data_collection_or_telemetry_hits_4,base_scanner_score_266; module_bonus_validity_gate_8; module_bonus_pose_vector_10; module_bonus_paired_state_refs_8; module_bonus_ray_interaction_15; module_bonus_ui_interaction_12; module_bonus_telemetry_20; module_bonus_frame_behavior_5; module_bonus_structure_combo_18; evidence_bonus_telemetry_or_network_hits_12; sensitive_sink_telemetry_bonus_15; keyword_support_eye_or_gaze_5_bonus_20; keyword_support_sdk_4_bonus_12; keyword_support_collection_or_telemetry_4_bonus_16,C:\realDesktop\manifest-evaluations\summer-26\ghidra-pipeline\il2cpp-files\spatialPiano\general-structure-results\90_plus_framework_support_only_near_certain\06012818_UnityEngine.Rendering.CommandBuffer$$Internal_BuildRayTracingAccelerationStructure.c,C:\realDesktop\manifest-evaluations\summer-26\ghidra-pipeline\il2cpp-files\spatialPiano\manual-review-pack\A_must_review\004_p437_UnityEngine.Rendering.CommandBuffer$$Internal_BuildRayTracingAccelerationStructure.c
5,435,A_must_review,System.Xml.BinXmlDateTime$$XsdKatmaiDateTimeOffsetToString,055d6ee4,275,90_plus_framework_support_only_near_certain,eye_source; weak_source_state; validity_gate; pose_vector; ray_interaction; ui_interaction; telemetry; frame_behavior; structure_combo; ordered_structure,strong_eye_source_hits_3; weak_xr_or_state_hits_4; validity_or_gating_hits_21; strong_pose_or_ray_construction_hits_3; ray_or_cast_sink_hits_2; ui_or_gameplay_sink_hits_11; telemetry_or_network_hits_4; frame_or_lifecycle_behavior; source_validity_pose_sink_structure; strong_eye_source_validity_pose_sink_structure; ordered_eye_source_validity_pose_collection_sink; ordered_eye_source_validity_pose_interaction_sink; negative_framework_support_context_without_confirmed_app_level_gaze_flow; functionality_gaze_retrieval_or_extraction; functionality_gaze_interaction_hits_2; functionality_data_collection_or_telemetry_hits_4,base_scanner_score_275; module_bonus_validity_gate_8; module_bonus_pose_vector_10; module_bonus_ray_interaction_15; module_bonus_ui_interaction_12; module_bonus_telemetry_20; module_bonus_frame_behavior_5; module_bonus_structure_combo_18; evidence_bonus_telemetry_or_network_hits_12; sensitive_sink_telemetry_bonus_15; keyword_support_eye_or_gaze_5_bonus_20; keyword_support_sdk_3_bonus_9; keyword_support_collection_or_telemetry_4_bonus_16,C:\realDesktop\manifest-evaluations\summer-26\ghidra-pipeline\il2cpp-files\spatialPiano\general-structure-results\90_plus_framework_support_only_near_certain\055d6ee4_System.Xml.BinXmlDateTime$$XsdKatmaiDateTimeOffsetToString.c,C:\realDesktop\manifest-evaluations\summer-26\ghidra-pipeline\il2cpp-files\spatialPiano\manual-review-pack\A_must_review\005_p435_System.Xml.BinXmlDateTime$$XsdKatmaiDateTimeOffsetToString.c
6,435,A_must_review,System.Xml.BinXmlDateTime$$XsdKatmaiDateOffsetToString,055d6da8,275,90_plus_framework_support_only_near_certain,eye_source; weak_source_state; validity_gate; pose_vector; ray_interaction; ui_interaction; telemetry; frame_behavior; structure_combo; ordered_structure,strong_eye_source_hits_3; weak_xr_or_state_hits_4; validity_or_gating_hits_21; strong_pose_or_ray_construction_hits_3; ray_or_cast_sink_hits_2; ui_or_gameplay_sink_hits_11; telemetry_or_network_hits_4; frame_or_lifecycle_behavior; source_validity_pose_sink_structure; strong_eye_source_validity_pose_sink_structure; ordered_eye_source_validity_pose_collection_sink; ordered_eye_source_validity_pose_interaction_sink; negative_framework_support_context_without_confirmed_app_level_gaze_flow; functionality_gaze_retrieval_or_extraction; functionality_gaze_interaction_hits_2; functionality_data_collection_or_telemetry_hits_4,base_scanner_score_275; module_bonus_validity_gate_8; module_bonus_pose_vector_10; module_bonus_ray_interaction_15; module_bonus_ui_interaction_12; module_bonus_telemetry_20; module_bonus_frame_behavior_5; module_bonus_structure_combo_18; evidence_bonus_telemetry_or_network_hits_12; sensitive_sink_telemetry_bonus_15; keyword_support_eye_or_gaze_5_bonus_20; keyword_support_sdk_3_bonus_9; keyword_support_collection_or_telemetry_4_bonus_16,C:\realDesktop\manifest-evaluations\summer-26\ghidra-pipeline\il2cpp-files\spatialPiano\general-structure-results\90_plus_framework_support_only_near_certain\055d6da8_System.Xml.BinXmlDateTime$$XsdKatmaiDateOffsetToString.c,C:\realDesktop\manifest-evaluations\summer-26\ghidra-pipeline\il2cpp-files\spatialPiano\manual-review-pack\A_must_review\006_p435_System.Xml.BinXmlDateTime$$XsdKatmaiDateOffsetToString.c
7,424,A_must_review,Unity.AppUI.UI.InputLabel$$.ctor,0589f394,253,90_plus_uncertain_gaze_interaction_near_certain,eye_source; weak_source_state; validity_gate; pose_vector; paired_state_refs; ray_interaction; ui_interaction; telemetry; frame_behavior; structure_combo,strong_eye_source_hits_6; weak_xr_or_state_hits_21; validity_or_gating_hits_21; strong_pose_or_ray_construction_hits_6; paired_field_refs_with_eye_source; ray_or_cast_sink_hits_14; ui_or_gameplay_sink_hits_2; telemetry_or_network_hits_21; frame_or_lifecycle_behavior; source_validity_pose_sink_structure; strong_eye_source_validity_pose_sink_structure; functionality_gaze_interaction_hits_16; functionality_data_collection_or_telemetry_hits_10,base_scanner_score_253; module_bonus_validity_gate_8; module_bonus_pose_vector_10; module_bonus_paired_state_refs_8; module_bonus_ray_interaction_15; module_bonus_ui_interaction_12; module_bonus_telemetry_20; module_bonus_frame_behavior_5; module_bonus_structure_combo_18; evidence_bonus_telemetry_or_network_hits_12; sensitive_sink_telemetry_bonus_15; keyword_support_eye_or_gaze_5_bonus_20; keyword_support_sdk_4_bonus_12; keyword_support_collection_or_telemetry_4_bonus_16,C:\realDesktop\manifest-evaluations\summer-26\ghidra-pipeline\il2cpp-files\spatialPiano\general-structure-results\90_plus_uncertain_gaze_interaction_near_certain\0589f394_Unity.AppUI.UI.InputLabel$$.ctor.c,C:\realDesktop\manifest-evaluations\summer-26\ghidra-pipeline\il2cpp-files\spatialPiano\manual-review-pack\A_must_review\007_p424_Unity.AppUI.UI.InputLabel$$.ctor.c
8,424,A_must_review,Unity.AppUI.UI.InputLabel$$.ctor,0589f39c,253,90_plus_uncertain_gaze_interaction_near_certain,eye_source; weak_source_state; validity_gate; pose_vector; paired_state_refs; ray_interaction; ui_interaction; telemetry; frame_behavior; structure_combo,strong_eye_source_hits_6; weak_xr_or_state_hits_21; validity_or_gating_hits_21; strong_pose_or_ray_construction_hits_6; paired_field_refs_with_eye_source; ray_or_cast_sink_hits_14; ui_or_gameplay_sink_hits_2; telemetry_or_network_hits_21; frame_or_lifecycle_behavior; source_validity_pose_sink_structure; strong_eye_source_validity_pose_sink_structure; functionality_gaze_interaction_hits_16; functionality_data_collection_or_telemetry_hits_10,base_scanner_score_253; module_bonus_validity_gate_8; module_bonus_pose_vector_10; module_bonus_paired_state_refs_8; module_bonus_ray_interaction_15; module_bonus_ui_interaction_12; module_bonus_telemetry_20; module_bonus_frame_behavior_5; module_bonus_structure_combo_18; evidence_bonus_telemetry_or_network_hits_12; sensitive_sink_telemetry_bonus_15; keyword_support_eye_or_gaze_5_bonus_20; keyword_support_sdk_4_bonus_12; keyword_support_collection_or_telemetry_4_bonus_16,C:\realDesktop\manifest-evaluations\summer-26\ghidra-pipeline\il2cpp-files\spatialPiano\general-structure-results\90_plus_uncertain_gaze_interaction_near_certain\0589f39c_Unity.AppUI.UI.InputLabel$$.ctor.c,C:\realDesktop\manifest-evaluations\summer-26\ghidra-pipeline\il2cpp-files\spatialPiano\manual-review-pack\A_must_review\008_p424_Unity.AppUI.UI.InputLabel$$.ctor.c
9,424,A_must_review,FUN_0589f350,0589f350,253,90_plus_uncertain_gaze_interaction_near_certain,eye_source; weak_source_state; validity_gate; pose_vector; paired_state_refs; ray_interaction; ui_interaction; telemetry; frame_behavior; structure_combo,strong_eye_source_hits_6; weak_xr_or_state_hits_21; validity_or_gating_hits_21; strong_pose_or_ray_construction_hits_6; paired_field_refs_with_eye_source; ray_or_cast_sink_hits_14; ui_or_gameplay_sink_hits_2; telemetry_or_network_hits_21; frame_or_lifecycle_behavior; source_validity_pose_sink_structure; strong_eye_source_validity_pose_sink_structure; functionality_gaze_interaction_hits_16; functionality_data_collection_or_telemetry_hits_10,base_scanner_score_253; module_bonus_validity_gate_8; module_bonus_pose_vector_10; module_bonus_paired_state_refs_8; module_bonus_ray_interaction_15; module_bonus_ui_interaction_12; module_bonus_telemetry_20; module_bonus_frame_behavior_5; module_bonus_structure_combo_18; evidence_bonus_telemetry_or_network_hits_12; sensitive_sink_telemetry_bonus_15; keyword_support_eye_or_gaze_5_bonus_20; keyword_support_sdk_4_bonus_12; keyword_support_collection_or_telemetry_4_bonus_16,C:\realDesktop\manifest-evaluations\summer-26\ghidra-pipeline\il2cpp-files\spatialPiano\general-structure-results\90_plus_uncertain_gaze_interaction_near_certain\0589f350_FUN_0589f350.c,C:\realDesktop\manifest-evaluations\summer-26\ghidra-pipeline\il2cpp-files\spatialPiano\manual-review-pack\A_must_review\009_p424_FUN_0589f350.c
10,423,A_must_review,FUN_05d535e8,05d535e8,285,90_plus_confirmed_eye_data_collection_near_certain,eye_source; weak_source_state; validity_gate; pose_vector; paired_state_refs; telemetry; frame_behavior; structure_combo; active_gaze_retrieval; active_gaze_collection; possible_biometrics,strong_eye_source_hits_2; weak_xr_or_state_hits_4; validity_or_gating_hits_21; strong_pose_or_ray_construction_hits_4; paired_field_refs_with_eye_source; telemetry_or_network_hits_5; frame_or_lifecycle_behavior; source_validity_pose_sink_structure; strong_eye_source_validity_pose_sink_structure; active_gaze_state_retrieval_with_validity_and_pose; active_gaze_values_flow_to_collection_or_telemetry_sink; possible_biometric_feature_from_active_eye_context; functionality_permission_setup; functionality_gaze_retrieval_or_extraction; functionality_data_collection_or_telemetry_hits_5; functionality_possible_biometrics_hits_4,base_scanner_score_285; module_bonus_validity_gate_8; module_bonus_pose_vector_10; module_bonus_paired_state_refs_8; module_bonus_telemetry_20; module_bonus_frame_behavior_5; module_bonus_structure_combo_18; evidence_bonus_telemetry_or_network_hits_12; sensitive_sink_telemetry_bonus_15; keyword_support_eye_or_gaze_5_bonus_20; keyword_support_sdk_2_bonus_6; keyword_support_collection_or_telemetry_4_bonus_16,C:\realDesktop\manifest-evaluations\summer-26\ghidra-pipeline\il2cpp-files\spatialPiano\general-structure-results\90_plus_confirmed_eye_data_collection_near_certain\05d535e8_FUN_05d535e8.c,C:\realDesktop\manifest-evaluations\summer-26\ghidra-pipeline\il2cpp-files\spatialPiano\manual-review-pack\A_must_review\010_p423_FUN_05d535e8.c
11,422,A_must_review,Unity.AppUI.UI.InputLabel.UxmlSerializedData$$Register,0589fac4,263,90_plus_uncertain_gaze_interaction_near_certain,eye_source; weak_source_state; validity_gate; pose_vector; paired_state_refs; ray_interaction; telemetry; frame_behavior; structure_combo; ordered_structure,strong_eye_source_hits_3; weak_xr_or_state_hits_21; validity_or_gating_hits_21; strong_pose_or_ray_construction_hits_4; paired_field_refs_with_eye_source; ray_or_cast_sink_hits_9; telemetry_or_network_hits_18; frame_or_lifecycle_behavior; source_validity_pose_sink_structure; strong_eye_source_validity_pose_sink_structure; ordered_eye_source_validity_pose_interaction_sink; functionality_gaze_interaction_hits_10; functionality_data_collection_or_telemetry_hits_8,base_scanner_score_263; module_bonus_validity_gate_8; module_bonus_pose_vector_10; module_bonus_paired_state_refs_8; module_bonus_ray_interaction_15; module_bonus_telemetry_20; module_bonus_frame_behavior_5; module_bonus_structure_combo_18; evidence_bonus_telemetry_or_network_hits_12; sensitive_sink_telemetry_bonus_15; keyword_support_eye_or_gaze_5_bonus_20; keyword_support_sdk_4_bonus_12; keyword_support_collection_or_telemetry_4_bonus_16,C:\realDesktop\manifest-evaluations\summer-26\ghidra-pipeline\il2cpp-files\spatialPiano\general-structure-results\90_plus_uncertain_gaze_interaction_near_certain\0589fac4_Unity.AppUI.UI.InputLabel.UxmlSerializedData$$Register.c,C:\realDesktop\manifest-evaluations\summer-26\ghidra-pipeline\il2cpp-files\spatialPiano\manual-review-pack\A_must_review\011_p422_Unity.AppUI.UI.InputLabel.UxmlSerializedData$$Register.c
12,422,A_must_review,Unity.AppUI.UI.InputLabel$$.cctor,0589f7b8,263,90_plus_uncertain_gaze_interaction_near_certain,eye_source; weak_source_state; validity_gate; pose_vector; paired_state_refs; ray_interaction; telemetry; frame_behavior; structure_combo; ordered_structure,strong_eye_source_hits_3; weak_xr_or_state_hits_21; validity_or_gating_hits_21; strong_pose_or_ray_construction_hits_6; paired_field_refs_with_eye_source; ray_or_cast_sink_hits_12; telemetry_or_network_hits_18; frame_or_lifecycle_behavior; source_validity_pose_sink_structure; strong_eye_source_validity_pose_sink_structure; ordered_eye_source_validity_pose_interaction_sink; functionality_gaze_interaction_hits_13; functionality_data_collection_or_telemetry_hits_8,base_scanner_score_263; module_bonus_validity_gate_8; module_bonus_pose_vector_10; module_bonus_paired_state_refs_8; module_bonus_ray_interaction_15; module_bonus_telemetry_20; module_bonus_frame_behavior_5; module_bonus_structure_combo_18; evidence_bonus_telemetry_or_network_hits_12; sensitive_sink_telemetry_bonus_15; keyword_support_eye_or_gaze_5_bonus_20; keyword_support_sdk_4_bonus_12; keyword_support_collection_or_telemetry_4_bonus_16,C:\realDesktop\manifest-evaluations\summer-26\ghidra-pipeline\il2cpp-files\spatialPiano\general-structure-results\90_plus_uncertain_gaze_interaction_near_certain\0589f7b8_Unity.AppUI.UI.InputLabel$$.cctor.c,C:\realDesktop\manifest-evaluations\summer-26\ghidra-pipeline\il2cpp-files\spatialPiano\manual-review-pack\A_must_review\012_p422_Unity.AppUI.UI.InputLabel$$.cctor.c
13,418,A_must_review,Unity.AppUI.UI.Progress$$.ctor,058a0c5c,259,90_plus_uncertain_gaze_interaction_near_certain,eye_source; weak_source_state; validity_gate; pose_vector; paired_state_refs; ray_interaction; telemetry; frame_behavior; structure_combo; ordered_structure,strong_eye_source_hits_3; weak_xr_or_state_hits_11; validity_or_gating_hits_21; strong_pose_or_ray_construction_hits_3; paired_field_refs_with_eye_source; ray_or_cast_sink_hits_6; telemetry_or_network_hits_6; frame_or_lifecycle_behavior; source_validity_pose_sink_structure; strong_eye_source_validity_pose_sink_structure; ordered_eye_source_validity_pose_interaction_sink; functionality_gaze_interaction_hits_6; functionality_data_collection_or_telemetry_hits_1,base_scanner_score_259; module_bonus_validity_gate_8; module_bonus_pose_vector_10; module_bonus_paired_state_refs_8; module_bonus_ray_interaction_15; module_bonus_telemetry_20; module_bonus_frame_behavior_5; module_bonus_structure_combo_18; evidence_bonus_telemetry_or_network_hits_12; sensitive_sink_telemetry_bonus_15; keyword_support_eye_or_gaze_5_bonus_20; keyword_support_sdk_4_bonus_12; keyword_support_collection_or_telemetry_4_bonus_16,C:\realDesktop\manifest-evaluations\summer-26\ghidra-pipeline\il2cpp-files\spatialPiano\general-structure-results\90_plus_uncertain_gaze_interaction_near_certain\058a0c5c_Unity.AppUI.UI.Progress$$.ctor.c,C:\realDesktop\manifest-evaluations\summer-26\ghidra-pipeline\il2cpp-files\spatialPiano\manual-review-pack\A_must_review\013_p418_Unity.AppUI.UI.Progress$$.ctor.c
14,418,A_must_review,Unity.AppUI.UI.LinearProgress$$GenerateTextures,058a105c,259,90_plus_uncertain_gaze_interaction_near_certain,eye_source; weak_source_state; validity_gate; pose_vector; paired_state_refs; ray_interaction; telemetry; frame_behavior; structure_combo; ordered_structure,strong_eye_source_hits_3; weak_xr_or_state_hits_7; validity_or_gating_hits_21; strong_pose_or_ray_construction_hits_3; paired_field_refs_with_eye_source; ray_or_cast_sink_hits_6; telemetry_or_network_hits_5; frame_or_lifecycle_behavior; source_validity_pose_sink_structure; strong_eye_source_validity_pose_sink_structure; ordered_eye_source_validity_pose_interaction_sink; functionality_gaze_interaction_hits_6; functionality_data_collection_or_telemetry_hits_1,base_scanner_score_259; module_bonus_validity_gate_8; module_bonus_pose_vector_10; module_bonus_paired_state_refs_8; module_bonus_ray_interaction_15; module_bonus_telemetry_20; module_bonus_frame_behavior_5; module_bonus_structure_combo_18; evidence_bonus_telemetry_or_network_hits_12; sensitive_sink_telemetry_bonus_15; keyword_support_eye_or_gaze_5_bonus_20; keyword_support_sdk_4_bonus_12; keyword_support_collection_or_telemetry_4_bonus_16,C:\realDesktop\manifest-evaluations\summer-26\ghidra-pipeline\il2cpp-files\spatialPiano\general-structure-results\90_plus_uncertain_gaze_interaction_near_certain\058a105c_Unity.AppUI.UI.LinearProgress$$GenerateTextures.c,C:\realDesktop\manifest-evaluations\summer-26\ghidra-pipeline\il2cpp-files\spatialPiano\manual-review-pack\A_must_review\014_p418_Unity.AppUI.UI.LinearProgress$$GenerateTextures.c
15,418,A_must_review,Unity.AppUI.UI.LinearProgress$$.ctor,058a0be4,259,90_plus_uncertain_gaze_interaction_near_certain,eye_source; weak_source_state; validity_gate; pose_vector; paired_state_refs; ray_interaction; telemetry; frame_behavior; structure_combo; ordered_structure,strong_eye_source_hits_3; weak_xr_or_state_hits_11; validity_or_gating_hits_21; strong_pose_or_ray_construction_hits_3; paired_field_refs_with_eye_source; ray_or_cast_sink_hits_6; telemetry_or_network_hits_6; frame_or_lifecycle_behavior; source_validity_pose_sink_structure; strong_eye_source_validity_pose_sink_structure; ordered_eye_source_validity_pose_interaction_sink; functionality_gaze_interaction_hits_6; functionality_data_collection_or_telemetry_hits_1,base_scanner_score_259; module_bonus_validity_gate_8; module_bonus_pose_vector_10; module_bonus_paired_state_refs_8; module_bonus_ray_interaction_15; module_bonus_telemetry_20; module_bonus_frame_behavior_5; module_bonus_structure_combo_18; evidence_bonus_telemetry_or_network_hits_12; sensitive_sink_telemetry_bonus_15; keyword_support_eye_or_gaze_5_bonus_20; keyword_support_sdk_4_bonus_12; keyword_support_collection_or_telemetry_4_bonus_16,C:\realDesktop\manifest-evaluations\summer-26\ghidra-pipeline\il2cpp-files\spatialPiano\general-structure-results\90_plus_uncertain_gaze_interaction_near_certain\058a0be4_Unity.AppUI.UI.LinearProgress$$.ctor.c,C:\realDesktop\manifest-evaluations\summer-26\ghidra-pipeline\il2cpp-files\spatialPiano\manual-review-pack\A_must_review\015_p418_Unity.AppUI.UI.LinearProgress$$.ctor.c
16,418,A_must_review,Unity.AppUI.UI.IntField.UxmlSerializedData$$Register,058a0b48,259,90_plus_uncertain_gaze_interaction_near_certain,eye_source; weak_source_state; validity_gate; pose_vector; paired_state_refs; ray_interaction; telemetry; frame_behavior; structure_combo; ordered_structure,strong_eye_source_hits_3; weak_xr_or_state_hits_11; validity_or_gating_hits_21; strong_pose_or_ray_construction_hits_3; paired_field_refs_with_eye_source; ray_or_cast_sink_hits_6; telemetry_or_network_hits_8; frame_or_lifecycle_behavior; source_validity_pose_sink_structure; strong_eye_source_validity_pose_sink_structure; ordered_eye_source_validity_pose_interaction_sink; functionality_gaze_interaction_hits_6; functionality_data_collection_or_telemetry_hits_1,base_scanner_score_259; module_bonus_validity_gate_8; module_bonus_pose_vector_10; module_bonus_paired_state_refs_8; module_bonus_ray_interaction_15; module_bonus_telemetry_20; module_bonus_frame_behavior_5; module_bonus_structure_combo_18; evidence_bonus_telemetry_or_network_hits_12; sensitive_sink_telemetry_bonus_15; keyword_support_eye_or_gaze_5_bonus_20; keyword_support_sdk_4_bonus_12; keyword_support_collection_or_telemetry_4_bonus_16,C:\realDesktop\manifest-evaluations\summer-26\ghidra-pipeline\il2cpp-files\spatialPiano\general-structure-results\90_plus_uncertain_gaze_interaction_near_certain\058a0b48_Unity.AppUI.UI.IntField.UxmlSerializedData$$Register.c,C:\realDesktop\manifest-evaluations\summer-26\ghidra-pipeline\il2cpp-files\spatialPiano\manual-review-pack\A_must_review\016_p418_Unity.AppUI.UI.IntField.UxmlSerializedData$$Register.c
17,418,A_must_review,Unity.AppUI.UI.IntField.UxmlSerializedData$$CreateInstance,058a0b4c,259,90_plus_uncertain_gaze_interaction_near_certain,eye_source; weak_source_state; validity_gate; pose_vector; paired_state_refs; ray_interaction; telemetry; frame_behavior; structure_combo; ordered_structure,strong_eye_source_hits_3; weak_xr_or_state_hits_11; validity_or_gating_hits_21; strong_pose_or_ray_construction_hits_3; paired_field_refs_with_eye_source; ray_or_cast_sink_hits_6; telemetry_or_network_hits_8; frame_or_lifecycle_behavior; source_validity_pose_sink_structure; strong_eye_source_validity_pose_sink_structure; ordered_eye_source_validity_pose_interaction_sink; functionality_gaze_interaction_hits_6; functionality_data_collection_or_telemetry_hits_1,base_scanner_score_259; module_bonus_validity_gate_8; module_bonus_pose_vector_10; module_bonus_paired_state_refs_8; module_bonus_ray_interaction_15; module_bonus_telemetry_20; module_bonus_frame_behavior_5; module_bonus_structure_combo_18; evidence_bonus_telemetry_or_network_hits_12; sensitive_sink_telemetry_bonus_15; keyword_support_eye_or_gaze_5_bonus_20; keyword_support_sdk_4_bonus_12; keyword_support_collection_or_telemetry_4_bonus_16,C:\realDesktop\manifest-evaluations\summer-26\ghidra-pipeline\il2cpp-files\spatialPiano\general-structure-results\90_plus_uncertain_gaze_interaction_near_certain\058a0b4c_Unity.AppUI.UI.IntField.UxmlSerializedData$$CreateInstance.c,C:\realDesktop\manifest-evaluations\summer-26\ghidra-pipeline\il2cpp-files\spatialPiano\manual-review-pack\A_must_review\017_p418_Unity.AppUI.UI.IntField.UxmlSerializedData$$CreateInstance.c
18,418,A_must_review,Unity.AppUI.UI.IntField.UxmlSerializedData$$.ctor,058a0b9c,259,90_plus_uncertain_gaze_interaction_near_certain,eye_source; weak_source_state; validity_gate; pose_vector; paired_state_refs; ray_interaction; telemetry; frame_behavior; structure_combo; ordered_structure,strong_eye_source_hits_3; weak_xr_or_state_hits_11; validity_or_gating_hits_21; strong_pose_or_ray_construction_hits_3; paired_field_refs_with_eye_source; ray_or_cast_sink_hits_6; telemetry_or_network_hits_8; frame_or_lifecycle_behavior; source_validity_pose_sink_structure; strong_eye_source_validity_pose_sink_structure; ordered_eye_source_validity_pose_interaction_sink; functionality_gaze_interaction_hits_6; functionality_data_collection_or_telemetry_hits_1,base_scanner_score_259; module_bonus_validity_gate_8; module_bonus_pose_vector_10; module_bonus_paired_state_refs_8; module_bonus_ray_interaction_15; module_bonus_telemetry_20; module_bonus_frame_behavior_5; module_bonus_structure_combo_18; evidence_bonus_telemetry_or_network_hits_12; sensitive_sink_telemetry_bonus_15; keyword_support_eye_or_gaze_5_bonus_20; keyword_support_sdk_4_bonus_12; keyword_support_collection_or_telemetry_4_bonus_16,C:\realDesktop\manifest-evaluations\summer-26\ghidra-pipeline\il2cpp-files\spatialPiano\general-structure-results\90_plus_uncertain_gaze_interaction_near_certain\058a0b9c_Unity.AppUI.UI.IntField.UxmlSerializedData$$.ctor.c,C:\realDesktop\manifest-evaluations\summer-26\ghidra-pipeline\il2cpp-files\spatialPiano\manual-review-pack\A_must_review\018_p418_Unity.AppUI.UI.IntField.UxmlSerializedData$$.ctor.c
19,418,A_must_review,Unity.AppUI.UI.IntField$$ParseValueToString,058a07b0,259,90_plus_uncertain_gaze_interaction_near_certain,eye_source; weak_source_state; validity_gate; pose_vector; paired_state_refs; ray_interaction; telemetry; frame_behavior; structure_combo; ordered_structure,strong_eye_source_hits_3; weak_xr_or_state_hits_12; validity_or_gating_hits_21; strong_pose_or_ray_construction_hits_3; paired_field_refs_with_eye_source; ray_or_cast_sink_hits_6; telemetry_or_network_hits_6; frame_or_lifecycle_behavior; source_validity_pose_sink_structure; strong_eye_source_validity_pose_sink_structure; ordered_eye_source_validity_pose_interaction_sink; functionality_gaze_interaction_hits_6; functionality_data_collection_or_telemetry_hits_1,base_scanner_score_259; module_bonus_validity_gate_8; module_bonus_pose_vector_10; module_bonus_paired_state_refs_8; module_bonus_ray_interaction_15; module_bonus_telemetry_20; module_bonus_frame_behavior_5; module_bonus_structure_combo_18; evidence_bonus_telemetry_or_network_hits_12; sensitive_sink_telemetry_bonus_15; keyword_support_eye_or_gaze_5_bonus_20; keyword_support_sdk_4_bonus_12; keyword_support_collection_or_telemetry_4_bonus_16,C:\realDesktop\manifest-evaluations\summer-26\ghidra-pipeline\il2cpp-files\spatialPiano\general-structure-results\90_plus_uncertain_gaze_interaction_near_certain\058a07b0_Unity.AppUI.UI.IntField$$ParseValueToString.c,C:\realDesktop\manifest-evaluations\summer-26\ghidra-pipeline\il2cpp-files\spatialPiano\manual-review-pack\A_must_review\019_p418_Unity.AppUI.UI.IntField$$ParseValueToString.c
20,418,A_must_review,Unity.AppUI.UI.IntField$$ParseStringToValue,058a071c,259,90_plus_uncertain_gaze_interaction_near_certain,eye_source; weak_source_state; validity_gate; pose_vector; paired_state_refs; ray_interaction; telemetry; frame_behavior; structure_combo; ordered_structure,strong_eye_source_hits_3; weak_xr_or_state_hits_13; validity_or_gating_hits_21; strong_pose_or_ray_construction_hits_3; paired_field_refs_with_eye_source; ray_or_cast_sink_hits_6; telemetry_or_network_hits_6; frame_or_lifecycle_behavior; source_validity_pose_sink_structure; strong_eye_source_validity_pose_sink_structure; ordered_eye_source_validity_pose_interaction_sink; functionality_gaze_interaction_hits_6; functionality_data_collection_or_telemetry_hits_1,base_scanner_score_259; module_bonus_validity_gate_8; module_bonus_pose_vector_10; module_bonus_paired_state_refs_8; module_bonus_ray_interaction_15; module_bonus_telemetry_20; module_bonus_frame_behavior_5; module_bonus_structure_combo_18; evidence_bonus_telemetry_or_network_hits_12; sensitive_sink_telemetry_bonus_15; keyword_support_eye_or_gaze_5_bonus_20; keyword_support_sdk_4_bonus_12; keyword_support_collection_or_telemetry_4_bonus_16,C:\realDesktop\manifest-evaluations\summer-26\ghidra-pipeline\il2cpp-files\spatialPiano\general-structure-results\90_plus_uncertain_gaze_interaction_near_certain\058a071c_Unity.AppUI.UI.IntField$$ParseStringToValue.c,C:\realDesktop\manifest-evaluations\summer-26\ghidra-pipeline\il2cpp-files\spatialPiano\manual-review-pack\A_must_review\020_p418_Unity.AppUI.UI.IntField$$ParseStringToValue.c
21,418,A_must_review,Unity.AppUI.UI.IntField$$ParseRawValueToString,058a0850,259,90_plus_uncertain_gaze_interaction_near_certain,eye_source; weak_source_state; validity_gate; pose_vector; paired_state_refs; ray_interaction; telemetry; frame_behavior; structure_combo; ordered_structure,strong_eye_source_hits_3; weak_xr_or_state_hits_12; validity_or_gating_hits_21; strong_pose_or_ray_construction_hits_3; paired_field_refs_with_eye_source; ray_or_cast_sink_hits_6; telemetry_or_network_hits_6; frame_or_lifecycle_behavior; source_validity_pose_sink_structure; strong_eye_source_validity_pose_sink_structure; ordered_eye_source_validity_pose_interaction_sink; functionality_gaze_interaction_hits_6; functionality_data_collection_or_telemetry_hits_1,base_scanner_score_259; module_bonus_validity_gate_8; module_bonus_pose_vector_10; module_bonus_paired_state_refs_8; module_bonus_ray_interaction_15; module_bonus_telemetry_20; module_bonus_frame_behavior_5; module_bonus_structure_combo_18; evidence_bonus_telemetry_or_network_hits_12; sensitive_sink_telemetry_bonus_15; keyword_support_eye_or_gaze_5_bonus_20; keyword_support_sdk_4_bonus_12; keyword_support_collection_or_telemetry_4_bonus_16,C:\realDesktop\manifest-evaluations\summer-26\ghidra-pipeline\il2cpp-files\spatialPiano\general-structure-results\90_plus_uncertain_gaze_interaction_near_certain\058a0850_Unity.AppUI.UI.IntField$$ParseRawValueToString.c,C:\realDesktop\manifest-evaluations\summer-26\ghidra-pipeline\il2cpp-files\spatialPiano\manual-review-pack\A_must_review\021_p418_Unity.AppUI.UI.IntField$$ParseRawValueToString.c
22,418,A_must_review,Unity.AppUI.UI.IntField$$Min,058a08dc,259,90_plus_uncertain_gaze_interaction_near_certain,eye_source; weak_source_state; validity_gate; pose_vector; paired_state_refs; ray_interaction; telemetry; frame_behavior; structure_combo; ordered_structure,strong_eye_source_hits_3; weak_xr_or_state_hits_12; validity_or_gating_hits_21; strong_pose_or_ray_construction_hits_3; paired_field_refs_with_eye_source; ray_or_cast_sink_hits_6; telemetry_or_network_hits_6; frame_or_lifecycle_behavior; source_validity_pose_sink_structure; strong_eye_source_validity_pose_sink_structure; ordered_eye_source_validity_pose_interaction_sink; functionality_gaze_interaction_hits_6; functionality_data_collection_or_telemetry_hits_1,base_scanner_score_259; module_bonus_validity_gate_8; module_bonus_pose_vector_10; module_bonus_paired_state_refs_8; module_bonus_ray_interaction_15; module_bonus_telemetry_20; module_bonus_frame_behavior_5; module_bonus_structure_combo_18; evidence_bonus_telemetry_or_network_hits_12; sensitive_sink_telemetry_bonus_15; keyword_support_eye_or_gaze_5_bonus_20; keyword_support_sdk_4_bonus_12; keyword_support_collection_or_telemetry_4_bonus_16,C:\realDesktop\manifest-evaluations\summer-26\ghidra-pipeline\il2cpp-files\spatialPiano\general-structure-results\90_plus_uncertain_gaze_interaction_near_certain\058a08dc_Unity.AppUI.UI.IntField$$Min.c,C:\realDesktop\manifest-evaluations\summer-26\ghidra-pipeline\il2cpp-files\spatialPiano\manual-review-pack\A_must_review\022_p418_Unity.AppUI.UI.IntField$$Min.c
23,418,A_must_review,Unity.AppUI.UI.IntField$$Max,058a0944,259,90_plus_uncertain_gaze_interaction_near_certain,eye_source; weak_source_state; validity_gate; pose_vector; paired_state_refs; ray_interaction; telemetry; frame_behavior; structure_combo; ordered_structure,strong_eye_source_hits_3; weak_xr_or_state_hits_12; validity_or_gating_hits_21; strong_pose_or_ray_construction_hits_3; paired_field_refs_with_eye_source; ray_or_cast_sink_hits_6; telemetry_or_network_hits_6; frame_or_lifecycle_behavior; source_validity_pose_sink_structure; strong_eye_source_validity_pose_sink_structure; ordered_eye_source_validity_pose_interaction_sink; functionality_gaze_interaction_hits_6; functionality_data_collection_or_telemetry_hits_1,base_scanner_score_259; module_bonus_validity_gate_8; module_bonus_pose_vector_10; module_bonus_paired_state_refs_8; module_bonus_ray_interaction_15; module_bonus_telemetry_20; module_bonus_frame_behavior_5; module_bonus_structure_combo_18; evidence_bonus_telemetry_or_network_hits_12; sensitive_sink_telemetry_bonus_15; keyword_support_eye_or_gaze_5_bonus_20; keyword_support_sdk_4_bonus_12; keyword_support_collection_or_telemetry_4_bonus_16,C:\realDesktop\manifest-evaluations\summer-26\ghidra-pipeline\il2cpp-files\spatialPiano\general-structure-results\90_plus_uncertain_gaze_interaction_near_certain\058a0944_Unity.AppUI.UI.IntField$$Max.c,C:\realDesktop\manifest-evaluations\summer-26\ghidra-pipeline\il2cpp-files\spatialPiano\manual-review-pack\A_must_review\023_p418_Unity.AppUI.UI.IntField$$Max.c
24,418,A_must_review,Unity.AppUI.UI.IntField$$Increment,058a09ac,259,90_plus_uncertain_gaze_interaction_near_certain,eye_source; weak_source_state; validity_gate; pose_vector; paired_state_refs; ray_interaction; telemetry; frame_behavior; structure_combo; ordered_structure,strong_eye_source_hits_3; weak_xr_or_state_hits_12; validity_or_gating_hits_21; strong_pose_or_ray_construction_hits_3; paired_field_refs_with_eye_source; ray_or_cast_sink_hits_6; telemetry_or_network_hits_6; frame_or_lifecycle_behavior; source_validity_pose_sink_structure; strong_eye_source_validity_pose_sink_structure; ordered_eye_source_validity_pose_interaction_sink; functionality_gaze_interaction_hits_6; functionality_data_collection_or_telemetry_hits_1,base_scanner_score_259; module_bonus_validity_gate_8; module_bonus_pose_vector_10; module_bonus_paired_state_refs_8; module_bonus_ray_interaction_15; module_bonus_telemetry_20; module_bonus_frame_behavior_5; module_bonus_structure_combo_18; evidence_bonus_telemetry_or_network_hits_12; sensitive_sink_telemetry_bonus_15; keyword_support_eye_or_gaze_5_bonus_20; keyword_support_sdk_4_bonus_12; keyword_support_collection_or_telemetry_4_bonus_16,C:\realDesktop\manifest-evaluations\summer-26\ghidra-pipeline\il2cpp-files\spatialPiano\general-structure-results\90_plus_uncertain_gaze_interaction_near_certain\058a09ac_Unity.AppUI.UI.IntField$$Increment.c,C:\realDesktop\manifest-evaluations\summer-26\ghidra-pipeline\il2cpp-files\spatialPiano\manual-review-pack\A_must_review\024_p418_Unity.AppUI.UI.IntField$$Increment.c
25,418,A_must_review,Unity.AppUI.UI.IntField$$GetIncrementFactor,058a0a7c,259,90_plus_uncertain_gaze_interaction_near_certain,eye_source; weak_source_state; validity_gate; pose_vector; paired_state_refs; ray_interaction; telemetry; frame_behavior; structure_combo; ordered_structure,strong_eye_source_hits_3; weak_xr_or_state_hits_12; validity_or_gating_hits_21; strong_pose_or_ray_construction_hits_3; paired_field_refs_with_eye_source; ray_or_cast_sink_hits_6; telemetry_or_network_hits_6; frame_or_lifecycle_behavior; source_validity_pose_sink_structure; strong_eye_source_validity_pose_sink_structure; ordered_eye_source_validity_pose_interaction_sink; functionality_gaze_interaction_hits_6; functionality_data_collection_or_telemetry_hits_1,base_scanner_score_259; module_bonus_validity_gate_8; module_bonus_pose_vector_10; module_bonus_paired_state_refs_8; module_bonus_ray_interaction_15; module_bonus_telemetry_20; module_bonus_frame_behavior_5; module_bonus_structure_combo_18; evidence_bonus_telemetry_or_network_hits_12; sensitive_sink_telemetry_bonus_15; keyword_support_eye_or_gaze_5_bonus_20; keyword_support_sdk_4_bonus_12; keyword_support_collection_or_telemetry_4_bonus_16,C:\realDesktop\manifest-evaluations\summer-26\ghidra-pipeline\il2cpp-files\spatialPiano\general-structure-results\90_plus_uncertain_gaze_interaction_near_certain\058a0a7c_Unity.AppUI.UI.IntField$$GetIncrementFactor.c,C:\realDesktop\manifest-evaluations\summer-26\ghidra-pipeline\il2cpp-files\spatialPiano\manual-review-pack\A_must_review\025_p418_Unity.AppUI.UI.IntField$$GetIncrementFactor.c
26,418,A_must_review,Unity.AppUI.UI.IntField$$AreEqual,058a08d0,259,90_plus_uncertain_gaze_interaction_near_certain,eye_source; weak_source_state; validity_gate; pose_vector; paired_state_refs; ray_interaction; telemetry; frame_behavior; structure_combo; ordered_structure,strong_eye_source_hits_3; weak_xr_or_state_hits_12; validity_or_gating_hits_21; strong_pose_or_ray_construction_hits_3; paired_field_refs_with_eye_source; ray_or_cast_sink_hits_6; telemetry_or_network_hits_6; frame_or_lifecycle_behavior; source_validity_pose_sink_structure; strong_eye_source_validity_pose_sink_structure; ordered_eye_source_validity_pose_interaction_sink; functionality_gaze_interaction_hits_6; functionality_data_collection_or_telemetry_hits_1,base_scanner_score_259; module_bonus_validity_gate_8; module_bonus_pose_vector_10; module_bonus_paired_state_refs_8; module_bonus_ray_interaction_15; module_bonus_telemetry_20; module_bonus_frame_behavior_5; module_bonus_structure_combo_18; evidence_bonus_telemetry_or_network_hits_12; sensitive_sink_telemetry_bonus_15; keyword_support_eye_or_gaze_5_bonus_20; keyword_support_sdk_4_bonus_12; keyword_support_collection_or_telemetry_4_bonus_16,C:\realDesktop\manifest-evaluations\summer-26\ghidra-pipeline\il2cpp-files\spatialPiano\general-structure-results\90_plus_uncertain_gaze_interaction_near_certain\058a08d0_Unity.AppUI.UI.IntField$$AreEqual.c,C:\realDesktop\manifest-evaluations\summer-26\ghidra-pipeline\il2cpp-files\spatialPiano\manual-review-pack\A_must_review\026_p418_Unity.AppUI.UI.IntField$$AreEqual.c
27,418,A_must_review,Unity.AppUI.UI.IntField$$.ctor,058a0670,259,90_plus_uncertain_gaze_interaction_near_certain,eye_source; weak_source_state; validity_gate; pose_vector; paired_state_refs; ray_interaction; telemetry; frame_behavior; structure_combo; ordered_structure,strong_eye_source_hits_3; weak_xr_or_state_hits_12; validity_or_gating_hits_21; strong_pose_or_ray_construction_hits_3; paired_field_refs_with_eye_source; ray_or_cast_sink_hits_6; telemetry_or_network_hits_6; frame_or_lifecycle_behavior; source_validity_pose_sink_structure; strong_eye_source_validity_pose_sink_structure; ordered_eye_source_validity_pose_interaction_sink; functionality_gaze_interaction_hits_6; functionality_data_collection_or_telemetry_hits_1,base_scanner_score_259; module_bonus_validity_gate_8; module_bonus_pose_vector_10; module_bonus_paired_state_refs_8; module_bonus_ray_interaction_15; module_bonus_telemetry_20; module_bonus_frame_behavior_5; module_bonus_structure_combo_18; evidence_bonus_telemetry_or_network_hits_12; sensitive_sink_telemetry_bonus_15; keyword_support_eye_or_gaze_5_bonus_20; keyword_support_sdk_4_bonus_12; keyword_support_collection_or_telemetry_4_bonus_16,C:\realDesktop\manifest-evaluations\summer-26\ghidra-pipeline\il2cpp-files\spatialPiano\general-structure-results\90_plus_uncertain_gaze_interaction_near_certain\058a0670_Unity.AppUI.UI.IntField$$.ctor.c,C:\realDesktop\manifest-evaluations\summer-26\ghidra-pipeline\il2cpp-files\spatialPiano\manual-review-pack\A_must_review\027_p418_Unity.AppUI.UI.IntField$$.ctor.c
28,418,A_must_review,Unity.AppUI.UI.InputLabel.UxmlSerializedData$$Deserialize,058a0228,259,90_plus_uncertain_gaze_interaction_near_certain,eye_source; weak_source_state; validity_gate; pose_vector; paired_state_refs; ray_interaction; telemetry; frame_behavior; structure_combo; ordered_structure,strong_eye_source_hits_3; weak_xr_or_state_hits_15; validity_or_gating_hits_21; strong_pose_or_ray_construction_hits_3; paired_field_refs_with_eye_source; ray_or_cast_sink_hits_7; telemetry_or_network_hits_15; frame_or_lifecycle_behavior; source_validity_pose_sink_structure; strong_eye_source_validity_pose_sink_structure; ordered_eye_source_validity_pose_interaction_sink; functionality_gaze_interaction_hits_8; functionality_data_collection_or_telemetry_hits_5,base_scanner_score_259; module_bonus_validity_gate_8; module_bonus_pose_vector_10; module_bonus_paired_state_refs_8; module_bonus_ray_interaction_15; module_bonus_telemetry_20; module_bonus_frame_behavior_5; module_bonus_structure_combo_18; evidence_bonus_telemetry_or_network_hits_12; sensitive_sink_telemetry_bonus_15; keyword_support_eye_or_gaze_5_bonus_20; keyword_support_sdk_4_bonus_12; keyword_support_collection_or_telemetry_4_bonus_16,C:\realDesktop\manifest-evaluations\summer-26\ghidra-pipeline\il2cpp-files\spatialPiano\general-structure-results\90_plus_uncertain_gaze_interaction_near_certain\058a0228_Unity.AppUI.UI.InputLabel.UxmlSerializedData$$Deserialize.c,C:\realDesktop\manifest-evaluations\summer-26\ghidra-pipeline\il2cpp-files\spatialPiano\manual-review-pack\A_must_review\028_p418_Unity.AppUI.UI.InputLabel.UxmlSerializedData$$Deserialize.c
29,418,A_must_review,Unity.AppUI.UI.InputLabel.UxmlSerializedData$$CreateInstance,058a01d4,259,90_plus_uncertain_gaze_interaction_near_certain,eye_source; weak_source_state; validity_gate; pose_vector; paired_state_refs; ray_interaction; telemetry; frame_behavior; structure_combo; ordered_structure,strong_eye_source_hits_3; weak_xr_or_state_hits_15; validity_or_gating_hits_21; strong_pose_or_ray_construction_hits_3; paired_field_refs_with_eye_source; ray_or_cast_sink_hits_7; telemetry_or_network_hits_14; frame_or_lifecycle_behavior; source_validity_pose_sink_structure; strong_eye_source_validity_pose_sink_structure; ordered_eye_source_validity_pose_interaction_sink; functionality_gaze_interaction_hits_8; functionality_data_collection_or_telemetry_hits_6,base_scanner_score_259; module_bonus_validity_gate_8; module_bonus_pose_vector_10; module_bonus_paired_state_refs_8; module_bonus_ray_interaction_15; module_bonus_telemetry_20; module_bonus_frame_behavior_5; module_bonus_structure_combo_18; evidence_bonus_telemetry_or_network_hits_12; sensitive_sink_telemetry_bonus_15; keyword_support_eye_or_gaze_5_bonus_20; keyword_support_sdk_4_bonus_12; keyword_support_collection_or_telemetry_4_bonus_16,C:\realDesktop\manifest-evaluations\summer-26\ghidra-pipeline\il2cpp-files\spatialPiano\general-structure-results\90_plus_uncertain_gaze_interaction_near_certain\058a01d4_Unity.AppUI.UI.InputLabel.UxmlSerializedData$$CreateInstance.c,C:\realDesktop\manifest-evaluations\summer-26\ghidra-pipeline\il2cpp-files\spatialPiano\manual-review-pack\A_must_review\029_p418_Unity.AppUI.UI.InputLabel.UxmlSerializedData$$CreateInstance.c
30,418,A_must_review,Unity.AppUI.UI.InputLabel.UxmlSerializedData$$.ctor,058a0668,259,90_plus_uncertain_gaze_interaction_near_certain,eye_source; weak_source_state; validity_gate; pose_vector; paired_state_refs; ray_interaction; telemetry; frame_behavior; structure_combo; ordered_structure,strong_eye_source_hits_3; weak_xr_or_state_hits_12; validity_or_gating_hits_21; strong_pose_or_ray_construction_hits_3; paired_field_refs_with_eye_source; ray_or_cast_sink_hits_6; telemetry_or_network_hits_8; frame_or_lifecycle_behavior; source_validity_pose_sink_structure; strong_eye_source_validity_pose_sink_structure; ordered_eye_source_validity_pose_interaction_sink; functionality_gaze_interaction_hits_6; functionality_data_collection_or_telemetry_hits_1,base_scanner_score_259; module_bonus_validity_gate_8; module_bonus_pose_vector_10; module_bonus_paired_state_refs_8; module_bonus_ray_interaction_15; module_bonus_telemetry_20; module_bonus_frame_behavior_5; module_bonus_structure_combo_18; evidence_bonus_telemetry_or_network_hits_12; sensitive_sink_telemetry_bonus_15; keyword_support_eye_or_gaze_5_bonus_20; keyword_support_sdk_4_bonus_12; keyword_support_collection_or_telemetry_4_bonus_16,C:\realDesktop\manifest-evaluations\summer-26\ghidra-pipeline\il2cpp-files\spatialPiano\general-structure-results\90_plus_uncertain_gaze_interaction_near_certain\058a0668_Unity.AppUI.UI.InputLabel.UxmlSerializedData$$.ctor.c,C:\realDesktop\manifest-evaluations\summer-26\ghidra-pipeline\il2cpp-files\spatialPiano\manual-review-pack\A_must_review\030_p418_Unity.AppUI.UI.InputLabel.UxmlSerializedData$$.ctor.c
31,413,A_must_review,UnityEngine.XR.ARSubsystems.XREnvironmentProbeSubsystemDescriptor$$set_supportsManualPlacement,05dc4320,265,90_plus_framework_support_only_near_certain,eye_source; weak_source_state; validity_gate; pose_vector; ui_interaction; telemetry; frame_behavior; structure_combo; ordered_structure,strong_eye_source_hits_2; weak_xr_or_state_hits_6; validity_or_gating_hits_16; strong_pose_or_ray_construction_hits_2; ui_or_gameplay_sink_hits_12; telemetry_or_network_hits_14; frame_or_lifecycle_behavior; source_validity_pose_sink_structure; strong_eye_source_validity_pose_sink_structure; ordered_eye_source_validity_pose_collection_sink; ordered_eye_source_validity_pose_interaction_sink; functionality_gaze_interaction_hits_12; functionality_data_collection_or_telemetry_hits_14,base_scanner_score_265; module_bonus_validity_gate_8; module_bonus_pose_vector_10; module_bonus_ui_interaction_12; module_bonus_telemetry_20; module_bonus_frame_behavior_5; module_bonus_structure_combo_18; evidence_bonus_telemetry_or_network_hits_12; sensitive_sink_telemetry_bonus_15; keyword_support_eye_or_gaze_5_bonus_20; keyword_support_sdk_4_bonus_12; keyword_support_collection_or_telemetry_4_bonus_16,C:\realDesktop\manifest-evaluations\summer-26\ghidra-pipeline\il2cpp-files\spatialPiano\general-structure-results\90_plus_framework_support_only_near_certain\05dc4320_UnityEngine.XR.ARSubsystems.XREnvironmentProbeSubsystemDescriptor$$set_supportsManualPlacement.c,C:\realDesktop\manifest-evaluations\summer-26\ghidra-pipeline\il2cpp-files\spatialPiano\manual-review-pack\A_must_review\031_p413_UnityEngine.XR.ARSubsystems.XREnvironmentProbeSubsystemDescriptor$$set_supportsManualPlacement.c
32,413,A_must_review,UnityEngine.XR.ARSubsystems.XREnvironmentProbeSubsystemDescriptor$$set_supportsAutomaticPlacement,05dc4340,265,90_plus_framework_support_only_near_certain,eye_source; weak_source_state; validity_gate; pose_vector; ui_interaction; telemetry; frame_behavior; structure_combo; ordered_structure,strong_eye_source_hits_2; weak_xr_or_state_hits_6; validity_or_gating_hits_16; strong_pose_or_ray_construction_hits_2; ui_or_gameplay_sink_hits_12; telemetry_or_network_hits_14; frame_or_lifecycle_behavior; source_validity_pose_sink_structure; strong_eye_source_validity_pose_sink_structure; ordered_eye_source_validity_pose_collection_sink; ordered_eye_source_validity_pose_interaction_sink; functionality_gaze_interaction_hits_12; functionality_data_collection_or_telemetry_hits_14,base_scanner_score_265; module_bonus_validity_gate_8; module_bonus_pose_vector_10; module_bonus_ui_interaction_12; module_bonus_telemetry_20; module_bonus_frame_behavior_5; module_bonus_structure_combo_18; evidence_bonus_telemetry_or_network_hits_12; sensitive_sink_telemetry_bonus_15; keyword_support_eye_or_gaze_5_bonus_20; keyword_support_sdk_4_bonus_12; keyword_support_collection_or_telemetry_4_bonus_16,C:\realDesktop\manifest-evaluations\summer-26\ghidra-pipeline\il2cpp-files\spatialPiano\general-structure-results\90_plus_framework_support_only_near_certain\05dc4340_UnityEngine.XR.ARSubsystems.XREnvironmentProbeSubsystemDescriptor$$set_supportsAutomaticPlacement.c,C:\realDesktop\manifest-evaluations\summer-26\ghidra-pipeline\il2cpp-files\spatialPiano\manual-review-pack\A_must_review\032_p413_UnityEngine.XR.ARSubsystems.XREnvironmentProbeSubsystemDescriptor$$set_supportsAutomaticPlacement.c
33,413,A_must_review,UnityEngine.XR.ARSubsystems.XREnvironmentProbeSubsystemDescriptor$$get_supportsManualPlacement,05dc4318,265,90_plus_framework_support_only_near_certain,eye_source; weak_source_state; validity_gate; pose_vector; ui_interaction; telemetry; frame_behavior; structure_combo; ordered_structure,strong_eye_source_hits_2; weak_xr_or_state_hits_6; validity_or_gating_hits_16; strong_pose_or_ray_construction_hits_2; ui_or_gameplay_sink_hits_12; telemetry_or_network_hits_14; frame_or_lifecycle_behavior; source_validity_pose_sink_structure; strong_eye_source_validity_pose_sink_structure; ordered_eye_source_validity_pose_collection_sink; ordered_eye_source_validity_pose_interaction_sink; functionality_gaze_interaction_hits_12; functionality_data_collection_or_telemetry_hits_14,base_scanner_score_265; module_bonus_validity_gate_8; module_bonus_pose_vector_10; module_bonus_ui_interaction_12; module_bonus_telemetry_20; module_bonus_frame_behavior_5; module_bonus_structure_combo_18; evidence_bonus_telemetry_or_network_hits_12; sensitive_sink_telemetry_bonus_15; keyword_support_eye_or_gaze_5_bonus_20; keyword_support_sdk_4_bonus_12; keyword_support_collection_or_telemetry_4_bonus_16,C:\realDesktop\manifest-evaluations\summer-26\ghidra-pipeline\il2cpp-files\spatialPiano\general-structure-results\90_plus_framework_support_only_near_certain\05dc4318_UnityEngine.XR.ARSubsystems.XREnvironmentProbeSubsystemDescriptor$$get_supportsManualPlacement.c,C:\realDesktop\manifest-evaluations\summer-26\ghidra-pipeline\il2cpp-files\spatialPiano\manual-review-pack\A_must_review\033_p413_UnityEngine.XR.ARSubsystems.XREnvironmentProbeSubsystemDescriptor$$get_supportsManualPlacement.c
34,413,A_must_review,UnityEngine.XR.ARSubsystems.XREnvironmentProbeSubsystemDescriptor$$get_supportsAutomaticPlacement,05dc4338,265,90_plus_framework_support_only_near_certain,eye_source; weak_source_state; validity_gate; pose_vector; ui_interaction; telemetry; frame_behavior; structure_combo; ordered_structure,strong_eye_source_hits_2; weak_xr_or_state_hits_6; validity_or_gating_hits_16; strong_pose_or_ray_construction_hits_2; ui_or_gameplay_sink_hits_12; telemetry_or_network_hits_14; frame_or_lifecycle_behavior; source_validity_pose_sink_structure; strong_eye_source_validity_pose_sink_structure; ordered_eye_source_validity_pose_collection_sink; ordered_eye_source_validity_pose_interaction_sink; functionality_gaze_interaction_hits_12; functionality_data_collection_or_telemetry_hits_14,base_scanner_score_265; module_bonus_validity_gate_8; module_bonus_pose_vector_10; module_bonus_ui_interaction_12; module_bonus_telemetry_20; module_bonus_frame_behavior_5; module_bonus_structure_combo_18; evidence_bonus_telemetry_or_network_hits_12; sensitive_sink_telemetry_bonus_15; keyword_support_eye_or_gaze_5_bonus_20; keyword_support_sdk_4_bonus_12; keyword_support_collection_or_telemetry_4_bonus_16,C:\realDesktop\manifest-evaluations\summer-26\ghidra-pipeline\il2cpp-files\spatialPiano\general-structure-results\90_plus_framework_support_only_near_certain\05dc4338_UnityEngine.XR.ARSubsystems.XREnvironmentProbeSubsystemDescriptor$$get_supportsAutomaticPlacement.c,C:\realDesktop\manifest-evaluations\summer-26\ghidra-pipeline\il2cpp-files\spatialPiano\manual-review-pack\A_must_review\034_p413_UnityEngine.XR.ARSubsystems.XREnvironmentProbeSubsystemDescriptor$$get_supportsAutomaticPlacement.c
35,413,A_must_review,FUN_05dc4244,05dc4244,265,90_plus_uncertain_gaze_interaction_near_certain,eye_source; weak_source_state; validity_gate; pose_vector; ui_interaction; telemetry; frame_behavior; structure_combo; ordered_structure,strong_eye_source_hits_2; weak_xr_or_state_hits_6; validity_or_gating_hits_16; strong_pose_or_ray_construction_hits_2; ui_or_gameplay_sink_hits_15; telemetry_or_network_hits_19; frame_or_lifecycle_behavior; source_validity_pose_sink_structure; strong_eye_source_validity_pose_sink_structure; ordered_eye_source_validity_pose_collection_sink; ordered_eye_source_validity_pose_interaction_sink; functionality_gaze_interaction_hits_15; functionality_data_collection_or_telemetry_hits_19,base_scanner_score_265; module_bonus_validity_gate_8; module_bonus_pose_vector_10; module_bonus_ui_interaction_12; module_bonus_telemetry_20; module_bonus_frame_behavior_5; module_bonus_structure_combo_18; evidence_bonus_telemetry_or_network_hits_12; sensitive_sink_telemetry_bonus_15; keyword_support_eye_or_gaze_5_bonus_20; keyword_support_sdk_4_bonus_12; keyword_support_collection_or_telemetry_4_bonus_16,C:\realDesktop\manifest-evaluations\summer-26\ghidra-pipeline\il2cpp-files\spatialPiano\general-structure-results\90_plus_uncertain_gaze_interaction_near_certain\05dc4244_FUN_05dc4244.c,C:\realDesktop\manifest-evaluations\summer-26\ghidra-pipeline\il2cpp-files\spatialPiano\manual-review-pack\A_must_review\035_p413_FUN_05dc4244.c
36,407,A_must_review,UnityEngine.XR.ARSubsystems.XRFaceSubsystemDescriptor.Cinfo$$op_Inequality,05dc63e8,256,90_plus_framework_support_only_near_certain,eye_source; weak_source_state; validity_gate; pose_vector; paired_state_refs; ui_interaction; telemetry; structure_combo; ordered_structure,strong_eye_source_hits_13; weak_xr_or_state_hits_14; validity_or_gating_hits_21; strong_pose_or_ray_construction_hits_4; paired_field_refs_with_eye_source; ui_or_gameplay_sink_hits_8; telemetry_or_network_hits_14; source_validity_pose_sink_structure; strong_eye_source_validity_pose_sink_structure; ordered_eye_source_validity_pose_interaction_sink; functionality_gaze_retrieval_or_extraction; functionality_gaze_interaction_hits_8; functionality_data_collection_or_telemetry_hits_14,base_scanner_score_256; module_bonus_validity_gate_8; module_bonus_pose_vector_10; module_bonus_paired_state_refs_8; module_bonus_ui_interaction_12; module_bonus_telemetry_20; module_bonus_structure_combo_18; evidence_bonus_telemetry_or_network_hits_12; sensitive_sink_telemetry_bonus_15; keyword_support_eye_or_gaze_5_bonus_20; keyword_support_sdk_4_bonus_12; keyword_support_collection_or_telemetry_4_bonus_16,C:\realDesktop\manifest-evaluations\summer-26\ghidra-pipeline\il2cpp-files\spatialPiano\general-structure-results\90_plus_framework_support_only_near_certain\05dc63e8_UnityEngine.XR.ARSubsystems.XRFaceSubsystemDescriptor.Cinfo$$op_Inequality.c,C:\realDesktop\manifest-evaluations\summer-26\ghidra-pipeline\il2cpp-files\spatialPiano\manual-review-pack\A_must_review\036_p407_UnityEngine.XR.ARSubsystems.XRFaceSubsystemDescriptor.Cinfo$$op_Inequality.c
37,407,A_must_review,UnityEngine.XR.ARSubsystems.XRFaceSubsystemDescriptor.Cinfo$$op_Equality,05dc639c,256,90_plus_framework_support_only_near_certain,eye_source; weak_source_state; validity_gate; pose_vector; paired_state_refs; ui_interaction; telemetry; structure_combo; ordered_structure,strong_eye_source_hits_13; weak_xr_or_state_hits_14; validity_or_gating_hits_21; strong_pose_or_ray_construction_hits_4; paired_field_refs_with_eye_source; ui_or_gameplay_sink_hits_8; telemetry_or_network_hits_14; source_validity_pose_sink_structure; strong_eye_source_validity_pose_sink_structure; ordered_eye_source_validity_pose_interaction_sink; functionality_gaze_retrieval_or_extraction; functionality_gaze_interaction_hits_8; functionality_data_collection_or_telemetry_hits_14,base_scanner_score_256; module_bonus_validity_gate_8; module_bonus_pose_vector_10; module_bonus_paired_state_refs_8; module_bonus_ui_interaction_12; module_bonus_telemetry_20; module_bonus_structure_combo_18; evidence_bonus_telemetry_or_network_hits_12; sensitive_sink_telemetry_bonus_15; keyword_support_eye_or_gaze_5_bonus_20; keyword_support_sdk_4_bonus_12; keyword_support_collection_or_telemetry_4_bonus_16,C:\realDesktop\manifest-evaluations\summer-26\ghidra-pipeline\il2cpp-files\spatialPiano\general-structure-results\90_plus_framework_support_only_near_certain\05dc639c_UnityEngine.XR.ARSubsystems.XRFaceSubsystemDescriptor.Cinfo$$op_Equality.c,C:\realDesktop\manifest-evaluations\summer-26\ghidra-pipeline\il2cpp-files\spatialPiano\manual-review-pack\A_must_review\037_p407_UnityEngine.XR.ARSubsystems.XRFaceSubsystemDescriptor.Cinfo$$op_Equality.c
38,407,A_must_review,UnityEngine.XR.ARSubsystems.XRFaceSubsystemDescriptor.Cinfo$$GetHashCode,05dc62fc,256,90_plus_framework_support_only_near_certain,eye_source; weak_source_state; validity_gate; pose_vector; paired_state_refs; ui_interaction; telemetry; structure_combo; ordered_structure,strong_eye_source_hits_13; weak_xr_or_state_hits_15; validity_or_gating_hits_21; strong_pose_or_ray_construction_hits_8; paired_field_refs_with_eye_source; ui_or_gameplay_sink_hits_8; telemetry_or_network_hits_14; source_validity_pose_sink_structure; strong_eye_source_validity_pose_sink_structure; ordered_eye_source_validity_pose_interaction_sink; functionality_gaze_retrieval_or_extraction; functionality_gaze_interaction_hits_8; functionality_data_collection_or_telemetry_hits_14,base_scanner_score_256; module_bonus_validity_gate_8; module_bonus_pose_vector_10; module_bonus_paired_state_refs_8; module_bonus_ui_interaction_12; module_bonus_telemetry_20; module_bonus_structure_combo_18; evidence_bonus_telemetry_or_network_hits_12; sensitive_sink_telemetry_bonus_15; keyword_support_eye_or_gaze_5_bonus_20; keyword_support_sdk_4_bonus_12; keyword_support_collection_or_telemetry_4_bonus_16,C:\realDesktop\manifest-evaluations\summer-26\ghidra-pipeline\il2cpp-files\spatialPiano\general-structure-results\90_plus_framework_support_only_near_certain\05dc62fc_UnityEngine.XR.ARSubsystems.XRFaceSubsystemDescriptor.Cinfo$$GetHashCode.c,C:\realDesktop\manifest-evaluations\summer-26\ghidra-pipeline\il2cpp-files\spatialPiano\manual-review-pack\A_must_review\038_p407_UnityEngine.XR.ARSubsystems.XRFaceSubsystemDescriptor.Cinfo$$GetHashCode.c
39,407,A_must_review,FUN_05dc62c4,05dc62c4,256,90_plus_uncertain_gaze_interaction_near_certain,eye_source; weak_source_state; validity_gate; pose_vector; paired_state_refs; ui_interaction; telemetry; structure_combo; ordered_structure,strong_eye_source_hits_13; weak_xr_or_state_hits_15; validity_or_gating_hits_21; strong_pose_or_ray_construction_hits_8; paired_field_refs_with_eye_source; ui_or_gameplay_sink_hits_8; telemetry_or_network_hits_14; source_validity_pose_sink_structure; strong_eye_source_validity_pose_sink_structure; ordered_eye_source_validity_pose_interaction_sink; functionality_gaze_retrieval_or_extraction; functionality_gaze_interaction_hits_8; functionality_data_collection_or_telemetry_hits_14,base_scanner_score_256; module_bonus_validity_gate_8; module_bonus_pose_vector_10; module_bonus_paired_state_refs_8; module_bonus_ui_interaction_12; module_bonus_telemetry_20; module_bonus_structure_combo_18; evidence_bonus_telemetry_or_network_hits_12; sensitive_sink_telemetry_bonus_15; keyword_support_eye_or_gaze_5_bonus_20; keyword_support_sdk_4_bonus_12; keyword_support_collection_or_telemetry_4_bonus_16,C:\realDesktop\manifest-evaluations\summer-26\ghidra-pipeline\il2cpp-files\spatialPiano\general-structure-results\90_plus_uncertain_gaze_interaction_near_certain\05dc62c4_FUN_05dc62c4.c,C:\realDesktop\manifest-evaluations\summer-26\ghidra-pipeline\il2cpp-files\spatialPiano\manual-review-pack\A_must_review\039_p407_FUN_05dc62c4.c
40,407,A_must_review,FUN_055d524c,055d524c,244,90_plus_uncertain_gaze_interaction_near_certain,eye_source; weak_source_state; validity_gate; pose_vector; ray_interaction; ui_interaction; telemetry; frame_behavior; structure_combo,strong_eye_source_hits_10; weak_xr_or_state_hits_16; validity_or_gating_hits_21; strong_pose_or_ray_construction_hits_6; ray_or_cast_sink_hits_6; ui_or_gameplay_sink_hits_21; telemetry_or_network_hits_6; frame_or_lifecycle_behavior; source_validity_pose_sink_structure; strong_eye_source_validity_pose_sink_structure; functionality_gaze_retrieval_or_extraction; functionality_gaze_interaction_hits_6; functionality_data_collection_or_telemetry_hits_6,base_scanner_score_244; module_bonus_validity_gate_8; module_bonus_pose_vector_10; module_bonus_ray_interaction_15; module_bonus_ui_interaction_12; module_bonus_telemetry_20; module_bonus_frame_behavior_5; module_bonus_structure_combo_18; evidence_bonus_telemetry_or_network_hits_12; sensitive_sink_telemetry_bonus_15; keyword_support_eye_or_gaze_5_bonus_20; keyword_support_sdk_4_bonus_12; keyword_support_collection_or_telemetry_4_bonus_16,C:\realDesktop\manifest-evaluations\summer-26\ghidra-pipeline\il2cpp-files\spatialPiano\general-structure-results\90_plus_uncertain_gaze_interaction_near_certain\055d524c_FUN_055d524c.c,C:\realDesktop\manifest-evaluations\summer-26\ghidra-pipeline\il2cpp-files\spatialPiano\manual-review-pack\A_must_review\040_p407_FUN_055d524c.c
41,393,A_must_review,UnityEngine.XR.ARSubsystems.XREnvironmentProbeSubsystemDescriptor$$set_supportsRemovalOfManual,05dc4330,245,90_plus_framework_support_only_near_certain,eye_source; weak_source_state; validity_gate; pose_vector; ui_interaction; telemetry; frame_behavior; structure_combo; ordered_structure,strong_eye_source_hits_2; weak_xr_or_state_hits_6; validity_or_gating_hits_16; strong_pose_or_ray_construction_hits_2; ui_or_gameplay_sink_hits_12; telemetry_or_network_hits_14; frame_or_lifecycle_behavior; source_validity_pose_sink_structure; strong_eye_source_validity_pose_sink_structure; ordered_eye_source_validity_pose_collection_sink; ordered_eye_source_validity_pose_interaction_sink; negative_framework_support_context_without_confirmed_app_level_gaze_flow; functionality_gaze_interaction_hits_12; functionality_data_collection_or_telemetry_hits_14,base_scanner_score_245; module_bonus_validity_gate_8; module_bonus_pose_vector_10; module_bonus_ui_interaction_12; module_bonus_telemetry_20; module_bonus_frame_behavior_5; module_bonus_structure_combo_18; evidence_bonus_telemetry_or_network_hits_12; sensitive_sink_telemetry_bonus_15; keyword_support_eye_or_gaze_5_bonus_20; keyword_support_sdk_4_bonus_12; keyword_support_collection_or_telemetry_4_bonus_16,C:\realDesktop\manifest-evaluations\summer-26\ghidra-pipeline\il2cpp-files\spatialPiano\general-structure-results\90_plus_framework_support_only_near_certain\05dc4330_UnityEngine.XR.ARSubsystems.XREnvironmentProbeSubsystemDescriptor$$set_supportsRemovalOfManual.c,C:\realDesktop\manifest-evaluations\summer-26\ghidra-pipeline\il2cpp-files\spatialPiano\manual-review-pack\A_must_review\041_p393_UnityEngine.XR.ARSubsystems.XREnvironmentProbeSubsystemDescriptor$$set_supportsRemovalOfManual.c
42,393,A_must_review,UnityEngine.XR.ARSubsystems.XREnvironmentProbeSubsystemDescriptor$$set_supportsRemovalOfAutomatic,05dc4350,245,90_plus_framework_support_only_near_certain,eye_source; weak_source_state; validity_gate; pose_vector; ui_interaction; telemetry; frame_behavior; structure_combo; ordered_structure,strong_eye_source_hits_2; weak_xr_or_state_hits_6; validity_or_gating_hits_16; strong_pose_or_ray_construction_hits_2; ui_or_gameplay_sink_hits_12; telemetry_or_network_hits_14; frame_or_lifecycle_behavior; source_validity_pose_sink_structure; strong_eye_source_validity_pose_sink_structure; ordered_eye_source_validity_pose_collection_sink; ordered_eye_source_validity_pose_interaction_sink; negative_framework_support_context_without_confirmed_app_level_gaze_flow; functionality_gaze_interaction_hits_12; functionality_data_collection_or_telemetry_hits_14,base_scanner_score_245; module_bonus_validity_gate_8; module_bonus_pose_vector_10; module_bonus_ui_interaction_12; module_bonus_telemetry_20; module_bonus_frame_behavior_5; module_bonus_structure_combo_18; evidence_bonus_telemetry_or_network_hits_12; sensitive_sink_telemetry_bonus_15; keyword_support_eye_or_gaze_5_bonus_20; keyword_support_sdk_4_bonus_12; keyword_support_collection_or_telemetry_4_bonus_16,C:\realDesktop\manifest-evaluations\summer-26\ghidra-pipeline\il2cpp-files\spatialPiano\general-structure-results\90_plus_framework_support_only_near_certain\05dc4350_UnityEngine.XR.ARSubsystems.XREnvironmentProbeSubsystemDescriptor$$set_supportsRemovalOfAutomatic.c,C:\realDesktop\manifest-evaluations\summer-26\ghidra-pipeline\il2cpp-files\spatialPiano\manual-review-pack\A_must_review\042_p393_UnityEngine.XR.ARSubsystems.XREnvironmentProbeSubsystemDescriptor$$set_supportsRemovalOfAutomatic.c
43,393,A_must_review,UnityEngine.XR.ARSubsystems.XREnvironmentProbeSubsystemDescriptor$$set_supportsEnvironmentTextureHDR,05dc4370,245,90_plus_framework_support_only_near_certain,eye_source; weak_source_state; validity_gate; pose_vector; ui_interaction; telemetry; frame_behavior; structure_combo; ordered_structure,strong_eye_source_hits_2; weak_xr_or_state_hits_6; validity_or_gating_hits_16; strong_pose_or_ray_construction_hits_2; ui_or_gameplay_sink_hits_11; telemetry_or_network_hits_14; frame_or_lifecycle_behavior; source_validity_pose_sink_structure; strong_eye_source_validity_pose_sink_structure; ordered_eye_source_validity_pose_collection_sink; ordered_eye_source_validity_pose_interaction_sink; negative_framework_support_context_without_confirmed_app_level_gaze_flow; functionality_gaze_interaction_hits_11; functionality_data_collection_or_telemetry_hits_14,base_scanner_score_245; module_bonus_validity_gate_8; module_bonus_pose_vector_10; module_bonus_ui_interaction_12; module_bonus_telemetry_20; module_bonus_frame_behavior_5; module_bonus_structure_combo_18; evidence_bonus_telemetry_or_network_hits_12; sensitive_sink_telemetry_bonus_15; keyword_support_eye_or_gaze_5_bonus_20; keyword_support_sdk_4_bonus_12; keyword_support_collection_or_telemetry_4_bonus_16,C:\realDesktop\manifest-evaluations\summer-26\ghidra-pipeline\il2cpp-files\spatialPiano\general-structure-results\90_plus_framework_support_only_near_certain\05dc4370_UnityEngine.XR.ARSubsystems.XREnvironmentProbeSubsystemDescriptor$$set_supportsEnvironmentTextureHDR.c,C:\realDesktop\manifest-evaluations\summer-26\ghidra-pipeline\il2cpp-files\spatialPiano\manual-review-pack\A_must_review\043_p393_UnityEngine.XR.ARSubsystems.XREnvironmentProbeSubsystemDescriptor$$set_supportsEnvironmentTextureHDR.c
44,393,A_must_review,UnityEngine.XR.ARSubsystems.XREnvironmentProbeSubsystemDescriptor$$set_supportsEnvironmentTexture,05dc4360,245,90_plus_framework_support_only_near_certain,eye_source; weak_source_state; validity_gate; pose_vector; ui_interaction; telemetry; frame_behavior; structure_combo; ordered_structure,strong_eye_source_hits_2; weak_xr_or_state_hits_6; validity_or_gating_hits_16; strong_pose_or_ray_construction_hits_2; ui_or_gameplay_sink_hits_12; telemetry_or_network_hits_14; frame_or_lifecycle_behavior; source_validity_pose_sink_structure; strong_eye_source_validity_pose_sink_structure; ordered_eye_source_validity_pose_collection_sink; ordered_eye_source_validity_pose_interaction_sink; negative_framework_support_context_without_confirmed_app_level_gaze_flow; functionality_gaze_interaction_hits_12; functionality_data_collection_or_telemetry_hits_14,base_scanner_score_245; module_bonus_validity_gate_8; module_bonus_pose_vector_10; module_bonus_ui_interaction_12; module_bonus_telemetry_20; module_bonus_frame_behavior_5; module_bonus_structure_combo_18; evidence_bonus_telemetry_or_network_hits_12; sensitive_sink_telemetry_bonus_15; keyword_support_eye_or_gaze_5_bonus_20; keyword_support_sdk_4_bonus_12; keyword_support_collection_or_telemetry_4_bonus_16,C:\realDesktop\manifest-evaluations\summer-26\ghidra-pipeline\il2cpp-files\spatialPiano\general-structure-results\90_plus_framework_support_only_near_certain\05dc4360_UnityEngine.XR.ARSubsystems.XREnvironmentProbeSubsystemDescriptor$$set_supportsEnvironmentTexture.c,C:\realDesktop\manifest-evaluations\summer-26\ghidra-pipeline\il2cpp-files\spatialPiano\manual-review-pack\A_must_review\044_p393_UnityEngine.XR.ARSubsystems.XREnvironmentProbeSubsystemDescriptor$$set_supportsEnvironmentTexture.c
45,393,A_must_review,UnityEngine.XR.ARSubsystems.XREnvironmentProbeSubsystemDescriptor$$get_supportsRemovalOfManual,05dc4328,245,90_plus_framework_support_only_near_certain,eye_source; weak_source_state; validity_gate; pose_vector; ui_interaction; telemetry; frame_behavior; structure_combo; ordered_structure,strong_eye_source_hits_2; weak_xr_or_state_hits_6; validity_or_gating_hits_16; strong_pose_or_ray_construction_hits_2; ui_or_gameplay_sink_hits_12; telemetry_or_network_hits_14; frame_or_lifecycle_behavior; source_validity_pose_sink_structure; strong_eye_source_validity_pose_sink_structure; ordered_eye_source_validity_pose_collection_sink; ordered_eye_source_validity_pose_interaction_sink; negative_framework_support_context_without_confirmed_app_level_gaze_flow; functionality_gaze_interaction_hits_12; functionality_data_collection_or_telemetry_hits_14,base_scanner_score_245; module_bonus_validity_gate_8; module_bonus_pose_vector_10; module_bonus_ui_interaction_12; module_bonus_telemetry_20; module_bonus_frame_behavior_5; module_bonus_structure_combo_18; evidence_bonus_telemetry_or_network_hits_12; sensitive_sink_telemetry_bonus_15; keyword_support_eye_or_gaze_5_bonus_20; keyword_support_sdk_4_bonus_12; keyword_support_collection_or_telemetry_4_bonus_16,C:\realDesktop\manifest-evaluations\summer-26\ghidra-pipeline\il2cpp-files\spatialPiano\general-structure-results\90_plus_framework_support_only_near_certain\05dc4328_UnityEngine.XR.ARSubsystems.XREnvironmentProbeSubsystemDescriptor$$get_supportsRemovalOfManual.c,C:\realDesktop\manifest-evaluations\summer-26\ghidra-pipeline\il2cpp-files\spatialPiano\manual-review-pack\A_must_review\045_p393_UnityEngine.XR.ARSubsystems.XREnvironmentProbeSubsystemDescriptor$$get_supportsRemovalOfManual.c
46,393,A_must_review,UnityEngine.XR.ARSubsystems.XREnvironmentProbeSubsystemDescriptor$$get_supportsRemovalOfAutomatic,05dc4348,245,90_plus_framework_support_only_near_certain,eye_source; weak_source_state; validity_gate; pose_vector; ui_interaction; telemetry; frame_behavior; structure_combo; ordered_structure,strong_eye_source_hits_2; weak_xr_or_state_hits_6; validity_or_gating_hits_16; strong_pose_or_ray_construction_hits_2; ui_or_gameplay_sink_hits_12; telemetry_or_network_hits_14; frame_or_lifecycle_behavior; source_validity_pose_sink_structure; strong_eye_source_validity_pose_sink_structure; ordered_eye_source_validity_pose_collection_sink; ordered_eye_source_validity_pose_interaction_sink; negative_framework_support_context_without_confirmed_app_level_gaze_flow; functionality_gaze_interaction_hits_12; functionality_data_collection_or_telemetry_hits_14,base_scanner_score_245; module_bonus_validity_gate_8; module_bonus_pose_vector_10; module_bonus_ui_interaction_12; module_bonus_telemetry_20; module_bonus_frame_behavior_5; module_bonus_structure_combo_18; evidence_bonus_telemetry_or_network_hits_12; sensitive_sink_telemetry_bonus_15; keyword_support_eye_or_gaze_5_bonus_20; keyword_support_sdk_4_bonus_12; keyword_support_collection_or_telemetry_4_bonus_16,C:\realDesktop\manifest-evaluations\summer-26\ghidra-pipeline\il2cpp-files\spatialPiano\general-structure-results\90_plus_framework_support_only_near_certain\05dc4348_UnityEngine.XR.ARSubsystems.XREnvironmentProbeSubsystemDescriptor$$get_supportsRemovalOfAutomatic.c,C:\realDesktop\manifest-evaluations\summer-26\ghidra-pipeline\il2cpp-files\spatialPiano\manual-review-pack\A_must_review\046_p393_UnityEngine.XR.ARSubsystems.XREnvironmentProbeSubsystemDescriptor$$get_supportsRemovalOfAutomatic.c
47,393,A_must_review,UnityEngine.XR.ARSubsystems.XREnvironmentProbeSubsystemDescriptor$$get_supportsEnvironmentTextureHDR,05dc4368,245,90_plus_framework_support_only_near_certain,eye_source; weak_source_state; validity_gate; pose_vector; ui_interaction; telemetry; frame_behavior; structure_combo; ordered_structure,strong_eye_source_hits_2; weak_xr_or_state_hits_6; validity_or_gating_hits_16; strong_pose_or_ray_construction_hits_2; ui_or_gameplay_sink_hits_12; telemetry_or_network_hits_14; frame_or_lifecycle_behavior; source_validity_pose_sink_structure; strong_eye_source_validity_pose_sink_structure; ordered_eye_source_validity_pose_collection_sink; ordered_eye_source_validity_pose_interaction_sink; negative_framework_support_context_without_confirmed_app_level_gaze_flow; functionality_gaze_interaction_hits_12; functionality_data_collection_or_telemetry_hits_14,base_scanner_score_245; module_bonus_validity_gate_8; module_bonus_pose_vector_10; module_bonus_ui_interaction_12; module_bonus_telemetry_20; module_bonus_frame_behavior_5; module_bonus_structure_combo_18; evidence_bonus_telemetry_or_network_hits_12; sensitive_sink_telemetry_bonus_15; keyword_support_eye_or_gaze_5_bonus_20; keyword_support_sdk_4_bonus_12; keyword_support_collection_or_telemetry_4_bonus_16,C:\realDesktop\manifest-evaluations\summer-26\ghidra-pipeline\il2cpp-files\spatialPiano\general-structure-results\90_plus_framework_support_only_near_certain\05dc4368_UnityEngine.XR.ARSubsystems.XREnvironmentProbeSubsystemDescriptor$$get_supportsEnvironmentTextureHDR.c,C:\realDesktop\manifest-evaluations\summer-26\ghidra-pipeline\il2cpp-files\spatialPiano\manual-review-pack\A_must_review\047_p393_UnityEngine.XR.ARSubsystems.XREnvironmentProbeSubsystemDescriptor$$get_supportsEnvironmentTextureHDR.c
48,393,A_must_review,UnityEngine.XR.ARSubsystems.XREnvironmentProbeSubsystemDescriptor$$get_supportsEnvironmentTexture,05dc4358,245,90_plus_framework_support_only_near_certain,eye_source; weak_source_state; validity_gate; pose_vector; ui_interaction; telemetry; frame_behavior; structure_combo; ordered_structure,strong_eye_source_hits_2; weak_xr_or_state_hits_6; validity_or_gating_hits_16; strong_pose_or_ray_construction_hits_2; ui_or_gameplay_sink_hits_12; telemetry_or_network_hits_14; frame_or_lifecycle_behavior; source_validity_pose_sink_structure; strong_eye_source_validity_pose_sink_structure; ordered_eye_source_validity_pose_collection_sink; ordered_eye_source_validity_pose_interaction_sink; negative_framework_support_context_without_confirmed_app_level_gaze_flow; functionality_gaze_interaction_hits_12; functionality_data_collection_or_telemetry_hits_14,base_scanner_score_245; module_bonus_validity_gate_8; module_bonus_pose_vector_10; module_bonus_ui_interaction_12; module_bonus_telemetry_20; module_bonus_frame_behavior_5; module_bonus_structure_combo_18; evidence_bonus_telemetry_or_network_hits_12; sensitive_sink_telemetry_bonus_15; keyword_support_eye_or_gaze_5_bonus_20; keyword_support_sdk_4_bonus_12; keyword_support_collection_or_telemetry_4_bonus_16,C:\realDesktop\manifest-evaluations\summer-26\ghidra-pipeline\il2cpp-files\spatialPiano\general-structure-results\90_plus_framework_support_only_near_certain\05dc4358_UnityEngine.XR.ARSubsystems.XREnvironmentProbeSubsystemDescriptor$$get_supportsEnvironmentTexture.c,C:\realDesktop\manifest-evaluations\summer-26\ghidra-pipeline\il2cpp-files\spatialPiano\manual-review-pack\A_must_review\048_p393_UnityEngine.XR.ARSubsystems.XREnvironmentProbeSubsystemDescriptor$$get_supportsEnvironmentTexture.c
49,393,A_must_review,UnityEngine.XR.ARSubsystems.XREnvironmentProbeSubsystemDescriptor$$.ctor,05dc4378,245,90_plus_framework_support_only_near_certain,eye_source; weak_source_state; validity_gate; pose_vector; ui_interaction; telemetry; frame_behavior; structure_combo; ordered_structure,strong_eye_source_hits_2; weak_xr_or_state_hits_6; validity_or_gating_hits_16; strong_pose_or_ray_construction_hits_2; ui_or_gameplay_sink_hits_11; telemetry_or_network_hits_14; frame_or_lifecycle_behavior; source_validity_pose_sink_structure; strong_eye_source_validity_pose_sink_structure; ordered_eye_source_validity_pose_collection_sink; ordered_eye_source_validity_pose_interaction_sink; negative_framework_support_context_without_confirmed_app_level_gaze_flow; functionality_gaze_interaction_hits_11; functionality_data_collection_or_telemetry_hits_14,base_scanner_score_245; module_bonus_validity_gate_8; module_bonus_pose_vector_10; module_bonus_ui_interaction_12; module_bonus_telemetry_20; module_bonus_frame_behavior_5; module_bonus_structure_combo_18; evidence_bonus_telemetry_or_network_hits_12; sensitive_sink_telemetry_bonus_15; keyword_support_eye_or_gaze_5_bonus_20; keyword_support_sdk_4_bonus_12; keyword_support_collection_or_telemetry_4_bonus_16,C:\realDesktop\manifest-evaluations\summer-26\ghidra-pipeline\il2cpp-files\spatialPiano\general-structure-results\90_plus_framework_support_only_near_certain\05dc4378_UnityEngine.XR.ARSubsystems.XREnvironmentProbeSubsystemDescriptor$$.ctor.c,C:\realDesktop\manifest-evaluations\summer-26\ghidra-pipeline\il2cpp-files\spatialPiano\manual-review-pack\A_must_review\049_p393_UnityEngine.XR.ARSubsystems.XREnvironmentProbeSubsystemDescriptor$$.ctor.c
50,392,A_must_review,FUN_059f3424,059f3424,249,90_plus_uncertain_gaze_interaction_near_certain,eye_source; weak_source_state; validity_gate; pose_vector; ui_interaction; telemetry; structure_combo; ordered_structure,strong_eye_source_hits_4; weak_xr_or_state_hits_6; validity_or_gating_hits_21; strong_pose_or_ray_construction_hits_21; ui_or_gameplay_sink_hits_4; telemetry_or_network_hits_4; source_validity_pose_sink_structure; strong_eye_source_validity_pose_sink_structure; ordered_eye_source_validity_pose_collection_sink; functionality_gaze_interaction_hits_4; functionality_data_collection_or_telemetry_hits_2,base_scanner_score_249; module_bonus_validity_gate_8; module_bonus_pose_vector_10; module_bonus_ui_interaction_12; module_bonus_telemetry_20; module_bonus_structure_combo_18; evidence_bonus_telemetry_or_network_hits_12; sensitive_sink_telemetry_bonus_15; keyword_support_eye_or_gaze_5_bonus_20; keyword_support_sdk_4_bonus_12; keyword_support_collection_or_telemetry_4_bonus_16,C:\realDesktop\manifest-evaluations\summer-26\ghidra-pipeline\il2cpp-files\spatialPiano\general-structure-results\90_plus_uncertain_gaze_interaction_near_certain\059f3424_FUN_059f3424.c,C:\realDesktop\manifest-evaluations\summer-26\ghidra-pipeline\il2cpp-files\spatialPiano\manual-review-pack\A_must_review\050_p392_FUN_059f3424.c
51,392,A_must_review,UnityEngine.XR.ARSubsystems.HashCodeUtil$$Combine,05dc6508,241,90_plus_framework_support_only_near_certain,eye_source; weak_source_state; validity_gate; pose_vector; paired_state_refs; ui_interaction; telemetry; structure_combo; ordered_structure,strong_eye_source_hits_12; weak_xr_or_state_hits_13; validity_or_gating_hits_21; strong_pose_or_ray_construction_hits_4; paired_field_refs_with_eye_source; ui_or_gameplay_sink_hits_4; telemetry_or_network_hits_11; source_validity_pose_sink_structure; strong_eye_source_validity_pose_sink_structure; ordered_eye_source_validity_pose_collection_sink; negative_framework_support_context_without_confirmed_app_level_gaze_flow; functionality_gaze_retrieval_or_extraction; functionality_gaze_interaction_hits_4; functionality_data_collection_or_telemetry_hits_11,base_scanner_score_241; module_bonus_validity_gate_8; module_bonus_pose_vector_10; module_bonus_paired_state_refs_8; module_bonus_ui_interaction_12; module_bonus_telemetry_20; module_bonus_structure_combo_18; evidence_bonus_telemetry_or_network_hits_12; sensitive_sink_telemetry_bonus_15; keyword_support_eye_or_gaze_5_bonus_20; keyword_support_sdk_4_bonus_12; keyword_support_collection_or_telemetry_4_bonus_16,C:\realDesktop\manifest-evaluations\summer-26\ghidra-pipeline\il2cpp-files\spatialPiano\general-structure-results\90_plus_framework_support_only_near_certain\05dc6508_UnityEngine.XR.ARSubsystems.HashCodeUtil$$Combine.c,C:\realDesktop\manifest-evaluations\summer-26\ghidra-pipeline\il2cpp-files\spatialPiano\manual-review-pack\A_must_review\051_p392_UnityEngine.XR.ARSubsystems.HashCodeUtil$$Combine.c
52,392,A_must_review,UnityEngine.XR.ARSubsystems.HashCodeUtil$$Combine,05dc6524,241,90_plus_framework_support_only_near_certain,eye_source; weak_source_state; validity_gate; pose_vector; paired_state_refs; ui_interaction; telemetry; structure_combo; ordered_structure,strong_eye_source_hits_12; weak_xr_or_state_hits_13; validity_or_gating_hits_21; strong_pose_or_ray_construction_hits_4; paired_field_refs_with_eye_source; ui_or_gameplay_sink_hits_4; telemetry_or_network_hits_11; source_validity_pose_sink_structure; strong_eye_source_validity_pose_sink_structure; ordered_eye_source_validity_pose_collection_sink; negative_framework_support_context_without_confirmed_app_level_gaze_flow; functionality_gaze_retrieval_or_extraction; functionality_gaze_interaction_hits_4; functionality_data_collection_or_telemetry_hits_11,base_scanner_score_241; module_bonus_validity_gate_8; module_bonus_pose_vector_10; module_bonus_paired_state_refs_8; module_bonus_ui_interaction_12; module_bonus_telemetry_20; module_bonus_structure_combo_18; evidence_bonus_telemetry_or_network_hits_12; sensitive_sink_telemetry_bonus_15; keyword_support_eye_or_gaze_5_bonus_20; keyword_support_sdk_4_bonus_12; keyword_support_collection_or_telemetry_4_bonus_16,C:\realDesktop\manifest-evaluations\summer-26\ghidra-pipeline\il2cpp-files\spatialPiano\general-structure-results\90_plus_framework_support_only_near_certain\05dc6524_UnityEngine.XR.ARSubsystems.HashCodeUtil$$Combine.c,C:\realDesktop\manifest-evaluations\summer-26\ghidra-pipeline\il2cpp-files\spatialPiano\manual-review-pack\A_must_review\052_p392_UnityEngine.XR.ARSubsystems.HashCodeUtil$$Combine.c
53,392,A_must_review,UnityEngine.XR.ARSubsystems.HashCodeUtil$$Combine,05dc6544,241,90_plus_framework_support_only_near_certain,eye_source; weak_source_state; validity_gate; pose_vector; paired_state_refs; ui_interaction; telemetry; structure_combo; ordered_structure,strong_eye_source_hits_12; weak_xr_or_state_hits_13; validity_or_gating_hits_21; strong_pose_or_ray_construction_hits_4; paired_field_refs_with_eye_source; ui_or_gameplay_sink_hits_4; telemetry_or_network_hits_11; source_validity_pose_sink_structure; strong_eye_source_validity_pose_sink_structure; ordered_eye_source_validity_pose_collection_sink; negative_framework_support_context_without_confirmed_app_level_gaze_flow; functionality_gaze_retrieval_or_extraction; functionality_gaze_interaction_hits_4; functionality_data_collection_or_telemetry_hits_11,base_scanner_score_241; module_bonus_validity_gate_8; module_bonus_pose_vector_10; module_bonus_paired_state_refs_8; module_bonus_ui_interaction_12; module_bonus_telemetry_20; module_bonus_structure_combo_18; evidence_bonus_telemetry_or_network_hits_12; sensitive_sink_telemetry_bonus_15; keyword_support_eye_or_gaze_5_bonus_20; keyword_support_sdk_4_bonus_12; keyword_support_collection_or_telemetry_4_bonus_16,C:\realDesktop\manifest-evaluations\summer-26\ghidra-pipeline\il2cpp-files\spatialPiano\general-structure-results\90_plus_framework_support_only_near_certain\05dc6544_UnityEngine.XR.ARSubsystems.HashCodeUtil$$Combine.c,C:\realDesktop\manifest-evaluations\summer-26\ghidra-pipeline\il2cpp-files\spatialPiano\manual-review-pack\A_must_review\053_p392_UnityEngine.XR.ARSubsystems.HashCodeUtil$$Combine.c
54,392,A_must_review,UnityEngine.XR.ARSubsystems.GuidUtil$$Decompose,05dc6498,241,90_plus_framework_support_only_near_certain,eye_source; weak_source_state; validity_gate; pose_vector; paired_state_refs; ui_interaction; telemetry; structure_combo; ordered_structure,strong_eye_source_hits_12; weak_xr_or_state_hits_13; validity_or_gating_hits_21; strong_pose_or_ray_construction_hits_6; paired_field_refs_with_eye_source; ui_or_gameplay_sink_hits_7; telemetry_or_network_hits_11; source_validity_pose_sink_structure; strong_eye_source_validity_pose_sink_structure; ordered_eye_source_validity_pose_collection_sink; negative_framework_support_context_without_confirmed_app_level_gaze_flow; functionality_gaze_retrieval_or_extraction; functionality_gaze_interaction_hits_7; functionality_data_collection_or_telemetry_hits_11,base_scanner_score_241; module_bonus_validity_gate_8; module_bonus_pose_vector_10; module_bonus_paired_state_refs_8; module_bonus_ui_interaction_12; module_bonus_telemetry_20; module_bonus_structure_combo_18; evidence_bonus_telemetry_or_network_hits_12; sensitive_sink_telemetry_bonus_15; keyword_support_eye_or_gaze_5_bonus_20; keyword_support_sdk_4_bonus_12; keyword_support_collection_or_telemetry_4_bonus_16,C:\realDesktop\manifest-evaluations\summer-26\ghidra-pipeline\il2cpp-files\spatialPiano\general-structure-results\90_plus_framework_support_only_near_certain\05dc6498_UnityEngine.XR.ARSubsystems.GuidUtil$$Decompose.c,C:\realDesktop\manifest-evaluations\summer-26\ghidra-pipeline\il2cpp-files\spatialPiano\manual-review-pack\A_must_review\054_p392_UnityEngine.XR.ARSubsystems.GuidUtil$$Decompose.c
55,392,A_must_review,UnityEngine.XR.ARSubsystems.GuidUtil$$Compose,05dc6434,241,90_plus_framework_support_only_near_certain,eye_source; weak_source_state; validity_gate; pose_vector; paired_state_refs; ui_interaction; telemetry; structure_combo; ordered_structure,strong_eye_source_hits_12; weak_xr_or_state_hits_13; validity_or_gating_hits_21; strong_pose_or_ray_construction_hits_6; paired_field_refs_with_eye_source; ui_or_gameplay_sink_hits_7; telemetry_or_network_hits_14; source_validity_pose_sink_structure; strong_eye_source_validity_pose_sink_structure; ordered_eye_source_validity_pose_collection_sink; negative_framework_support_context_without_confirmed_app_level_gaze_flow; functionality_gaze_retrieval_or_extraction; functionality_gaze_interaction_hits_7; functionality_data_collection_or_telemetry_hits_14,base_scanner_score_241; module_bonus_validity_gate_8; module_bonus_pose_vector_10; module_bonus_paired_state_refs_8; module_bonus_ui_interaction_12; module_bonus_telemetry_20; module_bonus_structure_combo_18; evidence_bonus_telemetry_or_network_hits_12; sensitive_sink_telemetry_bonus_15; keyword_support_eye_or_gaze_5_bonus_20; keyword_support_sdk_4_bonus_12; keyword_support_collection_or_telemetry_4_bonus_16,C:\realDesktop\manifest-evaluations\summer-26\ghidra-pipeline\il2cpp-files\spatialPiano\general-structure-results\90_plus_framework_support_only_near_certain\05dc6434_UnityEngine.XR.ARSubsystems.GuidUtil$$Compose.c,C:\realDesktop\manifest-evaluations\summer-26\ghidra-pipeline\il2cpp-files\spatialPiano\manual-review-pack\A_must_review\055_p392_UnityEngine.XR.ARSubsystems.GuidUtil$$Compose.c
56,390,A_must_review,UnityEngine.XR.ARSubsystems.XREnvironmentProbeSubsystemDescriptor.Cinfo$$set_providerType,05dc4408,245,90_plus_framework_support_only_near_certain,eye_source; weak_source_state; validity_gate; pose_vector; ui_interaction; telemetry; frame_behavior; structure_combo; ordered_structure,strong_eye_source_hits_2; weak_xr_or_state_hits_5; validity_or_gating_hits_16; strong_pose_or_ray_construction_hits_2; ui_or_gameplay_sink_hits_9; telemetry_or_network_hits_13; frame_or_lifecycle_behavior; source_validity_pose_sink_structure; strong_eye_source_validity_pose_sink_structure; ordered_eye_source_validity_pose_collection_sink; ordered_eye_source_validity_pose_interaction_sink; negative_framework_support_context_without_confirmed_app_level_gaze_flow; functionality_gaze_interaction_hits_9; functionality_data_collection_or_telemetry_hits_13,base_scanner_score_245; module_bonus_validity_gate_8; module_bonus_pose_vector_10; module_bonus_ui_interaction_12; module_bonus_telemetry_20; module_bonus_frame_behavior_5; module_bonus_structure_combo_18; evidence_bonus_telemetry_or_network_hits_12; sensitive_sink_telemetry_bonus_15; keyword_support_eye_or_gaze_5_bonus_20; keyword_support_sdk_3_bonus_9; keyword_support_collection_or_telemetry_4_bonus_16,C:\realDesktop\manifest-evaluations\summer-26\ghidra-pipeline\il2cpp-files\spatialPiano\general-structure-results\90_plus_framework_support_only_near_certain\05dc4408_UnityEngine.XR.ARSubsystems.XREnvironmentProbeSubsystemDescriptor.Cinfo$$set_providerType.c,C:\realDesktop\manifest-evaluations\summer-26\ghidra-pipeline\il2cpp-files\spatialPiano\manual-review-pack\A_must_review\056_p390_UnityEngine.XR.ARSubsystems.XREnvironmentProbeSubsystemDescriptor.Cinfo$$set_providerType.c
57,390,A_must_review,UnityEngine.XR.ARSubsystems.XREnvironmentProbeSubsystemDescriptor.Cinfo$$set_id,05dc43f8,245,90_plus_framework_support_only_near_certain,eye_source; weak_source_state; validity_gate; pose_vector; ui_interaction; telemetry; frame_behavior; structure_combo; ordered_structure,strong_eye_source_hits_2; weak_xr_or_state_hits_5; validity_or_gating_hits_16; strong_pose_or_ray_construction_hits_2; ui_or_gameplay_sink_hits_9; telemetry_or_network_hits_13; frame_or_lifecycle_behavior; source_validity_pose_sink_structure; strong_eye_source_validity_pose_sink_structure; ordered_eye_source_validity_pose_collection_sink; ordered_eye_source_validity_pose_interaction_sink; negative_framework_support_context_without_confirmed_app_level_gaze_flow; functionality_gaze_interaction_hits_9; functionality_data_collection_or_telemetry_hits_13,base_scanner_score_245; module_bonus_validity_gate_8; module_bonus_pose_vector_10; module_bonus_ui_interaction_12; module_bonus_telemetry_20; module_bonus_frame_behavior_5; module_bonus_structure_combo_18; evidence_bonus_telemetry_or_network_hits_12; sensitive_sink_telemetry_bonus_15; keyword_support_eye_or_gaze_5_bonus_20; keyword_support_sdk_3_bonus_9; keyword_support_collection_or_telemetry_4_bonus_16,C:\realDesktop\manifest-evaluations\summer-26\ghidra-pipeline\il2cpp-files\spatialPiano\general-structure-results\90_plus_framework_support_only_near_certain\05dc43f8_UnityEngine.XR.ARSubsystems.XREnvironmentProbeSubsystemDescriptor.Cinfo$$set_id.c,C:\realDesktop\manifest-evaluations\summer-26\ghidra-pipeline\il2cpp-files\spatialPiano\manual-review-pack\A_must_review\057_p390_UnityEngine.XR.ARSubsystems.XREnvironmentProbeSubsystemDescriptor.Cinfo$$set_id.c
58,390,A_must_review,UnityEngine.XR.ARSubsystems.XREnvironmentProbeSubsystemDescriptor.Cinfo$$get_providerType,05dc4400,245,90_plus_framework_support_only_near_certain,eye_source; weak_source_state; validity_gate; pose_vector; ui_interaction; telemetry; frame_behavior; structure_combo; ordered_structure,strong_eye_source_hits_2; weak_xr_or_state_hits_5; validity_or_gating_hits_16; strong_pose_or_ray_construction_hits_2; ui_or_gameplay_sink_hits_9; telemetry_or_network_hits_13; frame_or_lifecycle_behavior; source_validity_pose_sink_structure; strong_eye_source_validity_pose_sink_structure; ordered_eye_source_validity_pose_collection_sink; ordered_eye_source_validity_pose_interaction_sink; negative_framework_support_context_without_confirmed_app_level_gaze_flow; functionality_gaze_interaction_hits_9; functionality_data_collection_or_telemetry_hits_13,base_scanner_score_245; module_bonus_validity_gate_8; module_bonus_pose_vector_10; module_bonus_ui_interaction_12; module_bonus_telemetry_20; module_bonus_frame_behavior_5; module_bonus_structure_combo_18; evidence_bonus_telemetry_or_network_hits_12; sensitive_sink_telemetry_bonus_15; keyword_support_eye_or_gaze_5_bonus_20; keyword_support_sdk_3_bonus_9; keyword_support_collection_or_telemetry_4_bonus_16,C:\realDesktop\manifest-evaluations\summer-26\ghidra-pipeline\il2cpp-files\spatialPiano\general-structure-results\90_plus_framework_support_only_near_certain\05dc4400_UnityEngine.XR.ARSubsystems.XREnvironmentProbeSubsystemDescriptor.Cinfo$$get_providerType.c,C:\realDesktop\manifest-evaluations\summer-26\ghidra-pipeline\il2cpp-files\spatialPiano\manual-review-pack\A_must_review\058_p390_UnityEngine.XR.ARSubsystems.XREnvironmentProbeSubsystemDescriptor.Cinfo$$get_providerType.c
59,390,A_must_review,UnityEngine.XR.ARSubsystems.XREnvironmentProbeSubsystemDescriptor.Cinfo$$get_id,05dc43f0,245,90_plus_framework_support_only_near_certain,eye_source; weak_source_state; validity_gate; pose_vector; ui_interaction; telemetry; frame_behavior; structure_combo; ordered_structure,strong_eye_source_hits_2; weak_xr_or_state_hits_5; validity_or_gating_hits_16; strong_pose_or_ray_construction_hits_2; ui_or_gameplay_sink_hits_9; telemetry_or_network_hits_14; frame_or_lifecycle_behavior; source_validity_pose_sink_structure; strong_eye_source_validity_pose_sink_structure; ordered_eye_source_validity_pose_collection_sink; ordered_eye_source_validity_pose_interaction_sink; negative_framework_support_context_without_confirmed_app_level_gaze_flow; functionality_gaze_interaction_hits_9; functionality_data_collection_or_telemetry_hits_14,base_scanner_score_245; module_bonus_validity_gate_8; module_bonus_pose_vector_10; module_bonus_ui_interaction_12; module_bonus_telemetry_20; module_bonus_frame_behavior_5; module_bonus_structure_combo_18; evidence_bonus_telemetry_or_network_hits_12; sensitive_sink_telemetry_bonus_15; keyword_support_eye_or_gaze_5_bonus_20; keyword_support_sdk_3_bonus_9; keyword_support_collection_or_telemetry_4_bonus_16,C:\realDesktop\manifest-evaluations\summer-26\ghidra-pipeline\il2cpp-files\spatialPiano\general-structure-results\90_plus_framework_support_only_near_certain\05dc43f0_UnityEngine.XR.ARSubsystems.XREnvironmentProbeSubsystemDescriptor.Cinfo$$get_id.c,C:\realDesktop\manifest-evaluations\summer-26\ghidra-pipeline\il2cpp-files\spatialPiano\manual-review-pack\A_must_review\059_p390_UnityEngine.XR.ARSubsystems.XREnvironmentProbeSubsystemDescriptor.Cinfo$$get_id.c
60,390,A_must_review,System.Xml.XmlSqlBinaryReader$$AddInitNamespace,055d7840,230,90_plus_framework_support_only_near_certain,eye_source; weak_source_state; validity_gate; pose_vector; ray_interaction; ui_interaction; telemetry; frame_behavior; structure_combo,strong_eye_source_hits_3; weak_xr_or_state_hits_4; validity_or_gating_hits_21; strong_pose_or_ray_construction_hits_3; ray_or_cast_sink_hits_2; ui_or_gameplay_sink_hits_11; telemetry_or_network_hits_4; frame_or_lifecycle_behavior; source_validity_pose_sink_structure; strong_eye_source_validity_pose_sink_structure; functionality_gaze_retrieval_or_extraction; functionality_gaze_interaction_hits_2; functionality_data_collection_or_telemetry_hits_4,base_scanner_score_230; module_bonus_validity_gate_8; module_bonus_pose_vector_10; module_bonus_ray_interaction_15; module_bonus_ui_interaction_12; module_bonus_telemetry_20; module_bonus_frame_behavior_5; module_bonus_structure_combo_18; evidence_bonus_telemetry_or_network_hits_12; sensitive_sink_telemetry_bonus_15; keyword_support_eye_or_gaze_5_bonus_20; keyword_support_sdk_3_bonus_9; keyword_support_collection_or_telemetry_4_bonus_16,C:\realDesktop\manifest-evaluations\summer-26\ghidra-pipeline\il2cpp-files\spatialPiano\general-structure-results\90_plus_framework_support_only_near_certain\055d7840_System.Xml.XmlSqlBinaryReader$$AddInitNamespace.c,C:\realDesktop\manifest-evaluations\summer-26\ghidra-pipeline\il2cpp-files\spatialPiano\manual-review-pack\A_must_review\060_p390_System.Xml.XmlSqlBinaryReader$$AddInitNamespace.c
61,389,A_must_review,Unity.Mathematics.double3$$op_Implicit,05ac7430,232,90_plus_uncertain_gaze_interaction_near_certain,eye_source; weak_source_state; validity_gate; pose_vector; ray_interaction; ui_interaction; telemetry; frame_behavior; structure_combo,strong_eye_source_hits_2; weak_xr_or_state_hits_16; validity_or_gating_hits_7; strong_pose_or_ray_construction_hits_4; ray_or_cast_sink_hits_4; ui_or_gameplay_sink_hits_6; telemetry_or_network_hits_11; frame_or_lifecycle_behavior; source_validity_pose_sink_structure; strong_eye_source_validity_pose_sink_structure; functionality_gaze_interaction_hits_10; functionality_data_collection_or_telemetry_hits_11; functionality_possible_biometrics_hits_2,base_scanner_score_232; module_bonus_validity_gate_8; module_bonus_pose_vector_10; module_bonus_ray_interaction_15; module_bonus_ui_interaction_12; module_bonus_telemetry_20; module_bonus_frame_behavior_5; module_bonus_structure_combo_18; evidence_bonus_telemetry_or_network_hits_12; sensitive_sink_telemetry_bonus_15; keyword_support_eye_or_gaze_5_bonus_20; keyword_support_sdk_2_bonus_6; keyword_support_collection_or_telemetry_4_bonus_16,C:\realDesktop\manifest-evaluations\summer-26\ghidra-pipeline\il2cpp-files\spatialPiano\general-structure-results\90_plus_uncertain_gaze_interaction_near_certain\05ac7430_Unity.Mathematics.double3$$op_Implicit.c,C:\realDesktop\manifest-evaluations\summer-26\ghidra-pipeline\il2cpp-files\spatialPiano\manual-review-pack\A_must_review\061_p389_Unity.Mathematics.double3$$op_Implicit.c
62,389,A_must_review,Unity.Mathematics.double3$$op_Implicit,05ac747c,232,90_plus_uncertain_gaze_interaction_near_certain,eye_source; weak_source_state; validity_gate; pose_vector; ray_interaction; ui_interaction; telemetry; frame_behavior; structure_combo,strong_eye_source_hits_2; weak_xr_or_state_hits_13; validity_or_gating_hits_7; strong_pose_or_ray_construction_hits_4; ray_or_cast_sink_hits_4; ui_or_gameplay_sink_hits_4; telemetry_or_network_hits_11; frame_or_lifecycle_behavior; source_validity_pose_sink_structure; strong_eye_source_validity_pose_sink_structure; functionality_gaze_interaction_hits_8; functionality_data_collection_or_telemetry_hits_11; functionality_possible_biometrics_hits_2,base_scanner_score_232; module_bonus_validity_gate_8; module_bonus_pose_vector_10; module_bonus_ray_interaction_15; module_bonus_ui_interaction_12; module_bonus_telemetry_20; module_bonus_frame_behavior_5; module_bonus_structure_combo_18; evidence_bonus_telemetry_or_network_hits_12; sensitive_sink_telemetry_bonus_15; keyword_support_eye_or_gaze_5_bonus_20; keyword_support_sdk_2_bonus_6; keyword_support_collection_or_telemetry_4_bonus_16,C:\realDesktop\manifest-evaluations\summer-26\ghidra-pipeline\il2cpp-files\spatialPiano\general-structure-results\90_plus_uncertain_gaze_interaction_near_certain\05ac747c_Unity.Mathematics.double3$$op_Implicit.c,C:\realDesktop\manifest-evaluations\summer-26\ghidra-pipeline\il2cpp-files\spatialPiano\manual-review-pack\A_must_review\062_p389_Unity.Mathematics.double3$$op_Implicit.c
63,389,A_must_review,Unity.Mathematics.double3$$op_Implicit,05ac748c,232,90_plus_uncertain_gaze_interaction_near_certain,eye_source; weak_source_state; validity_gate; pose_vector; ray_interaction; ui_interaction; telemetry; frame_behavior; structure_combo,strong_eye_source_hits_2; weak_xr_or_state_hits_13; validity_or_gating_hits_7; strong_pose_or_ray_construction_hits_4; ray_or_cast_sink_hits_4; ui_or_gameplay_sink_hits_4; telemetry_or_network_hits_11; frame_or_lifecycle_behavior; source_validity_pose_sink_structure; strong_eye_source_validity_pose_sink_structure; functionality_gaze_interaction_hits_8; functionality_data_collection_or_telemetry_hits_11; functionality_possible_biometrics_hits_2,base_scanner_score_232; module_bonus_validity_gate_8; module_bonus_pose_vector_10; module_bonus_ray_interaction_15; module_bonus_ui_interaction_12; module_bonus_telemetry_20; module_bonus_frame_behavior_5; module_bonus_structure_combo_18; evidence_bonus_telemetry_or_network_hits_12; sensitive_sink_telemetry_bonus_15; keyword_support_eye_or_gaze_5_bonus_20; keyword_support_sdk_2_bonus_6; keyword_support_collection_or_telemetry_4_bonus_16,C:\realDesktop\manifest-evaluations\summer-26\ghidra-pipeline\il2cpp-files\spatialPiano\general-structure-results\90_plus_uncertain_gaze_interaction_near_certain\05ac748c_Unity.Mathematics.double3$$op_Implicit.c,C:\realDesktop\manifest-evaluations\summer-26\ghidra-pipeline\il2cpp-files\spatialPiano\manual-review-pack\A_must_review\063_p389_Unity.Mathematics.double3$$op_Implicit.c
64,389,A_must_review,Unity.Mathematics.double3$$op_Implicit,05ac74a0,232,90_plus_uncertain_gaze_interaction_near_certain,eye_source; weak_source_state; validity_gate; pose_vector; ray_interaction; ui_interaction; telemetry; frame_behavior; structure_combo,strong_eye_source_hits_2; weak_xr_or_state_hits_12; validity_or_gating_hits_7; strong_pose_or_ray_construction_hits_4; ray_or_cast_sink_hits_4; ui_or_gameplay_sink_hits_4; telemetry_or_network_hits_11; frame_or_lifecycle_behavior; source_validity_pose_sink_structure; strong_eye_source_validity_pose_sink_structure; functionality_gaze_interaction_hits_8; functionality_data_collection_or_telemetry_hits_11; functionality_possible_biometrics_hits_2,base_scanner_score_232; module_bonus_validity_gate_8; module_bonus_pose_vector_10; module_bonus_ray_interaction_15; module_bonus_ui_interaction_12; module_bonus_telemetry_20; module_bonus_frame_behavior_5; module_bonus_structure_combo_18; evidence_bonus_telemetry_or_network_hits_12; sensitive_sink_telemetry_bonus_15; keyword_support_eye_or_gaze_5_bonus_20; keyword_support_sdk_2_bonus_6; keyword_support_collection_or_telemetry_4_bonus_16,C:\realDesktop\manifest-evaluations\summer-26\ghidra-pipeline\il2cpp-files\spatialPiano\general-structure-results\90_plus_uncertain_gaze_interaction_near_certain\05ac74a0_Unity.Mathematics.double3$$op_Implicit.c,C:\realDesktop\manifest-evaluations\summer-26\ghidra-pipeline\il2cpp-files\spatialPiano\manual-review-pack\A_must_review\064_p389_Unity.Mathematics.double3$$op_Implicit.c
65,389,A_must_review,Unity.Mathematics.double3$$op_Implicit,05ac74b0,232,90_plus_uncertain_gaze_interaction_near_certain,eye_source; weak_source_state; validity_gate; pose_vector; ray_interaction; ui_interaction; telemetry; frame_behavior; structure_combo,strong_eye_source_hits_2; weak_xr_or_state_hits_12; validity_or_gating_hits_7; strong_pose_or_ray_construction_hits_4; ray_or_cast_sink_hits_4; ui_or_gameplay_sink_hits_4; telemetry_or_network_hits_11; frame_or_lifecycle_behavior; source_validity_pose_sink_structure; strong_eye_source_validity_pose_sink_structure; functionality_gaze_interaction_hits_8; functionality_data_collection_or_telemetry_hits_11; functionality_possible_biometrics_hits_2,base_scanner_score_232; module_bonus_validity_gate_8; module_bonus_pose_vector_10; module_bonus_ray_interaction_15; module_bonus_ui_interaction_12; module_bonus_telemetry_20; module_bonus_frame_behavior_5; module_bonus_structure_combo_18; evidence_bonus_telemetry_or_network_hits_12; sensitive_sink_telemetry_bonus_15; keyword_support_eye_or_gaze_5_bonus_20; keyword_support_sdk_2_bonus_6; keyword_support_collection_or_telemetry_4_bonus_16,C:\realDesktop\manifest-evaluations\summer-26\ghidra-pipeline\il2cpp-files\spatialPiano\general-structure-results\90_plus_uncertain_gaze_interaction_near_certain\05ac74b0_Unity.Mathematics.double3$$op_Implicit.c,C:\realDesktop\manifest-evaluations\summer-26\ghidra-pipeline\il2cpp-files\spatialPiano\manual-review-pack\A_must_review\065_p389_Unity.Mathematics.double3$$op_Implicit.c
66,389,A_must_review,Unity.Mathematics.double3$$op_Implicit,05ac74c4,232,90_plus_uncertain_gaze_interaction_near_certain,eye_source; weak_source_state; validity_gate; pose_vector; ray_interaction; ui_interaction; telemetry; frame_behavior; structure_combo,strong_eye_source_hits_2; weak_xr_or_state_hits_12; validity_or_gating_hits_7; strong_pose_or_ray_construction_hits_4; ray_or_cast_sink_hits_4; ui_or_gameplay_sink_hits_4; telemetry_or_network_hits_11; frame_or_lifecycle_behavior; source_validity_pose_sink_structure; strong_eye_source_validity_pose_sink_structure; functionality_gaze_interaction_hits_8; functionality_data_collection_or_telemetry_hits_11; functionality_possible_biometrics_hits_2,base_scanner_score_232; module_bonus_validity_gate_8; module_bonus_pose_vector_10; module_bonus_ray_interaction_15; module_bonus_ui_interaction_12; module_bonus_telemetry_20; module_bonus_frame_behavior_5; module_bonus_structure_combo_18; evidence_bonus_telemetry_or_network_hits_12; sensitive_sink_telemetry_bonus_15; keyword_support_eye_or_gaze_5_bonus_20; keyword_support_sdk_2_bonus_6; keyword_support_collection_or_telemetry_4_bonus_16,C:\realDesktop\manifest-evaluations\summer-26\ghidra-pipeline\il2cpp-files\spatialPiano\general-structure-results\90_plus_uncertain_gaze_interaction_near_certain\05ac74c4_Unity.Mathematics.double3$$op_Implicit.c,C:\realDesktop\manifest-evaluations\summer-26\ghidra-pipeline\il2cpp-files\spatialPiano\manual-review-pack\A_must_review\066_p389_Unity.Mathematics.double3$$op_Implicit.c
67,389,A_must_review,Unity.Mathematics.double3$$op_Implicit,05ac752c,232,90_plus_uncertain_gaze_interaction_near_certain,eye_source; weak_source_state; validity_gate; pose_vector; ray_interaction; ui_interaction; telemetry; frame_behavior; structure_combo,strong_eye_source_hits_2; weak_xr_or_state_hits_12; validity_or_gating_hits_7; strong_pose_or_ray_construction_hits_4; ray_or_cast_sink_hits_4; ui_or_gameplay_sink_hits_3; telemetry_or_network_hits_11; frame_or_lifecycle_behavior; source_validity_pose_sink_structure; strong_eye_source_validity_pose_sink_structure; functionality_gaze_interaction_hits_7; functionality_data_collection_or_telemetry_hits_11; functionality_possible_biometrics_hits_2,base_scanner_score_232; module_bonus_validity_gate_8; module_bonus_pose_vector_10; module_bonus_ray_interaction_15; module_bonus_ui_interaction_12; module_bonus_telemetry_20; module_bonus_frame_behavior_5; module_bonus_structure_combo_18; evidence_bonus_telemetry_or_network_hits_12; sensitive_sink_telemetry_bonus_15; keyword_support_eye_or_gaze_5_bonus_20; keyword_support_sdk_2_bonus_6; keyword_support_collection_or_telemetry_4_bonus_16,C:\realDesktop\manifest-evaluations\summer-26\ghidra-pipeline\il2cpp-files\spatialPiano\general-structure-results\90_plus_uncertain_gaze_interaction_near_certain\05ac752c_Unity.Mathematics.double3$$op_Implicit.c,C:\realDesktop\manifest-evaluations\summer-26\ghidra-pipeline\il2cpp-files\spatialPiano\manual-review-pack\A_must_review\067_p389_Unity.Mathematics.double3$$op_Implicit.c
68,389,A_must_review,Unity.Mathematics.double3$$op_Explicit,05ac743c,232,90_plus_uncertain_gaze_interaction_near_certain,eye_source; weak_source_state; validity_gate; pose_vector; ray_interaction; ui_interaction; telemetry; frame_behavior; structure_combo,strong_eye_source_hits_2; weak_xr_or_state_hits_16; validity_or_gating_hits_7; strong_pose_or_ray_construction_hits_4; ray_or_cast_sink_hits_4; ui_or_gameplay_sink_hits_5; telemetry_or_network_hits_11; frame_or_lifecycle_behavior; source_validity_pose_sink_structure; strong_eye_source_validity_pose_sink_structure; functionality_gaze_interaction_hits_9; functionality_data_collection_or_telemetry_hits_11; functionality_possible_biometrics_hits_2,base_scanner_score_232; module_bonus_validity_gate_8; module_bonus_pose_vector_10; module_bonus_ray_interaction_15; module_bonus_ui_interaction_12; module_bonus_telemetry_20; module_bonus_frame_behavior_5; module_bonus_structure_combo_18; evidence_bonus_telemetry_or_network_hits_12; sensitive_sink_telemetry_bonus_15; keyword_support_eye_or_gaze_5_bonus_20; keyword_support_sdk_2_bonus_6; keyword_support_collection_or_telemetry_4_bonus_16,C:\realDesktop\manifest-evaluations\summer-26\ghidra-pipeline\il2cpp-files\spatialPiano\general-structure-results\90_plus_uncertain_gaze_interaction_near_certain\05ac743c_Unity.Mathematics.double3$$op_Explicit.c,C:\realDesktop\manifest-evaluations\summer-26\ghidra-pipeline\il2cpp-files\spatialPiano\manual-review-pack\A_must_review\068_p389_Unity.Mathematics.double3$$op_Explicit.c
69,389,A_must_review,Unity.Mathematics.double3$$op_Explicit,05ac7458,232,90_plus_uncertain_gaze_interaction_near_certain,eye_source; weak_source_state; validity_gate; pose_vector; ray_interaction; ui_interaction; telemetry; frame_behavior; structure_combo,strong_eye_source_hits_2; weak_xr_or_state_hits_13; validity_or_gating_hits_7; strong_pose_or_ray_construction_hits_4; ray_or_cast_sink_hits_4; ui_or_gameplay_sink_hits_4; telemetry_or_network_hits_11; frame_or_lifecycle_behavior; source_validity_pose_sink_structure; strong_eye_source_validity_pose_sink_structure; functionality_gaze_interaction_hits_8; functionality_data_collection_or_telemetry_hits_11; functionality_possible_biometrics_hits_2,base_scanner_score_232; module_bonus_validity_gate_8; module_bonus_pose_vector_10; module_bonus_ray_interaction_15; module_bonus_ui_interaction_12; module_bonus_telemetry_20; module_bonus_frame_behavior_5; module_bonus_structure_combo_18; evidence_bonus_telemetry_or_network_hits_12; sensitive_sink_telemetry_bonus_15; keyword_support_eye_or_gaze_5_bonus_20; keyword_support_sdk_2_bonus_6; keyword_support_collection_or_telemetry_4_bonus_16,C:\realDesktop\manifest-evaluations\summer-26\ghidra-pipeline\il2cpp-files\spatialPiano\general-structure-results\90_plus_uncertain_gaze_interaction_near_certain\05ac7458_Unity.Mathematics.double3$$op_Explicit.c,C:\realDesktop\manifest-evaluations\summer-26\ghidra-pipeline\il2cpp-files\spatialPiano\manual-review-pack\A_must_review\069_p389_Unity.Mathematics.double3$$op_Explicit.c
70,389,A_must_review,Unity.Mathematics.double3$$.ctor,05ac726c,232,90_plus_uncertain_gaze_interaction_near_certain,eye_source; weak_source_state; validity_gate; pose_vector; ray_interaction; ui_interaction; telemetry; frame_behavior; structure_combo,strong_eye_source_hits_2; weak_xr_or_state_hits_19; validity_or_gating_hits_7; strong_pose_or_ray_construction_hits_5; ray_or_cast_sink_hits_4; ui_or_gameplay_sink_hits_7; telemetry_or_network_hits_11; frame_or_lifecycle_behavior; source_validity_pose_sink_structure; strong_eye_source_validity_pose_sink_structure; functionality_gaze_interaction_hits_11; functionality_data_collection_or_telemetry_hits_11; functionality_possible_biometrics_hits_2,base_scanner_score_232; module_bonus_validity_gate_8; module_bonus_pose_vector_10; module_bonus_ray_interaction_15; module_bonus_ui_interaction_12; module_bonus_telemetry_20; module_bonus_frame_behavior_5; module_bonus_structure_combo_18; evidence_bonus_telemetry_or_network_hits_12; sensitive_sink_telemetry_bonus_15; keyword_support_eye_or_gaze_5_bonus_20; keyword_support_sdk_2_bonus_6; keyword_support_collection_or_telemetry_4_bonus_16,C:\realDesktop\manifest-evaluations\summer-26\ghidra-pipeline\il2cpp-files\spatialPiano\general-structure-results\90_plus_uncertain_gaze_interaction_near_certain\05ac726c_Unity.Mathematics.double3$$.ctor.c,C:\realDesktop\manifest-evaluations\summer-26\ghidra-pipeline\il2cpp-files\spatialPiano\manual-review-pack\A_must_review\070_p389_Unity.Mathematics.double3$$.ctor.c
71,389,A_must_review,Unity.Mathematics.double3$$.ctor,05ac727c,232,90_plus_uncertain_gaze_interaction_near_certain,eye_source; weak_source_state; validity_gate; pose_vector; ray_interaction; ui_interaction; telemetry; frame_behavior; structure_combo,strong_eye_source_hits_2; weak_xr_or_state_hits_19; validity_or_gating_hits_7; strong_pose_or_ray_construction_hits_4; ray_or_cast_sink_hits_4; ui_or_gameplay_sink_hits_6; telemetry_or_network_hits_11; frame_or_lifecycle_behavior; source_validity_pose_sink_structure; strong_eye_source_validity_pose_sink_structure; functionality_gaze_interaction_hits_10; functionality_data_collection_or_telemetry_hits_11; functionality_possible_biometrics_hits_2,base_scanner_score_232; module_bonus_validity_gate_8; module_bonus_pose_vector_10; module_bonus_ray_interaction_15; module_bonus_ui_interaction_12; module_bonus_telemetry_20; module_bonus_frame_behavior_5; module_bonus_structure_combo_18; evidence_bonus_telemetry_or_network_hits_12; sensitive_sink_telemetry_bonus_15; keyword_support_eye_or_gaze_5_bonus_20; keyword_support_sdk_2_bonus_6; keyword_support_collection_or_telemetry_4_bonus_16,C:\realDesktop\manifest-evaluations\summer-26\ghidra-pipeline\il2cpp-files\spatialPiano\general-structure-results\90_plus_uncertain_gaze_interaction_near_certain\05ac727c_Unity.Mathematics.double3$$.ctor.c,C:\realDesktop\manifest-evaluations\summer-26\ghidra-pipeline\il2cpp-files\spatialPiano\manual-review-pack\A_must_review\071_p389_Unity.Mathematics.double3$$.ctor.c
72,389,A_must_review,Unity.Mathematics.double3$$.ctor,05ac7298,232,90_plus_uncertain_gaze_interaction_near_certain,eye_source; weak_source_state; validity_gate; pose_vector; ray_interaction; ui_interaction; telemetry; frame_behavior; structure_combo,strong_eye_source_hits_2; weak_xr_or_state_hits_19; validity_or_gating_hits_7; strong_pose_or_ray_construction_hits_4; ray_or_cast_sink_hits_4; ui_or_gameplay_sink_hits_6; telemetry_or_network_hits_11; frame_or_lifecycle_behavior; source_validity_pose_sink_structure; strong_eye_source_validity_pose_sink_structure; functionality_gaze_interaction_hits_10; functionality_data_collection_or_telemetry_hits_11; functionality_possible_biometrics_hits_2,base_scanner_score_232; module_bonus_validity_gate_8; module_bonus_pose_vector_10; module_bonus_ray_interaction_15; module_bonus_ui_interaction_12; module_bonus_telemetry_20; module_bonus_frame_behavior_5; module_bonus_structure_combo_18; evidence_bonus_telemetry_or_network_hits_12; sensitive_sink_telemetry_bonus_15; keyword_support_eye_or_gaze_5_bonus_20; keyword_support_sdk_2_bonus_6; keyword_support_collection_or_telemetry_4_bonus_16,C:\realDesktop\manifest-evaluations\summer-26\ghidra-pipeline\il2cpp-files\spatialPiano\general-structure-results\90_plus_uncertain_gaze_interaction_near_certain\05ac7298_Unity.Mathematics.double3$$.ctor.c,C:\realDesktop\manifest-evaluations\summer-26\ghidra-pipeline\il2cpp-files\spatialPiano\manual-review-pack\A_must_review\072_p389_Unity.Mathematics.double3$$.ctor.c
73,389,A_must_review,Unity.Mathematics.double3$$.ctor,05ac72a8,232,90_plus_uncertain_gaze_interaction_near_certain,eye_source; weak_source_state; validity_gate; pose_vector; ray_interaction; ui_interaction; telemetry; frame_behavior; structure_combo,strong_eye_source_hits_2; weak_xr_or_state_hits_19; validity_or_gating_hits_7; strong_pose_or_ray_construction_hits_4; ray_or_cast_sink_hits_4; ui_or_gameplay_sink_hits_6; telemetry_or_network_hits_11; frame_or_lifecycle_behavior; source_validity_pose_sink_structure; strong_eye_source_validity_pose_sink_structure; functionality_gaze_interaction_hits_10; functionality_data_collection_or_telemetry_hits_11; functionality_possible_biometrics_hits_2,base_scanner_score_232; module_bonus_validity_gate_8; module_bonus_pose_vector_10; module_bonus_ray_interaction_15; module_bonus_ui_interaction_12; module_bonus_telemetry_20; module_bonus_frame_behavior_5; module_bonus_structure_combo_18; evidence_bonus_telemetry_or_network_hits_12; sensitive_sink_telemetry_bonus_15; keyword_support_eye_or_gaze_5_bonus_20; keyword_support_sdk_2_bonus_6; keyword_support_collection_or_telemetry_4_bonus_16,C:\realDesktop\manifest-evaluations\summer-26\ghidra-pipeline\il2cpp-files\spatialPiano\general-structure-results\90_plus_uncertain_gaze_interaction_near_certain\05ac72a8_Unity.Mathematics.double3$$.ctor.c,C:\realDesktop\manifest-evaluations\summer-26\ghidra-pipeline\il2cpp-files\spatialPiano\manual-review-pack\A_must_review\073_p389_Unity.Mathematics.double3$$.ctor.c
74,389,A_must_review,Unity.Mathematics.double3$$.ctor,05ac72c4,232,90_plus_uncertain_gaze_interaction_near_certain,eye_source; weak_source_state; validity_gate; pose_vector; ray_interaction; ui_interaction; telemetry; frame_behavior; structure_combo,strong_eye_source_hits_2; weak_xr_or_state_hits_19; validity_or_gating_hits_7; strong_pose_or_ray_construction_hits_4; ray_or_cast_sink_hits_4; ui_or_gameplay_sink_hits_6; telemetry_or_network_hits_11; frame_or_lifecycle_behavior; source_validity_pose_sink_structure; strong_eye_source_validity_pose_sink_structure; functionality_gaze_interaction_hits_10; functionality_data_collection_or_telemetry_hits_11; functionality_possible_biometrics_hits_2,base_scanner_score_232; module_bonus_validity_gate_8; module_bonus_pose_vector_10; module_bonus_ray_interaction_15; module_bonus_ui_interaction_12; module_bonus_telemetry_20; module_bonus_frame_behavior_5; module_bonus_structure_combo_18; evidence_bonus_telemetry_or_network_hits_12; sensitive_sink_telemetry_bonus_15; keyword_support_eye_or_gaze_5_bonus_20; keyword_support_sdk_2_bonus_6; keyword_support_collection_or_telemetry_4_bonus_16,C:\realDesktop\manifest-evaluations\summer-26\ghidra-pipeline\il2cpp-files\spatialPiano\general-structure-results\90_plus_uncertain_gaze_interaction_near_certain\05ac72c4_Unity.Mathematics.double3$$.ctor.c,C:\realDesktop\manifest-evaluations\summer-26\ghidra-pipeline\il2cpp-files\spatialPiano\manual-review-pack\A_must_review\074_p389_Unity.Mathematics.double3$$.ctor.c
75,389,A_must_review,Unity.Mathematics.double3$$.ctor,05ac732c,232,90_plus_uncertain_gaze_interaction_near_certain,eye_source; weak_source_state; validity_gate; pose_vector; ray_interaction; ui_interaction; telemetry; frame_behavior; structure_combo,strong_eye_source_hits_2; weak_xr_or_state_hits_18; validity_or_gating_hits_7; strong_pose_or_ray_construction_hits_4; ray_or_cast_sink_hits_4; ui_or_gameplay_sink_hits_6; telemetry_or_network_hits_11; frame_or_lifecycle_behavior; source_validity_pose_sink_structure; strong_eye_source_validity_pose_sink_structure; functionality_gaze_interaction_hits_10; functionality_data_collection_or_telemetry_hits_11; functionality_possible_biometrics_hits_2,base_scanner_score_232; module_bonus_validity_gate_8; module_bonus_pose_vector_10; module_bonus_ray_interaction_15; module_bonus_ui_interaction_12; module_bonus_telemetry_20; module_bonus_frame_behavior_5; module_bonus_structure_combo_18; evidence_bonus_telemetry_or_network_hits_12; sensitive_sink_telemetry_bonus_15; keyword_support_eye_or_gaze_5_bonus_20; keyword_support_sdk_2_bonus_6; keyword_support_collection_or_telemetry_4_bonus_16,C:\realDesktop\manifest-evaluations\summer-26\ghidra-pipeline\il2cpp-files\spatialPiano\general-structure-results\90_plus_uncertain_gaze_interaction_near_certain\05ac732c_Unity.Mathematics.double3$$.ctor.c,C:\realDesktop\manifest-evaluations\summer-26\ghidra-pipeline\il2cpp-files\spatialPiano\manual-review-pack\A_must_review\075_p389_Unity.Mathematics.double3$$.ctor.c
76,389,A_must_review,Unity.Mathematics.double3$$.ctor,05ac7408,232,90_plus_uncertain_gaze_interaction_near_certain,eye_source; weak_source_state; validity_gate; pose_vector; ray_interaction; ui_interaction; telemetry; frame_behavior; structure_combo,strong_eye_source_hits_2; weak_xr_or_state_hits_16; validity_or_gating_hits_7; strong_pose_or_ray_construction_hits_4; ray_or_cast_sink_hits_4; ui_or_gameplay_sink_hits_6; telemetry_or_network_hits_11; frame_or_lifecycle_behavior; source_validity_pose_sink_structure; strong_eye_source_validity_pose_sink_structure; functionality_gaze_interaction_hits_10; functionality_data_collection_or_telemetry_hits_11; functionality_possible_biometrics_hits_2,base_scanner_score_232; module_bonus_validity_gate_8; module_bonus_pose_vector_10; module_bonus_ray_interaction_15; module_bonus_ui_interaction_12; module_bonus_telemetry_20; module_bonus_frame_behavior_5; module_bonus_structure_combo_18; evidence_bonus_telemetry_or_network_hits_12; sensitive_sink_telemetry_bonus_15; keyword_support_eye_or_gaze_5_bonus_20; keyword_support_sdk_2_bonus_6; keyword_support_collection_or_telemetry_4_bonus_16,C:\realDesktop\manifest-evaluations\summer-26\ghidra-pipeline\il2cpp-files\spatialPiano\general-structure-results\90_plus_uncertain_gaze_interaction_near_certain\05ac7408_Unity.Mathematics.double3$$.ctor.c,C:\realDesktop\manifest-evaluations\summer-26\ghidra-pipeline\il2cpp-files\spatialPiano\manual-review-pack\A_must_review\076_p389_Unity.Mathematics.double3$$.ctor.c
77,389,A_must_review,Unity.Mathematics.double3$$.ctor,05ac7418,232,90_plus_uncertain_gaze_interaction_near_certain,eye_source; weak_source_state; validity_gate; pose_vector; ray_interaction; ui_interaction; telemetry; frame_behavior; structure_combo,strong_eye_source_hits_2; weak_xr_or_state_hits_16; validity_or_gating_hits_7; strong_pose_or_ray_construction_hits_4; ray_or_cast_sink_hits_4; ui_or_gameplay_sink_hits_6; telemetry_or_network_hits_11; frame_or_lifecycle_behavior; source_validity_pose_sink_structure; strong_eye_source_validity_pose_sink_structure; functionality_gaze_interaction_hits_10; functionality_data_collection_or_telemetry_hits_11; functionality_possible_biometrics_hits_2,base_scanner_score_232; module_bonus_validity_gate_8; module_bonus_pose_vector_10; module_bonus_ray_interaction_15; module_bonus_ui_interaction_12; module_bonus_telemetry_20; module_bonus_frame_behavior_5; module_bonus_structure_combo_18; evidence_bonus_telemetry_or_network_hits_12; sensitive_sink_telemetry_bonus_15; keyword_support_eye_or_gaze_5_bonus_20; keyword_support_sdk_2_bonus_6; keyword_support_collection_or_telemetry_4_bonus_16,C:\realDesktop\manifest-evaluations\summer-26\ghidra-pipeline\il2cpp-files\spatialPiano\general-structure-results\90_plus_uncertain_gaze_interaction_near_certain\05ac7418_Unity.Mathematics.double3$$.ctor.c,C:\realDesktop\manifest-evaluations\summer-26\ghidra-pipeline\il2cpp-files\spatialPiano\manual-review-pack\A_must_review\077_p389_Unity.Mathematics.double3$$.ctor.c
78,389,A_must_review,FUN_05ac7244,05ac7244,232,90_plus_uncertain_gaze_interaction_near_certain,eye_source; weak_source_state; validity_gate; pose_vector; ray_interaction; ui_interaction; telemetry; frame_behavior; structure_combo,strong_eye_source_hits_2; weak_xr_or_state_hits_20; validity_or_gating_hits_7; strong_pose_or_ray_construction_hits_6; ray_or_cast_sink_hits_4; ui_or_gameplay_sink_hits_8; telemetry_or_network_hits_12; frame_or_lifecycle_behavior; source_validity_pose_sink_structure; strong_eye_source_validity_pose_sink_structure; functionality_gaze_interaction_hits_12; functionality_data_collection_or_telemetry_hits_12; functionality_possible_biometrics_hits_2,base_scanner_score_232; module_bonus_validity_gate_8; module_bonus_pose_vector_10; module_bonus_ray_interaction_15; module_bonus_ui_interaction_12; module_bonus_telemetry_20; module_bonus_frame_behavior_5; module_bonus_structure_combo_18; evidence_bonus_telemetry_or_network_hits_12; sensitive_sink_telemetry_bonus_15; keyword_support_eye_or_gaze_5_bonus_20; keyword_support_sdk_2_bonus_6; keyword_support_collection_or_telemetry_4_bonus_16,C:\realDesktop\manifest-evaluations\summer-26\ghidra-pipeline\il2cpp-files\spatialPiano\general-structure-results\90_plus_uncertain_gaze_interaction_near_certain\05ac7244_FUN_05ac7244.c,C:\realDesktop\manifest-evaluations\summer-26\ghidra-pipeline\il2cpp-files\spatialPiano\manual-review-pack\A_must_review\078_p389_FUN_05ac7244.c
79,387,A_must_review,System.Xml.BinXmlDateTime$$WriteTimeZone,055d52ec,224,90_plus_framework_support_only_near_certain,eye_source; weak_source_state; validity_gate; pose_vector; ray_interaction; ui_interaction; telemetry; frame_behavior; structure_combo,strong_eye_source_hits_10; weak_xr_or_state_hits_13; validity_or_gating_hits_21; strong_pose_or_ray_construction_hits_4; ray_or_cast_sink_hits_4; ui_or_gameplay_sink_hits_21; telemetry_or_network_hits_5; frame_or_lifecycle_behavior; source_validity_pose_sink_structure; strong_eye_source_validity_pose_sink_structure; negative_framework_support_context_without_confirmed_app_level_gaze_flow; functionality_gaze_retrieval_or_extraction; functionality_gaze_interaction_hits_4; functionality_data_collection_or_telemetry_hits_5,base_scanner_score_224; module_bonus_validity_gate_8; module_bonus_pose_vector_10; module_bonus_ray_interaction_15; module_bonus_ui_interaction_12; module_bonus_telemetry_20; module_bonus_frame_behavior_5; module_bonus_structure_combo_18; evidence_bonus_telemetry_or_network_hits_12; sensitive_sink_telemetry_bonus_15; keyword_support_eye_or_gaze_5_bonus_20; keyword_support_sdk_4_bonus_12; keyword_support_collection_or_telemetry_4_bonus_16,C:\realDesktop\manifest-evaluations\summer-26\ghidra-pipeline\il2cpp-files\spatialPiano\general-structure-results\90_plus_framework_support_only_near_certain\055d52ec_System.Xml.BinXmlDateTime$$WriteTimeZone.c,C:\realDesktop\manifest-evaluations\summer-26\ghidra-pipeline\il2cpp-files\spatialPiano\manual-review-pack\A_must_review\079_p387_System.Xml.BinXmlDateTime$$WriteTimeZone.c
80,387,A_must_review,System.Xml.BinXmlDateTime$$BreakDownXsdDateTime,055d53c0,224,90_plus_framework_support_only_near_certain,eye_source; weak_source_state; validity_gate; pose_vector; ray_interaction; ui_interaction; telemetry; frame_behavior; structure_combo,strong_eye_source_hits_10; weak_xr_or_state_hits_13; validity_or_gating_hits_21; strong_pose_or_ray_construction_hits_4; ray_or_cast_sink_hits_4; ui_or_gameplay_sink_hits_20; telemetry_or_network_hits_5; frame_or_lifecycle_behavior; source_validity_pose_sink_structure; strong_eye_source_validity_pose_sink_structure; negative_framework_support_context_without_confirmed_app_level_gaze_flow; functionality_gaze_retrieval_or_extraction; functionality_gaze_interaction_hits_4; functionality_data_collection_or_telemetry_hits_5,base_scanner_score_224; module_bonus_validity_gate_8; module_bonus_pose_vector_10; module_bonus_ray_interaction_15; module_bonus_ui_interaction_12; module_bonus_telemetry_20; module_bonus_frame_behavior_5; module_bonus_structure_combo_18; evidence_bonus_telemetry_or_network_hits_12; sensitive_sink_telemetry_bonus_15; keyword_support_eye_or_gaze_5_bonus_20; keyword_support_sdk_4_bonus_12; keyword_support_collection_or_telemetry_4_bonus_16,C:\realDesktop\manifest-evaluations\summer-26\ghidra-pipeline\il2cpp-files\spatialPiano\general-structure-results\90_plus_framework_support_only_near_certain\055d53c0_System.Xml.BinXmlDateTime$$BreakDownXsdDateTime.c,C:\realDesktop\manifest-evaluations\summer-26\ghidra-pipeline\il2cpp-files\spatialPiano\manual-review-pack\A_must_review\080_p387_System.Xml.BinXmlDateTime$$BreakDownXsdDateTime.c
81,385,A_must_review,Oculus.Interaction.Surfaces.CircleSurface$$Oculus.Interaction.Surfaces.ISurface.ClosestSurfacePoint,051e8624,244,90_plus_uncertain_gaze_interaction_near_certain,eye_source; weak_source_state; validity_gate; pose_vector; paired_state_refs; ui_interaction; data_collection; structure_combo; ordered_structure,strong_eye_source_hits_9; weak_xr_or_state_hits_12; validity_or_gating_hits_21; strong_pose_or_ray_construction_hits_14; paired_field_refs_with_eye_source; ui_or_gameplay_sink_hits_2; strong_file_logging_hits_2; source_validity_pose_sink_structure; strong_eye_source_validity_pose_sink_structure; ordered_eye_source_validity_pose_interaction_sink; functionality_gaze_interaction_hits_2; functionality_data_collection_or_telemetry_hits_2,base_scanner_score_244; module_bonus_validity_gate_8; module_bonus_pose_vector_10; module_bonus_paired_state_refs_8; module_bonus_ui_interaction_12; module_bonus_data_collection_22; module_bonus_structure_combo_18; sensitive_sink_data_collection_bonus_15; keyword_support_eye_or_gaze_5_bonus_20; keyword_support_sdk_4_bonus_12; keyword_support_collection_or_telemetry_4_bonus_16,C:\realDesktop\manifest-evaluations\summer-26\ghidra-pipeline\il2cpp-files\spatialPiano\general-structure-results\90_plus_uncertain_gaze_interaction_near_certain\051e8624_Oculus.Interaction.Surfaces.CircleSurface$$Oculus.Interaction.Surfaces.ISurface.ClosestSurfacePoint.c,C:\realDesktop\manifest-evaluations\summer-26\ghidra-pipeline\il2cpp-files\spatialPiano\manual-review-pack\A_must_review\081_p385_Oculus.Interaction.Surfaces.CircleSurface$$Oculus.Interaction.Surfaces.ISurface.ClosestSurfacePoint.c
82,383,A_must_review,System.Xml.BinXmlDateTime$$XsdTimeToString,055d5bd0,220,90_plus_framework_support_only_near_certain,eye_source; weak_source_state; validity_gate; pose_vector; ray_interaction; ui_interaction; telemetry; frame_behavior; structure_combo,strong_eye_source_hits_4; weak_xr_or_state_hits_5; validity_or_gating_hits_21; strong_pose_or_ray_construction_hits_3; ray_or_cast_sink_hits_3; ui_or_gameplay_sink_hits_12; telemetry_or_network_hits_5; frame_or_lifecycle_behavior; source_validity_pose_sink_structure; strong_eye_source_validity_pose_sink_structure; negative_framework_support_context_without_confirmed_app_level_gaze_flow; functionality_gaze_retrieval_or_extraction; functionality_gaze_interaction_hits_3; functionality_data_collection_or_telemetry_hits_5,base_scanner_score_220; module_bonus_validity_gate_8; module_bonus_pose_vector_10; module_bonus_ray_interaction_15; module_bonus_ui_interaction_12; module_bonus_telemetry_20; module_bonus_frame_behavior_5; module_bonus_structure_combo_18; evidence_bonus_telemetry_or_network_hits_12; sensitive_sink_telemetry_bonus_15; keyword_support_eye_or_gaze_5_bonus_20; keyword_support_sdk_4_bonus_12; keyword_support_collection_or_telemetry_4_bonus_16,C:\realDesktop\manifest-evaluations\summer-26\ghidra-pipeline\il2cpp-files\spatialPiano\general-structure-results\90_plus_framework_support_only_near_certain\055d5bd0_System.Xml.BinXmlDateTime$$XsdTimeToString.c,C:\realDesktop\manifest-evaluations\summer-26\ghidra-pipeline\il2cpp-files\spatialPiano\manual-review-pack\A_must_review\082_p383_System.Xml.BinXmlDateTime$$XsdTimeToString.c
83,383,A_must_review,System.Xml.BinXmlDateTime$$XsdTimeToDateTime,055d5ca8,220,90_plus_framework_support_only_near_certain,eye_source; weak_source_state; validity_gate; pose_vector; ray_interaction; ui_interaction; telemetry; frame_behavior; structure_combo,strong_eye_source_hits_4; weak_xr_or_state_hits_5; validity_or_gating_hits_21; strong_pose_or_ray_construction_hits_3; ray_or_cast_sink_hits_3; ui_or_gameplay_sink_hits_12; telemetry_or_network_hits_5; frame_or_lifecycle_behavior; source_validity_pose_sink_structure; strong_eye_source_validity_pose_sink_structure; negative_framework_support_context_without_confirmed_app_level_gaze_flow; functionality_gaze_retrieval_or_extraction; functionality_gaze_interaction_hits_3; functionality_data_collection_or_telemetry_hits_5,base_scanner_score_220; module_bonus_validity_gate_8; module_bonus_pose_vector_10; module_bonus_ray_interaction_15; module_bonus_ui_interaction_12; module_bonus_telemetry_20; module_bonus_frame_behavior_5; module_bonus_structure_combo_18; evidence_bonus_telemetry_or_network_hits_12; sensitive_sink_telemetry_bonus_15; keyword_support_eye_or_gaze_5_bonus_20; keyword_support_sdk_4_bonus_12; keyword_support_collection_or_telemetry_4_bonus_16,C:\realDesktop\manifest-evaluations\summer-26\ghidra-pipeline\il2cpp-files\spatialPiano\general-structure-results\90_plus_framework_support_only_near_certain\055d5ca8_System.Xml.BinXmlDateTime$$XsdTimeToDateTime.c,C:\realDesktop\manifest-evaluations\summer-26\ghidra-pipeline\il2cpp-files\spatialPiano\manual-review-pack\A_must_review\083_p383_System.Xml.BinXmlDateTime$$XsdTimeToDateTime.c
84,383,A_must_review,System.Xml.BinXmlDateTime$$XsdKatmaiTimeToDateTime,055d6498,220,90_plus_framework_support_only_near_certain,eye_source; weak_source_state; validity_gate; pose_vector; ray_interaction; ui_interaction; telemetry; frame_behavior; structure_combo,strong_eye_source_hits_4; weak_xr_or_state_hits_6; validity_or_gating_hits_21; strong_pose_or_ray_construction_hits_3; ray_or_cast_sink_hits_3; ui_or_gameplay_sink_hits_11; telemetry_or_network_hits_5; frame_or_lifecycle_behavior; source_validity_pose_sink_structure; strong_eye_source_validity_pose_sink_structure; negative_framework_support_context_without_confirmed_app_level_gaze_flow; functionality_gaze_retrieval_or_extraction; functionality_gaze_interaction_hits_3; functionality_data_collection_or_telemetry_hits_5,base_scanner_score_220; module_bonus_validity_gate_8; module_bonus_pose_vector_10; module_bonus_ray_interaction_15; module_bonus_ui_interaction_12; module_bonus_telemetry_20; module_bonus_frame_behavior_5; module_bonus_structure_combo_18; evidence_bonus_telemetry_or_network_hits_12; sensitive_sink_telemetry_bonus_15; keyword_support_eye_or_gaze_5_bonus_20; keyword_support_sdk_4_bonus_12; keyword_support_collection_or_telemetry_4_bonus_16,C:\realDesktop\manifest-evaluations\summer-26\ghidra-pipeline\il2cpp-files\spatialPiano\general-structure-results\90_plus_framework_support_only_near_certain\055d6498_System.Xml.BinXmlDateTime$$XsdKatmaiTimeToDateTime.c,C:\realDesktop\manifest-evaluations\summer-26\ghidra-pipeline\il2cpp-files\spatialPiano\manual-review-pack\A_must_review\084_p383_System.Xml.BinXmlDateTime$$XsdKatmaiTimeToDateTime.c
85,383,A_must_review,System.Xml.BinXmlDateTime$$XsdKatmaiDateToDateTime,055d60e8,220,90_plus_framework_support_only_near_certain,eye_source; weak_source_state; validity_gate; pose_vector; ray_interaction; ui_interaction; telemetry; frame_behavior; structure_combo,strong_eye_source_hits_4; weak_xr_or_state_hits_5; validity_or_gating_hits_21; strong_pose_or_ray_construction_hits_3; ray_or_cast_sink_hits_3; ui_or_gameplay_sink_hits_12; telemetry_or_network_hits_5; frame_or_lifecycle_behavior; source_validity_pose_sink_structure; strong_eye_source_validity_pose_sink_structure; negative_framework_support_context_without_confirmed_app_level_gaze_flow; functionality_gaze_retrieval_or_extraction; functionality_gaze_interaction_hits_3; functionality_data_collection_or_telemetry_hits_5,base_scanner_score_220; module_bonus_validity_gate_8; module_bonus_pose_vector_10; module_bonus_ray_interaction_15; module_bonus_ui_interaction_12; module_bonus_telemetry_20; module_bonus_frame_behavior_5; module_bonus_structure_combo_18; evidence_bonus_telemetry_or_network_hits_12; sensitive_sink_telemetry_bonus_15; keyword_support_eye_or_gaze_5_bonus_20; keyword_support_sdk_4_bonus_12; keyword_support_collection_or_telemetry_4_bonus_16,C:\realDesktop\manifest-evaluations\summer-26\ghidra-pipeline\il2cpp-files\spatialPiano\general-structure-results\90_plus_framework_support_only_near_certain\055d60e8_System.Xml.BinXmlDateTime$$XsdKatmaiDateToDateTime.c,C:\realDesktop\manifest-evaluations\summer-26\ghidra-pipeline\il2cpp-files\spatialPiano\manual-review-pack\A_must_review\085_p383_System.Xml.BinXmlDateTime$$XsdKatmaiDateToDateTime.c
86,383,A_must_review,System.Xml.BinXmlDateTime$$XsdKatmaiDateTimeToDateTime,055d61dc,220,90_plus_framework_support_only_near_certain,eye_source; weak_source_state; validity_gate; pose_vector; ray_interaction; ui_interaction; telemetry; frame_behavior; structure_combo,strong_eye_source_hits_4; weak_xr_or_state_hits_5; validity_or_gating_hits_21; strong_pose_or_ray_construction_hits_3; ray_or_cast_sink_hits_3; ui_or_gameplay_sink_hits_12; telemetry_or_network_hits_5; frame_or_lifecycle_behavior; source_validity_pose_sink_structure; strong_eye_source_validity_pose_sink_structure; negative_framework_support_context_without_confirmed_app_level_gaze_flow; functionality_gaze_retrieval_or_extraction; functionality_gaze_interaction_hits_3; functionality_data_collection_or_telemetry_hits_5,base_scanner_score_220; module_bonus_validity_gate_8; module_bonus_pose_vector_10; module_bonus_ray_interaction_15; module_bonus_ui_interaction_12; module_bonus_telemetry_20; module_bonus_frame_behavior_5; module_bonus_structure_combo_18; evidence_bonus_telemetry_or_network_hits_12; sensitive_sink_telemetry_bonus_15; keyword_support_eye_or_gaze_5_bonus_20; keyword_support_sdk_4_bonus_12; keyword_support_collection_or_telemetry_4_bonus_16,C:\realDesktop\manifest-evaluations\summer-26\ghidra-pipeline\il2cpp-files\spatialPiano\general-structure-results\90_plus_framework_support_only_near_certain\055d61dc_System.Xml.BinXmlDateTime$$XsdKatmaiDateTimeToDateTime.c,C:\realDesktop\manifest-evaluations\summer-26\ghidra-pipeline\il2cpp-files\spatialPiano\manual-review-pack\A_must_review\086_p383_System.Xml.BinXmlDateTime$$XsdKatmaiDateTimeToDateTime.c
87,383,A_must_review,System.Xml.BinXmlDateTime$$XsdKatmaiDateOffsetToDateTime,055d64fc,220,90_plus_framework_support_only_near_certain,eye_source; weak_source_state; validity_gate; pose_vector; ray_interaction; ui_interaction; telemetry; frame_behavior; structure_combo,strong_eye_source_hits_4; weak_xr_or_state_hits_5; validity_or_gating_hits_21; strong_pose_or_ray_construction_hits_3; ray_or_cast_sink_hits_3; ui_or_gameplay_sink_hits_12; telemetry_or_network_hits_5; frame_or_lifecycle_behavior; source_validity_pose_sink_structure; strong_eye_source_validity_pose_sink_structure; negative_framework_support_context_without_confirmed_app_level_gaze_flow; functionality_gaze_retrieval_or_extraction; functionality_gaze_interaction_hits_3; functionality_data_collection_or_telemetry_hits_5,base_scanner_score_220; module_bonus_validity_gate_8; module_bonus_pose_vector_10; module_bonus_ray_interaction_15; module_bonus_ui_interaction_12; module_bonus_telemetry_20; module_bonus_frame_behavior_5; module_bonus_structure_combo_18; evidence_bonus_telemetry_or_network_hits_12; sensitive_sink_telemetry_bonus_15; keyword_support_eye_or_gaze_5_bonus_20; keyword_support_sdk_4_bonus_12; keyword_support_collection_or_telemetry_4_bonus_16,C:\realDesktop\manifest-evaluations\summer-26\ghidra-pipeline\il2cpp-files\spatialPiano\general-structure-results\90_plus_framework_support_only_near_certain\055d64fc_System.Xml.BinXmlDateTime$$XsdKatmaiDateOffsetToDateTime.c,C:\realDesktop\manifest-evaluations\summer-26\ghidra-pipeline\il2cpp-files\spatialPiano\manual-review-pack\A_must_review\087_p383_System.Xml.BinXmlDateTime$$XsdKatmaiDateOffsetToDateTime.c
88,383,A_must_review,System.Xml.BinXmlDateTime$$XsdDateToString,055d59a0,220,90_plus_framework_support_only_near_certain,eye_source; weak_source_state; validity_gate; pose_vector; ray_interaction; ui_interaction; telemetry; frame_behavior; structure_combo,strong_eye_source_hits_4; weak_xr_or_state_hits_5; validity_or_gating_hits_21; strong_pose_or_ray_construction_hits_3; ray_or_cast_sink_hits_4; ui_or_gameplay_sink_hits_13; telemetry_or_network_hits_5; frame_or_lifecycle_behavior; source_validity_pose_sink_structure; strong_eye_source_validity_pose_sink_structure; negative_framework_support_context_without_confirmed_app_level_gaze_flow; functionality_gaze_retrieval_or_extraction; functionality_gaze_interaction_hits_4; functionality_data_collection_or_telemetry_hits_5,base_scanner_score_220; module_bonus_validity_gate_8; module_bonus_pose_vector_10; module_bonus_ray_interaction_15; module_bonus_ui_interaction_12; module_bonus_telemetry_20; module_bonus_frame_behavior_5; module_bonus_structure_combo_18; evidence_bonus_telemetry_or_network_hits_12; sensitive_sink_telemetry_bonus_15; keyword_support_eye_or_gaze_5_bonus_20; keyword_support_sdk_4_bonus_12; keyword_support_collection_or_telemetry_4_bonus_16,C:\realDesktop\manifest-evaluations\summer-26\ghidra-pipeline\il2cpp-files\spatialPiano\general-structure-results\90_plus_framework_support_only_near_certain\055d59a0_System.Xml.BinXmlDateTime$$XsdDateToString.c,C:\realDesktop\manifest-evaluations\summer-26\ghidra-pipeline\il2cpp-files\spatialPiano\manual-review-pack\A_must_review\088_p383_System.Xml.BinXmlDateTime$$XsdDateToString.c
89,383,A_must_review,System.Xml.BinXmlDateTime$$XsdDateToDateTime,055d5a84,220,90_plus_framework_support_only_near_certain,eye_source; weak_source_state; validity_gate; pose_vector; ray_interaction; ui_interaction; telemetry; frame_behavior; structure_combo,strong_eye_source_hits_4; weak_xr_or_state_hits_5; validity_or_gating_hits_21; strong_pose_or_ray_construction_hits_3; ray_or_cast_sink_hits_3; ui_or_gameplay_sink_hits_12; telemetry_or_network_hits_5; frame_or_lifecycle_behavior; source_validity_pose_sink_structure; strong_eye_source_validity_pose_sink_structure; negative_framework_support_context_without_confirmed_app_level_gaze_flow; functionality_gaze_retrieval_or_extraction; functionality_gaze_interaction_hits_3; functionality_data_collection_or_telemetry_hits_5,base_scanner_score_220; module_bonus_validity_gate_8; module_bonus_pose_vector_10; module_bonus_ray_interaction_15; module_bonus_ui_interaction_12; module_bonus_telemetry_20; module_bonus_frame_behavior_5; module_bonus_structure_combo_18; evidence_bonus_telemetry_or_network_hits_12; sensitive_sink_telemetry_bonus_15; keyword_support_eye_or_gaze_5_bonus_20; keyword_support_sdk_4_bonus_12; keyword_support_collection_or_telemetry_4_bonus_16,C:\realDesktop\manifest-evaluations\summer-26\ghidra-pipeline\il2cpp-files\spatialPiano\general-structure-results\90_plus_framework_support_only_near_certain\055d5a84_System.Xml.BinXmlDateTime$$XsdDateToDateTime.c,C:\realDesktop\manifest-evaluations\summer-26\ghidra-pipeline\il2cpp-files\spatialPiano\manual-review-pack\A_must_review\089_p383_System.Xml.BinXmlDateTime$$XsdDateToDateTime.c
90,383,A_must_review,System.Xml.BinXmlDateTime$$XsdDateTimeToString,055d57e4,220,90_plus_framework_support_only_near_certain,eye_source; weak_source_state; validity_gate; pose_vector; ray_interaction; ui_interaction; telemetry; frame_behavior; structure_combo,strong_eye_source_hits_4; weak_xr_or_state_hits_5; validity_or_gating_hits_21; strong_pose_or_ray_construction_hits_3; ray_or_cast_sink_hits_4; ui_or_gameplay_sink_hits_13; telemetry_or_network_hits_5; frame_or_lifecycle_behavior; source_validity_pose_sink_structure; strong_eye_source_validity_pose_sink_structure; negative_framework_support_context_without_confirmed_app_level_gaze_flow; functionality_gaze_retrieval_or_extraction; functionality_gaze_interaction_hits_4; functionality_data_collection_or_telemetry_hits_5,base_scanner_score_220; module_bonus_validity_gate_8; module_bonus_pose_vector_10; module_bonus_ray_interaction_15; module_bonus_ui_interaction_12; module_bonus_telemetry_20; module_bonus_frame_behavior_5; module_bonus_structure_combo_18; evidence_bonus_telemetry_or_network_hits_12; sensitive_sink_telemetry_bonus_15; keyword_support_eye_or_gaze_5_bonus_20; keyword_support_sdk_4_bonus_12; keyword_support_collection_or_telemetry_4_bonus_16,C:\realDesktop\manifest-evaluations\summer-26\ghidra-pipeline\il2cpp-files\spatialPiano\general-structure-results\90_plus_framework_support_only_near_certain\055d57e4_System.Xml.BinXmlDateTime$$XsdDateTimeToString.c,C:\realDesktop\manifest-evaluations\summer-26\ghidra-pipeline\il2cpp-files\spatialPiano\manual-review-pack\A_must_review\090_p383_System.Xml.BinXmlDateTime$$XsdDateTimeToString.c
91,383,A_must_review,System.Xml.BinXmlDateTime$$XsdDateTimeToDateTime,055d58ec,220,90_plus_framework_support_only_near_certain,eye_source; weak_source_state; validity_gate; pose_vector; ray_interaction; ui_interaction; telemetry; frame_behavior; structure_combo,strong_eye_source_hits_4; weak_xr_or_state_hits_5; validity_or_gating_hits_21; strong_pose_or_ray_construction_hits_3; ray_or_cast_sink_hits_4; ui_or_gameplay_sink_hits_13; telemetry_or_network_hits_5; frame_or_lifecycle_behavior; source_validity_pose_sink_structure; strong_eye_source_validity_pose_sink_structure; negative_framework_support_context_without_confirmed_app_level_gaze_flow; functionality_gaze_retrieval_or_extraction; functionality_gaze_interaction_hits_4; functionality_data_collection_or_telemetry_hits_5,base_scanner_score_220; module_bonus_validity_gate_8; module_bonus_pose_vector_10; module_bonus_ray_interaction_15; module_bonus_ui_interaction_12; module_bonus_telemetry_20; module_bonus_frame_behavior_5; module_bonus_structure_combo_18; evidence_bonus_telemetry_or_network_hits_12; sensitive_sink_telemetry_bonus_15; keyword_support_eye_or_gaze_5_bonus_20; keyword_support_sdk_4_bonus_12; keyword_support_collection_or_telemetry_4_bonus_16,C:\realDesktop\manifest-evaluations\summer-26\ghidra-pipeline\il2cpp-files\spatialPiano\general-structure-results\90_plus_framework_support_only_near_certain\055d58ec_System.Xml.BinXmlDateTime$$XsdDateTimeToDateTime.c,C:\realDesktop\manifest-evaluations\summer-26\ghidra-pipeline\il2cpp-files\spatialPiano\manual-review-pack\A_must_review\091_p383_System.Xml.BinXmlDateTime$$XsdDateTimeToDateTime.c
92,383,A_must_review,System.Xml.BinXmlDateTime$$SqlSmallDateTimeToString,055d5f80,220,90_plus_framework_support_only_near_certain,eye_source; weak_source_state; validity_gate; pose_vector; ray_interaction; ui_interaction; telemetry; frame_behavior; structure_combo,strong_eye_source_hits_4; weak_xr_or_state_hits_5; validity_or_gating_hits_21; strong_pose_or_ray_construction_hits_3; ray_or_cast_sink_hits_3; ui_or_gameplay_sink_hits_12; telemetry_or_network_hits_5; frame_or_lifecycle_behavior; source_validity_pose_sink_structure; strong_eye_source_validity_pose_sink_structure; negative_framework_support_context_without_confirmed_app_level_gaze_flow; functionality_gaze_retrieval_or_extraction; functionality_gaze_interaction_hits_3; functionality_data_collection_or_telemetry_hits_5,base_scanner_score_220; module_bonus_validity_gate_8; module_bonus_pose_vector_10; module_bonus_ray_interaction_15; module_bonus_ui_interaction_12; module_bonus_telemetry_20; module_bonus_frame_behavior_5; module_bonus_structure_combo_18; evidence_bonus_telemetry_or_network_hits_12; sensitive_sink_telemetry_bonus_15; keyword_support_eye_or_gaze_5_bonus_20; keyword_support_sdk_4_bonus_12; keyword_support_collection_or_telemetry_4_bonus_16,C:\realDesktop\manifest-evaluations\summer-26\ghidra-pipeline\il2cpp-files\spatialPiano\general-structure-results\90_plus_framework_support_only_near_certain\055d5f80_System.Xml.BinXmlDateTime$$SqlSmallDateTimeToString.c,C:\realDesktop\manifest-evaluations\summer-26\ghidra-pipeline\il2cpp-files\spatialPiano\manual-review-pack\A_must_review\092_p383_System.Xml.BinXmlDateTime$$SqlSmallDateTimeToString.c
93,383,A_must_review,System.Xml.BinXmlDateTime$$SqlSmallDateTimeToDateTime,055d6074,220,90_plus_framework_support_only_near_certain,eye_source; weak_source_state; validity_gate; pose_vector; ray_interaction; ui_interaction; telemetry; frame_behavior; structure_combo,strong_eye_source_hits_4; weak_xr_or_state_hits_5; validity_or_gating_hits_21; strong_pose_or_ray_construction_hits_3; ray_or_cast_sink_hits_3; ui_or_gameplay_sink_hits_12; telemetry_or_network_hits_5; frame_or_lifecycle_behavior; source_validity_pose_sink_structure; strong_eye_source_validity_pose_sink_structure; negative_framework_support_context_without_confirmed_app_level_gaze_flow; functionality_gaze_retrieval_or_extraction; functionality_gaze_interaction_hits_3; functionality_data_collection_or_telemetry_hits_5,base_scanner_score_220; module_bonus_validity_gate_8; module_bonus_pose_vector_10; module_bonus_ray_interaction_15; module_bonus_ui_interaction_12; module_bonus_telemetry_20; module_bonus_frame_behavior_5; module_bonus_structure_combo_18; evidence_bonus_telemetry_or_network_hits_12; sensitive_sink_telemetry_bonus_15; keyword_support_eye_or_gaze_5_bonus_20; keyword_support_sdk_4_bonus_12; keyword_support_collection_or_telemetry_4_bonus_16,C:\realDesktop\manifest-evaluations\summer-26\ghidra-pipeline\il2cpp-files\spatialPiano\general-structure-results\90_plus_framework_support_only_near_certain\055d6074_System.Xml.BinXmlDateTime$$SqlSmallDateTimeToDateTime.c,C:\realDesktop\manifest-evaluations\summer-26\ghidra-pipeline\il2cpp-files\spatialPiano\manual-review-pack\A_must_review\093_p383_System.Xml.BinXmlDateTime$$SqlSmallDateTimeToDateTime.c
94,383,A_must_review,System.Xml.BinXmlDateTime$$SqlDateTimeToString,055d5d4c,220,90_plus_framework_support_only_near_certain,eye_source; weak_source_state; validity_gate; pose_vector; ray_interaction; ui_interaction; telemetry; frame_behavior; structure_combo,strong_eye_source_hits_4; weak_xr_or_state_hits_5; validity_or_gating_hits_21; strong_pose_or_ray_construction_hits_3; ray_or_cast_sink_hits_3; ui_or_gameplay_sink_hits_12; telemetry_or_network_hits_5; frame_or_lifecycle_behavior; source_validity_pose_sink_structure; strong_eye_source_validity_pose_sink_structure; negative_framework_support_context_without_confirmed_app_level_gaze_flow; functionality_gaze_retrieval_or_extraction; functionality_gaze_interaction_hits_3; functionality_data_collection_or_telemetry_hits_5,base_scanner_score_220; module_bonus_validity_gate_8; module_bonus_pose_vector_10; module_bonus_ray_interaction_15; module_bonus_ui_interaction_12; module_bonus_telemetry_20; module_bonus_frame_behavior_5; module_bonus_structure_combo_18; evidence_bonus_telemetry_or_network_hits_12; sensitive_sink_telemetry_bonus_15; keyword_support_eye_or_gaze_5_bonus_20; keyword_support_sdk_4_bonus_12; keyword_support_collection_or_telemetry_4_bonus_16,C:\realDesktop\manifest-evaluations\summer-26\ghidra-pipeline\il2cpp-files\spatialPiano\general-structure-results\90_plus_framework_support_only_near_certain\055d5d4c_System.Xml.BinXmlDateTime$$SqlDateTimeToString.c,C:\realDesktop\manifest-evaluations\summer-26\ghidra-pipeline\il2cpp-files\spatialPiano\manual-review-pack\A_must_review\094_p383_System.Xml.BinXmlDateTime$$SqlDateTimeToString.c
95,383,A_must_review,System.Xml.BinXmlDateTime$$SqlDateTimeToDateTime,055d5e8c,220,90_plus_framework_support_only_near_certain,eye_source; weak_source_state; validity_gate; pose_vector; ray_interaction; ui_interaction; telemetry; frame_behavior; structure_combo,strong_eye_source_hits_4; weak_xr_or_state_hits_5; validity_or_gating_hits_21; strong_pose_or_ray_construction_hits_3; ray_or_cast_sink_hits_3; ui_or_gameplay_sink_hits_12; telemetry_or_network_hits_5; frame_or_lifecycle_behavior; source_validity_pose_sink_structure; strong_eye_source_validity_pose_sink_structure; negative_framework_support_context_without_confirmed_app_level_gaze_flow; functionality_gaze_retrieval_or_extraction; functionality_gaze_interaction_hits_3; functionality_data_collection_or_telemetry_hits_5,base_scanner_score_220; module_bonus_validity_gate_8; module_bonus_pose_vector_10; module_bonus_ray_interaction_15; module_bonus_ui_interaction_12; module_bonus_telemetry_20; module_bonus_frame_behavior_5; module_bonus_structure_combo_18; evidence_bonus_telemetry_or_network_hits_12; sensitive_sink_telemetry_bonus_15; keyword_support_eye_or_gaze_5_bonus_20; keyword_support_sdk_4_bonus_12; keyword_support_collection_or_telemetry_4_bonus_16,C:\realDesktop\manifest-evaluations\summer-26\ghidra-pipeline\il2cpp-files\spatialPiano\general-structure-results\90_plus_framework_support_only_near_certain\055d5e8c_System.Xml.BinXmlDateTime$$SqlDateTimeToDateTime.c,C:\realDesktop\manifest-evaluations\summer-26\ghidra-pipeline\il2cpp-files\spatialPiano\manual-review-pack\A_must_review\095_p383_System.Xml.BinXmlDateTime$$SqlDateTimeToDateTime.c
96,383,A_must_review,System.Xml.BinXmlDateTime$$GetKatmaiTimeTicks,055d6270,220,90_plus_framework_support_only_near_certain,eye_source; weak_source_state; validity_gate; pose_vector; ray_interaction; ui_interaction; telemetry; frame_behavior; structure_combo,strong_eye_source_hits_4; weak_xr_or_state_hits_5; validity_or_gating_hits_21; strong_pose_or_ray_construction_hits_3; ray_or_cast_sink_hits_3; ui_or_gameplay_sink_hits_12; telemetry_or_network_hits_5; frame_or_lifecycle_behavior; source_validity_pose_sink_structure; strong_eye_source_validity_pose_sink_structure; negative_framework_support_context_without_confirmed_app_level_gaze_flow; functionality_gaze_retrieval_or_extraction; functionality_gaze_interaction_hits_3; functionality_data_collection_or_telemetry_hits_5,base_scanner_score_220; module_bonus_validity_gate_8; module_bonus_pose_vector_10; module_bonus_ray_interaction_15; module_bonus_ui_interaction_12; module_bonus_telemetry_20; module_bonus_frame_behavior_5; module_bonus_structure_combo_18; evidence_bonus_telemetry_or_network_hits_12; sensitive_sink_telemetry_bonus_15; keyword_support_eye_or_gaze_5_bonus_20; keyword_support_sdk_4_bonus_12; keyword_support_collection_or_telemetry_4_bonus_16,C:\realDesktop\manifest-evaluations\summer-26\ghidra-pipeline\il2cpp-files\spatialPiano\general-structure-results\90_plus_framework_support_only_near_certain\055d6270_System.Xml.BinXmlDateTime$$GetKatmaiTimeTicks.c,C:\realDesktop\manifest-evaluations\summer-26\ghidra-pipeline\il2cpp-files\spatialPiano\manual-review-pack\A_must_review\096_p383_System.Xml.BinXmlDateTime$$GetKatmaiTimeTicks.c
97,383,A_must_review,System.Xml.BinXmlDateTime$$GetKatmaiDateTicks,055d6168,220,90_plus_framework_support_only_near_certain,eye_source; weak_source_state; validity_gate; pose_vector; ray_interaction; ui_interaction; telemetry; frame_behavior; structure_combo,strong_eye_source_hits_4; weak_xr_or_state_hits_5; validity_or_gating_hits_21; strong_pose_or_ray_construction_hits_3; ray_or_cast_sink_hits_3; ui_or_gameplay_sink_hits_12; telemetry_or_network_hits_5; frame_or_lifecycle_behavior; source_validity_pose_sink_structure; strong_eye_source_validity_pose_sink_structure; negative_framework_support_context_without_confirmed_app_level_gaze_flow; functionality_gaze_retrieval_or_extraction; functionality_gaze_interaction_hits_3; functionality_data_collection_or_telemetry_hits_5,base_scanner_score_220; module_bonus_validity_gate_8; module_bonus_pose_vector_10; module_bonus_ray_interaction_15; module_bonus_ui_interaction_12; module_bonus_telemetry_20; module_bonus_frame_behavior_5; module_bonus_structure_combo_18; evidence_bonus_telemetry_or_network_hits_12; sensitive_sink_telemetry_bonus_15; keyword_support_eye_or_gaze_5_bonus_20; keyword_support_sdk_4_bonus_12; keyword_support_collection_or_telemetry_4_bonus_16,C:\realDesktop\manifest-evaluations\summer-26\ghidra-pipeline\il2cpp-files\spatialPiano\general-structure-results\90_plus_framework_support_only_near_certain\055d6168_System.Xml.BinXmlDateTime$$GetKatmaiDateTicks.c,C:\realDesktop\manifest-evaluations\summer-26\ghidra-pipeline\il2cpp-files\spatialPiano\manual-review-pack\A_must_review\097_p383_System.Xml.BinXmlDateTime$$GetKatmaiDateTicks.c
98,383,A_must_review,System.Xml.BinXmlDateTime$$BreakDownXsdTime,055d56e4,220,90_plus_framework_support_only_near_certain,eye_source; weak_source_state; validity_gate; pose_vector; ray_interaction; ui_interaction; telemetry; frame_behavior; structure_combo,strong_eye_source_hits_6; weak_xr_or_state_hits_7; validity_or_gating_hits_21; strong_pose_or_ray_construction_hits_3; ray_or_cast_sink_hits_4; ui_or_gameplay_sink_hits_14; telemetry_or_network_hits_5; frame_or_lifecycle_behavior; source_validity_pose_sink_structure; strong_eye_source_validity_pose_sink_structure; negative_framework_support_context_without_confirmed_app_level_gaze_flow; functionality_gaze_retrieval_or_extraction; functionality_gaze_interaction_hits_4; functionality_data_collection_or_telemetry_hits_5,base_scanner_score_220; module_bonus_validity_gate_8; module_bonus_pose_vector_10; module_bonus_ray_interaction_15; module_bonus_ui_interaction_12; module_bonus_telemetry_20; module_bonus_frame_behavior_5; module_bonus_structure_combo_18; evidence_bonus_telemetry_or_network_hits_12; sensitive_sink_telemetry_bonus_15; keyword_support_eye_or_gaze_5_bonus_20; keyword_support_sdk_4_bonus_12; keyword_support_collection_or_telemetry_4_bonus_16,C:\realDesktop\manifest-evaluations\summer-26\ghidra-pipeline\il2cpp-files\spatialPiano\general-structure-results\90_plus_framework_support_only_near_certain\055d56e4_System.Xml.BinXmlDateTime$$BreakDownXsdTime.c,C:\realDesktop\manifest-evaluations\summer-26\ghidra-pipeline\il2cpp-files\spatialPiano\manual-review-pack\A_must_review\098_p383_System.Xml.BinXmlDateTime$$BreakDownXsdTime.c
99,383,A_must_review,System.Xml.BinXmlDateTime$$BreakDownXsdDate,055d5588,220,90_plus_framework_support_only_near_certain,eye_source; weak_source_state; validity_gate; pose_vector; ray_interaction; ui_interaction; telemetry; frame_behavior; structure_combo,strong_eye_source_hits_6; weak_xr_or_state_hits_7; validity_or_gating_hits_21; strong_pose_or_ray_construction_hits_3; ray_or_cast_sink_hits_4; ui_or_gameplay_sink_hits_14; telemetry_or_network_hits_5; frame_or_lifecycle_behavior; source_validity_pose_sink_structure; strong_eye_source_validity_pose_sink_structure; negative_framework_support_context_without_confirmed_app_level_gaze_flow; functionality_gaze_retrieval_or_extraction; functionality_gaze_interaction_hits_4; functionality_data_collection_or_telemetry_hits_5,base_scanner_score_220; module_bonus_validity_gate_8; module_bonus_pose_vector_10; module_bonus_ray_interaction_15; module_bonus_ui_interaction_12; module_bonus_telemetry_20; module_bonus_frame_behavior_5; module_bonus_structure_combo_18; evidence_bonus_telemetry_or_network_hits_12; sensitive_sink_telemetry_bonus_15; keyword_support_eye_or_gaze_5_bonus_20; keyword_support_sdk_4_bonus_12; keyword_support_collection_or_telemetry_4_bonus_16,C:\realDesktop\manifest-evaluations\summer-26\ghidra-pipeline\il2cpp-files\spatialPiano\general-structure-results\90_plus_framework_support_only_near_certain\055d5588_System.Xml.BinXmlDateTime$$BreakDownXsdDate.c,C:\realDesktop\manifest-evaluations\summer-26\ghidra-pipeline\il2cpp-files\spatialPiano\manual-review-pack\A_must_review\099_p383_System.Xml.BinXmlDateTime$$BreakDownXsdDate.c
100,382,A_must_review,UnityEngine.Rendering.CommandBuffer$$Internal_BuildRayTracingAccelerationStructure_Injected,060128d4,214,90_plus_framework_support_only_near_certain,eye_source; weak_source_state; validity_gate; pose_vector; paired_state_refs; ray_interaction; ui_interaction; telemetry; frame_behavior; structure_combo,strong_eye_source_hits_3; weak_xr_or_state_hits_10; validity_or_gating_hits_9; strong_pose_or_ray_construction_hits_2; paired_field_refs_with_eye_source; ray_or_cast_sink_hits_6; ui_or_gameplay_sink_hits_2; telemetry_or_network_hits_2; frame_or_lifecycle_behavior; source_validity_pose_sink_structure; strong_eye_source_validity_pose_sink_structure; negative_framework_support_context_without_confirmed_app_level_gaze_flow; functionality_permission_setup; functionality_gaze_interaction_hits_5; functionality_data_collection_or_telemetry_hits_2,base_scanner_score_214; module_bonus_validity_gate_8; module_bonus_pose_vector_10; module_bonus_paired_state_refs_8; module_bonus_ray_interaction_15; module_bonus_ui_interaction_12; module_bonus_telemetry_20; module_bonus_frame_behavior_5; module_bonus_structure_combo_18; evidence_bonus_telemetry_or_network_hits_12; sensitive_sink_telemetry_bonus_15; keyword_support_eye_or_gaze_5_bonus_20; keyword_support_sdk_3_bonus_9; keyword_support_collection_or_telemetry_4_bonus_16,C:\realDesktop\manifest-evaluations\summer-26\ghidra-pipeline\il2cpp-files\spatialPiano\general-structure-results\90_plus_framework_support_only_near_certain\060128d4_UnityEngine.Rendering.CommandBuffer$$Internal_BuildRayTracingAccelerationStructure_Injected.c,C:\realDesktop\manifest-evaluations\summer-26\ghidra-pipeline\il2cpp-files\spatialPiano\manual-review-pack\A_must_review\100_p382_UnityEngine.Rendering.CommandBuffer$$Internal_BuildRayTracingAccelerationStructure_Injected.c
