rank,manual_priority_score,manual_tier,function_name,entry_point,scanner_score,scanner_label,modules,evidence,priority_reasons,file_path,copied_file
1,320,A_must_review,OVRPlugin.Media$$SetMrcHeadsetControllerPose,01f92554,189,90_plus_uncertain_gaze_or_xr_structure_near_certain,eye_source; weak_source_state; validity_gate; pose_vector; telemetry; structure_combo,strong_eye_source_hits_5; weak_xr_or_state_hits_8; validity_or_gating_hits_21; strong_pose_or_ray_construction_hits_2; telemetry_or_network_hits_3; source_validity_pose_sink_structure; strong_eye_source_validity_pose_sink_structure; functionality_data_collection_or_telemetry_hits_3,base_scanner_score_189; module_bonus_validity_gate_8; module_bonus_pose_vector_10; module_bonus_telemetry_20; module_bonus_structure_combo_18; evidence_bonus_telemetry_or_network_hits_12; sensitive_sink_telemetry_bonus_15; keyword_support_eye_or_gaze_5_bonus_20; keyword_support_sdk_4_bonus_12; keyword_support_collection_or_telemetry_4_bonus_16,C:\realDesktop\manifest-evaluations\summer-26\ghidra-pipeline\il2cpp-files\TitansClinicFreeDemo\general-structure-results\90_plus_uncertain_gaze_or_xr_structure_near_certain\01f92554_OVRPlugin.Media$$SetMrcHeadsetControllerPose.c,C:\realDesktop\manifest-evaluations\summer-26\ghidra-pipeline\il2cpp-files\TitansClinicFreeDemo\manual-review-pack\A_must_review\001_p320_OVRPlugin.Media$$SetMrcHeadsetControllerPose.c
2,315,A_must_review,OVRPlugin.OVRP_1_49_0$$ovrp_Media_SetHeadsetControllerPose,01f926a0,184,90_plus_uncertain_gaze_or_xr_structure_near_certain,eye_source; weak_source_state; validity_gate; pose_vector; telemetry; structure_combo,strong_eye_source_hits_4; weak_xr_or_state_hits_6; validity_or_gating_hits_21; strong_pose_or_ray_construction_hits_2; telemetry_or_network_hits_2; source_validity_pose_sink_structure; strong_eye_source_validity_pose_sink_structure; functionality_data_collection_or_telemetry_hits_2,base_scanner_score_184; module_bonus_validity_gate_8; module_bonus_pose_vector_10; module_bonus_telemetry_20; module_bonus_structure_combo_18; evidence_bonus_telemetry_or_network_hits_12; sensitive_sink_telemetry_bonus_15; keyword_support_eye_or_gaze_5_bonus_20; keyword_support_sdk_4_bonus_12; keyword_support_collection_or_telemetry_4_bonus_16,C:\realDesktop\manifest-evaluations\summer-26\ghidra-pipeline\il2cpp-files\TitansClinicFreeDemo\general-structure-results\90_plus_uncertain_gaze_or_xr_structure_near_certain\01f926a0_OVRPlugin.OVRP_1_49_0$$ovrp_Media_SetHeadsetControllerPose.c,C:\realDesktop\manifest-evaluations\summer-26\ghidra-pipeline\il2cpp-files\TitansClinicFreeDemo\manual-review-pack\A_must_review\002_p315_OVRPlugin.OVRP_1_49_0$$ovrp_Media_SetHeadsetControllerPose.c
3,273,A_must_review,System.Array.InternalEnumerator<OVRPassthroughLayer.SerializedSurfaceGeometry>$$System.Collections.IEnumerator.get_Current,017762a0,159,90_plus_framework_support_only_near_certain,eye_source; weak_source_state; validity_gate; pose_vector; telemetry; structure_combo,strong_eye_source_hits_1; weak_xr_or_state_hits_1; validity_or_gating_hits_3; strong_pose_or_ray_construction_hits_2; telemetry_or_network_hits_2; source_validity_pose_sink_structure; strong_eye_source_validity_pose_sink_structure; functionality_eye_api_context_without_clear_sink_hits_1,base_scanner_score_159; module_bonus_validity_gate_8; module_bonus_pose_vector_10; module_bonus_telemetry_20; module_bonus_structure_combo_18; evidence_bonus_telemetry_or_network_hits_12; sensitive_sink_telemetry_bonus_15; keyword_support_eye_or_gaze_5_bonus_20; keyword_support_sdk_1_bonus_3; keyword_support_collection_or_telemetry_2_bonus_8,C:\realDesktop\manifest-evaluations\summer-26\ghidra-pipeline\il2cpp-files\TitansClinicFreeDemo\general-structure-results\90_plus_framework_support_only_near_certain\017762a0_System.Array.InternalEnumerator_OVRPassthroughLayer.SerializedSurfaceGeometry_$$System.Collections.IEnumerator.get_Current.c,C:\realDesktop\manifest-evaluations\summer-26\ghidra-pipeline\il2cpp-files\TitansClinicFreeDemo\manual-review-pack\A_must_review\003_p273_System.Array.InternalEnumerator_OVRPassthroughLayer.SerializedSurfaceGeometry_$$System.Collections.IEnumerator.get_Current.c
4,273,A_must_review,System.Array.InternalEnumerator<OVRPassthroughLayer.SerializedSurfaceGeometry>$$System.Collections.IEnumerator.Reset,01776294,159,90_plus_framework_support_only_near_certain,eye_source; weak_source_state; validity_gate; pose_vector; telemetry; structure_combo,strong_eye_source_hits_1; weak_xr_or_state_hits_1; validity_or_gating_hits_3; strong_pose_or_ray_construction_hits_2; telemetry_or_network_hits_2; source_validity_pose_sink_structure; strong_eye_source_validity_pose_sink_structure; functionality_eye_api_context_without_clear_sink_hits_1,base_scanner_score_159; module_bonus_validity_gate_8; module_bonus_pose_vector_10; module_bonus_telemetry_20; module_bonus_structure_combo_18; evidence_bonus_telemetry_or_network_hits_12; sensitive_sink_telemetry_bonus_15; keyword_support_eye_or_gaze_5_bonus_20; keyword_support_sdk_1_bonus_3; keyword_support_collection_or_telemetry_2_bonus_8,C:\realDesktop\manifest-evaluations\summer-26\ghidra-pipeline\il2cpp-files\TitansClinicFreeDemo\general-structure-results\90_plus_framework_support_only_near_certain\01776294_System.Array.InternalEnumerator_OVRPassthroughLayer.SerializedSurfaceGeometry_$$System.Collections.IEnumerator.Reset.c,C:\realDesktop\manifest-evaluations\summer-26\ghidra-pipeline\il2cpp-files\TitansClinicFreeDemo\manual-review-pack\A_must_review\004_p273_System.Array.InternalEnumerator_OVRPassthroughLayer.SerializedSurfaceGeometry_$$System.Collections.IEnumerator.Reset.c
5,250,A_must_review,OVRPlugin.GetBoneSkeleton2Delegate$$Invoke,01f92954,135,90_plus_uncertain_gaze_or_xr_structure_near_certain,eye_source; weak_source_state; validity_gate; ui_interaction; telemetry,strong_eye_source_hits_4; weak_xr_or_state_hits_6; validity_or_gating_hits_21; ui_or_gameplay_sink_hits_2; telemetry_or_network_hits_2; functionality_data_collection_or_telemetry_hits_2,base_scanner_score_135; module_bonus_validity_gate_8; module_bonus_ui_interaction_12; module_bonus_telemetry_20; evidence_bonus_telemetry_or_network_hits_12; sensitive_sink_telemetry_bonus_15; keyword_support_eye_or_gaze_5_bonus_20; keyword_support_sdk_4_bonus_12; keyword_support_collection_or_telemetry_4_bonus_16,C:\realDesktop\manifest-evaluations\summer-26\ghidra-pipeline\il2cpp-files\TitansClinicFreeDemo\general-structure-results\90_plus_uncertain_gaze_or_xr_structure_near_certain\01f92954_OVRPlugin.GetBoneSkeleton2Delegate$$Invoke.c,C:\realDesktop\manifest-evaluations\summer-26\ghidra-pipeline\il2cpp-files\TitansClinicFreeDemo\manual-review-pack\A_must_review\005_p250_OVRPlugin.GetBoneSkeleton2Delegate$$Invoke.c
6,250,A_must_review,OVRPlugin.GetBoneSkeleton2Delegate$$EndInvoke,01f92988,135,90_plus_uncertain_gaze_or_xr_structure_near_certain,eye_source; weak_source_state; validity_gate; ui_interaction; telemetry,strong_eye_source_hits_4; weak_xr_or_state_hits_6; validity_or_gating_hits_21; ui_or_gameplay_sink_hits_2; telemetry_or_network_hits_2; functionality_data_collection_or_telemetry_hits_2,base_scanner_score_135; module_bonus_validity_gate_8; module_bonus_ui_interaction_12; module_bonus_telemetry_20; evidence_bonus_telemetry_or_network_hits_12; sensitive_sink_telemetry_bonus_15; keyword_support_eye_or_gaze_5_bonus_20; keyword_support_sdk_4_bonus_12; keyword_support_collection_or_telemetry_4_bonus_16,C:\realDesktop\manifest-evaluations\summer-26\ghidra-pipeline\il2cpp-files\TitansClinicFreeDemo\general-structure-results\90_plus_uncertain_gaze_or_xr_structure_near_certain\01f92988_OVRPlugin.GetBoneSkeleton2Delegate$$EndInvoke.c,C:\realDesktop\manifest-evaluations\summer-26\ghidra-pipeline\il2cpp-files\TitansClinicFreeDemo\manual-review-pack\A_must_review\006_p250_OVRPlugin.GetBoneSkeleton2Delegate$$EndInvoke.c
7,250,A_must_review,OVRPlugin.GetBoneSkeleton2Delegate$$BeginInvoke,01f92968,135,90_plus_uncertain_gaze_or_xr_structure_near_certain,eye_source; weak_source_state; validity_gate; ui_interaction; telemetry,strong_eye_source_hits_4; weak_xr_or_state_hits_6; validity_or_gating_hits_21; ui_or_gameplay_sink_hits_2; telemetry_or_network_hits_2; functionality_data_collection_or_telemetry_hits_2,base_scanner_score_135; module_bonus_validity_gate_8; module_bonus_ui_interaction_12; module_bonus_telemetry_20; evidence_bonus_telemetry_or_network_hits_12; sensitive_sink_telemetry_bonus_15; keyword_support_eye_or_gaze_5_bonus_20; keyword_support_sdk_4_bonus_12; keyword_support_collection_or_telemetry_4_bonus_16,C:\realDesktop\manifest-evaluations\summer-26\ghidra-pipeline\il2cpp-files\TitansClinicFreeDemo\general-structure-results\90_plus_uncertain_gaze_or_xr_structure_near_certain\01f92968_OVRPlugin.GetBoneSkeleton2Delegate$$BeginInvoke.c,C:\realDesktop\manifest-evaluations\summer-26\ghidra-pipeline\il2cpp-files\TitansClinicFreeDemo\manual-review-pack\A_must_review\007_p250_OVRPlugin.GetBoneSkeleton2Delegate$$BeginInvoke.c
8,236,A_must_review,OVRPlugin.OVRP_1_78_0$$ovrp_SetFoveationEyeTracked,01f9f45c,159,90_plus_attempted_dynamic_eye_tracked_foveation_near_certain,eye_source; weak_source_state; validity_gate; foveation_rendering; frame_behavior; attempted_use; dynamic_foveation_possible,strong_eye_source_hits_9; weak_xr_or_state_hits_5; validity_or_gating_hits_5; strong_foveation_hits_2; frame_or_lifecycle_behavior; attempted_eye_tracking_permission_or_feature_enable; attempted_eye_tracking_with_foveated_rendering_path; functionality_foveated_rendering,base_scanner_score_159; module_bonus_validity_gate_8; module_bonus_foveation_rendering_20; module_bonus_frame_behavior_5; sensitive_sink_foveation_bonus_12; keyword_support_eye_or_gaze_5_bonus_20; keyword_support_sdk_4_bonus_12,C:\realDesktop\manifest-evaluations\summer-26\ghidra-pipeline\il2cpp-files\TitansClinicFreeDemo\general-structure-results\90_plus_attempted_dynamic_eye_tracked_foveation_near_certain\01f9f45c_OVRPlugin.OVRP_1_78_0$$ovrp_SetFoveationEyeTracked.c,C:\realDesktop\manifest-evaluations\summer-26\ghidra-pipeline\il2cpp-files\TitansClinicFreeDemo\manual-review-pack\A_must_review\008_p236_OVRPlugin.OVRP_1_78_0$$ovrp_SetFoveationEyeTracked.c
9,230,A_must_review,OVRPlugin$$get_eyeTrackedFoveatedRenderingSupported,01f80b80,158,90_plus_attempted_dynamic_eye_tracked_foveation_near_certain,eye_source; weak_source_state; validity_gate; foveation_rendering; attempted_use; dynamic_foveation_possible,strong_eye_source_hits_15; weak_xr_or_state_hits_13; validity_or_gating_hits_7; strong_foveation_hits_5; attempted_eye_tracking_permission_or_feature_enable; attempted_eye_tracking_with_foveated_rendering_path; functionality_foveated_rendering,base_scanner_score_158; module_bonus_validity_gate_8; module_bonus_foveation_rendering_20; sensitive_sink_foveation_bonus_12; keyword_support_eye_or_gaze_5_bonus_20; keyword_support_sdk_4_bonus_12,C:\realDesktop\manifest-evaluations\summer-26\ghidra-pipeline\il2cpp-files\TitansClinicFreeDemo\general-structure-results\90_plus_attempted_dynamic_eye_tracked_foveation_near_certain\01f80b80_OVRPlugin$$get_eyeTrackedFoveatedRenderingSupported.c,C:\realDesktop\manifest-evaluations\summer-26\ghidra-pipeline\il2cpp-files\TitansClinicFreeDemo\manual-review-pack\A_must_review\009_p230_OVRPlugin$$get_eyeTrackedFoveatedRenderingSupported.c
10,229,A_must_review,OVRPlugin.UnityOpenXR$$OnSessionCreate,01f93b60,126,90_plus_uncertain_gaze_or_xr_structure_near_certain,eye_source; weak_source_state; validity_gate; telemetry,strong_eye_source_hits_4; weak_xr_or_state_hits_8; validity_or_gating_hits_19; telemetry_or_network_hits_4; functionality_data_collection_or_telemetry_hits_4,base_scanner_score_126; module_bonus_validity_gate_8; module_bonus_telemetry_20; evidence_bonus_telemetry_or_network_hits_12; sensitive_sink_telemetry_bonus_15; keyword_support_eye_or_gaze_5_bonus_20; keyword_support_sdk_4_bonus_12; keyword_support_collection_or_telemetry_4_bonus_16,C:\realDesktop\manifest-evaluations\summer-26\ghidra-pipeline\il2cpp-files\TitansClinicFreeDemo\general-structure-results\90_plus_uncertain_gaze_or_xr_structure_near_certain\01f93b60_OVRPlugin.UnityOpenXR$$OnSessionCreate.c,C:\realDesktop\manifest-evaluations\summer-26\ghidra-pipeline\il2cpp-files\TitansClinicFreeDemo\manual-review-pack\A_must_review\010_p229_OVRPlugin.UnityOpenXR$$OnSessionCreate.c
11,229,A_must_review,OVRPlugin.OVRP_1_65_0$$ovrp_KtxGetTextureData,01f933d8,126,90_plus_uncertain_gaze_or_xr_structure_near_certain,eye_source; weak_source_state; validity_gate; telemetry,strong_eye_source_hits_6; weak_xr_or_state_hits_12; validity_or_gating_hits_21; telemetry_or_network_hits_4; functionality_data_collection_or_telemetry_hits_4,base_scanner_score_126; module_bonus_validity_gate_8; module_bonus_telemetry_20; evidence_bonus_telemetry_or_network_hits_12; sensitive_sink_telemetry_bonus_15; keyword_support_eye_or_gaze_5_bonus_20; keyword_support_sdk_4_bonus_12; keyword_support_collection_or_telemetry_4_bonus_16,C:\realDesktop\manifest-evaluations\summer-26\ghidra-pipeline\il2cpp-files\TitansClinicFreeDemo\general-structure-results\90_plus_uncertain_gaze_or_xr_structure_near_certain\01f933d8_OVRPlugin.OVRP_1_65_0$$ovrp_KtxGetTextureData.c,C:\realDesktop\manifest-evaluations\summer-26\ghidra-pipeline\il2cpp-files\TitansClinicFreeDemo\manual-review-pack\A_must_review\011_p229_OVRPlugin.OVRP_1_65_0$$ovrp_KtxGetTextureData.c
12,229,A_must_review,OVRPlugin.OVRP_1_45_0$$ovrp_Media_SetAvailableQueueIndexVulkan,01f924d8,126,90_plus_uncertain_gaze_or_xr_structure_near_certain,eye_source; weak_source_state; validity_gate; telemetry,strong_eye_source_hits_5; weak_xr_or_state_hits_10; validity_or_gating_hits_21; telemetry_or_network_hits_3; functionality_data_collection_or_telemetry_hits_3,base_scanner_score_126; module_bonus_validity_gate_8; module_bonus_telemetry_20; evidence_bonus_telemetry_or_network_hits_12; sensitive_sink_telemetry_bonus_15; keyword_support_eye_or_gaze_5_bonus_20; keyword_support_sdk_4_bonus_12; keyword_support_collection_or_telemetry_4_bonus_16,C:\realDesktop\manifest-evaluations\summer-26\ghidra-pipeline\il2cpp-files\TitansClinicFreeDemo\general-structure-results\90_plus_uncertain_gaze_or_xr_structure_near_certain\01f924d8_OVRPlugin.OVRP_1_45_0$$ovrp_Media_SetAvailableQueueIndexVulkan.c,C:\realDesktop\manifest-evaluations\summer-26\ghidra-pipeline\il2cpp-files\TitansClinicFreeDemo\manual-review-pack\A_must_review\012_p229_OVRPlugin.OVRP_1_45_0$$ovrp_Media_SetAvailableQueueIndexVulkan.c
13,229,A_must_review,OVRPlugin.OVRP_1_38_0$$ovrp_Media_SyncMrcFrame,01f92394,126,90_plus_uncertain_gaze_or_xr_structure_near_certain,eye_source; weak_source_state; validity_gate; telemetry,strong_eye_source_hits_5; weak_xr_or_state_hits_8; validity_or_gating_hits_21; telemetry_or_network_hits_3; functionality_data_collection_or_telemetry_hits_3,base_scanner_score_126; module_bonus_validity_gate_8; module_bonus_telemetry_20; evidence_bonus_telemetry_or_network_hits_12; sensitive_sink_telemetry_bonus_15; keyword_support_eye_or_gaze_5_bonus_20; keyword_support_sdk_4_bonus_12; keyword_support_collection_or_telemetry_4_bonus_16,C:\realDesktop\manifest-evaluations\summer-26\ghidra-pipeline\il2cpp-files\TitansClinicFreeDemo\general-structure-results\90_plus_uncertain_gaze_or_xr_structure_near_certain\01f92394_OVRPlugin.OVRP_1_38_0$$ovrp_Media_SyncMrcFrame.c,C:\realDesktop\manifest-evaluations\summer-26\ghidra-pipeline\il2cpp-files\TitansClinicFreeDemo\manual-review-pack\A_must_review\013_p229_OVRPlugin.OVRP_1_38_0$$ovrp_Media_SyncMrcFrame.c
14,229,A_must_review,OVRPlugin.Media$$SetAvailableQueueIndexVulkan,01f92410,126,90_plus_uncertain_gaze_or_xr_structure_near_certain,eye_source; weak_source_state; validity_gate; telemetry,strong_eye_source_hits_5; weak_xr_or_state_hits_10; validity_or_gating_hits_21; telemetry_or_network_hits_3; functionality_data_collection_or_telemetry_hits_3,base_scanner_score_126; module_bonus_validity_gate_8; module_bonus_telemetry_20; evidence_bonus_telemetry_or_network_hits_12; sensitive_sink_telemetry_bonus_15; keyword_support_eye_or_gaze_5_bonus_20; keyword_support_sdk_4_bonus_12; keyword_support_collection_or_telemetry_4_bonus_16,C:\realDesktop\manifest-evaluations\summer-26\ghidra-pipeline\il2cpp-files\TitansClinicFreeDemo\general-structure-results\90_plus_uncertain_gaze_or_xr_structure_near_certain\01f92410_OVRPlugin.Media$$SetAvailableQueueIndexVulkan.c,C:\realDesktop\manifest-evaluations\summer-26\ghidra-pipeline\il2cpp-files\TitansClinicFreeDemo\manual-review-pack\A_must_review\014_p229_OVRPlugin.Media$$SetAvailableQueueIndexVulkan.c
15,227,A_must_review,FUN_01f80b1c,01f80b1c,158,90_plus_attempted_dynamic_eye_tracked_foveation_near_certain,eye_source; weak_source_state; validity_gate; foveation_rendering; attempted_use; dynamic_foveation_possible,strong_eye_source_hits_9; weak_xr_or_state_hits_9; validity_or_gating_hits_7; strong_foveation_hits_3; attempted_eye_tracking_permission_or_feature_enable; attempted_eye_tracking_with_foveated_rendering_path; functionality_foveated_rendering,base_scanner_score_158; module_bonus_validity_gate_8; module_bonus_foveation_rendering_20; sensitive_sink_foveation_bonus_12; keyword_support_eye_or_gaze_5_bonus_20; keyword_support_sdk_3_bonus_9,C:\realDesktop\manifest-evaluations\summer-26\ghidra-pipeline\il2cpp-files\TitansClinicFreeDemo\general-structure-results\90_plus_attempted_dynamic_eye_tracked_foveation_near_certain\01f80b1c_FUN_01f80b1c.c,C:\realDesktop\manifest-evaluations\summer-26\ghidra-pipeline\il2cpp-files\TitansClinicFreeDemo\manual-review-pack\A_must_review\015_p227_FUN_01f80b1c.c
16,224,A_must_review,OVRPlugin.OVRP_1_66_0$$ovrp_Media_IsCastingToRemoteClient,01f92834,121,90_plus_uncertain_gaze_or_xr_structure_near_certain,eye_source; weak_source_state; validity_gate; telemetry,strong_eye_source_hits_4; weak_xr_or_state_hits_6; validity_or_gating_hits_21; telemetry_or_network_hits_2; functionality_data_collection_or_telemetry_hits_2,base_scanner_score_121; module_bonus_validity_gate_8; module_bonus_telemetry_20; evidence_bonus_telemetry_or_network_hits_12; sensitive_sink_telemetry_bonus_15; keyword_support_eye_or_gaze_5_bonus_20; keyword_support_sdk_4_bonus_12; keyword_support_collection_or_telemetry_4_bonus_16,C:\realDesktop\manifest-evaluations\summer-26\ghidra-pipeline\il2cpp-files\TitansClinicFreeDemo\general-structure-results\90_plus_uncertain_gaze_or_xr_structure_near_certain\01f92834_OVRPlugin.OVRP_1_66_0$$ovrp_Media_IsCastingToRemoteClient.c,C:\realDesktop\manifest-evaluations\summer-26\ghidra-pipeline\il2cpp-files\TitansClinicFreeDemo\manual-review-pack\A_must_review\016_p224_OVRPlugin.OVRP_1_66_0$$ovrp_Media_IsCastingToRemoteClient.c
17,224,A_must_review,OVRPlugin.OVRP_1_65_0$$ovrp_KtxTextureWidth,01f92cd8,121,90_plus_uncertain_gaze_or_xr_structure_near_certain,eye_source; weak_source_state; validity_gate; telemetry,strong_eye_source_hits_4; weak_xr_or_state_hits_6; validity_or_gating_hits_21; telemetry_or_network_hits_2; functionality_data_collection_or_telemetry_hits_2,base_scanner_score_121; module_bonus_validity_gate_8; module_bonus_telemetry_20; evidence_bonus_telemetry_or_network_hits_12; sensitive_sink_telemetry_bonus_15; keyword_support_eye_or_gaze_5_bonus_20; keyword_support_sdk_4_bonus_12; keyword_support_collection_or_telemetry_4_bonus_16,C:\realDesktop\manifest-evaluations\summer-26\ghidra-pipeline\il2cpp-files\TitansClinicFreeDemo\general-structure-results\90_plus_uncertain_gaze_or_xr_structure_near_certain\01f92cd8_OVRPlugin.OVRP_1_65_0$$ovrp_KtxTextureWidth.c,C:\realDesktop\manifest-evaluations\summer-26\ghidra-pipeline\il2cpp-files\TitansClinicFreeDemo\manual-review-pack\A_must_review\017_p224_OVRPlugin.OVRP_1_65_0$$ovrp_KtxTextureWidth.c
18,224,A_must_review,OVRPlugin.OVRP_1_65_0$$ovrp_KtxTextureSize,01f93210,121,90_plus_uncertain_gaze_or_xr_structure_near_certain,eye_source; weak_source_state; validity_gate; telemetry,strong_eye_source_hits_4; weak_xr_or_state_hits_6; validity_or_gating_hits_21; telemetry_or_network_hits_2; functionality_data_collection_or_telemetry_hits_2,base_scanner_score_121; module_bonus_validity_gate_8; module_bonus_telemetry_20; evidence_bonus_telemetry_or_network_hits_12; sensitive_sink_telemetry_bonus_15; keyword_support_eye_or_gaze_5_bonus_20; keyword_support_sdk_4_bonus_12; keyword_support_collection_or_telemetry_4_bonus_16,C:\realDesktop\manifest-evaluations\summer-26\ghidra-pipeline\il2cpp-files\TitansClinicFreeDemo\general-structure-results\90_plus_uncertain_gaze_or_xr_structure_near_certain\01f93210_OVRPlugin.OVRP_1_65_0$$ovrp_KtxTextureSize.c,C:\realDesktop\manifest-evaluations\summer-26\ghidra-pipeline\il2cpp-files\TitansClinicFreeDemo\manual-review-pack\A_must_review\018_p224_OVRPlugin.OVRP_1_65_0$$ovrp_KtxTextureSize.c
19,224,A_must_review,OVRPlugin.OVRP_1_65_0$$ovrp_KtxTextureHeight,01f92e94,121,90_plus_uncertain_gaze_or_xr_structure_near_certain,eye_source; weak_source_state; validity_gate; telemetry,strong_eye_source_hits_4; weak_xr_or_state_hits_6; validity_or_gating_hits_21; telemetry_or_network_hits_2; functionality_data_collection_or_telemetry_hits_2,base_scanner_score_121; module_bonus_validity_gate_8; module_bonus_telemetry_20; evidence_bonus_telemetry_or_network_hits_12; sensitive_sink_telemetry_bonus_15; keyword_support_eye_or_gaze_5_bonus_20; keyword_support_sdk_4_bonus_12; keyword_support_collection_or_telemetry_4_bonus_16,C:\realDesktop\manifest-evaluations\summer-26\ghidra-pipeline\il2cpp-files\TitansClinicFreeDemo\general-structure-results\90_plus_uncertain_gaze_or_xr_structure_near_certain\01f92e94_OVRPlugin.OVRP_1_65_0$$ovrp_KtxTextureHeight.c,C:\realDesktop\manifest-evaluations\summer-26\ghidra-pipeline\il2cpp-files\TitansClinicFreeDemo\manual-review-pack\A_must_review\019_p224_OVRPlugin.OVRP_1_65_0$$ovrp_KtxTextureHeight.c
20,224,A_must_review,OVRPlugin.OVRP_1_65_0$$ovrp_KtxLoadFromMemory,01f92b0c,121,90_plus_uncertain_gaze_or_xr_structure_near_certain,eye_source; weak_source_state; validity_gate; telemetry,strong_eye_source_hits_4; weak_xr_or_state_hits_6; validity_or_gating_hits_21; telemetry_or_network_hits_2; functionality_data_collection_or_telemetry_hits_2,base_scanner_score_121; module_bonus_validity_gate_8; module_bonus_telemetry_20; evidence_bonus_telemetry_or_network_hits_12; sensitive_sink_telemetry_bonus_15; keyword_support_eye_or_gaze_5_bonus_20; keyword_support_sdk_4_bonus_12; keyword_support_collection_or_telemetry_4_bonus_16,C:\realDesktop\manifest-evaluations\summer-26\ghidra-pipeline\il2cpp-files\TitansClinicFreeDemo\general-structure-results\90_plus_uncertain_gaze_or_xr_structure_near_certain\01f92b0c_OVRPlugin.OVRP_1_65_0$$ovrp_KtxLoadFromMemory.c,C:\realDesktop\manifest-evaluations\summer-26\ghidra-pipeline\il2cpp-files\TitansClinicFreeDemo\manual-review-pack\A_must_review\020_p224_OVRPlugin.OVRP_1_65_0$$ovrp_KtxLoadFromMemory.c
21,224,A_must_review,OVRPlugin.Media$$IsCastingToRemoteClient,01f92764,121,90_plus_uncertain_gaze_or_xr_structure_near_certain,eye_source; weak_source_state; validity_gate; telemetry,strong_eye_source_hits_4; weak_xr_or_state_hits_6; validity_or_gating_hits_21; telemetry_or_network_hits_2; functionality_data_collection_or_telemetry_hits_2,base_scanner_score_121; module_bonus_validity_gate_8; module_bonus_telemetry_20; evidence_bonus_telemetry_or_network_hits_12; sensitive_sink_telemetry_bonus_15; keyword_support_eye_or_gaze_5_bonus_20; keyword_support_sdk_4_bonus_12; keyword_support_collection_or_telemetry_4_bonus_16,C:\realDesktop\manifest-evaluations\summer-26\ghidra-pipeline\il2cpp-files\TitansClinicFreeDemo\general-structure-results\90_plus_uncertain_gaze_or_xr_structure_near_certain\01f92764_OVRPlugin.Media$$IsCastingToRemoteClient.c,C:\realDesktop\manifest-evaluations\summer-26\ghidra-pipeline\il2cpp-files\TitansClinicFreeDemo\manual-review-pack\A_must_review\021_p224_OVRPlugin.Media$$IsCastingToRemoteClient.c
22,224,A_must_review,OVRPlugin.Media$$.ctor,01f928b0,121,90_plus_uncertain_gaze_or_xr_structure_near_certain,eye_source; weak_source_state; validity_gate; telemetry,strong_eye_source_hits_4; weak_xr_or_state_hits_6; validity_or_gating_hits_21; telemetry_or_network_hits_2; functionality_data_collection_or_telemetry_hits_2,base_scanner_score_121; module_bonus_validity_gate_8; module_bonus_telemetry_20; evidence_bonus_telemetry_or_network_hits_12; sensitive_sink_telemetry_bonus_15; keyword_support_eye_or_gaze_5_bonus_20; keyword_support_sdk_4_bonus_12; keyword_support_collection_or_telemetry_4_bonus_16,C:\realDesktop\manifest-evaluations\summer-26\ghidra-pipeline\il2cpp-files\TitansClinicFreeDemo\general-structure-results\90_plus_uncertain_gaze_or_xr_structure_near_certain\01f928b0_OVRPlugin.Media$$.ctor.c,C:\realDesktop\manifest-evaluations\summer-26\ghidra-pipeline\il2cpp-files\TitansClinicFreeDemo\manual-review-pack\A_must_review\022_p224_OVRPlugin.Media$$.ctor.c
23,224,A_must_review,OVRPlugin.Ktx$$TranscodeKtxTexture,01f92f18,121,90_plus_uncertain_gaze_or_xr_structure_near_certain,eye_source; weak_source_state; validity_gate; telemetry,strong_eye_source_hits_4; weak_xr_or_state_hits_6; validity_or_gating_hits_21; telemetry_or_network_hits_2; functionality_data_collection_or_telemetry_hits_2,base_scanner_score_121; module_bonus_validity_gate_8; module_bonus_telemetry_20; evidence_bonus_telemetry_or_network_hits_12; sensitive_sink_telemetry_bonus_15; keyword_support_eye_or_gaze_5_bonus_20; keyword_support_sdk_4_bonus_12; keyword_support_collection_or_telemetry_4_bonus_16,C:\realDesktop\manifest-evaluations\summer-26\ghidra-pipeline\il2cpp-files\TitansClinicFreeDemo\general-structure-results\90_plus_uncertain_gaze_or_xr_structure_near_certain\01f92f18_OVRPlugin.Ktx$$TranscodeKtxTexture.c,C:\realDesktop\manifest-evaluations\summer-26\ghidra-pipeline\il2cpp-files\TitansClinicFreeDemo\manual-review-pack\A_must_review\023_p224_OVRPlugin.Ktx$$TranscodeKtxTexture.c
24,224,A_must_review,OVRPlugin.Ktx$$LoadKtxFromMemory,01f929c0,121,90_plus_uncertain_gaze_or_xr_structure_near_certain,eye_source; weak_source_state; validity_gate; telemetry,strong_eye_source_hits_4; weak_xr_or_state_hits_6; validity_or_gating_hits_21; telemetry_or_network_hits_2; functionality_data_collection_or_telemetry_hits_2,base_scanner_score_121; module_bonus_validity_gate_8; module_bonus_telemetry_20; evidence_bonus_telemetry_or_network_hits_12; sensitive_sink_telemetry_bonus_15; keyword_support_eye_or_gaze_5_bonus_20; keyword_support_sdk_4_bonus_12; keyword_support_collection_or_telemetry_4_bonus_16,C:\realDesktop\manifest-evaluations\summer-26\ghidra-pipeline\il2cpp-files\TitansClinicFreeDemo\general-structure-results\90_plus_uncertain_gaze_or_xr_structure_near_certain\01f929c0_OVRPlugin.Ktx$$LoadKtxFromMemory.c,C:\realDesktop\manifest-evaluations\summer-26\ghidra-pipeline\il2cpp-files\TitansClinicFreeDemo\manual-review-pack\A_must_review\024_p224_OVRPlugin.Ktx$$LoadKtxFromMemory.c
25,224,A_must_review,OVRPlugin.Ktx$$GetKtxTextureWidth,01f92ba0,121,90_plus_uncertain_gaze_or_xr_structure_near_certain,eye_source; weak_source_state; validity_gate; telemetry,strong_eye_source_hits_4; weak_xr_or_state_hits_6; validity_or_gating_hits_21; telemetry_or_network_hits_2; functionality_data_collection_or_telemetry_hits_2,base_scanner_score_121; module_bonus_validity_gate_8; module_bonus_telemetry_20; evidence_bonus_telemetry_or_network_hits_12; sensitive_sink_telemetry_bonus_15; keyword_support_eye_or_gaze_5_bonus_20; keyword_support_sdk_4_bonus_12; keyword_support_collection_or_telemetry_4_bonus_16,C:\realDesktop\manifest-evaluations\summer-26\ghidra-pipeline\il2cpp-files\TitansClinicFreeDemo\general-structure-results\90_plus_uncertain_gaze_or_xr_structure_near_certain\01f92ba0_OVRPlugin.Ktx$$GetKtxTextureWidth.c,C:\realDesktop\manifest-evaluations\summer-26\ghidra-pipeline\il2cpp-files\TitansClinicFreeDemo\manual-review-pack\A_must_review\025_p224_OVRPlugin.Ktx$$GetKtxTextureWidth.c
26,224,A_must_review,OVRPlugin.Ktx$$GetKtxTextureSize,01f930d8,121,90_plus_uncertain_gaze_or_xr_structure_near_certain,eye_source; weak_source_state; validity_gate; telemetry,strong_eye_source_hits_4; weak_xr_or_state_hits_6; validity_or_gating_hits_21; telemetry_or_network_hits_2; functionality_data_collection_or_telemetry_hits_2,base_scanner_score_121; module_bonus_validity_gate_8; module_bonus_telemetry_20; evidence_bonus_telemetry_or_network_hits_12; sensitive_sink_telemetry_bonus_15; keyword_support_eye_or_gaze_5_bonus_20; keyword_support_sdk_4_bonus_12; keyword_support_collection_or_telemetry_4_bonus_16,C:\realDesktop\manifest-evaluations\summer-26\ghidra-pipeline\il2cpp-files\TitansClinicFreeDemo\general-structure-results\90_plus_uncertain_gaze_or_xr_structure_near_certain\01f930d8_OVRPlugin.Ktx$$GetKtxTextureSize.c,C:\realDesktop\manifest-evaluations\summer-26\ghidra-pipeline\il2cpp-files\TitansClinicFreeDemo\manual-review-pack\A_must_review\026_p224_OVRPlugin.Ktx$$GetKtxTextureSize.c
27,224,A_must_review,OVRPlugin.Ktx$$GetKtxTextureHeight,01f92d5c,121,90_plus_uncertain_gaze_or_xr_structure_near_certain,eye_source; weak_source_state; validity_gate; telemetry,strong_eye_source_hits_4; weak_xr_or_state_hits_6; validity_or_gating_hits_21; telemetry_or_network_hits_2; functionality_data_collection_or_telemetry_hits_2,base_scanner_score_121; module_bonus_validity_gate_8; module_bonus_telemetry_20; evidence_bonus_telemetry_or_network_hits_12; sensitive_sink_telemetry_bonus_15; keyword_support_eye_or_gaze_5_bonus_20; keyword_support_sdk_4_bonus_12; keyword_support_collection_or_telemetry_4_bonus_16,C:\realDesktop\manifest-evaluations\summer-26\ghidra-pipeline\il2cpp-files\TitansClinicFreeDemo\general-structure-results\90_plus_uncertain_gaze_or_xr_structure_near_certain\01f92d5c_OVRPlugin.Ktx$$GetKtxTextureHeight.c,C:\realDesktop\manifest-evaluations\summer-26\ghidra-pipeline\il2cpp-files\TitansClinicFreeDemo\manual-review-pack\A_must_review\027_p224_OVRPlugin.Ktx$$GetKtxTextureHeight.c
28,224,A_must_review,OVRPlugin.Ktx$$GetKtxTextureData,01f93294,121,90_plus_uncertain_gaze_or_xr_structure_near_certain,eye_source; weak_source_state; validity_gate; telemetry,strong_eye_source_hits_4; weak_xr_or_state_hits_8; validity_or_gating_hits_21; telemetry_or_network_hits_2; functionality_data_collection_or_telemetry_hits_2,base_scanner_score_121; module_bonus_validity_gate_8; module_bonus_telemetry_20; evidence_bonus_telemetry_or_network_hits_12; sensitive_sink_telemetry_bonus_15; keyword_support_eye_or_gaze_5_bonus_20; keyword_support_sdk_4_bonus_12; keyword_support_collection_or_telemetry_4_bonus_16,C:\realDesktop\manifest-evaluations\summer-26\ghidra-pipeline\il2cpp-files\TitansClinicFreeDemo\general-structure-results\90_plus_uncertain_gaze_or_xr_structure_near_certain\01f93294_OVRPlugin.Ktx$$GetKtxTextureData.c,C:\realDesktop\manifest-evaluations\summer-26\ghidra-pipeline\il2cpp-files\TitansClinicFreeDemo\manual-review-pack\A_must_review\028_p224_OVRPlugin.Ktx$$GetKtxTextureData.c
29,224,A_must_review,OVRPlugin.GetBoneSkeleton2Delegate$$.ctor,01f928b8,121,90_plus_uncertain_gaze_or_xr_structure_near_certain,eye_source; weak_source_state; validity_gate; telemetry,strong_eye_source_hits_4; weak_xr_or_state_hits_6; validity_or_gating_hits_21; telemetry_or_network_hits_2; functionality_data_collection_or_telemetry_hits_2,base_scanner_score_121; module_bonus_validity_gate_8; module_bonus_telemetry_20; evidence_bonus_telemetry_or_network_hits_12; sensitive_sink_telemetry_bonus_15; keyword_support_eye_or_gaze_5_bonus_20; keyword_support_sdk_4_bonus_12; keyword_support_collection_or_telemetry_4_bonus_16,C:\realDesktop\manifest-evaluations\summer-26\ghidra-pipeline\il2cpp-files\TitansClinicFreeDemo\general-structure-results\90_plus_uncertain_gaze_or_xr_structure_near_certain\01f928b8_OVRPlugin.GetBoneSkeleton2Delegate$$.ctor.c,C:\realDesktop\manifest-evaluations\summer-26\ghidra-pipeline\il2cpp-files\TitansClinicFreeDemo\manual-review-pack\A_must_review\029_p224_OVRPlugin.GetBoneSkeleton2Delegate$$.ctor.c
30,223,A_must_review,FUN_01f922ec,01f922ec,120,90_plus_uncertain_gaze_or_xr_structure_near_certain,eye_source; weak_source_state; validity_gate; telemetry,strong_eye_source_hits_3; weak_xr_or_state_hits_6; validity_or_gating_hits_21; telemetry_or_network_hits_3; functionality_data_collection_or_telemetry_hits_3,base_scanner_score_120; module_bonus_validity_gate_8; module_bonus_telemetry_20; evidence_bonus_telemetry_or_network_hits_12; sensitive_sink_telemetry_bonus_15; keyword_support_eye_or_gaze_5_bonus_20; keyword_support_sdk_4_bonus_12; keyword_support_collection_or_telemetry_4_bonus_16,C:\realDesktop\manifest-evaluations\summer-26\ghidra-pipeline\il2cpp-files\TitansClinicFreeDemo\general-structure-results\90_plus_uncertain_gaze_or_xr_structure_near_certain\01f922ec_FUN_01f922ec.c,C:\realDesktop\manifest-evaluations\summer-26\ghidra-pipeline\il2cpp-files\TitansClinicFreeDemo\manual-review-pack\A_must_review\030_p223_FUN_01f922ec.c
31,219,A_must_review,OVRPlugin$$set_eyeTrackedFoveatedRenderingEnabled,01f80d38,153,90_plus_attempted_dynamic_eye_tracked_foveation_near_certain,eye_source; weak_source_state; validity_gate; foveation_rendering; attempted_use; dynamic_foveation_possible,strong_eye_source_hits_6; weak_xr_or_state_hits_4; validity_or_gating_hits_4; strong_foveation_hits_2; attempted_eye_tracking_permission_or_feature_enable; attempted_eye_tracking_with_foveated_rendering_path; functionality_foveated_rendering,base_scanner_score_153; module_bonus_validity_gate_8; module_bonus_foveation_rendering_20; sensitive_sink_foveation_bonus_12; keyword_support_eye_or_gaze_5_bonus_20; keyword_support_sdk_2_bonus_6,C:\realDesktop\manifest-evaluations\summer-26\ghidra-pipeline\il2cpp-files\TitansClinicFreeDemo\general-structure-results\90_plus_attempted_dynamic_eye_tracked_foveation_near_certain\01f80d38_OVRPlugin$$set_eyeTrackedFoveatedRenderingEnabled.c,C:\realDesktop\manifest-evaluations\summer-26\ghidra-pipeline\il2cpp-files\TitansClinicFreeDemo\manual-review-pack\A_must_review\031_p219_OVRPlugin$$set_eyeTrackedFoveatedRenderingEnabled.c
32,219,A_must_review,OVRManager$$set_eyeTrackedFoveatedRenderingEnabled,01f5fb38,153,90_plus_attempted_dynamic_eye_tracked_foveation_near_certain,eye_source; weak_source_state; validity_gate; foveation_rendering; attempted_use; dynamic_foveation_possible,strong_eye_source_hits_6; weak_xr_or_state_hits_4; validity_or_gating_hits_5; strong_foveation_hits_2; attempted_eye_tracking_permission_or_feature_enable; attempted_eye_tracking_with_foveated_rendering_path; functionality_foveated_rendering,base_scanner_score_153; module_bonus_validity_gate_8; module_bonus_foveation_rendering_20; sensitive_sink_foveation_bonus_12; keyword_support_eye_or_gaze_5_bonus_20; keyword_support_sdk_2_bonus_6,C:\realDesktop\manifest-evaluations\summer-26\ghidra-pipeline\il2cpp-files\TitansClinicFreeDemo\general-structure-results\90_plus_attempted_dynamic_eye_tracked_foveation_near_certain\01f5fb38_OVRManager$$set_eyeTrackedFoveatedRenderingEnabled.c,C:\realDesktop\manifest-evaluations\summer-26\ghidra-pipeline\il2cpp-files\TitansClinicFreeDemo\manual-review-pack\A_must_review\032_p219_OVRManager$$set_eyeTrackedFoveatedRenderingEnabled.c
33,212,A_must_review,OVRPlugin.UnityOpenXR$$OnSessionStateChange,01f93dd8,109,90_plus_uncertain_gaze_or_xr_structure_near_certain,eye_source; weak_source_state; validity_gate; telemetry,strong_eye_source_hits_2; weak_xr_or_state_hits_4; validity_or_gating_hits_10; telemetry_or_network_hits_2; functionality_data_collection_or_telemetry_hits_2,base_scanner_score_109; module_bonus_validity_gate_8; module_bonus_telemetry_20; evidence_bonus_telemetry_or_network_hits_12; sensitive_sink_telemetry_bonus_15; keyword_support_eye_or_gaze_5_bonus_20; keyword_support_sdk_4_bonus_12; keyword_support_collection_or_telemetry_4_bonus_16,C:\realDesktop\manifest-evaluations\summer-26\ghidra-pipeline\il2cpp-files\TitansClinicFreeDemo\general-structure-results\90_plus_uncertain_gaze_or_xr_structure_near_certain\01f93dd8_OVRPlugin.UnityOpenXR$$OnSessionStateChange.c,C:\realDesktop\manifest-evaluations\summer-26\ghidra-pipeline\il2cpp-files\TitansClinicFreeDemo\manual-review-pack\A_must_review\033_p212_OVRPlugin.UnityOpenXR$$OnSessionStateChange.c
34,212,A_must_review,OVRPlugin.UnityOpenXR$$OnSessionDestroy,01f942e4,109,90_plus_uncertain_gaze_or_xr_structure_near_certain,eye_source; weak_source_state; validity_gate; telemetry,strong_eye_source_hits_2; weak_xr_or_state_hits_4; validity_or_gating_hits_15; telemetry_or_network_hits_2; functionality_data_collection_or_telemetry_hits_2,base_scanner_score_109; module_bonus_validity_gate_8; module_bonus_telemetry_20; evidence_bonus_telemetry_or_network_hits_12; sensitive_sink_telemetry_bonus_15; keyword_support_eye_or_gaze_5_bonus_20; keyword_support_sdk_4_bonus_12; keyword_support_collection_or_telemetry_4_bonus_16,C:\realDesktop\manifest-evaluations\summer-26\ghidra-pipeline\il2cpp-files\TitansClinicFreeDemo\general-structure-results\90_plus_uncertain_gaze_or_xr_structure_near_certain\01f942e4_OVRPlugin.UnityOpenXR$$OnSessionDestroy.c,C:\realDesktop\manifest-evaluations\summer-26\ghidra-pipeline\il2cpp-files\TitansClinicFreeDemo\manual-review-pack\A_must_review\034_p212_OVRPlugin.UnityOpenXR$$OnSessionDestroy.c
35,212,A_must_review,OVRPlugin.OVRP_1_71_0$$ovrp_UnityOpenXR_OnSessionStateChange,01f93eac,109,90_plus_uncertain_gaze_or_xr_structure_near_certain,eye_source; weak_source_state; validity_gate; telemetry,strong_eye_source_hits_2; weak_xr_or_state_hits_4; validity_or_gating_hits_5; telemetry_or_network_hits_2; functionality_data_collection_or_telemetry_hits_2,base_scanner_score_109; module_bonus_validity_gate_8; module_bonus_telemetry_20; evidence_bonus_telemetry_or_network_hits_12; sensitive_sink_telemetry_bonus_15; keyword_support_eye_or_gaze_5_bonus_20; keyword_support_sdk_4_bonus_12; keyword_support_collection_or_telemetry_4_bonus_16,C:\realDesktop\manifest-evaluations\summer-26\ghidra-pipeline\il2cpp-files\TitansClinicFreeDemo\general-structure-results\90_plus_uncertain_gaze_or_xr_structure_near_certain\01f93eac_OVRPlugin.OVRP_1_71_0$$ovrp_UnityOpenXR_OnSessionStateChange.c,C:\realDesktop\manifest-evaluations\summer-26\ghidra-pipeline\il2cpp-files\TitansClinicFreeDemo\manual-review-pack\A_must_review\035_p212_OVRPlugin.OVRP_1_71_0$$ovrp_UnityOpenXR_OnSessionStateChange.c
36,212,A_must_review,OVRPlugin.OVRP_1_71_0$$ovrp_UnityOpenXR_OnSessionDestroy,01f943a4,109,90_plus_uncertain_gaze_or_xr_structure_near_certain,eye_source; weak_source_state; validity_gate; telemetry,strong_eye_source_hits_2; weak_xr_or_state_hits_4; validity_or_gating_hits_9; telemetry_or_network_hits_2; functionality_data_collection_or_telemetry_hits_2,base_scanner_score_109; module_bonus_validity_gate_8; module_bonus_telemetry_20; evidence_bonus_telemetry_or_network_hits_12; sensitive_sink_telemetry_bonus_15; keyword_support_eye_or_gaze_5_bonus_20; keyword_support_sdk_4_bonus_12; keyword_support_collection_or_telemetry_4_bonus_16,C:\realDesktop\manifest-evaluations\summer-26\ghidra-pipeline\il2cpp-files\TitansClinicFreeDemo\general-structure-results\90_plus_uncertain_gaze_or_xr_structure_near_certain\01f943a4_OVRPlugin.OVRP_1_71_0$$ovrp_UnityOpenXR_OnSessionDestroy.c,C:\realDesktop\manifest-evaluations\summer-26\ghidra-pipeline\il2cpp-files\TitansClinicFreeDemo\manual-review-pack\A_must_review\036_p212_OVRPlugin.OVRP_1_71_0$$ovrp_UnityOpenXR_OnSessionDestroy.c
37,212,A_must_review,OVRPlugin.OVRP_1_71_0$$ovrp_UnityOpenXR_OnSessionCreate,01f93c20,109,90_plus_uncertain_gaze_or_xr_structure_near_certain,eye_source; weak_source_state; validity_gate; telemetry,strong_eye_source_hits_2; weak_xr_or_state_hits_4; validity_or_gating_hits_8; telemetry_or_network_hits_2; functionality_data_collection_or_telemetry_hits_2,base_scanner_score_109; module_bonus_validity_gate_8; module_bonus_telemetry_20; evidence_bonus_telemetry_or_network_hits_12; sensitive_sink_telemetry_bonus_15; keyword_support_eye_or_gaze_5_bonus_20; keyword_support_sdk_4_bonus_12; keyword_support_collection_or_telemetry_4_bonus_16,C:\realDesktop\manifest-evaluations\summer-26\ghidra-pipeline\il2cpp-files\TitansClinicFreeDemo\general-structure-results\90_plus_uncertain_gaze_or_xr_structure_near_certain\01f93c20_OVRPlugin.OVRP_1_71_0$$ovrp_UnityOpenXR_OnSessionCreate.c,C:\realDesktop\manifest-evaluations\summer-26\ghidra-pipeline\il2cpp-files\TitansClinicFreeDemo\manual-review-pack\A_must_review\037_p212_OVRPlugin.OVRP_1_71_0$$ovrp_UnityOpenXR_OnSessionCreate.c
38,212,A_must_review,OVRPlugin.OVRP_1_71_0$$ovrp_UnityOpenXR_OnSessionBegin,01f93ff0,109,90_plus_uncertain_gaze_or_xr_structure_near_certain,eye_source; weak_source_state; validity_gate; telemetry,strong_eye_source_hits_2; weak_xr_or_state_hits_4; validity_or_gating_hits_8; telemetry_or_network_hits_2; functionality_data_collection_or_telemetry_hits_2,base_scanner_score_109; module_bonus_validity_gate_8; module_bonus_telemetry_20; evidence_bonus_telemetry_or_network_hits_12; sensitive_sink_telemetry_bonus_15; keyword_support_eye_or_gaze_5_bonus_20; keyword_support_sdk_4_bonus_12; keyword_support_collection_or_telemetry_4_bonus_16,C:\realDesktop\manifest-evaluations\summer-26\ghidra-pipeline\il2cpp-files\TitansClinicFreeDemo\general-structure-results\90_plus_uncertain_gaze_or_xr_structure_near_certain\01f93ff0_OVRPlugin.OVRP_1_71_0$$ovrp_UnityOpenXR_OnSessionBegin.c,C:\realDesktop\manifest-evaluations\summer-26\ghidra-pipeline\il2cpp-files\TitansClinicFreeDemo\manual-review-pack\A_must_review\038_p212_OVRPlugin.OVRP_1_71_0$$ovrp_UnityOpenXR_OnSessionBegin.c
39,210,A_must_review,OVRManager$$get_eyeTrackedFoveatedRenderingSupported,01f5fa00,144,90_plus_attempted_dynamic_eye_tracked_foveation_near_certain,eye_source; weak_source_state; validity_gate; foveation_rendering; attempted_use; dynamic_foveation_possible,strong_eye_source_hits_6; weak_xr_or_state_hits_4; validity_or_gating_hits_1; strong_foveation_hits_2; attempted_eye_tracking_permission_or_feature_enable; attempted_eye_tracking_with_foveated_rendering_path; functionality_foveated_rendering,base_scanner_score_144; module_bonus_validity_gate_8; module_bonus_foveation_rendering_20; sensitive_sink_foveation_bonus_12; keyword_support_eye_or_gaze_5_bonus_20; keyword_support_sdk_2_bonus_6,C:\realDesktop\manifest-evaluations\summer-26\ghidra-pipeline\il2cpp-files\TitansClinicFreeDemo\general-structure-results\90_plus_attempted_dynamic_eye_tracked_foveation_near_certain\01f5fa00_OVRManager$$get_eyeTrackedFoveatedRenderingSupported.c,C:\realDesktop\manifest-evaluations\summer-26\ghidra-pipeline\il2cpp-files\TitansClinicFreeDemo\manual-review-pack\A_must_review\039_p210_OVRManager$$get_eyeTrackedFoveatedRenderingSupported.c
40,210,A_must_review,OVRManager$$SetEyeTrackedFoveatedRenderingEnabled,01f5fcf0,144,90_plus_attempted_dynamic_eye_tracked_foveation_near_certain,eye_source; weak_source_state; validity_gate; foveation_rendering; attempted_use; dynamic_foveation_possible,strong_eye_source_hits_6; weak_xr_or_state_hits_4; validity_or_gating_hits_1; strong_foveation_hits_2; attempted_eye_tracking_permission_or_feature_enable; attempted_eye_tracking_with_foveated_rendering_path; functionality_foveated_rendering,base_scanner_score_144; module_bonus_validity_gate_8; module_bonus_foveation_rendering_20; sensitive_sink_foveation_bonus_12; keyword_support_eye_or_gaze_5_bonus_20; keyword_support_sdk_2_bonus_6,C:\realDesktop\manifest-evaluations\summer-26\ghidra-pipeline\il2cpp-files\TitansClinicFreeDemo\general-structure-results\90_plus_attempted_dynamic_eye_tracked_foveation_near_certain\01f5fcf0_OVRManager$$SetEyeTrackedFoveatedRenderingEnabled.c,C:\realDesktop\manifest-evaluations\summer-26\ghidra-pipeline\il2cpp-files\TitansClinicFreeDemo\manual-review-pack\A_must_review\040_p210_OVRManager$$SetEyeTrackedFoveatedRenderingEnabled.c
41,210,A_must_review,OVRManager$$GetEyeTrackedFoveatedRenderingSupported,01f5fa4c,144,90_plus_attempted_dynamic_eye_tracked_foveation_near_certain,eye_source; weak_source_state; validity_gate; foveation_rendering; attempted_use; dynamic_foveation_possible,strong_eye_source_hits_6; weak_xr_or_state_hits_4; validity_or_gating_hits_1; strong_foveation_hits_2; attempted_eye_tracking_permission_or_feature_enable; attempted_eye_tracking_with_foveated_rendering_path; functionality_foveated_rendering,base_scanner_score_144; module_bonus_validity_gate_8; module_bonus_foveation_rendering_20; sensitive_sink_foveation_bonus_12; keyword_support_eye_or_gaze_5_bonus_20; keyword_support_sdk_2_bonus_6,C:\realDesktop\manifest-evaluations\summer-26\ghidra-pipeline\il2cpp-files\TitansClinicFreeDemo\general-structure-results\90_plus_attempted_dynamic_eye_tracked_foveation_near_certain\01f5fa4c_OVRManager$$GetEyeTrackedFoveatedRenderingSupported.c,C:\realDesktop\manifest-evaluations\summer-26\ghidra-pipeline\il2cpp-files\TitansClinicFreeDemo\manual-review-pack\A_must_review\041_p210_OVRManager$$GetEyeTrackedFoveatedRenderingSupported.c
42,210,A_must_review,OVRPlugin.OVRP_1_16_0$$ovrp_CloseCameraDevice,01f98eec,115,90_plus_uncertain_gaze_or_xr_structure_near_certain,eye_source; weak_source_state; validity_gate; paired_state_refs; data_collection,strong_eye_source_hits_2; weak_xr_or_state_hits_2; validity_or_gating_hits_8; paired_field_refs_with_eye_source; strong_file_logging_hits_2; functionality_data_collection_or_telemetry_hits_2,base_scanner_score_115; module_bonus_validity_gate_8; module_bonus_paired_state_refs_8; module_bonus_data_collection_22; sensitive_sink_data_collection_bonus_15; keyword_support_eye_or_gaze_5_bonus_20; keyword_support_sdk_2_bonus_6; keyword_support_collection_or_telemetry_4_bonus_16,C:\realDesktop\manifest-evaluations\summer-26\ghidra-pipeline\il2cpp-files\TitansClinicFreeDemo\general-structure-results\90_plus_uncertain_gaze_or_xr_structure_near_certain\01f98eec_OVRPlugin.OVRP_1_16_0$$ovrp_CloseCameraDevice.c,C:\realDesktop\manifest-evaluations\summer-26\ghidra-pipeline\il2cpp-files\TitansClinicFreeDemo\manual-review-pack\A_must_review\042_p210_OVRPlugin.OVRP_1_16_0$$ovrp_CloseCameraDevice.c
43,209,A_must_review,OVRPlugin.UnityOpenXR$$OnSessionEnd,01f9406c,106,90_plus_uncertain_gaze_or_xr_structure_near_certain,eye_source; weak_source_state; validity_gate; telemetry,strong_eye_source_hits_2; weak_xr_or_state_hits_4; validity_or_gating_hits_3; telemetry_or_network_hits_2; functionality_data_collection_or_telemetry_hits_2,base_scanner_score_106; module_bonus_validity_gate_8; module_bonus_telemetry_20; evidence_bonus_telemetry_or_network_hits_12; sensitive_sink_telemetry_bonus_15; keyword_support_eye_or_gaze_5_bonus_20; keyword_support_sdk_4_bonus_12; keyword_support_collection_or_telemetry_4_bonus_16,C:\realDesktop\manifest-evaluations\summer-26\ghidra-pipeline\il2cpp-files\TitansClinicFreeDemo\general-structure-results\90_plus_uncertain_gaze_or_xr_structure_near_certain\01f9406c_OVRPlugin.UnityOpenXR$$OnSessionEnd.c,C:\realDesktop\manifest-evaluations\summer-26\ghidra-pipeline\il2cpp-files\TitansClinicFreeDemo\manual-review-pack\A_must_review\043_p209_OVRPlugin.UnityOpenXR$$OnSessionEnd.c
44,207,A_must_review,System.Array.InternalEnumerator<OVRPlugin.EyeGazeState>$$Dispose,01776b50,163,90_plus_confirmed_gaze_retrieval_near_certain,eye_source; weak_source_state; validity_gate; pose_vector; attempted_use; active_gaze_retrieval,strong_eye_source_hits_4; weak_xr_or_state_hits_2; validity_or_gating_hits_6; strong_pose_or_ray_construction_hits_4; attempted_eye_tracking_permission_or_feature_enable; active_gaze_state_retrieval_with_validity_and_pose; functionality_gaze_retrieval_or_extraction,base_scanner_score_163; module_bonus_validity_gate_8; module_bonus_pose_vector_10; keyword_support_eye_or_gaze_5_bonus_20; keyword_support_sdk_2_bonus_6,C:\realDesktop\manifest-evaluations\summer-26\ghidra-pipeline\il2cpp-files\TitansClinicFreeDemo\general-structure-results\90_plus_confirmed_gaze_retrieval_near_certain\01776b50_System.Array.InternalEnumerator_OVRPlugin.EyeGazeState_$$Dispose.c,C:\realDesktop\manifest-evaluations\summer-26\ghidra-pipeline\il2cpp-files\TitansClinicFreeDemo\manual-review-pack\A_must_review\044_p207_System.Array.InternalEnumerator_OVRPlugin.EyeGazeState_$$Dispose.c
45,203,A_must_review,System.Array.EmptyInternalEnumerator<OVRPlugin.Vector3f>$$Dispose,015e61f8,156,90_plus_confirmed_gaze_retrieval_near_certain,eye_source; weak_source_state; validity_gate; pose_vector; attempted_use; active_gaze_retrieval,strong_eye_source_hits_4; weak_xr_or_state_hits_3; validity_or_gating_hits_1; strong_pose_or_ray_construction_hits_4; attempted_eye_tracking_permission_or_feature_enable; active_gaze_state_retrieval_with_validity_and_pose; functionality_gaze_retrieval_or_extraction,base_scanner_score_156; module_bonus_validity_gate_8; module_bonus_pose_vector_10; keyword_support_eye_or_gaze_5_bonus_20; keyword_support_sdk_3_bonus_9,C:\realDesktop\manifest-evaluations\summer-26\ghidra-pipeline\il2cpp-files\TitansClinicFreeDemo\general-structure-results\90_plus_confirmed_gaze_retrieval_near_certain\015e61f8_System.Array.EmptyInternalEnumerator_OVRPlugin.Vector3f_$$Dispose.c,C:\realDesktop\manifest-evaluations\summer-26\ghidra-pipeline\il2cpp-files\TitansClinicFreeDemo\manual-review-pack\A_must_review\045_p203_System.Array.EmptyInternalEnumerator_OVRPlugin.Vector3f_$$Dispose.c
46,203,A_must_review,System.Array.EmptyInternalEnumerator<OVRPlugin.SpaceQueryResult>$$Dispose,015e5f98,156,90_plus_confirmed_gaze_retrieval_near_certain,eye_source; weak_source_state; validity_gate; pose_vector; attempted_use; active_gaze_retrieval,strong_eye_source_hits_4; weak_xr_or_state_hits_3; validity_or_gating_hits_1; strong_pose_or_ray_construction_hits_4; attempted_eye_tracking_permission_or_feature_enable; active_gaze_state_retrieval_with_validity_and_pose; functionality_gaze_retrieval_or_extraction,base_scanner_score_156; module_bonus_validity_gate_8; module_bonus_pose_vector_10; keyword_support_eye_or_gaze_5_bonus_20; keyword_support_sdk_3_bonus_9,C:\realDesktop\manifest-evaluations\summer-26\ghidra-pipeline\il2cpp-files\TitansClinicFreeDemo\general-structure-results\90_plus_confirmed_gaze_retrieval_near_certain\015e5f98_System.Array.EmptyInternalEnumerator_OVRPlugin.SpaceQueryResult_$$Dispose.c,C:\realDesktop\manifest-evaluations\summer-26\ghidra-pipeline\il2cpp-files\TitansClinicFreeDemo\manual-review-pack\A_must_review\046_p203_System.Array.EmptyInternalEnumerator_OVRPlugin.SpaceQueryResult_$$Dispose.c
47,203,A_must_review,OVRPlugin.UnityOpenXR$$OnSessionExiting,01f941a8,100,90_plus_uncertain_gaze_or_xr_structure_near_certain,eye_source; weak_source_state; validity_gate; telemetry,strong_eye_source_hits_2; weak_xr_or_state_hits_4; validity_or_gating_hits_1; telemetry_or_network_hits_2; functionality_data_collection_or_telemetry_hits_2,base_scanner_score_100; module_bonus_validity_gate_8; module_bonus_telemetry_20; evidence_bonus_telemetry_or_network_hits_12; sensitive_sink_telemetry_bonus_15; keyword_support_eye_or_gaze_5_bonus_20; keyword_support_sdk_4_bonus_12; keyword_support_collection_or_telemetry_4_bonus_16,C:\realDesktop\manifest-evaluations\summer-26\ghidra-pipeline\il2cpp-files\TitansClinicFreeDemo\general-structure-results\90_plus_uncertain_gaze_or_xr_structure_near_certain\01f941a8_OVRPlugin.UnityOpenXR$$OnSessionExiting.c,C:\realDesktop\manifest-evaluations\summer-26\ghidra-pipeline\il2cpp-files\TitansClinicFreeDemo\manual-review-pack\A_must_review\047_p203_OVRPlugin.UnityOpenXR$$OnSessionExiting.c
48,203,A_must_review,OVRPlugin.UnityOpenXR$$OnSessionBegin,01f93f30,100,90_plus_uncertain_gaze_or_xr_structure_near_certain,eye_source; weak_source_state; validity_gate; telemetry,strong_eye_source_hits_2; weak_xr_or_state_hits_4; validity_or_gating_hits_1; telemetry_or_network_hits_2; functionality_data_collection_or_telemetry_hits_2,base_scanner_score_100; module_bonus_validity_gate_8; module_bonus_telemetry_20; evidence_bonus_telemetry_or_network_hits_12; sensitive_sink_telemetry_bonus_15; keyword_support_eye_or_gaze_5_bonus_20; keyword_support_sdk_4_bonus_12; keyword_support_collection_or_telemetry_4_bonus_16,C:\realDesktop\manifest-evaluations\summer-26\ghidra-pipeline\il2cpp-files\TitansClinicFreeDemo\general-structure-results\90_plus_uncertain_gaze_or_xr_structure_near_certain\01f93f30_OVRPlugin.UnityOpenXR$$OnSessionBegin.c,C:\realDesktop\manifest-evaluations\summer-26\ghidra-pipeline\il2cpp-files\TitansClinicFreeDemo\manual-review-pack\A_must_review\048_p203_OVRPlugin.UnityOpenXR$$OnSessionBegin.c
49,203,A_must_review,OVRPlugin.OVRP_1_71_0$$ovrp_UnityOpenXR_OnSessionEnd,01f9412c,100,90_plus_uncertain_gaze_or_xr_structure_near_certain,eye_source; weak_source_state; validity_gate; telemetry,strong_eye_source_hits_2; weak_xr_or_state_hits_4; validity_or_gating_hits_1; telemetry_or_network_hits_2; functionality_data_collection_or_telemetry_hits_2,base_scanner_score_100; module_bonus_validity_gate_8; module_bonus_telemetry_20; evidence_bonus_telemetry_or_network_hits_12; sensitive_sink_telemetry_bonus_15; keyword_support_eye_or_gaze_5_bonus_20; keyword_support_sdk_4_bonus_12; keyword_support_collection_or_telemetry_4_bonus_16,C:\realDesktop\manifest-evaluations\summer-26\ghidra-pipeline\il2cpp-files\TitansClinicFreeDemo\general-structure-results\90_plus_uncertain_gaze_or_xr_structure_near_certain\01f9412c_OVRPlugin.OVRP_1_71_0$$ovrp_UnityOpenXR_OnSessionEnd.c,C:\realDesktop\manifest-evaluations\summer-26\ghidra-pipeline\il2cpp-files\TitansClinicFreeDemo\manual-review-pack\A_must_review\049_p203_OVRPlugin.OVRP_1_71_0$$ovrp_UnityOpenXR_OnSessionEnd.c
50,201,A_must_review,OVRManager$$get_xrSession,01f5f0c0,104,90_plus_uncertain_gaze_or_xr_structure_near_certain,eye_source; weak_source_state; validity_gate; telemetry,strong_eye_source_hits_2; weak_xr_or_state_hits_2; validity_or_gating_hits_3; telemetry_or_network_hits_2; functionality_data_collection_or_telemetry_hits_2,base_scanner_score_104; module_bonus_validity_gate_8; module_bonus_telemetry_20; evidence_bonus_telemetry_or_network_hits_12; sensitive_sink_telemetry_bonus_15; keyword_support_eye_or_gaze_5_bonus_20; keyword_support_sdk_2_bonus_6; keyword_support_collection_or_telemetry_4_bonus_16,C:\realDesktop\manifest-evaluations\summer-26\ghidra-pipeline\il2cpp-files\TitansClinicFreeDemo\general-structure-results\90_plus_uncertain_gaze_or_xr_structure_near_certain\01f5f0c0_OVRManager$$get_xrSession.c,C:\realDesktop\manifest-evaluations\summer-26\ghidra-pipeline\il2cpp-files\TitansClinicFreeDemo\manual-review-pack\A_must_review\050_p201_OVRManager$$get_xrSession.c
51,200,A_must_review,OVRManager$$InitPermissionRequest,01f63238,103,90_plus_uncertain_gaze_or_xr_structure_near_certain,eye_source; weak_source_state; validity_gate; telemetry,strong_eye_source_hits_2; weak_xr_or_state_hits_4; validity_or_gating_hits_2; telemetry_or_network_hits_2; functionality_permission_setup; functionality_data_collection_or_telemetry_hits_2,base_scanner_score_103; module_bonus_validity_gate_8; module_bonus_telemetry_20; evidence_bonus_telemetry_or_network_hits_12; sensitive_sink_telemetry_bonus_15; keyword_support_eye_or_gaze_5_bonus_20; keyword_support_sdk_2_bonus_6; keyword_support_collection_or_telemetry_4_bonus_16,C:\realDesktop\manifest-evaluations\summer-26\ghidra-pipeline\il2cpp-files\TitansClinicFreeDemo\general-structure-results\90_plus_uncertain_gaze_or_xr_structure_near_certain\01f63238_OVRManager$$InitPermissionRequest.c,C:\realDesktop\manifest-evaluations\summer-26\ghidra-pipeline\il2cpp-files\TitansClinicFreeDemo\manual-review-pack\A_must_review\051_p200_OVRManager$$InitPermissionRequest.c
52,199,A_must_review,System.Array.InternalEnumerator<OVRPlugin.EyeGazeState>$$MoveNext,01776b54,155,90_plus_confirmed_gaze_retrieval_near_certain,eye_source; weak_source_state; validity_gate; pose_vector; attempted_use; active_gaze_retrieval,strong_eye_source_hits_4; weak_xr_or_state_hits_2; validity_or_gating_hits_5; strong_pose_or_ray_construction_hits_2; attempted_eye_tracking_permission_or_feature_enable; active_gaze_state_retrieval_with_validity_and_pose; functionality_gaze_retrieval_or_extraction,base_scanner_score_155; module_bonus_validity_gate_8; module_bonus_pose_vector_10; keyword_support_eye_or_gaze_5_bonus_20; keyword_support_sdk_2_bonus_6,C:\realDesktop\manifest-evaluations\summer-26\ghidra-pipeline\il2cpp-files\TitansClinicFreeDemo\general-structure-results\90_plus_confirmed_gaze_retrieval_near_certain\01776b54_System.Array.InternalEnumerator_OVRPlugin.EyeGazeState_$$MoveNext.c,C:\realDesktop\manifest-evaluations\summer-26\ghidra-pipeline\il2cpp-files\TitansClinicFreeDemo\manual-review-pack\A_must_review\052_p199_System.Array.InternalEnumerator_OVRPlugin.EyeGazeState_$$MoveNext.c
53,199,A_must_review,System.Array.InternalEnumerator<OVRPlugin.EyeGazeState>$$.ctor,01776b30,155,90_plus_confirmed_gaze_retrieval_near_certain,eye_source; weak_source_state; validity_gate; pose_vector; attempted_use; active_gaze_retrieval,strong_eye_source_hits_4; weak_xr_or_state_hits_2; validity_or_gating_hits_6; strong_pose_or_ray_construction_hits_2; attempted_eye_tracking_permission_or_feature_enable; active_gaze_state_retrieval_with_validity_and_pose; functionality_gaze_retrieval_or_extraction,base_scanner_score_155; module_bonus_validity_gate_8; module_bonus_pose_vector_10; keyword_support_eye_or_gaze_5_bonus_20; keyword_support_sdk_2_bonus_6,C:\realDesktop\manifest-evaluations\summer-26\ghidra-pipeline\il2cpp-files\TitansClinicFreeDemo\general-structure-results\90_plus_confirmed_gaze_retrieval_near_certain\01776b30_System.Array.InternalEnumerator_OVRPlugin.EyeGazeState_$$.ctor.c,C:\realDesktop\manifest-evaluations\summer-26\ghidra-pipeline\il2cpp-files\TitansClinicFreeDemo\manual-review-pack\A_must_review\053_p199_System.Array.InternalEnumerator_OVRPlugin.EyeGazeState_$$.ctor.c
54,199,A_must_review,System.Array$$InternalArray__set_Item<OVRPlugin.EyeGazeState>,012b9fec,155,90_plus_confirmed_gaze_retrieval_near_certain,eye_source; weak_source_state; validity_gate; pose_vector; attempted_use; active_gaze_retrieval,strong_eye_source_hits_4; weak_xr_or_state_hits_2; validity_or_gating_hits_21; strong_pose_or_ray_construction_hits_2; attempted_eye_tracking_permission_or_feature_enable; active_gaze_state_retrieval_with_validity_and_pose; functionality_gaze_retrieval_or_extraction,base_scanner_score_155; module_bonus_validity_gate_8; module_bonus_pose_vector_10; keyword_support_eye_or_gaze_5_bonus_20; keyword_support_sdk_2_bonus_6,C:\realDesktop\manifest-evaluations\summer-26\ghidra-pipeline\il2cpp-files\TitansClinicFreeDemo\general-structure-results\90_plus_confirmed_gaze_retrieval_near_certain\012b9fec_System.Array$$InternalArray__set_Item_OVRPlugin.EyeGazeState_.c,C:\realDesktop\manifest-evaluations\summer-26\ghidra-pipeline\il2cpp-files\TitansClinicFreeDemo\manual-review-pack\A_must_review\054_p199_System.Array$$InternalArray__set_Item_OVRPlugin.EyeGazeState_.c
55,199,A_must_review,System.Array$$InternalArray__IndexOf<RaycastHit2D>,014408e0,125,90_plus_framework_support_only_near_certain,eye_source; weak_source_state; validity_gate; pose_vector; ray_interaction; structure_combo,strong_eye_source_hits_1; weak_xr_or_state_hits_1; validity_or_gating_hits_1; strong_pose_or_ray_construction_hits_2; ray_or_cast_sink_hits_4; source_validity_pose_sink_structure; strong_eye_source_validity_pose_sink_structure; negative_framework_support_context_without_confirmed_app_level_gaze_flow; functionality_gaze_interaction_hits_2,base_scanner_score_125; module_bonus_validity_gate_8; module_bonus_pose_vector_10; module_bonus_ray_interaction_15; module_bonus_structure_combo_18; keyword_support_eye_or_gaze_5_bonus_20; keyword_support_sdk_1_bonus_3,C:\realDesktop\manifest-evaluations\summer-26\ghidra-pipeline\il2cpp-files\TitansClinicFreeDemo\general-structure-results\90_plus_framework_support_only_near_certain\014408e0_System.Array$$InternalArray__IndexOf_RaycastHit2D_.c,C:\realDesktop\manifest-evaluations\summer-26\ghidra-pipeline\il2cpp-files\TitansClinicFreeDemo\manual-review-pack\A_must_review\055_p199_System.Array$$InternalArray__IndexOf_RaycastHit2D_.c
56,198,A_must_review,System.Array.EmptyInternalEnumerator<OVRPlugin.EyeGazeState>$$Dispose,015e5d38,154,90_plus_confirmed_gaze_retrieval_near_certain,eye_source; weak_source_state; validity_gate; pose_vector; attempted_use; active_gaze_retrieval,strong_eye_source_hits_4; weak_xr_or_state_hits_2; validity_or_gating_hits_1; strong_pose_or_ray_construction_hits_4; attempted_eye_tracking_permission_or_feature_enable; active_gaze_state_retrieval_with_validity_and_pose; functionality_gaze_retrieval_or_extraction,base_scanner_score_154; module_bonus_validity_gate_8; module_bonus_pose_vector_10; keyword_support_eye_or_gaze_5_bonus_20; keyword_support_sdk_2_bonus_6,C:\realDesktop\manifest-evaluations\summer-26\ghidra-pipeline\il2cpp-files\TitansClinicFreeDemo\general-structure-results\90_plus_confirmed_gaze_retrieval_near_certain\015e5d38_System.Array.EmptyInternalEnumerator_OVRPlugin.EyeGazeState_$$Dispose.c,C:\realDesktop\manifest-evaluations\summer-26\ghidra-pipeline\il2cpp-files\TitansClinicFreeDemo\manual-review-pack\A_must_review\056_p198_System.Array.EmptyInternalEnumerator_OVRPlugin.EyeGazeState_$$Dispose.c
57,198,A_must_review,System.Array.EmptyInternalEnumerator<OVRPlugin.Vector2f>$$System.Collections.IEnumerator.Reset,015e6130,151,90_plus_confirmed_gaze_retrieval_near_certain,eye_source; weak_source_state; validity_gate; pose_vector; attempted_use; active_gaze_retrieval,strong_eye_source_hits_4; weak_xr_or_state_hits_3; validity_or_gating_hits_2; strong_pose_or_ray_construction_hits_2; attempted_eye_tracking_permission_or_feature_enable; active_gaze_state_retrieval_with_validity_and_pose; functionality_gaze_retrieval_or_extraction,base_scanner_score_151; module_bonus_validity_gate_8; module_bonus_pose_vector_10; keyword_support_eye_or_gaze_5_bonus_20; keyword_support_sdk_3_bonus_9,C:\realDesktop\manifest-evaluations\summer-26\ghidra-pipeline\il2cpp-files\TitansClinicFreeDemo\general-structure-results\90_plus_confirmed_gaze_retrieval_near_certain\015e6130_System.Array.EmptyInternalEnumerator_OVRPlugin.Vector2f_$$System.Collections.IEnumerator.Reset.c,C:\realDesktop\manifest-evaluations\summer-26\ghidra-pipeline\il2cpp-files\TitansClinicFreeDemo\manual-review-pack\A_must_review\057_p198_System.Array.EmptyInternalEnumerator_OVRPlugin.Vector2f_$$System.Collections.IEnumerator.Reset.c
58,198,A_must_review,System.Array.EmptyInternalEnumerator<OVRPlugin.Vector2f>$$.ctor,015e6134,151,90_plus_confirmed_gaze_retrieval_near_certain,eye_source; weak_source_state; validity_gate; pose_vector; attempted_use; active_gaze_retrieval,strong_eye_source_hits_4; weak_xr_or_state_hits_3; validity_or_gating_hits_2; strong_pose_or_ray_construction_hits_2; attempted_eye_tracking_permission_or_feature_enable; active_gaze_state_retrieval_with_validity_and_pose; functionality_gaze_retrieval_or_extraction,base_scanner_score_151; module_bonus_validity_gate_8; module_bonus_pose_vector_10; keyword_support_eye_or_gaze_5_bonus_20; keyword_support_sdk_3_bonus_9,C:\realDesktop\manifest-evaluations\summer-26\ghidra-pipeline\il2cpp-files\TitansClinicFreeDemo\general-structure-results\90_plus_confirmed_gaze_retrieval_near_certain\015e6134_System.Array.EmptyInternalEnumerator_OVRPlugin.Vector2f_$$.ctor.c,C:\realDesktop\manifest-evaluations\summer-26\ghidra-pipeline\il2cpp-files\TitansClinicFreeDemo\manual-review-pack\A_must_review\058_p198_System.Array.EmptyInternalEnumerator_OVRPlugin.Vector2f_$$.ctor.c
59,198,A_must_review,System.Array.EmptyInternalEnumerator<OVRPlugin.Vector2f>$$.cctor,015e613c,151,90_plus_confirmed_gaze_retrieval_near_certain,eye_source; weak_source_state; validity_gate; pose_vector; attempted_use; active_gaze_retrieval,strong_eye_source_hits_4; weak_xr_or_state_hits_3; validity_or_gating_hits_2; strong_pose_or_ray_construction_hits_2; attempted_eye_tracking_permission_or_feature_enable; active_gaze_state_retrieval_with_validity_and_pose; functionality_gaze_retrieval_or_extraction,base_scanner_score_151; module_bonus_validity_gate_8; module_bonus_pose_vector_10; keyword_support_eye_or_gaze_5_bonus_20; keyword_support_sdk_3_bonus_9,C:\realDesktop\manifest-evaluations\summer-26\ghidra-pipeline\il2cpp-files\TitansClinicFreeDemo\general-structure-results\90_plus_confirmed_gaze_retrieval_near_certain\015e613c_System.Array.EmptyInternalEnumerator_OVRPlugin.Vector2f_$$.cctor.c,C:\realDesktop\manifest-evaluations\summer-26\ghidra-pipeline\il2cpp-files\TitansClinicFreeDemo\manual-review-pack\A_must_review\059_p198_System.Array.EmptyInternalEnumerator_OVRPlugin.Vector2f_$$.cctor.c
60,196,A_must_review,GameAnalyticsSDK.Utilities.GA_MiniJSON.Serializer$$SerializeArray,012456fc,89,70_high_general_structure_review_high,weak_source_state; validity_gate; pose_vector; telemetry; structure_combo,weak_xr_or_state_hits_2; validity_or_gating_hits_17; strong_pose_or_ray_construction_hits_4; telemetry_or_network_hits_6; source_validity_pose_sink_structure; cap_below_near_certain_without_eye_anchor_or_ordered_structure,base_scanner_score_89; module_bonus_validity_gate_8; module_bonus_pose_vector_10; module_bonus_telemetry_20; module_bonus_structure_combo_18; evidence_bonus_telemetry_or_network_hits_12; sensitive_sink_telemetry_bonus_15; keyword_support_eye_or_gaze_2_bonus_8; keyword_support_collection_or_telemetry_4_bonus_16,C:\realDesktop\manifest-evaluations\summer-26\ghidra-pipeline\il2cpp-files\TitansClinicFreeDemo\general-structure-results\70_high_general_structure_review_high\012456fc_GameAnalyticsSDK.Utilities.GA_MiniJSON.Serializer$$SerializeArray.c,C:\realDesktop\manifest-evaluations\summer-26\ghidra-pipeline\il2cpp-files\TitansClinicFreeDemo\manual-review-pack\A_must_review\060_p196_GameAnalyticsSDK.Utilities.GA_MiniJSON.Serializer$$SerializeArray.c
61,195,A_must_review,System.Array.EmptyInternalEnumerator<OVRPlugin.Vector3f>$$get_Current,015e6204,148,90_plus_confirmed_gaze_retrieval_near_certain,eye_source; weak_source_state; validity_gate; pose_vector; attempted_use; active_gaze_retrieval,strong_eye_source_hits_4; weak_xr_or_state_hits_3; validity_or_gating_hits_1; strong_pose_or_ray_construction_hits_2; attempted_eye_tracking_permission_or_feature_enable; active_gaze_state_retrieval_with_validity_and_pose; functionality_gaze_retrieval_or_extraction,base_scanner_score_148; module_bonus_validity_gate_8; module_bonus_pose_vector_10; keyword_support_eye_or_gaze_5_bonus_20; keyword_support_sdk_3_bonus_9,C:\realDesktop\manifest-evaluations\summer-26\ghidra-pipeline\il2cpp-files\TitansClinicFreeDemo\general-structure-results\90_plus_confirmed_gaze_retrieval_near_certain\015e6204_System.Array.EmptyInternalEnumerator_OVRPlugin.Vector3f_$$get_Current.c,C:\realDesktop\manifest-evaluations\summer-26\ghidra-pipeline\il2cpp-files\TitansClinicFreeDemo\manual-review-pack\A_must_review\061_p195_System.Array.EmptyInternalEnumerator_OVRPlugin.Vector3f_$$get_Current.c
62,195,A_must_review,System.Array.EmptyInternalEnumerator<OVRPlugin.Vector3f>$$System.Collections.IEnumerator.get_Current,015e624c,148,90_plus_confirmed_gaze_retrieval_near_certain,eye_source; weak_source_state; validity_gate; pose_vector; attempted_use; active_gaze_retrieval,strong_eye_source_hits_4; weak_xr_or_state_hits_3; validity_or_gating_hits_1; strong_pose_or_ray_construction_hits_2; attempted_eye_tracking_permission_or_feature_enable; active_gaze_state_retrieval_with_validity_and_pose; functionality_gaze_retrieval_or_extraction,base_scanner_score_148; module_bonus_validity_gate_8; module_bonus_pose_vector_10; keyword_support_eye_or_gaze_5_bonus_20; keyword_support_sdk_3_bonus_9,C:\realDesktop\manifest-evaluations\summer-26\ghidra-pipeline\il2cpp-files\TitansClinicFreeDemo\general-structure-results\90_plus_confirmed_gaze_retrieval_near_certain\015e624c_System.Array.EmptyInternalEnumerator_OVRPlugin.Vector3f_$$System.Collections.IEnumerator.get_Current.c,C:\realDesktop\manifest-evaluations\summer-26\ghidra-pipeline\il2cpp-files\TitansClinicFreeDemo\manual-review-pack\A_must_review\062_p195_System.Array.EmptyInternalEnumerator_OVRPlugin.Vector3f_$$System.Collections.IEnumerator.get_Current.c
63,195,A_must_review,System.Array.EmptyInternalEnumerator<OVRPlugin.Vector3f>$$MoveNext,015e61fc,148,90_plus_confirmed_gaze_retrieval_near_certain,eye_source; weak_source_state; validity_gate; pose_vector; attempted_use; active_gaze_retrieval,strong_eye_source_hits_4; weak_xr_or_state_hits_3; validity_or_gating_hits_1; strong_pose_or_ray_construction_hits_2; attempted_eye_tracking_permission_or_feature_enable; active_gaze_state_retrieval_with_validity_and_pose; functionality_gaze_retrieval_or_extraction,base_scanner_score_148; module_bonus_validity_gate_8; module_bonus_pose_vector_10; keyword_support_eye_or_gaze_5_bonus_20; keyword_support_sdk_3_bonus_9,C:\realDesktop\manifest-evaluations\summer-26\ghidra-pipeline\il2cpp-files\TitansClinicFreeDemo\general-structure-results\90_plus_confirmed_gaze_retrieval_near_certain\015e61fc_System.Array.EmptyInternalEnumerator_OVRPlugin.Vector3f_$$MoveNext.c,C:\realDesktop\manifest-evaluations\summer-26\ghidra-pipeline\il2cpp-files\TitansClinicFreeDemo\manual-review-pack\A_must_review\063_p195_System.Array.EmptyInternalEnumerator_OVRPlugin.Vector3f_$$MoveNext.c
64,195,A_must_review,System.Array.EmptyInternalEnumerator<OVRPlugin.SpaceQueryResult>$$System.Collections.IEnumerator.get_Current,015e5fec,148,90_plus_confirmed_gaze_retrieval_near_certain,eye_source; weak_source_state; validity_gate; pose_vector; attempted_use; active_gaze_retrieval,strong_eye_source_hits_4; weak_xr_or_state_hits_3; validity_or_gating_hits_1; strong_pose_or_ray_construction_hits_2; attempted_eye_tracking_permission_or_feature_enable; active_gaze_state_retrieval_with_validity_and_pose; functionality_gaze_retrieval_or_extraction,base_scanner_score_148; module_bonus_validity_gate_8; module_bonus_pose_vector_10; keyword_support_eye_or_gaze_5_bonus_20; keyword_support_sdk_3_bonus_9,C:\realDesktop\manifest-evaluations\summer-26\ghidra-pipeline\il2cpp-files\TitansClinicFreeDemo\general-structure-results\90_plus_confirmed_gaze_retrieval_near_certain\015e5fec_System.Array.EmptyInternalEnumerator_OVRPlugin.SpaceQueryResult_$$System.Collections.IEnumerator.get_Current.c,C:\realDesktop\manifest-evaluations\summer-26\ghidra-pipeline\il2cpp-files\TitansClinicFreeDemo\manual-review-pack\A_must_review\064_p195_System.Array.EmptyInternalEnumerator_OVRPlugin.SpaceQueryResult_$$System.Collections.IEnumerator.get_Current.c
65,195,A_must_review,System.Array.EmptyInternalEnumerator<OVRPlugin.SpaceQueryResult>$$System.Collections.IEnumerator.Reset,015e6000,148,90_plus_confirmed_gaze_retrieval_near_certain,eye_source; weak_source_state; validity_gate; pose_vector; attempted_use; active_gaze_retrieval,strong_eye_source_hits_4; weak_xr_or_state_hits_3; validity_or_gating_hits_1; strong_pose_or_ray_construction_hits_2; attempted_eye_tracking_permission_or_feature_enable; active_gaze_state_retrieval_with_validity_and_pose; functionality_gaze_retrieval_or_extraction,base_scanner_score_148; module_bonus_validity_gate_8; module_bonus_pose_vector_10; keyword_support_eye_or_gaze_5_bonus_20; keyword_support_sdk_3_bonus_9,C:\realDesktop\manifest-evaluations\summer-26\ghidra-pipeline\il2cpp-files\TitansClinicFreeDemo\general-structure-results\90_plus_confirmed_gaze_retrieval_near_certain\015e6000_System.Array.EmptyInternalEnumerator_OVRPlugin.SpaceQueryResult_$$System.Collections.IEnumerator.Reset.c,C:\realDesktop\manifest-evaluations\summer-26\ghidra-pipeline\il2cpp-files\TitansClinicFreeDemo\manual-review-pack\A_must_review\065_p195_System.Array.EmptyInternalEnumerator_OVRPlugin.SpaceQueryResult_$$System.Collections.IEnumerator.Reset.c
66,195,A_must_review,System.Array.EmptyInternalEnumerator<OVRPlugin.SpaceQueryResult>$$.ctor,015e6004,148,90_plus_confirmed_gaze_retrieval_near_certain,eye_source; weak_source_state; validity_gate; pose_vector; attempted_use; active_gaze_retrieval,strong_eye_source_hits_4; weak_xr_or_state_hits_3; validity_or_gating_hits_1; strong_pose_or_ray_construction_hits_2; attempted_eye_tracking_permission_or_feature_enable; active_gaze_state_retrieval_with_validity_and_pose; functionality_gaze_retrieval_or_extraction,base_scanner_score_148; module_bonus_validity_gate_8; module_bonus_pose_vector_10; keyword_support_eye_or_gaze_5_bonus_20; keyword_support_sdk_3_bonus_9,C:\realDesktop\manifest-evaluations\summer-26\ghidra-pipeline\il2cpp-files\TitansClinicFreeDemo\general-structure-results\90_plus_confirmed_gaze_retrieval_near_certain\015e6004_System.Array.EmptyInternalEnumerator_OVRPlugin.SpaceQueryResult_$$.ctor.c,C:\realDesktop\manifest-evaluations\summer-26\ghidra-pipeline\il2cpp-files\TitansClinicFreeDemo\manual-review-pack\A_must_review\066_p195_System.Array.EmptyInternalEnumerator_OVRPlugin.SpaceQueryResult_$$.ctor.c
67,193,A_must_review,System.Array$$InternalArray__ICollection_Add<OVRPlugin.EyeGazeState>,0139a42c,149,90_plus_confirmed_gaze_retrieval_near_certain,eye_source; weak_source_state; validity_gate; pose_vector; attempted_use; active_gaze_retrieval,strong_eye_source_hits_4; weak_xr_or_state_hits_2; validity_or_gating_hits_2; strong_pose_or_ray_construction_hits_2; attempted_eye_tracking_permission_or_feature_enable; active_gaze_state_retrieval_with_validity_and_pose; functionality_gaze_retrieval_or_extraction,base_scanner_score_149; module_bonus_validity_gate_8; module_bonus_pose_vector_10; keyword_support_eye_or_gaze_5_bonus_20; keyword_support_sdk_2_bonus_6,C:\realDesktop\manifest-evaluations\summer-26\ghidra-pipeline\il2cpp-files\TitansClinicFreeDemo\general-structure-results\90_plus_confirmed_gaze_retrieval_near_certain\0139a42c_System.Array$$InternalArray__ICollection_Add_OVRPlugin.EyeGazeState_.c,C:\realDesktop\manifest-evaluations\summer-26\ghidra-pipeline\il2cpp-files\TitansClinicFreeDemo\manual-review-pack\A_must_review\067_p193_System.Array$$InternalArray__ICollection_Add_OVRPlugin.EyeGazeState_.c
68,190,A_must_review,System.Array.EmptyInternalEnumerator<OVRPlugin.EyeGazeState>$$get_Current,015e5d44,146,90_plus_confirmed_gaze_retrieval_near_certain,eye_source; weak_source_state; validity_gate; pose_vector; attempted_use; active_gaze_retrieval,strong_eye_source_hits_4; weak_xr_or_state_hits_2; validity_or_gating_hits_1; strong_pose_or_ray_construction_hits_2; attempted_eye_tracking_permission_or_feature_enable; active_gaze_state_retrieval_with_validity_and_pose; functionality_gaze_retrieval_or_extraction,base_scanner_score_146; module_bonus_validity_gate_8; module_bonus_pose_vector_10; keyword_support_eye_or_gaze_5_bonus_20; keyword_support_sdk_2_bonus_6,C:\realDesktop\manifest-evaluations\summer-26\ghidra-pipeline\il2cpp-files\TitansClinicFreeDemo\general-structure-results\90_plus_confirmed_gaze_retrieval_near_certain\015e5d44_System.Array.EmptyInternalEnumerator_OVRPlugin.EyeGazeState_$$get_Current.c,C:\realDesktop\manifest-evaluations\summer-26\ghidra-pipeline\il2cpp-files\TitansClinicFreeDemo\manual-review-pack\A_must_review\068_p190_System.Array.EmptyInternalEnumerator_OVRPlugin.EyeGazeState_$$get_Current.c
69,190,A_must_review,System.Array.EmptyInternalEnumerator<OVRPlugin.EyeGazeState>$$MoveNext,015e5d3c,146,90_plus_confirmed_gaze_retrieval_near_certain,eye_source; weak_source_state; validity_gate; pose_vector; attempted_use; active_gaze_retrieval,strong_eye_source_hits_4; weak_xr_or_state_hits_2; validity_or_gating_hits_1; strong_pose_or_ray_construction_hits_2; attempted_eye_tracking_permission_or_feature_enable; active_gaze_state_retrieval_with_validity_and_pose; functionality_gaze_retrieval_or_extraction,base_scanner_score_146; module_bonus_validity_gate_8; module_bonus_pose_vector_10; keyword_support_eye_or_gaze_5_bonus_20; keyword_support_sdk_2_bonus_6,C:\realDesktop\manifest-evaluations\summer-26\ghidra-pipeline\il2cpp-files\TitansClinicFreeDemo\general-structure-results\90_plus_confirmed_gaze_retrieval_near_certain\015e5d3c_System.Array.EmptyInternalEnumerator_OVRPlugin.EyeGazeState_$$MoveNext.c,C:\realDesktop\manifest-evaluations\summer-26\ghidra-pipeline\il2cpp-files\TitansClinicFreeDemo\manual-review-pack\A_must_review\069_p190_System.Array.EmptyInternalEnumerator_OVRPlugin.EyeGazeState_$$MoveNext.c
70,190,A_must_review,System.Array.EmptyInternalEnumerator<OVRPlugin.EyeGazeState>$$.cctor,015e5dac,146,90_plus_confirmed_gaze_retrieval_near_certain,eye_source; weak_source_state; validity_gate; pose_vector; attempted_use; active_gaze_retrieval,strong_eye_source_hits_4; weak_xr_or_state_hits_2; validity_or_gating_hits_1; strong_pose_or_ray_construction_hits_2; attempted_eye_tracking_permission_or_feature_enable; active_gaze_state_retrieval_with_validity_and_pose; functionality_gaze_retrieval_or_extraction,base_scanner_score_146; module_bonus_validity_gate_8; module_bonus_pose_vector_10; keyword_support_eye_or_gaze_5_bonus_20; keyword_support_sdk_2_bonus_6,C:\realDesktop\manifest-evaluations\summer-26\ghidra-pipeline\il2cpp-files\TitansClinicFreeDemo\general-structure-results\90_plus_confirmed_gaze_retrieval_near_certain\015e5dac_System.Array.EmptyInternalEnumerator_OVRPlugin.EyeGazeState_$$.cctor.c,C:\realDesktop\manifest-evaluations\summer-26\ghidra-pipeline\il2cpp-files\TitansClinicFreeDemo\manual-review-pack\A_must_review\070_p190_System.Array.EmptyInternalEnumerator_OVRPlugin.EyeGazeState_$$.cctor.c
71,190,A_must_review,System.Array$$InternalArray__get_Item<OVRPlugin.EyeGazeState>,0128e944,146,90_plus_confirmed_gaze_retrieval_near_certain,eye_source; weak_source_state; validity_gate; pose_vector; attempted_use; active_gaze_retrieval,strong_eye_source_hits_4; weak_xr_or_state_hits_2; validity_or_gating_hits_1; strong_pose_or_ray_construction_hits_2; attempted_eye_tracking_permission_or_feature_enable; active_gaze_state_retrieval_with_validity_and_pose; functionality_gaze_retrieval_or_extraction,base_scanner_score_146; module_bonus_validity_gate_8; module_bonus_pose_vector_10; keyword_support_eye_or_gaze_5_bonus_20; keyword_support_sdk_2_bonus_6,C:\realDesktop\manifest-evaluations\summer-26\ghidra-pipeline\il2cpp-files\TitansClinicFreeDemo\general-structure-results\90_plus_confirmed_gaze_retrieval_near_certain\0128e944_System.Array$$InternalArray__get_Item_OVRPlugin.EyeGazeState_.c,C:\realDesktop\manifest-evaluations\summer-26\ghidra-pipeline\il2cpp-files\TitansClinicFreeDemo\manual-review-pack\A_must_review\071_p190_System.Array$$InternalArray__get_Item_OVRPlugin.EyeGazeState_.c
72,190,A_must_review,System.Array$$InternalArray__Insert<OVRPlugin.EyeGazeState>,0145cfa8,146,90_plus_confirmed_gaze_retrieval_near_certain,eye_source; weak_source_state; validity_gate; pose_vector; attempted_use; active_gaze_retrieval,strong_eye_source_hits_4; weak_xr_or_state_hits_2; validity_or_gating_hits_1; strong_pose_or_ray_construction_hits_2; attempted_eye_tracking_permission_or_feature_enable; active_gaze_state_retrieval_with_validity_and_pose; functionality_gaze_retrieval_or_extraction,base_scanner_score_146; module_bonus_validity_gate_8; module_bonus_pose_vector_10; keyword_support_eye_or_gaze_5_bonus_20; keyword_support_sdk_2_bonus_6,C:\realDesktop\manifest-evaluations\summer-26\ghidra-pipeline\il2cpp-files\TitansClinicFreeDemo\general-structure-results\90_plus_confirmed_gaze_retrieval_near_certain\0145cfa8_System.Array$$InternalArray__Insert_OVRPlugin.EyeGazeState_.c,C:\realDesktop\manifest-evaluations\summer-26\ghidra-pipeline\il2cpp-files\TitansClinicFreeDemo\manual-review-pack\A_must_review\072_p190_System.Array$$InternalArray__Insert_OVRPlugin.EyeGazeState_.c
73,190,A_must_review,System.Array$$InternalArray__ICollection_Remove<OVRPlugin.EyeGazeState>,013eb0dc,146,90_plus_confirmed_gaze_retrieval_near_certain,eye_source; weak_source_state; validity_gate; pose_vector; attempted_use; active_gaze_retrieval,strong_eye_source_hits_4; weak_xr_or_state_hits_2; validity_or_gating_hits_1; strong_pose_or_ray_construction_hits_2; attempted_eye_tracking_permission_or_feature_enable; active_gaze_state_retrieval_with_validity_and_pose; functionality_gaze_retrieval_or_extraction,base_scanner_score_146; module_bonus_validity_gate_8; module_bonus_pose_vector_10; keyword_support_eye_or_gaze_5_bonus_20; keyword_support_sdk_2_bonus_6,C:\realDesktop\manifest-evaluations\summer-26\ghidra-pipeline\il2cpp-files\TitansClinicFreeDemo\general-structure-results\90_plus_confirmed_gaze_retrieval_near_certain\013eb0dc_System.Array$$InternalArray__ICollection_Remove_OVRPlugin.EyeGazeState_.c,C:\realDesktop\manifest-evaluations\summer-26\ghidra-pipeline\il2cpp-files\TitansClinicFreeDemo\manual-review-pack\A_must_review\073_p190_System.Array$$InternalArray__ICollection_Remove_OVRPlugin.EyeGazeState_.c
74,190,A_must_review,System.Array$$InternalArray__ICollection_Contains<OVRPlugin.EyeGazeState>,013cf4cc,146,90_plus_confirmed_gaze_retrieval_near_certain,eye_source; weak_source_state; validity_gate; pose_vector; attempted_use; active_gaze_retrieval,strong_eye_source_hits_4; weak_xr_or_state_hits_2; validity_or_gating_hits_1; strong_pose_or_ray_construction_hits_2; attempted_eye_tracking_permission_or_feature_enable; active_gaze_state_retrieval_with_validity_and_pose; functionality_gaze_retrieval_or_extraction,base_scanner_score_146; module_bonus_validity_gate_8; module_bonus_pose_vector_10; keyword_support_eye_or_gaze_5_bonus_20; keyword_support_sdk_2_bonus_6,C:\realDesktop\manifest-evaluations\summer-26\ghidra-pipeline\il2cpp-files\TitansClinicFreeDemo\general-structure-results\90_plus_confirmed_gaze_retrieval_near_certain\013cf4cc_System.Array$$InternalArray__ICollection_Contains_OVRPlugin.EyeGazeState_.c,C:\realDesktop\manifest-evaluations\summer-26\ghidra-pipeline\il2cpp-files\TitansClinicFreeDemo\manual-review-pack\A_must_review\074_p190_System.Array$$InternalArray__ICollection_Contains_OVRPlugin.EyeGazeState_.c
75,189,A_must_review,OVRPlugin.OVRP_1_78_0$$ovrp_GetFoveationEyeTrackedSupported,01f9f364,131,90_plus_attempted_dynamic_eye_tracked_foveation_near_certain,eye_source; weak_source_state; foveation_rendering; attempted_use; dynamic_foveation_possible,strong_eye_source_hits_6; weak_xr_or_state_hits_4; strong_foveation_hits_2; attempted_eye_tracking_permission_or_feature_enable; attempted_eye_tracking_with_foveated_rendering_path; functionality_foveated_rendering,base_scanner_score_131; module_bonus_foveation_rendering_20; sensitive_sink_foveation_bonus_12; keyword_support_eye_or_gaze_5_bonus_20; keyword_support_sdk_2_bonus_6,C:\realDesktop\manifest-evaluations\summer-26\ghidra-pipeline\il2cpp-files\TitansClinicFreeDemo\general-structure-results\90_plus_attempted_dynamic_eye_tracked_foveation_near_certain\01f9f364_OVRPlugin.OVRP_1_78_0$$ovrp_GetFoveationEyeTrackedSupported.c,C:\realDesktop\manifest-evaluations\summer-26\ghidra-pipeline\il2cpp-files\TitansClinicFreeDemo\manual-review-pack\A_must_review\075_p189_OVRPlugin.OVRP_1_78_0$$ovrp_GetFoveationEyeTrackedSupported.c
76,189,A_must_review,OVRPlugin$$get_eyeTrackedFoveatedRenderingEnabled,01f80c4c,131,90_plus_attempted_dynamic_eye_tracked_foveation_near_certain,eye_source; weak_source_state; foveation_rendering; attempted_use; dynamic_foveation_possible,strong_eye_source_hits_6; weak_xr_or_state_hits_6; strong_foveation_hits_2; attempted_eye_tracking_permission_or_feature_enable; attempted_eye_tracking_with_foveated_rendering_path; functionality_foveated_rendering,base_scanner_score_131; module_bonus_foveation_rendering_20; sensitive_sink_foveation_bonus_12; keyword_support_eye_or_gaze_5_bonus_20; keyword_support_sdk_2_bonus_6,C:\realDesktop\manifest-evaluations\summer-26\ghidra-pipeline\il2cpp-files\TitansClinicFreeDemo\general-structure-results\90_plus_attempted_dynamic_eye_tracked_foveation_near_certain\01f80c4c_OVRPlugin$$get_eyeTrackedFoveatedRenderingEnabled.c,C:\realDesktop\manifest-evaluations\summer-26\ghidra-pipeline\il2cpp-files\TitansClinicFreeDemo\manual-review-pack\A_must_review\076_p189_OVRPlugin$$get_eyeTrackedFoveatedRenderingEnabled.c
77,189,A_must_review,OVRManager$$get_eyeTrackedFoveatedRenderingEnabled,01f5fa9c,131,90_plus_attempted_dynamic_eye_tracked_foveation_near_certain,eye_source; weak_source_state; foveation_rendering; attempted_use; dynamic_foveation_possible,strong_eye_source_hits_6; weak_xr_or_state_hits_6; strong_foveation_hits_2; attempted_eye_tracking_permission_or_feature_enable; attempted_eye_tracking_with_foveated_rendering_path; functionality_foveated_rendering,base_scanner_score_131; module_bonus_foveation_rendering_20; sensitive_sink_foveation_bonus_12; keyword_support_eye_or_gaze_5_bonus_20; keyword_support_sdk_2_bonus_6,C:\realDesktop\manifest-evaluations\summer-26\ghidra-pipeline\il2cpp-files\TitansClinicFreeDemo\general-structure-results\90_plus_attempted_dynamic_eye_tracked_foveation_near_certain\01f5fa9c_OVRManager$$get_eyeTrackedFoveatedRenderingEnabled.c,C:\realDesktop\manifest-evaluations\summer-26\ghidra-pipeline\il2cpp-files\TitansClinicFreeDemo\manual-review-pack\A_must_review\077_p189_OVRManager$$get_eyeTrackedFoveatedRenderingEnabled.c
78,189,A_must_review,OVRManager$$GetEyeTrackedFoveatedRenderingEnabled,01f5fae8,131,90_plus_attempted_dynamic_eye_tracked_foveation_near_certain,eye_source; weak_source_state; foveation_rendering; attempted_use; dynamic_foveation_possible,strong_eye_source_hits_6; weak_xr_or_state_hits_6; strong_foveation_hits_2; attempted_eye_tracking_permission_or_feature_enable; attempted_eye_tracking_with_foveated_rendering_path; functionality_foveated_rendering,base_scanner_score_131; module_bonus_foveation_rendering_20; sensitive_sink_foveation_bonus_12; keyword_support_eye_or_gaze_5_bonus_20; keyword_support_sdk_2_bonus_6,C:\realDesktop\manifest-evaluations\summer-26\ghidra-pipeline\il2cpp-files\TitansClinicFreeDemo\general-structure-results\90_plus_attempted_dynamic_eye_tracked_foveation_near_certain\01f5fae8_OVRManager$$GetEyeTrackedFoveatedRenderingEnabled.c,C:\realDesktop\manifest-evaluations\summer-26\ghidra-pipeline\il2cpp-files\TitansClinicFreeDemo\manual-review-pack\A_must_review\078_p189_OVRManager$$GetEyeTrackedFoveatedRenderingEnabled.c
79,187,A_must_review,Unity.Collections.NativeArray.ReadOnly.Enumerator<OVRPlugin.SpaceQueryResult>$$get_Current,01617900,129,90_plus_framework_support_only_near_certain,eye_source; weak_source_state; validity_gate; pose_vector; paired_state_refs,strong_eye_source_hits_8; weak_xr_or_state_hits_8; validity_or_gating_hits_14; strong_pose_or_ray_construction_hits_7; paired_field_refs_with_eye_source; functionality_eye_api_context_without_clear_sink_hits_8,base_scanner_score_129; module_bonus_validity_gate_8; module_bonus_pose_vector_10; module_bonus_paired_state_refs_8; keyword_support_eye_or_gaze_5_bonus_20; keyword_support_sdk_4_bonus_12,C:\realDesktop\manifest-evaluations\summer-26\ghidra-pipeline\il2cpp-files\TitansClinicFreeDemo\general-structure-results\90_plus_framework_support_only_near_certain\01617900_Unity.Collections.NativeArray.ReadOnly.Enumerator_OVRPlugin.SpaceQueryResult_$$get_Current.c,C:\realDesktop\manifest-evaluations\summer-26\ghidra-pipeline\il2cpp-files\TitansClinicFreeDemo\manual-review-pack\A_must_review\079_p187_Unity.Collections.NativeArray.ReadOnly.Enumerator_OVRPlugin.SpaceQueryResult_$$get_Current.c
80,187,A_must_review,Unity.Collections.NativeArray.ReadOnly.Enumerator<OVRPlugin.SpaceQueryResult>$$System.Collections.IEnumerator.get_Current,01617914,129,90_plus_framework_support_only_near_certain,eye_source; weak_source_state; validity_gate; pose_vector; paired_state_refs,strong_eye_source_hits_5; weak_xr_or_state_hits_5; validity_or_gating_hits_8; strong_pose_or_ray_construction_hits_4; paired_field_refs_with_eye_source; functionality_eye_api_context_without_clear_sink_hits_5,base_scanner_score_129; module_bonus_validity_gate_8; module_bonus_pose_vector_10; module_bonus_paired_state_refs_8; keyword_support_eye_or_gaze_5_bonus_20; keyword_support_sdk_4_bonus_12,C:\realDesktop\manifest-evaluations\summer-26\ghidra-pipeline\il2cpp-files\TitansClinicFreeDemo\general-structure-results\90_plus_framework_support_only_near_certain\01617914_Unity.Collections.NativeArray.ReadOnly.Enumerator_OVRPlugin.SpaceQueryResult_$$System.Collections.IEnumerator.get_Current.c,C:\realDesktop\manifest-evaluations\summer-26\ghidra-pipeline\il2cpp-files\TitansClinicFreeDemo\manual-review-pack\A_must_review\080_p187_Unity.Collections.NativeArray.ReadOnly.Enumerator_OVRPlugin.SpaceQueryResult_$$System.Collections.IEnumerator.get_Current.c
81,187,A_must_review,Unity.Collections.NativeArray.ReadOnly.Enumerator<OVRPlugin.SpaceQueryResult>$$Reset,016178f4,129,90_plus_framework_support_only_near_certain,eye_source; weak_source_state; validity_gate; pose_vector; paired_state_refs,strong_eye_source_hits_8; weak_xr_or_state_hits_8; validity_or_gating_hits_14; strong_pose_or_ray_construction_hits_7; paired_field_refs_with_eye_source; functionality_eye_api_context_without_clear_sink_hits_8,base_scanner_score_129; module_bonus_validity_gate_8; module_bonus_pose_vector_10; module_bonus_paired_state_refs_8; keyword_support_eye_or_gaze_5_bonus_20; keyword_support_sdk_4_bonus_12,C:\realDesktop\manifest-evaluations\summer-26\ghidra-pipeline\il2cpp-files\TitansClinicFreeDemo\general-structure-results\90_plus_framework_support_only_near_certain\016178f4_Unity.Collections.NativeArray.ReadOnly.Enumerator_OVRPlugin.SpaceQueryResult_$$Reset.c,C:\realDesktop\manifest-evaluations\summer-26\ghidra-pipeline\il2cpp-files\TitansClinicFreeDemo\manual-review-pack\A_must_review\081_p187_Unity.Collections.NativeArray.ReadOnly.Enumerator_OVRPlugin.SpaceQueryResult_$$Reset.c
82,187,A_must_review,Unity.Collections.NativeArray.ReadOnly.Enumerator<OVRPlugin.SpaceQueryResult>$$MoveNext,0161786c,129,90_plus_framework_support_only_near_certain,eye_source; weak_source_state; validity_gate; pose_vector; paired_state_refs,strong_eye_source_hits_9; weak_xr_or_state_hits_9; validity_or_gating_hits_18; strong_pose_or_ray_construction_hits_8; paired_field_refs_with_eye_source; functionality_eye_api_context_without_clear_sink_hits_9,base_scanner_score_129; module_bonus_validity_gate_8; module_bonus_pose_vector_10; module_bonus_paired_state_refs_8; keyword_support_eye_or_gaze_5_bonus_20; keyword_support_sdk_4_bonus_12,C:\realDesktop\manifest-evaluations\summer-26\ghidra-pipeline\il2cpp-files\TitansClinicFreeDemo\general-structure-results\90_plus_framework_support_only_near_certain\0161786c_Unity.Collections.NativeArray.ReadOnly.Enumerator_OVRPlugin.SpaceQueryResult_$$MoveNext.c,C:\realDesktop\manifest-evaluations\summer-26\ghidra-pipeline\il2cpp-files\TitansClinicFreeDemo\manual-review-pack\A_must_review\082_p187_Unity.Collections.NativeArray.ReadOnly.Enumerator_OVRPlugin.SpaceQueryResult_$$MoveNext.c
83,187,A_must_review,Unity.Collections.NativeArray.ReadOnly.Enumerator<OVRPlugin.SpaceQueryResult>$$Dispose,01617868,129,90_plus_framework_support_only_near_certain,eye_source; weak_source_state; validity_gate; pose_vector; paired_state_refs,strong_eye_source_hits_9; weak_xr_or_state_hits_9; validity_or_gating_hits_18; strong_pose_or_ray_construction_hits_10; paired_field_refs_with_eye_source; functionality_eye_api_context_without_clear_sink_hits_9,base_scanner_score_129; module_bonus_validity_gate_8; module_bonus_pose_vector_10; module_bonus_paired_state_refs_8; keyword_support_eye_or_gaze_5_bonus_20; keyword_support_sdk_4_bonus_12,C:\realDesktop\manifest-evaluations\summer-26\ghidra-pipeline\il2cpp-files\TitansClinicFreeDemo\general-structure-results\90_plus_framework_support_only_near_certain\01617868_Unity.Collections.NativeArray.ReadOnly.Enumerator_OVRPlugin.SpaceQueryResult_$$Dispose.c,C:\realDesktop\manifest-evaluations\summer-26\ghidra-pipeline\il2cpp-files\TitansClinicFreeDemo\manual-review-pack\A_must_review\083_p187_Unity.Collections.NativeArray.ReadOnly.Enumerator_OVRPlugin.SpaceQueryResult_$$Dispose.c
84,187,A_must_review,Unity.Collections.NativeArray.ReadOnly.Enumerator<OVRPlugin.SpaceQueryResult>$$.ctor,0161784c,129,90_plus_framework_support_only_near_certain,eye_source; weak_source_state; validity_gate; pose_vector; paired_state_refs,strong_eye_source_hits_9; weak_xr_or_state_hits_9; validity_or_gating_hits_18; strong_pose_or_ray_construction_hits_8; paired_field_refs_with_eye_source; functionality_eye_api_context_without_clear_sink_hits_9,base_scanner_score_129; module_bonus_validity_gate_8; module_bonus_pose_vector_10; module_bonus_paired_state_refs_8; keyword_support_eye_or_gaze_5_bonus_20; keyword_support_sdk_4_bonus_12,C:\realDesktop\manifest-evaluations\summer-26\ghidra-pipeline\il2cpp-files\TitansClinicFreeDemo\general-structure-results\90_plus_framework_support_only_near_certain\0161784c_Unity.Collections.NativeArray.ReadOnly.Enumerator_OVRPlugin.SpaceQueryResult_$$.ctor.c,C:\realDesktop\manifest-evaluations\summer-26\ghidra-pipeline\il2cpp-files\TitansClinicFreeDemo\manual-review-pack\A_must_review\084_p187_Unity.Collections.NativeArray.ReadOnly.Enumerator_OVRPlugin.SpaceQueryResult_$$.ctor.c
85,187,A_must_review,OVRPlugin.OVRP_1_78_0$$ovrp_GetFoveationEyeTracked,01f9f3e0,129,90_plus_attempted_dynamic_eye_tracked_foveation_near_certain,eye_source; weak_source_state; foveation_rendering; attempted_use; dynamic_foveation_possible,strong_eye_source_hits_6; weak_xr_or_state_hits_2; strong_foveation_hits_2; attempted_eye_tracking_permission_or_feature_enable; attempted_eye_tracking_with_foveated_rendering_path; functionality_foveated_rendering,base_scanner_score_129; module_bonus_foveation_rendering_20; sensitive_sink_foveation_bonus_12; keyword_support_eye_or_gaze_5_bonus_20; keyword_support_sdk_2_bonus_6,C:\realDesktop\manifest-evaluations\summer-26\ghidra-pipeline\il2cpp-files\TitansClinicFreeDemo\general-structure-results\90_plus_attempted_dynamic_eye_tracked_foveation_near_certain\01f9f3e0_OVRPlugin.OVRP_1_78_0$$ovrp_GetFoveationEyeTracked.c,C:\realDesktop\manifest-evaluations\summer-26\ghidra-pipeline\il2cpp-files\TitansClinicFreeDemo\manual-review-pack\A_must_review\085_p187_OVRPlugin.OVRP_1_78_0$$ovrp_GetFoveationEyeTracked.c
86,187,A_must_review,FUN_016177d8,016177d8,129,90_plus_uncertain_eye_setup_near_certain,eye_source; weak_source_state; validity_gate; pose_vector; paired_state_refs,strong_eye_source_hits_7; weak_xr_or_state_hits_7; validity_or_gating_hits_19; strong_pose_or_ray_construction_hits_6; paired_field_refs_with_eye_source; functionality_eye_api_context_without_clear_sink_hits_7,base_scanner_score_129; module_bonus_validity_gate_8; module_bonus_pose_vector_10; module_bonus_paired_state_refs_8; keyword_support_eye_or_gaze_5_bonus_20; keyword_support_sdk_4_bonus_12,C:\realDesktop\manifest-evaluations\summer-26\ghidra-pipeline\il2cpp-files\TitansClinicFreeDemo\general-structure-results\90_plus_uncertain_eye_setup_near_certain\016177d8_FUN_016177d8.c,C:\realDesktop\manifest-evaluations\summer-26\ghidra-pipeline\il2cpp-files\TitansClinicFreeDemo\manual-review-pack\A_must_review\086_p187_FUN_016177d8.c
87,187,A_must_review,Unity.XR.Oculus.NativeMethods$$GetEyeTrackedFoveatedRenderingEnabled,022dde64,127,90_plus_framework_foveated_rendering_support_or_attempt_near_certain,eye_source; weak_source_state; validity_gate; foveation_rendering; attempted_use; dynamic_foveation_possible,strong_eye_source_hits_4; weak_xr_or_state_hits_4; validity_or_gating_hits_2; strong_foveation_hits_2; attempted_eye_tracking_permission_or_feature_enable; attempted_eye_tracking_with_foveated_rendering_path; negative_framework_support_context_without_confirmed_app_level_gaze_flow; framework_foveation_support_not_confirmed_dynamic_eye_tracking; functionality_foveated_rendering,base_scanner_score_127; module_bonus_validity_gate_8; module_bonus_foveation_rendering_20; sensitive_sink_foveation_bonus_12; keyword_support_eye_or_gaze_5_bonus_20,C:\realDesktop\manifest-evaluations\summer-26\ghidra-pipeline\il2cpp-files\TitansClinicFreeDemo\general-structure-results\90_plus_framework_foveated_rendering_support_or_attempt_near_certain\022dde64_Unity.XR.Oculus.NativeMethods$$GetEyeTrackedFoveatedRenderingEnabled.c,C:\realDesktop\manifest-evaluations\summer-26\ghidra-pipeline\il2cpp-files\TitansClinicFreeDemo\manual-review-pack\A_must_review\087_p187_Unity.XR.Oculus.NativeMethods$$GetEyeTrackedFoveatedRenderingEnabled.c
88,186,A_must_review,System.Array$$InternalArray__IndexOf<RendererListResource>,01441808,115,90_plus_framework_support_only_near_certain,eye_source; weak_source_state; validity_gate; pose_vector; ui_interaction; structure_combo,strong_eye_source_hits_1; weak_xr_or_state_hits_1; validity_or_gating_hits_1; strong_pose_or_ray_construction_hits_2; ui_or_gameplay_sink_hits_2; source_validity_pose_sink_structure; strong_eye_source_validity_pose_sink_structure; negative_framework_support_context_without_confirmed_app_level_gaze_flow; functionality_gaze_interaction_hits_2,base_scanner_score_115; module_bonus_validity_gate_8; module_bonus_pose_vector_10; module_bonus_ui_interaction_12; module_bonus_structure_combo_18; keyword_support_eye_or_gaze_5_bonus_20; keyword_support_sdk_1_bonus_3,C:\realDesktop\manifest-evaluations\summer-26\ghidra-pipeline\il2cpp-files\TitansClinicFreeDemo\general-structure-results\90_plus_framework_support_only_near_certain\01441808_System.Array$$InternalArray__IndexOf_RendererListResource_.c,C:\realDesktop\manifest-evaluations\summer-26\ghidra-pipeline\il2cpp-files\TitansClinicFreeDemo\manual-review-pack\A_must_review\088_p186_System.Array$$InternalArray__IndexOf_RendererListResource_.c
89,186,A_must_review,System.Array$$InternalArray__IndexOf<RendererList>,01441510,115,90_plus_framework_support_only_near_certain,eye_source; weak_source_state; validity_gate; pose_vector; ui_interaction; structure_combo,strong_eye_source_hits_1; weak_xr_or_state_hits_1; validity_or_gating_hits_1; strong_pose_or_ray_construction_hits_2; ui_or_gameplay_sink_hits_2; source_validity_pose_sink_structure; strong_eye_source_validity_pose_sink_structure; negative_framework_support_context_without_confirmed_app_level_gaze_flow; functionality_gaze_interaction_hits_2,base_scanner_score_115; module_bonus_validity_gate_8; module_bonus_pose_vector_10; module_bonus_ui_interaction_12; module_bonus_structure_combo_18; keyword_support_eye_or_gaze_5_bonus_20; keyword_support_sdk_1_bonus_3,C:\realDesktop\manifest-evaluations\summer-26\ghidra-pipeline\il2cpp-files\TitansClinicFreeDemo\general-structure-results\90_plus_framework_support_only_near_certain\01441510_System.Array$$InternalArray__IndexOf_RendererList_.c,C:\realDesktop\manifest-evaluations\summer-26\ghidra-pipeline\il2cpp-files\TitansClinicFreeDemo\manual-review-pack\A_must_review\089_p186_System.Array$$InternalArray__IndexOf_RendererList_.c
90,186,A_must_review,Unity.XR.Oculus.OculusLoader$$RuntimeLoadOVRPlugin,022df11c,88,70_high_framework_support_only_high,eye_source; weak_source_state; validity_gate; telemetry; frame_behavior,strong_eye_source_hits_2; weak_xr_or_state_hits_2; validity_or_gating_hits_14; telemetry_or_network_hits_1; frame_or_lifecycle_behavior; negative_framework_support_context_without_confirmed_app_level_gaze_flow; functionality_data_collection_or_telemetry_hits_1,base_scanner_score_88; module_bonus_validity_gate_8; module_bonus_telemetry_20; module_bonus_frame_behavior_5; evidence_bonus_telemetry_or_network_hits_12; sensitive_sink_telemetry_bonus_15; keyword_support_eye_or_gaze_4_bonus_16; keyword_support_sdk_2_bonus_6; keyword_support_collection_or_telemetry_4_bonus_16,C:\realDesktop\manifest-evaluations\summer-26\ghidra-pipeline\il2cpp-files\TitansClinicFreeDemo\general-structure-results\70_high_framework_support_only_high\022df11c_Unity.XR.Oculus.OculusLoader$$RuntimeLoadOVRPlugin.c,C:\realDesktop\manifest-evaluations\summer-26\ghidra-pipeline\il2cpp-files\TitansClinicFreeDemo\manual-review-pack\A_must_review\090_p186_Unity.XR.Oculus.OculusLoader$$RuntimeLoadOVRPlugin.c
91,186,A_must_review,Unity.XR.Oculus.NativeMethods$$LoadOVRPlugin,022df2c0,88,70_high_framework_support_only_high,eye_source; weak_source_state; validity_gate; telemetry; frame_behavior,strong_eye_source_hits_2; weak_xr_or_state_hits_2; validity_or_gating_hits_6; telemetry_or_network_hits_1; frame_or_lifecycle_behavior; negative_framework_support_context_without_confirmed_app_level_gaze_flow; functionality_data_collection_or_telemetry_hits_1,base_scanner_score_88; module_bonus_validity_gate_8; module_bonus_telemetry_20; module_bonus_frame_behavior_5; evidence_bonus_telemetry_or_network_hits_12; sensitive_sink_telemetry_bonus_15; keyword_support_eye_or_gaze_4_bonus_16; keyword_support_sdk_2_bonus_6; keyword_support_collection_or_telemetry_4_bonus_16,C:\realDesktop\manifest-evaluations\summer-26\ghidra-pipeline\il2cpp-files\TitansClinicFreeDemo\general-structure-results\70_high_framework_support_only_high\022df2c0_Unity.XR.Oculus.NativeMethods$$LoadOVRPlugin.c,C:\realDesktop\manifest-evaluations\summer-26\ghidra-pipeline\il2cpp-files\TitansClinicFreeDemo\manual-review-pack\A_must_review\091_p186_Unity.XR.Oculus.NativeMethods$$LoadOVRPlugin.c
92,185,A_must_review,Unity.XR.Oculus.Utils$$set_eyeTrackedFoveatedRenderingEnabled,022dde68,125,90_plus_framework_foveated_rendering_support_or_attempt_near_certain,eye_source; weak_source_state; validity_gate; foveation_rendering; attempted_use; dynamic_foveation_possible,strong_eye_source_hits_4; weak_xr_or_state_hits_2; validity_or_gating_hits_2; strong_foveation_hits_2; attempted_eye_tracking_permission_or_feature_enable; attempted_eye_tracking_with_foveated_rendering_path; negative_framework_support_context_without_confirmed_app_level_gaze_flow; framework_foveation_support_not_confirmed_dynamic_eye_tracking; functionality_foveated_rendering,base_scanner_score_125; module_bonus_validity_gate_8; module_bonus_foveation_rendering_20; sensitive_sink_foveation_bonus_12; keyword_support_eye_or_gaze_5_bonus_20,C:\realDesktop\manifest-evaluations\summer-26\ghidra-pipeline\il2cpp-files\TitansClinicFreeDemo\general-structure-results\90_plus_framework_foveated_rendering_support_or_attempt_near_certain\022dde68_Unity.XR.Oculus.Utils$$set_eyeTrackedFoveatedRenderingEnabled.c,C:\realDesktop\manifest-evaluations\summer-26\ghidra-pipeline\il2cpp-files\TitansClinicFreeDemo\manual-review-pack\A_must_review\092_p185_Unity.XR.Oculus.Utils$$set_eyeTrackedFoveatedRenderingEnabled.c
93,185,A_must_review,Unity.XR.Oculus.NativeMethods.Internal$$GetEyeTrackedFoveatedRenderingSupported,022e1588,125,90_plus_framework_foveated_rendering_support_or_attempt_near_certain,eye_source; weak_source_state; validity_gate; foveation_rendering; attempted_use; dynamic_foveation_possible,strong_eye_source_hits_4; weak_xr_or_state_hits_2; validity_or_gating_hits_2; strong_foveation_hits_2; attempted_eye_tracking_permission_or_feature_enable; attempted_eye_tracking_with_foveated_rendering_path; negative_framework_support_context_without_confirmed_app_level_gaze_flow; framework_foveation_support_not_confirmed_dynamic_eye_tracking; functionality_foveated_rendering,base_scanner_score_125; module_bonus_validity_gate_8; module_bonus_foveation_rendering_20; sensitive_sink_foveation_bonus_12; keyword_support_eye_or_gaze_5_bonus_20,C:\realDesktop\manifest-evaluations\summer-26\ghidra-pipeline\il2cpp-files\TitansClinicFreeDemo\general-structure-results\90_plus_framework_foveated_rendering_support_or_attempt_near_certain\022e1588_Unity.XR.Oculus.NativeMethods.Internal$$GetEyeTrackedFoveatedRenderingSupported.c,C:\realDesktop\manifest-evaluations\summer-26\ghidra-pipeline\il2cpp-files\TitansClinicFreeDemo\manual-review-pack\A_must_review\093_p185_Unity.XR.Oculus.NativeMethods.Internal$$GetEyeTrackedFoveatedRenderingSupported.c
94,184,A_must_review,FUN_02021ad4,02021ad4,141,90_plus_possible_eye_biometrics_near_certain,eye_source; validity_gate; pose_vector; weak_pose_support; frame_behavior; active_gaze_retrieval; possible_biometrics,strong_eye_source_hits_1; validity_or_gating_hits_21; strong_pose_or_ray_construction_hits_2; weak_vector_component_hits_1; frame_or_lifecycle_behavior; active_gaze_state_retrieval_with_validity_and_pose; possible_biometric_feature_from_active_eye_context; functionality_possible_biometrics_hits_1,base_scanner_score_141; module_bonus_validity_gate_8; module_bonus_pose_vector_10; module_bonus_frame_behavior_5; keyword_support_eye_or_gaze_5_bonus_20,C:\realDesktop\manifest-evaluations\summer-26\ghidra-pipeline\il2cpp-files\TitansClinicFreeDemo\general-structure-results\90_plus_possible_eye_biometrics_near_certain\02021ad4_FUN_02021ad4.c,C:\realDesktop\manifest-evaluations\summer-26\ghidra-pipeline\il2cpp-files\TitansClinicFreeDemo\manual-review-pack\A_must_review\094_p184_FUN_02021ad4.c
95,182,A_must_review,Unity.XR.Oculus.NativeMethods$$SetEyeTrackedFoveatedRenderingEnabled,022ddc68,122,90_plus_framework_foveated_rendering_support_or_attempt_near_certain,eye_source; weak_source_state; validity_gate; foveation_rendering; attempted_use; dynamic_foveation_possible,strong_eye_source_hits_4; weak_xr_or_state_hits_2; validity_or_gating_hits_1; strong_foveation_hits_2; attempted_eye_tracking_permission_or_feature_enable; attempted_eye_tracking_with_foveated_rendering_path; negative_framework_support_context_without_confirmed_app_level_gaze_flow; framework_foveation_support_not_confirmed_dynamic_eye_tracking; functionality_foveated_rendering,base_scanner_score_122; module_bonus_validity_gate_8; module_bonus_foveation_rendering_20; sensitive_sink_foveation_bonus_12; keyword_support_eye_or_gaze_5_bonus_20,C:\realDesktop\manifest-evaluations\summer-26\ghidra-pipeline\il2cpp-files\TitansClinicFreeDemo\general-structure-results\90_plus_framework_foveated_rendering_support_or_attempt_near_certain\022ddc68_Unity.XR.Oculus.NativeMethods$$SetEyeTrackedFoveatedRenderingEnabled.c,C:\realDesktop\manifest-evaluations\summer-26\ghidra-pipeline\il2cpp-files\TitansClinicFreeDemo\manual-review-pack\A_must_review\095_p182_Unity.XR.Oculus.NativeMethods$$SetEyeTrackedFoveatedRenderingEnabled.c
96,182,A_must_review,OVRPlugin.OVRP_1_71_0$$ovrp_UnityOpenXR_OnSessionExiting,01f94268,87,70_high_uncertain_gaze_or_xr_structure_high,eye_source; weak_source_state; telemetry,strong_eye_source_hits_2; weak_xr_or_state_hits_4; telemetry_or_network_hits_2; functionality_data_collection_or_telemetry_hits_2,base_scanner_score_87; module_bonus_telemetry_20; evidence_bonus_telemetry_or_network_hits_12; sensitive_sink_telemetry_bonus_15; keyword_support_eye_or_gaze_5_bonus_20; keyword_support_sdk_4_bonus_12; keyword_support_collection_or_telemetry_4_bonus_16,C:\realDesktop\manifest-evaluations\summer-26\ghidra-pipeline\il2cpp-files\TitansClinicFreeDemo\general-structure-results\70_high_uncertain_gaze_or_xr_structure_high\01f94268_OVRPlugin.OVRP_1_71_0$$ovrp_UnityOpenXR_OnSessionExiting.c,C:\realDesktop\manifest-evaluations\summer-26\ghidra-pipeline\il2cpp-files\TitansClinicFreeDemo\manual-review-pack\A_must_review\096_p182_OVRPlugin.OVRP_1_71_0$$ovrp_UnityOpenXR_OnSessionExiting.c
97,182,A_must_review,OVRPlugin$$GetNativeOpenXRSession,01f88c84,87,70_high_uncertain_gaze_or_xr_structure_high,eye_source; weak_source_state; telemetry,strong_eye_source_hits_2; weak_xr_or_state_hits_4; telemetry_or_network_hits_2; functionality_data_collection_or_telemetry_hits_2,base_scanner_score_87; module_bonus_telemetry_20; evidence_bonus_telemetry_or_network_hits_12; sensitive_sink_telemetry_bonus_15; keyword_support_eye_or_gaze_5_bonus_20; keyword_support_sdk_4_bonus_12; keyword_support_collection_or_telemetry_4_bonus_16,C:\realDesktop\manifest-evaluations\summer-26\ghidra-pipeline\il2cpp-files\TitansClinicFreeDemo\general-structure-results\70_high_uncertain_gaze_or_xr_structure_high\01f88c84_OVRPlugin$$GetNativeOpenXRSession.c,C:\realDesktop\manifest-evaluations\summer-26\ghidra-pipeline\il2cpp-files\TitansClinicFreeDemo\manual-review-pack\A_must_review\097_p182_OVRPlugin$$GetNativeOpenXRSession.c
98,175,A_must_review,RealisticEyeMovements.EyeAndHeadAnimator$$GetRightEyeDirection,0202b464,137,90_plus_possible_eye_biometrics_near_certain,eye_source; validity_gate; pose_vector; active_gaze_retrieval; possible_biometrics,strong_eye_source_hits_2; validity_or_gating_hits_3; strong_pose_or_ray_construction_hits_2; active_gaze_state_retrieval_with_validity_and_pose; possible_biometric_feature_from_active_eye_context; functionality_gaze_retrieval_or_extraction; functionality_possible_biometrics_hits_2,base_scanner_score_137; module_bonus_validity_gate_8; module_bonus_pose_vector_10; keyword_support_eye_or_gaze_5_bonus_20,C:\realDesktop\manifest-evaluations\summer-26\ghidra-pipeline\il2cpp-files\TitansClinicFreeDemo\general-structure-results\90_plus_possible_eye_biometrics_near_certain\0202b464_RealisticEyeMovements.EyeAndHeadAnimator$$GetRightEyeDirection.c,C:\realDesktop\manifest-evaluations\summer-26\ghidra-pipeline\il2cpp-files\TitansClinicFreeDemo\manual-review-pack\A_must_review\098_p175_RealisticEyeMovements.EyeAndHeadAnimator$$GetRightEyeDirection.c
99,175,A_must_review,RealisticEyeMovements.EyeAndHeadAnimator$$GetLeftEyeDirection,0202afdc,137,90_plus_possible_eye_biometrics_near_certain,eye_source; validity_gate; pose_vector; active_gaze_retrieval; possible_biometrics,strong_eye_source_hits_2; validity_or_gating_hits_3; strong_pose_or_ray_construction_hits_2; active_gaze_state_retrieval_with_validity_and_pose; possible_biometric_feature_from_active_eye_context; functionality_gaze_retrieval_or_extraction; functionality_possible_biometrics_hits_2,base_scanner_score_137; module_bonus_validity_gate_8; module_bonus_pose_vector_10; keyword_support_eye_or_gaze_5_bonus_20,C:\realDesktop\manifest-evaluations\summer-26\ghidra-pipeline\il2cpp-files\TitansClinicFreeDemo\general-structure-results\90_plus_possible_eye_biometrics_near_certain\0202afdc_RealisticEyeMovements.EyeAndHeadAnimator$$GetLeftEyeDirection.c,C:\realDesktop\manifest-evaluations\summer-26\ghidra-pipeline\il2cpp-files\TitansClinicFreeDemo\manual-review-pack\A_must_review\099_p175_RealisticEyeMovements.EyeAndHeadAnimator$$GetLeftEyeDirection.c
100,175,A_must_review,OVRPermissionsRequester$$ShouldRequestPermission,01f77088,84,70_high_attempted_eye_tracking_permission_or_feature_high,weak_source_state; validity_gate; telemetry; attempted_use,weak_xr_or_state_hits_4; validity_or_gating_hits_4; telemetry_or_network_hits_4; attempted_eye_tracking_permission_or_feature_enable,base_scanner_score_84; module_bonus_validity_gate_8; module_bonus_telemetry_20; evidence_bonus_telemetry_or_network_hits_12; sensitive_sink_telemetry_bonus_15; keyword_support_eye_or_gaze_5_bonus_20; keyword_support_collection_or_telemetry_4_bonus_16,C:\realDesktop\manifest-evaluations\summer-26\ghidra-pipeline\il2cpp-files\TitansClinicFreeDemo\general-structure-results\70_high_attempted_eye_tracking_permission_or_feature_high\01f77088_OVRPermissionsRequester$$ShouldRequestPermission.c,C:\realDesktop\manifest-evaluations\summer-26\ghidra-pipeline\il2cpp-files\TitansClinicFreeDemo\manual-review-pack\A_must_review\100_p175_OVRPermissionsRequester$$ShouldRequestPermission.c
