rank,manual_priority_score,manual_tier,function_name,entry_point,scanner_score,scanner_label,modules,evidence,priority_reasons,file_path,copied_file
1,334,A_must_review,FUN_0675ec78,0675ec78,196,90_plus_uncertain_gaze_or_xr_structure_near_certain,eye_source; weak_source_state; validity_gate; pose_vector; paired_state_refs; telemetry; frame_behavior; structure_combo,strong_eye_source_hits_2; weak_xr_or_state_hits_2; validity_or_gating_hits_16; strong_pose_or_ray_construction_hits_4; paired_field_refs_with_eye_source; telemetry_or_network_hits_2; frame_or_lifecycle_behavior; source_validity_pose_sink_structure; strong_eye_source_validity_pose_sink_structure; functionality_gaze_retrieval_or_extraction; functionality_data_collection_or_telemetry_hits_2,base_scanner_score_196; module_bonus_validity_gate_8; module_bonus_pose_vector_10; module_bonus_paired_state_refs_8; module_bonus_telemetry_20; module_bonus_frame_behavior_5; module_bonus_structure_combo_18; evidence_bonus_telemetry_or_network_hits_12; sensitive_sink_telemetry_bonus_15; keyword_support_eye_or_gaze_5_bonus_20; keyword_support_sdk_2_bonus_6; keyword_support_collection_or_telemetry_4_bonus_16,C:\realDesktop\manifest-evaluations\summer-26\ghidra-pipeline\il2cpp-files\ZombiesMRFree\general-structure-results\90_plus_uncertain_gaze_or_xr_structure_near_certain\0675ec78_FUN_0675ec78.c,C:\realDesktop\manifest-evaluations\summer-26\ghidra-pipeline\il2cpp-files\ZombiesMRFree\manual-review-pack\A_must_review\001_p334_FUN_0675ec78.c
2,325,A_must_review,Unity.VisualScripting.TypeName$$ReplaceName,0675edec,187,90_plus_uncertain_gaze_or_xr_structure_near_certain,eye_source; weak_source_state; validity_gate; pose_vector; paired_state_refs; telemetry; frame_behavior; structure_combo,strong_eye_source_hits_2; weak_xr_or_state_hits_2; validity_or_gating_hits_16; strong_pose_or_ray_construction_hits_3; paired_field_refs_with_eye_source; telemetry_or_network_hits_1; frame_or_lifecycle_behavior; source_validity_pose_sink_structure; strong_eye_source_validity_pose_sink_structure; functionality_gaze_retrieval_or_extraction; functionality_data_collection_or_telemetry_hits_1,base_scanner_score_187; module_bonus_validity_gate_8; module_bonus_pose_vector_10; module_bonus_paired_state_refs_8; module_bonus_telemetry_20; module_bonus_frame_behavior_5; module_bonus_structure_combo_18; evidence_bonus_telemetry_or_network_hits_12; sensitive_sink_telemetry_bonus_15; keyword_support_eye_or_gaze_5_bonus_20; keyword_support_sdk_2_bonus_6; keyword_support_collection_or_telemetry_4_bonus_16,C:\realDesktop\manifest-evaluations\summer-26\ghidra-pipeline\il2cpp-files\ZombiesMRFree\general-structure-results\90_plus_uncertain_gaze_or_xr_structure_near_certain\0675edec_Unity.VisualScripting.TypeName$$ReplaceName.c,C:\realDesktop\manifest-evaluations\summer-26\ghidra-pipeline\il2cpp-files\ZombiesMRFree\manual-review-pack\A_must_review\002_p325_Unity.VisualScripting.TypeName$$ReplaceName.c
3,323,A_must_review,System.Array$$InternalArray__ICollection_CopyTo<OVRPlugin.EyeGazeState>,037c9014,246,90_plus_confirmed_gaze_interaction_near_certain,eye_source; weak_source_state; validity_gate; pose_vector; ray_interaction; structure_combo; attempted_use; active_gaze_retrieval; active_gaze_interaction,strong_eye_source_hits_4; weak_xr_or_state_hits_2; validity_or_gating_hits_21; strong_pose_or_ray_construction_hits_2; ray_or_cast_sink_hits_4; source_validity_pose_sink_structure; strong_eye_source_validity_pose_sink_structure; attempted_eye_tracking_permission_or_feature_enable; active_gaze_state_retrieval_with_validity_and_pose; active_gaze_values_flow_to_interaction_sink; functionality_gaze_retrieval_or_extraction; functionality_gaze_interaction_hits_4,base_scanner_score_246; module_bonus_validity_gate_8; module_bonus_pose_vector_10; module_bonus_ray_interaction_15; module_bonus_structure_combo_18; keyword_support_eye_or_gaze_5_bonus_20; keyword_support_sdk_2_bonus_6,C:\realDesktop\manifest-evaluations\summer-26\ghidra-pipeline\il2cpp-files\ZombiesMRFree\general-structure-results\90_plus_confirmed_gaze_interaction_near_certain\037c9014_System.Array$$InternalArray__ICollection_CopyTo_OVRPlugin.EyeGazeState_.c,C:\realDesktop\manifest-evaluations\summer-26\ghidra-pipeline\il2cpp-files\ZombiesMRFree\manual-review-pack\A_must_review\003_p323_System.Array$$InternalArray__ICollection_CopyTo_OVRPlugin.EyeGazeState_.c
4,304,A_must_review,System.Array.EmptyInternalEnumerator<OVRPassthroughLayer.SerializedSurfaceGeometry>$$Dispose,053ae480,182,90_plus_framework_support_only_near_certain,eye_source; weak_source_state; validity_gate; pose_vector; paired_state_refs; telemetry; structure_combo,strong_eye_source_hits_1; weak_xr_or_state_hits_1; validity_or_gating_hits_16; strong_pose_or_ray_construction_hits_4; paired_field_refs_with_eye_source; telemetry_or_network_hits_2; source_validity_pose_sink_structure; strong_eye_source_validity_pose_sink_structure; functionality_eye_api_context_without_clear_sink_hits_1,base_scanner_score_182; module_bonus_validity_gate_8; module_bonus_pose_vector_10; module_bonus_paired_state_refs_8; module_bonus_telemetry_20; module_bonus_structure_combo_18; evidence_bonus_telemetry_or_network_hits_12; sensitive_sink_telemetry_bonus_15; keyword_support_eye_or_gaze_5_bonus_20; keyword_support_sdk_1_bonus_3; keyword_support_collection_or_telemetry_2_bonus_8,C:\realDesktop\manifest-evaluations\summer-26\ghidra-pipeline\il2cpp-files\ZombiesMRFree\general-structure-results\90_plus_framework_support_only_near_certain\053ae480_System.Array.EmptyInternalEnumerator_OVRPassthroughLayer.SerializedSurfaceGeometry_$$Dispose.c,C:\realDesktop\manifest-evaluations\summer-26\ghidra-pipeline\il2cpp-files\ZombiesMRFree\manual-review-pack\A_must_review\004_p304_System.Array.EmptyInternalEnumerator_OVRPassthroughLayer.SerializedSurfaceGeometry_$$Dispose.c
5,300,A_must_review,Unity.VisualScripting.LooseAssemblyNameConverter$$TrySerialize,06760940,178,90_plus_uncertain_eye_setup_near_certain,eye_source; weak_source_state; validity_gate; pose_vector; paired_state_refs; telemetry; structure_combo,strong_eye_source_hits_1; weak_xr_or_state_hits_1; validity_or_gating_hits_21; strong_pose_or_ray_construction_hits_3; paired_field_refs_with_eye_source; telemetry_or_network_hits_2; source_validity_pose_sink_structure; strong_eye_source_validity_pose_sink_structure; functionality_eye_api_context_without_clear_sink_hits_1,base_scanner_score_178; module_bonus_validity_gate_8; module_bonus_pose_vector_10; module_bonus_paired_state_refs_8; module_bonus_telemetry_20; module_bonus_structure_combo_18; evidence_bonus_telemetry_or_network_hits_12; sensitive_sink_telemetry_bonus_15; keyword_support_eye_or_gaze_5_bonus_20; keyword_support_sdk_1_bonus_3; keyword_support_collection_or_telemetry_2_bonus_8,C:\realDesktop\manifest-evaluations\summer-26\ghidra-pipeline\il2cpp-files\ZombiesMRFree\general-structure-results\90_plus_uncertain_eye_setup_near_certain\06760940_Unity.VisualScripting.LooseAssemblyNameConverter$$TrySerialize.c,C:\realDesktop\manifest-evaluations\summer-26\ghidra-pipeline\il2cpp-files\ZombiesMRFree\manual-review-pack\A_must_review\005_p300_Unity.VisualScripting.LooseAssemblyNameConverter$$TrySerialize.c
6,300,A_must_review,Unity.VisualScripting.LooseAssemblyNameConverter$$TryDeserialize,06760a2c,178,90_plus_uncertain_eye_setup_near_certain,eye_source; weak_source_state; validity_gate; pose_vector; paired_state_refs; telemetry; structure_combo,strong_eye_source_hits_1; weak_xr_or_state_hits_1; validity_or_gating_hits_21; strong_pose_or_ray_construction_hits_3; paired_field_refs_with_eye_source; telemetry_or_network_hits_2; source_validity_pose_sink_structure; strong_eye_source_validity_pose_sink_structure; functionality_eye_api_context_without_clear_sink_hits_1,base_scanner_score_178; module_bonus_validity_gate_8; module_bonus_pose_vector_10; module_bonus_paired_state_refs_8; module_bonus_telemetry_20; module_bonus_structure_combo_18; evidence_bonus_telemetry_or_network_hits_12; sensitive_sink_telemetry_bonus_15; keyword_support_eye_or_gaze_5_bonus_20; keyword_support_sdk_1_bonus_3; keyword_support_collection_or_telemetry_2_bonus_8,C:\realDesktop\manifest-evaluations\summer-26\ghidra-pipeline\il2cpp-files\ZombiesMRFree\general-structure-results\90_plus_uncertain_eye_setup_near_certain\06760a2c_Unity.VisualScripting.LooseAssemblyNameConverter$$TryDeserialize.c,C:\realDesktop\manifest-evaluations\summer-26\ghidra-pipeline\il2cpp-files\ZombiesMRFree\manual-review-pack\A_must_review\006_p300_Unity.VisualScripting.LooseAssemblyNameConverter$$TryDeserialize.c
7,299,A_must_review,FUN_066cb090,066cb090,167,90_plus_uncertain_gaze_or_xr_structure_near_certain,eye_source; weak_source_state; validity_gate; paired_state_refs; ray_interaction; ui_interaction; telemetry,strong_eye_source_hits_2; weak_xr_or_state_hits_21; validity_or_gating_hits_21; paired_field_refs_with_eye_source; ray_or_cast_sink_hits_14; ui_or_gameplay_sink_hits_10; telemetry_or_network_hits_10; functionality_permission_setup; functionality_data_collection_or_telemetry_hits_9,base_scanner_score_167; module_bonus_validity_gate_8; module_bonus_paired_state_refs_8; module_bonus_ray_interaction_15; module_bonus_ui_interaction_12; module_bonus_telemetry_20; evidence_bonus_telemetry_or_network_hits_12; sensitive_sink_telemetry_bonus_15; keyword_support_eye_or_gaze_5_bonus_20; keyword_support_sdk_2_bonus_6; keyword_support_collection_or_telemetry_4_bonus_16,C:\realDesktop\manifest-evaluations\summer-26\ghidra-pipeline\il2cpp-files\ZombiesMRFree\general-structure-results\90_plus_uncertain_gaze_or_xr_structure_near_certain\066cb090_FUN_066cb090.c,C:\realDesktop\manifest-evaluations\summer-26\ghidra-pipeline\il2cpp-files\ZombiesMRFree\manual-review-pack\A_must_review\007_p299_FUN_066cb090.c
8,296,A_must_review,System.Array.EmptyInternalEnumerator<OVRPassthroughLayer.SerializedSurfaceGeometry>$$get_Current,053ae48c,174,90_plus_framework_support_only_near_certain,eye_source; weak_source_state; validity_gate; pose_vector; paired_state_refs; telemetry; structure_combo,strong_eye_source_hits_1; weak_xr_or_state_hits_1; validity_or_gating_hits_16; strong_pose_or_ray_construction_hits_2; paired_field_refs_with_eye_source; telemetry_or_network_hits_2; source_validity_pose_sink_structure; strong_eye_source_validity_pose_sink_structure; functionality_eye_api_context_without_clear_sink_hits_1,base_scanner_score_174; module_bonus_validity_gate_8; module_bonus_pose_vector_10; module_bonus_paired_state_refs_8; module_bonus_telemetry_20; module_bonus_structure_combo_18; evidence_bonus_telemetry_or_network_hits_12; sensitive_sink_telemetry_bonus_15; keyword_support_eye_or_gaze_5_bonus_20; keyword_support_sdk_1_bonus_3; keyword_support_collection_or_telemetry_2_bonus_8,C:\realDesktop\manifest-evaluations\summer-26\ghidra-pipeline\il2cpp-files\ZombiesMRFree\general-structure-results\90_plus_framework_support_only_near_certain\053ae48c_System.Array.EmptyInternalEnumerator_OVRPassthroughLayer.SerializedSurfaceGeometry_$$get_Current.c,C:\realDesktop\manifest-evaluations\summer-26\ghidra-pipeline\il2cpp-files\ZombiesMRFree\manual-review-pack\A_must_review\008_p296_System.Array.EmptyInternalEnumerator_OVRPassthroughLayer.SerializedSurfaceGeometry_$$get_Current.c
9,296,A_must_review,System.Array.EmptyInternalEnumerator<OVRPassthroughLayer.SerializedSurfaceGeometry>$$System.Collections.IEnumerator.get_Current,053ae4d4,174,90_plus_framework_support_only_near_certain,eye_source; weak_source_state; validity_gate; pose_vector; paired_state_refs; telemetry; structure_combo,strong_eye_source_hits_1; weak_xr_or_state_hits_1; validity_or_gating_hits_9; strong_pose_or_ray_construction_hits_2; paired_field_refs_with_eye_source; telemetry_or_network_hits_2; source_validity_pose_sink_structure; strong_eye_source_validity_pose_sink_structure; functionality_eye_api_context_without_clear_sink_hits_1,base_scanner_score_174; module_bonus_validity_gate_8; module_bonus_pose_vector_10; module_bonus_paired_state_refs_8; module_bonus_telemetry_20; module_bonus_structure_combo_18; evidence_bonus_telemetry_or_network_hits_12; sensitive_sink_telemetry_bonus_15; keyword_support_eye_or_gaze_5_bonus_20; keyword_support_sdk_1_bonus_3; keyword_support_collection_or_telemetry_2_bonus_8,C:\realDesktop\manifest-evaluations\summer-26\ghidra-pipeline\il2cpp-files\ZombiesMRFree\general-structure-results\90_plus_framework_support_only_near_certain\053ae4d4_System.Array.EmptyInternalEnumerator_OVRPassthroughLayer.SerializedSurfaceGeometry_$$System.Collections.IEnumerator.get_Current.c,C:\realDesktop\manifest-evaluations\summer-26\ghidra-pipeline\il2cpp-files\ZombiesMRFree\manual-review-pack\A_must_review\009_p296_System.Array.EmptyInternalEnumerator_OVRPassthroughLayer.SerializedSurfaceGeometry_$$System.Collections.IEnumerator.get_Current.c
10,296,A_must_review,System.Array.EmptyInternalEnumerator<OVRPassthroughLayer.SerializedSurfaceGeometry>$$System.Collections.IEnumerator.Reset,053ae4e8,174,90_plus_framework_support_only_near_certain,eye_source; weak_source_state; validity_gate; pose_vector; paired_state_refs; telemetry; structure_combo,strong_eye_source_hits_1; weak_xr_or_state_hits_1; validity_or_gating_hits_7; strong_pose_or_ray_construction_hits_2; paired_field_refs_with_eye_source; telemetry_or_network_hits_2; source_validity_pose_sink_structure; strong_eye_source_validity_pose_sink_structure; functionality_eye_api_context_without_clear_sink_hits_1,base_scanner_score_174; module_bonus_validity_gate_8; module_bonus_pose_vector_10; module_bonus_paired_state_refs_8; module_bonus_telemetry_20; module_bonus_structure_combo_18; evidence_bonus_telemetry_or_network_hits_12; sensitive_sink_telemetry_bonus_15; keyword_support_eye_or_gaze_5_bonus_20; keyword_support_sdk_1_bonus_3; keyword_support_collection_or_telemetry_2_bonus_8,C:\realDesktop\manifest-evaluations\summer-26\ghidra-pipeline\il2cpp-files\ZombiesMRFree\general-structure-results\90_plus_framework_support_only_near_certain\053ae4e8_System.Array.EmptyInternalEnumerator_OVRPassthroughLayer.SerializedSurfaceGeometry_$$System.Collections.IEnumerator.Reset.c,C:\realDesktop\manifest-evaluations\summer-26\ghidra-pipeline\il2cpp-files\ZombiesMRFree\manual-review-pack\A_must_review\010_p296_System.Array.EmptyInternalEnumerator_OVRPassthroughLayer.SerializedSurfaceGeometry_$$System.Collections.IEnumerator.Reset.c
11,296,A_must_review,System.Array.EmptyInternalEnumerator<OVRPassthroughLayer.SerializedSurfaceGeometry>$$MoveNext,053ae484,174,90_plus_framework_support_only_near_certain,eye_source; weak_source_state; validity_gate; pose_vector; paired_state_refs; telemetry; structure_combo,strong_eye_source_hits_1; weak_xr_or_state_hits_1; validity_or_gating_hits_16; strong_pose_or_ray_construction_hits_2; paired_field_refs_with_eye_source; telemetry_or_network_hits_2; source_validity_pose_sink_structure; strong_eye_source_validity_pose_sink_structure; functionality_eye_api_context_without_clear_sink_hits_1,base_scanner_score_174; module_bonus_validity_gate_8; module_bonus_pose_vector_10; module_bonus_paired_state_refs_8; module_bonus_telemetry_20; module_bonus_structure_combo_18; evidence_bonus_telemetry_or_network_hits_12; sensitive_sink_telemetry_bonus_15; keyword_support_eye_or_gaze_5_bonus_20; keyword_support_sdk_1_bonus_3; keyword_support_collection_or_telemetry_2_bonus_8,C:\realDesktop\manifest-evaluations\summer-26\ghidra-pipeline\il2cpp-files\ZombiesMRFree\general-structure-results\90_plus_framework_support_only_near_certain\053ae484_System.Array.EmptyInternalEnumerator_OVRPassthroughLayer.SerializedSurfaceGeometry_$$MoveNext.c,C:\realDesktop\manifest-evaluations\summer-26\ghidra-pipeline\il2cpp-files\ZombiesMRFree\manual-review-pack\A_must_review\011_p296_System.Array.EmptyInternalEnumerator_OVRPassthroughLayer.SerializedSurfaceGeometry_$$MoveNext.c
12,296,A_must_review,System.Array.EmptyInternalEnumerator<OVRPassthroughLayer.SerializedSurfaceGeometry>$$.ctor,053ae4ec,174,90_plus_framework_support_only_near_certain,eye_source; weak_source_state; validity_gate; pose_vector; paired_state_refs; telemetry; structure_combo,strong_eye_source_hits_1; weak_xr_or_state_hits_1; validity_or_gating_hits_7; strong_pose_or_ray_construction_hits_2; paired_field_refs_with_eye_source; telemetry_or_network_hits_2; source_validity_pose_sink_structure; strong_eye_source_validity_pose_sink_structure; functionality_eye_api_context_without_clear_sink_hits_1,base_scanner_score_174; module_bonus_validity_gate_8; module_bonus_pose_vector_10; module_bonus_paired_state_refs_8; module_bonus_telemetry_20; module_bonus_structure_combo_18; evidence_bonus_telemetry_or_network_hits_12; sensitive_sink_telemetry_bonus_15; keyword_support_eye_or_gaze_5_bonus_20; keyword_support_sdk_1_bonus_3; keyword_support_collection_or_telemetry_2_bonus_8,C:\realDesktop\manifest-evaluations\summer-26\ghidra-pipeline\il2cpp-files\ZombiesMRFree\general-structure-results\90_plus_framework_support_only_near_certain\053ae4ec_System.Array.EmptyInternalEnumerator_OVRPassthroughLayer.SerializedSurfaceGeometry_$$.ctor.c,C:\realDesktop\manifest-evaluations\summer-26\ghidra-pipeline\il2cpp-files\ZombiesMRFree\manual-review-pack\A_must_review\012_p296_System.Array.EmptyInternalEnumerator_OVRPassthroughLayer.SerializedSurfaceGeometry_$$.ctor.c
13,296,A_must_review,System.Array.EmptyInternalEnumerator<OVRPassthroughLayer.SerializedSurfaceGeometry>$$.cctor,053ae4f4,174,90_plus_framework_support_only_near_certain,eye_source; weak_source_state; validity_gate; pose_vector; paired_state_refs; telemetry; structure_combo,strong_eye_source_hits_1; weak_xr_or_state_hits_1; validity_or_gating_hits_7; strong_pose_or_ray_construction_hits_2; paired_field_refs_with_eye_source; telemetry_or_network_hits_2; source_validity_pose_sink_structure; strong_eye_source_validity_pose_sink_structure; functionality_eye_api_context_without_clear_sink_hits_1,base_scanner_score_174; module_bonus_validity_gate_8; module_bonus_pose_vector_10; module_bonus_paired_state_refs_8; module_bonus_telemetry_20; module_bonus_structure_combo_18; evidence_bonus_telemetry_or_network_hits_12; sensitive_sink_telemetry_bonus_15; keyword_support_eye_or_gaze_5_bonus_20; keyword_support_sdk_1_bonus_3; keyword_support_collection_or_telemetry_2_bonus_8,C:\realDesktop\manifest-evaluations\summer-26\ghidra-pipeline\il2cpp-files\ZombiesMRFree\general-structure-results\90_plus_framework_support_only_near_certain\053ae4f4_System.Array.EmptyInternalEnumerator_OVRPassthroughLayer.SerializedSurfaceGeometry_$$.cctor.c,C:\realDesktop\manifest-evaluations\summer-26\ghidra-pipeline\il2cpp-files\ZombiesMRFree\manual-review-pack\A_must_review\013_p296_System.Array.EmptyInternalEnumerator_OVRPassthroughLayer.SerializedSurfaceGeometry_$$.cctor.c
14,290,A_must_review,Unity.VisualScripting.TypeName$$ToElementTypeName,0675f020,163,90_plus_uncertain_gaze_or_xr_structure_near_certain,eye_source; weak_source_state; validity_gate; pose_vector; telemetry; frame_behavior; structure_combo,strong_eye_source_hits_1; weak_xr_or_state_hits_1; validity_or_gating_hits_11; strong_pose_or_ray_construction_hits_2; telemetry_or_network_hits_1; frame_or_lifecycle_behavior; source_validity_pose_sink_structure; strong_eye_source_validity_pose_sink_structure; functionality_gaze_retrieval_or_extraction; functionality_data_collection_or_telemetry_hits_1,base_scanner_score_163; module_bonus_validity_gate_8; module_bonus_pose_vector_10; module_bonus_telemetry_20; module_bonus_frame_behavior_5; module_bonus_structure_combo_18; evidence_bonus_telemetry_or_network_hits_12; sensitive_sink_telemetry_bonus_15; keyword_support_eye_or_gaze_5_bonus_20; keyword_support_sdk_1_bonus_3; keyword_support_collection_or_telemetry_4_bonus_16,C:\realDesktop\manifest-evaluations\summer-26\ghidra-pipeline\il2cpp-files\ZombiesMRFree\general-structure-results\90_plus_uncertain_gaze_or_xr_structure_near_certain\0675f020_Unity.VisualScripting.TypeName$$ToElementTypeName.c,C:\realDesktop\manifest-evaluations\summer-26\ghidra-pipeline\il2cpp-files\ZombiesMRFree\manual-review-pack\A_must_review\014_p290_Unity.VisualScripting.TypeName$$ToElementTypeName.c
15,290,A_must_review,Unity.VisualScripting.TypeName$$ToArrayOrType,0675f0b8,163,90_plus_uncertain_gaze_or_xr_structure_near_certain,eye_source; weak_source_state; validity_gate; pose_vector; telemetry; frame_behavior; structure_combo,strong_eye_source_hits_1; weak_xr_or_state_hits_1; validity_or_gating_hits_7; strong_pose_or_ray_construction_hits_2; telemetry_or_network_hits_1; frame_or_lifecycle_behavior; source_validity_pose_sink_structure; strong_eye_source_validity_pose_sink_structure; functionality_gaze_retrieval_or_extraction; functionality_data_collection_or_telemetry_hits_1,base_scanner_score_163; module_bonus_validity_gate_8; module_bonus_pose_vector_10; module_bonus_telemetry_20; module_bonus_frame_behavior_5; module_bonus_structure_combo_18; evidence_bonus_telemetry_or_network_hits_12; sensitive_sink_telemetry_bonus_15; keyword_support_eye_or_gaze_5_bonus_20; keyword_support_sdk_1_bonus_3; keyword_support_collection_or_telemetry_4_bonus_16,C:\realDesktop\manifest-evaluations\summer-26\ghidra-pipeline\il2cpp-files\ZombiesMRFree\general-structure-results\90_plus_uncertain_gaze_or_xr_structure_near_certain\0675f0b8_Unity.VisualScripting.TypeName$$ToArrayOrType.c,C:\realDesktop\manifest-evaluations\summer-26\ghidra-pipeline\il2cpp-files\ZombiesMRFree\manual-review-pack\A_must_review\015_p290_Unity.VisualScripting.TypeName$$ToArrayOrType.c
16,290,A_must_review,Unity.VisualScripting.TypeName$$SetAssemblyName,0675f134,163,90_plus_uncertain_gaze_or_xr_structure_near_certain,eye_source; weak_source_state; validity_gate; pose_vector; telemetry; frame_behavior; structure_combo,strong_eye_source_hits_1; weak_xr_or_state_hits_1; validity_or_gating_hits_6; strong_pose_or_ray_construction_hits_2; telemetry_or_network_hits_1; frame_or_lifecycle_behavior; source_validity_pose_sink_structure; strong_eye_source_validity_pose_sink_structure; functionality_gaze_retrieval_or_extraction; functionality_data_collection_or_telemetry_hits_1,base_scanner_score_163; module_bonus_validity_gate_8; module_bonus_pose_vector_10; module_bonus_telemetry_20; module_bonus_frame_behavior_5; module_bonus_structure_combo_18; evidence_bonus_telemetry_or_network_hits_12; sensitive_sink_telemetry_bonus_15; keyword_support_eye_or_gaze_5_bonus_20; keyword_support_sdk_1_bonus_3; keyword_support_collection_or_telemetry_4_bonus_16,C:\realDesktop\manifest-evaluations\summer-26\ghidra-pipeline\il2cpp-files\ZombiesMRFree\general-structure-results\90_plus_uncertain_gaze_or_xr_structure_near_certain\0675f134_Unity.VisualScripting.TypeName$$SetAssemblyName.c,C:\realDesktop\manifest-evaluations\summer-26\ghidra-pipeline\il2cpp-files\ZombiesMRFree\manual-review-pack\A_must_review\016_p290_Unity.VisualScripting.TypeName$$SetAssemblyName.c
17,286,A_must_review,Unity.VisualScripting.TypeName.<>c$$.cctor,0675f5f4,159,90_plus_uncertain_gaze_or_xr_structure_near_certain,eye_source; weak_source_state; validity_gate; pose_vector; telemetry; frame_behavior; structure_combo,strong_eye_source_hits_1; weak_xr_or_state_hits_1; validity_or_gating_hits_6; strong_pose_or_ray_construction_hits_1; telemetry_or_network_hits_1; frame_or_lifecycle_behavior; source_validity_pose_sink_structure; strong_eye_source_validity_pose_sink_structure; functionality_data_collection_or_telemetry_hits_1,base_scanner_score_159; module_bonus_validity_gate_8; module_bonus_pose_vector_10; module_bonus_telemetry_20; module_bonus_frame_behavior_5; module_bonus_structure_combo_18; evidence_bonus_telemetry_or_network_hits_12; sensitive_sink_telemetry_bonus_15; keyword_support_eye_or_gaze_5_bonus_20; keyword_support_sdk_1_bonus_3; keyword_support_collection_or_telemetry_4_bonus_16,C:\realDesktop\manifest-evaluations\summer-26\ghidra-pipeline\il2cpp-files\ZombiesMRFree\general-structure-results\90_plus_uncertain_gaze_or_xr_structure_near_certain\0675f5f4_Unity.VisualScripting.TypeName._c$$.cctor.c,C:\realDesktop\manifest-evaluations\summer-26\ghidra-pipeline\il2cpp-files\ZombiesMRFree\manual-review-pack\A_must_review\017_p286_Unity.VisualScripting.TypeName._c$$.cctor.c
18,286,A_must_review,Unity.VisualScripting.TypeName$$ToString,0675f2b8,159,90_plus_uncertain_gaze_or_xr_structure_near_certain,eye_source; weak_source_state; validity_gate; pose_vector; telemetry; frame_behavior; structure_combo,strong_eye_source_hits_1; weak_xr_or_state_hits_1; validity_or_gating_hits_4; strong_pose_or_ray_construction_hits_1; telemetry_or_network_hits_1; frame_or_lifecycle_behavior; source_validity_pose_sink_structure; strong_eye_source_validity_pose_sink_structure; functionality_data_collection_or_telemetry_hits_1,base_scanner_score_159; module_bonus_validity_gate_8; module_bonus_pose_vector_10; module_bonus_telemetry_20; module_bonus_frame_behavior_5; module_bonus_structure_combo_18; evidence_bonus_telemetry_or_network_hits_12; sensitive_sink_telemetry_bonus_15; keyword_support_eye_or_gaze_5_bonus_20; keyword_support_sdk_1_bonus_3; keyword_support_collection_or_telemetry_4_bonus_16,C:\realDesktop\manifest-evaluations\summer-26\ghidra-pipeline\il2cpp-files\ZombiesMRFree\general-structure-results\90_plus_uncertain_gaze_or_xr_structure_near_certain\0675f2b8_Unity.VisualScripting.TypeName$$ToString.c,C:\realDesktop\manifest-evaluations\summer-26\ghidra-pipeline\il2cpp-files\ZombiesMRFree\manual-review-pack\A_must_review\018_p286_Unity.VisualScripting.TypeName$$ToString.c
19,286,A_must_review,Unity.VisualScripting.TypeName$$ToString,0675f5e8,159,90_plus_uncertain_gaze_or_xr_structure_near_certain,eye_source; weak_source_state; validity_gate; pose_vector; telemetry; frame_behavior; structure_combo,strong_eye_source_hits_1; weak_xr_or_state_hits_1; validity_or_gating_hits_5; strong_pose_or_ray_construction_hits_1; telemetry_or_network_hits_1; frame_or_lifecycle_behavior; source_validity_pose_sink_structure; strong_eye_source_validity_pose_sink_structure; functionality_data_collection_or_telemetry_hits_1,base_scanner_score_159; module_bonus_validity_gate_8; module_bonus_pose_vector_10; module_bonus_telemetry_20; module_bonus_frame_behavior_5; module_bonus_structure_combo_18; evidence_bonus_telemetry_or_network_hits_12; sensitive_sink_telemetry_bonus_15; keyword_support_eye_or_gaze_5_bonus_20; keyword_support_sdk_1_bonus_3; keyword_support_collection_or_telemetry_4_bonus_16,C:\realDesktop\manifest-evaluations\summer-26\ghidra-pipeline\il2cpp-files\ZombiesMRFree\general-structure-results\90_plus_uncertain_gaze_or_xr_structure_near_certain\0675f5e8_Unity.VisualScripting.TypeName$$ToString.c,C:\realDesktop\manifest-evaluations\summer-26\ghidra-pipeline\il2cpp-files\ZombiesMRFree\manual-review-pack\A_must_review\019_p286_Unity.VisualScripting.TypeName$$ToString.c
20,286,A_must_review,Unity.VisualScripting.StringUtility$$ToHexString,0675f244,159,90_plus_uncertain_gaze_or_xr_structure_near_certain,eye_source; weak_source_state; validity_gate; pose_vector; telemetry; frame_behavior; structure_combo,strong_eye_source_hits_1; weak_xr_or_state_hits_1; validity_or_gating_hits_4; strong_pose_or_ray_construction_hits_1; telemetry_or_network_hits_1; frame_or_lifecycle_behavior; source_validity_pose_sink_structure; strong_eye_source_validity_pose_sink_structure; functionality_data_collection_or_telemetry_hits_1,base_scanner_score_159; module_bonus_validity_gate_8; module_bonus_pose_vector_10; module_bonus_telemetry_20; module_bonus_frame_behavior_5; module_bonus_structure_combo_18; evidence_bonus_telemetry_or_network_hits_12; sensitive_sink_telemetry_bonus_15; keyword_support_eye_or_gaze_5_bonus_20; keyword_support_sdk_1_bonus_3; keyword_support_collection_or_telemetry_4_bonus_16,C:\realDesktop\manifest-evaluations\summer-26\ghidra-pipeline\il2cpp-files\ZombiesMRFree\general-structure-results\90_plus_uncertain_gaze_or_xr_structure_near_certain\0675f244_Unity.VisualScripting.StringUtility$$ToHexString.c,C:\realDesktop\manifest-evaluations\summer-26\ghidra-pipeline\il2cpp-files\ZombiesMRFree\manual-review-pack\A_must_review\020_p286_Unity.VisualScripting.StringUtility$$ToHexString.c
21,279,A_must_review,TMPro.TextMeshPro$$add_OnPreRenderText,066cb144,147,90_plus_framework_support_only_near_certain,eye_source; weak_source_state; validity_gate; paired_state_refs; ray_interaction; ui_interaction; telemetry,strong_eye_source_hits_2; weak_xr_or_state_hits_21; validity_or_gating_hits_21; paired_field_refs_with_eye_source; ray_or_cast_sink_hits_13; ui_or_gameplay_sink_hits_7; telemetry_or_network_hits_8; negative_framework_support_context_without_confirmed_app_level_gaze_flow; functionality_permission_setup; functionality_data_collection_or_telemetry_hits_8,base_scanner_score_147; module_bonus_validity_gate_8; module_bonus_paired_state_refs_8; module_bonus_ray_interaction_15; module_bonus_ui_interaction_12; module_bonus_telemetry_20; evidence_bonus_telemetry_or_network_hits_12; sensitive_sink_telemetry_bonus_15; keyword_support_eye_or_gaze_5_bonus_20; keyword_support_sdk_2_bonus_6; keyword_support_collection_or_telemetry_4_bonus_16,C:\realDesktop\manifest-evaluations\summer-26\ghidra-pipeline\il2cpp-files\ZombiesMRFree\general-structure-results\90_plus_framework_support_only_near_certain\066cb144_TMPro.TextMeshPro$$add_OnPreRenderText.c,C:\realDesktop\manifest-evaluations\summer-26\ghidra-pipeline\il2cpp-files\ZombiesMRFree\manual-review-pack\A_must_review\021_p279_TMPro.TextMeshPro$$add_OnPreRenderText.c
22,265,A_must_review,FUN_0698802c,0698802c,145,90_plus_uncertain_gaze_or_xr_structure_near_certain,eye_source; weak_source_state; validity_gate; paired_state_refs; ray_interaction; telemetry,strong_eye_source_hits_2; weak_xr_or_state_hits_4; validity_or_gating_hits_16; paired_field_refs_with_eye_source; ray_or_cast_sink_hits_6; telemetry_or_network_hits_2; functionality_permission_setup; functionality_data_collection_or_telemetry_hits_2,base_scanner_score_145; module_bonus_validity_gate_8; module_bonus_paired_state_refs_8; module_bonus_ray_interaction_15; module_bonus_telemetry_20; evidence_bonus_telemetry_or_network_hits_12; sensitive_sink_telemetry_bonus_15; keyword_support_eye_or_gaze_5_bonus_20; keyword_support_sdk_2_bonus_6; keyword_support_collection_or_telemetry_4_bonus_16,C:\realDesktop\manifest-evaluations\summer-26\ghidra-pipeline\il2cpp-files\ZombiesMRFree\general-structure-results\90_plus_uncertain_gaze_or_xr_structure_near_certain\0698802c_FUN_0698802c.c,C:\realDesktop\manifest-evaluations\summer-26\ghidra-pipeline\il2cpp-files\ZombiesMRFree\manual-review-pack\A_must_review\022_p265_FUN_0698802c.c
23,257,A_must_review,FUN_066e57a0,066e57a0,143,90_plus_uncertain_gaze_interaction_near_certain,eye_source; weak_source_state; pose_vector; ui_interaction; telemetry; frame_behavior,strong_eye_source_hits_2; weak_xr_or_state_hits_4; strong_pose_or_ray_construction_hits_21; ui_or_gameplay_sink_hits_14; telemetry_or_network_hits_4; frame_or_lifecycle_behavior; functionality_gaze_interaction_hits_14,base_scanner_score_143; module_bonus_pose_vector_10; module_bonus_ui_interaction_12; module_bonus_telemetry_20; module_bonus_frame_behavior_5; evidence_bonus_telemetry_or_network_hits_12; sensitive_sink_telemetry_bonus_15; keyword_support_eye_or_gaze_5_bonus_20; keyword_support_sdk_4_bonus_12; keyword_support_collection_or_telemetry_2_bonus_8,C:\realDesktop\manifest-evaluations\summer-26\ghidra-pipeline\il2cpp-files\ZombiesMRFree\general-structure-results\90_plus_uncertain_gaze_interaction_near_certain\066e57a0_FUN_066e57a0.c,C:\realDesktop\manifest-evaluations\summer-26\ghidra-pipeline\il2cpp-files\ZombiesMRFree\manual-review-pack\A_must_review\023_p257_FUN_066e57a0.c
24,252,A_must_review,TMPro.TextMeshPro$$UpdateVertexData,066cb464,130,90_plus_framework_support_only_near_certain,eye_source; weak_source_state; validity_gate; paired_state_refs; ray_interaction; telemetry; frame_behavior,strong_eye_source_hits_1; weak_xr_or_state_hits_21; validity_or_gating_hits_21; paired_field_refs_with_eye_source; ray_or_cast_sink_hits_10; telemetry_or_network_hits_8; frame_or_lifecycle_behavior; negative_framework_support_context_without_confirmed_app_level_gaze_flow; functionality_permission_setup; functionality_data_collection_or_telemetry_hits_8,base_scanner_score_130; module_bonus_validity_gate_8; module_bonus_paired_state_refs_8; module_bonus_ray_interaction_15; module_bonus_telemetry_20; module_bonus_frame_behavior_5; evidence_bonus_telemetry_or_network_hits_12; sensitive_sink_telemetry_bonus_15; keyword_support_eye_or_gaze_5_bonus_20; keyword_support_sdk_1_bonus_3; keyword_support_collection_or_telemetry_4_bonus_16,C:\realDesktop\manifest-evaluations\summer-26\ghidra-pipeline\il2cpp-files\ZombiesMRFree\general-structure-results\90_plus_framework_support_only_near_certain\066cb464_TMPro.TextMeshPro$$UpdateVertexData.c,C:\realDesktop\manifest-evaluations\summer-26\ghidra-pipeline\il2cpp-files\ZombiesMRFree\manual-review-pack\A_must_review\024_p252_TMPro.TextMeshPro$$UpdateVertexData.c
25,252,A_must_review,TMPro.TextMeshPro$$UpdateFontAsset,066cb634,130,90_plus_framework_support_only_near_certain,eye_source; weak_source_state; validity_gate; paired_state_refs; ray_interaction; telemetry; frame_behavior,strong_eye_source_hits_1; weak_xr_or_state_hits_20; validity_or_gating_hits_21; paired_field_refs_with_eye_source; ray_or_cast_sink_hits_10; telemetry_or_network_hits_8; frame_or_lifecycle_behavior; negative_framework_support_context_without_confirmed_app_level_gaze_flow; functionality_permission_setup; functionality_data_collection_or_telemetry_hits_8,base_scanner_score_130; module_bonus_validity_gate_8; module_bonus_paired_state_refs_8; module_bonus_ray_interaction_15; module_bonus_telemetry_20; module_bonus_frame_behavior_5; evidence_bonus_telemetry_or_network_hits_12; sensitive_sink_telemetry_bonus_15; keyword_support_eye_or_gaze_5_bonus_20; keyword_support_sdk_1_bonus_3; keyword_support_collection_or_telemetry_4_bonus_16,C:\realDesktop\manifest-evaluations\summer-26\ghidra-pipeline\il2cpp-files\ZombiesMRFree\general-structure-results\90_plus_framework_support_only_near_certain\066cb634_TMPro.TextMeshPro$$UpdateFontAsset.c,C:\realDesktop\manifest-evaluations\summer-26\ghidra-pipeline\il2cpp-files\ZombiesMRFree\manual-review-pack\A_must_review\025_p252_TMPro.TextMeshPro$$UpdateFontAsset.c
26,252,A_must_review,TMPro.TextMeshPro$$OnEnable,066cba80,130,90_plus_framework_support_only_near_certain,eye_source; weak_source_state; validity_gate; paired_state_refs; ray_interaction; telemetry; frame_behavior,strong_eye_source_hits_1; weak_xr_or_state_hits_20; validity_or_gating_hits_21; paired_field_refs_with_eye_source; ray_or_cast_sink_hits_10; telemetry_or_network_hits_8; frame_or_lifecycle_behavior; negative_framework_support_context_without_confirmed_app_level_gaze_flow; functionality_permission_setup; functionality_data_collection_or_telemetry_hits_8,base_scanner_score_130; module_bonus_validity_gate_8; module_bonus_paired_state_refs_8; module_bonus_ray_interaction_15; module_bonus_telemetry_20; module_bonus_frame_behavior_5; evidence_bonus_telemetry_or_network_hits_12; sensitive_sink_telemetry_bonus_15; keyword_support_eye_or_gaze_5_bonus_20; keyword_support_sdk_1_bonus_3; keyword_support_collection_or_telemetry_4_bonus_16,C:\realDesktop\manifest-evaluations\summer-26\ghidra-pipeline\il2cpp-files\ZombiesMRFree\general-structure-results\90_plus_framework_support_only_near_certain\066cba80_TMPro.TextMeshPro$$OnEnable.c,C:\realDesktop\manifest-evaluations\summer-26\ghidra-pipeline\il2cpp-files\ZombiesMRFree\manual-review-pack\A_must_review\026_p252_TMPro.TextMeshPro$$OnEnable.c
27,251,A_must_review,UnityEngine.UIElements.IntegerField$$ApplyInputDeviceDelta,069880d8,125,90_plus_framework_support_only_near_certain,eye_source; weak_source_state; validity_gate; paired_state_refs; ray_interaction; telemetry,strong_eye_source_hits_2; weak_xr_or_state_hits_6; validity_or_gating_hits_16; paired_field_refs_with_eye_source; ray_or_cast_sink_hits_6; telemetry_or_network_hits_2; negative_framework_support_context_without_confirmed_app_level_gaze_flow; functionality_permission_setup; functionality_data_collection_or_telemetry_hits_2,base_scanner_score_125; module_bonus_validity_gate_8; module_bonus_paired_state_refs_8; module_bonus_ray_interaction_15; module_bonus_telemetry_20; evidence_bonus_telemetry_or_network_hits_12; sensitive_sink_telemetry_bonus_15; keyword_support_eye_or_gaze_5_bonus_20; keyword_support_sdk_4_bonus_12; keyword_support_collection_or_telemetry_4_bonus_16,C:\realDesktop\manifest-evaluations\summer-26\ghidra-pipeline\il2cpp-files\ZombiesMRFree\general-structure-results\90_plus_framework_support_only_near_certain\069880d8_UnityEngine.UIElements.IntegerField$$ApplyInputDeviceDelta.c,C:\realDesktop\manifest-evaluations\summer-26\ghidra-pipeline\il2cpp-files\ZombiesMRFree\manual-review-pack\A_must_review\027_p251_UnityEngine.UIElements.IntegerField$$ApplyInputDeviceDelta.c
28,245,A_must_review,UnityEngine.UIElements.IntegerField$$CanTryParse,069880b4,125,90_plus_framework_support_only_near_certain,eye_source; weak_source_state; validity_gate; paired_state_refs; ray_interaction; telemetry,strong_eye_source_hits_2; weak_xr_or_state_hits_4; validity_or_gating_hits_16; paired_field_refs_with_eye_source; ray_or_cast_sink_hits_6; telemetry_or_network_hits_2; negative_framework_support_context_without_confirmed_app_level_gaze_flow; functionality_permission_setup; functionality_data_collection_or_telemetry_hits_2,base_scanner_score_125; module_bonus_validity_gate_8; module_bonus_paired_state_refs_8; module_bonus_ray_interaction_15; module_bonus_telemetry_20; evidence_bonus_telemetry_or_network_hits_12; sensitive_sink_telemetry_bonus_15; keyword_support_eye_or_gaze_5_bonus_20; keyword_support_sdk_2_bonus_6; keyword_support_collection_or_telemetry_4_bonus_16,C:\realDesktop\manifest-evaluations\summer-26\ghidra-pipeline\il2cpp-files\ZombiesMRFree\general-structure-results\90_plus_framework_support_only_near_certain\069880b4_UnityEngine.UIElements.IntegerField$$CanTryParse.c,C:\realDesktop\manifest-evaluations\summer-26\ghidra-pipeline\il2cpp-files\ZombiesMRFree\manual-review-pack\A_must_review\028_p245_UnityEngine.UIElements.IntegerField$$CanTryParse.c
29,245,A_must_review,UnityEngine.UIElements.IntegerField$$.cctor,0698813c,125,90_plus_framework_support_only_near_certain,eye_source; weak_source_state; validity_gate; paired_state_refs; ray_interaction; telemetry,strong_eye_source_hits_2; weak_xr_or_state_hits_4; validity_or_gating_hits_16; paired_field_refs_with_eye_source; ray_or_cast_sink_hits_6; telemetry_or_network_hits_2; negative_framework_support_context_without_confirmed_app_level_gaze_flow; functionality_permission_setup; functionality_data_collection_or_telemetry_hits_2,base_scanner_score_125; module_bonus_validity_gate_8; module_bonus_paired_state_refs_8; module_bonus_ray_interaction_15; module_bonus_telemetry_20; evidence_bonus_telemetry_or_network_hits_12; sensitive_sink_telemetry_bonus_15; keyword_support_eye_or_gaze_5_bonus_20; keyword_support_sdk_2_bonus_6; keyword_support_collection_or_telemetry_4_bonus_16,C:\realDesktop\manifest-evaluations\summer-26\ghidra-pipeline\il2cpp-files\ZombiesMRFree\general-structure-results\90_plus_framework_support_only_near_certain\0698813c_UnityEngine.UIElements.IntegerField$$.cctor.c,C:\realDesktop\manifest-evaluations\summer-26\ghidra-pipeline\il2cpp-files\ZombiesMRFree\manual-review-pack\A_must_review\029_p245_UnityEngine.UIElements.IntegerField$$.cctor.c
30,241,A_must_review,TMPro.TextMeshPro$$OnDisable,066cbb7c,124,90_plus_framework_support_only_near_certain,eye_source; weak_source_state; validity_gate; paired_state_refs; ray_interaction; telemetry,strong_eye_source_hits_1; weak_xr_or_state_hits_20; validity_or_gating_hits_21; paired_field_refs_with_eye_source; ray_or_cast_sink_hits_10; telemetry_or_network_hits_8; negative_framework_support_context_without_confirmed_app_level_gaze_flow; functionality_permission_setup; functionality_data_collection_or_telemetry_hits_8,base_scanner_score_124; module_bonus_validity_gate_8; module_bonus_paired_state_refs_8; module_bonus_ray_interaction_15; module_bonus_telemetry_20; evidence_bonus_telemetry_or_network_hits_12; sensitive_sink_telemetry_bonus_15; keyword_support_eye_or_gaze_5_bonus_20; keyword_support_sdk_1_bonus_3; keyword_support_collection_or_telemetry_4_bonus_16,C:\realDesktop\manifest-evaluations\summer-26\ghidra-pipeline\il2cpp-files\ZombiesMRFree\general-structure-results\90_plus_framework_support_only_near_certain\066cbb7c_TMPro.TextMeshPro$$OnDisable.c,C:\realDesktop\manifest-evaluations\summer-26\ghidra-pipeline\il2cpp-files\ZombiesMRFree\manual-review-pack\A_must_review\030_p241_TMPro.TextMeshPro$$OnDisable.c
31,241,A_must_review,TMPro.TextMeshPro$$OnDestroy,066cbc28,124,90_plus_framework_support_only_near_certain,eye_source; weak_source_state; validity_gate; paired_state_refs; ray_interaction; telemetry,strong_eye_source_hits_1; weak_xr_or_state_hits_20; validity_or_gating_hits_21; paired_field_refs_with_eye_source; ray_or_cast_sink_hits_10; telemetry_or_network_hits_8; negative_framework_support_context_without_confirmed_app_level_gaze_flow; functionality_permission_setup; functionality_data_collection_or_telemetry_hits_8,base_scanner_score_124; module_bonus_validity_gate_8; module_bonus_paired_state_refs_8; module_bonus_ray_interaction_15; module_bonus_telemetry_20; evidence_bonus_telemetry_or_network_hits_12; sensitive_sink_telemetry_bonus_15; keyword_support_eye_or_gaze_5_bonus_20; keyword_support_sdk_1_bonus_3; keyword_support_collection_or_telemetry_4_bonus_16,C:\realDesktop\manifest-evaluations\summer-26\ghidra-pipeline\il2cpp-files\ZombiesMRFree\general-structure-results\90_plus_framework_support_only_near_certain\066cbc28_TMPro.TextMeshPro$$OnDestroy.c,C:\realDesktop\manifest-evaluations\summer-26\ghidra-pipeline\il2cpp-files\ZombiesMRFree\manual-review-pack\A_must_review\031_p241_TMPro.TextMeshPro$$OnDestroy.c
32,241,A_must_review,TMPro.TextMeshPro$$LoadFontAsset,066cbcf4,124,90_plus_framework_support_only_near_certain,eye_source; weak_source_state; validity_gate; paired_state_refs; ray_interaction; telemetry,strong_eye_source_hits_1; weak_xr_or_state_hits_20; validity_or_gating_hits_21; paired_field_refs_with_eye_source; ray_or_cast_sink_hits_10; telemetry_or_network_hits_8; negative_framework_support_context_without_confirmed_app_level_gaze_flow; functionality_permission_setup; functionality_data_collection_or_telemetry_hits_8,base_scanner_score_124; module_bonus_validity_gate_8; module_bonus_paired_state_refs_8; module_bonus_ray_interaction_15; module_bonus_telemetry_20; evidence_bonus_telemetry_or_network_hits_12; sensitive_sink_telemetry_bonus_15; keyword_support_eye_or_gaze_5_bonus_20; keyword_support_sdk_1_bonus_3; keyword_support_collection_or_telemetry_4_bonus_16,C:\realDesktop\manifest-evaluations\summer-26\ghidra-pipeline\il2cpp-files\ZombiesMRFree\general-structure-results\90_plus_framework_support_only_near_certain\066cbcf4_TMPro.TextMeshPro$$LoadFontAsset.c,C:\realDesktop\manifest-evaluations\summer-26\ghidra-pipeline\il2cpp-files\ZombiesMRFree\manual-review-pack\A_must_review\032_p241_TMPro.TextMeshPro$$LoadFontAsset.c
33,241,A_must_review,TMPro.TextMeshPro$$CalculateLayoutInputVertical,066cb648,124,90_plus_framework_support_only_near_certain,eye_source; weak_source_state; validity_gate; paired_state_refs; ray_interaction; telemetry,strong_eye_source_hits_1; weak_xr_or_state_hits_20; validity_or_gating_hits_21; paired_field_refs_with_eye_source; ray_or_cast_sink_hits_10; telemetry_or_network_hits_8; negative_framework_support_context_without_confirmed_app_level_gaze_flow; functionality_permission_setup; functionality_data_collection_or_telemetry_hits_8,base_scanner_score_124; module_bonus_validity_gate_8; module_bonus_paired_state_refs_8; module_bonus_ray_interaction_15; module_bonus_telemetry_20; evidence_bonus_telemetry_or_network_hits_12; sensitive_sink_telemetry_bonus_15; keyword_support_eye_or_gaze_5_bonus_20; keyword_support_sdk_1_bonus_3; keyword_support_collection_or_telemetry_4_bonus_16,C:\realDesktop\manifest-evaluations\summer-26\ghidra-pipeline\il2cpp-files\ZombiesMRFree\general-structure-results\90_plus_framework_support_only_near_certain\066cb648_TMPro.TextMeshPro$$CalculateLayoutInputVertical.c,C:\realDesktop\manifest-evaluations\summer-26\ghidra-pipeline\il2cpp-files\ZombiesMRFree\manual-review-pack\A_must_review\033_p241_TMPro.TextMeshPro$$CalculateLayoutInputVertical.c
34,241,A_must_review,TMPro.TextMeshPro$$CalculateLayoutInputHorizontal,066cb644,124,90_plus_framework_support_only_near_certain,eye_source; weak_source_state; validity_gate; paired_state_refs; ray_interaction; telemetry,strong_eye_source_hits_1; weak_xr_or_state_hits_20; validity_or_gating_hits_21; paired_field_refs_with_eye_source; ray_or_cast_sink_hits_10; telemetry_or_network_hits_8; negative_framework_support_context_without_confirmed_app_level_gaze_flow; functionality_permission_setup; functionality_data_collection_or_telemetry_hits_8,base_scanner_score_124; module_bonus_validity_gate_8; module_bonus_paired_state_refs_8; module_bonus_ray_interaction_15; module_bonus_telemetry_20; evidence_bonus_telemetry_or_network_hits_12; sensitive_sink_telemetry_bonus_15; keyword_support_eye_or_gaze_5_bonus_20; keyword_support_sdk_1_bonus_3; keyword_support_collection_or_telemetry_4_bonus_16,C:\realDesktop\manifest-evaluations\summer-26\ghidra-pipeline\il2cpp-files\ZombiesMRFree\general-structure-results\90_plus_framework_support_only_near_certain\066cb644_TMPro.TextMeshPro$$CalculateLayoutInputHorizontal.c,C:\realDesktop\manifest-evaluations\summer-26\ghidra-pipeline\il2cpp-files\ZombiesMRFree\manual-review-pack\A_must_review\034_p241_TMPro.TextMeshPro$$CalculateLayoutInputHorizontal.c
35,241,A_must_review,TMPro.TextMeshPro$$Awake,066cb64c,124,90_plus_framework_support_only_near_certain,eye_source; weak_source_state; validity_gate; paired_state_refs; ray_interaction; telemetry,strong_eye_source_hits_1; weak_xr_or_state_hits_20; validity_or_gating_hits_21; paired_field_refs_with_eye_source; ray_or_cast_sink_hits_10; telemetry_or_network_hits_8; negative_framework_support_context_without_confirmed_app_level_gaze_flow; functionality_permission_setup; functionality_data_collection_or_telemetry_hits_8,base_scanner_score_124; module_bonus_validity_gate_8; module_bonus_paired_state_refs_8; module_bonus_ray_interaction_15; module_bonus_telemetry_20; evidence_bonus_telemetry_or_network_hits_12; sensitive_sink_telemetry_bonus_15; keyword_support_eye_or_gaze_5_bonus_20; keyword_support_sdk_1_bonus_3; keyword_support_collection_or_telemetry_4_bonus_16,C:\realDesktop\manifest-evaluations\summer-26\ghidra-pipeline\il2cpp-files\ZombiesMRFree\general-structure-results\90_plus_framework_support_only_near_certain\066cb64c_TMPro.TextMeshPro$$Awake.c,C:\realDesktop\manifest-evaluations\summer-26\ghidra-pipeline\il2cpp-files\ZombiesMRFree\manual-review-pack\A_must_review\035_p241_TMPro.TextMeshPro$$Awake.c
36,239,A_must_review,OVRPlugin$$set_eyeTrackedFoveatedRenderingEnabled,05d1b07c,165,90_plus_attempted_dynamic_eye_tracked_foveation_near_certain,eye_source; weak_source_state; validity_gate; paired_state_refs; foveation_rendering; attempted_use; dynamic_foveation_possible,strong_eye_source_hits_6; weak_xr_or_state_hits_4; validity_or_gating_hits_5; paired_field_refs_with_eye_source; strong_foveation_hits_2; attempted_eye_tracking_permission_or_feature_enable; attempted_eye_tracking_with_foveated_rendering_path; functionality_foveated_rendering,base_scanner_score_165; module_bonus_validity_gate_8; module_bonus_paired_state_refs_8; module_bonus_foveation_rendering_20; sensitive_sink_foveation_bonus_12; keyword_support_eye_or_gaze_5_bonus_20; keyword_support_sdk_2_bonus_6,C:\realDesktop\manifest-evaluations\summer-26\ghidra-pipeline\il2cpp-files\ZombiesMRFree\general-structure-results\90_plus_attempted_dynamic_eye_tracked_foveation_near_certain\05d1b07c_OVRPlugin$$set_eyeTrackedFoveatedRenderingEnabled.c,C:\realDesktop\manifest-evaluations\summer-26\ghidra-pipeline\il2cpp-files\ZombiesMRFree\manual-review-pack\A_must_review\036_p239_OVRPlugin$$set_eyeTrackedFoveatedRenderingEnabled.c
37,239,A_must_review,System.Array$$InternalArray__ICollection_CopyTo<OVRPlugin.SpaceQueryResult>,037c9128,162,90_plus_framework_support_only_near_certain,eye_source; weak_source_state; validity_gate; pose_vector; ray_interaction; structure_combo,strong_eye_source_hits_2; weak_xr_or_state_hits_2; validity_or_gating_hits_21; strong_pose_or_ray_construction_hits_2; ray_or_cast_sink_hits_4; source_validity_pose_sink_structure; strong_eye_source_validity_pose_sink_structure; functionality_gaze_interaction_hits_4,base_scanner_score_162; module_bonus_validity_gate_8; module_bonus_pose_vector_10; module_bonus_ray_interaction_15; module_bonus_structure_combo_18; keyword_support_eye_or_gaze_5_bonus_20; keyword_support_sdk_2_bonus_6,C:\realDesktop\manifest-evaluations\summer-26\ghidra-pipeline\il2cpp-files\ZombiesMRFree\general-structure-results\90_plus_framework_support_only_near_certain\037c9128_System.Array$$InternalArray__ICollection_CopyTo_OVRPlugin.SpaceQueryResult_.c,C:\realDesktop\manifest-evaluations\summer-26\ghidra-pipeline\il2cpp-files\ZombiesMRFree\manual-review-pack\A_must_review\037_p239_System.Array$$InternalArray__ICollection_CopyTo_OVRPlugin.SpaceQueryResult_.c
38,239,A_must_review,System.Array$$InternalArray__ICollection_CopyTo<OVRPlugin.SpaceDiscoveryResult>,037c90cc,162,90_plus_framework_support_only_near_certain,eye_source; weak_source_state; validity_gate; pose_vector; ray_interaction; structure_combo,strong_eye_source_hits_2; weak_xr_or_state_hits_2; validity_or_gating_hits_21; strong_pose_or_ray_construction_hits_2; ray_or_cast_sink_hits_4; source_validity_pose_sink_structure; strong_eye_source_validity_pose_sink_structure; functionality_gaze_interaction_hits_4,base_scanner_score_162; module_bonus_validity_gate_8; module_bonus_pose_vector_10; module_bonus_ray_interaction_15; module_bonus_structure_combo_18; keyword_support_eye_or_gaze_5_bonus_20; keyword_support_sdk_2_bonus_6,C:\realDesktop\manifest-evaluations\summer-26\ghidra-pipeline\il2cpp-files\ZombiesMRFree\general-structure-results\90_plus_framework_support_only_near_certain\037c90cc_System.Array$$InternalArray__ICollection_CopyTo_OVRPlugin.SpaceDiscoveryResult_.c,C:\realDesktop\manifest-evaluations\summer-26\ghidra-pipeline\il2cpp-files\ZombiesMRFree\manual-review-pack\A_must_review\038_p239_System.Array$$InternalArray__ICollection_CopyTo_OVRPlugin.SpaceDiscoveryResult_.c
39,237,A_must_review,UnityEngine.UIElements.IntegerField.IntegerInput$$ApplyInputDeviceDelta,069883a0,114,90_plus_framework_support_only_near_certain,eye_source; weak_source_state; validity_gate; paired_state_refs; ray_interaction; telemetry,strong_eye_source_hits_1; weak_xr_or_state_hits_4; validity_or_gating_hits_14; paired_field_refs_with_eye_source; ray_or_cast_sink_hits_3; telemetry_or_network_hits_1; negative_framework_support_context_without_confirmed_app_level_gaze_flow; functionality_permission_setup; functionality_data_collection_or_telemetry_hits_1,base_scanner_score_114; module_bonus_validity_gate_8; module_bonus_paired_state_refs_8; module_bonus_ray_interaction_15; module_bonus_telemetry_20; evidence_bonus_telemetry_or_network_hits_12; sensitive_sink_telemetry_bonus_15; keyword_support_eye_or_gaze_5_bonus_20; keyword_support_sdk_3_bonus_9; keyword_support_collection_or_telemetry_4_bonus_16,C:\realDesktop\manifest-evaluations\summer-26\ghidra-pipeline\il2cpp-files\ZombiesMRFree\general-structure-results\90_plus_framework_support_only_near_certain\069883a0_UnityEngine.UIElements.IntegerField.IntegerInput$$ApplyInputDeviceDelta.c,C:\realDesktop\manifest-evaluations\summer-26\ghidra-pipeline\il2cpp-files\ZombiesMRFree\manual-review-pack\A_must_review\039_p237_UnityEngine.UIElements.IntegerField.IntegerInput$$ApplyInputDeviceDelta.c
40,237,A_must_review,FUN_065defb4,065defb4,89,70_high_likely_false_positive_high,validity_gate; ray_interaction; ui_interaction; data_collection; telemetry; frame_behavior,validity_or_gating_hits_17; ray_or_cast_sink_hits_2; ui_or_gameplay_sink_hits_6; strong_file_logging_hits_3; telemetry_or_network_hits_11; frame_or_lifecycle_behavior; cap_below_near_certain_without_eye_anchor_or_ordered_structure,base_scanner_score_89; module_bonus_validity_gate_8; module_bonus_ray_interaction_15; module_bonus_ui_interaction_12; module_bonus_data_collection_22; module_bonus_telemetry_20; module_bonus_frame_behavior_5; evidence_bonus_telemetry_or_network_hits_12; sensitive_sink_data_collection_bonus_15; sensitive_sink_telemetry_bonus_15; keyword_support_eye_or_gaze_2_bonus_8; keyword_support_collection_or_telemetry_4_bonus_16,C:\realDesktop\manifest-evaluations\summer-26\ghidra-pipeline\il2cpp-files\ZombiesMRFree\general-structure-results\70_high_likely_false_positive_high\065defb4_FUN_065defb4.c,C:\realDesktop\manifest-evaluations\summer-26\ghidra-pipeline\il2cpp-files\ZombiesMRFree\manual-review-pack\A_must_review\040_p237_FUN_065defb4.c
41,235,A_must_review,FUN_066dc920,066dc920,126,90_plus_uncertain_gaze_or_xr_structure_near_certain,eye_source; weak_source_state; validity_gate; ui_interaction; telemetry,strong_eye_source_hits_2; weak_xr_or_state_hits_2; validity_or_gating_hits_6; ui_or_gameplay_sink_hits_2; telemetry_or_network_hits_3; functionality_data_collection_or_telemetry_hits_3,base_scanner_score_126; module_bonus_validity_gate_8; module_bonus_ui_interaction_12; module_bonus_telemetry_20; evidence_bonus_telemetry_or_network_hits_12; sensitive_sink_telemetry_bonus_15; keyword_support_eye_or_gaze_5_bonus_20; keyword_support_sdk_2_bonus_6; keyword_support_collection_or_telemetry_4_bonus_16,C:\realDesktop\manifest-evaluations\summer-26\ghidra-pipeline\il2cpp-files\ZombiesMRFree\general-structure-results\90_plus_uncertain_gaze_or_xr_structure_near_certain\066dc920_FUN_066dc920.c,C:\realDesktop\manifest-evaluations\summer-26\ghidra-pipeline\il2cpp-files\ZombiesMRFree\manual-review-pack\A_must_review\041_p235_FUN_066dc920.c
42,233,A_must_review,Beautify.Universal.BeautifyRendererFeature.BeautifySharpenExclusionMaskPass$$.ctor,065f9340,156,90_plus_uncertain_gaze_interaction_near_certain,eye_source; weak_source_state; validity_gate; pose_vector; ui_interaction; structure_combo,strong_eye_source_hits_1; weak_xr_or_state_hits_4; validity_or_gating_hits_21; strong_pose_or_ray_construction_hits_6; ui_or_gameplay_sink_hits_2; source_validity_pose_sink_structure; strong_eye_source_validity_pose_sink_structure; functionality_gaze_retrieval_or_extraction; functionality_gaze_interaction_hits_2,base_scanner_score_156; module_bonus_validity_gate_8; module_bonus_pose_vector_10; module_bonus_ui_interaction_12; module_bonus_structure_combo_18; keyword_support_eye_or_gaze_5_bonus_20; keyword_support_sdk_3_bonus_9,C:\realDesktop\manifest-evaluations\summer-26\ghidra-pipeline\il2cpp-files\ZombiesMRFree\general-structure-results\90_plus_uncertain_gaze_interaction_near_certain\065f9340_Beautify.Universal.BeautifyRendererFeature.BeautifySharpenExclusionMaskPass$$.ctor.c,C:\realDesktop\manifest-evaluations\summer-26\ghidra-pipeline\il2cpp-files\ZombiesMRFree\manual-review-pack\A_must_review\042_p233_Beautify.Universal.BeautifyRendererFeature.BeautifySharpenExclusionMaskPass$$.ctor.c
43,233,A_must_review,Beautify.Universal.BeautifyRendererFeature.BeautifyRenderPass.PerCamData$$.ctor,065f9338,156,90_plus_uncertain_gaze_interaction_near_certain,eye_source; weak_source_state; validity_gate; pose_vector; ui_interaction; structure_combo,strong_eye_source_hits_1; weak_xr_or_state_hits_4; validity_or_gating_hits_21; strong_pose_or_ray_construction_hits_6; ui_or_gameplay_sink_hits_2; source_validity_pose_sink_structure; strong_eye_source_validity_pose_sink_structure; functionality_gaze_retrieval_or_extraction; functionality_gaze_interaction_hits_2,base_scanner_score_156; module_bonus_validity_gate_8; module_bonus_pose_vector_10; module_bonus_ui_interaction_12; module_bonus_structure_combo_18; keyword_support_eye_or_gaze_5_bonus_20; keyword_support_sdk_3_bonus_9,C:\realDesktop\manifest-evaluations\summer-26\ghidra-pipeline\il2cpp-files\ZombiesMRFree\general-structure-results\90_plus_uncertain_gaze_interaction_near_certain\065f9338_Beautify.Universal.BeautifyRendererFeature.BeautifyRenderPass.PerCamData$$.ctor.c,C:\realDesktop\manifest-evaluations\summer-26\ghidra-pipeline\il2cpp-files\ZombiesMRFree\manual-review-pack\A_must_review\043_p233_Beautify.Universal.BeautifyRendererFeature.BeautifyRenderPass.PerCamData$$.ctor.c
44,233,A_must_review,FUN_065f7f90,065f7f90,124,90_plus_uncertain_gaze_or_xr_structure_near_certain,eye_source; weak_source_state; validity_gate; ui_interaction; telemetry,strong_eye_source_hits_2; weak_xr_or_state_hits_2; validity_or_gating_hits_14; ui_or_gameplay_sink_hits_3; telemetry_or_network_hits_2; functionality_data_collection_or_telemetry_hits_2,base_scanner_score_124; module_bonus_validity_gate_8; module_bonus_ui_interaction_12; module_bonus_telemetry_20; evidence_bonus_telemetry_or_network_hits_12; sensitive_sink_telemetry_bonus_15; keyword_support_eye_or_gaze_5_bonus_20; keyword_support_sdk_2_bonus_6; keyword_support_collection_or_telemetry_4_bonus_16,C:\realDesktop\manifest-evaluations\summer-26\ghidra-pipeline\il2cpp-files\ZombiesMRFree\general-structure-results\90_plus_uncertain_gaze_or_xr_structure_near_certain\065f7f90_FUN_065f7f90.c,C:\realDesktop\manifest-evaluations\summer-26\ghidra-pipeline\il2cpp-files\ZombiesMRFree\manual-review-pack\A_must_review\044_p233_FUN_065f7f90.c
45,229,A_must_review,UnityEngine.UIElements.IntegerField.UxmlTraits$$.ctor,06988280,112,90_plus_framework_support_only_near_certain,eye_source; weak_source_state; validity_gate; paired_state_refs; ray_interaction; telemetry,strong_eye_source_hits_1; weak_xr_or_state_hits_2; validity_or_gating_hits_15; paired_field_refs_with_eye_source; ray_or_cast_sink_hits_3; telemetry_or_network_hits_1; negative_framework_support_context_without_confirmed_app_level_gaze_flow; functionality_permission_setup; functionality_data_collection_or_telemetry_hits_1,base_scanner_score_112; module_bonus_validity_gate_8; module_bonus_paired_state_refs_8; module_bonus_ray_interaction_15; module_bonus_telemetry_20; evidence_bonus_telemetry_or_network_hits_12; sensitive_sink_telemetry_bonus_15; keyword_support_eye_or_gaze_5_bonus_20; keyword_support_sdk_1_bonus_3; keyword_support_collection_or_telemetry_4_bonus_16,C:\realDesktop\manifest-evaluations\summer-26\ghidra-pipeline\il2cpp-files\ZombiesMRFree\general-structure-results\90_plus_framework_support_only_near_certain\06988280_UnityEngine.UIElements.IntegerField.UxmlTraits$$.ctor.c,C:\realDesktop\manifest-evaluations\summer-26\ghidra-pipeline\il2cpp-files\ZombiesMRFree\manual-review-pack\A_must_review\045_p229_UnityEngine.UIElements.IntegerField.UxmlTraits$$.ctor.c
46,229,A_must_review,UnityEngine.UIElements.IntegerField.UxmlFactory$$.ctor,06988238,112,90_plus_framework_support_only_near_certain,eye_source; weak_source_state; validity_gate; paired_state_refs; ray_interaction; telemetry,strong_eye_source_hits_1; weak_xr_or_state_hits_2; validity_or_gating_hits_15; paired_field_refs_with_eye_source; ray_or_cast_sink_hits_3; telemetry_or_network_hits_1; negative_framework_support_context_without_confirmed_app_level_gaze_flow; functionality_permission_setup; functionality_data_collection_or_telemetry_hits_1,base_scanner_score_112; module_bonus_validity_gate_8; module_bonus_paired_state_refs_8; module_bonus_ray_interaction_15; module_bonus_telemetry_20; evidence_bonus_telemetry_or_network_hits_12; sensitive_sink_telemetry_bonus_15; keyword_support_eye_or_gaze_5_bonus_20; keyword_support_sdk_1_bonus_3; keyword_support_collection_or_telemetry_4_bonus_16,C:\realDesktop\manifest-evaluations\summer-26\ghidra-pipeline\il2cpp-files\ZombiesMRFree\general-structure-results\90_plus_framework_support_only_near_certain\06988238_UnityEngine.UIElements.IntegerField.UxmlFactory$$.ctor.c,C:\realDesktop\manifest-evaluations\summer-26\ghidra-pipeline\il2cpp-files\ZombiesMRFree\manual-review-pack\A_must_review\046_p229_UnityEngine.UIElements.IntegerField.UxmlFactory$$.ctor.c
47,229,A_must_review,UnityEngine.UIElements.IntegerField.IntegerInput$$get_parentIntegerField,069882c8,112,90_plus_framework_support_only_near_certain,eye_source; weak_source_state; validity_gate; paired_state_refs; ray_interaction; telemetry,strong_eye_source_hits_1; weak_xr_or_state_hits_2; validity_or_gating_hits_15; paired_field_refs_with_eye_source; ray_or_cast_sink_hits_3; telemetry_or_network_hits_1; negative_framework_support_context_without_confirmed_app_level_gaze_flow; functionality_permission_setup; functionality_data_collection_or_telemetry_hits_1,base_scanner_score_112; module_bonus_validity_gate_8; module_bonus_paired_state_refs_8; module_bonus_ray_interaction_15; module_bonus_telemetry_20; evidence_bonus_telemetry_or_network_hits_12; sensitive_sink_telemetry_bonus_15; keyword_support_eye_or_gaze_5_bonus_20; keyword_support_sdk_1_bonus_3; keyword_support_collection_or_telemetry_4_bonus_16,C:\realDesktop\manifest-evaluations\summer-26\ghidra-pipeline\il2cpp-files\ZombiesMRFree\general-structure-results\90_plus_framework_support_only_near_certain\069882c8_UnityEngine.UIElements.IntegerField.IntegerInput$$get_parentIntegerField.c,C:\realDesktop\manifest-evaluations\summer-26\ghidra-pipeline\il2cpp-files\ZombiesMRFree\manual-review-pack\A_must_review\047_p229_UnityEngine.UIElements.IntegerField.IntegerInput$$get_parentIntegerField.c
48,229,A_must_review,UnityEngine.UIElements.IntegerField.IntegerInput$$get_allowedCharacters,06988348,112,90_plus_framework_support_only_near_certain,eye_source; weak_source_state; validity_gate; paired_state_refs; ray_interaction; telemetry,strong_eye_source_hits_1; weak_xr_or_state_hits_2; validity_or_gating_hits_14; paired_field_refs_with_eye_source; ray_or_cast_sink_hits_3; telemetry_or_network_hits_1; negative_framework_support_context_without_confirmed_app_level_gaze_flow; functionality_permission_setup; functionality_data_collection_or_telemetry_hits_1,base_scanner_score_112; module_bonus_validity_gate_8; module_bonus_paired_state_refs_8; module_bonus_ray_interaction_15; module_bonus_telemetry_20; evidence_bonus_telemetry_or_network_hits_12; sensitive_sink_telemetry_bonus_15; keyword_support_eye_or_gaze_5_bonus_20; keyword_support_sdk_1_bonus_3; keyword_support_collection_or_telemetry_4_bonus_16,C:\realDesktop\manifest-evaluations\summer-26\ghidra-pipeline\il2cpp-files\ZombiesMRFree\general-structure-results\90_plus_framework_support_only_near_certain\06988348_UnityEngine.UIElements.IntegerField.IntegerInput$$get_allowedCharacters.c,C:\realDesktop\manifest-evaluations\summer-26\ghidra-pipeline\il2cpp-files\ZombiesMRFree\manual-review-pack\A_must_review\048_p229_UnityEngine.UIElements.IntegerField.IntegerInput$$get_allowedCharacters.c
49,229,A_must_review,UnityEngine.UIElements.IntegerField.IntegerInput$$ValueToString,069885f0,112,90_plus_framework_support_only_near_certain,eye_source; weak_source_state; validity_gate; paired_state_refs; ray_interaction; telemetry,strong_eye_source_hits_1; weak_xr_or_state_hits_2; validity_or_gating_hits_11; paired_field_refs_with_eye_source; ray_or_cast_sink_hits_3; telemetry_or_network_hits_1; negative_framework_support_context_without_confirmed_app_level_gaze_flow; functionality_permission_setup; functionality_data_collection_or_telemetry_hits_1,base_scanner_score_112; module_bonus_validity_gate_8; module_bonus_paired_state_refs_8; module_bonus_ray_interaction_15; module_bonus_telemetry_20; evidence_bonus_telemetry_or_network_hits_12; sensitive_sink_telemetry_bonus_15; keyword_support_eye_or_gaze_5_bonus_20; keyword_support_sdk_1_bonus_3; keyword_support_collection_or_telemetry_4_bonus_16,C:\realDesktop\manifest-evaluations\summer-26\ghidra-pipeline\il2cpp-files\ZombiesMRFree\general-structure-results\90_plus_framework_support_only_near_certain\069885f0_UnityEngine.UIElements.IntegerField.IntegerInput$$ValueToString.c,C:\realDesktop\manifest-evaluations\summer-26\ghidra-pipeline\il2cpp-files\ZombiesMRFree\manual-review-pack\A_must_review\049_p229_UnityEngine.UIElements.IntegerField.IntegerInput$$ValueToString.c
50,228,A_must_review,Meta.XR.ImmersiveDebugger.Manager.Watch.ToDisplayStringSignature<Vector3>$$Invoke,04b68ccc,152,90_plus_uncertain_gaze_interaction_near_certain,eye_source; validity_gate; pose_vector; paired_state_refs; ui_interaction; structure_combo,strong_eye_source_hits_1; validity_or_gating_hits_21; strong_pose_or_ray_construction_hits_2; paired_field_refs_with_eye_source; ui_or_gameplay_sink_hits_4; source_validity_pose_sink_structure; strong_eye_source_validity_pose_sink_structure; functionality_gaze_interaction_hits_4,base_scanner_score_152; module_bonus_validity_gate_8; module_bonus_pose_vector_10; module_bonus_paired_state_refs_8; module_bonus_ui_interaction_12; module_bonus_structure_combo_18; keyword_support_eye_or_gaze_5_bonus_20,C:\realDesktop\manifest-evaluations\summer-26\ghidra-pipeline\il2cpp-files\ZombiesMRFree\general-structure-results\90_plus_uncertain_gaze_interaction_near_certain\04b68ccc_Meta.XR.ImmersiveDebugger.Manager.Watch.ToDisplayStringSignature_Vector3_$$Invoke.c,C:\realDesktop\manifest-evaluations\summer-26\ghidra-pipeline\il2cpp-files\ZombiesMRFree\manual-review-pack\A_must_review\050_p228_Meta.XR.ImmersiveDebugger.Manager.Watch.ToDisplayStringSignature_Vector3_$$Invoke.c
51,228,A_must_review,Meta.XR.ImmersiveDebugger.Manager.Watch.ToDisplayStringSignature<Vector3>$$BeginInvoke,04b68ce0,152,90_plus_uncertain_gaze_interaction_near_certain,eye_source; validity_gate; pose_vector; paired_state_refs; ui_interaction; structure_combo,strong_eye_source_hits_1; validity_or_gating_hits_21; strong_pose_or_ray_construction_hits_2; paired_field_refs_with_eye_source; ui_or_gameplay_sink_hits_4; source_validity_pose_sink_structure; strong_eye_source_validity_pose_sink_structure; functionality_gaze_interaction_hits_4,base_scanner_score_152; module_bonus_validity_gate_8; module_bonus_pose_vector_10; module_bonus_paired_state_refs_8; module_bonus_ui_interaction_12; module_bonus_structure_combo_18; keyword_support_eye_or_gaze_5_bonus_20,C:\realDesktop\manifest-evaluations\summer-26\ghidra-pipeline\il2cpp-files\ZombiesMRFree\general-structure-results\90_plus_uncertain_gaze_interaction_near_certain\04b68ce0_Meta.XR.ImmersiveDebugger.Manager.Watch.ToDisplayStringSignature_Vector3_$$BeginInvoke.c,C:\realDesktop\manifest-evaluations\summer-26\ghidra-pipeline\il2cpp-files\ZombiesMRFree\manual-review-pack\A_must_review\051_p228_Meta.XR.ImmersiveDebugger.Manager.Watch.ToDisplayStringSignature_Vector3_$$BeginInvoke.c
52,228,A_must_review,FUN_06a651c8,06a651c8,89,70_high_general_structure_review_high,weak_source_state; validity_gate; ray_interaction; ui_interaction; telemetry; frame_behavior; keyword_support,weak_xr_or_state_hits_2; validity_or_gating_hits_2; ray_or_cast_sink_hits_4; ui_or_gameplay_sink_hits_6; telemetry_or_network_hits_14; frame_or_lifecycle_behavior; eye_or_gaze_keyword_boost_only; cap_below_near_certain_without_eye_anchor_or_ordered_structure; functionality_possible_biometrics_hits_2,base_scanner_score_89; module_bonus_validity_gate_8; module_bonus_ray_interaction_15; module_bonus_ui_interaction_12; module_bonus_telemetry_20; module_bonus_frame_behavior_5; module_bonus_keyword_support_12; evidence_bonus_telemetry_or_network_hits_12; evidence_bonus_eye_or_gaze_keyword_boost_12; sensitive_sink_telemetry_bonus_15; keyword_support_eye_or_gaze_5_bonus_20; keyword_support_collection_or_telemetry_2_bonus_8,C:\realDesktop\manifest-evaluations\summer-26\ghidra-pipeline\il2cpp-files\ZombiesMRFree\general-structure-results\70_high_general_structure_review_high\06a651c8_FUN_06a651c8.c,C:\realDesktop\manifest-evaluations\summer-26\ghidra-pipeline\il2cpp-files\ZombiesMRFree\manual-review-pack\A_must_review\052_p228_FUN_06a651c8.c
53,225,A_must_review,Meta.XR.ImmersiveDebugger.Manager.Watch.ToDisplayStringSignature<Vector3>$$EndInvoke,04b68d7c,149,90_plus_uncertain_gaze_interaction_near_certain,eye_source; validity_gate; pose_vector; paired_state_refs; ui_interaction; structure_combo,strong_eye_source_hits_1; validity_or_gating_hits_21; strong_pose_or_ray_construction_hits_2; paired_field_refs_with_eye_source; ui_or_gameplay_sink_hits_2; source_validity_pose_sink_structure; strong_eye_source_validity_pose_sink_structure; functionality_gaze_interaction_hits_2,base_scanner_score_149; module_bonus_validity_gate_8; module_bonus_pose_vector_10; module_bonus_paired_state_refs_8; module_bonus_ui_interaction_12; module_bonus_structure_combo_18; keyword_support_eye_or_gaze_5_bonus_20,C:\realDesktop\manifest-evaluations\summer-26\ghidra-pipeline\il2cpp-files\ZombiesMRFree\general-structure-results\90_plus_uncertain_gaze_interaction_near_certain\04b68d7c_Meta.XR.ImmersiveDebugger.Manager.Watch.ToDisplayStringSignature_Vector3_$$EndInvoke.c,C:\realDesktop\manifest-evaluations\summer-26\ghidra-pipeline\il2cpp-files\ZombiesMRFree\manual-review-pack\A_must_review\053_p225_Meta.XR.ImmersiveDebugger.Manager.Watch.ToDisplayStringSignature_Vector3_$$EndInvoke.c
54,225,A_must_review,Meta.XR.ImmersiveDebugger.Manager.Watch.ToDisplayStringSignature<Vector2>$$Invoke,04b68b64,149,90_plus_uncertain_gaze_interaction_near_certain,eye_source; validity_gate; pose_vector; paired_state_refs; ui_interaction; structure_combo,strong_eye_source_hits_1; validity_or_gating_hits_21; strong_pose_or_ray_construction_hits_2; paired_field_refs_with_eye_source; ui_or_gameplay_sink_hits_2; source_validity_pose_sink_structure; strong_eye_source_validity_pose_sink_structure; functionality_gaze_interaction_hits_2,base_scanner_score_149; module_bonus_validity_gate_8; module_bonus_pose_vector_10; module_bonus_paired_state_refs_8; module_bonus_ui_interaction_12; module_bonus_structure_combo_18; keyword_support_eye_or_gaze_5_bonus_20,C:\realDesktop\manifest-evaluations\summer-26\ghidra-pipeline\il2cpp-files\ZombiesMRFree\general-structure-results\90_plus_uncertain_gaze_interaction_near_certain\04b68b64_Meta.XR.ImmersiveDebugger.Manager.Watch.ToDisplayStringSignature_Vector2_$$Invoke.c,C:\realDesktop\manifest-evaluations\summer-26\ghidra-pipeline\il2cpp-files\ZombiesMRFree\manual-review-pack\A_must_review\054_p225_Meta.XR.ImmersiveDebugger.Manager.Watch.ToDisplayStringSignature_Vector2_$$Invoke.c
55,225,A_must_review,Meta.XR.ImmersiveDebugger.Manager.Watch.ToDisplayStringSignature<Vector2>$$EndInvoke,04b68c10,149,90_plus_uncertain_gaze_interaction_near_certain,eye_source; validity_gate; pose_vector; paired_state_refs; ui_interaction; structure_combo,strong_eye_source_hits_1; validity_or_gating_hits_21; strong_pose_or_ray_construction_hits_2; paired_field_refs_with_eye_source; ui_or_gameplay_sink_hits_2; source_validity_pose_sink_structure; strong_eye_source_validity_pose_sink_structure; functionality_gaze_interaction_hits_2,base_scanner_score_149; module_bonus_validity_gate_8; module_bonus_pose_vector_10; module_bonus_paired_state_refs_8; module_bonus_ui_interaction_12; module_bonus_structure_combo_18; keyword_support_eye_or_gaze_5_bonus_20,C:\realDesktop\manifest-evaluations\summer-26\ghidra-pipeline\il2cpp-files\ZombiesMRFree\general-structure-results\90_plus_uncertain_gaze_interaction_near_certain\04b68c10_Meta.XR.ImmersiveDebugger.Manager.Watch.ToDisplayStringSignature_Vector2_$$EndInvoke.c,C:\realDesktop\manifest-evaluations\summer-26\ghidra-pipeline\il2cpp-files\ZombiesMRFree\manual-review-pack\A_must_review\055_p225_Meta.XR.ImmersiveDebugger.Manager.Watch.ToDisplayStringSignature_Vector2_$$EndInvoke.c
56,225,A_must_review,Meta.XR.ImmersiveDebugger.Manager.Watch.ToDisplayStringSignature<Vector2>$$BeginInvoke,04b68b78,149,90_plus_uncertain_gaze_interaction_near_certain,eye_source; validity_gate; pose_vector; paired_state_refs; ui_interaction; structure_combo,strong_eye_source_hits_1; validity_or_gating_hits_21; strong_pose_or_ray_construction_hits_2; paired_field_refs_with_eye_source; ui_or_gameplay_sink_hits_2; source_validity_pose_sink_structure; strong_eye_source_validity_pose_sink_structure; functionality_gaze_interaction_hits_2,base_scanner_score_149; module_bonus_validity_gate_8; module_bonus_pose_vector_10; module_bonus_paired_state_refs_8; module_bonus_ui_interaction_12; module_bonus_structure_combo_18; keyword_support_eye_or_gaze_5_bonus_20,C:\realDesktop\manifest-evaluations\summer-26\ghidra-pipeline\il2cpp-files\ZombiesMRFree\general-structure-results\90_plus_uncertain_gaze_interaction_near_certain\04b68b78_Meta.XR.ImmersiveDebugger.Manager.Watch.ToDisplayStringSignature_Vector2_$$BeginInvoke.c,C:\realDesktop\manifest-evaluations\summer-26\ghidra-pipeline\il2cpp-files\ZombiesMRFree\manual-review-pack\A_must_review\056_p225_Meta.XR.ImmersiveDebugger.Manager.Watch.ToDisplayStringSignature_Vector2_$$BeginInvoke.c
57,224,A_must_review,OVRPlugin$$RequestBodyTrackingFidelity,05d27be4,121,90_plus_uncertain_gaze_or_xr_structure_near_certain,eye_source; weak_source_state; validity_gate; telemetry,strong_eye_source_hits_8; weak_xr_or_state_hits_8; validity_or_gating_hits_6; telemetry_or_network_hits_2; functionality_data_collection_or_telemetry_hits_2,base_scanner_score_121; module_bonus_validity_gate_8; module_bonus_telemetry_20; evidence_bonus_telemetry_or_network_hits_12; sensitive_sink_telemetry_bonus_15; keyword_support_eye_or_gaze_5_bonus_20; keyword_support_sdk_4_bonus_12; keyword_support_collection_or_telemetry_4_bonus_16,C:\realDesktop\manifest-evaluations\summer-26\ghidra-pipeline\il2cpp-files\ZombiesMRFree\general-structure-results\90_plus_uncertain_gaze_or_xr_structure_near_certain\05d27be4_OVRPlugin$$RequestBodyTrackingFidelity.c,C:\realDesktop\manifest-evaluations\summer-26\ghidra-pipeline\il2cpp-files\ZombiesMRFree\manual-review-pack\A_must_review\057_p224_OVRPlugin$$RequestBodyTrackingFidelity.c
58,224,A_must_review,FUN_066dd320,066dd320,119,90_plus_uncertain_gaze_or_xr_structure_near_certain,eye_source; weak_source_state; validity_gate; paired_state_refs; telemetry,strong_eye_source_hits_2; weak_xr_or_state_hits_2; validity_or_gating_hits_14; paired_field_refs_with_eye_source; telemetry_or_network_hits_2; functionality_data_collection_or_telemetry_hits_2,base_scanner_score_119; module_bonus_validity_gate_8; module_bonus_paired_state_refs_8; module_bonus_telemetry_20; evidence_bonus_telemetry_or_network_hits_12; sensitive_sink_telemetry_bonus_15; keyword_support_eye_or_gaze_5_bonus_20; keyword_support_sdk_2_bonus_6; keyword_support_collection_or_telemetry_4_bonus_16,C:\realDesktop\manifest-evaluations\summer-26\ghidra-pipeline\il2cpp-files\ZombiesMRFree\general-structure-results\90_plus_uncertain_gaze_or_xr_structure_near_certain\066dd320_FUN_066dd320.c,C:\realDesktop\manifest-evaluations\summer-26\ghidra-pipeline\il2cpp-files\ZombiesMRFree\manual-review-pack\A_must_review\058_p224_FUN_066dd320.c
59,222,A_must_review,Unity.XR.Oculus.Utils$$get_eyeTrackedFoveatedRenderingEnabled,067841fc,150,90_plus_framework_foveated_rendering_support_or_attempt_near_certain,eye_source; weak_source_state; validity_gate; ui_interaction; foveation_rendering; attempted_use; dynamic_foveation_possible,strong_eye_source_hits_4; weak_xr_or_state_hits_4; validity_or_gating_hits_5; ui_or_gameplay_sink_hits_5; strong_foveation_hits_2; attempted_eye_tracking_permission_or_feature_enable; attempted_eye_tracking_with_foveated_rendering_path; negative_framework_support_context_without_confirmed_app_level_gaze_flow; framework_foveation_support_not_confirmed_dynamic_eye_tracking; functionality_foveated_rendering,base_scanner_score_150; module_bonus_validity_gate_8; module_bonus_ui_interaction_12; module_bonus_foveation_rendering_20; sensitive_sink_foveation_bonus_12; keyword_support_eye_or_gaze_5_bonus_20,C:\realDesktop\manifest-evaluations\summer-26\ghidra-pipeline\il2cpp-files\ZombiesMRFree\general-structure-results\90_plus_framework_foveated_rendering_support_or_attempt_near_certain\067841fc_Unity.XR.Oculus.Utils$$get_eyeTrackedFoveatedRenderingEnabled.c,C:\realDesktop\manifest-evaluations\summer-26\ghidra-pipeline\il2cpp-files\ZombiesMRFree\manual-review-pack\A_must_review\059_p222_Unity.XR.Oculus.Utils$$get_eyeTrackedFoveatedRenderingEnabled.c
60,222,A_must_review,Unity.XR.Oculus.NativeMethods$$GetEyeTrackedFoveatedRenderingEnabled,0678421c,150,90_plus_framework_foveated_rendering_support_or_attempt_near_certain,eye_source; weak_source_state; validity_gate; ui_interaction; foveation_rendering; attempted_use; dynamic_foveation_possible,strong_eye_source_hits_4; weak_xr_or_state_hits_4; validity_or_gating_hits_5; ui_or_gameplay_sink_hits_5; strong_foveation_hits_2; attempted_eye_tracking_permission_or_feature_enable; attempted_eye_tracking_with_foveated_rendering_path; negative_framework_support_context_without_confirmed_app_level_gaze_flow; framework_foveation_support_not_confirmed_dynamic_eye_tracking; functionality_foveated_rendering,base_scanner_score_150; module_bonus_validity_gate_8; module_bonus_ui_interaction_12; module_bonus_foveation_rendering_20; sensitive_sink_foveation_bonus_12; keyword_support_eye_or_gaze_5_bonus_20,C:\realDesktop\manifest-evaluations\summer-26\ghidra-pipeline\il2cpp-files\ZombiesMRFree\general-structure-results\90_plus_framework_foveated_rendering_support_or_attempt_near_certain\0678421c_Unity.XR.Oculus.NativeMethods$$GetEyeTrackedFoveatedRenderingEnabled.c,C:\realDesktop\manifest-evaluations\summer-26\ghidra-pipeline\il2cpp-files\ZombiesMRFree\manual-review-pack\A_must_review\060_p222_Unity.XR.Oculus.NativeMethods$$GetEyeTrackedFoveatedRenderingEnabled.c
61,220,A_must_review,Unity.XR.Oculus.Utils$$set_eyeTrackedFoveatedRenderingEnabled,06784280,148,90_plus_framework_foveated_rendering_support_or_attempt_near_certain,eye_source; weak_source_state; validity_gate; ui_interaction; foveation_rendering; attempted_use; dynamic_foveation_possible,strong_eye_source_hits_4; weak_xr_or_state_hits_2; validity_or_gating_hits_4; ui_or_gameplay_sink_hits_5; strong_foveation_hits_2; attempted_eye_tracking_permission_or_feature_enable; attempted_eye_tracking_with_foveated_rendering_path; negative_framework_support_context_without_confirmed_app_level_gaze_flow; framework_foveation_support_not_confirmed_dynamic_eye_tracking; functionality_foveated_rendering,base_scanner_score_148; module_bonus_validity_gate_8; module_bonus_ui_interaction_12; module_bonus_foveation_rendering_20; sensitive_sink_foveation_bonus_12; keyword_support_eye_or_gaze_5_bonus_20,C:\realDesktop\manifest-evaluations\summer-26\ghidra-pipeline\il2cpp-files\ZombiesMRFree\general-structure-results\90_plus_framework_foveated_rendering_support_or_attempt_near_certain\06784280_Unity.XR.Oculus.Utils$$set_eyeTrackedFoveatedRenderingEnabled.c,C:\realDesktop\manifest-evaluations\summer-26\ghidra-pipeline\il2cpp-files\ZombiesMRFree\manual-review-pack\A_must_review\061_p220_Unity.XR.Oculus.Utils$$set_eyeTrackedFoveatedRenderingEnabled.c
62,220,A_must_review,Unity.XR.Oculus.Utils$$get_eyeTrackedFoveatedRenderingSupported,06784194,148,90_plus_framework_foveated_rendering_support_or_attempt_near_certain,eye_source; weak_source_state; validity_gate; ui_interaction; foveation_rendering; attempted_use; dynamic_foveation_possible,strong_eye_source_hits_4; weak_xr_or_state_hits_2; validity_or_gating_hits_4; ui_or_gameplay_sink_hits_5; strong_foveation_hits_2; attempted_eye_tracking_permission_or_feature_enable; attempted_eye_tracking_with_foveated_rendering_path; negative_framework_support_context_without_confirmed_app_level_gaze_flow; framework_foveation_support_not_confirmed_dynamic_eye_tracking; functionality_foveated_rendering,base_scanner_score_148; module_bonus_validity_gate_8; module_bonus_ui_interaction_12; module_bonus_foveation_rendering_20; sensitive_sink_foveation_bonus_12; keyword_support_eye_or_gaze_5_bonus_20,C:\realDesktop\manifest-evaluations\summer-26\ghidra-pipeline\il2cpp-files\ZombiesMRFree\general-structure-results\90_plus_framework_foveated_rendering_support_or_attempt_near_certain\06784194_Unity.XR.Oculus.Utils$$get_eyeTrackedFoveatedRenderingSupported.c,C:\realDesktop\manifest-evaluations\summer-26\ghidra-pipeline\il2cpp-files\ZombiesMRFree\manual-review-pack\A_must_review\062_p220_Unity.XR.Oculus.Utils$$get_eyeTrackedFoveatedRenderingSupported.c
63,220,A_must_review,Unity.XR.Oculus.NativeMethods$$SetEyeTrackedFoveatedRenderingEnabled,06783ddc,148,90_plus_framework_foveated_rendering_support_or_attempt_near_certain,eye_source; weak_source_state; validity_gate; ui_interaction; foveation_rendering; attempted_use; dynamic_foveation_possible,strong_eye_source_hits_4; weak_xr_or_state_hits_2; validity_or_gating_hits_18; ui_or_gameplay_sink_hits_5; strong_foveation_hits_2; attempted_eye_tracking_permission_or_feature_enable; attempted_eye_tracking_with_foveated_rendering_path; negative_framework_support_context_without_confirmed_app_level_gaze_flow; framework_foveation_support_not_confirmed_dynamic_eye_tracking; functionality_foveated_rendering,base_scanner_score_148; module_bonus_validity_gate_8; module_bonus_ui_interaction_12; module_bonus_foveation_rendering_20; sensitive_sink_foveation_bonus_12; keyword_support_eye_or_gaze_5_bonus_20,C:\realDesktop\manifest-evaluations\summer-26\ghidra-pipeline\il2cpp-files\ZombiesMRFree\general-structure-results\90_plus_framework_foveated_rendering_support_or_attempt_near_certain\06783ddc_Unity.XR.Oculus.NativeMethods$$SetEyeTrackedFoveatedRenderingEnabled.c,C:\realDesktop\manifest-evaluations\summer-26\ghidra-pipeline\il2cpp-files\ZombiesMRFree\manual-review-pack\A_must_review\063_p220_Unity.XR.Oculus.NativeMethods$$SetEyeTrackedFoveatedRenderingEnabled.c
64,220,A_must_review,Unity.XR.Oculus.NativeMethods$$GetEyeTrackedFoveatedRenderingSupported,06784198,148,90_plus_framework_foveated_rendering_support_or_attempt_near_certain,eye_source; weak_source_state; validity_gate; ui_interaction; foveation_rendering; attempted_use; dynamic_foveation_possible,strong_eye_source_hits_4; weak_xr_or_state_hits_2; validity_or_gating_hits_4; ui_or_gameplay_sink_hits_5; strong_foveation_hits_2; attempted_eye_tracking_permission_or_feature_enable; attempted_eye_tracking_with_foveated_rendering_path; negative_framework_support_context_without_confirmed_app_level_gaze_flow; framework_foveation_support_not_confirmed_dynamic_eye_tracking; functionality_foveated_rendering,base_scanner_score_148; module_bonus_validity_gate_8; module_bonus_ui_interaction_12; module_bonus_foveation_rendering_20; sensitive_sink_foveation_bonus_12; keyword_support_eye_or_gaze_5_bonus_20,C:\realDesktop\manifest-evaluations\summer-26\ghidra-pipeline\il2cpp-files\ZombiesMRFree\general-structure-results\90_plus_framework_foveated_rendering_support_or_attempt_near_certain\06784198_Unity.XR.Oculus.NativeMethods$$GetEyeTrackedFoveatedRenderingSupported.c,C:\realDesktop\manifest-evaluations\summer-26\ghidra-pipeline\il2cpp-files\ZombiesMRFree\manual-review-pack\A_must_review\064_p220_Unity.XR.Oculus.NativeMethods$$GetEyeTrackedFoveatedRenderingSupported.c
65,220,A_must_review,Newtonsoft.Json.Serialization.JsonSerializerInternalWriter$$WriteStartArray,05ac8cd8,89,70_high_general_structure_review_high,validity_gate; pose_vector; data_collection; telemetry; frame_behavior,validity_or_gating_hits_2; strong_pose_or_ray_construction_hits_4; strong_file_logging_hits_2; telemetry_or_network_hits_2; frame_or_lifecycle_behavior; cap_below_near_certain_without_eye_anchor_or_ordered_structure,base_scanner_score_89; module_bonus_validity_gate_8; module_bonus_pose_vector_10; module_bonus_data_collection_22; module_bonus_telemetry_20; module_bonus_frame_behavior_5; evidence_bonus_telemetry_or_network_hits_12; sensitive_sink_data_collection_bonus_15; sensitive_sink_telemetry_bonus_15; keyword_support_eye_or_gaze_2_bonus_8; keyword_support_collection_or_telemetry_4_bonus_16,C:\realDesktop\manifest-evaluations\summer-26\ghidra-pipeline\il2cpp-files\ZombiesMRFree\general-structure-results\70_high_general_structure_review_high\05ac8cd8_Newtonsoft.Json.Serialization.JsonSerializerInternalWriter$$WriteStartArray.c,C:\realDesktop\manifest-evaluations\summer-26\ghidra-pipeline\il2cpp-files\ZombiesMRFree\manual-review-pack\A_must_review\065_p220_Newtonsoft.Json.Serialization.JsonSerializerInternalWriter$$WriteStartArray.c
66,219,A_must_review,System.Array$$InternalArray__ICollection_Contains<OVRPlugin.EyeGazeState>,0379bf70,167,90_plus_confirmed_gaze_retrieval_near_certain,eye_source; weak_source_state; validity_gate; pose_vector; paired_state_refs; attempted_use; active_gaze_retrieval,strong_eye_source_hits_4; weak_xr_or_state_hits_2; validity_or_gating_hits_21; strong_pose_or_ray_construction_hits_2; paired_field_refs_with_eye_source; attempted_eye_tracking_permission_or_feature_enable; active_gaze_state_retrieval_with_validity_and_pose; functionality_gaze_retrieval_or_extraction; functionality_gaze_interaction_hits_1,base_scanner_score_167; module_bonus_validity_gate_8; module_bonus_pose_vector_10; module_bonus_paired_state_refs_8; keyword_support_eye_or_gaze_5_bonus_20; keyword_support_sdk_2_bonus_6,C:\realDesktop\manifest-evaluations\summer-26\ghidra-pipeline\il2cpp-files\ZombiesMRFree\general-structure-results\90_plus_confirmed_gaze_retrieval_near_certain\0379bf70_System.Array$$InternalArray__ICollection_Contains_OVRPlugin.EyeGazeState_.c,C:\realDesktop\manifest-evaluations\summer-26\ghidra-pipeline\il2cpp-files\ZombiesMRFree\manual-review-pack\A_must_review\066_p219_System.Array$$InternalArray__ICollection_Contains_OVRPlugin.EyeGazeState_.c
67,219,A_must_review,OVRPlugin$$get_eyeTrackedFoveatedRenderingSupported,05d1aec4,153,90_plus_attempted_dynamic_eye_tracked_foveation_near_certain,eye_source; weak_source_state; validity_gate; foveation_rendering; attempted_use; dynamic_foveation_possible,strong_eye_source_hits_6; weak_xr_or_state_hits_4; validity_or_gating_hits_7; strong_foveation_hits_2; attempted_eye_tracking_permission_or_feature_enable; attempted_eye_tracking_with_foveated_rendering_path; functionality_foveated_rendering,base_scanner_score_153; module_bonus_validity_gate_8; module_bonus_foveation_rendering_20; sensitive_sink_foveation_bonus_12; keyword_support_eye_or_gaze_5_bonus_20; keyword_support_sdk_2_bonus_6,C:\realDesktop\manifest-evaluations\summer-26\ghidra-pipeline\il2cpp-files\ZombiesMRFree\general-structure-results\90_plus_attempted_dynamic_eye_tracked_foveation_near_certain\05d1aec4_OVRPlugin$$get_eyeTrackedFoveatedRenderingSupported.c,C:\realDesktop\manifest-evaluations\summer-26\ghidra-pipeline\il2cpp-files\ZombiesMRFree\manual-review-pack\A_must_review\067_p219_OVRPlugin$$get_eyeTrackedFoveatedRenderingSupported.c
68,219,A_must_review,System.Array$$InternalArray__ICollection_CopyTo<OVRPlugin.VirtualKeyboardModelAnimationState>,037c92f4,142,90_plus_framework_support_only_near_certain,eye_source; weak_source_state; validity_gate; pose_vector; ray_interaction; structure_combo,strong_eye_source_hits_2; weak_xr_or_state_hits_2; validity_or_gating_hits_21; strong_pose_or_ray_construction_hits_2; ray_or_cast_sink_hits_4; source_validity_pose_sink_structure; strong_eye_source_validity_pose_sink_structure; negative_framework_support_context_without_confirmed_app_level_gaze_flow; functionality_gaze_interaction_hits_4,base_scanner_score_142; module_bonus_validity_gate_8; module_bonus_pose_vector_10; module_bonus_ray_interaction_15; module_bonus_structure_combo_18; keyword_support_eye_or_gaze_5_bonus_20; keyword_support_sdk_2_bonus_6,C:\realDesktop\manifest-evaluations\summer-26\ghidra-pipeline\il2cpp-files\ZombiesMRFree\general-structure-results\90_plus_framework_support_only_near_certain\037c92f4_System.Array$$InternalArray__ICollection_CopyTo_OVRPlugin.VirtualKeyboardModelAnimationState_.c,C:\realDesktop\manifest-evaluations\summer-26\ghidra-pipeline\il2cpp-files\ZombiesMRFree\manual-review-pack\A_must_review\068_p219_System.Array$$InternalArray__ICollection_CopyTo_OVRPlugin.VirtualKeyboardModelAnimationState_.c
69,219,A_must_review,System.Array$$InternalArray__ICollection_CopyTo<OVRPlugin.Vector4s>,037c9298,142,90_plus_framework_support_only_near_certain,eye_source; weak_source_state; validity_gate; pose_vector; ray_interaction; structure_combo,strong_eye_source_hits_2; weak_xr_or_state_hits_2; validity_or_gating_hits_21; strong_pose_or_ray_construction_hits_2; ray_or_cast_sink_hits_4; source_validity_pose_sink_structure; strong_eye_source_validity_pose_sink_structure; negative_framework_support_context_without_confirmed_app_level_gaze_flow; functionality_gaze_interaction_hits_4,base_scanner_score_142; module_bonus_validity_gate_8; module_bonus_pose_vector_10; module_bonus_ray_interaction_15; module_bonus_structure_combo_18; keyword_support_eye_or_gaze_5_bonus_20; keyword_support_sdk_2_bonus_6,C:\realDesktop\manifest-evaluations\summer-26\ghidra-pipeline\il2cpp-files\ZombiesMRFree\general-structure-results\90_plus_framework_support_only_near_certain\037c9298_System.Array$$InternalArray__ICollection_CopyTo_OVRPlugin.Vector4s_.c,C:\realDesktop\manifest-evaluations\summer-26\ghidra-pipeline\il2cpp-files\ZombiesMRFree\manual-review-pack\A_must_review\069_p219_System.Array$$InternalArray__ICollection_CopyTo_OVRPlugin.Vector4s_.c
70,219,A_must_review,System.Array$$InternalArray__ICollection_CopyTo<OVRPlugin.Vector4f>,037c923c,142,90_plus_framework_support_only_near_certain,eye_source; weak_source_state; validity_gate; pose_vector; ray_interaction; structure_combo,strong_eye_source_hits_2; weak_xr_or_state_hits_2; validity_or_gating_hits_21; strong_pose_or_ray_construction_hits_2; ray_or_cast_sink_hits_4; source_validity_pose_sink_structure; strong_eye_source_validity_pose_sink_structure; negative_framework_support_context_without_confirmed_app_level_gaze_flow; functionality_gaze_interaction_hits_4,base_scanner_score_142; module_bonus_validity_gate_8; module_bonus_pose_vector_10; module_bonus_ray_interaction_15; module_bonus_structure_combo_18; keyword_support_eye_or_gaze_5_bonus_20; keyword_support_sdk_2_bonus_6,C:\realDesktop\manifest-evaluations\summer-26\ghidra-pipeline\il2cpp-files\ZombiesMRFree\general-structure-results\90_plus_framework_support_only_near_certain\037c923c_System.Array$$InternalArray__ICollection_CopyTo_OVRPlugin.Vector4f_.c,C:\realDesktop\manifest-evaluations\summer-26\ghidra-pipeline\il2cpp-files\ZombiesMRFree\manual-review-pack\A_must_review\070_p219_System.Array$$InternalArray__ICollection_CopyTo_OVRPlugin.Vector4f_.c
71,219,A_must_review,System.Array$$InternalArray__ICollection_CopyTo<OVRPlugin.Vector3f>,037c91e0,142,90_plus_framework_support_only_near_certain,eye_source; weak_source_state; validity_gate; pose_vector; ray_interaction; structure_combo,strong_eye_source_hits_2; weak_xr_or_state_hits_2; validity_or_gating_hits_21; strong_pose_or_ray_construction_hits_2; ray_or_cast_sink_hits_4; source_validity_pose_sink_structure; strong_eye_source_validity_pose_sink_structure; negative_framework_support_context_without_confirmed_app_level_gaze_flow; functionality_gaze_interaction_hits_4,base_scanner_score_142; module_bonus_validity_gate_8; module_bonus_pose_vector_10; module_bonus_ray_interaction_15; module_bonus_structure_combo_18; keyword_support_eye_or_gaze_5_bonus_20; keyword_support_sdk_2_bonus_6,C:\realDesktop\manifest-evaluations\summer-26\ghidra-pipeline\il2cpp-files\ZombiesMRFree\general-structure-results\90_plus_framework_support_only_near_certain\037c91e0_System.Array$$InternalArray__ICollection_CopyTo_OVRPlugin.Vector3f_.c,C:\realDesktop\manifest-evaluations\summer-26\ghidra-pipeline\il2cpp-files\ZombiesMRFree\manual-review-pack\A_must_review\071_p219_System.Array$$InternalArray__ICollection_CopyTo_OVRPlugin.Vector3f_.c
72,219,A_must_review,System.Array$$InternalArray__ICollection_CopyTo<OVRPlugin.Vector2f>,037c9184,142,90_plus_framework_support_only_near_certain,eye_source; weak_source_state; validity_gate; pose_vector; ray_interaction; structure_combo,strong_eye_source_hits_2; weak_xr_or_state_hits_2; validity_or_gating_hits_21; strong_pose_or_ray_construction_hits_2; ray_or_cast_sink_hits_4; source_validity_pose_sink_structure; strong_eye_source_validity_pose_sink_structure; negative_framework_support_context_without_confirmed_app_level_gaze_flow; functionality_gaze_interaction_hits_4,base_scanner_score_142; module_bonus_validity_gate_8; module_bonus_pose_vector_10; module_bonus_ray_interaction_15; module_bonus_structure_combo_18; keyword_support_eye_or_gaze_5_bonus_20; keyword_support_sdk_2_bonus_6,C:\realDesktop\manifest-evaluations\summer-26\ghidra-pipeline\il2cpp-files\ZombiesMRFree\general-structure-results\90_plus_framework_support_only_near_certain\037c9184_System.Array$$InternalArray__ICollection_CopyTo_OVRPlugin.Vector2f_.c,C:\realDesktop\manifest-evaluations\summer-26\ghidra-pipeline\il2cpp-files\ZombiesMRFree\manual-review-pack\A_must_review\072_p219_System.Array$$InternalArray__ICollection_CopyTo_OVRPlugin.Vector2f_.c
73,219,A_must_review,System.Array$$InternalArray__ICollection_CopyTo<OVRPlugin.Quatf>,037c9070,142,90_plus_framework_support_only_near_certain,eye_source; weak_source_state; validity_gate; pose_vector; ray_interaction; structure_combo,strong_eye_source_hits_2; weak_xr_or_state_hits_2; validity_or_gating_hits_21; strong_pose_or_ray_construction_hits_2; ray_or_cast_sink_hits_4; source_validity_pose_sink_structure; strong_eye_source_validity_pose_sink_structure; negative_framework_support_context_without_confirmed_app_level_gaze_flow; functionality_gaze_interaction_hits_4,base_scanner_score_142; module_bonus_validity_gate_8; module_bonus_pose_vector_10; module_bonus_ray_interaction_15; module_bonus_structure_combo_18; keyword_support_eye_or_gaze_5_bonus_20; keyword_support_sdk_2_bonus_6,C:\realDesktop\manifest-evaluations\summer-26\ghidra-pipeline\il2cpp-files\ZombiesMRFree\general-structure-results\90_plus_framework_support_only_near_certain\037c9070_System.Array$$InternalArray__ICollection_CopyTo_OVRPlugin.Quatf_.c,C:\realDesktop\manifest-evaluations\summer-26\ghidra-pipeline\il2cpp-files\ZombiesMRFree\manual-review-pack\A_must_review\073_p219_System.Array$$InternalArray__ICollection_CopyTo_OVRPlugin.Quatf_.c
74,219,A_must_review,System.Array$$InternalArray__ICollection_CopyTo<OVRPlugin.BoneCapsule>,037c8fb8,142,90_plus_framework_support_only_near_certain,eye_source; weak_source_state; validity_gate; pose_vector; ray_interaction; structure_combo,strong_eye_source_hits_2; weak_xr_or_state_hits_2; validity_or_gating_hits_21; strong_pose_or_ray_construction_hits_2; ray_or_cast_sink_hits_4; source_validity_pose_sink_structure; strong_eye_source_validity_pose_sink_structure; negative_framework_support_context_without_confirmed_app_level_gaze_flow; functionality_gaze_interaction_hits_4,base_scanner_score_142; module_bonus_validity_gate_8; module_bonus_pose_vector_10; module_bonus_ray_interaction_15; module_bonus_structure_combo_18; keyword_support_eye_or_gaze_5_bonus_20; keyword_support_sdk_2_bonus_6,C:\realDesktop\manifest-evaluations\summer-26\ghidra-pipeline\il2cpp-files\ZombiesMRFree\general-structure-results\90_plus_framework_support_only_near_certain\037c8fb8_System.Array$$InternalArray__ICollection_CopyTo_OVRPlugin.BoneCapsule_.c,C:\realDesktop\manifest-evaluations\summer-26\ghidra-pipeline\il2cpp-files\ZombiesMRFree\manual-review-pack\A_must_review\074_p219_System.Array$$InternalArray__ICollection_CopyTo_OVRPlugin.BoneCapsule_.c
75,219,A_must_review,System.Array$$InternalArray__ICollection_CopyTo<OVRPlugin.Bone>,037c8f5c,142,90_plus_framework_support_only_near_certain,eye_source; weak_source_state; validity_gate; pose_vector; ray_interaction; structure_combo,strong_eye_source_hits_2; weak_xr_or_state_hits_2; validity_or_gating_hits_21; strong_pose_or_ray_construction_hits_2; ray_or_cast_sink_hits_4; source_validity_pose_sink_structure; strong_eye_source_validity_pose_sink_structure; negative_framework_support_context_without_confirmed_app_level_gaze_flow; functionality_gaze_interaction_hits_4,base_scanner_score_142; module_bonus_validity_gate_8; module_bonus_pose_vector_10; module_bonus_ray_interaction_15; module_bonus_structure_combo_18; keyword_support_eye_or_gaze_5_bonus_20; keyword_support_sdk_2_bonus_6,C:\realDesktop\manifest-evaluations\summer-26\ghidra-pipeline\il2cpp-files\ZombiesMRFree\general-structure-results\90_plus_framework_support_only_near_certain\037c8f5c_System.Array$$InternalArray__ICollection_CopyTo_OVRPlugin.Bone_.c,C:\realDesktop\manifest-evaluations\summer-26\ghidra-pipeline\il2cpp-files\ZombiesMRFree\manual-review-pack\A_must_review\075_p219_System.Array$$InternalArray__ICollection_CopyTo_OVRPlugin.Bone_.c
76,219,A_must_review,System.Array$$InternalArray__ICollection_CopyTo<OVRPlugin.BodyJointLocation>,037c8f00,142,90_plus_framework_support_only_near_certain,eye_source; weak_source_state; validity_gate; pose_vector; ray_interaction; structure_combo,strong_eye_source_hits_2; weak_xr_or_state_hits_2; validity_or_gating_hits_21; strong_pose_or_ray_construction_hits_2; ray_or_cast_sink_hits_4; source_validity_pose_sink_structure; strong_eye_source_validity_pose_sink_structure; negative_framework_support_context_without_confirmed_app_level_gaze_flow; functionality_gaze_interaction_hits_4,base_scanner_score_142; module_bonus_validity_gate_8; module_bonus_pose_vector_10; module_bonus_ray_interaction_15; module_bonus_structure_combo_18; keyword_support_eye_or_gaze_5_bonus_20; keyword_support_sdk_2_bonus_6,C:\realDesktop\manifest-evaluations\summer-26\ghidra-pipeline\il2cpp-files\ZombiesMRFree\general-structure-results\90_plus_framework_support_only_near_certain\037c8f00_System.Array$$InternalArray__ICollection_CopyTo_OVRPlugin.BodyJointLocation_.c,C:\realDesktop\manifest-evaluations\summer-26\ghidra-pipeline\il2cpp-files\ZombiesMRFree\manual-review-pack\A_must_review\076_p219_System.Array$$InternalArray__ICollection_CopyTo_OVRPlugin.BodyJointLocation_.c
77,219,A_must_review,System.Array$$InternalArray__ICollection_CopyTo<OVRPlugin.AppPerfFrameStats>,037c8ea4,142,90_plus_framework_support_only_near_certain,eye_source; weak_source_state; validity_gate; pose_vector; ray_interaction; structure_combo,strong_eye_source_hits_2; weak_xr_or_state_hits_2; validity_or_gating_hits_21; strong_pose_or_ray_construction_hits_2; ray_or_cast_sink_hits_4; source_validity_pose_sink_structure; strong_eye_source_validity_pose_sink_structure; negative_framework_support_context_without_confirmed_app_level_gaze_flow; functionality_gaze_interaction_hits_4,base_scanner_score_142; module_bonus_validity_gate_8; module_bonus_pose_vector_10; module_bonus_ray_interaction_15; module_bonus_structure_combo_18; keyword_support_eye_or_gaze_5_bonus_20; keyword_support_sdk_2_bonus_6,C:\realDesktop\manifest-evaluations\summer-26\ghidra-pipeline\il2cpp-files\ZombiesMRFree\general-structure-results\90_plus_framework_support_only_near_certain\037c8ea4_System.Array$$InternalArray__ICollection_CopyTo_OVRPlugin.AppPerfFrameStats_.c,C:\realDesktop\manifest-evaluations\summer-26\ghidra-pipeline\il2cpp-files\ZombiesMRFree\manual-review-pack\A_must_review\077_p219_System.Array$$InternalArray__ICollection_CopyTo_OVRPlugin.AppPerfFrameStats_.c
78,218,A_must_review,Meta.XR.EnvironmentDepthRaycaster$$CreateTextureCopyRequestIfNeeded,057c140c,112,90_plus_uncertain_gaze_or_xr_structure_near_certain,eye_source; validity_gate; ray_interaction; telemetry,strong_eye_source_hits_1; validity_or_gating_hits_6; ray_or_cast_sink_hits_2; telemetry_or_network_hits_2; functionality_data_collection_or_telemetry_hits_2,base_scanner_score_112; module_bonus_validity_gate_8; module_bonus_ray_interaction_15; module_bonus_telemetry_20; evidence_bonus_telemetry_or_network_hits_12; sensitive_sink_telemetry_bonus_15; keyword_support_eye_or_gaze_5_bonus_20; keyword_support_collection_or_telemetry_4_bonus_16,C:\realDesktop\manifest-evaluations\summer-26\ghidra-pipeline\il2cpp-files\ZombiesMRFree\general-structure-results\90_plus_uncertain_gaze_or_xr_structure_near_certain\057c140c_Meta.XR.EnvironmentDepthRaycaster$$CreateTextureCopyRequestIfNeeded.c,C:\realDesktop\manifest-evaluations\summer-26\ghidra-pipeline\il2cpp-files\ZombiesMRFree\manual-review-pack\A_must_review\078_p218_Meta.XR.EnvironmentDepthRaycaster$$CreateTextureCopyRequestIfNeeded.c
79,217,A_must_review,Pathfinding.Polygon.ClosestPointOnTriangleByRef_0000034B$PostfixBurstDelegate$$Invoke,0358bb70,89,70_high_general_structure_review_high,validity_gate; ui_interaction; data_collection; telemetry,validity_or_gating_hits_12; ui_or_gameplay_sink_hits_2; strong_file_logging_hits_2; telemetry_or_network_hits_2; cap_below_near_certain_without_eye_anchor_or_ordered_structure,base_scanner_score_89; module_bonus_validity_gate_8; module_bonus_ui_interaction_12; module_bonus_data_collection_22; module_bonus_telemetry_20; evidence_bonus_telemetry_or_network_hits_12; sensitive_sink_data_collection_bonus_15; sensitive_sink_telemetry_bonus_15; keyword_support_eye_or_gaze_2_bonus_8; keyword_support_collection_or_telemetry_4_bonus_16,C:\realDesktop\manifest-evaluations\summer-26\ghidra-pipeline\il2cpp-files\ZombiesMRFree\general-structure-results\70_high_general_structure_review_high\0358bb70_Pathfinding.Polygon.ClosestPointOnTriangleByRef_0000034B$PostfixBurstDelegate$$Invoke.c,C:\realDesktop\manifest-evaluations\summer-26\ghidra-pipeline\il2cpp-files\ZombiesMRFree\manual-review-pack\A_must_review\079_p217_Pathfinding.Polygon.ClosestPointOnTriangleByRef_0000034B$PostfixBurstDelegate$$Invoke.c
80,217,A_must_review,Pathfinding.Polygon.ClosestPointOnTriangleByRef_0000034B$PostfixBurstDelegate$$BeginInvoke,0358bb84,89,70_high_general_structure_review_high,validity_gate; ui_interaction; data_collection; telemetry,validity_or_gating_hits_12; ui_or_gameplay_sink_hits_2; strong_file_logging_hits_2; telemetry_or_network_hits_2; cap_below_near_certain_without_eye_anchor_or_ordered_structure,base_scanner_score_89; module_bonus_validity_gate_8; module_bonus_ui_interaction_12; module_bonus_data_collection_22; module_bonus_telemetry_20; evidence_bonus_telemetry_or_network_hits_12; sensitive_sink_data_collection_bonus_15; sensitive_sink_telemetry_bonus_15; keyword_support_eye_or_gaze_2_bonus_8; keyword_support_collection_or_telemetry_4_bonus_16,C:\realDesktop\manifest-evaluations\summer-26\ghidra-pipeline\il2cpp-files\ZombiesMRFree\general-structure-results\70_high_general_structure_review_high\0358bb84_Pathfinding.Polygon.ClosestPointOnTriangleByRef_0000034B$PostfixBurstDelegate$$BeginInvoke.c,C:\realDesktop\manifest-evaluations\summer-26\ghidra-pipeline\il2cpp-files\ZombiesMRFree\manual-review-pack\A_must_review\080_p217_Pathfinding.Polygon.ClosestPointOnTriangleByRef_0000034B$PostfixBurstDelegate$$BeginInvoke.c
81,217,A_must_review,Newtonsoft.Json.Serialization.JsonContract$$InvokeOnSerialized,05ab24d0,89,70_high_general_structure_review_high,validity_gate; ui_interaction; data_collection; telemetry,validity_or_gating_hits_2; ui_or_gameplay_sink_hits_2; strong_file_logging_hits_2; telemetry_or_network_hits_2; cap_below_near_certain_without_eye_anchor_or_ordered_structure,base_scanner_score_89; module_bonus_validity_gate_8; module_bonus_ui_interaction_12; module_bonus_data_collection_22; module_bonus_telemetry_20; evidence_bonus_telemetry_or_network_hits_12; sensitive_sink_data_collection_bonus_15; sensitive_sink_telemetry_bonus_15; keyword_support_eye_or_gaze_2_bonus_8; keyword_support_collection_or_telemetry_4_bonus_16,C:\realDesktop\manifest-evaluations\summer-26\ghidra-pipeline\il2cpp-files\ZombiesMRFree\general-structure-results\70_high_general_structure_review_high\05ab24d0_Newtonsoft.Json.Serialization.JsonContract$$InvokeOnSerialized.c,C:\realDesktop\manifest-evaluations\summer-26\ghidra-pipeline\il2cpp-files\ZombiesMRFree\manual-review-pack\A_must_review\081_p217_Newtonsoft.Json.Serialization.JsonContract$$InvokeOnSerialized.c
82,217,A_must_review,Newtonsoft.Json.Serialization.JsonContract$$InvokeOnDeserialized,05ab2790,89,70_high_general_structure_review_high,validity_gate; ui_interaction; data_collection; telemetry,validity_or_gating_hits_5; ui_or_gameplay_sink_hits_2; strong_file_logging_hits_2; telemetry_or_network_hits_2; cap_below_near_certain_without_eye_anchor_or_ordered_structure,base_scanner_score_89; module_bonus_validity_gate_8; module_bonus_ui_interaction_12; module_bonus_data_collection_22; module_bonus_telemetry_20; evidence_bonus_telemetry_or_network_hits_12; sensitive_sink_data_collection_bonus_15; sensitive_sink_telemetry_bonus_15; keyword_support_eye_or_gaze_2_bonus_8; keyword_support_collection_or_telemetry_4_bonus_16,C:\realDesktop\manifest-evaluations\summer-26\ghidra-pipeline\il2cpp-files\ZombiesMRFree\general-structure-results\70_high_general_structure_review_high\05ab2790_Newtonsoft.Json.Serialization.JsonContract$$InvokeOnDeserialized.c,C:\realDesktop\manifest-evaluations\summer-26\ghidra-pipeline\il2cpp-files\ZombiesMRFree\manual-review-pack\A_must_review\082_p217_Newtonsoft.Json.Serialization.JsonContract$$InvokeOnDeserialized.c
83,216,A_must_review,OVRPlugin$$get_eyeTrackedFoveatedRenderingEnabled,05d1af90,150,90_plus_attempted_dynamic_eye_tracked_foveation_near_certain,eye_source; weak_source_state; validity_gate; foveation_rendering; attempted_use; dynamic_foveation_possible,strong_eye_source_hits_6; weak_xr_or_state_hits_6; validity_or_gating_hits_3; strong_foveation_hits_2; attempted_eye_tracking_permission_or_feature_enable; attempted_eye_tracking_with_foveated_rendering_path; functionality_foveated_rendering,base_scanner_score_150; module_bonus_validity_gate_8; module_bonus_foveation_rendering_20; sensitive_sink_foveation_bonus_12; keyword_support_eye_or_gaze_5_bonus_20; keyword_support_sdk_2_bonus_6,C:\realDesktop\manifest-evaluations\summer-26\ghidra-pipeline\il2cpp-files\ZombiesMRFree\general-structure-results\90_plus_attempted_dynamic_eye_tracked_foveation_near_certain\05d1af90_OVRPlugin$$get_eyeTrackedFoveatedRenderingEnabled.c,C:\realDesktop\manifest-evaluations\summer-26\ghidra-pipeline\il2cpp-files\ZombiesMRFree\manual-review-pack\A_must_review\083_p216_OVRPlugin$$get_eyeTrackedFoveatedRenderingEnabled.c
84,216,A_must_review,FUN_06980d6c,06980d6c,86,70_high_general_structure_review_high,validity_gate; ray_interaction; telemetry; keyword_support,validity_or_gating_hits_12; ray_or_cast_sink_hits_4; telemetry_or_network_hits_2; eye_or_gaze_keyword_boost_only,base_scanner_score_86; module_bonus_validity_gate_8; module_bonus_ray_interaction_15; module_bonus_telemetry_20; module_bonus_keyword_support_12; evidence_bonus_telemetry_or_network_hits_12; evidence_bonus_eye_or_gaze_keyword_boost_12; sensitive_sink_telemetry_bonus_15; keyword_support_eye_or_gaze_5_bonus_20; keyword_support_collection_or_telemetry_4_bonus_16,C:\realDesktop\manifest-evaluations\summer-26\ghidra-pipeline\il2cpp-files\ZombiesMRFree\general-structure-results\70_high_general_structure_review_high\06980d6c_FUN_06980d6c.c,C:\realDesktop\manifest-evaluations\summer-26\ghidra-pipeline\il2cpp-files\ZombiesMRFree\manual-review-pack\A_must_review\084_p216_FUN_06980d6c.c
85,215,A_must_review,OVRPlugin$$SendEvent,05d1c594,115,90_plus_uncertain_gaze_or_xr_structure_near_certain,eye_source; weak_source_state; validity_gate; telemetry,strong_eye_source_hits_3; weak_xr_or_state_hits_3; validity_or_gating_hits_4; telemetry_or_network_hits_2; functionality_data_collection_or_telemetry_hits_2,base_scanner_score_115; module_bonus_validity_gate_8; module_bonus_telemetry_20; evidence_bonus_telemetry_or_network_hits_12; sensitive_sink_telemetry_bonus_15; keyword_support_eye_or_gaze_5_bonus_20; keyword_support_sdk_3_bonus_9; keyword_support_collection_or_telemetry_4_bonus_16,C:\realDesktop\manifest-evaluations\summer-26\ghidra-pipeline\il2cpp-files\ZombiesMRFree\general-structure-results\90_plus_uncertain_gaze_or_xr_structure_near_certain\05d1c594_OVRPlugin$$SendEvent.c,C:\realDesktop\manifest-evaluations\summer-26\ghidra-pipeline\il2cpp-files\ZombiesMRFree\manual-review-pack\A_must_review\085_p215_OVRPlugin$$SendEvent.c
86,213,A_must_review,UnityEngine.EventSystems.PointerInputModule.ButtonState$$get_eventData,06a657dc,74,70_high_likely_false_positive_high,weak_source_state; validity_gate; ray_interaction; ui_interaction; telemetry; frame_behavior; keyword_support,weak_xr_or_state_hits_3; validity_or_gating_hits_2; ray_or_cast_sink_hits_3; ui_or_gameplay_sink_hits_7; telemetry_or_network_hits_7; frame_or_lifecycle_behavior; eye_or_gaze_keyword_boost_only; negative_framework_namespace_without_eye_use_flow; functionality_possible_biometrics_hits_2,base_scanner_score_74; module_bonus_validity_gate_8; module_bonus_ray_interaction_15; module_bonus_ui_interaction_12; module_bonus_telemetry_20; module_bonus_frame_behavior_5; module_bonus_keyword_support_12; evidence_bonus_telemetry_or_network_hits_12; evidence_bonus_eye_or_gaze_keyword_boost_12; sensitive_sink_telemetry_bonus_15; keyword_support_eye_or_gaze_5_bonus_20; keyword_support_collection_or_telemetry_2_bonus_8,C:\realDesktop\manifest-evaluations\summer-26\ghidra-pipeline\il2cpp-files\ZombiesMRFree\general-structure-results\70_high_likely_false_positive_high\06a657dc_UnityEngine.EventSystems.PointerInputModule.ButtonState$$get_eventData.c,C:\realDesktop\manifest-evaluations\summer-26\ghidra-pipeline\il2cpp-files\ZombiesMRFree\manual-review-pack\A_must_review\086_p213_UnityEngine.EventSystems.PointerInputModule.ButtonState$$get_eventData.c
87,212,A_must_review,Meta.XR.EnvironmentDepthRaycaster$$ClosestPointOnFirstRay,057c2760,114,90_plus_uncertain_gaze_interaction_near_certain,eye_source; pose_vector; ray_interaction; data_collection,strong_eye_source_hits_1; strong_pose_or_ray_construction_hits_4; ray_or_cast_sink_hits_2; strong_file_logging_hits_2; functionality_gaze_interaction_hits_2; functionality_data_collection_or_telemetry_hits_2,base_scanner_score_114; module_bonus_pose_vector_10; module_bonus_ray_interaction_15; module_bonus_data_collection_22; sensitive_sink_data_collection_bonus_15; keyword_support_eye_or_gaze_5_bonus_20; keyword_support_collection_or_telemetry_4_bonus_16,C:\realDesktop\manifest-evaluations\summer-26\ghidra-pipeline\il2cpp-files\ZombiesMRFree\general-structure-results\90_plus_uncertain_gaze_interaction_near_certain\057c2760_Meta.XR.EnvironmentDepthRaycaster$$ClosestPointOnFirstRay.c,C:\realDesktop\manifest-evaluations\summer-26\ghidra-pipeline\il2cpp-files\ZombiesMRFree\manual-review-pack\A_must_review\087_p212_Meta.XR.EnvironmentDepthRaycaster$$ClosestPointOnFirstRay.c
88,211,A_must_review,FUN_06b05354,06b05354,114,90_plus_uncertain_gaze_or_xr_structure_near_certain,eye_source; weak_source_state; validity_gate; telemetry,strong_eye_source_hits_2; weak_xr_or_state_hits_4; validity_or_gating_hits_21; telemetry_or_network_hits_10; functionality_data_collection_or_telemetry_hits_10,base_scanner_score_114; module_bonus_validity_gate_8; module_bonus_telemetry_20; evidence_bonus_telemetry_or_network_hits_12; sensitive_sink_telemetry_bonus_15; keyword_support_eye_or_gaze_5_bonus_20; keyword_support_sdk_2_bonus_6; keyword_support_collection_or_telemetry_4_bonus_16,C:\realDesktop\manifest-evaluations\summer-26\ghidra-pipeline\il2cpp-files\ZombiesMRFree\general-structure-results\90_plus_uncertain_gaze_or_xr_structure_near_certain\06b05354_FUN_06b05354.c,C:\realDesktop\manifest-evaluations\summer-26\ghidra-pipeline\il2cpp-files\ZombiesMRFree\manual-review-pack\A_must_review\088_p211_FUN_06b05354.c
89,211,A_must_review,UnityEngine.EventSystems.PointerInputModule$$ToString,06a65348,72,70_high_general_structure_review_high,weak_source_state; validity_gate; ray_interaction; ui_interaction; telemetry; frame_behavior; keyword_support,weak_xr_or_state_hits_2; validity_or_gating_hits_2; ray_or_cast_sink_hits_4; ui_or_gameplay_sink_hits_5; telemetry_or_network_hits_14; frame_or_lifecycle_behavior; eye_or_gaze_keyword_boost_only; negative_framework_namespace_without_eye_use_flow; functionality_possible_biometrics_hits_2,base_scanner_score_72; module_bonus_validity_gate_8; module_bonus_ray_interaction_15; module_bonus_ui_interaction_12; module_bonus_telemetry_20; module_bonus_frame_behavior_5; module_bonus_keyword_support_12; evidence_bonus_telemetry_or_network_hits_12; evidence_bonus_eye_or_gaze_keyword_boost_12; sensitive_sink_telemetry_bonus_15; keyword_support_eye_or_gaze_5_bonus_20; keyword_support_collection_or_telemetry_2_bonus_8,C:\realDesktop\manifest-evaluations\summer-26\ghidra-pipeline\il2cpp-files\ZombiesMRFree\general-structure-results\70_high_general_structure_review_high\06a65348_UnityEngine.EventSystems.PointerInputModule$$ToString.c,C:\realDesktop\manifest-evaluations\summer-26\ghidra-pipeline\il2cpp-files\ZombiesMRFree\manual-review-pack\A_must_review\089_p211_UnityEngine.EventSystems.PointerInputModule$$ToString.c
90,211,A_must_review,UnityEngine.EventSystems.PointerInputModule$$DeselectIfSelectionChanged,06a655b0,72,70_high_general_structure_review_high,weak_source_state; validity_gate; ray_interaction; ui_interaction; telemetry; frame_behavior; keyword_support,weak_xr_or_state_hits_2; validity_or_gating_hits_2; ray_or_cast_sink_hits_3; ui_or_gameplay_sink_hits_7; telemetry_or_network_hits_7; frame_or_lifecycle_behavior; eye_or_gaze_keyword_boost_only; negative_framework_namespace_without_eye_use_flow; functionality_possible_biometrics_hits_2,base_scanner_score_72; module_bonus_validity_gate_8; module_bonus_ray_interaction_15; module_bonus_ui_interaction_12; module_bonus_telemetry_20; module_bonus_frame_behavior_5; module_bonus_keyword_support_12; evidence_bonus_telemetry_or_network_hits_12; evidence_bonus_eye_or_gaze_keyword_boost_12; sensitive_sink_telemetry_bonus_15; keyword_support_eye_or_gaze_5_bonus_20; keyword_support_collection_or_telemetry_2_bonus_8,C:\realDesktop\manifest-evaluations\summer-26\ghidra-pipeline\il2cpp-files\ZombiesMRFree\general-structure-results\70_high_general_structure_review_high\06a655b0_UnityEngine.EventSystems.PointerInputModule$$DeselectIfSelectionChanged.c,C:\realDesktop\manifest-evaluations\summer-26\ghidra-pipeline\il2cpp-files\ZombiesMRFree\manual-review-pack\A_must_review\090_p211_UnityEngine.EventSystems.PointerInputModule$$DeselectIfSelectionChanged.c
91,210,A_must_review,System.Array$$InternalArray__ICollection_Add<OVRPlugin.EyeGazeState>,03dda75c,158,90_plus_confirmed_gaze_retrieval_near_certain,eye_source; weak_source_state; validity_gate; pose_vector; paired_state_refs; attempted_use; active_gaze_retrieval,strong_eye_source_hits_4; weak_xr_or_state_hits_2; validity_or_gating_hits_1; strong_pose_or_ray_construction_hits_2; paired_field_refs_with_eye_source; attempted_eye_tracking_permission_or_feature_enable; active_gaze_state_retrieval_with_validity_and_pose; functionality_gaze_retrieval_or_extraction,base_scanner_score_158; module_bonus_validity_gate_8; module_bonus_pose_vector_10; module_bonus_paired_state_refs_8; keyword_support_eye_or_gaze_5_bonus_20; keyword_support_sdk_2_bonus_6,C:\realDesktop\manifest-evaluations\summer-26\ghidra-pipeline\il2cpp-files\ZombiesMRFree\general-structure-results\90_plus_confirmed_gaze_retrieval_near_certain\03dda75c_System.Array$$InternalArray__ICollection_Add_OVRPlugin.EyeGazeState_.c,C:\realDesktop\manifest-evaluations\summer-26\ghidra-pipeline\il2cpp-files\ZombiesMRFree\manual-review-pack\A_must_review\091_p210_System.Array$$InternalArray__ICollection_Add_OVRPlugin.EyeGazeState_.c
92,210,A_must_review,OVRManager$$set_eyeTrackedFoveatedRenderingEnabled,05cfc37c,144,90_plus_attempted_dynamic_eye_tracked_foveation_near_certain,eye_source; weak_source_state; validity_gate; foveation_rendering; attempted_use; dynamic_foveation_possible,strong_eye_source_hits_6; weak_xr_or_state_hits_4; validity_or_gating_hits_1; strong_foveation_hits_2; attempted_eye_tracking_permission_or_feature_enable; attempted_eye_tracking_with_foveated_rendering_path; functionality_foveated_rendering,base_scanner_score_144; module_bonus_validity_gate_8; module_bonus_foveation_rendering_20; sensitive_sink_foveation_bonus_12; keyword_support_eye_or_gaze_5_bonus_20; keyword_support_sdk_2_bonus_6,C:\realDesktop\manifest-evaluations\summer-26\ghidra-pipeline\il2cpp-files\ZombiesMRFree\general-structure-results\90_plus_attempted_dynamic_eye_tracked_foveation_near_certain\05cfc37c_OVRManager$$set_eyeTrackedFoveatedRenderingEnabled.c,C:\realDesktop\manifest-evaluations\summer-26\ghidra-pipeline\il2cpp-files\ZombiesMRFree\manual-review-pack\A_must_review\092_p210_OVRManager$$set_eyeTrackedFoveatedRenderingEnabled.c
93,210,A_must_review,OVRManager$$SetEyeTrackedFoveatedRenderingEnabled,05cfc534,144,90_plus_attempted_dynamic_eye_tracked_foveation_near_certain,eye_source; weak_source_state; validity_gate; foveation_rendering; attempted_use; dynamic_foveation_possible,strong_eye_source_hits_6; weak_xr_or_state_hits_4; validity_or_gating_hits_1; strong_foveation_hits_2; attempted_eye_tracking_permission_or_feature_enable; attempted_eye_tracking_with_foveated_rendering_path; functionality_foveated_rendering,base_scanner_score_144; module_bonus_validity_gate_8; module_bonus_foveation_rendering_20; sensitive_sink_foveation_bonus_12; keyword_support_eye_or_gaze_5_bonus_20; keyword_support_sdk_2_bonus_6,C:\realDesktop\manifest-evaluations\summer-26\ghidra-pipeline\il2cpp-files\ZombiesMRFree\general-structure-results\90_plus_attempted_dynamic_eye_tracked_foveation_near_certain\05cfc534_OVRManager$$SetEyeTrackedFoveatedRenderingEnabled.c,C:\realDesktop\manifest-evaluations\summer-26\ghidra-pipeline\il2cpp-files\ZombiesMRFree\manual-review-pack\A_must_review\093_p210_OVRManager$$SetEyeTrackedFoveatedRenderingEnabled.c
94,210,A_must_review,OVRManager$$GetEyeTrackedFoveatedRenderingSupported,05cfc290,144,90_plus_attempted_dynamic_eye_tracked_foveation_near_certain,eye_source; weak_source_state; validity_gate; foveation_rendering; attempted_use; dynamic_foveation_possible,strong_eye_source_hits_6; weak_xr_or_state_hits_4; validity_or_gating_hits_1; strong_foveation_hits_2; attempted_eye_tracking_permission_or_feature_enable; attempted_eye_tracking_with_foveated_rendering_path; functionality_foveated_rendering,base_scanner_score_144; module_bonus_validity_gate_8; module_bonus_foveation_rendering_20; sensitive_sink_foveation_bonus_12; keyword_support_eye_or_gaze_5_bonus_20; keyword_support_sdk_2_bonus_6,C:\realDesktop\manifest-evaluations\summer-26\ghidra-pipeline\il2cpp-files\ZombiesMRFree\general-structure-results\90_plus_attempted_dynamic_eye_tracked_foveation_near_certain\05cfc290_OVRManager$$GetEyeTrackedFoveatedRenderingSupported.c,C:\realDesktop\manifest-evaluations\summer-26\ghidra-pipeline\il2cpp-files\ZombiesMRFree\manual-review-pack\A_must_review\094_p210_OVRManager$$GetEyeTrackedFoveatedRenderingSupported.c
95,209,A_must_review,OVRPlugin$$GetNativeOpenXRSession,05d28640,106,90_plus_uncertain_gaze_or_xr_structure_near_certain,eye_source; weak_source_state; validity_gate; telemetry,strong_eye_source_hits_2; weak_xr_or_state_hits_4; validity_or_gating_hits_3; telemetry_or_network_hits_2; functionality_data_collection_or_telemetry_hits_2,base_scanner_score_106; module_bonus_validity_gate_8; module_bonus_telemetry_20; evidence_bonus_telemetry_or_network_hits_12; sensitive_sink_telemetry_bonus_15; keyword_support_eye_or_gaze_5_bonus_20; keyword_support_sdk_4_bonus_12; keyword_support_collection_or_telemetry_4_bonus_16,C:\realDesktop\manifest-evaluations\summer-26\ghidra-pipeline\il2cpp-files\ZombiesMRFree\general-structure-results\90_plus_uncertain_gaze_or_xr_structure_near_certain\05d28640_OVRPlugin$$GetNativeOpenXRSession.c,C:\realDesktop\manifest-evaluations\summer-26\ghidra-pipeline\il2cpp-files\ZombiesMRFree\manual-review-pack\A_must_review\095_p209_OVRPlugin$$GetNativeOpenXRSession.c
96,209,A_must_review,UnityEngine.EventSystems.PointerInputModule.MouseState$$AnyReleasesThisFrame,06a658d0,70,70_high_general_structure_review_high,weak_source_state; validity_gate; ray_interaction; ui_interaction; telemetry; frame_behavior; keyword_support,weak_xr_or_state_hits_1; validity_or_gating_hits_2; ray_or_cast_sink_hits_3; ui_or_gameplay_sink_hits_3; telemetry_or_network_hits_7; frame_or_lifecycle_behavior; eye_or_gaze_keyword_boost_only; negative_framework_namespace_without_eye_use_flow; functionality_possible_biometrics_hits_1,base_scanner_score_70; module_bonus_validity_gate_8; module_bonus_ray_interaction_15; module_bonus_ui_interaction_12; module_bonus_telemetry_20; module_bonus_frame_behavior_5; module_bonus_keyword_support_12; evidence_bonus_telemetry_or_network_hits_12; evidence_bonus_eye_or_gaze_keyword_boost_12; sensitive_sink_telemetry_bonus_15; keyword_support_eye_or_gaze_5_bonus_20; keyword_support_collection_or_telemetry_2_bonus_8,C:\realDesktop\manifest-evaluations\summer-26\ghidra-pipeline\il2cpp-files\ZombiesMRFree\general-structure-results\70_high_general_structure_review_high\06a658d0_UnityEngine.EventSystems.PointerInputModule.MouseState$$AnyReleasesThisFrame.c,C:\realDesktop\manifest-evaluations\summer-26\ghidra-pipeline\il2cpp-files\ZombiesMRFree\manual-review-pack\A_must_review\096_p209_UnityEngine.EventSystems.PointerInputModule.MouseState$$AnyReleasesThisFrame.c
97,209,A_must_review,UnityEngine.EventSystems.PointerInputModule.MouseState$$AnyPressesThisFrame,06a65804,70,70_high_general_structure_review_high,weak_source_state; validity_gate; ray_interaction; ui_interaction; telemetry; frame_behavior; keyword_support,weak_xr_or_state_hits_1; validity_or_gating_hits_2; ray_or_cast_sink_hits_3; ui_or_gameplay_sink_hits_4; telemetry_or_network_hits_7; frame_or_lifecycle_behavior; eye_or_gaze_keyword_boost_only; negative_framework_namespace_without_eye_use_flow; functionality_possible_biometrics_hits_2,base_scanner_score_70; module_bonus_validity_gate_8; module_bonus_ray_interaction_15; module_bonus_ui_interaction_12; module_bonus_telemetry_20; module_bonus_frame_behavior_5; module_bonus_keyword_support_12; evidence_bonus_telemetry_or_network_hits_12; evidence_bonus_eye_or_gaze_keyword_boost_12; sensitive_sink_telemetry_bonus_15; keyword_support_eye_or_gaze_5_bonus_20; keyword_support_collection_or_telemetry_2_bonus_8,C:\realDesktop\manifest-evaluations\summer-26\ghidra-pipeline\il2cpp-files\ZombiesMRFree\general-structure-results\70_high_general_structure_review_high\06a65804_UnityEngine.EventSystems.PointerInputModule.MouseState$$AnyPressesThisFrame.c,C:\realDesktop\manifest-evaluations\summer-26\ghidra-pipeline\il2cpp-files\ZombiesMRFree\manual-review-pack\A_must_review\097_p209_UnityEngine.EventSystems.PointerInputModule.MouseState$$AnyPressesThisFrame.c
98,209,A_must_review,UnityEngine.EventSystems.PointerInputModule.MouseState$$.ctor,06a65754,70,70_high_general_structure_review_high,weak_source_state; validity_gate; ray_interaction; ui_interaction; telemetry; frame_behavior; keyword_support,weak_xr_or_state_hits_1; validity_or_gating_hits_2; ray_or_cast_sink_hits_3; ui_or_gameplay_sink_hits_5; telemetry_or_network_hits_7; frame_or_lifecycle_behavior; eye_or_gaze_keyword_boost_only; negative_framework_namespace_without_eye_use_flow; functionality_possible_biometrics_hits_2,base_scanner_score_70; module_bonus_validity_gate_8; module_bonus_ray_interaction_15; module_bonus_ui_interaction_12; module_bonus_telemetry_20; module_bonus_frame_behavior_5; module_bonus_keyword_support_12; evidence_bonus_telemetry_or_network_hits_12; evidence_bonus_eye_or_gaze_keyword_boost_12; sensitive_sink_telemetry_bonus_15; keyword_support_eye_or_gaze_5_bonus_20; keyword_support_collection_or_telemetry_2_bonus_8,C:\realDesktop\manifest-evaluations\summer-26\ghidra-pipeline\il2cpp-files\ZombiesMRFree\general-structure-results\70_high_general_structure_review_high\06a65754_UnityEngine.EventSystems.PointerInputModule.MouseState$$.ctor.c,C:\realDesktop\manifest-evaluations\summer-26\ghidra-pipeline\il2cpp-files\ZombiesMRFree\manual-review-pack\A_must_review\098_p209_UnityEngine.EventSystems.PointerInputModule.MouseState$$.ctor.c
99,209,A_must_review,UnityEngine.EventSystems.PointerInputModule.MouseButtonEventData$$PressedThisFrame,06a658c0,70,70_high_likely_false_positive_high,weak_source_state; validity_gate; ray_interaction; ui_interaction; telemetry; frame_behavior; keyword_support,weak_xr_or_state_hits_1; validity_or_gating_hits_2; ray_or_cast_sink_hits_3; ui_or_gameplay_sink_hits_5; telemetry_or_network_hits_7; frame_or_lifecycle_behavior; eye_or_gaze_keyword_boost_only; negative_framework_namespace_without_eye_use_flow; functionality_possible_biometrics_hits_1,base_scanner_score_70; module_bonus_validity_gate_8; module_bonus_ray_interaction_15; module_bonus_ui_interaction_12; module_bonus_telemetry_20; module_bonus_frame_behavior_5; module_bonus_keyword_support_12; evidence_bonus_telemetry_or_network_hits_12; evidence_bonus_eye_or_gaze_keyword_boost_12; sensitive_sink_telemetry_bonus_15; keyword_support_eye_or_gaze_5_bonus_20; keyword_support_collection_or_telemetry_2_bonus_8,C:\realDesktop\manifest-evaluations\summer-26\ghidra-pipeline\il2cpp-files\ZombiesMRFree\general-structure-results\70_high_likely_false_positive_high\06a658c0_UnityEngine.EventSystems.PointerInputModule.MouseButtonEventData$$PressedThisFrame.c,C:\realDesktop\manifest-evaluations\summer-26\ghidra-pipeline\il2cpp-files\ZombiesMRFree\manual-review-pack\A_must_review\099_p209_UnityEngine.EventSystems.PointerInputModule.MouseButtonEventData$$PressedThisFrame.c
100,209,A_must_review,UnityEngine.EventSystems.PointerInputModule.ButtonState$$set_eventData,06a657e4,70,70_high_likely_false_positive_high,weak_source_state; validity_gate; ray_interaction; ui_interaction; telemetry; frame_behavior; keyword_support,weak_xr_or_state_hits_1; validity_or_gating_hits_2; ray_or_cast_sink_hits_3; ui_or_gameplay_sink_hits_7; telemetry_or_network_hits_7; frame_or_lifecycle_behavior; eye_or_gaze_keyword_boost_only; negative_framework_namespace_without_eye_use_flow; functionality_possible_biometrics_hits_2,base_scanner_score_70; module_bonus_validity_gate_8; module_bonus_ray_interaction_15; module_bonus_ui_interaction_12; module_bonus_telemetry_20; module_bonus_frame_behavior_5; module_bonus_keyword_support_12; evidence_bonus_telemetry_or_network_hits_12; evidence_bonus_eye_or_gaze_keyword_boost_12; sensitive_sink_telemetry_bonus_15; keyword_support_eye_or_gaze_5_bonus_20; keyword_support_collection_or_telemetry_2_bonus_8,C:\realDesktop\manifest-evaluations\summer-26\ghidra-pipeline\il2cpp-files\ZombiesMRFree\general-structure-results\70_high_likely_false_positive_high\06a657e4_UnityEngine.EventSystems.PointerInputModule.ButtonState$$set_eventData.c,C:\realDesktop\manifest-evaluations\summer-26\ghidra-pipeline\il2cpp-files\ZombiesMRFree\manual-review-pack\A_must_review\100_p209_UnityEngine.EventSystems.PointerInputModule.ButtonState$$set_eventData.c
