rank,manual_priority_score,manual_tier,function_name,entry_point,scanner_score,scanner_label,modules,evidence,priority_reasons,file_path,copied_file
1,516,A_must_review,UnityEngine.InputSystem.FastTouchscreen$$Initialize_ctrlTouchscreentouch3startPosition,0642fc30,353,90_plus_confirmed_eye_data_collection_near_certain,eye_source; weak_source_state; validity_gate; pose_vector; ray_interaction; ui_interaction; telemetry; frame_behavior; structure_combo; attempted_use; active_gaze_retrieval; active_gaze_interaction; active_gaze_collection; possible_biometrics,strong_eye_source_hits_8; weak_xr_or_state_hits_21; validity_or_gating_hits_3; strong_pose_or_ray_construction_hits_2; ray_or_cast_sink_hits_4; ui_or_gameplay_sink_hits_21; telemetry_or_network_hits_17; frame_or_lifecycle_behavior; source_validity_pose_sink_structure; strong_eye_source_validity_pose_sink_structure; attempted_eye_tracking_permission_or_feature_enable; active_gaze_state_retrieval_with_validity_and_pose; active_gaze_values_flow_to_interaction_sink; active_gaze_values_flow_to_collection_or_telemetry_sink; possible_biometric_feature_from_active_eye_context; functionality_gaze_retrieval_or_extraction; functionality_gaze_interaction_hits_21; functionality_data_collection_or_telemetry_hits_12; functionality_possible_biometrics_hits_4,base_scanner_score_353; module_bonus_validity_gate_8; module_bonus_pose_vector_10; module_bonus_ray_interaction_15; module_bonus_ui_interaction_12; module_bonus_telemetry_20; module_bonus_frame_behavior_5; module_bonus_structure_combo_18; evidence_bonus_telemetry_or_network_hits_12; sensitive_sink_telemetry_bonus_15; keyword_support_eye_or_gaze_5_bonus_20; keyword_support_sdk_4_bonus_12; keyword_support_collection_or_telemetry_4_bonus_16,C:\realDesktop\manifest-evaluations\summer-26\ghidra-pipeline\il2cpp-files\waitwhat\general-structure-results\90_plus_confirmed_eye_data_collection_near_certain\0642fc30_UnityEngine.InputSystem.FastTouchscreen$$Initialize_ctrlTouchscreentouch3startPosition.c,C:\realDesktop\manifest-evaluations\summer-26\ghidra-pipeline\il2cpp-files\waitwhat\manual-review-pack\A_must_review\001_p516_UnityEngine.InputSystem.FastTouchscreen$$Initialize_ctrlTouchscreentouch3startPosition.c
2,463,A_must_review,FUN_06bbe694,06bbe694,300,90_plus_uncertain_gaze_interaction_near_certain,eye_source; weak_source_state; validity_gate; pose_vector; ray_interaction; ui_interaction; telemetry; frame_behavior; structure_combo; ordered_structure,strong_eye_source_hits_4; weak_xr_or_state_hits_6; validity_or_gating_hits_1; strong_pose_or_ray_construction_hits_21; ray_or_cast_sink_hits_10; ui_or_gameplay_sink_hits_4; telemetry_or_network_hits_12; frame_or_lifecycle_behavior; source_validity_pose_sink_structure; strong_eye_source_validity_pose_sink_structure; ordered_eye_source_validity_pose_collection_sink; ordered_eye_source_validity_pose_interaction_sink; functionality_gaze_interaction_hits_14; functionality_data_collection_or_telemetry_hits_2,base_scanner_score_300; module_bonus_validity_gate_8; module_bonus_pose_vector_10; module_bonus_ray_interaction_15; module_bonus_ui_interaction_12; module_bonus_telemetry_20; module_bonus_frame_behavior_5; module_bonus_structure_combo_18; evidence_bonus_telemetry_or_network_hits_12; sensitive_sink_telemetry_bonus_15; keyword_support_eye_or_gaze_5_bonus_20; keyword_support_sdk_4_bonus_12; keyword_support_collection_or_telemetry_4_bonus_16,C:\realDesktop\manifest-evaluations\summer-26\ghidra-pipeline\il2cpp-files\waitwhat\general-structure-results\90_plus_uncertain_gaze_interaction_near_certain\06bbe694_FUN_06bbe694.c,C:\realDesktop\manifest-evaluations\summer-26\ghidra-pipeline\il2cpp-files\waitwhat\manual-review-pack\A_must_review\002_p463_FUN_06bbe694.c
3,443,A_must_review,UnityEngine.EventSystems.PointerInputModule$$RemovePointerData,06bbeb34,280,90_plus_framework_support_only_near_certain,eye_source; weak_source_state; validity_gate; pose_vector; ray_interaction; ui_interaction; telemetry; frame_behavior; structure_combo; ordered_structure,strong_eye_source_hits_4; weak_xr_or_state_hits_5; validity_or_gating_hits_1; strong_pose_or_ray_construction_hits_15; ray_or_cast_sink_hits_9; ui_or_gameplay_sink_hits_4; telemetry_or_network_hits_8; frame_or_lifecycle_behavior; source_validity_pose_sink_structure; strong_eye_source_validity_pose_sink_structure; ordered_eye_source_validity_pose_collection_sink; ordered_eye_source_validity_pose_interaction_sink; negative_framework_support_context_without_confirmed_app_level_gaze_flow; functionality_gaze_interaction_hits_13; functionality_data_collection_or_telemetry_hits_1,base_scanner_score_280; module_bonus_validity_gate_8; module_bonus_pose_vector_10; module_bonus_ray_interaction_15; module_bonus_ui_interaction_12; module_bonus_telemetry_20; module_bonus_frame_behavior_5; module_bonus_structure_combo_18; evidence_bonus_telemetry_or_network_hits_12; sensitive_sink_telemetry_bonus_15; keyword_support_eye_or_gaze_5_bonus_20; keyword_support_sdk_4_bonus_12; keyword_support_collection_or_telemetry_4_bonus_16,C:\realDesktop\manifest-evaluations\summer-26\ghidra-pipeline\il2cpp-files\waitwhat\general-structure-results\90_plus_framework_support_only_near_certain\06bbeb34_UnityEngine.EventSystems.PointerInputModule$$RemovePointerData.c,C:\realDesktop\manifest-evaluations\summer-26\ghidra-pipeline\il2cpp-files\waitwhat\manual-review-pack\A_must_review\003_p443_UnityEngine.EventSystems.PointerInputModule$$RemovePointerData.c
4,443,A_must_review,UnityEngine.EventSystems.PointerInputModule$$GetTouchPointerEventData,06bbeb90,280,90_plus_framework_support_only_near_certain,eye_source; weak_source_state; validity_gate; pose_vector; ray_interaction; ui_interaction; telemetry; frame_behavior; structure_combo; ordered_structure,strong_eye_source_hits_4; weak_xr_or_state_hits_7; validity_or_gating_hits_1; strong_pose_or_ray_construction_hits_15; ray_or_cast_sink_hits_9; ui_or_gameplay_sink_hits_4; telemetry_or_network_hits_8; frame_or_lifecycle_behavior; source_validity_pose_sink_structure; strong_eye_source_validity_pose_sink_structure; ordered_eye_source_validity_pose_collection_sink; ordered_eye_source_validity_pose_interaction_sink; negative_framework_support_context_without_confirmed_app_level_gaze_flow; functionality_gaze_interaction_hits_13; functionality_data_collection_or_telemetry_hits_1,base_scanner_score_280; module_bonus_validity_gate_8; module_bonus_pose_vector_10; module_bonus_ray_interaction_15; module_bonus_ui_interaction_12; module_bonus_telemetry_20; module_bonus_frame_behavior_5; module_bonus_structure_combo_18; evidence_bonus_telemetry_or_network_hits_12; sensitive_sink_telemetry_bonus_15; keyword_support_eye_or_gaze_5_bonus_20; keyword_support_sdk_4_bonus_12; keyword_support_collection_or_telemetry_4_bonus_16,C:\realDesktop\manifest-evaluations\summer-26\ghidra-pipeline\il2cpp-files\waitwhat\general-structure-results\90_plus_framework_support_only_near_certain\06bbeb90_UnityEngine.EventSystems.PointerInputModule$$GetTouchPointerEventData.c,C:\realDesktop\manifest-evaluations\summer-26\ghidra-pipeline\il2cpp-files\waitwhat\manual-review-pack\A_must_review\004_p443_UnityEngine.EventSystems.PointerInputModule$$GetTouchPointerEventData.c
5,443,A_must_review,UnityEngine.EventSystems.PointerInputModule$$GetPointerData,06bbea48,280,90_plus_framework_support_only_near_certain,eye_source; weak_source_state; validity_gate; pose_vector; ray_interaction; ui_interaction; telemetry; frame_behavior; structure_combo; ordered_structure,strong_eye_source_hits_4; weak_xr_or_state_hits_8; validity_or_gating_hits_1; strong_pose_or_ray_construction_hits_16; ray_or_cast_sink_hits_10; ui_or_gameplay_sink_hits_4; telemetry_or_network_hits_9; frame_or_lifecycle_behavior; source_validity_pose_sink_structure; strong_eye_source_validity_pose_sink_structure; ordered_eye_source_validity_pose_collection_sink; ordered_eye_source_validity_pose_interaction_sink; negative_framework_support_context_without_confirmed_app_level_gaze_flow; functionality_gaze_interaction_hits_14; functionality_data_collection_or_telemetry_hits_2,base_scanner_score_280; module_bonus_validity_gate_8; module_bonus_pose_vector_10; module_bonus_ray_interaction_15; module_bonus_ui_interaction_12; module_bonus_telemetry_20; module_bonus_frame_behavior_5; module_bonus_structure_combo_18; evidence_bonus_telemetry_or_network_hits_12; sensitive_sink_telemetry_bonus_15; keyword_support_eye_or_gaze_5_bonus_20; keyword_support_sdk_4_bonus_12; keyword_support_collection_or_telemetry_4_bonus_16,C:\realDesktop\manifest-evaluations\summer-26\ghidra-pipeline\il2cpp-files\waitwhat\general-structure-results\90_plus_framework_support_only_near_certain\06bbea48_UnityEngine.EventSystems.PointerInputModule$$GetPointerData.c,C:\realDesktop\manifest-evaluations\summer-26\ghidra-pipeline\il2cpp-files\waitwhat\manual-review-pack\A_must_review\005_p443_UnityEngine.EventSystems.PointerInputModule$$GetPointerData.c
6,443,A_must_review,UnityEngine.EventSystems.BaseInputModule$$UpdateModule,06bbe8e0,280,90_plus_framework_support_only_near_certain,eye_source; weak_source_state; validity_gate; pose_vector; ray_interaction; ui_interaction; telemetry; frame_behavior; structure_combo; ordered_structure,strong_eye_source_hits_4; weak_xr_or_state_hits_6; validity_or_gating_hits_1; strong_pose_or_ray_construction_hits_16; ray_or_cast_sink_hits_10; ui_or_gameplay_sink_hits_4; telemetry_or_network_hits_9; frame_or_lifecycle_behavior; source_validity_pose_sink_structure; strong_eye_source_validity_pose_sink_structure; ordered_eye_source_validity_pose_collection_sink; ordered_eye_source_validity_pose_interaction_sink; negative_framework_support_context_without_confirmed_app_level_gaze_flow; functionality_gaze_interaction_hits_14; functionality_data_collection_or_telemetry_hits_2,base_scanner_score_280; module_bonus_validity_gate_8; module_bonus_pose_vector_10; module_bonus_ray_interaction_15; module_bonus_ui_interaction_12; module_bonus_telemetry_20; module_bonus_frame_behavior_5; module_bonus_structure_combo_18; evidence_bonus_telemetry_or_network_hits_12; sensitive_sink_telemetry_bonus_15; keyword_support_eye_or_gaze_5_bonus_20; keyword_support_sdk_4_bonus_12; keyword_support_collection_or_telemetry_4_bonus_16,C:\realDesktop\manifest-evaluations\summer-26\ghidra-pipeline\il2cpp-files\waitwhat\general-structure-results\90_plus_framework_support_only_near_certain\06bbe8e0_UnityEngine.EventSystems.BaseInputModule$$UpdateModule.c,C:\realDesktop\manifest-evaluations\summer-26\ghidra-pipeline\il2cpp-files\waitwhat\manual-review-pack\A_must_review\006_p443_UnityEngine.EventSystems.BaseInputModule$$UpdateModule.c
7,443,A_must_review,UnityEngine.EventSystems.BaseInputModule$$ShouldActivateModule,06bbe898,280,90_plus_framework_support_only_near_certain,eye_source; weak_source_state; validity_gate; pose_vector; ray_interaction; ui_interaction; telemetry; frame_behavior; structure_combo; ordered_structure,strong_eye_source_hits_4; weak_xr_or_state_hits_6; validity_or_gating_hits_1; strong_pose_or_ray_construction_hits_16; ray_or_cast_sink_hits_10; ui_or_gameplay_sink_hits_4; telemetry_or_network_hits_9; frame_or_lifecycle_behavior; source_validity_pose_sink_structure; strong_eye_source_validity_pose_sink_structure; ordered_eye_source_validity_pose_collection_sink; ordered_eye_source_validity_pose_interaction_sink; negative_framework_support_context_without_confirmed_app_level_gaze_flow; functionality_gaze_interaction_hits_14; functionality_data_collection_or_telemetry_hits_2,base_scanner_score_280; module_bonus_validity_gate_8; module_bonus_pose_vector_10; module_bonus_ray_interaction_15; module_bonus_ui_interaction_12; module_bonus_telemetry_20; module_bonus_frame_behavior_5; module_bonus_structure_combo_18; evidence_bonus_telemetry_or_network_hits_12; sensitive_sink_telemetry_bonus_15; keyword_support_eye_or_gaze_5_bonus_20; keyword_support_sdk_4_bonus_12; keyword_support_collection_or_telemetry_4_bonus_16,C:\realDesktop\manifest-evaluations\summer-26\ghidra-pipeline\il2cpp-files\waitwhat\general-structure-results\90_plus_framework_support_only_near_certain\06bbe898_UnityEngine.EventSystems.BaseInputModule$$ShouldActivateModule.c,C:\realDesktop\manifest-evaluations\summer-26\ghidra-pipeline\il2cpp-files\waitwhat\manual-review-pack\A_must_review\007_p443_UnityEngine.EventSystems.BaseInputModule$$ShouldActivateModule.c
8,443,A_must_review,UnityEngine.EventSystems.BaseInputModule$$IsPointerOverGameObject,06bbe890,280,90_plus_framework_support_only_near_certain,eye_source; weak_source_state; validity_gate; pose_vector; ray_interaction; ui_interaction; telemetry; frame_behavior; structure_combo; ordered_structure,strong_eye_source_hits_4; weak_xr_or_state_hits_6; validity_or_gating_hits_1; strong_pose_or_ray_construction_hits_16; ray_or_cast_sink_hits_10; ui_or_gameplay_sink_hits_4; telemetry_or_network_hits_9; frame_or_lifecycle_behavior; source_validity_pose_sink_structure; strong_eye_source_validity_pose_sink_structure; ordered_eye_source_validity_pose_collection_sink; ordered_eye_source_validity_pose_interaction_sink; negative_framework_support_context_without_confirmed_app_level_gaze_flow; functionality_gaze_interaction_hits_14; functionality_data_collection_or_telemetry_hits_2,base_scanner_score_280; module_bonus_validity_gate_8; module_bonus_pose_vector_10; module_bonus_ray_interaction_15; module_bonus_ui_interaction_12; module_bonus_telemetry_20; module_bonus_frame_behavior_5; module_bonus_structure_combo_18; evidence_bonus_telemetry_or_network_hits_12; sensitive_sink_telemetry_bonus_15; keyword_support_eye_or_gaze_5_bonus_20; keyword_support_sdk_4_bonus_12; keyword_support_collection_or_telemetry_4_bonus_16,C:\realDesktop\manifest-evaluations\summer-26\ghidra-pipeline\il2cpp-files\waitwhat\general-structure-results\90_plus_framework_support_only_near_certain\06bbe890_UnityEngine.EventSystems.BaseInputModule$$IsPointerOverGameObject.c,C:\realDesktop\manifest-evaluations\summer-26\ghidra-pipeline\il2cpp-files\waitwhat\manual-review-pack\A_must_review\008_p443_UnityEngine.EventSystems.BaseInputModule$$IsPointerOverGameObject.c
9,443,A_must_review,UnityEngine.EventSystems.BaseInputModule$$IsModuleSupported,06bbe8e4,280,90_plus_framework_support_only_near_certain,eye_source; weak_source_state; validity_gate; pose_vector; ray_interaction; ui_interaction; telemetry; frame_behavior; structure_combo; ordered_structure,strong_eye_source_hits_4; weak_xr_or_state_hits_8; validity_or_gating_hits_1; strong_pose_or_ray_construction_hits_16; ray_or_cast_sink_hits_10; ui_or_gameplay_sink_hits_4; telemetry_or_network_hits_9; frame_or_lifecycle_behavior; source_validity_pose_sink_structure; strong_eye_source_validity_pose_sink_structure; ordered_eye_source_validity_pose_collection_sink; ordered_eye_source_validity_pose_interaction_sink; negative_framework_support_context_without_confirmed_app_level_gaze_flow; functionality_gaze_interaction_hits_14; functionality_data_collection_or_telemetry_hits_2,base_scanner_score_280; module_bonus_validity_gate_8; module_bonus_pose_vector_10; module_bonus_ray_interaction_15; module_bonus_ui_interaction_12; module_bonus_telemetry_20; module_bonus_frame_behavior_5; module_bonus_structure_combo_18; evidence_bonus_telemetry_or_network_hits_12; sensitive_sink_telemetry_bonus_15; keyword_support_eye_or_gaze_5_bonus_20; keyword_support_sdk_4_bonus_12; keyword_support_collection_or_telemetry_4_bonus_16,C:\realDesktop\manifest-evaluations\summer-26\ghidra-pipeline\il2cpp-files\waitwhat\general-structure-results\90_plus_framework_support_only_near_certain\06bbe8e4_UnityEngine.EventSystems.BaseInputModule$$IsModuleSupported.c,C:\realDesktop\manifest-evaluations\summer-26\ghidra-pipeline\il2cpp-files\waitwhat\manual-review-pack\A_must_review\009_p443_UnityEngine.EventSystems.BaseInputModule$$IsModuleSupported.c
10,443,A_must_review,UnityEngine.EventSystems.BaseInputModule$$GetNavigationEventDeviceType,06bbe9bc,280,90_plus_framework_support_only_near_certain,eye_source; weak_source_state; validity_gate; pose_vector; ray_interaction; ui_interaction; telemetry; frame_behavior; structure_combo; ordered_structure,strong_eye_source_hits_4; weak_xr_or_state_hits_6; validity_or_gating_hits_1; strong_pose_or_ray_construction_hits_16; ray_or_cast_sink_hits_10; ui_or_gameplay_sink_hits_4; telemetry_or_network_hits_9; frame_or_lifecycle_behavior; source_validity_pose_sink_structure; strong_eye_source_validity_pose_sink_structure; ordered_eye_source_validity_pose_collection_sink; ordered_eye_source_validity_pose_interaction_sink; negative_framework_support_context_without_confirmed_app_level_gaze_flow; functionality_gaze_interaction_hits_14; functionality_data_collection_or_telemetry_hits_2,base_scanner_score_280; module_bonus_validity_gate_8; module_bonus_pose_vector_10; module_bonus_ray_interaction_15; module_bonus_ui_interaction_12; module_bonus_telemetry_20; module_bonus_frame_behavior_5; module_bonus_structure_combo_18; evidence_bonus_telemetry_or_network_hits_12; sensitive_sink_telemetry_bonus_15; keyword_support_eye_or_gaze_5_bonus_20; keyword_support_sdk_4_bonus_12; keyword_support_collection_or_telemetry_4_bonus_16,C:\realDesktop\manifest-evaluations\summer-26\ghidra-pipeline\il2cpp-files\waitwhat\general-structure-results\90_plus_framework_support_only_near_certain\06bbe9bc_UnityEngine.EventSystems.BaseInputModule$$GetNavigationEventDeviceType.c,C:\realDesktop\manifest-evaluations\summer-26\ghidra-pipeline\il2cpp-files\waitwhat\manual-review-pack\A_must_review\010_p443_UnityEngine.EventSystems.BaseInputModule$$GetNavigationEventDeviceType.c
11,443,A_must_review,UnityEngine.EventSystems.BaseInputModule$$GetBaseEventData,06bbe814,280,90_plus_framework_support_only_near_certain,eye_source; weak_source_state; validity_gate; pose_vector; ray_interaction; ui_interaction; telemetry; frame_behavior; structure_combo; ordered_structure,strong_eye_source_hits_4; weak_xr_or_state_hits_8; validity_or_gating_hits_1; strong_pose_or_ray_construction_hits_16; ray_or_cast_sink_hits_10; ui_or_gameplay_sink_hits_4; telemetry_or_network_hits_9; frame_or_lifecycle_behavior; source_validity_pose_sink_structure; strong_eye_source_validity_pose_sink_structure; ordered_eye_source_validity_pose_collection_sink; ordered_eye_source_validity_pose_interaction_sink; negative_framework_support_context_without_confirmed_app_level_gaze_flow; functionality_gaze_interaction_hits_14; functionality_data_collection_or_telemetry_hits_2,base_scanner_score_280; module_bonus_validity_gate_8; module_bonus_pose_vector_10; module_bonus_ray_interaction_15; module_bonus_ui_interaction_12; module_bonus_telemetry_20; module_bonus_frame_behavior_5; module_bonus_structure_combo_18; evidence_bonus_telemetry_or_network_hits_12; sensitive_sink_telemetry_bonus_15; keyword_support_eye_or_gaze_5_bonus_20; keyword_support_sdk_4_bonus_12; keyword_support_collection_or_telemetry_4_bonus_16,C:\realDesktop\manifest-evaluations\summer-26\ghidra-pipeline\il2cpp-files\waitwhat\general-structure-results\90_plus_framework_support_only_near_certain\06bbe814_UnityEngine.EventSystems.BaseInputModule$$GetBaseEventData.c,C:\realDesktop\manifest-evaluations\summer-26\ghidra-pipeline\il2cpp-files\waitwhat\manual-review-pack\A_must_review\011_p443_UnityEngine.EventSystems.BaseInputModule$$GetBaseEventData.c
12,443,A_must_review,UnityEngine.EventSystems.BaseInputModule$$GetAxisEventData,06bbe718,280,90_plus_framework_support_only_near_certain,eye_source; weak_source_state; validity_gate; pose_vector; ray_interaction; ui_interaction; telemetry; frame_behavior; structure_combo; ordered_structure,strong_eye_source_hits_4; weak_xr_or_state_hits_8; validity_or_gating_hits_1; strong_pose_or_ray_construction_hits_21; ray_or_cast_sink_hits_10; ui_or_gameplay_sink_hits_4; telemetry_or_network_hits_11; frame_or_lifecycle_behavior; source_validity_pose_sink_structure; strong_eye_source_validity_pose_sink_structure; ordered_eye_source_validity_pose_collection_sink; ordered_eye_source_validity_pose_interaction_sink; negative_framework_support_context_without_confirmed_app_level_gaze_flow; functionality_gaze_interaction_hits_14; functionality_data_collection_or_telemetry_hits_2,base_scanner_score_280; module_bonus_validity_gate_8; module_bonus_pose_vector_10; module_bonus_ray_interaction_15; module_bonus_ui_interaction_12; module_bonus_telemetry_20; module_bonus_frame_behavior_5; module_bonus_structure_combo_18; evidence_bonus_telemetry_or_network_hits_12; sensitive_sink_telemetry_bonus_15; keyword_support_eye_or_gaze_5_bonus_20; keyword_support_sdk_4_bonus_12; keyword_support_collection_or_telemetry_4_bonus_16,C:\realDesktop\manifest-evaluations\summer-26\ghidra-pipeline\il2cpp-files\waitwhat\general-structure-results\90_plus_framework_support_only_near_certain\06bbe718_UnityEngine.EventSystems.BaseInputModule$$GetAxisEventData.c,C:\realDesktop\manifest-evaluations\summer-26\ghidra-pipeline\il2cpp-files\waitwhat\manual-review-pack\A_must_review\012_p443_UnityEngine.EventSystems.BaseInputModule$$GetAxisEventData.c
13,443,A_must_review,UnityEngine.EventSystems.BaseInputModule$$DeactivateModule,06bbe8d8,280,90_plus_framework_support_only_near_certain,eye_source; weak_source_state; validity_gate; pose_vector; ray_interaction; ui_interaction; telemetry; frame_behavior; structure_combo; ordered_structure,strong_eye_source_hits_4; weak_xr_or_state_hits_6; validity_or_gating_hits_1; strong_pose_or_ray_construction_hits_16; ray_or_cast_sink_hits_10; ui_or_gameplay_sink_hits_4; telemetry_or_network_hits_9; frame_or_lifecycle_behavior; source_validity_pose_sink_structure; strong_eye_source_validity_pose_sink_structure; ordered_eye_source_validity_pose_collection_sink; ordered_eye_source_validity_pose_interaction_sink; negative_framework_support_context_without_confirmed_app_level_gaze_flow; functionality_gaze_interaction_hits_14; functionality_data_collection_or_telemetry_hits_2,base_scanner_score_280; module_bonus_validity_gate_8; module_bonus_pose_vector_10; module_bonus_ray_interaction_15; module_bonus_ui_interaction_12; module_bonus_telemetry_20; module_bonus_frame_behavior_5; module_bonus_structure_combo_18; evidence_bonus_telemetry_or_network_hits_12; sensitive_sink_telemetry_bonus_15; keyword_support_eye_or_gaze_5_bonus_20; keyword_support_sdk_4_bonus_12; keyword_support_collection_or_telemetry_4_bonus_16,C:\realDesktop\manifest-evaluations\summer-26\ghidra-pipeline\il2cpp-files\waitwhat\general-structure-results\90_plus_framework_support_only_near_certain\06bbe8d8_UnityEngine.EventSystems.BaseInputModule$$DeactivateModule.c,C:\realDesktop\manifest-evaluations\summer-26\ghidra-pipeline\il2cpp-files\waitwhat\manual-review-pack\A_must_review\013_p443_UnityEngine.EventSystems.BaseInputModule$$DeactivateModule.c
14,443,A_must_review,UnityEngine.EventSystems.BaseInputModule$$ConvertUIToolkitPointerId,06bbe8ec,280,90_plus_framework_support_only_near_certain,eye_source; weak_source_state; validity_gate; pose_vector; ray_interaction; ui_interaction; telemetry; frame_behavior; structure_combo; ordered_structure,strong_eye_source_hits_4; weak_xr_or_state_hits_6; validity_or_gating_hits_1; strong_pose_or_ray_construction_hits_16; ray_or_cast_sink_hits_10; ui_or_gameplay_sink_hits_4; telemetry_or_network_hits_9; frame_or_lifecycle_behavior; source_validity_pose_sink_structure; strong_eye_source_validity_pose_sink_structure; ordered_eye_source_validity_pose_collection_sink; ordered_eye_source_validity_pose_interaction_sink; negative_framework_support_context_without_confirmed_app_level_gaze_flow; functionality_gaze_interaction_hits_14; functionality_data_collection_or_telemetry_hits_2,base_scanner_score_280; module_bonus_validity_gate_8; module_bonus_pose_vector_10; module_bonus_ray_interaction_15; module_bonus_ui_interaction_12; module_bonus_telemetry_20; module_bonus_frame_behavior_5; module_bonus_structure_combo_18; evidence_bonus_telemetry_or_network_hits_12; sensitive_sink_telemetry_bonus_15; keyword_support_eye_or_gaze_5_bonus_20; keyword_support_sdk_4_bonus_12; keyword_support_collection_or_telemetry_4_bonus_16,C:\realDesktop\manifest-evaluations\summer-26\ghidra-pipeline\il2cpp-files\waitwhat\general-structure-results\90_plus_framework_support_only_near_certain\06bbe8ec_UnityEngine.EventSystems.BaseInputModule$$ConvertUIToolkitPointerId.c,C:\realDesktop\manifest-evaluations\summer-26\ghidra-pipeline\il2cpp-files\waitwhat\manual-review-pack\A_must_review\014_p443_UnityEngine.EventSystems.BaseInputModule$$ConvertUIToolkitPointerId.c
15,443,A_must_review,UnityEngine.EventSystems.BaseInputModule$$ConvertPointerEventScrollDeltaToTicks,06bbe978,280,90_plus_framework_support_only_near_certain,eye_source; weak_source_state; validity_gate; pose_vector; ray_interaction; ui_interaction; telemetry; frame_behavior; structure_combo; ordered_structure,strong_eye_source_hits_4; weak_xr_or_state_hits_6; validity_or_gating_hits_1; strong_pose_or_ray_construction_hits_16; ray_or_cast_sink_hits_10; ui_or_gameplay_sink_hits_4; telemetry_or_network_hits_9; frame_or_lifecycle_behavior; source_validity_pose_sink_structure; strong_eye_source_validity_pose_sink_structure; ordered_eye_source_validity_pose_collection_sink; ordered_eye_source_validity_pose_interaction_sink; negative_framework_support_context_without_confirmed_app_level_gaze_flow; functionality_gaze_interaction_hits_14; functionality_data_collection_or_telemetry_hits_2,base_scanner_score_280; module_bonus_validity_gate_8; module_bonus_pose_vector_10; module_bonus_ray_interaction_15; module_bonus_ui_interaction_12; module_bonus_telemetry_20; module_bonus_frame_behavior_5; module_bonus_structure_combo_18; evidence_bonus_telemetry_or_network_hits_12; sensitive_sink_telemetry_bonus_15; keyword_support_eye_or_gaze_5_bonus_20; keyword_support_sdk_4_bonus_12; keyword_support_collection_or_telemetry_4_bonus_16,C:\realDesktop\manifest-evaluations\summer-26\ghidra-pipeline\il2cpp-files\waitwhat\general-structure-results\90_plus_framework_support_only_near_certain\06bbe978_UnityEngine.EventSystems.BaseInputModule$$ConvertPointerEventScrollDeltaToTicks.c,C:\realDesktop\manifest-evaluations\summer-26\ghidra-pipeline\il2cpp-files\waitwhat\manual-review-pack\A_must_review\015_p443_UnityEngine.EventSystems.BaseInputModule$$ConvertPointerEventScrollDeltaToTicks.c
16,443,A_must_review,UnityEngine.EventSystems.BaseInputModule$$ActivateModule,06bbe8dc,280,90_plus_framework_support_only_near_certain,eye_source; weak_source_state; validity_gate; pose_vector; ray_interaction; ui_interaction; telemetry; frame_behavior; structure_combo; ordered_structure,strong_eye_source_hits_4; weak_xr_or_state_hits_6; validity_or_gating_hits_1; strong_pose_or_ray_construction_hits_16; ray_or_cast_sink_hits_10; ui_or_gameplay_sink_hits_4; telemetry_or_network_hits_9; frame_or_lifecycle_behavior; source_validity_pose_sink_structure; strong_eye_source_validity_pose_sink_structure; ordered_eye_source_validity_pose_collection_sink; ordered_eye_source_validity_pose_interaction_sink; negative_framework_support_context_without_confirmed_app_level_gaze_flow; functionality_gaze_interaction_hits_14; functionality_data_collection_or_telemetry_hits_2,base_scanner_score_280; module_bonus_validity_gate_8; module_bonus_pose_vector_10; module_bonus_ray_interaction_15; module_bonus_ui_interaction_12; module_bonus_telemetry_20; module_bonus_frame_behavior_5; module_bonus_structure_combo_18; evidence_bonus_telemetry_or_network_hits_12; sensitive_sink_telemetry_bonus_15; keyword_support_eye_or_gaze_5_bonus_20; keyword_support_sdk_4_bonus_12; keyword_support_collection_or_telemetry_4_bonus_16,C:\realDesktop\manifest-evaluations\summer-26\ghidra-pipeline\il2cpp-files\waitwhat\general-structure-results\90_plus_framework_support_only_near_certain\06bbe8dc_UnityEngine.EventSystems.BaseInputModule$$ActivateModule.c,C:\realDesktop\manifest-evaluations\summer-26\ghidra-pipeline\il2cpp-files\waitwhat\manual-review-pack\A_must_review\016_p443_UnityEngine.EventSystems.BaseInputModule$$ActivateModule.c
17,443,A_must_review,UnityEngine.EventSystems.BaseInputModule$$.ctor,06bbe9c4,280,90_plus_framework_support_only_near_certain,eye_source; weak_source_state; validity_gate; pose_vector; ray_interaction; ui_interaction; telemetry; frame_behavior; structure_combo; ordered_structure,strong_eye_source_hits_4; weak_xr_or_state_hits_6; validity_or_gating_hits_1; strong_pose_or_ray_construction_hits_16; ray_or_cast_sink_hits_10; ui_or_gameplay_sink_hits_4; telemetry_or_network_hits_9; frame_or_lifecycle_behavior; source_validity_pose_sink_structure; strong_eye_source_validity_pose_sink_structure; ordered_eye_source_validity_pose_collection_sink; ordered_eye_source_validity_pose_interaction_sink; negative_framework_support_context_without_confirmed_app_level_gaze_flow; functionality_gaze_interaction_hits_14; functionality_data_collection_or_telemetry_hits_2,base_scanner_score_280; module_bonus_validity_gate_8; module_bonus_pose_vector_10; module_bonus_ray_interaction_15; module_bonus_ui_interaction_12; module_bonus_telemetry_20; module_bonus_frame_behavior_5; module_bonus_structure_combo_18; evidence_bonus_telemetry_or_network_hits_12; sensitive_sink_telemetry_bonus_15; keyword_support_eye_or_gaze_5_bonus_20; keyword_support_sdk_4_bonus_12; keyword_support_collection_or_telemetry_4_bonus_16,C:\realDesktop\manifest-evaluations\summer-26\ghidra-pipeline\il2cpp-files\waitwhat\general-structure-results\90_plus_framework_support_only_near_certain\06bbe9c4_UnityEngine.EventSystems.BaseInputModule$$.ctor.c,C:\realDesktop\manifest-evaluations\summer-26\ghidra-pipeline\il2cpp-files\waitwhat\manual-review-pack\A_must_review\017_p443_UnityEngine.EventSystems.BaseInputModule$$.ctor.c
18,399,A_must_review,FUN_064f3e98,064f3e98,266,90_plus_confirmed_eye_data_collection_near_certain,eye_source; weak_source_state; validity_gate; pose_vector; paired_state_refs; telemetry; structure_combo; active_gaze_retrieval; active_gaze_collection; possible_biometrics,strong_eye_source_hits_2; weak_xr_or_state_hits_6; validity_or_gating_hits_21; strong_pose_or_ray_construction_hits_2; paired_field_refs_with_eye_source; telemetry_or_network_hits_2; source_validity_pose_sink_structure; strong_eye_source_validity_pose_sink_structure; active_gaze_state_retrieval_with_validity_and_pose; active_gaze_values_flow_to_collection_or_telemetry_sink; possible_biometric_feature_from_active_eye_context; functionality_permission_setup; functionality_data_collection_or_telemetry_hits_2; functionality_possible_biometrics_hits_4,base_scanner_score_266; module_bonus_validity_gate_8; module_bonus_pose_vector_10; module_bonus_paired_state_refs_8; module_bonus_telemetry_20; module_bonus_structure_combo_18; evidence_bonus_telemetry_or_network_hits_12; sensitive_sink_telemetry_bonus_15; keyword_support_eye_or_gaze_5_bonus_20; keyword_support_sdk_2_bonus_6; keyword_support_collection_or_telemetry_4_bonus_16,C:\realDesktop\manifest-evaluations\summer-26\ghidra-pipeline\il2cpp-files\waitwhat\general-structure-results\90_plus_confirmed_eye_data_collection_near_certain\064f3e98_FUN_064f3e98.c,C:\realDesktop\manifest-evaluations\summer-26\ghidra-pipeline\il2cpp-files\waitwhat\manual-review-pack\A_must_review\018_p399_FUN_064f3e98.c
19,387,A_must_review,FUN_0642e830,0642e830,215,90_plus_attempted_eye_tracking_permission_or_feature_near_certain,eye_source; weak_source_state; validity_gate; ray_interaction; ui_interaction; data_collection; telemetry; frame_behavior; attempted_use,strong_eye_source_hits_10; weak_xr_or_state_hits_21; validity_or_gating_hits_5; ray_or_cast_sink_hits_4; ui_or_gameplay_sink_hits_21; strong_file_logging_hits_2; telemetry_or_network_hits_21; frame_or_lifecycle_behavior; attempted_eye_tracking_permission_or_feature_enable; functionality_gaze_retrieval_or_extraction; functionality_data_collection_or_telemetry_hits_20; functionality_possible_biometrics_hits_4,base_scanner_score_215; module_bonus_validity_gate_8; module_bonus_ray_interaction_15; module_bonus_ui_interaction_12; module_bonus_data_collection_22; module_bonus_telemetry_20; module_bonus_frame_behavior_5; evidence_bonus_telemetry_or_network_hits_12; sensitive_sink_data_collection_bonus_15; sensitive_sink_telemetry_bonus_15; keyword_support_eye_or_gaze_5_bonus_20; keyword_support_sdk_4_bonus_12; keyword_support_collection_or_telemetry_4_bonus_16,C:\realDesktop\manifest-evaluations\summer-26\ghidra-pipeline\il2cpp-files\waitwhat\general-structure-results\90_plus_attempted_eye_tracking_permission_or_feature_near_certain\0642e830_FUN_0642e830.c,C:\realDesktop\manifest-evaluations\summer-26\ghidra-pipeline\il2cpp-files\waitwhat\manual-review-pack\A_must_review\019_p387_FUN_0642e830.c
20,367,A_must_review,UnityEngine.InputSystem.FastTouchscreen$$Initialize_ctrlTouchscreentouch3delta,0642e9c0,195,90_plus_framework_eye_tracking_support_or_permission_path_near_certain,eye_source; weak_source_state; validity_gate; ray_interaction; ui_interaction; data_collection; telemetry; frame_behavior; attempted_use,strong_eye_source_hits_10; weak_xr_or_state_hits_21; validity_or_gating_hits_5; ray_or_cast_sink_hits_4; ui_or_gameplay_sink_hits_21; strong_file_logging_hits_2; telemetry_or_network_hits_21; frame_or_lifecycle_behavior; attempted_eye_tracking_permission_or_feature_enable; negative_framework_support_context_without_confirmed_app_level_gaze_flow; functionality_gaze_retrieval_or_extraction; functionality_data_collection_or_telemetry_hits_20; functionality_possible_biometrics_hits_4,base_scanner_score_195; module_bonus_validity_gate_8; module_bonus_ray_interaction_15; module_bonus_ui_interaction_12; module_bonus_data_collection_22; module_bonus_telemetry_20; module_bonus_frame_behavior_5; evidence_bonus_telemetry_or_network_hits_12; sensitive_sink_data_collection_bonus_15; sensitive_sink_telemetry_bonus_15; keyword_support_eye_or_gaze_5_bonus_20; keyword_support_sdk_4_bonus_12; keyword_support_collection_or_telemetry_4_bonus_16,C:\realDesktop\manifest-evaluations\summer-26\ghidra-pipeline\il2cpp-files\waitwhat\general-structure-results\90_plus_framework_eye_tracking_support_or_permission_path_near_certain\0642e9c0_UnityEngine.InputSystem.FastTouchscreen$$Initialize_ctrlTouchscreentouch3delta.c,C:\realDesktop\manifest-evaluations\summer-26\ghidra-pipeline\il2cpp-files\waitwhat\manual-review-pack\A_must_review\020_p367_UnityEngine.InputSystem.FastTouchscreen$$Initialize_ctrlTouchscreentouch3delta.c
21,359,A_must_review,UnityEngine.TextSelectingUtilities$$MoveParagraphForward,06942c40,192,90_plus_framework_support_only_near_certain,eye_source; weak_source_state; validity_gate; pose_vector; paired_state_refs; data_collection; telemetry; structure_combo,strong_eye_source_hits_1; weak_xr_or_state_hits_2; validity_or_gating_hits_21; strong_pose_or_ray_construction_hits_2; paired_field_refs_with_eye_source; strong_file_logging_hits_11; telemetry_or_network_hits_2; source_validity_pose_sink_structure; strong_eye_source_validity_pose_sink_structure; negative_framework_support_context_without_confirmed_app_level_gaze_flow; functionality_gaze_retrieval_or_extraction; functionality_gaze_interaction_hits_1; functionality_data_collection_or_telemetry_hits_13,base_scanner_score_192; module_bonus_validity_gate_8; module_bonus_pose_vector_10; module_bonus_paired_state_refs_8; module_bonus_data_collection_22; module_bonus_telemetry_20; module_bonus_structure_combo_18; evidence_bonus_telemetry_or_network_hits_12; sensitive_sink_data_collection_bonus_15; sensitive_sink_telemetry_bonus_15; keyword_support_eye_or_gaze_5_bonus_20; keyword_support_sdk_1_bonus_3; keyword_support_collection_or_telemetry_4_bonus_16,C:\realDesktop\manifest-evaluations\summer-26\ghidra-pipeline\il2cpp-files\waitwhat\general-structure-results\90_plus_framework_support_only_near_certain\06942c40_UnityEngine.TextSelectingUtilities$$MoveParagraphForward.c,C:\realDesktop\manifest-evaluations\summer-26\ghidra-pipeline\il2cpp-files\waitwhat\manual-review-pack\A_must_review\021_p359_UnityEngine.TextSelectingUtilities$$MoveParagraphForward.c
22,359,A_must_review,UnityEngine.ConfigurableJoint$$get_targetPosition,0695aaec,192,90_plus_framework_support_only_near_certain,eye_source; weak_source_state; validity_gate; pose_vector; paired_state_refs; data_collection; telemetry; structure_combo,strong_eye_source_hits_1; weak_xr_or_state_hits_2; validity_or_gating_hits_21; strong_pose_or_ray_construction_hits_2; paired_field_refs_with_eye_source; strong_file_logging_hits_6; telemetry_or_network_hits_2; source_validity_pose_sink_structure; strong_eye_source_validity_pose_sink_structure; negative_framework_support_context_without_confirmed_app_level_gaze_flow; functionality_gaze_retrieval_or_extraction; functionality_gaze_interaction_hits_1; functionality_data_collection_or_telemetry_hits_8,base_scanner_score_192; module_bonus_validity_gate_8; module_bonus_pose_vector_10; module_bonus_paired_state_refs_8; module_bonus_data_collection_22; module_bonus_telemetry_20; module_bonus_structure_combo_18; evidence_bonus_telemetry_or_network_hits_12; sensitive_sink_data_collection_bonus_15; sensitive_sink_telemetry_bonus_15; keyword_support_eye_or_gaze_5_bonus_20; keyword_support_sdk_1_bonus_3; keyword_support_collection_or_telemetry_4_bonus_16,C:\realDesktop\manifest-evaluations\summer-26\ghidra-pipeline\il2cpp-files\waitwhat\general-structure-results\90_plus_framework_support_only_near_certain\0695aaec_UnityEngine.ConfigurableJoint$$get_targetPosition.c,C:\realDesktop\manifest-evaluations\summer-26\ghidra-pipeline\il2cpp-files\waitwhat\manual-review-pack\A_must_review\022_p359_UnityEngine.ConfigurableJoint$$get_targetPosition.c
23,346,A_must_review,UnityEngine.Collider$$Raycast_Injected,069590dc,177,90_plus_framework_support_only_near_certain,eye_source; weak_source_state; validity_gate; paired_state_refs; ray_interaction; ui_interaction; data_collection; telemetry,strong_eye_source_hits_1; weak_xr_or_state_hits_6; validity_or_gating_hits_21; paired_field_refs_with_eye_source; ray_or_cast_sink_hits_4; ui_or_gameplay_sink_hits_3; strong_file_logging_hits_21; telemetry_or_network_hits_7; negative_framework_support_context_without_confirmed_app_level_gaze_flow; functionality_gaze_retrieval_or_extraction; functionality_data_collection_or_telemetry_hits_21,base_scanner_score_177; module_bonus_validity_gate_8; module_bonus_paired_state_refs_8; module_bonus_ray_interaction_15; module_bonus_ui_interaction_12; module_bonus_data_collection_22; module_bonus_telemetry_20; evidence_bonus_telemetry_or_network_hits_12; sensitive_sink_data_collection_bonus_15; sensitive_sink_telemetry_bonus_15; keyword_support_eye_or_gaze_5_bonus_20; keyword_support_sdk_2_bonus_6; keyword_support_collection_or_telemetry_4_bonus_16,C:\realDesktop\manifest-evaluations\summer-26\ghidra-pipeline\il2cpp-files\waitwhat\general-structure-results\90_plus_framework_support_only_near_certain\069590dc_UnityEngine.Collider$$Raycast_Injected.c,C:\realDesktop\manifest-evaluations\summer-26\ghidra-pipeline\il2cpp-files\waitwhat\manual-review-pack\A_must_review\023_p346_UnityEngine.Collider$$Raycast_Injected.c
24,346,A_must_review,UnityEngine.Collider$$Raycast,0695900c,177,90_plus_framework_support_only_near_certain,eye_source; weak_source_state; validity_gate; paired_state_refs; ray_interaction; ui_interaction; data_collection; telemetry,strong_eye_source_hits_1; weak_xr_or_state_hits_6; validity_or_gating_hits_21; paired_field_refs_with_eye_source; ray_or_cast_sink_hits_4; ui_or_gameplay_sink_hits_3; strong_file_logging_hits_21; telemetry_or_network_hits_7; negative_framework_support_context_without_confirmed_app_level_gaze_flow; functionality_gaze_retrieval_or_extraction; functionality_data_collection_or_telemetry_hits_21,base_scanner_score_177; module_bonus_validity_gate_8; module_bonus_paired_state_refs_8; module_bonus_ray_interaction_15; module_bonus_ui_interaction_12; module_bonus_data_collection_22; module_bonus_telemetry_20; evidence_bonus_telemetry_or_network_hits_12; sensitive_sink_data_collection_bonus_15; sensitive_sink_telemetry_bonus_15; keyword_support_eye_or_gaze_5_bonus_20; keyword_support_sdk_2_bonus_6; keyword_support_collection_or_telemetry_4_bonus_16,C:\realDesktop\manifest-evaluations\summer-26\ghidra-pipeline\il2cpp-files\waitwhat\general-structure-results\90_plus_framework_support_only_near_certain\0695900c_UnityEngine.Collider$$Raycast.c,C:\realDesktop\manifest-evaluations\summer-26\ghidra-pipeline\il2cpp-files\waitwhat\manual-review-pack\A_must_review\024_p346_UnityEngine.Collider$$Raycast.c
25,346,A_must_review,UnityEngine.Collider$$Raycast,06959148,177,90_plus_framework_support_only_near_certain,eye_source; weak_source_state; validity_gate; paired_state_refs; ray_interaction; ui_interaction; data_collection; telemetry,strong_eye_source_hits_1; weak_xr_or_state_hits_6; validity_or_gating_hits_21; paired_field_refs_with_eye_source; ray_or_cast_sink_hits_4; ui_or_gameplay_sink_hits_3; strong_file_logging_hits_21; telemetry_or_network_hits_7; negative_framework_support_context_without_confirmed_app_level_gaze_flow; functionality_gaze_retrieval_or_extraction; functionality_data_collection_or_telemetry_hits_21,base_scanner_score_177; module_bonus_validity_gate_8; module_bonus_paired_state_refs_8; module_bonus_ray_interaction_15; module_bonus_ui_interaction_12; module_bonus_data_collection_22; module_bonus_telemetry_20; evidence_bonus_telemetry_or_network_hits_12; sensitive_sink_data_collection_bonus_15; sensitive_sink_telemetry_bonus_15; keyword_support_eye_or_gaze_5_bonus_20; keyword_support_sdk_2_bonus_6; keyword_support_collection_or_telemetry_4_bonus_16,C:\realDesktop\manifest-evaluations\summer-26\ghidra-pipeline\il2cpp-files\waitwhat\general-structure-results\90_plus_framework_support_only_near_certain\06959148_UnityEngine.Collider$$Raycast.c,C:\realDesktop\manifest-evaluations\summer-26\ghidra-pipeline\il2cpp-files\waitwhat\manual-review-pack\A_must_review\025_p346_UnityEngine.Collider$$Raycast.c
26,342,A_must_review,UnityEngine.Collider$$get_bounds_Injected,06958fc8,173,90_plus_framework_support_only_near_certain,eye_source; weak_source_state; validity_gate; paired_state_refs; ray_interaction; ui_interaction; data_collection; telemetry,strong_eye_source_hits_1; weak_xr_or_state_hits_6; validity_or_gating_hits_21; paired_field_refs_with_eye_source; ray_or_cast_sink_hits_2; ui_or_gameplay_sink_hits_3; strong_file_logging_hits_21; telemetry_or_network_hits_7; negative_framework_support_context_without_confirmed_app_level_gaze_flow; functionality_gaze_retrieval_or_extraction; functionality_data_collection_or_telemetry_hits_21,base_scanner_score_173; module_bonus_validity_gate_8; module_bonus_paired_state_refs_8; module_bonus_ray_interaction_15; module_bonus_ui_interaction_12; module_bonus_data_collection_22; module_bonus_telemetry_20; evidence_bonus_telemetry_or_network_hits_12; sensitive_sink_data_collection_bonus_15; sensitive_sink_telemetry_bonus_15; keyword_support_eye_or_gaze_5_bonus_20; keyword_support_sdk_2_bonus_6; keyword_support_collection_or_telemetry_4_bonus_16,C:\realDesktop\manifest-evaluations\summer-26\ghidra-pipeline\il2cpp-files\waitwhat\general-structure-results\90_plus_framework_support_only_near_certain\06958fc8_UnityEngine.Collider$$get_bounds_Injected.c,C:\realDesktop\manifest-evaluations\summer-26\ghidra-pipeline\il2cpp-files\waitwhat\manual-review-pack\A_must_review\026_p342_UnityEngine.Collider$$get_bounds_Injected.c
27,342,A_must_review,UnityEngine.Collider$$ClosestPointOnBounds,0695929c,173,90_plus_framework_support_only_near_certain,eye_source; weak_source_state; validity_gate; paired_state_refs; ray_interaction; ui_interaction; data_collection; telemetry,strong_eye_source_hits_1; weak_xr_or_state_hits_6; validity_or_gating_hits_21; paired_field_refs_with_eye_source; ray_or_cast_sink_hits_2; ui_or_gameplay_sink_hits_3; strong_file_logging_hits_21; telemetry_or_network_hits_7; negative_framework_support_context_without_confirmed_app_level_gaze_flow; functionality_gaze_retrieval_or_extraction; functionality_data_collection_or_telemetry_hits_21,base_scanner_score_173; module_bonus_validity_gate_8; module_bonus_paired_state_refs_8; module_bonus_ray_interaction_15; module_bonus_ui_interaction_12; module_bonus_data_collection_22; module_bonus_telemetry_20; evidence_bonus_telemetry_or_network_hits_12; sensitive_sink_data_collection_bonus_15; sensitive_sink_telemetry_bonus_15; keyword_support_eye_or_gaze_5_bonus_20; keyword_support_sdk_2_bonus_6; keyword_support_collection_or_telemetry_4_bonus_16,C:\realDesktop\manifest-evaluations\summer-26\ghidra-pipeline\il2cpp-files\waitwhat\general-structure-results\90_plus_framework_support_only_near_certain\0695929c_UnityEngine.Collider$$ClosestPointOnBounds.c,C:\realDesktop\manifest-evaluations\summer-26\ghidra-pipeline\il2cpp-files\waitwhat\manual-review-pack\A_must_review\027_p342_UnityEngine.Collider$$ClosestPointOnBounds.c
28,341,A_must_review,FUN_06b545ac,06b545ac,203,90_plus_uncertain_gaze_interaction_near_certain,eye_source; weak_source_state; validity_gate; pose_vector; ray_interaction; telemetry; structure_combo,strong_eye_source_hits_5; weak_xr_or_state_hits_5; validity_or_gating_hits_1; strong_pose_or_ray_construction_hits_16; ray_or_cast_sink_hits_2; telemetry_or_network_hits_2; source_validity_pose_sink_structure; strong_eye_source_validity_pose_sink_structure; functionality_gaze_interaction_hits_2,base_scanner_score_203; module_bonus_validity_gate_8; module_bonus_pose_vector_10; module_bonus_ray_interaction_15; module_bonus_telemetry_20; module_bonus_structure_combo_18; evidence_bonus_telemetry_or_network_hits_12; sensitive_sink_telemetry_bonus_15; keyword_support_eye_or_gaze_5_bonus_20; keyword_support_sdk_4_bonus_12; keyword_support_collection_or_telemetry_2_bonus_8,C:\realDesktop\manifest-evaluations\summer-26\ghidra-pipeline\il2cpp-files\waitwhat\general-structure-results\90_plus_uncertain_gaze_interaction_near_certain\06b545ac_FUN_06b545ac.c,C:\realDesktop\manifest-evaluations\summer-26\ghidra-pipeline\il2cpp-files\waitwhat\manual-review-pack\A_must_review\028_p341_FUN_06b545ac.c
29,339,A_must_review,UnityEngine.ConfigurableJoint$$set_targetPosition,0695abc8,180,90_plus_framework_support_only_near_certain,eye_source; weak_source_state; validity_gate; pose_vector; data_collection; telemetry; structure_combo,strong_eye_source_hits_1; weak_xr_or_state_hits_2; validity_or_gating_hits_21; strong_pose_or_ray_construction_hits_2; strong_file_logging_hits_6; telemetry_or_network_hits_2; source_validity_pose_sink_structure; strong_eye_source_validity_pose_sink_structure; negative_framework_support_context_without_confirmed_app_level_gaze_flow; functionality_gaze_retrieval_or_extraction; functionality_data_collection_or_telemetry_hits_8,base_scanner_score_180; module_bonus_validity_gate_8; module_bonus_pose_vector_10; module_bonus_data_collection_22; module_bonus_telemetry_20; module_bonus_structure_combo_18; evidence_bonus_telemetry_or_network_hits_12; sensitive_sink_data_collection_bonus_15; sensitive_sink_telemetry_bonus_15; keyword_support_eye_or_gaze_5_bonus_20; keyword_support_sdk_1_bonus_3; keyword_support_collection_or_telemetry_4_bonus_16,C:\realDesktop\manifest-evaluations\summer-26\ghidra-pipeline\il2cpp-files\waitwhat\general-structure-results\90_plus_framework_support_only_near_certain\0695abc8_UnityEngine.ConfigurableJoint$$set_targetPosition.c,C:\realDesktop\manifest-evaluations\summer-26\ghidra-pipeline\il2cpp-files\waitwhat\manual-review-pack\A_must_review\029_p339_UnityEngine.ConfigurableJoint$$set_targetPosition.c
30,334,A_must_review,UnityEngine.Collider$$set_enabled_Injected,06958aec,167,90_plus_framework_support_only_near_certain,eye_source; weak_source_state; validity_gate; ray_interaction; ui_interaction; data_collection; telemetry,strong_eye_source_hits_2; weak_xr_or_state_hits_16; validity_or_gating_hits_21; ray_or_cast_sink_hits_2; ui_or_gameplay_sink_hits_8; strong_file_logging_hits_21; telemetry_or_network_hits_18; negative_framework_support_context_without_confirmed_app_level_gaze_flow; functionality_gaze_retrieval_or_extraction; functionality_data_collection_or_telemetry_hits_21,base_scanner_score_167; module_bonus_validity_gate_8; module_bonus_ray_interaction_15; module_bonus_ui_interaction_12; module_bonus_data_collection_22; module_bonus_telemetry_20; evidence_bonus_telemetry_or_network_hits_12; sensitive_sink_data_collection_bonus_15; sensitive_sink_telemetry_bonus_15; keyword_support_eye_or_gaze_5_bonus_20; keyword_support_sdk_4_bonus_12; keyword_support_collection_or_telemetry_4_bonus_16,C:\realDesktop\manifest-evaluations\summer-26\ghidra-pipeline\il2cpp-files\waitwhat\general-structure-results\90_plus_framework_support_only_near_certain\06958aec_UnityEngine.Collider$$set_enabled_Injected.c,C:\realDesktop\manifest-evaluations\summer-26\ghidra-pipeline\il2cpp-files\waitwhat\manual-review-pack\A_must_review\030_p334_UnityEngine.Collider$$set_enabled_Injected.c
31,334,A_must_review,UnityEngine.Collider$$set_enabled,06958a6c,167,90_plus_framework_support_only_near_certain,eye_source; weak_source_state; validity_gate; ray_interaction; ui_interaction; data_collection; telemetry,strong_eye_source_hits_2; weak_xr_or_state_hits_16; validity_or_gating_hits_21; ray_or_cast_sink_hits_2; ui_or_gameplay_sink_hits_8; strong_file_logging_hits_21; telemetry_or_network_hits_18; negative_framework_support_context_without_confirmed_app_level_gaze_flow; functionality_gaze_retrieval_or_extraction; functionality_data_collection_or_telemetry_hits_21,base_scanner_score_167; module_bonus_validity_gate_8; module_bonus_ray_interaction_15; module_bonus_ui_interaction_12; module_bonus_data_collection_22; module_bonus_telemetry_20; evidence_bonus_telemetry_or_network_hits_12; sensitive_sink_data_collection_bonus_15; sensitive_sink_telemetry_bonus_15; keyword_support_eye_or_gaze_5_bonus_20; keyword_support_sdk_4_bonus_12; keyword_support_collection_or_telemetry_4_bonus_16,C:\realDesktop\manifest-evaluations\summer-26\ghidra-pipeline\il2cpp-files\waitwhat\general-structure-results\90_plus_framework_support_only_near_certain\06958a6c_UnityEngine.Collider$$set_enabled.c,C:\realDesktop\manifest-evaluations\summer-26\ghidra-pipeline\il2cpp-files\waitwhat\manual-review-pack\A_must_review\031_p334_UnityEngine.Collider$$set_enabled.c
32,334,A_must_review,UnityEngine.Collider$$get_enabled_Injected,06958a30,167,90_plus_framework_support_only_near_certain,eye_source; weak_source_state; validity_gate; ray_interaction; ui_interaction; data_collection; telemetry,strong_eye_source_hits_2; weak_xr_or_state_hits_18; validity_or_gating_hits_21; ray_or_cast_sink_hits_2; ui_or_gameplay_sink_hits_6; strong_file_logging_hits_21; telemetry_or_network_hits_18; negative_framework_support_context_without_confirmed_app_level_gaze_flow; functionality_gaze_retrieval_or_extraction; functionality_data_collection_or_telemetry_hits_21,base_scanner_score_167; module_bonus_validity_gate_8; module_bonus_ray_interaction_15; module_bonus_ui_interaction_12; module_bonus_data_collection_22; module_bonus_telemetry_20; evidence_bonus_telemetry_or_network_hits_12; sensitive_sink_data_collection_bonus_15; sensitive_sink_telemetry_bonus_15; keyword_support_eye_or_gaze_5_bonus_20; keyword_support_sdk_4_bonus_12; keyword_support_collection_or_telemetry_4_bonus_16,C:\realDesktop\manifest-evaluations\summer-26\ghidra-pipeline\il2cpp-files\waitwhat\general-structure-results\90_plus_framework_support_only_near_certain\06958a30_UnityEngine.Collider$$get_enabled_Injected.c,C:\realDesktop\manifest-evaluations\summer-26\ghidra-pipeline\il2cpp-files\waitwhat\manual-review-pack\A_must_review\032_p334_UnityEngine.Collider$$get_enabled_Injected.c
33,334,A_must_review,UnityEngine.Collider$$get_attachedRigidbody,06958b30,167,90_plus_framework_support_only_near_certain,eye_source; weak_source_state; validity_gate; ray_interaction; ui_interaction; data_collection; telemetry,strong_eye_source_hits_2; weak_xr_or_state_hits_14; validity_or_gating_hits_21; ray_or_cast_sink_hits_2; ui_or_gameplay_sink_hits_6; strong_file_logging_hits_21; telemetry_or_network_hits_17; negative_framework_support_context_without_confirmed_app_level_gaze_flow; functionality_gaze_retrieval_or_extraction; functionality_data_collection_or_telemetry_hits_21,base_scanner_score_167; module_bonus_validity_gate_8; module_bonus_ray_interaction_15; module_bonus_ui_interaction_12; module_bonus_data_collection_22; module_bonus_telemetry_20; evidence_bonus_telemetry_or_network_hits_12; sensitive_sink_data_collection_bonus_15; sensitive_sink_telemetry_bonus_15; keyword_support_eye_or_gaze_5_bonus_20; keyword_support_sdk_4_bonus_12; keyword_support_collection_or_telemetry_4_bonus_16,C:\realDesktop\manifest-evaluations\summer-26\ghidra-pipeline\il2cpp-files\waitwhat\general-structure-results\90_plus_framework_support_only_near_certain\06958b30_UnityEngine.Collider$$get_attachedRigidbody.c,C:\realDesktop\manifest-evaluations\summer-26\ghidra-pipeline\il2cpp-files\waitwhat\manual-review-pack\A_must_review\033_p334_UnityEngine.Collider$$get_attachedRigidbody.c
34,331,A_must_review,UnityEngine.Collider$$set_isTrigger_Injected,06958d34,167,90_plus_framework_support_only_near_certain,eye_source; weak_source_state; validity_gate; ray_interaction; ui_interaction; data_collection; telemetry,strong_eye_source_hits_2; weak_xr_or_state_hits_10; validity_or_gating_hits_21; ray_or_cast_sink_hits_2; ui_or_gameplay_sink_hits_6; strong_file_logging_hits_21; telemetry_or_network_hits_9; negative_framework_support_context_without_confirmed_app_level_gaze_flow; functionality_gaze_retrieval_or_extraction; functionality_data_collection_or_telemetry_hits_21,base_scanner_score_167; module_bonus_validity_gate_8; module_bonus_ray_interaction_15; module_bonus_ui_interaction_12; module_bonus_data_collection_22; module_bonus_telemetry_20; evidence_bonus_telemetry_or_network_hits_12; sensitive_sink_data_collection_bonus_15; sensitive_sink_telemetry_bonus_15; keyword_support_eye_or_gaze_5_bonus_20; keyword_support_sdk_3_bonus_9; keyword_support_collection_or_telemetry_4_bonus_16,C:\realDesktop\manifest-evaluations\summer-26\ghidra-pipeline\il2cpp-files\waitwhat\general-structure-results\90_plus_framework_support_only_near_certain\06958d34_UnityEngine.Collider$$set_isTrigger_Injected.c,C:\realDesktop\manifest-evaluations\summer-26\ghidra-pipeline\il2cpp-files\waitwhat\manual-review-pack\A_must_review\034_p331_UnityEngine.Collider$$set_isTrigger_Injected.c
35,331,A_must_review,UnityEngine.Collider$$set_isTrigger,06958cb4,167,90_plus_framework_support_only_near_certain,eye_source; weak_source_state; validity_gate; ray_interaction; ui_interaction; data_collection; telemetry,strong_eye_source_hits_2; weak_xr_or_state_hits_11; validity_or_gating_hits_21; ray_or_cast_sink_hits_2; ui_or_gameplay_sink_hits_6; strong_file_logging_hits_21; telemetry_or_network_hits_11; negative_framework_support_context_without_confirmed_app_level_gaze_flow; functionality_gaze_retrieval_or_extraction; functionality_data_collection_or_telemetry_hits_21,base_scanner_score_167; module_bonus_validity_gate_8; module_bonus_ray_interaction_15; module_bonus_ui_interaction_12; module_bonus_data_collection_22; module_bonus_telemetry_20; evidence_bonus_telemetry_or_network_hits_12; sensitive_sink_data_collection_bonus_15; sensitive_sink_telemetry_bonus_15; keyword_support_eye_or_gaze_5_bonus_20; keyword_support_sdk_3_bonus_9; keyword_support_collection_or_telemetry_4_bonus_16,C:\realDesktop\manifest-evaluations\summer-26\ghidra-pipeline\il2cpp-files\waitwhat\general-structure-results\90_plus_framework_support_only_near_certain\06958cb4_UnityEngine.Collider$$set_isTrigger.c,C:\realDesktop\manifest-evaluations\summer-26\ghidra-pipeline\il2cpp-files\waitwhat\manual-review-pack\A_must_review\035_p331_UnityEngine.Collider$$set_isTrigger.c
36,331,A_must_review,UnityEngine.Collider$$get_isTrigger_Injected,06958c78,167,90_plus_framework_support_only_near_certain,eye_source; weak_source_state; validity_gate; ray_interaction; ui_interaction; data_collection; telemetry,strong_eye_source_hits_2; weak_xr_or_state_hits_11; validity_or_gating_hits_21; ray_or_cast_sink_hits_2; ui_or_gameplay_sink_hits_6; strong_file_logging_hits_21; telemetry_or_network_hits_11; negative_framework_support_context_without_confirmed_app_level_gaze_flow; functionality_gaze_retrieval_or_extraction; functionality_data_collection_or_telemetry_hits_21,base_scanner_score_167; module_bonus_validity_gate_8; module_bonus_ray_interaction_15; module_bonus_ui_interaction_12; module_bonus_data_collection_22; module_bonus_telemetry_20; evidence_bonus_telemetry_or_network_hits_12; sensitive_sink_data_collection_bonus_15; sensitive_sink_telemetry_bonus_15; keyword_support_eye_or_gaze_5_bonus_20; keyword_support_sdk_3_bonus_9; keyword_support_collection_or_telemetry_4_bonus_16,C:\realDesktop\manifest-evaluations\summer-26\ghidra-pipeline\il2cpp-files\waitwhat\general-structure-results\90_plus_framework_support_only_near_certain\06958c78_UnityEngine.Collider$$get_isTrigger_Injected.c,C:\realDesktop\manifest-evaluations\summer-26\ghidra-pipeline\il2cpp-files\waitwhat\manual-review-pack\A_must_review\036_p331_UnityEngine.Collider$$get_isTrigger_Injected.c
37,331,A_must_review,UnityEngine.Collider$$get_isTrigger,06958c00,167,90_plus_framework_support_only_near_certain,eye_source; weak_source_state; validity_gate; ray_interaction; ui_interaction; data_collection; telemetry,strong_eye_source_hits_2; weak_xr_or_state_hits_11; validity_or_gating_hits_21; ray_or_cast_sink_hits_2; ui_or_gameplay_sink_hits_6; strong_file_logging_hits_21; telemetry_or_network_hits_15; negative_framework_support_context_without_confirmed_app_level_gaze_flow; functionality_gaze_retrieval_or_extraction; functionality_data_collection_or_telemetry_hits_21,base_scanner_score_167; module_bonus_validity_gate_8; module_bonus_ray_interaction_15; module_bonus_ui_interaction_12; module_bonus_data_collection_22; module_bonus_telemetry_20; evidence_bonus_telemetry_or_network_hits_12; sensitive_sink_data_collection_bonus_15; sensitive_sink_telemetry_bonus_15; keyword_support_eye_or_gaze_5_bonus_20; keyword_support_sdk_3_bonus_9; keyword_support_collection_or_telemetry_4_bonus_16,C:\realDesktop\manifest-evaluations\summer-26\ghidra-pipeline\il2cpp-files\waitwhat\general-structure-results\90_plus_framework_support_only_near_certain\06958c00_UnityEngine.Collider$$get_isTrigger.c,C:\realDesktop\manifest-evaluations\summer-26\ghidra-pipeline\il2cpp-files\waitwhat\manual-review-pack\A_must_review\037_p331_UnityEngine.Collider$$get_isTrigger.c
38,331,A_must_review,UnityEngine.Collider$$get_attachedRigidbody_Injected,06958bc4,167,90_plus_framework_support_only_near_certain,eye_source; weak_source_state; validity_gate; ray_interaction; ui_interaction; data_collection; telemetry,strong_eye_source_hits_2; weak_xr_or_state_hits_11; validity_or_gating_hits_21; ray_or_cast_sink_hits_2; ui_or_gameplay_sink_hits_6; strong_file_logging_hits_21; telemetry_or_network_hits_15; negative_framework_support_context_without_confirmed_app_level_gaze_flow; functionality_gaze_retrieval_or_extraction; functionality_data_collection_or_telemetry_hits_21,base_scanner_score_167; module_bonus_validity_gate_8; module_bonus_ray_interaction_15; module_bonus_ui_interaction_12; module_bonus_data_collection_22; module_bonus_telemetry_20; evidence_bonus_telemetry_or_network_hits_12; sensitive_sink_data_collection_bonus_15; sensitive_sink_telemetry_bonus_15; keyword_support_eye_or_gaze_5_bonus_20; keyword_support_sdk_3_bonus_9; keyword_support_collection_or_telemetry_4_bonus_16,C:\realDesktop\manifest-evaluations\summer-26\ghidra-pipeline\il2cpp-files\waitwhat\general-structure-results\90_plus_framework_support_only_near_certain\06958bc4_UnityEngine.Collider$$get_attachedRigidbody_Injected.c,C:\realDesktop\manifest-evaluations\summer-26\ghidra-pipeline\il2cpp-files\waitwhat\manual-review-pack\A_must_review\038_p331_UnityEngine.Collider$$get_attachedRigidbody_Injected.c
39,327,A_must_review,FUN_069595c0,069595c0,173,90_plus_uncertain_gaze_or_xr_structure_near_certain,eye_source; weak_source_state; validity_gate; paired_state_refs; ui_interaction; data_collection; telemetry,strong_eye_source_hits_1; weak_xr_or_state_hits_5; validity_or_gating_hits_21; paired_field_refs_with_eye_source; ui_or_gameplay_sink_hits_3; strong_file_logging_hits_18; telemetry_or_network_hits_7; functionality_gaze_retrieval_or_extraction; functionality_data_collection_or_telemetry_hits_21,base_scanner_score_173; module_bonus_validity_gate_8; module_bonus_paired_state_refs_8; module_bonus_ui_interaction_12; module_bonus_data_collection_22; module_bonus_telemetry_20; evidence_bonus_telemetry_or_network_hits_12; sensitive_sink_data_collection_bonus_15; sensitive_sink_telemetry_bonus_15; keyword_support_eye_or_gaze_5_bonus_20; keyword_support_sdk_2_bonus_6; keyword_support_collection_or_telemetry_4_bonus_16,C:\realDesktop\manifest-evaluations\summer-26\ghidra-pipeline\il2cpp-files\waitwhat\general-structure-results\90_plus_uncertain_gaze_or_xr_structure_near_certain\069595c0_FUN_069595c0.c,C:\realDesktop\manifest-evaluations\summer-26\ghidra-pipeline\il2cpp-files\waitwhat\manual-review-pack\A_must_review\039_p327_FUN_069595c0.c
40,322,A_must_review,FUN_0695a404,0695a404,168,90_plus_uncertain_gaze_or_xr_structure_near_certain,eye_source; weak_source_state; validity_gate; paired_state_refs; ui_interaction; data_collection; telemetry,strong_eye_source_hits_1; weak_xr_or_state_hits_3; validity_or_gating_hits_21; paired_field_refs_with_eye_source; ui_or_gameplay_sink_hits_3; strong_file_logging_hits_10; telemetry_or_network_hits_2; functionality_data_collection_or_telemetry_hits_12,base_scanner_score_168; module_bonus_validity_gate_8; module_bonus_paired_state_refs_8; module_bonus_ui_interaction_12; module_bonus_data_collection_22; module_bonus_telemetry_20; evidence_bonus_telemetry_or_network_hits_12; sensitive_sink_data_collection_bonus_15; sensitive_sink_telemetry_bonus_15; keyword_support_eye_or_gaze_5_bonus_20; keyword_support_sdk_2_bonus_6; keyword_support_collection_or_telemetry_4_bonus_16,C:\realDesktop\manifest-evaluations\summer-26\ghidra-pipeline\il2cpp-files\waitwhat\general-structure-results\90_plus_uncertain_gaze_or_xr_structure_near_certain\0695a404_FUN_0695a404.c,C:\realDesktop\manifest-evaluations\summer-26\ghidra-pipeline\il2cpp-files\waitwhat\manual-review-pack\A_must_review\040_p322_FUN_0695a404.c
41,322,A_must_review,UnityEngine.Collider$$get_contactOffset_Injected,06958df0,161,90_plus_framework_support_only_near_certain,eye_source; weak_source_state; validity_gate; ray_interaction; ui_interaction; data_collection; telemetry,strong_eye_source_hits_1; weak_xr_or_state_hits_9; validity_or_gating_hits_21; ray_or_cast_sink_hits_2; ui_or_gameplay_sink_hits_3; strong_file_logging_hits_21; telemetry_or_network_hits_9; negative_framework_support_context_without_confirmed_app_level_gaze_flow; functionality_gaze_retrieval_or_extraction; functionality_data_collection_or_telemetry_hits_21,base_scanner_score_161; module_bonus_validity_gate_8; module_bonus_ray_interaction_15; module_bonus_ui_interaction_12; module_bonus_data_collection_22; module_bonus_telemetry_20; evidence_bonus_telemetry_or_network_hits_12; sensitive_sink_data_collection_bonus_15; sensitive_sink_telemetry_bonus_15; keyword_support_eye_or_gaze_5_bonus_20; keyword_support_sdk_2_bonus_6; keyword_support_collection_or_telemetry_4_bonus_16,C:\realDesktop\manifest-evaluations\summer-26\ghidra-pipeline\il2cpp-files\waitwhat\general-structure-results\90_plus_framework_support_only_near_certain\06958df0_UnityEngine.Collider$$get_contactOffset_Injected.c,C:\realDesktop\manifest-evaluations\summer-26\ghidra-pipeline\il2cpp-files\waitwhat\manual-review-pack\A_must_review\041_p322_UnityEngine.Collider$$get_contactOffset_Injected.c
42,322,A_must_review,UnityEngine.Collider$$get_contactOffset,06958d78,161,90_plus_framework_support_only_near_certain,eye_source; weak_source_state; validity_gate; ray_interaction; ui_interaction; data_collection; telemetry,strong_eye_source_hits_1; weak_xr_or_state_hits_9; validity_or_gating_hits_21; ray_or_cast_sink_hits_2; ui_or_gameplay_sink_hits_5; strong_file_logging_hits_21; telemetry_or_network_hits_9; negative_framework_support_context_without_confirmed_app_level_gaze_flow; functionality_gaze_retrieval_or_extraction; functionality_data_collection_or_telemetry_hits_21,base_scanner_score_161; module_bonus_validity_gate_8; module_bonus_ray_interaction_15; module_bonus_ui_interaction_12; module_bonus_data_collection_22; module_bonus_telemetry_20; evidence_bonus_telemetry_or_network_hits_12; sensitive_sink_data_collection_bonus_15; sensitive_sink_telemetry_bonus_15; keyword_support_eye_or_gaze_5_bonus_20; keyword_support_sdk_2_bonus_6; keyword_support_collection_or_telemetry_4_bonus_16,C:\realDesktop\manifest-evaluations\summer-26\ghidra-pipeline\il2cpp-files\waitwhat\general-structure-results\90_plus_framework_support_only_near_certain\06958d78_UnityEngine.Collider$$get_contactOffset.c,C:\realDesktop\manifest-evaluations\summer-26\ghidra-pipeline\il2cpp-files\waitwhat\manual-review-pack\A_must_review\042_p322_UnityEngine.Collider$$get_contactOffset.c
43,322,A_must_review,UnityEngine.Collider$$get_bounds,06958f24,161,90_plus_framework_support_only_near_certain,eye_source; weak_source_state; validity_gate; ray_interaction; ui_interaction; data_collection; telemetry,strong_eye_source_hits_1; weak_xr_or_state_hits_8; validity_or_gating_hits_21; ray_or_cast_sink_hits_2; ui_or_gameplay_sink_hits_3; strong_file_logging_hits_21; telemetry_or_network_hits_7; negative_framework_support_context_without_confirmed_app_level_gaze_flow; functionality_gaze_retrieval_or_extraction; functionality_data_collection_or_telemetry_hits_21,base_scanner_score_161; module_bonus_validity_gate_8; module_bonus_ray_interaction_15; module_bonus_ui_interaction_12; module_bonus_data_collection_22; module_bonus_telemetry_20; evidence_bonus_telemetry_or_network_hits_12; sensitive_sink_data_collection_bonus_15; sensitive_sink_telemetry_bonus_15; keyword_support_eye_or_gaze_5_bonus_20; keyword_support_sdk_2_bonus_6; keyword_support_collection_or_telemetry_4_bonus_16,C:\realDesktop\manifest-evaluations\summer-26\ghidra-pipeline\il2cpp-files\waitwhat\general-structure-results\90_plus_framework_support_only_near_certain\06958f24_UnityEngine.Collider$$get_bounds.c,C:\realDesktop\manifest-evaluations\summer-26\ghidra-pipeline\il2cpp-files\waitwhat\manual-review-pack\A_must_review\043_p322_UnityEngine.Collider$$get_bounds.c
44,322,A_must_review,UnityEngine.Collider$$Internal_ClosestPointOnBounds_Injected,06959240,161,90_plus_framework_support_only_near_certain,eye_source; weak_source_state; validity_gate; ray_interaction; ui_interaction; data_collection; telemetry,strong_eye_source_hits_1; weak_xr_or_state_hits_6; validity_or_gating_hits_21; ray_or_cast_sink_hits_2; ui_or_gameplay_sink_hits_3; strong_file_logging_hits_21; telemetry_or_network_hits_7; negative_framework_support_context_without_confirmed_app_level_gaze_flow; functionality_gaze_retrieval_or_extraction; functionality_data_collection_or_telemetry_hits_21,base_scanner_score_161; module_bonus_validity_gate_8; module_bonus_ray_interaction_15; module_bonus_ui_interaction_12; module_bonus_data_collection_22; module_bonus_telemetry_20; evidence_bonus_telemetry_or_network_hits_12; sensitive_sink_data_collection_bonus_15; sensitive_sink_telemetry_bonus_15; keyword_support_eye_or_gaze_5_bonus_20; keyword_support_sdk_2_bonus_6; keyword_support_collection_or_telemetry_4_bonus_16,C:\realDesktop\manifest-evaluations\summer-26\ghidra-pipeline\il2cpp-files\waitwhat\general-structure-results\90_plus_framework_support_only_near_certain\06959240_UnityEngine.Collider$$Internal_ClosestPointOnBounds_Injected.c,C:\realDesktop\manifest-evaluations\summer-26\ghidra-pipeline\il2cpp-files\waitwhat\manual-review-pack\A_must_review\044_p322_UnityEngine.Collider$$Internal_ClosestPointOnBounds_Injected.c
45,322,A_must_review,UnityEngine.Collider$$Internal_ClosestPointOnBounds,06959198,161,90_plus_framework_support_only_near_certain,eye_source; weak_source_state; validity_gate; ray_interaction; ui_interaction; data_collection; telemetry,strong_eye_source_hits_1; weak_xr_or_state_hits_6; validity_or_gating_hits_21; ray_or_cast_sink_hits_2; ui_or_gameplay_sink_hits_3; strong_file_logging_hits_21; telemetry_or_network_hits_7; negative_framework_support_context_without_confirmed_app_level_gaze_flow; functionality_gaze_retrieval_or_extraction; functionality_data_collection_or_telemetry_hits_21,base_scanner_score_161; module_bonus_validity_gate_8; module_bonus_ray_interaction_15; module_bonus_ui_interaction_12; module_bonus_data_collection_22; module_bonus_telemetry_20; evidence_bonus_telemetry_or_network_hits_12; sensitive_sink_data_collection_bonus_15; sensitive_sink_telemetry_bonus_15; keyword_support_eye_or_gaze_5_bonus_20; keyword_support_sdk_2_bonus_6; keyword_support_collection_or_telemetry_4_bonus_16,C:\realDesktop\manifest-evaluations\summer-26\ghidra-pipeline\il2cpp-files\waitwhat\general-structure-results\90_plus_framework_support_only_near_certain\06959198_UnityEngine.Collider$$Internal_ClosestPointOnBounds.c,C:\realDesktop\manifest-evaluations\summer-26\ghidra-pipeline\il2cpp-files\waitwhat\manual-review-pack\A_must_review\045_p322_UnityEngine.Collider$$Internal_ClosestPointOnBounds.c
46,322,A_must_review,UnityEngine.Collider$$ClosestPoint_Injected,06958ed0,161,90_plus_framework_support_only_near_certain,eye_source; weak_source_state; validity_gate; ray_interaction; ui_interaction; data_collection; telemetry,strong_eye_source_hits_1; weak_xr_or_state_hits_8; validity_or_gating_hits_21; ray_or_cast_sink_hits_2; ui_or_gameplay_sink_hits_3; strong_file_logging_hits_21; telemetry_or_network_hits_9; negative_framework_support_context_without_confirmed_app_level_gaze_flow; functionality_gaze_retrieval_or_extraction; functionality_data_collection_or_telemetry_hits_21,base_scanner_score_161; module_bonus_validity_gate_8; module_bonus_ray_interaction_15; module_bonus_ui_interaction_12; module_bonus_data_collection_22; module_bonus_telemetry_20; evidence_bonus_telemetry_or_network_hits_12; sensitive_sink_data_collection_bonus_15; sensitive_sink_telemetry_bonus_15; keyword_support_eye_or_gaze_5_bonus_20; keyword_support_sdk_2_bonus_6; keyword_support_collection_or_telemetry_4_bonus_16,C:\realDesktop\manifest-evaluations\summer-26\ghidra-pipeline\il2cpp-files\waitwhat\general-structure-results\90_plus_framework_support_only_near_certain\06958ed0_UnityEngine.Collider$$ClosestPoint_Injected.c,C:\realDesktop\manifest-evaluations\summer-26\ghidra-pipeline\il2cpp-files\waitwhat\manual-review-pack\A_must_review\046_p322_UnityEngine.Collider$$ClosestPoint_Injected.c
47,322,A_must_review,UnityEngine.Collider$$ClosestPoint,06958e2c,161,90_plus_framework_support_only_near_certain,eye_source; weak_source_state; validity_gate; ray_interaction; ui_interaction; data_collection; telemetry,strong_eye_source_hits_1; weak_xr_or_state_hits_9; validity_or_gating_hits_21; ray_or_cast_sink_hits_2; ui_or_gameplay_sink_hits_3; strong_file_logging_hits_21; telemetry_or_network_hits_9; negative_framework_support_context_without_confirmed_app_level_gaze_flow; functionality_gaze_retrieval_or_extraction; functionality_data_collection_or_telemetry_hits_21,base_scanner_score_161; module_bonus_validity_gate_8; module_bonus_ray_interaction_15; module_bonus_ui_interaction_12; module_bonus_data_collection_22; module_bonus_telemetry_20; evidence_bonus_telemetry_or_network_hits_12; sensitive_sink_data_collection_bonus_15; sensitive_sink_telemetry_bonus_15; keyword_support_eye_or_gaze_5_bonus_20; keyword_support_sdk_2_bonus_6; keyword_support_collection_or_telemetry_4_bonus_16,C:\realDesktop\manifest-evaluations\summer-26\ghidra-pipeline\il2cpp-files\waitwhat\general-structure-results\90_plus_framework_support_only_near_certain\06958e2c_UnityEngine.Collider$$ClosestPoint.c,C:\realDesktop\manifest-evaluations\summer-26\ghidra-pipeline\il2cpp-files\waitwhat\manual-review-pack\A_must_review\047_p322_UnityEngine.Collider$$ClosestPoint.c
48,319,A_must_review,FUN_069589bc,069589bc,167,90_plus_uncertain_gaze_or_xr_structure_near_certain,eye_source; weak_source_state; validity_gate; ui_interaction; data_collection; telemetry,strong_eye_source_hits_2; weak_xr_or_state_hits_15; validity_or_gating_hits_21; ui_or_gameplay_sink_hits_6; strong_file_logging_hits_21; telemetry_or_network_hits_18; functionality_gaze_retrieval_or_extraction; functionality_data_collection_or_telemetry_hits_21,base_scanner_score_167; module_bonus_validity_gate_8; module_bonus_ui_interaction_12; module_bonus_data_collection_22; module_bonus_telemetry_20; evidence_bonus_telemetry_or_network_hits_12; sensitive_sink_data_collection_bonus_15; sensitive_sink_telemetry_bonus_15; keyword_support_eye_or_gaze_5_bonus_20; keyword_support_sdk_4_bonus_12; keyword_support_collection_or_telemetry_4_bonus_16,C:\realDesktop\manifest-evaluations\summer-26\ghidra-pipeline\il2cpp-files\waitwhat\general-structure-results\90_plus_uncertain_gaze_or_xr_structure_near_certain\069589bc_FUN_069589bc.c,C:\realDesktop\manifest-evaluations\summer-26\ghidra-pipeline\il2cpp-files\waitwhat\manual-review-pack\A_must_review\048_p319_FUN_069589bc.c
49,316,A_must_review,FUN_069424ec,069424ec,164,90_plus_uncertain_gaze_or_xr_structure_near_certain,eye_source; weak_source_state; validity_gate; ui_interaction; data_collection; telemetry,strong_eye_source_hits_2; weak_xr_or_state_hits_13; validity_or_gating_hits_21; ui_or_gameplay_sink_hits_2; strong_file_logging_hits_13; telemetry_or_network_hits_8; functionality_data_collection_or_telemetry_hits_21,base_scanner_score_164; module_bonus_validity_gate_8; module_bonus_ui_interaction_12; module_bonus_data_collection_22; module_bonus_telemetry_20; evidence_bonus_telemetry_or_network_hits_12; sensitive_sink_data_collection_bonus_15; sensitive_sink_telemetry_bonus_15; keyword_support_eye_or_gaze_5_bonus_20; keyword_support_sdk_4_bonus_12; keyword_support_collection_or_telemetry_4_bonus_16,C:\realDesktop\manifest-evaluations\summer-26\ghidra-pipeline\il2cpp-files\waitwhat\general-structure-results\90_plus_uncertain_gaze_or_xr_structure_near_certain\069424ec_FUN_069424ec.c,C:\realDesktop\manifest-evaluations\summer-26\ghidra-pipeline\il2cpp-files\waitwhat\manual-review-pack\A_must_review\049_p316_FUN_069424ec.c
50,307,A_must_review,UnityEngine.ConfigurableJoint$$set_zMotion_Injected,06959914,153,90_plus_framework_support_only_near_certain,eye_source; weak_source_state; validity_gate; paired_state_refs; ui_interaction; data_collection; telemetry,strong_eye_source_hits_1; weak_xr_or_state_hits_5; validity_or_gating_hits_21; paired_field_refs_with_eye_source; ui_or_gameplay_sink_hits_3; strong_file_logging_hits_16; telemetry_or_network_hits_7; negative_framework_support_context_without_confirmed_app_level_gaze_flow; functionality_gaze_retrieval_or_extraction; functionality_data_collection_or_telemetry_hits_21,base_scanner_score_153; module_bonus_validity_gate_8; module_bonus_paired_state_refs_8; module_bonus_ui_interaction_12; module_bonus_data_collection_22; module_bonus_telemetry_20; evidence_bonus_telemetry_or_network_hits_12; sensitive_sink_data_collection_bonus_15; sensitive_sink_telemetry_bonus_15; keyword_support_eye_or_gaze_5_bonus_20; keyword_support_sdk_2_bonus_6; keyword_support_collection_or_telemetry_4_bonus_16,C:\realDesktop\manifest-evaluations\summer-26\ghidra-pipeline\il2cpp-files\waitwhat\general-structure-results\90_plus_framework_support_only_near_certain\06959914_UnityEngine.ConfigurableJoint$$set_zMotion_Injected.c,C:\realDesktop\manifest-evaluations\summer-26\ghidra-pipeline\il2cpp-files\waitwhat\manual-review-pack\A_must_review\050_p307_UnityEngine.ConfigurableJoint$$set_zMotion_Injected.c
51,307,A_must_review,UnityEngine.ConfigurableJoint$$set_yMotion_Injected,0695979c,153,90_plus_framework_support_only_near_certain,eye_source; weak_source_state; validity_gate; paired_state_refs; ui_interaction; data_collection; telemetry,strong_eye_source_hits_1; weak_xr_or_state_hits_5; validity_or_gating_hits_21; paired_field_refs_with_eye_source; ui_or_gameplay_sink_hits_3; strong_file_logging_hits_17; telemetry_or_network_hits_7; negative_framework_support_context_without_confirmed_app_level_gaze_flow; functionality_gaze_retrieval_or_extraction; functionality_data_collection_or_telemetry_hits_21,base_scanner_score_153; module_bonus_validity_gate_8; module_bonus_paired_state_refs_8; module_bonus_ui_interaction_12; module_bonus_data_collection_22; module_bonus_telemetry_20; evidence_bonus_telemetry_or_network_hits_12; sensitive_sink_data_collection_bonus_15; sensitive_sink_telemetry_bonus_15; keyword_support_eye_or_gaze_5_bonus_20; keyword_support_sdk_2_bonus_6; keyword_support_collection_or_telemetry_4_bonus_16,C:\realDesktop\manifest-evaluations\summer-26\ghidra-pipeline\il2cpp-files\waitwhat\general-structure-results\90_plus_framework_support_only_near_certain\0695979c_UnityEngine.ConfigurableJoint$$set_yMotion_Injected.c,C:\realDesktop\manifest-evaluations\summer-26\ghidra-pipeline\il2cpp-files\waitwhat\manual-review-pack\A_must_review\051_p307_UnityEngine.ConfigurableJoint$$set_yMotion_Injected.c
52,307,A_must_review,UnityEngine.ConfigurableJoint$$set_xMotion_Injected,06959624,153,90_plus_framework_support_only_near_certain,eye_source; weak_source_state; validity_gate; paired_state_refs; ui_interaction; data_collection; telemetry,strong_eye_source_hits_1; weak_xr_or_state_hits_5; validity_or_gating_hits_21; paired_field_refs_with_eye_source; ui_or_gameplay_sink_hits_3; strong_file_logging_hits_18; telemetry_or_network_hits_7; negative_framework_support_context_without_confirmed_app_level_gaze_flow; functionality_gaze_retrieval_or_extraction; functionality_data_collection_or_telemetry_hits_21,base_scanner_score_153; module_bonus_validity_gate_8; module_bonus_paired_state_refs_8; module_bonus_ui_interaction_12; module_bonus_data_collection_22; module_bonus_telemetry_20; evidence_bonus_telemetry_or_network_hits_12; sensitive_sink_data_collection_bonus_15; sensitive_sink_telemetry_bonus_15; keyword_support_eye_or_gaze_5_bonus_20; keyword_support_sdk_2_bonus_6; keyword_support_collection_or_telemetry_4_bonus_16,C:\realDesktop\manifest-evaluations\summer-26\ghidra-pipeline\il2cpp-files\waitwhat\general-structure-results\90_plus_framework_support_only_near_certain\06959624_UnityEngine.ConfigurableJoint$$set_xMotion_Injected.c,C:\realDesktop\manifest-evaluations\summer-26\ghidra-pipeline\il2cpp-files\waitwhat\manual-review-pack\A_must_review\052_p307_UnityEngine.ConfigurableJoint$$set_xMotion_Injected.c
53,307,A_must_review,UnityEngine.ConfigurableJoint$$set_xMotion,069595a4,153,90_plus_framework_support_only_near_certain,eye_source; weak_source_state; validity_gate; paired_state_refs; ui_interaction; data_collection; telemetry,strong_eye_source_hits_1; weak_xr_or_state_hits_5; validity_or_gating_hits_21; paired_field_refs_with_eye_source; ui_or_gameplay_sink_hits_3; strong_file_logging_hits_18; telemetry_or_network_hits_7; negative_framework_support_context_without_confirmed_app_level_gaze_flow; functionality_gaze_retrieval_or_extraction; functionality_data_collection_or_telemetry_hits_21,base_scanner_score_153; module_bonus_validity_gate_8; module_bonus_paired_state_refs_8; module_bonus_ui_interaction_12; module_bonus_data_collection_22; module_bonus_telemetry_20; evidence_bonus_telemetry_or_network_hits_12; sensitive_sink_data_collection_bonus_15; sensitive_sink_telemetry_bonus_15; keyword_support_eye_or_gaze_5_bonus_20; keyword_support_sdk_2_bonus_6; keyword_support_collection_or_telemetry_4_bonus_16,C:\realDesktop\manifest-evaluations\summer-26\ghidra-pipeline\il2cpp-files\waitwhat\general-structure-results\90_plus_framework_support_only_near_certain\069595a4_UnityEngine.ConfigurableJoint$$set_xMotion.c,C:\realDesktop\manifest-evaluations\summer-26\ghidra-pipeline\il2cpp-files\waitwhat\manual-review-pack\A_must_review\053_p307_UnityEngine.ConfigurableJoint$$set_xMotion.c
54,307,A_must_review,UnityEngine.ConfigurableJoint$$set_secondaryAxis_Injected,069594ac,153,90_plus_framework_support_only_near_certain,eye_source; weak_source_state; validity_gate; paired_state_refs; ui_interaction; data_collection; telemetry,strong_eye_source_hits_1; weak_xr_or_state_hits_6; validity_or_gating_hits_21; paired_field_refs_with_eye_source; ui_or_gameplay_sink_hits_3; strong_file_logging_hits_19; telemetry_or_network_hits_7; negative_framework_support_context_without_confirmed_app_level_gaze_flow; functionality_gaze_retrieval_or_extraction; functionality_data_collection_or_telemetry_hits_21,base_scanner_score_153; module_bonus_validity_gate_8; module_bonus_paired_state_refs_8; module_bonus_ui_interaction_12; module_bonus_data_collection_22; module_bonus_telemetry_20; evidence_bonus_telemetry_or_network_hits_12; sensitive_sink_data_collection_bonus_15; sensitive_sink_telemetry_bonus_15; keyword_support_eye_or_gaze_5_bonus_20; keyword_support_sdk_2_bonus_6; keyword_support_collection_or_telemetry_4_bonus_16,C:\realDesktop\manifest-evaluations\summer-26\ghidra-pipeline\il2cpp-files\waitwhat\general-structure-results\90_plus_framework_support_only_near_certain\069594ac_UnityEngine.ConfigurableJoint$$set_secondaryAxis_Injected.c,C:\realDesktop\manifest-evaluations\summer-26\ghidra-pipeline\il2cpp-files\waitwhat\manual-review-pack\A_must_review\054_p307_UnityEngine.ConfigurableJoint$$set_secondaryAxis_Injected.c
55,307,A_must_review,UnityEngine.ConfigurableJoint$$set_secondaryAxis,0695941c,153,90_plus_framework_support_only_near_certain,eye_source; weak_source_state; validity_gate; paired_state_refs; ui_interaction; data_collection; telemetry,strong_eye_source_hits_1; weak_xr_or_state_hits_6; validity_or_gating_hits_21; paired_field_refs_with_eye_source; ui_or_gameplay_sink_hits_3; strong_file_logging_hits_19; telemetry_or_network_hits_7; negative_framework_support_context_without_confirmed_app_level_gaze_flow; functionality_gaze_retrieval_or_extraction; functionality_data_collection_or_telemetry_hits_21,base_scanner_score_153; module_bonus_validity_gate_8; module_bonus_paired_state_refs_8; module_bonus_ui_interaction_12; module_bonus_data_collection_22; module_bonus_telemetry_20; evidence_bonus_telemetry_or_network_hits_12; sensitive_sink_data_collection_bonus_15; sensitive_sink_telemetry_bonus_15; keyword_support_eye_or_gaze_5_bonus_20; keyword_support_sdk_2_bonus_6; keyword_support_collection_or_telemetry_4_bonus_16,C:\realDesktop\manifest-evaluations\summer-26\ghidra-pipeline\il2cpp-files\waitwhat\general-structure-results\90_plus_framework_support_only_near_certain\0695941c_UnityEngine.ConfigurableJoint$$set_secondaryAxis.c,C:\realDesktop\manifest-evaluations\summer-26\ghidra-pipeline\il2cpp-files\waitwhat\manual-review-pack\A_must_review\055_p307_UnityEngine.ConfigurableJoint$$set_secondaryAxis.c
56,307,A_must_review,UnityEngine.ConfigurableJoint$$set_linearLimitSpring_Injected,06959f10,153,90_plus_framework_support_only_near_certain,eye_source; weak_source_state; validity_gate; paired_state_refs; ui_interaction; data_collection; telemetry,strong_eye_source_hits_1; weak_xr_or_state_hits_3; validity_or_gating_hits_21; paired_field_refs_with_eye_source; ui_or_gameplay_sink_hits_3; strong_file_logging_hits_13; telemetry_or_network_hits_3; negative_framework_support_context_without_confirmed_app_level_gaze_flow; functionality_gaze_retrieval_or_extraction; functionality_data_collection_or_telemetry_hits_16,base_scanner_score_153; module_bonus_validity_gate_8; module_bonus_paired_state_refs_8; module_bonus_ui_interaction_12; module_bonus_data_collection_22; module_bonus_telemetry_20; evidence_bonus_telemetry_or_network_hits_12; sensitive_sink_data_collection_bonus_15; sensitive_sink_telemetry_bonus_15; keyword_support_eye_or_gaze_5_bonus_20; keyword_support_sdk_2_bonus_6; keyword_support_collection_or_telemetry_4_bonus_16,C:\realDesktop\manifest-evaluations\summer-26\ghidra-pipeline\il2cpp-files\waitwhat\general-structure-results\90_plus_framework_support_only_near_certain\06959f10_UnityEngine.ConfigurableJoint$$set_linearLimitSpring_Injected.c,C:\realDesktop\manifest-evaluations\summer-26\ghidra-pipeline\il2cpp-files\waitwhat\manual-review-pack\A_must_review\056_p307_UnityEngine.ConfigurableJoint$$set_linearLimitSpring_Injected.c
57,307,A_must_review,UnityEngine.ConfigurableJoint$$set_linearLimitSpring,06959e8c,153,90_plus_framework_support_only_near_certain,eye_source; weak_source_state; validity_gate; paired_state_refs; ui_interaction; data_collection; telemetry,strong_eye_source_hits_1; weak_xr_or_state_hits_3; validity_or_gating_hits_21; paired_field_refs_with_eye_source; ui_or_gameplay_sink_hits_3; strong_file_logging_hits_13; telemetry_or_network_hits_5; negative_framework_support_context_without_confirmed_app_level_gaze_flow; functionality_gaze_retrieval_or_extraction; functionality_data_collection_or_telemetry_hits_18,base_scanner_score_153; module_bonus_validity_gate_8; module_bonus_paired_state_refs_8; module_bonus_ui_interaction_12; module_bonus_data_collection_22; module_bonus_telemetry_20; evidence_bonus_telemetry_or_network_hits_12; sensitive_sink_data_collection_bonus_15; sensitive_sink_telemetry_bonus_15; keyword_support_eye_or_gaze_5_bonus_20; keyword_support_sdk_2_bonus_6; keyword_support_collection_or_telemetry_4_bonus_16,C:\realDesktop\manifest-evaluations\summer-26\ghidra-pipeline\il2cpp-files\waitwhat\general-structure-results\90_plus_framework_support_only_near_certain\06959e8c_UnityEngine.ConfigurableJoint$$set_linearLimitSpring.c,C:\realDesktop\manifest-evaluations\summer-26\ghidra-pipeline\il2cpp-files\waitwhat\manual-review-pack\A_must_review\057_p307_UnityEngine.ConfigurableJoint$$set_linearLimitSpring.c
58,307,A_must_review,UnityEngine.ConfigurableJoint$$set_angularZMotion_Injected,06959d7c,153,90_plus_framework_support_only_near_certain,eye_source; weak_source_state; validity_gate; paired_state_refs; ui_interaction; data_collection; telemetry,strong_eye_source_hits_1; weak_xr_or_state_hits_3; validity_or_gating_hits_21; paired_field_refs_with_eye_source; ui_or_gameplay_sink_hits_3; strong_file_logging_hits_14; telemetry_or_network_hits_5; negative_framework_support_context_without_confirmed_app_level_gaze_flow; functionality_gaze_retrieval_or_extraction; functionality_data_collection_or_telemetry_hits_19,base_scanner_score_153; module_bonus_validity_gate_8; module_bonus_paired_state_refs_8; module_bonus_ui_interaction_12; module_bonus_data_collection_22; module_bonus_telemetry_20; evidence_bonus_telemetry_or_network_hits_12; sensitive_sink_data_collection_bonus_15; sensitive_sink_telemetry_bonus_15; keyword_support_eye_or_gaze_5_bonus_20; keyword_support_sdk_2_bonus_6; keyword_support_collection_or_telemetry_4_bonus_16,C:\realDesktop\manifest-evaluations\summer-26\ghidra-pipeline\il2cpp-files\waitwhat\general-structure-results\90_plus_framework_support_only_near_certain\06959d7c_UnityEngine.ConfigurableJoint$$set_angularZMotion_Injected.c,C:\realDesktop\manifest-evaluations\summer-26\ghidra-pipeline\il2cpp-files\waitwhat\manual-review-pack\A_must_review\058_p307_UnityEngine.ConfigurableJoint$$set_angularZMotion_Injected.c
59,307,A_must_review,UnityEngine.ConfigurableJoint$$set_angularZMotion,06959cfc,153,90_plus_framework_support_only_near_certain,eye_source; weak_source_state; validity_gate; paired_state_refs; ui_interaction; data_collection; telemetry,strong_eye_source_hits_1; weak_xr_or_state_hits_3; validity_or_gating_hits_21; paired_field_refs_with_eye_source; ui_or_gameplay_sink_hits_3; strong_file_logging_hits_14; telemetry_or_network_hits_7; negative_framework_support_context_without_confirmed_app_level_gaze_flow; functionality_gaze_retrieval_or_extraction; functionality_data_collection_or_telemetry_hits_21,base_scanner_score_153; module_bonus_validity_gate_8; module_bonus_paired_state_refs_8; module_bonus_ui_interaction_12; module_bonus_data_collection_22; module_bonus_telemetry_20; evidence_bonus_telemetry_or_network_hits_12; sensitive_sink_data_collection_bonus_15; sensitive_sink_telemetry_bonus_15; keyword_support_eye_or_gaze_5_bonus_20; keyword_support_sdk_2_bonus_6; keyword_support_collection_or_telemetry_4_bonus_16,C:\realDesktop\manifest-evaluations\summer-26\ghidra-pipeline\il2cpp-files\waitwhat\general-structure-results\90_plus_framework_support_only_near_certain\06959cfc_UnityEngine.ConfigurableJoint$$set_angularZMotion.c,C:\realDesktop\manifest-evaluations\summer-26\ghidra-pipeline\il2cpp-files\waitwhat\manual-review-pack\A_must_review\059_p307_UnityEngine.ConfigurableJoint$$set_angularZMotion.c
60,307,A_must_review,UnityEngine.ConfigurableJoint$$set_angularYMotion,06959b84,153,90_plus_framework_support_only_near_certain,eye_source; weak_source_state; validity_gate; paired_state_refs; ui_interaction; data_collection; telemetry,strong_eye_source_hits_1; weak_xr_or_state_hits_3; validity_or_gating_hits_21; paired_field_refs_with_eye_source; ui_or_gameplay_sink_hits_3; strong_file_logging_hits_15; telemetry_or_network_hits_7; negative_framework_support_context_without_confirmed_app_level_gaze_flow; functionality_gaze_retrieval_or_extraction; functionality_data_collection_or_telemetry_hits_21,base_scanner_score_153; module_bonus_validity_gate_8; module_bonus_paired_state_refs_8; module_bonus_ui_interaction_12; module_bonus_data_collection_22; module_bonus_telemetry_20; evidence_bonus_telemetry_or_network_hits_12; sensitive_sink_data_collection_bonus_15; sensitive_sink_telemetry_bonus_15; keyword_support_eye_or_gaze_5_bonus_20; keyword_support_sdk_2_bonus_6; keyword_support_collection_or_telemetry_4_bonus_16,C:\realDesktop\manifest-evaluations\summer-26\ghidra-pipeline\il2cpp-files\waitwhat\general-structure-results\90_plus_framework_support_only_near_certain\06959b84_UnityEngine.ConfigurableJoint$$set_angularYMotion.c,C:\realDesktop\manifest-evaluations\summer-26\ghidra-pipeline\il2cpp-files\waitwhat\manual-review-pack\A_must_review\060_p307_UnityEngine.ConfigurableJoint$$set_angularYMotion.c
61,307,A_must_review,UnityEngine.ConfigurableJoint$$set_angularXMotion,06959a0c,153,90_plus_framework_support_only_near_certain,eye_source; weak_source_state; validity_gate; paired_state_refs; ui_interaction; data_collection; telemetry,strong_eye_source_hits_1; weak_xr_or_state_hits_5; validity_or_gating_hits_21; paired_field_refs_with_eye_source; ui_or_gameplay_sink_hits_3; strong_file_logging_hits_16; telemetry_or_network_hits_7; negative_framework_support_context_without_confirmed_app_level_gaze_flow; functionality_gaze_retrieval_or_extraction; functionality_data_collection_or_telemetry_hits_21,base_scanner_score_153; module_bonus_validity_gate_8; module_bonus_paired_state_refs_8; module_bonus_ui_interaction_12; module_bonus_data_collection_22; module_bonus_telemetry_20; evidence_bonus_telemetry_or_network_hits_12; sensitive_sink_data_collection_bonus_15; sensitive_sink_telemetry_bonus_15; keyword_support_eye_or_gaze_5_bonus_20; keyword_support_sdk_2_bonus_6; keyword_support_collection_or_telemetry_4_bonus_16,C:\realDesktop\manifest-evaluations\summer-26\ghidra-pipeline\il2cpp-files\waitwhat\general-structure-results\90_plus_framework_support_only_near_certain\06959a0c_UnityEngine.ConfigurableJoint$$set_angularXMotion.c,C:\realDesktop\manifest-evaluations\summer-26\ghidra-pipeline\il2cpp-files\waitwhat\manual-review-pack\A_must_review\061_p307_UnityEngine.ConfigurableJoint$$set_angularXMotion.c
62,307,A_must_review,UnityEngine.ConfigurableJoint$$set_angularXLimitSpring_Injected,0695a0a4,153,90_plus_framework_support_only_near_certain,eye_source; weak_source_state; validity_gate; paired_state_refs; ui_interaction; data_collection; telemetry,strong_eye_source_hits_1; weak_xr_or_state_hits_3; validity_or_gating_hits_21; paired_field_refs_with_eye_source; ui_or_gameplay_sink_hits_3; strong_file_logging_hits_12; telemetry_or_network_hits_3; negative_framework_support_context_without_confirmed_app_level_gaze_flow; functionality_data_collection_or_telemetry_hits_15,base_scanner_score_153; module_bonus_validity_gate_8; module_bonus_paired_state_refs_8; module_bonus_ui_interaction_12; module_bonus_data_collection_22; module_bonus_telemetry_20; evidence_bonus_telemetry_or_network_hits_12; sensitive_sink_data_collection_bonus_15; sensitive_sink_telemetry_bonus_15; keyword_support_eye_or_gaze_5_bonus_20; keyword_support_sdk_2_bonus_6; keyword_support_collection_or_telemetry_4_bonus_16,C:\realDesktop\manifest-evaluations\summer-26\ghidra-pipeline\il2cpp-files\waitwhat\general-structure-results\90_plus_framework_support_only_near_certain\0695a0a4_UnityEngine.ConfigurableJoint$$set_angularXLimitSpring_Injected.c,C:\realDesktop\manifest-evaluations\summer-26\ghidra-pipeline\il2cpp-files\waitwhat\manual-review-pack\A_must_review\062_p307_UnityEngine.ConfigurableJoint$$set_angularXLimitSpring_Injected.c
63,307,A_must_review,UnityEngine.ConfigurableJoint$$set_angularXLimitSpring,0695a020,153,90_plus_framework_support_only_near_certain,eye_source; weak_source_state; validity_gate; paired_state_refs; ui_interaction; data_collection; telemetry,strong_eye_source_hits_1; weak_xr_or_state_hits_3; validity_or_gating_hits_21; paired_field_refs_with_eye_source; ui_or_gameplay_sink_hits_3; strong_file_logging_hits_12; telemetry_or_network_hits_3; negative_framework_support_context_without_confirmed_app_level_gaze_flow; functionality_data_collection_or_telemetry_hits_15,base_scanner_score_153; module_bonus_validity_gate_8; module_bonus_paired_state_refs_8; module_bonus_ui_interaction_12; module_bonus_data_collection_22; module_bonus_telemetry_20; evidence_bonus_telemetry_or_network_hits_12; sensitive_sink_data_collection_bonus_15; sensitive_sink_telemetry_bonus_15; keyword_support_eye_or_gaze_5_bonus_20; keyword_support_sdk_2_bonus_6; keyword_support_collection_or_telemetry_4_bonus_16,C:\realDesktop\manifest-evaluations\summer-26\ghidra-pipeline\il2cpp-files\waitwhat\general-structure-results\90_plus_framework_support_only_near_certain\0695a020_UnityEngine.ConfigurableJoint$$set_angularXLimitSpring.c,C:\realDesktop\manifest-evaluations\summer-26\ghidra-pipeline\il2cpp-files\waitwhat\manual-review-pack\A_must_review\063_p307_UnityEngine.ConfigurableJoint$$set_angularXLimitSpring.c
64,307,A_must_review,UnityEngine.ConfigurableJoint$$get_zMotion_Injected,06959858,153,90_plus_framework_support_only_near_certain,eye_source; weak_source_state; validity_gate; paired_state_refs; ui_interaction; data_collection; telemetry,strong_eye_source_hits_1; weak_xr_or_state_hits_5; validity_or_gating_hits_21; paired_field_refs_with_eye_source; ui_or_gameplay_sink_hits_3; strong_file_logging_hits_17; telemetry_or_network_hits_7; negative_framework_support_context_without_confirmed_app_level_gaze_flow; functionality_gaze_retrieval_or_extraction; functionality_data_collection_or_telemetry_hits_21,base_scanner_score_153; module_bonus_validity_gate_8; module_bonus_paired_state_refs_8; module_bonus_ui_interaction_12; module_bonus_data_collection_22; module_bonus_telemetry_20; evidence_bonus_telemetry_or_network_hits_12; sensitive_sink_data_collection_bonus_15; sensitive_sink_telemetry_bonus_15; keyword_support_eye_or_gaze_5_bonus_20; keyword_support_sdk_2_bonus_6; keyword_support_collection_or_telemetry_4_bonus_16,C:\realDesktop\manifest-evaluations\summer-26\ghidra-pipeline\il2cpp-files\waitwhat\general-structure-results\90_plus_framework_support_only_near_certain\06959858_UnityEngine.ConfigurableJoint$$get_zMotion_Injected.c,C:\realDesktop\manifest-evaluations\summer-26\ghidra-pipeline\il2cpp-files\waitwhat\manual-review-pack\A_must_review\064_p307_UnityEngine.ConfigurableJoint$$get_zMotion_Injected.c
65,307,A_must_review,UnityEngine.ConfigurableJoint$$get_zMotion,069597e0,153,90_plus_framework_support_only_near_certain,eye_source; weak_source_state; validity_gate; paired_state_refs; ui_interaction; data_collection; telemetry,strong_eye_source_hits_1; weak_xr_or_state_hits_5; validity_or_gating_hits_21; paired_field_refs_with_eye_source; ui_or_gameplay_sink_hits_3; strong_file_logging_hits_17; telemetry_or_network_hits_7; negative_framework_support_context_without_confirmed_app_level_gaze_flow; functionality_gaze_retrieval_or_extraction; functionality_data_collection_or_telemetry_hits_21,base_scanner_score_153; module_bonus_validity_gate_8; module_bonus_paired_state_refs_8; module_bonus_ui_interaction_12; module_bonus_data_collection_22; module_bonus_telemetry_20; evidence_bonus_telemetry_or_network_hits_12; sensitive_sink_data_collection_bonus_15; sensitive_sink_telemetry_bonus_15; keyword_support_eye_or_gaze_5_bonus_20; keyword_support_sdk_2_bonus_6; keyword_support_collection_or_telemetry_4_bonus_16,C:\realDesktop\manifest-evaluations\summer-26\ghidra-pipeline\il2cpp-files\waitwhat\general-structure-results\90_plus_framework_support_only_near_certain\069597e0_UnityEngine.ConfigurableJoint$$get_zMotion.c,C:\realDesktop\manifest-evaluations\summer-26\ghidra-pipeline\il2cpp-files\waitwhat\manual-review-pack\A_must_review\065_p307_UnityEngine.ConfigurableJoint$$get_zMotion.c
66,307,A_must_review,UnityEngine.ConfigurableJoint$$get_yMotion,06959668,153,90_plus_framework_support_only_near_certain,eye_source; weak_source_state; validity_gate; paired_state_refs; ui_interaction; data_collection; telemetry,strong_eye_source_hits_1; weak_xr_or_state_hits_5; validity_or_gating_hits_21; paired_field_refs_with_eye_source; ui_or_gameplay_sink_hits_3; strong_file_logging_hits_18; telemetry_or_network_hits_7; negative_framework_support_context_without_confirmed_app_level_gaze_flow; functionality_gaze_retrieval_or_extraction; functionality_data_collection_or_telemetry_hits_21,base_scanner_score_153; module_bonus_validity_gate_8; module_bonus_paired_state_refs_8; module_bonus_ui_interaction_12; module_bonus_data_collection_22; module_bonus_telemetry_20; evidence_bonus_telemetry_or_network_hits_12; sensitive_sink_data_collection_bonus_15; sensitive_sink_telemetry_bonus_15; keyword_support_eye_or_gaze_5_bonus_20; keyword_support_sdk_2_bonus_6; keyword_support_collection_or_telemetry_4_bonus_16,C:\realDesktop\manifest-evaluations\summer-26\ghidra-pipeline\il2cpp-files\waitwhat\general-structure-results\90_plus_framework_support_only_near_certain\06959668_UnityEngine.ConfigurableJoint$$get_yMotion.c,C:\realDesktop\manifest-evaluations\summer-26\ghidra-pipeline\il2cpp-files\waitwhat\manual-review-pack\A_must_review\066_p307_UnityEngine.ConfigurableJoint$$get_yMotion.c
67,307,A_must_review,UnityEngine.ConfigurableJoint$$get_xMotion_Injected,06959568,153,90_plus_framework_support_only_near_certain,eye_source; weak_source_state; validity_gate; paired_state_refs; ui_interaction; data_collection; telemetry,strong_eye_source_hits_1; weak_xr_or_state_hits_5; validity_or_gating_hits_21; paired_field_refs_with_eye_source; ui_or_gameplay_sink_hits_3; strong_file_logging_hits_18; telemetry_or_network_hits_7; negative_framework_support_context_without_confirmed_app_level_gaze_flow; functionality_gaze_retrieval_or_extraction; functionality_data_collection_or_telemetry_hits_21,base_scanner_score_153; module_bonus_validity_gate_8; module_bonus_paired_state_refs_8; module_bonus_ui_interaction_12; module_bonus_data_collection_22; module_bonus_telemetry_20; evidence_bonus_telemetry_or_network_hits_12; sensitive_sink_data_collection_bonus_15; sensitive_sink_telemetry_bonus_15; keyword_support_eye_or_gaze_5_bonus_20; keyword_support_sdk_2_bonus_6; keyword_support_collection_or_telemetry_4_bonus_16,C:\realDesktop\manifest-evaluations\summer-26\ghidra-pipeline\il2cpp-files\waitwhat\general-structure-results\90_plus_framework_support_only_near_certain\06959568_UnityEngine.ConfigurableJoint$$get_xMotion_Injected.c,C:\realDesktop\manifest-evaluations\summer-26\ghidra-pipeline\il2cpp-files\waitwhat\manual-review-pack\A_must_review\067_p307_UnityEngine.ConfigurableJoint$$get_xMotion_Injected.c
68,307,A_must_review,UnityEngine.ConfigurableJoint$$get_xMotion,069594f0,153,90_plus_framework_support_only_near_certain,eye_source; weak_source_state; validity_gate; paired_state_refs; ui_interaction; data_collection; telemetry,strong_eye_source_hits_1; weak_xr_or_state_hits_5; validity_or_gating_hits_21; paired_field_refs_with_eye_source; ui_or_gameplay_sink_hits_3; strong_file_logging_hits_19; telemetry_or_network_hits_7; negative_framework_support_context_without_confirmed_app_level_gaze_flow; functionality_gaze_retrieval_or_extraction; functionality_data_collection_or_telemetry_hits_21,base_scanner_score_153; module_bonus_validity_gate_8; module_bonus_paired_state_refs_8; module_bonus_ui_interaction_12; module_bonus_data_collection_22; module_bonus_telemetry_20; evidence_bonus_telemetry_or_network_hits_12; sensitive_sink_data_collection_bonus_15; sensitive_sink_telemetry_bonus_15; keyword_support_eye_or_gaze_5_bonus_20; keyword_support_sdk_2_bonus_6; keyword_support_collection_or_telemetry_4_bonus_16,C:\realDesktop\manifest-evaluations\summer-26\ghidra-pipeline\il2cpp-files\waitwhat\general-structure-results\90_plus_framework_support_only_near_certain\069594f0_UnityEngine.ConfigurableJoint$$get_xMotion.c,C:\realDesktop\manifest-evaluations\summer-26\ghidra-pipeline\il2cpp-files\waitwhat\manual-review-pack\A_must_review\068_p307_UnityEngine.ConfigurableJoint$$get_xMotion.c
69,307,A_must_review,UnityEngine.ConfigurableJoint$$get_secondaryAxis_Injected,069593d8,153,90_plus_framework_support_only_near_certain,eye_source; weak_source_state; validity_gate; paired_state_refs; ui_interaction; data_collection; telemetry,strong_eye_source_hits_1; weak_xr_or_state_hits_6; validity_or_gating_hits_21; paired_field_refs_with_eye_source; ui_or_gameplay_sink_hits_3; strong_file_logging_hits_19; telemetry_or_network_hits_7; negative_framework_support_context_without_confirmed_app_level_gaze_flow; functionality_gaze_retrieval_or_extraction; functionality_data_collection_or_telemetry_hits_21,base_scanner_score_153; module_bonus_validity_gate_8; module_bonus_paired_state_refs_8; module_bonus_ui_interaction_12; module_bonus_data_collection_22; module_bonus_telemetry_20; evidence_bonus_telemetry_or_network_hits_12; sensitive_sink_data_collection_bonus_15; sensitive_sink_telemetry_bonus_15; keyword_support_eye_or_gaze_5_bonus_20; keyword_support_sdk_2_bonus_6; keyword_support_collection_or_telemetry_4_bonus_16,C:\realDesktop\manifest-evaluations\summer-26\ghidra-pipeline\il2cpp-files\waitwhat\general-structure-results\90_plus_framework_support_only_near_certain\069593d8_UnityEngine.ConfigurableJoint$$get_secondaryAxis_Injected.c,C:\realDesktop\manifest-evaluations\summer-26\ghidra-pipeline\il2cpp-files\waitwhat\manual-review-pack\A_must_review\069_p307_UnityEngine.ConfigurableJoint$$get_secondaryAxis_Injected.c
70,307,A_must_review,UnityEngine.ConfigurableJoint$$get_secondaryAxis,06959340,153,90_plus_framework_support_only_near_certain,eye_source; weak_source_state; validity_gate; paired_state_refs; ui_interaction; data_collection; telemetry,strong_eye_source_hits_1; weak_xr_or_state_hits_6; validity_or_gating_hits_21; paired_field_refs_with_eye_source; ui_or_gameplay_sink_hits_3; strong_file_logging_hits_20; telemetry_or_network_hits_7; negative_framework_support_context_without_confirmed_app_level_gaze_flow; functionality_gaze_retrieval_or_extraction; functionality_data_collection_or_telemetry_hits_21,base_scanner_score_153; module_bonus_validity_gate_8; module_bonus_paired_state_refs_8; module_bonus_ui_interaction_12; module_bonus_data_collection_22; module_bonus_telemetry_20; evidence_bonus_telemetry_or_network_hits_12; sensitive_sink_data_collection_bonus_15; sensitive_sink_telemetry_bonus_15; keyword_support_eye_or_gaze_5_bonus_20; keyword_support_sdk_2_bonus_6; keyword_support_collection_or_telemetry_4_bonus_16,C:\realDesktop\manifest-evaluations\summer-26\ghidra-pipeline\il2cpp-files\waitwhat\general-structure-results\90_plus_framework_support_only_near_certain\06959340_UnityEngine.ConfigurableJoint$$get_secondaryAxis.c,C:\realDesktop\manifest-evaluations\summer-26\ghidra-pipeline\il2cpp-files\waitwhat\manual-review-pack\A_must_review\070_p307_UnityEngine.ConfigurableJoint$$get_secondaryAxis.c
71,307,A_must_review,UnityEngine.ConfigurableJoint$$get_linearLimitSpring_Injected,06959e48,153,90_plus_framework_support_only_near_certain,eye_source; weak_source_state; validity_gate; paired_state_refs; ui_interaction; data_collection; telemetry,strong_eye_source_hits_1; weak_xr_or_state_hits_3; validity_or_gating_hits_21; paired_field_refs_with_eye_source; ui_or_gameplay_sink_hits_3; strong_file_logging_hits_13; telemetry_or_network_hits_5; negative_framework_support_context_without_confirmed_app_level_gaze_flow; functionality_gaze_retrieval_or_extraction; functionality_data_collection_or_telemetry_hits_18,base_scanner_score_153; module_bonus_validity_gate_8; module_bonus_paired_state_refs_8; module_bonus_ui_interaction_12; module_bonus_data_collection_22; module_bonus_telemetry_20; evidence_bonus_telemetry_or_network_hits_12; sensitive_sink_data_collection_bonus_15; sensitive_sink_telemetry_bonus_15; keyword_support_eye_or_gaze_5_bonus_20; keyword_support_sdk_2_bonus_6; keyword_support_collection_or_telemetry_4_bonus_16,C:\realDesktop\manifest-evaluations\summer-26\ghidra-pipeline\il2cpp-files\waitwhat\general-structure-results\90_plus_framework_support_only_near_certain\06959e48_UnityEngine.ConfigurableJoint$$get_linearLimitSpring_Injected.c,C:\realDesktop\manifest-evaluations\summer-26\ghidra-pipeline\il2cpp-files\waitwhat\manual-review-pack\A_must_review\071_p307_UnityEngine.ConfigurableJoint$$get_linearLimitSpring_Injected.c
72,307,A_must_review,UnityEngine.ConfigurableJoint$$get_angularZMotion_Injected,06959cc0,153,90_plus_framework_support_only_near_certain,eye_source; weak_source_state; validity_gate; paired_state_refs; ui_interaction; data_collection; telemetry,strong_eye_source_hits_1; weak_xr_or_state_hits_3; validity_or_gating_hits_21; paired_field_refs_with_eye_source; ui_or_gameplay_sink_hits_3; strong_file_logging_hits_14; telemetry_or_network_hits_7; negative_framework_support_context_without_confirmed_app_level_gaze_flow; functionality_gaze_retrieval_or_extraction; functionality_data_collection_or_telemetry_hits_21,base_scanner_score_153; module_bonus_validity_gate_8; module_bonus_paired_state_refs_8; module_bonus_ui_interaction_12; module_bonus_data_collection_22; module_bonus_telemetry_20; evidence_bonus_telemetry_or_network_hits_12; sensitive_sink_data_collection_bonus_15; sensitive_sink_telemetry_bonus_15; keyword_support_eye_or_gaze_5_bonus_20; keyword_support_sdk_2_bonus_6; keyword_support_collection_or_telemetry_4_bonus_16,C:\realDesktop\manifest-evaluations\summer-26\ghidra-pipeline\il2cpp-files\waitwhat\general-structure-results\90_plus_framework_support_only_near_certain\06959cc0_UnityEngine.ConfigurableJoint$$get_angularZMotion_Injected.c,C:\realDesktop\manifest-evaluations\summer-26\ghidra-pipeline\il2cpp-files\waitwhat\manual-review-pack\A_must_review\072_p307_UnityEngine.ConfigurableJoint$$get_angularZMotion_Injected.c
73,307,A_must_review,UnityEngine.ConfigurableJoint$$get_angularZMotion,06959c48,153,90_plus_framework_support_only_near_certain,eye_source; weak_source_state; validity_gate; paired_state_refs; ui_interaction; data_collection; telemetry,strong_eye_source_hits_1; weak_xr_or_state_hits_3; validity_or_gating_hits_21; paired_field_refs_with_eye_source; ui_or_gameplay_sink_hits_3; strong_file_logging_hits_14; telemetry_or_network_hits_7; negative_framework_support_context_without_confirmed_app_level_gaze_flow; functionality_gaze_retrieval_or_extraction; functionality_data_collection_or_telemetry_hits_21,base_scanner_score_153; module_bonus_validity_gate_8; module_bonus_paired_state_refs_8; module_bonus_ui_interaction_12; module_bonus_data_collection_22; module_bonus_telemetry_20; evidence_bonus_telemetry_or_network_hits_12; sensitive_sink_data_collection_bonus_15; sensitive_sink_telemetry_bonus_15; keyword_support_eye_or_gaze_5_bonus_20; keyword_support_sdk_2_bonus_6; keyword_support_collection_or_telemetry_4_bonus_16,C:\realDesktop\manifest-evaluations\summer-26\ghidra-pipeline\il2cpp-files\waitwhat\general-structure-results\90_plus_framework_support_only_near_certain\06959c48_UnityEngine.ConfigurableJoint$$get_angularZMotion.c,C:\realDesktop\manifest-evaluations\summer-26\ghidra-pipeline\il2cpp-files\waitwhat\manual-review-pack\A_must_review\073_p307_UnityEngine.ConfigurableJoint$$get_angularZMotion.c
74,307,A_must_review,UnityEngine.ConfigurableJoint$$get_angularYMotion_Injected,06959b48,153,90_plus_framework_support_only_near_certain,eye_source; weak_source_state; validity_gate; paired_state_refs; ui_interaction; data_collection; telemetry,strong_eye_source_hits_1; weak_xr_or_state_hits_5; validity_or_gating_hits_21; paired_field_refs_with_eye_source; ui_or_gameplay_sink_hits_3; strong_file_logging_hits_15; telemetry_or_network_hits_7; negative_framework_support_context_without_confirmed_app_level_gaze_flow; functionality_gaze_retrieval_or_extraction; functionality_data_collection_or_telemetry_hits_21,base_scanner_score_153; module_bonus_validity_gate_8; module_bonus_paired_state_refs_8; module_bonus_ui_interaction_12; module_bonus_data_collection_22; module_bonus_telemetry_20; evidence_bonus_telemetry_or_network_hits_12; sensitive_sink_data_collection_bonus_15; sensitive_sink_telemetry_bonus_15; keyword_support_eye_or_gaze_5_bonus_20; keyword_support_sdk_2_bonus_6; keyword_support_collection_or_telemetry_4_bonus_16,C:\realDesktop\manifest-evaluations\summer-26\ghidra-pipeline\il2cpp-files\waitwhat\general-structure-results\90_plus_framework_support_only_near_certain\06959b48_UnityEngine.ConfigurableJoint$$get_angularYMotion_Injected.c,C:\realDesktop\manifest-evaluations\summer-26\ghidra-pipeline\il2cpp-files\waitwhat\manual-review-pack\A_must_review\074_p307_UnityEngine.ConfigurableJoint$$get_angularYMotion_Injected.c
75,307,A_must_review,UnityEngine.ConfigurableJoint$$get_angularXMotion_Injected,069599d0,153,90_plus_framework_support_only_near_certain,eye_source; weak_source_state; validity_gate; paired_state_refs; ui_interaction; data_collection; telemetry,strong_eye_source_hits_1; weak_xr_or_state_hits_5; validity_or_gating_hits_21; paired_field_refs_with_eye_source; ui_or_gameplay_sink_hits_3; strong_file_logging_hits_16; telemetry_or_network_hits_7; negative_framework_support_context_without_confirmed_app_level_gaze_flow; functionality_gaze_retrieval_or_extraction; functionality_data_collection_or_telemetry_hits_21,base_scanner_score_153; module_bonus_validity_gate_8; module_bonus_paired_state_refs_8; module_bonus_ui_interaction_12; module_bonus_data_collection_22; module_bonus_telemetry_20; evidence_bonus_telemetry_or_network_hits_12; sensitive_sink_data_collection_bonus_15; sensitive_sink_telemetry_bonus_15; keyword_support_eye_or_gaze_5_bonus_20; keyword_support_sdk_2_bonus_6; keyword_support_collection_or_telemetry_4_bonus_16,C:\realDesktop\manifest-evaluations\summer-26\ghidra-pipeline\il2cpp-files\waitwhat\general-structure-results\90_plus_framework_support_only_near_certain\069599d0_UnityEngine.ConfigurableJoint$$get_angularXMotion_Injected.c,C:\realDesktop\manifest-evaluations\summer-26\ghidra-pipeline\il2cpp-files\waitwhat\manual-review-pack\A_must_review\075_p307_UnityEngine.ConfigurableJoint$$get_angularXMotion_Injected.c
76,307,A_must_review,UnityEngine.ConfigurableJoint$$get_angularXMotion,06959958,153,90_plus_framework_support_only_near_certain,eye_source; weak_source_state; validity_gate; paired_state_refs; ui_interaction; data_collection; telemetry,strong_eye_source_hits_1; weak_xr_or_state_hits_5; validity_or_gating_hits_21; paired_field_refs_with_eye_source; ui_or_gameplay_sink_hits_3; strong_file_logging_hits_16; telemetry_or_network_hits_7; negative_framework_support_context_without_confirmed_app_level_gaze_flow; functionality_gaze_retrieval_or_extraction; functionality_data_collection_or_telemetry_hits_21,base_scanner_score_153; module_bonus_validity_gate_8; module_bonus_paired_state_refs_8; module_bonus_ui_interaction_12; module_bonus_data_collection_22; module_bonus_telemetry_20; evidence_bonus_telemetry_or_network_hits_12; sensitive_sink_data_collection_bonus_15; sensitive_sink_telemetry_bonus_15; keyword_support_eye_or_gaze_5_bonus_20; keyword_support_sdk_2_bonus_6; keyword_support_collection_or_telemetry_4_bonus_16,C:\realDesktop\manifest-evaluations\summer-26\ghidra-pipeline\il2cpp-files\waitwhat\general-structure-results\90_plus_framework_support_only_near_certain\06959958_UnityEngine.ConfigurableJoint$$get_angularXMotion.c,C:\realDesktop\manifest-evaluations\summer-26\ghidra-pipeline\il2cpp-files\waitwhat\manual-review-pack\A_must_review\076_p307_UnityEngine.ConfigurableJoint$$get_angularXMotion.c
77,307,A_must_review,UnityEngine.ConfigurableJoint$$get_angularXLimitSpring,06959f54,153,90_plus_framework_support_only_near_certain,eye_source; weak_source_state; validity_gate; paired_state_refs; ui_interaction; data_collection; telemetry,strong_eye_source_hits_1; weak_xr_or_state_hits_3; validity_or_gating_hits_21; paired_field_refs_with_eye_source; ui_or_gameplay_sink_hits_3; strong_file_logging_hits_13; telemetry_or_network_hits_3; negative_framework_support_context_without_confirmed_app_level_gaze_flow; functionality_data_collection_or_telemetry_hits_16,base_scanner_score_153; module_bonus_validity_gate_8; module_bonus_paired_state_refs_8; module_bonus_ui_interaction_12; module_bonus_data_collection_22; module_bonus_telemetry_20; evidence_bonus_telemetry_or_network_hits_12; sensitive_sink_data_collection_bonus_15; sensitive_sink_telemetry_bonus_15; keyword_support_eye_or_gaze_5_bonus_20; keyword_support_sdk_2_bonus_6; keyword_support_collection_or_telemetry_4_bonus_16,C:\realDesktop\manifest-evaluations\summer-26\ghidra-pipeline\il2cpp-files\waitwhat\general-structure-results\90_plus_framework_support_only_near_certain\06959f54_UnityEngine.ConfigurableJoint$$get_angularXLimitSpring.c,C:\realDesktop\manifest-evaluations\summer-26\ghidra-pipeline\il2cpp-files\waitwhat\manual-review-pack\A_must_review\077_p307_UnityEngine.ConfigurableJoint$$get_angularXLimitSpring.c
78,303,A_must_review,UnityEngine.TextSelectingUtilities$$MoveLineStart,0694256c,150,90_plus_framework_support_only_near_certain,eye_source; weak_source_state; validity_gate; ui_interaction; data_collection; telemetry; frame_behavior,strong_eye_source_hits_2; weak_xr_or_state_hits_12; validity_or_gating_hits_21; ui_or_gameplay_sink_hits_2; strong_file_logging_hits_12; telemetry_or_network_hits_8; frame_or_lifecycle_behavior; negative_framework_support_context_without_confirmed_app_level_gaze_flow; functionality_data_collection_or_telemetry_hits_20,base_scanner_score_150; module_bonus_validity_gate_8; module_bonus_ui_interaction_12; module_bonus_data_collection_22; module_bonus_telemetry_20; module_bonus_frame_behavior_5; evidence_bonus_telemetry_or_network_hits_12; sensitive_sink_data_collection_bonus_15; sensitive_sink_telemetry_bonus_15; keyword_support_eye_or_gaze_4_bonus_16; keyword_support_sdk_4_bonus_12; keyword_support_collection_or_telemetry_4_bonus_16,C:\realDesktop\manifest-evaluations\summer-26\ghidra-pipeline\il2cpp-files\waitwhat\general-structure-results\90_plus_framework_support_only_near_certain\0694256c_UnityEngine.TextSelectingUtilities$$MoveLineStart.c,C:\realDesktop\manifest-evaluations\summer-26\ghidra-pipeline\il2cpp-files\waitwhat\manual-review-pack\A_must_review\078_p303_UnityEngine.TextSelectingUtilities$$MoveLineStart.c
79,302,A_must_review,UnityEngine.InputSystem.FastTouchscreen$$Initialize_ctrlTouchscreentouch3tapCount,0642f2e0,167,90_plus_framework_eye_tracking_support_or_permission_path_near_certain,eye_source; weak_source_state; validity_gate; ray_interaction; ui_interaction; telemetry; frame_behavior; attempted_use,strong_eye_source_hits_10; weak_xr_or_state_hits_21; validity_or_gating_hits_5; ray_or_cast_sink_hits_4; ui_or_gameplay_sink_hits_21; telemetry_or_network_hits_21; frame_or_lifecycle_behavior; attempted_eye_tracking_permission_or_feature_enable; negative_framework_support_context_without_confirmed_app_level_gaze_flow; functionality_gaze_retrieval_or_extraction; functionality_data_collection_or_telemetry_hits_14; functionality_possible_biometrics_hits_4,base_scanner_score_167; module_bonus_validity_gate_8; module_bonus_ray_interaction_15; module_bonus_ui_interaction_12; module_bonus_telemetry_20; module_bonus_frame_behavior_5; evidence_bonus_telemetry_or_network_hits_12; sensitive_sink_telemetry_bonus_15; keyword_support_eye_or_gaze_5_bonus_20; keyword_support_sdk_4_bonus_12; keyword_support_collection_or_telemetry_4_bonus_16,C:\realDesktop\manifest-evaluations\summer-26\ghidra-pipeline\il2cpp-files\waitwhat\general-structure-results\90_plus_framework_eye_tracking_support_or_permission_path_near_certain\0642f2e0_UnityEngine.InputSystem.FastTouchscreen$$Initialize_ctrlTouchscreentouch3tapCount.c,C:\realDesktop\manifest-evaluations\summer-26\ghidra-pipeline\il2cpp-files\waitwhat\manual-review-pack\A_must_review\079_p302_UnityEngine.InputSystem.FastTouchscreen$$Initialize_ctrlTouchscreentouch3tapCount.c
80,302,A_must_review,UnityEngine.InputSystem.FastTouchscreen$$Initialize_ctrlTouchscreentouch3tap,0642f868,167,90_plus_framework_eye_tracking_support_or_permission_path_near_certain,eye_source; weak_source_state; validity_gate; ray_interaction; ui_interaction; telemetry; frame_behavior; attempted_use,strong_eye_source_hits_10; weak_xr_or_state_hits_21; validity_or_gating_hits_5; ray_or_cast_sink_hits_4; ui_or_gameplay_sink_hits_21; telemetry_or_network_hits_20; frame_or_lifecycle_behavior; attempted_eye_tracking_permission_or_feature_enable; negative_framework_support_context_without_confirmed_app_level_gaze_flow; functionality_gaze_retrieval_or_extraction; functionality_data_collection_or_telemetry_hits_14; functionality_possible_biometrics_hits_4,base_scanner_score_167; module_bonus_validity_gate_8; module_bonus_ray_interaction_15; module_bonus_ui_interaction_12; module_bonus_telemetry_20; module_bonus_frame_behavior_5; evidence_bonus_telemetry_or_network_hits_12; sensitive_sink_telemetry_bonus_15; keyword_support_eye_or_gaze_5_bonus_20; keyword_support_sdk_4_bonus_12; keyword_support_collection_or_telemetry_4_bonus_16,C:\realDesktop\manifest-evaluations\summer-26\ghidra-pipeline\il2cpp-files\waitwhat\general-structure-results\90_plus_framework_eye_tracking_support_or_permission_path_near_certain\0642f868_UnityEngine.InputSystem.FastTouchscreen$$Initialize_ctrlTouchscreentouch3tap.c,C:\realDesktop\manifest-evaluations\summer-26\ghidra-pipeline\il2cpp-files\waitwhat\manual-review-pack\A_must_review\080_p302_UnityEngine.InputSystem.FastTouchscreen$$Initialize_ctrlTouchscreentouch3tap.c
81,302,A_must_review,UnityEngine.InputSystem.FastTouchscreen$$Initialize_ctrlTouchscreentouch3startTime,0642fa60,167,90_plus_framework_eye_tracking_support_or_permission_path_near_certain,eye_source; weak_source_state; validity_gate; ray_interaction; ui_interaction; telemetry; frame_behavior; attempted_use,strong_eye_source_hits_10; weak_xr_or_state_hits_21; validity_or_gating_hits_4; ray_or_cast_sink_hits_4; ui_or_gameplay_sink_hits_21; telemetry_or_network_hits_18; frame_or_lifecycle_behavior; attempted_eye_tracking_permission_or_feature_enable; negative_framework_support_context_without_confirmed_app_level_gaze_flow; functionality_gaze_retrieval_or_extraction; functionality_data_collection_or_telemetry_hits_13; functionality_possible_biometrics_hits_4,base_scanner_score_167; module_bonus_validity_gate_8; module_bonus_ray_interaction_15; module_bonus_ui_interaction_12; module_bonus_telemetry_20; module_bonus_frame_behavior_5; evidence_bonus_telemetry_or_network_hits_12; sensitive_sink_telemetry_bonus_15; keyword_support_eye_or_gaze_5_bonus_20; keyword_support_sdk_4_bonus_12; keyword_support_collection_or_telemetry_4_bonus_16,C:\realDesktop\manifest-evaluations\summer-26\ghidra-pipeline\il2cpp-files\waitwhat\general-structure-results\90_plus_framework_eye_tracking_support_or_permission_path_near_certain\0642fa60_UnityEngine.InputSystem.FastTouchscreen$$Initialize_ctrlTouchscreentouch3startTime.c,C:\realDesktop\manifest-evaluations\summer-26\ghidra-pipeline\il2cpp-files\waitwhat\manual-review-pack\A_must_review\081_p302_UnityEngine.InputSystem.FastTouchscreen$$Initialize_ctrlTouchscreentouch3startTime.c
82,302,A_must_review,UnityEngine.InputSystem.FastTouchscreen$$Initialize_ctrlTouchscreentouch3radius,0642ed4c,167,90_plus_framework_eye_tracking_support_or_permission_path_near_certain,eye_source; weak_source_state; validity_gate; ray_interaction; ui_interaction; telemetry; frame_behavior; attempted_use,strong_eye_source_hits_10; weak_xr_or_state_hits_21; validity_or_gating_hits_5; ray_or_cast_sink_hits_4; ui_or_gameplay_sink_hits_21; telemetry_or_network_hits_21; frame_or_lifecycle_behavior; attempted_eye_tracking_permission_or_feature_enable; negative_framework_support_context_without_confirmed_app_level_gaze_flow; functionality_gaze_retrieval_or_extraction; functionality_data_collection_or_telemetry_hits_19; functionality_possible_biometrics_hits_4,base_scanner_score_167; module_bonus_validity_gate_8; module_bonus_ray_interaction_15; module_bonus_ui_interaction_12; module_bonus_telemetry_20; module_bonus_frame_behavior_5; evidence_bonus_telemetry_or_network_hits_12; sensitive_sink_telemetry_bonus_15; keyword_support_eye_or_gaze_5_bonus_20; keyword_support_sdk_4_bonus_12; keyword_support_collection_or_telemetry_4_bonus_16,C:\realDesktop\manifest-evaluations\summer-26\ghidra-pipeline\il2cpp-files\waitwhat\general-structure-results\90_plus_framework_eye_tracking_support_or_permission_path_near_certain\0642ed4c_UnityEngine.InputSystem.FastTouchscreen$$Initialize_ctrlTouchscreentouch3radius.c,C:\realDesktop\manifest-evaluations\summer-26\ghidra-pipeline\il2cpp-files\waitwhat\manual-review-pack\A_must_review\082_p302_UnityEngine.InputSystem.FastTouchscreen$$Initialize_ctrlTouchscreentouch3radius.c
83,302,A_must_review,UnityEngine.InputSystem.FastTouchscreen$$Initialize_ctrlTouchscreentouch3pressure,0642eb8c,167,90_plus_framework_eye_tracking_support_or_permission_path_near_certain,eye_source; weak_source_state; validity_gate; ray_interaction; ui_interaction; telemetry; frame_behavior; attempted_use,strong_eye_source_hits_10; weak_xr_or_state_hits_21; validity_or_gating_hits_5; ray_or_cast_sink_hits_4; ui_or_gameplay_sink_hits_21; telemetry_or_network_hits_21; frame_or_lifecycle_behavior; attempted_eye_tracking_permission_or_feature_enable; negative_framework_support_context_without_confirmed_app_level_gaze_flow; functionality_gaze_retrieval_or_extraction; functionality_data_collection_or_telemetry_hits_19; functionality_possible_biometrics_hits_4,base_scanner_score_167; module_bonus_validity_gate_8; module_bonus_ray_interaction_15; module_bonus_ui_interaction_12; module_bonus_telemetry_20; module_bonus_frame_behavior_5; evidence_bonus_telemetry_or_network_hits_12; sensitive_sink_telemetry_bonus_15; keyword_support_eye_or_gaze_5_bonus_20; keyword_support_sdk_4_bonus_12; keyword_support_collection_or_telemetry_4_bonus_16,C:\realDesktop\manifest-evaluations\summer-26\ghidra-pipeline\il2cpp-files\waitwhat\general-structure-results\90_plus_framework_eye_tracking_support_or_permission_path_near_certain\0642eb8c_UnityEngine.InputSystem.FastTouchscreen$$Initialize_ctrlTouchscreentouch3pressure.c,C:\realDesktop\manifest-evaluations\summer-26\ghidra-pipeline\il2cpp-files\waitwhat\manual-review-pack\A_must_review\083_p302_UnityEngine.InputSystem.FastTouchscreen$$Initialize_ctrlTouchscreentouch3pressure.c
84,302,A_must_review,UnityEngine.InputSystem.FastTouchscreen$$Initialize_ctrlTouchscreentouch3press,0642f0e8,167,90_plus_framework_eye_tracking_support_or_permission_path_near_certain,eye_source; weak_source_state; validity_gate; ray_interaction; ui_interaction; telemetry; frame_behavior; attempted_use,strong_eye_source_hits_10; weak_xr_or_state_hits_21; validity_or_gating_hits_5; ray_or_cast_sink_hits_4; ui_or_gameplay_sink_hits_21; telemetry_or_network_hits_21; frame_or_lifecycle_behavior; attempted_eye_tracking_permission_or_feature_enable; negative_framework_support_context_without_confirmed_app_level_gaze_flow; functionality_gaze_retrieval_or_extraction; functionality_data_collection_or_telemetry_hits_15; functionality_possible_biometrics_hits_4,base_scanner_score_167; module_bonus_validity_gate_8; module_bonus_ray_interaction_15; module_bonus_ui_interaction_12; module_bonus_telemetry_20; module_bonus_frame_behavior_5; evidence_bonus_telemetry_or_network_hits_12; sensitive_sink_telemetry_bonus_15; keyword_support_eye_or_gaze_5_bonus_20; keyword_support_sdk_4_bonus_12; keyword_support_collection_or_telemetry_4_bonus_16,C:\realDesktop\manifest-evaluations\summer-26\ghidra-pipeline\il2cpp-files\waitwhat\general-structure-results\90_plus_framework_eye_tracking_support_or_permission_path_near_certain\0642f0e8_UnityEngine.InputSystem.FastTouchscreen$$Initialize_ctrlTouchscreentouch3press.c,C:\realDesktop\manifest-evaluations\summer-26\ghidra-pipeline\il2cpp-files\waitwhat\manual-review-pack\A_must_review\084_p302_UnityEngine.InputSystem.FastTouchscreen$$Initialize_ctrlTouchscreentouch3press.c
85,302,A_must_review,UnityEngine.InputSystem.FastTouchscreen$$Initialize_ctrlTouchscreentouch3phase,0642ef18,167,90_plus_framework_eye_tracking_support_or_permission_path_near_certain,eye_source; weak_source_state; validity_gate; ray_interaction; ui_interaction; telemetry; frame_behavior; attempted_use,strong_eye_source_hits_10; weak_xr_or_state_hits_21; validity_or_gating_hits_5; ray_or_cast_sink_hits_4; ui_or_gameplay_sink_hits_21; telemetry_or_network_hits_21; frame_or_lifecycle_behavior; attempted_eye_tracking_permission_or_feature_enable; negative_framework_support_context_without_confirmed_app_level_gaze_flow; functionality_gaze_retrieval_or_extraction; functionality_data_collection_or_telemetry_hits_17; functionality_possible_biometrics_hits_4,base_scanner_score_167; module_bonus_validity_gate_8; module_bonus_ray_interaction_15; module_bonus_ui_interaction_12; module_bonus_telemetry_20; module_bonus_frame_behavior_5; evidence_bonus_telemetry_or_network_hits_12; sensitive_sink_telemetry_bonus_15; keyword_support_eye_or_gaze_5_bonus_20; keyword_support_sdk_4_bonus_12; keyword_support_collection_or_telemetry_4_bonus_16,C:\realDesktop\manifest-evaluations\summer-26\ghidra-pipeline\il2cpp-files\waitwhat\general-structure-results\90_plus_framework_eye_tracking_support_or_permission_path_near_certain\0642ef18_UnityEngine.InputSystem.FastTouchscreen$$Initialize_ctrlTouchscreentouch3phase.c,C:\realDesktop\manifest-evaluations\summer-26\ghidra-pipeline\il2cpp-files\waitwhat\manual-review-pack\A_must_review\085_p302_UnityEngine.InputSystem.FastTouchscreen$$Initialize_ctrlTouchscreentouch3phase.c
86,302,A_must_review,UnityEngine.InputSystem.FastTouchscreen$$Initialize_ctrlTouchscreentouch3indirectTouch,0642f660,167,90_plus_framework_eye_tracking_support_or_permission_path_near_certain,eye_source; weak_source_state; validity_gate; ray_interaction; ui_interaction; telemetry; frame_behavior; attempted_use,strong_eye_source_hits_10; weak_xr_or_state_hits_21; validity_or_gating_hits_5; ray_or_cast_sink_hits_4; ui_or_gameplay_sink_hits_21; telemetry_or_network_hits_20; frame_or_lifecycle_behavior; attempted_eye_tracking_permission_or_feature_enable; negative_framework_support_context_without_confirmed_app_level_gaze_flow; functionality_gaze_retrieval_or_extraction; functionality_data_collection_or_telemetry_hits_14; functionality_possible_biometrics_hits_4,base_scanner_score_167; module_bonus_validity_gate_8; module_bonus_ray_interaction_15; module_bonus_ui_interaction_12; module_bonus_telemetry_20; module_bonus_frame_behavior_5; evidence_bonus_telemetry_or_network_hits_12; sensitive_sink_telemetry_bonus_15; keyword_support_eye_or_gaze_5_bonus_20; keyword_support_sdk_4_bonus_12; keyword_support_collection_or_telemetry_4_bonus_16,C:\realDesktop\manifest-evaluations\summer-26\ghidra-pipeline\il2cpp-files\waitwhat\general-structure-results\90_plus_framework_eye_tracking_support_or_permission_path_near_certain\0642f660_UnityEngine.InputSystem.FastTouchscreen$$Initialize_ctrlTouchscreentouch3indirectTouch.c,C:\realDesktop\manifest-evaluations\summer-26\ghidra-pipeline\il2cpp-files\waitwhat\manual-review-pack\A_must_review\086_p302_UnityEngine.InputSystem.FastTouchscreen$$Initialize_ctrlTouchscreentouch3indirectTouch.c
87,302,A_must_review,UnityEngine.InputSystem.FastTouchscreen$$Initialize_ctrlTouchscreentouch3displayIndex,0642f4a0,167,90_plus_framework_eye_tracking_support_or_permission_path_near_certain,eye_source; weak_source_state; validity_gate; ray_interaction; ui_interaction; telemetry; frame_behavior; attempted_use,strong_eye_source_hits_10; weak_xr_or_state_hits_21; validity_or_gating_hits_5; ray_or_cast_sink_hits_4; ui_or_gameplay_sink_hits_21; telemetry_or_network_hits_21; frame_or_lifecycle_behavior; attempted_eye_tracking_permission_or_feature_enable; negative_framework_support_context_without_confirmed_app_level_gaze_flow; functionality_gaze_retrieval_or_extraction; functionality_data_collection_or_telemetry_hits_14; functionality_possible_biometrics_hits_4,base_scanner_score_167; module_bonus_validity_gate_8; module_bonus_ray_interaction_15; module_bonus_ui_interaction_12; module_bonus_telemetry_20; module_bonus_frame_behavior_5; evidence_bonus_telemetry_or_network_hits_12; sensitive_sink_telemetry_bonus_15; keyword_support_eye_or_gaze_5_bonus_20; keyword_support_sdk_4_bonus_12; keyword_support_collection_or_telemetry_4_bonus_16,C:\realDesktop\manifest-evaluations\summer-26\ghidra-pipeline\il2cpp-files\waitwhat\general-structure-results\90_plus_framework_eye_tracking_support_or_permission_path_near_certain\0642f4a0_UnityEngine.InputSystem.FastTouchscreen$$Initialize_ctrlTouchscreentouch3displayIndex.c,C:\realDesktop\manifest-evaluations\summer-26\ghidra-pipeline\il2cpp-files\waitwhat\manual-review-pack\A_must_review\087_p302_UnityEngine.InputSystem.FastTouchscreen$$Initialize_ctrlTouchscreentouch3displayIndex.c
88,302,A_must_review,UnityEngine.ConfigurableJoint$$set_lowAngularXLimit_Injected,0695a598,148,90_plus_framework_support_only_near_certain,eye_source; weak_source_state; validity_gate; paired_state_refs; ui_interaction; data_collection; telemetry,strong_eye_source_hits_1; weak_xr_or_state_hits_3; validity_or_gating_hits_21; paired_field_refs_with_eye_source; ui_or_gameplay_sink_hits_3; strong_file_logging_hits_9; telemetry_or_network_hits_2; negative_framework_support_context_without_confirmed_app_level_gaze_flow; functionality_data_collection_or_telemetry_hits_11,base_scanner_score_148; module_bonus_validity_gate_8; module_bonus_paired_state_refs_8; module_bonus_ui_interaction_12; module_bonus_data_collection_22; module_bonus_telemetry_20; evidence_bonus_telemetry_or_network_hits_12; sensitive_sink_data_collection_bonus_15; sensitive_sink_telemetry_bonus_15; keyword_support_eye_or_gaze_5_bonus_20; keyword_support_sdk_2_bonus_6; keyword_support_collection_or_telemetry_4_bonus_16,C:\realDesktop\manifest-evaluations\summer-26\ghidra-pipeline\il2cpp-files\waitwhat\general-structure-results\90_plus_framework_support_only_near_certain\0695a598_UnityEngine.ConfigurableJoint$$set_lowAngularXLimit_Injected.c,C:\realDesktop\manifest-evaluations\summer-26\ghidra-pipeline\il2cpp-files\waitwhat\manual-review-pack\A_must_review\088_p302_UnityEngine.ConfigurableJoint$$set_lowAngularXLimit_Injected.c
89,302,A_must_review,UnityEngine.ConfigurableJoint$$set_linearLimit_Injected,0695a3e8,148,90_plus_framework_support_only_near_certain,eye_source; weak_source_state; validity_gate; paired_state_refs; ui_interaction; data_collection; telemetry,strong_eye_source_hits_1; weak_xr_or_state_hits_3; validity_or_gating_hits_21; paired_field_refs_with_eye_source; ui_or_gameplay_sink_hits_3; strong_file_logging_hits_10; telemetry_or_network_hits_2; negative_framework_support_context_without_confirmed_app_level_gaze_flow; functionality_data_collection_or_telemetry_hits_12,base_scanner_score_148; module_bonus_validity_gate_8; module_bonus_paired_state_refs_8; module_bonus_ui_interaction_12; module_bonus_data_collection_22; module_bonus_telemetry_20; evidence_bonus_telemetry_or_network_hits_12; sensitive_sink_data_collection_bonus_15; sensitive_sink_telemetry_bonus_15; keyword_support_eye_or_gaze_5_bonus_20; keyword_support_sdk_2_bonus_6; keyword_support_collection_or_telemetry_4_bonus_16,C:\realDesktop\manifest-evaluations\summer-26\ghidra-pipeline\il2cpp-files\waitwhat\general-structure-results\90_plus_framework_support_only_near_certain\0695a3e8_UnityEngine.ConfigurableJoint$$set_linearLimit_Injected.c,C:\realDesktop\manifest-evaluations\summer-26\ghidra-pipeline\il2cpp-files\waitwhat\manual-review-pack\A_must_review\089_p302_UnityEngine.ConfigurableJoint$$set_linearLimit_Injected.c
90,302,A_must_review,UnityEngine.ConfigurableJoint$$set_linearLimit,0695a358,148,90_plus_framework_support_only_near_certain,eye_source; weak_source_state; validity_gate; paired_state_refs; ui_interaction; data_collection; telemetry,strong_eye_source_hits_1; weak_xr_or_state_hits_3; validity_or_gating_hits_21; paired_field_refs_with_eye_source; ui_or_gameplay_sink_hits_3; strong_file_logging_hits_10; telemetry_or_network_hits_2; negative_framework_support_context_without_confirmed_app_level_gaze_flow; functionality_data_collection_or_telemetry_hits_12,base_scanner_score_148; module_bonus_validity_gate_8; module_bonus_paired_state_refs_8; module_bonus_ui_interaction_12; module_bonus_data_collection_22; module_bonus_telemetry_20; evidence_bonus_telemetry_or_network_hits_12; sensitive_sink_data_collection_bonus_15; sensitive_sink_telemetry_bonus_15; keyword_support_eye_or_gaze_5_bonus_20; keyword_support_sdk_2_bonus_6; keyword_support_collection_or_telemetry_4_bonus_16,C:\realDesktop\manifest-evaluations\summer-26\ghidra-pipeline\il2cpp-files\waitwhat\general-structure-results\90_plus_framework_support_only_near_certain\0695a358_UnityEngine.ConfigurableJoint$$set_linearLimit.c,C:\realDesktop\manifest-evaluations\summer-26\ghidra-pipeline\il2cpp-files\waitwhat\manual-review-pack\A_must_review\090_p302_UnityEngine.ConfigurableJoint$$set_linearLimit.c
91,302,A_must_review,UnityEngine.ConfigurableJoint$$set_angularYZLimitSpring_Injected,0695a238,148,90_plus_framework_support_only_near_certain,eye_source; weak_source_state; validity_gate; paired_state_refs; ui_interaction; data_collection; telemetry,strong_eye_source_hits_1; weak_xr_or_state_hits_3; validity_or_gating_hits_21; paired_field_refs_with_eye_source; ui_or_gameplay_sink_hits_3; strong_file_logging_hits_11; telemetry_or_network_hits_2; negative_framework_support_context_without_confirmed_app_level_gaze_flow; functionality_data_collection_or_telemetry_hits_13,base_scanner_score_148; module_bonus_validity_gate_8; module_bonus_paired_state_refs_8; module_bonus_ui_interaction_12; module_bonus_data_collection_22; module_bonus_telemetry_20; evidence_bonus_telemetry_or_network_hits_12; sensitive_sink_data_collection_bonus_15; sensitive_sink_telemetry_bonus_15; keyword_support_eye_or_gaze_5_bonus_20; keyword_support_sdk_2_bonus_6; keyword_support_collection_or_telemetry_4_bonus_16,C:\realDesktop\manifest-evaluations\summer-26\ghidra-pipeline\il2cpp-files\waitwhat\general-structure-results\90_plus_framework_support_only_near_certain\0695a238_UnityEngine.ConfigurableJoint$$set_angularYZLimitSpring_Injected.c,C:\realDesktop\manifest-evaluations\summer-26\ghidra-pipeline\il2cpp-files\waitwhat\manual-review-pack\A_must_review\091_p302_UnityEngine.ConfigurableJoint$$set_angularYZLimitSpring_Injected.c
92,302,A_must_review,UnityEngine.ConfigurableJoint$$set_angularYZLimitSpring,0695a1b4,148,90_plus_framework_support_only_near_certain,eye_source; weak_source_state; validity_gate; paired_state_refs; ui_interaction; data_collection; telemetry,strong_eye_source_hits_1; weak_xr_or_state_hits_3; validity_or_gating_hits_21; paired_field_refs_with_eye_source; ui_or_gameplay_sink_hits_3; strong_file_logging_hits_11; telemetry_or_network_hits_2; negative_framework_support_context_without_confirmed_app_level_gaze_flow; functionality_data_collection_or_telemetry_hits_13,base_scanner_score_148; module_bonus_validity_gate_8; module_bonus_paired_state_refs_8; module_bonus_ui_interaction_12; module_bonus_data_collection_22; module_bonus_telemetry_20; evidence_bonus_telemetry_or_network_hits_12; sensitive_sink_data_collection_bonus_15; sensitive_sink_telemetry_bonus_15; keyword_support_eye_or_gaze_5_bonus_20; keyword_support_sdk_2_bonus_6; keyword_support_collection_or_telemetry_4_bonus_16,C:\realDesktop\manifest-evaluations\summer-26\ghidra-pipeline\il2cpp-files\waitwhat\general-structure-results\90_plus_framework_support_only_near_certain\0695a1b4_UnityEngine.ConfigurableJoint$$set_angularYZLimitSpring.c,C:\realDesktop\manifest-evaluations\summer-26\ghidra-pipeline\il2cpp-files\waitwhat\manual-review-pack\A_must_review\092_p302_UnityEngine.ConfigurableJoint$$set_angularYZLimitSpring.c
93,302,A_must_review,UnityEngine.ConfigurableJoint$$get_lowAngularXLimit,0695a42c,148,90_plus_framework_support_only_near_certain,eye_source; weak_source_state; validity_gate; paired_state_refs; ui_interaction; data_collection; telemetry,strong_eye_source_hits_1; weak_xr_or_state_hits_3; validity_or_gating_hits_21; paired_field_refs_with_eye_source; ui_or_gameplay_sink_hits_3; strong_file_logging_hits_10; telemetry_or_network_hits_2; negative_framework_support_context_without_confirmed_app_level_gaze_flow; functionality_data_collection_or_telemetry_hits_12,base_scanner_score_148; module_bonus_validity_gate_8; module_bonus_paired_state_refs_8; module_bonus_ui_interaction_12; module_bonus_data_collection_22; module_bonus_telemetry_20; evidence_bonus_telemetry_or_network_hits_12; sensitive_sink_data_collection_bonus_15; sensitive_sink_telemetry_bonus_15; keyword_support_eye_or_gaze_5_bonus_20; keyword_support_sdk_2_bonus_6; keyword_support_collection_or_telemetry_4_bonus_16,C:\realDesktop\manifest-evaluations\summer-26\ghidra-pipeline\il2cpp-files\waitwhat\general-structure-results\90_plus_framework_support_only_near_certain\0695a42c_UnityEngine.ConfigurableJoint$$get_lowAngularXLimit.c,C:\realDesktop\manifest-evaluations\summer-26\ghidra-pipeline\il2cpp-files\waitwhat\manual-review-pack\A_must_review\093_p302_UnityEngine.ConfigurableJoint$$get_lowAngularXLimit.c
94,302,A_must_review,UnityEngine.ConfigurableJoint$$get_linearLimit,0695a27c,148,90_plus_framework_support_only_near_certain,eye_source; weak_source_state; validity_gate; paired_state_refs; ui_interaction; data_collection; telemetry,strong_eye_source_hits_1; weak_xr_or_state_hits_3; validity_or_gating_hits_21; paired_field_refs_with_eye_source; ui_or_gameplay_sink_hits_3; strong_file_logging_hits_11; telemetry_or_network_hits_2; negative_framework_support_context_without_confirmed_app_level_gaze_flow; functionality_data_collection_or_telemetry_hits_13,base_scanner_score_148; module_bonus_validity_gate_8; module_bonus_paired_state_refs_8; module_bonus_ui_interaction_12; module_bonus_data_collection_22; module_bonus_telemetry_20; evidence_bonus_telemetry_or_network_hits_12; sensitive_sink_data_collection_bonus_15; sensitive_sink_telemetry_bonus_15; keyword_support_eye_or_gaze_5_bonus_20; keyword_support_sdk_2_bonus_6; keyword_support_collection_or_telemetry_4_bonus_16,C:\realDesktop\manifest-evaluations\summer-26\ghidra-pipeline\il2cpp-files\waitwhat\general-structure-results\90_plus_framework_support_only_near_certain\0695a27c_UnityEngine.ConfigurableJoint$$get_linearLimit.c,C:\realDesktop\manifest-evaluations\summer-26\ghidra-pipeline\il2cpp-files\waitwhat\manual-review-pack\A_must_review\094_p302_UnityEngine.ConfigurableJoint$$get_linearLimit.c
95,302,A_must_review,UnityEngine.ConfigurableJoint$$get_highAngularXLimit,0695a5dc,148,90_plus_framework_support_only_near_certain,eye_source; weak_source_state; validity_gate; paired_state_refs; ui_interaction; data_collection; telemetry,strong_eye_source_hits_1; weak_xr_or_state_hits_3; validity_or_gating_hits_21; paired_field_refs_with_eye_source; ui_or_gameplay_sink_hits_3; strong_file_logging_hits_9; telemetry_or_network_hits_2; negative_framework_support_context_without_confirmed_app_level_gaze_flow; functionality_data_collection_or_telemetry_hits_11,base_scanner_score_148; module_bonus_validity_gate_8; module_bonus_paired_state_refs_8; module_bonus_ui_interaction_12; module_bonus_data_collection_22; module_bonus_telemetry_20; evidence_bonus_telemetry_or_network_hits_12; sensitive_sink_data_collection_bonus_15; sensitive_sink_telemetry_bonus_15; keyword_support_eye_or_gaze_5_bonus_20; keyword_support_sdk_2_bonus_6; keyword_support_collection_or_telemetry_4_bonus_16,C:\realDesktop\manifest-evaluations\summer-26\ghidra-pipeline\il2cpp-files\waitwhat\general-structure-results\90_plus_framework_support_only_near_certain\0695a5dc_UnityEngine.ConfigurableJoint$$get_highAngularXLimit.c,C:\realDesktop\manifest-evaluations\summer-26\ghidra-pipeline\il2cpp-files\waitwhat\manual-review-pack\A_must_review\095_p302_UnityEngine.ConfigurableJoint$$get_highAngularXLimit.c
96,302,A_must_review,UnityEngine.ConfigurableJoint$$get_angularYZLimitSpring,0695a0e8,148,90_plus_framework_support_only_near_certain,eye_source; weak_source_state; validity_gate; paired_state_refs; ui_interaction; data_collection; telemetry,strong_eye_source_hits_1; weak_xr_or_state_hits_3; validity_or_gating_hits_21; paired_field_refs_with_eye_source; ui_or_gameplay_sink_hits_3; strong_file_logging_hits_12; telemetry_or_network_hits_2; negative_framework_support_context_without_confirmed_app_level_gaze_flow; functionality_data_collection_or_telemetry_hits_14,base_scanner_score_148; module_bonus_validity_gate_8; module_bonus_paired_state_refs_8; module_bonus_ui_interaction_12; module_bonus_data_collection_22; module_bonus_telemetry_20; evidence_bonus_telemetry_or_network_hits_12; sensitive_sink_data_collection_bonus_15; sensitive_sink_telemetry_bonus_15; keyword_support_eye_or_gaze_5_bonus_20; keyword_support_sdk_2_bonus_6; keyword_support_collection_or_telemetry_4_bonus_16,C:\realDesktop\manifest-evaluations\summer-26\ghidra-pipeline\il2cpp-files\waitwhat\general-structure-results\90_plus_framework_support_only_near_certain\0695a0e8_UnityEngine.ConfigurableJoint$$get_angularYZLimitSpring.c,C:\realDesktop\manifest-evaluations\summer-26\ghidra-pipeline\il2cpp-files\waitwhat\manual-review-pack\A_must_review\096_p302_UnityEngine.ConfigurableJoint$$get_angularYZLimitSpring.c
97,299,A_must_review,UnityEngine.InputSystem.FastTouchscreen$$Initialize_ctrlTouchscreentouch3positiony,0642fff0,164,90_plus_framework_eye_tracking_support_or_permission_path_near_certain,eye_source; weak_source_state; validity_gate; ray_interaction; ui_interaction; telemetry; frame_behavior; attempted_use,strong_eye_source_hits_8; weak_xr_or_state_hits_21; validity_or_gating_hits_3; ray_or_cast_sink_hits_4; ui_or_gameplay_sink_hits_21; telemetry_or_network_hits_16; frame_or_lifecycle_behavior; attempted_eye_tracking_permission_or_feature_enable; negative_framework_support_context_without_confirmed_app_level_gaze_flow; functionality_gaze_retrieval_or_extraction; functionality_data_collection_or_telemetry_hits_11; functionality_possible_biometrics_hits_4,base_scanner_score_164; module_bonus_validity_gate_8; module_bonus_ray_interaction_15; module_bonus_ui_interaction_12; module_bonus_telemetry_20; module_bonus_frame_behavior_5; evidence_bonus_telemetry_or_network_hits_12; sensitive_sink_telemetry_bonus_15; keyword_support_eye_or_gaze_5_bonus_20; keyword_support_sdk_4_bonus_12; keyword_support_collection_or_telemetry_4_bonus_16,C:\realDesktop\manifest-evaluations\summer-26\ghidra-pipeline\il2cpp-files\waitwhat\general-structure-results\90_plus_framework_eye_tracking_support_or_permission_path_near_certain\0642fff0_UnityEngine.InputSystem.FastTouchscreen$$Initialize_ctrlTouchscreentouch3positiony.c,C:\realDesktop\manifest-evaluations\summer-26\ghidra-pipeline\il2cpp-files\waitwhat\manual-review-pack\A_must_review\097_p299_UnityEngine.InputSystem.FastTouchscreen$$Initialize_ctrlTouchscreentouch3positiony.c
98,299,A_must_review,UnityEngine.InputSystem.FastTouchscreen$$Initialize_ctrlTouchscreentouch3positionx,0642fe0c,164,90_plus_framework_eye_tracking_support_or_permission_path_near_certain,eye_source; weak_source_state; validity_gate; ray_interaction; ui_interaction; telemetry; frame_behavior; attempted_use,strong_eye_source_hits_8; weak_xr_or_state_hits_21; validity_or_gating_hits_3; ray_or_cast_sink_hits_4; ui_or_gameplay_sink_hits_21; telemetry_or_network_hits_16; frame_or_lifecycle_behavior; attempted_eye_tracking_permission_or_feature_enable; negative_framework_support_context_without_confirmed_app_level_gaze_flow; functionality_gaze_retrieval_or_extraction; functionality_data_collection_or_telemetry_hits_11; functionality_possible_biometrics_hits_4,base_scanner_score_164; module_bonus_validity_gate_8; module_bonus_ray_interaction_15; module_bonus_ui_interaction_12; module_bonus_telemetry_20; module_bonus_frame_behavior_5; evidence_bonus_telemetry_or_network_hits_12; sensitive_sink_telemetry_bonus_15; keyword_support_eye_or_gaze_5_bonus_20; keyword_support_sdk_4_bonus_12; keyword_support_collection_or_telemetry_4_bonus_16,C:\realDesktop\manifest-evaluations\summer-26\ghidra-pipeline\il2cpp-files\waitwhat\general-structure-results\90_plus_framework_eye_tracking_support_or_permission_path_near_certain\0642fe0c_UnityEngine.InputSystem.FastTouchscreen$$Initialize_ctrlTouchscreentouch3positionx.c,C:\realDesktop\manifest-evaluations\summer-26\ghidra-pipeline\il2cpp-files\waitwhat\manual-review-pack\A_must_review\098_p299_UnityEngine.InputSystem.FastTouchscreen$$Initialize_ctrlTouchscreentouch3positionx.c
99,299,A_must_review,UnityEngine.ConfigurableJoint$$set_highAngularXLimit_Injected,0695a748,145,90_plus_framework_support_only_near_certain,eye_source; weak_source_state; validity_gate; paired_state_refs; ui_interaction; data_collection; telemetry,strong_eye_source_hits_1; weak_xr_or_state_hits_3; validity_or_gating_hits_21; paired_field_refs_with_eye_source; ui_or_gameplay_sink_hits_2; strong_file_logging_hits_8; telemetry_or_network_hits_2; negative_framework_support_context_without_confirmed_app_level_gaze_flow; functionality_data_collection_or_telemetry_hits_10,base_scanner_score_145; module_bonus_validity_gate_8; module_bonus_paired_state_refs_8; module_bonus_ui_interaction_12; module_bonus_data_collection_22; module_bonus_telemetry_20; evidence_bonus_telemetry_or_network_hits_12; sensitive_sink_data_collection_bonus_15; sensitive_sink_telemetry_bonus_15; keyword_support_eye_or_gaze_5_bonus_20; keyword_support_sdk_2_bonus_6; keyword_support_collection_or_telemetry_4_bonus_16,C:\realDesktop\manifest-evaluations\summer-26\ghidra-pipeline\il2cpp-files\waitwhat\general-structure-results\90_plus_framework_support_only_near_certain\0695a748_UnityEngine.ConfigurableJoint$$set_highAngularXLimit_Injected.c,C:\realDesktop\manifest-evaluations\summer-26\ghidra-pipeline\il2cpp-files\waitwhat\manual-review-pack\A_must_review\099_p299_UnityEngine.ConfigurableJoint$$set_highAngularXLimit_Injected.c
100,299,A_must_review,UnityEngine.ConfigurableJoint$$get_angularYLimit,0695a78c,145,90_plus_framework_support_only_near_certain,eye_source; weak_source_state; validity_gate; paired_state_refs; ui_interaction; data_collection; telemetry,strong_eye_source_hits_1; weak_xr_or_state_hits_3; validity_or_gating_hits_21; paired_field_refs_with_eye_source; ui_or_gameplay_sink_hits_2; strong_file_logging_hits_8; telemetry_or_network_hits_2; negative_framework_support_context_without_confirmed_app_level_gaze_flow; functionality_data_collection_or_telemetry_hits_10,base_scanner_score_145; module_bonus_validity_gate_8; module_bonus_paired_state_refs_8; module_bonus_ui_interaction_12; module_bonus_data_collection_22; module_bonus_telemetry_20; evidence_bonus_telemetry_or_network_hits_12; sensitive_sink_data_collection_bonus_15; sensitive_sink_telemetry_bonus_15; keyword_support_eye_or_gaze_5_bonus_20; keyword_support_sdk_2_bonus_6; keyword_support_collection_or_telemetry_4_bonus_16,C:\realDesktop\manifest-evaluations\summer-26\ghidra-pipeline\il2cpp-files\waitwhat\general-structure-results\90_plus_framework_support_only_near_certain\0695a78c_UnityEngine.ConfigurableJoint$$get_angularYLimit.c,C:\realDesktop\manifest-evaluations\summer-26\ghidra-pipeline\il2cpp-files\waitwhat\manual-review-pack\A_must_review\100_p299_UnityEngine.ConfigurableJoint$$get_angularYLimit.c
