function_name,entry_point,score,label,eye_tracking_decision,use_classification,framework_context,functionality,modules,evidence,file_path
"Oculus.Interaction.Grab.GrabSurfaces.BezierGrabSurface$$GenerateRaycastPlane","0165c8fc","70","70_high_general_structure_review_high","no","unrelated_or_generic_structure","app_or_custom_namespace","","validity_gate;ray_interaction;data_collection","validity_or_gating_hits_6;ray_or_cast_sink_hits_2;strong_file_logging_hits_2","C:\realDesktop\manifest-evaluations\summer-26\ghidra-pipeline\il2cpp-files\vrfs\general-structure-results\70_high_general_structure_review_high\0165c8fc_Oculus.Interaction.Grab.GrabSurfaces.BezierGrabSurface$$GenerateRaycastPlane.c"
"FUN_0166520c","0166520c","70","70_high_general_structure_review_high","no","unrelated_or_generic_structure","app_or_custom_namespace","","weak_source_state;validity_gate;telemetry","weak_xr_or_state_hits_4;validity_or_gating_hits_18;telemetry_or_network_hits_3","C:\realDesktop\manifest-evaluations\summer-26\ghidra-pipeline\il2cpp-files\vrfs\general-structure-results\70_high_general_structure_review_high\0166520c_FUN_0166520c.c"
"Newtonsoft.Json.JsonSerializer$$Deserialize<AddModDependenciesResponse>","016a3364","78","70_high_general_structure_review_high","no","unrelated_or_generic_structure","app_or_custom_namespace","","validity_gate;data_collection;telemetry","validity_or_gating_hits_1;strong_file_logging_hits_2;telemetry_or_network_hits_4","C:\realDesktop\manifest-evaluations\summer-26\ghidra-pipeline\il2cpp-files\vrfs\general-structure-results\70_high_general_structure_review_high\016a3364_Newtonsoft.Json.JsonSerializer$$Deserialize_AddModDependenciesResponse_.c"
"Newtonsoft.Json.JsonSerializer$$Deserialize<AddModMetadataResponse>","016a343c","89","70_high_general_structure_review_high","no","unrelated_or_generic_structure","app_or_custom_namespace","","weak_source_state;validity_gate;data_collection;telemetry","weak_xr_or_state_hits_2;validity_or_gating_hits_5;strong_file_logging_hits_2;telemetry_or_network_hits_4;cap_below_near_certain_without_eye_anchor_or_ordered_structure","C:\realDesktop\manifest-evaluations\summer-26\ghidra-pipeline\il2cpp-files\vrfs\general-structure-results\70_high_general_structure_review_high\016a343c_Newtonsoft.Json.JsonSerializer$$Deserialize_AddModMetadataResponse_.c"
"Newtonsoft.Json.JsonSerializer$$Deserialize<AddRatingResponse>","016a3514","78","70_high_general_structure_review_high","no","unrelated_or_generic_structure","app_or_custom_namespace","","validity_gate;data_collection;telemetry","validity_or_gating_hits_1;strong_file_logging_hits_2;telemetry_or_network_hits_4","C:\realDesktop\manifest-evaluations\summer-26\ghidra-pipeline\il2cpp-files\vrfs\general-structure-results\70_high_general_structure_review_high\016a3514_Newtonsoft.Json.JsonSerializer$$Deserialize_AddRatingResponse_.c"
"Newtonsoft.Json.JsonSerializer$$Deserialize<AddReportResponse>","016a35ec","78","70_high_general_structure_review_high","no","unrelated_or_generic_structure","app_or_custom_namespace","","validity_gate;data_collection;telemetry","validity_or_gating_hits_1;strong_file_logging_hits_2;telemetry_or_network_hits_4","C:\realDesktop\manifest-evaluations\summer-26\ghidra-pipeline\il2cpp-files\vrfs\general-structure-results\70_high_general_structure_review_high\016a35ec_Newtonsoft.Json.JsonSerializer$$Deserialize_AddReportResponse_.c"
"Newtonsoft.Json.JsonSerializer$$Deserialize<CommentObject>","016a37ac","89","70_high_general_structure_review_high","no","unrelated_or_generic_structure","app_or_custom_namespace","","weak_source_state;validity_gate;data_collection;telemetry","weak_xr_or_state_hits_1;validity_or_gating_hits_5;strong_file_logging_hits_2;telemetry_or_network_hits_4;cap_below_near_certain_without_eye_anchor_or_ordered_structure","C:\realDesktop\manifest-evaluations\summer-26\ghidra-pipeline\il2cpp-files\vrfs\general-structure-results\70_high_general_structure_review_high\016a37ac_Newtonsoft.Json.JsonSerializer$$Deserialize_CommentObject_.c"
"Newtonsoft.Json.JsonSerializer$$Deserialize<ErrorObject>","016a396c","81","70_high_general_structure_review_high","no","unrelated_or_generic_structure","app_or_custom_namespace","","validity_gate;data_collection;telemetry","validity_or_gating_hits_2;strong_file_logging_hits_2;telemetry_or_network_hits_4","C:\realDesktop\manifest-evaluations\summer-26\ghidra-pipeline\il2cpp-files\vrfs\general-structure-results\70_high_general_structure_review_high\016a396c_Newtonsoft.Json.JsonSerializer$$Deserialize_ErrorObject_.c"
"Newtonsoft.Json.JsonSerializer$$Deserialize<GameStatsObject>","016a3b38","84","70_high_general_structure_review_high","no","unrelated_or_generic_structure","app_or_custom_namespace","","validity_gate;data_collection;telemetry","validity_or_gating_hits_3;strong_file_logging_hits_2;telemetry_or_network_hits_4","C:\realDesktop\manifest-evaluations\summer-26\ghidra-pipeline\il2cpp-files\vrfs\general-structure-results\70_high_general_structure_review_high\016a3b38_Newtonsoft.Json.JsonSerializer$$Deserialize_GameStatsObject_.c"
"Newtonsoft.Json.JsonSerializer$$Deserialize<Int32Enum>","016a3c2c","78","70_high_general_structure_review_high","no","unrelated_or_generic_structure","app_or_custom_namespace","","validity_gate;data_collection;telemetry","validity_or_gating_hits_1;strong_file_logging_hits_2;telemetry_or_network_hits_4","C:\realDesktop\manifest-evaluations\summer-26\ghidra-pipeline\il2cpp-files\vrfs\general-structure-results\70_high_general_structure_review_high\016a3c2c_Newtonsoft.Json.JsonSerializer$$Deserialize_Int32Enum_.c"
"Newtonsoft.Json.JsonSerializer$$Deserialize<ModCollectionObject>","016a3dd8","87","70_high_general_structure_review_high","no","unrelated_or_generic_structure","app_or_custom_namespace","","validity_gate;data_collection;telemetry","validity_or_gating_hits_4;strong_file_logging_hits_2;telemetry_or_network_hits_4","C:\realDesktop\manifest-evaluations\summer-26\ghidra-pipeline\il2cpp-files\vrfs\general-structure-results\70_high_general_structure_review_high\016a3dd8_Newtonsoft.Json.JsonSerializer$$Deserialize_ModCollectionObject_.c"
"Newtonsoft.Json.JsonSerializer$$Deserialize<ModfileObject>","016a4090","81","70_high_general_structure_review_high","no","unrelated_or_generic_structure","app_or_custom_namespace","","validity_gate;data_collection;telemetry","validity_or_gating_hits_2;strong_file_logging_hits_2;telemetry_or_network_hits_4","C:\realDesktop\manifest-evaluations\summer-26\ghidra-pipeline\il2cpp-files\vrfs\general-structure-results\70_high_general_structure_review_high\016a4090_Newtonsoft.Json.JsonSerializer$$Deserialize_ModfileObject_.c"
"Newtonsoft.Json.JsonSerializer$$Deserialize<MonetizationTeamAccountsObject>","016a4178","87","70_high_general_structure_review_high","no","unrelated_or_generic_structure","app_or_custom_namespace","","validity_gate;data_collection;telemetry","validity_or_gating_hits_6;strong_file_logging_hits_2;telemetry_or_network_hits_4","C:\realDesktop\manifest-evaluations\summer-26\ghidra-pipeline\il2cpp-files\vrfs\general-structure-results\70_high_general_structure_review_high\016a4178_Newtonsoft.Json.JsonSerializer$$Deserialize_MonetizationTeamAccountsObject_.c"
"Newtonsoft.Json.JsonSerializer$$Deserialize<MultipartUploadPartObject>","016a433c","81","70_high_general_structure_review_high","no","unrelated_or_generic_structure","app_or_custom_namespace","","validity_gate;data_collection;telemetry","validity_or_gating_hits_2;strong_file_logging_hits_2;telemetry_or_network_hits_6","C:\realDesktop\manifest-evaluations\summer-26\ghidra-pipeline\il2cpp-files\vrfs\general-structure-results\70_high_general_structure_review_high\016a433c_Newtonsoft.Json.JsonSerializer$$Deserialize_MultipartUploadPartObject_.c"
"Newtonsoft.Json.JsonSerializer$$Deserialize<PayObject>","016a44ec","78","70_high_general_structure_review_high","no","unrelated_or_generic_structure","app_or_custom_namespace","","validity_gate;data_collection;telemetry","validity_or_gating_hits_1;strong_file_logging_hits_2;telemetry_or_network_hits_4","C:\realDesktop\manifest-evaluations\summer-26\ghidra-pipeline\il2cpp-files\vrfs\general-structure-results\70_high_general_structure_review_high\016a44ec_Newtonsoft.Json.JsonSerializer$$Deserialize_PayObject_.c"
"Newtonsoft.Json.JsonSerializer$$Deserialize<Response204>","016a45d4","78","70_high_general_structure_review_high","no","unrelated_or_generic_structure","app_or_custom_namespace","","validity_gate;data_collection;telemetry","validity_or_gating_hits_1;strong_file_logging_hits_2;telemetry_or_network_hits_4","C:\realDesktop\manifest-evaluations\summer-26\ghidra-pipeline\il2cpp-files\vrfs\general-structure-results\70_high_general_structure_review_high\016a45d4_Newtonsoft.Json.JsonSerializer$$Deserialize_Response204_.c"
"Newtonsoft.Json.JsonSerializer$$Deserialize<TeamMemberObject>","016a46a8","78","70_high_general_structure_review_high","no","unrelated_or_generic_structure","app_or_custom_namespace","","validity_gate;data_collection;telemetry","validity_or_gating_hits_1;strong_file_logging_hits_2;telemetry_or_network_hits_4","C:\realDesktop\manifest-evaluations\summer-26\ghidra-pipeline\il2cpp-files\vrfs\general-structure-results\70_high_general_structure_review_high\016a46a8_Newtonsoft.Json.JsonSerializer$$Deserialize_TeamMemberObject_.c"
"Newtonsoft.Json.JsonSerializer$$Deserialize<TermsObject>","016a4790","78","70_high_general_structure_review_high","no","unrelated_or_generic_structure","app_or_custom_namespace","","validity_gate;data_collection;telemetry","validity_or_gating_hits_1;strong_file_logging_hits_2;telemetry_or_network_hits_4","C:\realDesktop\manifest-evaluations\summer-26\ghidra-pipeline\il2cpp-files\vrfs\general-structure-results\70_high_general_structure_review_high\016a4790_Newtonsoft.Json.JsonSerializer$$Deserialize_TermsObject_.c"
"Newtonsoft.Json.JsonSerializer$$Deserialize<UpdateGameMediaResponse>","016a4878","84","70_high_general_structure_review_high","no","unrelated_or_generic_structure","app_or_custom_namespace","","validity_gate;data_collection;telemetry;frame_behavior","validity_or_gating_hits_1;strong_file_logging_hits_2;telemetry_or_network_hits_4;frame_or_lifecycle_behavior","C:\realDesktop\manifest-evaluations\summer-26\ghidra-pipeline\il2cpp-files\vrfs\general-structure-results\70_high_general_structure_review_high\016a4878_Newtonsoft.Json.JsonSerializer$$Deserialize_UpdateGameMediaResponse_.c"
"Newtonsoft.Json.JsonSerializer$$Deserialize<UpdateModMediaResponse>","016a4950","89","70_high_general_structure_review_high","no","unrelated_or_generic_structure","app_or_custom_namespace","","validity_gate;data_collection;telemetry;frame_behavior","validity_or_gating_hits_7;strong_file_logging_hits_2;telemetry_or_network_hits_4;frame_or_lifecycle_behavior;cap_below_near_certain_without_eye_anchor_or_ordered_structure","C:\realDesktop\manifest-evaluations\summer-26\ghidra-pipeline\il2cpp-files\vrfs\general-structure-results\70_high_general_structure_review_high\016a4950_Newtonsoft.Json.JsonSerializer$$Deserialize_UpdateModMediaResponse_.c"
"Newtonsoft.Json.JsonSerializer$$Deserialize<UserDelegationTokenObject>","016a4a28","84","70_high_general_structure_review_high","no","unrelated_or_generic_structure","app_or_custom_namespace","","validity_gate;data_collection;telemetry","validity_or_gating_hits_3;strong_file_logging_hits_2;telemetry_or_network_hits_4","C:\realDesktop\manifest-evaluations\summer-26\ghidra-pipeline\il2cpp-files\vrfs\general-structure-results\70_high_general_structure_review_high\016a4a28_Newtonsoft.Json.JsonSerializer$$Deserialize_UserDelegationTokenObject_.c"
"Newtonsoft.Json.JsonSerializer$$Deserialize<UserObject>","016a4b00","78","70_high_general_structure_review_high","no","unrelated_or_generic_structure","app_or_custom_namespace","","validity_gate;data_collection;telemetry","validity_or_gating_hits_1;strong_file_logging_hits_2;telemetry_or_network_hits_4","C:\realDesktop\manifest-evaluations\summer-26\ghidra-pipeline\il2cpp-files\vrfs\general-structure-results\70_high_general_structure_review_high\016a4b00_Newtonsoft.Json.JsonSerializer$$Deserialize_UserObject_.c"
"Newtonsoft.Json.JsonSerializer$$Deserialize<WalletObject>","016a4be8","89","70_high_general_structure_review_high","no","unrelated_or_generic_structure","app_or_custom_namespace","","weak_source_state;validity_gate;data_collection;telemetry","weak_xr_or_state_hits_1;validity_or_gating_hits_4;strong_file_logging_hits_2;telemetry_or_network_hits_4;cap_below_near_certain_without_eye_anchor_or_ordered_structure","C:\realDesktop\manifest-evaluations\summer-26\ghidra-pipeline\il2cpp-files\vrfs\general-structure-results\70_high_general_structure_review_high\016a4be8_Newtonsoft.Json.JsonSerializer$$Deserialize_WalletObject_.c"
"ICSharpCode.SharpZipLib.Lzw.LzwInputStream$$get_Position","017777c4","74","70_high_general_structure_review_high","no","unrelated_or_generic_structure","app_or_custom_namespace","","validity_gate;pose_vector;data_collection","validity_or_gating_hits_4;strong_pose_or_ray_construction_hits_3;strong_file_logging_hits_2","C:\realDesktop\manifest-evaluations\summer-26\ghidra-pipeline\il2cpp-files\vrfs\general-structure-results\70_high_general_structure_review_high\017777c4_ICSharpCode.SharpZipLib.Lzw.LzwInputStream$$get_Position.c"
"Unity.Collections.LowLevel.Unsafe.NativeArrayUnsafeUtility$$ConvertExistingDataToNativeArray<OVRPlugin.SpaceDiscoveryResult>","017ddd8c","81","70_high_framework_support_only_high","uncertain","framework_support_only","framework_namespace_with_project_hint","setup_only","eye_source;weak_source_state;pose_vector","strong_eye_source_hits_2;weak_xr_or_state_hits_2;strong_pose_or_ray_construction_hits_4;functionality_eye_api_context_without_clear_sink_hits_2","C:\realDesktop\manifest-evaluations\summer-26\ghidra-pipeline\il2cpp-files\vrfs\general-structure-results\70_high_framework_support_only_high\017ddd8c_Unity.Collections.LowLevel.Unsafe.NativeArrayUnsafeUtility$$ConvertExistingDataToNativeArray_OVRPlugin.SpaceDiscoveryResult_.c"
"Unity.Collections.LowLevel.Unsafe.NativeArrayUnsafeUtility$$ConvertExistingDataToNativeArray<OVRPlugin.SpaceQueryResult>","017ddd98","81","70_high_framework_support_only_high","uncertain","framework_support_only","framework_namespace_with_project_hint","setup_only","eye_source;weak_source_state;pose_vector","strong_eye_source_hits_2;weak_xr_or_state_hits_2;strong_pose_or_ray_construction_hits_4;functionality_eye_api_context_without_clear_sink_hits_2","C:\realDesktop\manifest-evaluations\summer-26\ghidra-pipeline\il2cpp-files\vrfs\general-structure-results\70_high_framework_support_only_high\017ddd98_Unity.Collections.LowLevel.Unsafe.NativeArrayUnsafeUtility$$ConvertExistingDataToNativeArray_OVRPlugin.SpaceQueryResult_.c"
"Unity.Collections.LowLevel.Unsafe.NativeArrayUnsafeUtility$$ConvertExistingDataToNativeArray<OVRPlugin.Vector4f>","017dddbc","85","70_high_framework_support_only_high","uncertain","framework_support_only","framework_or_engine_namespace","setup_only","eye_source;weak_source_state;validity_gate;pose_vector","strong_eye_source_hits_2;weak_xr_or_state_hits_4;validity_or_gating_hits_21;strong_pose_or_ray_construction_hits_6;negative_framework_support_context_without_confirmed_app_level_gaze_flow;functionality_eye_api_context_without_clear_sink_hits_2","C:\realDesktop\manifest-evaluations\summer-26\ghidra-pipeline\il2cpp-files\vrfs\general-structure-results\70_high_framework_support_only_high\017dddbc_Unity.Collections.LowLevel.Unsafe.NativeArrayUnsafeUtility$$ConvertExistingDataToNativeArray_OVRPlugin.Vector4f_.c"
"Unity.Collections.LowLevel.Unsafe.NativeArrayUnsafeUtility$$ConvertExistingDataToNativeArray<OVRPlugin.Vector4s>","017dddc8","85","70_high_framework_support_only_high","uncertain","framework_support_only","framework_or_engine_namespace","setup_only","eye_source;weak_source_state;validity_gate;pose_vector","strong_eye_source_hits_2;weak_xr_or_state_hits_4;validity_or_gating_hits_21;strong_pose_or_ray_construction_hits_6;negative_framework_support_context_without_confirmed_app_level_gaze_flow;functionality_eye_api_context_without_clear_sink_hits_2","C:\realDesktop\manifest-evaluations\summer-26\ghidra-pipeline\il2cpp-files\vrfs\general-structure-results\70_high_framework_support_only_high\017dddc8_Unity.Collections.LowLevel.Unsafe.NativeArrayUnsafeUtility$$ConvertExistingDataToNativeArray_OVRPlugin.Vector4s_.c"
"Unity.Collections.LowLevel.Unsafe.NativeArrayUnsafeUtility$$ConvertExistingDataToNativeArray<OVRPlugin.Qpl.Annotation>","017dde04","85","70_high_framework_support_only_high","uncertain","framework_support_only","framework_or_engine_namespace","setup_only","eye_source;weak_source_state;validity_gate;pose_vector","strong_eye_source_hits_2;weak_xr_or_state_hits_4;validity_or_gating_hits_21;strong_pose_or_ray_construction_hits_6;negative_framework_support_context_without_confirmed_app_level_gaze_flow;functionality_eye_api_context_without_clear_sink_hits_2","C:\realDesktop\manifest-evaluations\summer-26\ghidra-pipeline\il2cpp-files\vrfs\general-structure-results\70_high_framework_support_only_high\017dde04_Unity.Collections.LowLevel.Unsafe.NativeArrayUnsafeUtility$$ConvertExistingDataToNativeArray_OVRPlugin.Qpl.Annotation_.c"
"Unity.Collections.LowLevel.Unsafe.NativeArrayUnsafeUtility$$GetUnsafePtr<OVRPlugin.SpaceDiscoveryResult>","017dde40","97","90_plus_framework_support_only_near_certain","uncertain","framework_support_only","framework_namespace_with_project_hint","setup_only","eye_source;weak_source_state;validity_gate;pose_vector","strong_eye_source_hits_2;weak_xr_or_state_hits_4;validity_or_gating_hits_21;strong_pose_or_ray_construction_hits_2;functionality_eye_api_context_without_clear_sink_hits_2","C:\realDesktop\manifest-evaluations\summer-26\ghidra-pipeline\il2cpp-files\vrfs\general-structure-results\90_plus_framework_support_only_near_certain\017dde40_Unity.Collections.LowLevel.Unsafe.NativeArrayUnsafeUtility$$GetUnsafePtr_OVRPlugin.SpaceDiscoveryResult_.c"
"Unity.Collections.LowLevel.Unsafe.NativeArrayUnsafeUtility$$GetUnsafePtr<OVRPlugin.SpaceQueryResult>","017dde44","97","90_plus_framework_support_only_near_certain","uncertain","framework_support_only","framework_namespace_with_project_hint","setup_only","eye_source;weak_source_state;validity_gate;pose_vector","strong_eye_source_hits_2;weak_xr_or_state_hits_4;validity_or_gating_hits_21;strong_pose_or_ray_construction_hits_2;functionality_eye_api_context_without_clear_sink_hits_2","C:\realDesktop\manifest-evaluations\summer-26\ghidra-pipeline\il2cpp-files\vrfs\general-structure-results\90_plus_framework_support_only_near_certain\017dde44_Unity.Collections.LowLevel.Unsafe.NativeArrayUnsafeUtility$$GetUnsafePtr_OVRPlugin.SpaceQueryResult_.c"
"FUN_01866984","01866984","72","70_high_uncertain_eye_setup_high","uncertain","eye_tracking_capability_present","app_or_custom_namespace","setup_only","eye_source;weak_source_state;validity_gate","strong_eye_source_hits_2;weak_xr_or_state_hits_2;validity_or_gating_hits_3;functionality_eye_api_context_without_clear_sink_hits_2","C:\realDesktop\manifest-evaluations\summer-26\ghidra-pipeline\il2cpp-files\vrfs\general-structure-results\70_high_uncertain_eye_setup_high\01866984_FUN_01866984.c"
"Newtonsoft.Json.Utilities.CollectionWrapper<ErrorObject>$$Clear","0186699c","72","70_high_uncertain_gaze_or_xr_structure_high","uncertain","eye_tracking_capability_present","app_or_custom_namespace","data_collection_or_telemetry","eye_source;weak_source_state;validity_gate","strong_eye_source_hits_2;weak_xr_or_state_hits_2;validity_or_gating_hits_3;functionality_data_collection_or_telemetry_hits_1","C:\realDesktop\manifest-evaluations\summer-26\ghidra-pipeline\il2cpp-files\vrfs\general-structure-results\70_high_uncertain_gaze_or_xr_structure_high\0186699c_Newtonsoft.Json.Utilities.CollectionWrapper_ErrorObject_$$Clear.c"
"Oculus.Interaction.Surfaces.ColliderSurface$$ClosestSurfacePoint","018bf1d0","70","70_high_general_structure_review_high","no","unrelated_or_generic_structure","app_or_custom_namespace","","validity_gate;ray_interaction;data_collection","validity_or_gating_hits_6;ray_or_cast_sink_hits_2;strong_file_logging_hits_2","C:\realDesktop\manifest-evaluations\summer-26\ghidra-pipeline\il2cpp-files\vrfs\general-structure-results\70_high_general_structure_review_high\018bf1d0_Oculus.Interaction.Surfaces.ColliderSurface$$ClosestSurfacePoint.c"
"Oculus.Interaction.Surfaces.PhysicsLayerSurface$$ClosestSurfacePoint","018c12c4","70","70_high_general_structure_review_high","no","unrelated_or_generic_structure","app_or_custom_namespace","","validity_gate;ray_interaction;data_collection","validity_or_gating_hits_6;ray_or_cast_sink_hits_2;strong_file_logging_hits_2","C:\realDesktop\manifest-evaluations\summer-26\ghidra-pipeline\il2cpp-files\vrfs\general-structure-results\70_high_general_structure_review_high\018c12c4_Oculus.Interaction.Surfaces.PhysicsLayerSurface$$ClosestSurfacePoint.c"
"FUN_018e7748","018e7748","89","70_high_general_structure_review_high","no","unrelated_or_generic_structure","app_or_custom_namespace","","weak_source_state;validity_gate;pose_vector;paired_state_refs;ui_interaction;structure_combo","weak_xr_or_state_hits_2;validity_or_gating_hits_19;strong_pose_or_ray_construction_hits_2;paired_field_refs_with_structure_only;ui_or_gameplay_sink_hits_2;source_validity_pose_sink_structure","C:\realDesktop\manifest-evaluations\summer-26\ghidra-pipeline\il2cpp-files\vrfs\general-structure-results\70_high_general_structure_review_high\018e7748_FUN_018e7748.c"
"FUN_018edfac","018edfac","81","70_high_uncertain_eye_setup_high","uncertain","eye_tracking_capability_present","app_or_custom_namespace","setup_only","eye_source;weak_source_state;validity_gate;pose_vector","strong_eye_source_hits_1;weak_xr_or_state_hits_1;validity_or_gating_hits_2;strong_pose_or_ray_construction_hits_2;functionality_eye_api_context_without_clear_sink_hits_1","C:\realDesktop\manifest-evaluations\summer-26\ghidra-pipeline\il2cpp-files\vrfs\general-structure-results\70_high_uncertain_eye_setup_high\018edfac_FUN_018edfac.c"
"PhysicalButtonStoreItemPurchaseConfirmationProvider$$RequestConfirmation","019e00e4","71","70_high_likely_false_positive_high","no","likely_false_positive","app_or_custom_namespace","","validity_gate;ui_interaction;telemetry","validity_or_gating_hits_12;ui_or_gameplay_sink_hits_6;telemetry_or_network_hits_2","C:\realDesktop\manifest-evaluations\summer-26\ghidra-pipeline\il2cpp-files\vrfs\general-structure-results\70_high_likely_false_positive_high\019e00e4_PhysicalButtonStoreItemPurchaseConfirmationProvider$$RequestConfirmation.c"
"Sirenix.Serialization.GenericCollectionFormatter<object,-int>$$DeserializeImplementation","01a8787c","82","70_high_general_structure_review_high","no","unrelated_or_generic_structure","app_or_custom_namespace","","validity_gate;pose_vector;paired_state_refs;telemetry;frame_behavior","validity_or_gating_hits_21;strong_pose_or_ray_construction_hits_1;paired_field_refs_with_structure_only;telemetry_or_network_hits_2;frame_or_lifecycle_behavior","C:\realDesktop\manifest-evaluations\summer-26\ghidra-pipeline\il2cpp-files\vrfs\general-structure-results\70_high_general_structure_review_high\01a8787c_Sirenix.Serialization.GenericCollectionFormatter_object_-int_$$DeserializeImplementation.c"
"UnityEngine.InputSystem.XR.XRHMD$$get_leftEyePosition","01aebc80","131","90_plus_possible_eye_biometrics_near_certain","yes","possible_eye_biometrics","framework_or_engine_namespace","possible_biometrics","eye_source;validity_gate;pose_vector;active_gaze_retrieval;possible_biometrics","strong_eye_source_hits_2;validity_or_gating_hits_1;strong_pose_or_ray_construction_hits_2;active_gaze_state_retrieval_with_validity_and_pose;possible_biometric_feature_from_active_eye_context;functionality_possible_biometrics_hits_2","C:\realDesktop\manifest-evaluations\summer-26\ghidra-pipeline\il2cpp-files\vrfs\general-structure-results\90_plus_possible_eye_biometrics_near_certain\01aebc80_UnityEngine.InputSystem.XR.XRHMD$$get_leftEyePosition.c"
"UnityEngine.InputSystem.XR.XRHMD$$set_leftEyePosition","01aebc88","131","90_plus_possible_eye_biometrics_near_certain","yes","possible_eye_biometrics","framework_or_engine_namespace","possible_biometrics","eye_source;validity_gate;pose_vector;active_gaze_retrieval;possible_biometrics","strong_eye_source_hits_2;validity_or_gating_hits_1;strong_pose_or_ray_construction_hits_2;active_gaze_state_retrieval_with_validity_and_pose;possible_biometric_feature_from_active_eye_context;functionality_possible_biometrics_hits_2","C:\realDesktop\manifest-evaluations\summer-26\ghidra-pipeline\il2cpp-files\vrfs\general-structure-results\90_plus_possible_eye_biometrics_near_certain\01aebc88_UnityEngine.InputSystem.XR.XRHMD$$set_leftEyePosition.c"
"UnityEngine.InputSystem.XR.XRHMD$$get_leftEyeRotation","01aebc98","131","90_plus_possible_eye_biometrics_near_certain","yes","possible_eye_biometrics","framework_or_engine_namespace","possible_biometrics","eye_source;validity_gate;pose_vector;active_gaze_retrieval;possible_biometrics","strong_eye_source_hits_2;validity_or_gating_hits_1;strong_pose_or_ray_construction_hits_2;active_gaze_state_retrieval_with_validity_and_pose;possible_biometric_feature_from_active_eye_context;functionality_possible_biometrics_hits_2","C:\realDesktop\manifest-evaluations\summer-26\ghidra-pipeline\il2cpp-files\vrfs\general-structure-results\90_plus_possible_eye_biometrics_near_certain\01aebc98_UnityEngine.InputSystem.XR.XRHMD$$get_leftEyeRotation.c"
"UnityEngine.InputSystem.XR.XRHMD$$set_leftEyeRotation","01aebca0","131","90_plus_possible_eye_biometrics_near_certain","yes","possible_eye_biometrics","framework_or_engine_namespace","possible_biometrics","eye_source;validity_gate;pose_vector;active_gaze_retrieval;possible_biometrics","strong_eye_source_hits_2;validity_or_gating_hits_1;strong_pose_or_ray_construction_hits_2;active_gaze_state_retrieval_with_validity_and_pose;possible_biometric_feature_from_active_eye_context;functionality_possible_biometrics_hits_2","C:\realDesktop\manifest-evaluations\summer-26\ghidra-pipeline\il2cpp-files\vrfs\general-structure-results\90_plus_possible_eye_biometrics_near_certain\01aebca0_UnityEngine.InputSystem.XR.XRHMD$$set_leftEyeRotation.c"
"UnityEngine.InputSystem.XR.Eyes$$set_leftEyeRotation","01aef1b0","152","90_plus_possible_eye_biometrics_near_certain","yes","possible_eye_biometrics","framework_or_engine_namespace","possible_biometrics","eye_source;validity_gate;pose_vector;paired_state_refs;active_gaze_retrieval;possible_biometrics","strong_eye_source_hits_2;validity_or_gating_hits_4;strong_pose_or_ray_construction_hits_2;paired_field_refs_with_eye_source;active_gaze_state_retrieval_with_validity_and_pose;possible_biometric_feature_from_active_eye_context;functionality_possible_biometrics_hits_2","C:\realDesktop\manifest-evaluations\summer-26\ghidra-pipeline\il2cpp-files\vrfs\general-structure-results\90_plus_possible_eye_biometrics_near_certain\01aef1b0_UnityEngine.InputSystem.XR.Eyes$$set_leftEyeRotation.c"
"UnityEngine.InputSystem.XR.Eyes$$get_rightEyePosition","01aef1bc","152","90_plus_possible_eye_biometrics_near_certain","yes","possible_eye_biometrics","framework_or_engine_namespace","possible_biometrics","eye_source;validity_gate;pose_vector;paired_state_refs;active_gaze_retrieval;possible_biometrics","strong_eye_source_hits_2;validity_or_gating_hits_4;strong_pose_or_ray_construction_hits_2;paired_field_refs_with_eye_source;active_gaze_state_retrieval_with_validity_and_pose;possible_biometric_feature_from_active_eye_context;functionality_possible_biometrics_hits_2","C:\realDesktop\manifest-evaluations\summer-26\ghidra-pipeline\il2cpp-files\vrfs\general-structure-results\90_plus_possible_eye_biometrics_near_certain\01aef1bc_UnityEngine.InputSystem.XR.Eyes$$get_rightEyePosition.c"
"UnityEngine.InputSystem.XR.Eyes$$set_rightEyePosition","01aef1c8","152","90_plus_possible_eye_biometrics_near_certain","yes","possible_eye_biometrics","framework_or_engine_namespace","possible_biometrics","eye_source;validity_gate;pose_vector;paired_state_refs;active_gaze_retrieval;possible_biometrics","strong_eye_source_hits_2;validity_or_gating_hits_4;strong_pose_or_ray_construction_hits_2;paired_field_refs_with_eye_source;active_gaze_state_retrieval_with_validity_and_pose;possible_biometric_feature_from_active_eye_context;functionality_possible_biometrics_hits_2","C:\realDesktop\manifest-evaluations\summer-26\ghidra-pipeline\il2cpp-files\vrfs\general-structure-results\90_plus_possible_eye_biometrics_near_certain\01aef1c8_UnityEngine.InputSystem.XR.Eyes$$set_rightEyePosition.c"
"UnityEngine.InputSystem.XR.Eyes$$get_rightEyeRotation","01aef1d4","152","90_plus_possible_eye_biometrics_near_certain","yes","possible_eye_biometrics","framework_or_engine_namespace","possible_biometrics","eye_source;validity_gate;pose_vector;paired_state_refs;active_gaze_retrieval;possible_biometrics","strong_eye_source_hits_2;validity_or_gating_hits_4;strong_pose_or_ray_construction_hits_2;paired_field_refs_with_eye_source;active_gaze_state_retrieval_with_validity_and_pose;possible_biometric_feature_from_active_eye_context;functionality_possible_biometrics_hits_2","C:\realDesktop\manifest-evaluations\summer-26\ghidra-pipeline\il2cpp-files\vrfs\general-structure-results\90_plus_possible_eye_biometrics_near_certain\01aef1d4_UnityEngine.InputSystem.XR.Eyes$$get_rightEyeRotation.c"
"UnityEngine.InputSystem.XR.Eyes$$set_rightEyeRotation","01aef1e0","149","90_plus_possible_eye_biometrics_near_certain","yes","possible_eye_biometrics","framework_or_engine_namespace","possible_biometrics","eye_source;validity_gate;pose_vector;paired_state_refs;active_gaze_retrieval;possible_biometrics","strong_eye_source_hits_2;validity_or_gating_hits_3;strong_pose_or_ray_construction_hits_2;paired_field_refs_with_eye_source;active_gaze_state_retrieval_with_validity_and_pose;possible_biometric_feature_from_active_eye_context;functionality_possible_biometrics_hits_2","C:\realDesktop\manifest-evaluations\summer-26\ghidra-pipeline\il2cpp-files\vrfs\general-structure-results\90_plus_possible_eye_biometrics_near_certain\01aef1e0_UnityEngine.InputSystem.XR.Eyes$$set_rightEyeRotation.c"
"UnityEngine.InputSystem.XR.EyesControl$$get_leftEyePosition","01aef560","134","90_plus_possible_eye_biometrics_near_certain","yes","possible_eye_biometrics","framework_or_engine_namespace","possible_biometrics","eye_source;validity_gate;pose_vector;active_gaze_retrieval;possible_biometrics","strong_eye_source_hits_2;validity_or_gating_hits_2;strong_pose_or_ray_construction_hits_2;active_gaze_state_retrieval_with_validity_and_pose;possible_biometric_feature_from_active_eye_context;functionality_possible_biometrics_hits_2","C:\realDesktop\manifest-evaluations\summer-26\ghidra-pipeline\il2cpp-files\vrfs\general-structure-results\90_plus_possible_eye_biometrics_near_certain\01aef560_UnityEngine.InputSystem.XR.EyesControl$$get_leftEyePosition.c"
"UnityEngine.InputSystem.XR.EyesControl$$set_leftEyePosition","01aef568","137","90_plus_possible_eye_biometrics_near_certain","yes","possible_eye_biometrics","framework_or_engine_namespace","possible_biometrics","eye_source;validity_gate;pose_vector;active_gaze_retrieval;possible_biometrics","strong_eye_source_hits_2;validity_or_gating_hits_3;strong_pose_or_ray_construction_hits_2;active_gaze_state_retrieval_with_validity_and_pose;possible_biometric_feature_from_active_eye_context;functionality_possible_biometrics_hits_2","C:\realDesktop\manifest-evaluations\summer-26\ghidra-pipeline\il2cpp-files\vrfs\general-structure-results\90_plus_possible_eye_biometrics_near_certain\01aef568_UnityEngine.InputSystem.XR.EyesControl$$set_leftEyePosition.c"
"UnityEngine.InputSystem.XR.EyesControl$$get_leftEyeRotation","01aef578","134","90_plus_possible_eye_biometrics_near_certain","yes","possible_eye_biometrics","framework_or_engine_namespace","possible_biometrics","eye_source;validity_gate;pose_vector;active_gaze_retrieval;possible_biometrics","strong_eye_source_hits_2;validity_or_gating_hits_2;strong_pose_or_ray_construction_hits_2;active_gaze_state_retrieval_with_validity_and_pose;possible_biometric_feature_from_active_eye_context;functionality_possible_biometrics_hits_2","C:\realDesktop\manifest-evaluations\summer-26\ghidra-pipeline\il2cpp-files\vrfs\general-structure-results\90_plus_possible_eye_biometrics_near_certain\01aef578_UnityEngine.InputSystem.XR.EyesControl$$get_leftEyeRotation.c"
"UnityEngine.InputSystem.XR.EyesControl$$set_leftEyeRotation","01aef580","134","90_plus_possible_eye_biometrics_near_certain","yes","possible_eye_biometrics","framework_or_engine_namespace","possible_biometrics","eye_source;validity_gate;pose_vector;active_gaze_retrieval;possible_biometrics","strong_eye_source_hits_2;validity_or_gating_hits_2;strong_pose_or_ray_construction_hits_2;active_gaze_state_retrieval_with_validity_and_pose;possible_biometric_feature_from_active_eye_context;functionality_possible_biometrics_hits_2","C:\realDesktop\manifest-evaluations\summer-26\ghidra-pipeline\il2cpp-files\vrfs\general-structure-results\90_plus_possible_eye_biometrics_near_certain\01aef580_UnityEngine.InputSystem.XR.EyesControl$$set_leftEyeRotation.c"
"UnityEngine.InputSystem.XR.EyesControl$$get_rightEyePosition","01aef590","131","90_plus_possible_eye_biometrics_near_certain","yes","possible_eye_biometrics","framework_or_engine_namespace","possible_biometrics","eye_source;validity_gate;pose_vector;active_gaze_retrieval;possible_biometrics","strong_eye_source_hits_2;validity_or_gating_hits_1;strong_pose_or_ray_construction_hits_2;active_gaze_state_retrieval_with_validity_and_pose;possible_biometric_feature_from_active_eye_context;functionality_possible_biometrics_hits_2","C:\realDesktop\manifest-evaluations\summer-26\ghidra-pipeline\il2cpp-files\vrfs\general-structure-results\90_plus_possible_eye_biometrics_near_certain\01aef590_UnityEngine.InputSystem.XR.EyesControl$$get_rightEyePosition.c"
"Newtonsoft.Json.Serialization.JsonContract$$get_OnDeserializedCallbacks","01bb1728","82","70_high_general_structure_review_high","no","unrelated_or_generic_structure","app_or_custom_namespace","","validity_gate;data_collection;telemetry","validity_or_gating_hits_4;strong_file_logging_hits_2;telemetry_or_network_hits_2","C:\realDesktop\manifest-evaluations\summer-26\ghidra-pipeline\il2cpp-files\vrfs\general-structure-results\70_high_general_structure_review_high\01bb1728_Newtonsoft.Json.Serialization.JsonContract$$get_OnDeserializedCallbacks.c"
"Newtonsoft.Json.Serialization.JsonContract$$get_OnSerializedCallbacks","01bb1840","79","70_high_general_structure_review_high","no","unrelated_or_generic_structure","app_or_custom_namespace","","validity_gate;data_collection;telemetry","validity_or_gating_hits_3;strong_file_logging_hits_2;telemetry_or_network_hits_2","C:\realDesktop\manifest-evaluations\summer-26\ghidra-pipeline\il2cpp-files\vrfs\general-structure-results\70_high_general_structure_review_high\01bb1840_Newtonsoft.Json.Serialization.JsonContract$$get_OnSerializedCallbacks.c"
"Newtonsoft.Json.Serialization.JsonContract$$InvokeOnSerialized","01bb1b68","89","70_high_general_structure_review_high","no","unrelated_or_generic_structure","app_or_custom_namespace","","validity_gate;ui_interaction;data_collection;telemetry","validity_or_gating_hits_2;ui_or_gameplay_sink_hits_2;strong_file_logging_hits_2;telemetry_or_network_hits_2;cap_below_near_certain_without_eye_anchor_or_ordered_structure","C:\realDesktop\manifest-evaluations\summer-26\ghidra-pipeline\il2cpp-files\vrfs\general-structure-results\70_high_general_structure_review_high\01bb1b68_Newtonsoft.Json.Serialization.JsonContract$$InvokeOnSerialized.c"
"Newtonsoft.Json.Serialization.JsonContract$$InvokeOnDeserialized","01bb1e28","89","70_high_general_structure_review_high","no","unrelated_or_generic_structure","app_or_custom_namespace","","validity_gate;ui_interaction;data_collection;telemetry","validity_or_gating_hits_11;ui_or_gameplay_sink_hits_2;strong_file_logging_hits_2;telemetry_or_network_hits_2;cap_below_near_certain_without_eye_anchor_or_ordered_structure","C:\realDesktop\manifest-evaluations\summer-26\ghidra-pipeline\il2cpp-files\vrfs\general-structure-results\70_high_general_structure_review_high\01bb1e28_Newtonsoft.Json.Serialization.JsonContract$$InvokeOnDeserialized.c"
"Newtonsoft.Json.Serialization.JsonProperty$$get_ShouldSerialize","01bb528c","82","70_high_general_structure_review_high","no","unrelated_or_generic_structure","app_or_custom_namespace","","validity_gate;data_collection;telemetry","validity_or_gating_hits_15;strong_file_logging_hits_2;telemetry_or_network_hits_2","C:\realDesktop\manifest-evaluations\summer-26\ghidra-pipeline\il2cpp-files\vrfs\general-structure-results\70_high_general_structure_review_high\01bb528c_Newtonsoft.Json.Serialization.JsonProperty$$get_ShouldSerialize.c"
"Newtonsoft.Json.Serialization.JsonProperty$$set_ShouldSerialize","01bb5294","82","70_high_general_structure_review_high","no","unrelated_or_generic_structure","app_or_custom_namespace","","validity_gate;data_collection;telemetry","validity_or_gating_hits_15;strong_file_logging_hits_2;telemetry_or_network_hits_2","C:\realDesktop\manifest-evaluations\summer-26\ghidra-pipeline\il2cpp-files\vrfs\general-structure-results\70_high_general_structure_review_high\01bb5294_Newtonsoft.Json.Serialization.JsonProperty$$set_ShouldSerialize.c"
"Newtonsoft.Json.Serialization.JsonProperty$$get_ShouldDeserialize","01bb529c","82","70_high_general_structure_review_high","no","unrelated_or_generic_structure","app_or_custom_namespace","","validity_gate;data_collection;telemetry","validity_or_gating_hits_15;strong_file_logging_hits_2;telemetry_or_network_hits_2","C:\realDesktop\manifest-evaluations\summer-26\ghidra-pipeline\il2cpp-files\vrfs\general-structure-results\70_high_general_structure_review_high\01bb529c_Newtonsoft.Json.Serialization.JsonProperty$$get_ShouldDeserialize.c"
"Newtonsoft.Json.Serialization.JsonSerializerInternalBase$$.ctor","01bb58a0","82","70_high_general_structure_review_high","no","unrelated_or_generic_structure","app_or_custom_namespace","","validity_gate;data_collection;telemetry","validity_or_gating_hits_8;strong_file_logging_hits_2;telemetry_or_network_hits_2","C:\realDesktop\manifest-evaluations\summer-26\ghidra-pipeline\il2cpp-files\vrfs\general-structure-results\70_high_general_structure_review_high\01bb58a0_Newtonsoft.Json.Serialization.JsonSerializerInternalBase$$.ctor.c"
"Newtonsoft.Json.Serialization.JsonSerializerInternalBase$$get_DefaultReferenceMappings","01bb593c","82","70_high_general_structure_review_high","no","unrelated_or_generic_structure","app_or_custom_namespace","","validity_gate;data_collection;telemetry","validity_or_gating_hits_4;strong_file_logging_hits_2;telemetry_or_network_hits_2","C:\realDesktop\manifest-evaluations\summer-26\ghidra-pipeline\il2cpp-files\vrfs\general-structure-results\70_high_general_structure_review_high\01bb593c_Newtonsoft.Json.Serialization.JsonSerializerInternalBase$$get_DefaultReferenceMappings.c"
"Newtonsoft.Json.Serialization.JsonSerializerInternalBase$$IsErrorHandled","01bb5c58","73","70_high_general_structure_review_high","no","unrelated_or_generic_structure","app_or_custom_namespace","","validity_gate;data_collection;telemetry","validity_or_gating_hits_1;strong_file_logging_hits_2;telemetry_or_network_hits_2","C:\realDesktop\manifest-evaluations\summer-26\ghidra-pipeline\il2cpp-files\vrfs\general-structure-results\70_high_general_structure_review_high\01bb5c58_Newtonsoft.Json.Serialization.JsonSerializerInternalBase$$IsErrorHandled.c"
"Newtonsoft.Json.Serialization.JsonSerializerInternalBase.ReferenceEqualsEqualityComparer$$System.Collections.Generic.IEqualityComparer<System.Object>.Equals","01bb6034","82","70_high_general_structure_review_high","no","unrelated_or_generic_structure","app_or_custom_namespace","","validity_gate;data_collection;telemetry","validity_or_gating_hits_9;strong_file_logging_hits_2;telemetry_or_network_hits_2","C:\realDesktop\manifest-evaluations\summer-26\ghidra-pipeline\il2cpp-files\vrfs\general-structure-results\70_high_general_structure_review_high\01bb6034_Newtonsoft.Json.Serialization.JsonSerializerInternalBase.ReferenceEqualsEqualityComparer$$System.Collections.Generic.IEqualityComparer_System.Object_.Equals.c"
"Newtonsoft.Json.Serialization.JsonSerializerInternalBase.ReferenceEqualsEqualityComparer$$System.Collections.Generic.IEqualityComparer<System.Object>.GetHashCode","01bb6040","82","70_high_general_structure_review_high","no","unrelated_or_generic_structure","app_or_custom_namespace","","validity_gate;data_collection;telemetry","validity_or_gating_hits_8;strong_file_logging_hits_2;telemetry_or_network_hits_2","C:\realDesktop\manifest-evaluations\summer-26\ghidra-pipeline\il2cpp-files\vrfs\general-structure-results\70_high_general_structure_review_high\01bb6040_Newtonsoft.Json.Serialization.JsonSerializerInternalBase.ReferenceEqualsEqualityComparer$$System.Collections.Generic.IEqualityComparer_System.Object_.GetHashCode.c"
"Newtonsoft.Json.Serialization.JsonSerializerInternalReader$$.ctor","01bb604c","82","70_high_general_structure_review_high","no","unrelated_or_generic_structure","app_or_custom_namespace","","validity_gate;data_collection;telemetry","validity_or_gating_hits_9;strong_file_logging_hits_2;telemetry_or_network_hits_2","C:\realDesktop\manifest-evaluations\summer-26\ghidra-pipeline\il2cpp-files\vrfs\general-structure-results\70_high_general_structure_review_high\01bb604c_Newtonsoft.Json.Serialization.JsonSerializerInternalReader$$.ctor.c"
"Newtonsoft.Json.Serialization.JsonSerializerInternalReader$$Populate","01bb6050","82","70_high_general_structure_review_high","no","unrelated_or_generic_structure","app_or_custom_namespace","","validity_gate;data_collection;telemetry","validity_or_gating_hits_9;strong_file_logging_hits_2;telemetry_or_network_hits_2","C:\realDesktop\manifest-evaluations\summer-26\ghidra-pipeline\il2cpp-files\vrfs\general-structure-results\70_high_general_structure_review_high\01bb6050_Newtonsoft.Json.Serialization.JsonSerializerInternalReader$$Populate.c"
"Newtonsoft.Json.Serialization.JsonSerializerInternalReader$$PopulateDictionary","01bb6aa4","82","70_high_general_structure_review_high","no","unrelated_or_generic_structure","app_or_custom_namespace","","validity_gate;data_collection;telemetry","validity_or_gating_hits_16;strong_file_logging_hits_2;telemetry_or_network_hits_2","C:\realDesktop\manifest-evaluations\summer-26\ghidra-pipeline\il2cpp-files\vrfs\general-structure-results\70_high_general_structure_review_high\01bb6aa4_Newtonsoft.Json.Serialization.JsonSerializerInternalReader$$PopulateDictionary.c"
"Newtonsoft.Json.Serialization.JsonSerializerInternalReader$$GetConverter","01bb8370","82","70_high_general_structure_review_high","no","unrelated_or_generic_structure","app_or_custom_namespace","","validity_gate;data_collection;telemetry","validity_or_gating_hits_18;strong_file_logging_hits_2;telemetry_or_network_hits_2","C:\realDesktop\manifest-evaluations\summer-26\ghidra-pipeline\il2cpp-files\vrfs\general-structure-results\70_high_general_structure_review_high\01bb8370_Newtonsoft.Json.Serialization.JsonSerializerInternalReader$$GetConverter.c"
"Newtonsoft.Json.Serialization.JsonSerializerInternalReader$$DeserializeConvertable","01bb83dc","87","70_high_general_structure_review_high","no","unrelated_or_generic_structure","app_or_custom_namespace","","validity_gate;data_collection;telemetry","validity_or_gating_hits_15;strong_file_logging_hits_2;telemetry_or_network_hits_4","C:\realDesktop\manifest-evaluations\summer-26\ghidra-pipeline\il2cpp-files\vrfs\general-structure-results\70_high_general_structure_review_high\01bb83dc_Newtonsoft.Json.Serialization.JsonSerializerInternalReader$$DeserializeConvertable.c"
"Newtonsoft.Json.Serialization.JsonSerializerInternalReader$$CreateValueInternal","01bb87f0","82","70_high_general_structure_review_high","no","unrelated_or_generic_structure","app_or_custom_namespace","","validity_gate;data_collection;telemetry","validity_or_gating_hits_5;strong_file_logging_hits_2;telemetry_or_network_hits_2","C:\realDesktop\manifest-evaluations\summer-26\ghidra-pipeline\il2cpp-files\vrfs\general-structure-results\70_high_general_structure_review_high\01bb87f0_Newtonsoft.Json.Serialization.JsonSerializerInternalReader$$CreateValueInternal.c"
"Newtonsoft.Json.Serialization.JsonSerializerInternalReader$$HandleError","01bb8cac","79","70_high_general_structure_review_high","no","unrelated_or_generic_structure","app_or_custom_namespace","","validity_gate;data_collection;telemetry","validity_or_gating_hits_3;strong_file_logging_hits_2;telemetry_or_network_hits_2","C:\realDesktop\manifest-evaluations\summer-26\ghidra-pipeline\il2cpp-files\vrfs\general-structure-results\70_high_general_structure_review_high\01bb8cac_Newtonsoft.Json.Serialization.JsonSerializerInternalReader$$HandleError.c"
"Newtonsoft.Json.Serialization.JsonSerializerInternalReader$$GetInternalSerializer","01bb8d14","84","70_high_general_structure_review_high","no","unrelated_or_generic_structure","app_or_custom_namespace","","validity_gate;data_collection;telemetry","validity_or_gating_hits_3;strong_file_logging_hits_2;telemetry_or_network_hits_4","C:\realDesktop\manifest-evaluations\summer-26\ghidra-pipeline\il2cpp-files\vrfs\general-structure-results\70_high_general_structure_review_high\01bb8d14_Newtonsoft.Json.Serialization.JsonSerializerInternalReader$$GetInternalSerializer.c"
"Newtonsoft.Json.Serialization.JsonSerializerInternalReader$$CreateJToken","01bb8e1c","82","70_high_general_structure_review_high","no","unrelated_or_generic_structure","app_or_custom_namespace","","validity_gate;data_collection;telemetry","validity_or_gating_hits_6;strong_file_logging_hits_2;telemetry_or_network_hits_2","C:\realDesktop\manifest-evaluations\summer-26\ghidra-pipeline\il2cpp-files\vrfs\general-structure-results\70_high_general_structure_review_high\01bb8e1c_Newtonsoft.Json.Serialization.JsonSerializerInternalReader$$CreateJToken.c"
"Newtonsoft.Json.Serialization.JsonSerializerInternalReader$$CreateObject","01bb9688","82","70_high_general_structure_review_high","no","unrelated_or_generic_structure","app_or_custom_namespace","","validity_gate;data_collection;telemetry","validity_or_gating_hits_4;strong_file_logging_hits_2;telemetry_or_network_hits_2","C:\realDesktop\manifest-evaluations\summer-26\ghidra-pipeline\il2cpp-files\vrfs\general-structure-results\70_high_general_structure_review_high\01bb9688_Newtonsoft.Json.Serialization.JsonSerializerInternalReader$$CreateObject.c"
"Newtonsoft.Json.Serialization.JsonSerializerInternalReader$$CreateList","01bba1a8","82","70_high_general_structure_review_high","no","unrelated_or_generic_structure","app_or_custom_namespace","","validity_gate;data_collection;telemetry","validity_or_gating_hits_21;strong_file_logging_hits_2;telemetry_or_network_hits_2","C:\realDesktop\manifest-evaluations\summer-26\ghidra-pipeline\il2cpp-files\vrfs\general-structure-results\70_high_general_structure_review_high\01bba1a8_Newtonsoft.Json.Serialization.JsonSerializerInternalReader$$CreateList.c"
"Newtonsoft.Json.Serialization.JsonSerializerInternalReader$$EnsureType","01bba7fc","82","70_high_general_structure_review_high","no","unrelated_or_generic_structure","app_or_custom_namespace","","validity_gate;data_collection;telemetry","validity_or_gating_hits_11;strong_file_logging_hits_2;telemetry_or_network_hits_2","C:\realDesktop\manifest-evaluations\summer-26\ghidra-pipeline\il2cpp-files\vrfs\general-structure-results\70_high_general_structure_review_high\01bba7fc_Newtonsoft.Json.Serialization.JsonSerializerInternalReader$$EnsureType.c"
"Newtonsoft.Json.Serialization.JsonSerializerInternalReader$$CoerceEmptyStringToNull","01bbadb0","82","70_high_general_structure_review_high","no","unrelated_or_generic_structure","app_or_custom_namespace","","validity_gate;data_collection;telemetry","validity_or_gating_hits_15;strong_file_logging_hits_2;telemetry_or_network_hits_2","C:\realDesktop\manifest-evaluations\summer-26\ghidra-pipeline\il2cpp-files\vrfs\general-structure-results\70_high_general_structure_review_high\01bbadb0_Newtonsoft.Json.Serialization.JsonSerializerInternalReader$$CoerceEmptyStringToNull.c"
"Newtonsoft.Json.Serialization.JsonSerializerInternalReader$$ReadMetadataPropertiesToken","01bbafa4","89","70_high_general_structure_review_high","no","unrelated_or_generic_structure","app_or_custom_namespace","","weak_source_state;validity_gate;data_collection;telemetry","weak_xr_or_state_hits_2;validity_or_gating_hits_7;strong_file_logging_hits_2;telemetry_or_network_hits_2;cap_below_near_certain_without_eye_anchor_or_ordered_structure","C:\realDesktop\manifest-evaluations\summer-26\ghidra-pipeline\il2cpp-files\vrfs\general-structure-results\70_high_general_structure_review_high\01bbafa4_Newtonsoft.Json.Serialization.JsonSerializerInternalReader$$ReadMetadataPropertiesToken.c"
"Newtonsoft.Json.Serialization.JsonSerializerInternalReader$$ReadMetadataProperties","01bbb708","89","70_high_general_structure_review_high","no","unrelated_or_generic_structure","app_or_custom_namespace","","weak_source_state;validity_gate;data_collection;telemetry","weak_xr_or_state_hits_2;validity_or_gating_hits_21;strong_file_logging_hits_2;telemetry_or_network_hits_2;cap_below_near_certain_without_eye_anchor_or_ordered_structure","C:\realDesktop\manifest-evaluations\summer-26\ghidra-pipeline\il2cpp-files\vrfs\general-structure-results\70_high_general_structure_review_high\01bbb708_Newtonsoft.Json.Serialization.JsonSerializerInternalReader$$ReadMetadataProperties.c"
"Newtonsoft.Json.Serialization.JsonSerializerInternalReader$$HasNoDefinedType","01bbbdd0","82","70_high_general_structure_review_high","no","unrelated_or_generic_structure","app_or_custom_namespace","","validity_gate;data_collection;telemetry","validity_or_gating_hits_15;strong_file_logging_hits_2;telemetry_or_network_hits_2","C:\realDesktop\manifest-evaluations\summer-26\ghidra-pipeline\il2cpp-files\vrfs\general-structure-results\70_high_general_structure_review_high\01bbbdd0_Newtonsoft.Json.Serialization.JsonSerializerInternalReader$$HasNoDefinedType.c"
"Newtonsoft.Json.Serialization.JsonSerializerInternalReader$$CreateNewObject","01bbbecc","79","70_high_general_structure_review_high","no","unrelated_or_generic_structure","app_or_custom_namespace","","validity_gate;data_collection;telemetry","validity_or_gating_hits_3;strong_file_logging_hits_2;telemetry_or_network_hits_2","C:\realDesktop\manifest-evaluations\summer-26\ghidra-pipeline\il2cpp-files\vrfs\general-structure-results\70_high_general_structure_review_high\01bbbecc_Newtonsoft.Json.Serialization.JsonSerializerInternalReader$$CreateNewObject.c"
"Newtonsoft.Json.Serialization.JsonSerializerInternalReader$$CreateNewDictionary","01bbc0e4","82","70_high_general_structure_review_high","no","unrelated_or_generic_structure","app_or_custom_namespace","","validity_gate;data_collection;telemetry","validity_or_gating_hits_19;strong_file_logging_hits_2;telemetry_or_network_hits_2","C:\realDesktop\manifest-evaluations\summer-26\ghidra-pipeline\il2cpp-files\vrfs\general-structure-results\70_high_general_structure_review_high\01bbc0e4_Newtonsoft.Json.Serialization.JsonSerializerInternalReader$$CreateNewDictionary.c"
"Newtonsoft.Json.Serialization.JsonSerializerInternalReader$$CreateDynamic","01bbc314","82","70_high_general_structure_review_high","no","unrelated_or_generic_structure","app_or_custom_namespace","","validity_gate;data_collection;telemetry","validity_or_gating_hits_6;strong_file_logging_hits_2;telemetry_or_network_hits_2","C:\realDesktop\manifest-evaluations\summer-26\ghidra-pipeline\il2cpp-files\vrfs\general-structure-results\70_high_general_structure_review_high\01bbc314_Newtonsoft.Json.Serialization.JsonSerializerInternalReader$$CreateDynamic.c"
"Newtonsoft.Json.Serialization.JsonSerializerInternalReader$$CreateISerializable","01bbc960","82","70_high_general_structure_review_high","no","unrelated_or_generic_structure","app_or_custom_namespace","","validity_gate;data_collection;telemetry","validity_or_gating_hits_11;strong_file_logging_hits_2;telemetry_or_network_hits_2","C:\realDesktop\manifest-evaluations\summer-26\ghidra-pipeline\il2cpp-files\vrfs\general-structure-results\70_high_general_structure_review_high\01bbc960_Newtonsoft.Json.Serialization.JsonSerializerInternalReader$$CreateISerializable.c"
"Newtonsoft.Json.Serialization.JsonSerializerInternalReader$$ResolveTypeName","01bbd004","82","70_high_general_structure_review_high","no","unrelated_or_generic_structure","app_or_custom_namespace","","validity_gate;data_collection;telemetry","validity_or_gating_hits_5;strong_file_logging_hits_2;telemetry_or_network_hits_2","C:\realDesktop\manifest-evaluations\summer-26\ghidra-pipeline\il2cpp-files\vrfs\general-structure-results\70_high_general_structure_review_high\01bbd004_Newtonsoft.Json.Serialization.JsonSerializerInternalReader$$ResolveTypeName.c"
"Newtonsoft.Json.Serialization.JsonSerializerInternalReader$$CreateNewList","01bbd7b0","76","70_high_general_structure_review_high","no","unrelated_or_generic_structure","app_or_custom_namespace","","validity_gate;data_collection;telemetry","validity_or_gating_hits_2;strong_file_logging_hits_2;telemetry_or_network_hits_2","C:\realDesktop\manifest-evaluations\summer-26\ghidra-pipeline\il2cpp-files\vrfs\general-structure-results\70_high_general_structure_review_high\01bbd7b0_Newtonsoft.Json.Serialization.JsonSerializerInternalReader$$CreateNewList.c"
"Newtonsoft.Json.Serialization.JsonSerializerInternalReader$$PopulateMultidimensionalArray","01bbda4c","88","70_high_general_structure_review_high","no","unrelated_or_generic_structure","app_or_custom_namespace","","pose_vector;data_collection;telemetry","strong_pose_or_ray_construction_hits_4;strong_file_logging_hits_2;telemetry_or_network_hits_2","C:\realDesktop\manifest-evaluations\summer-26\ghidra-pipeline\il2cpp-files\vrfs\general-structure-results\70_high_general_structure_review_high\01bbda4c_Newtonsoft.Json.Serialization.JsonSerializerInternalReader$$PopulateMultidimensionalArray.c"
"Newtonsoft.Json.Serialization.JsonSerializerInternalReader$$SetPropertyValue","01bbe114","82","70_high_general_structure_review_high","no","unrelated_or_generic_structure","app_or_custom_namespace","","validity_gate;data_collection;telemetry","validity_or_gating_hits_4;strong_file_logging_hits_2;telemetry_or_network_hits_2","C:\realDesktop\manifest-evaluations\summer-26\ghidra-pipeline\il2cpp-files\vrfs\general-structure-results\70_high_general_structure_review_high\01bbe114_Newtonsoft.Json.Serialization.JsonSerializerInternalReader$$SetPropertyValue.c"
"Newtonsoft.Json.Serialization.JsonSerializerInternalReader$$ShouldSetPropertyValue","01bbeb9c","82","70_high_general_structure_review_high","no","unrelated_or_generic_structure","app_or_custom_namespace","","validity_gate;data_collection;telemetry","validity_or_gating_hits_20;strong_file_logging_hits_2;telemetry_or_network_hits_2","C:\realDesktop\manifest-evaluations\summer-26\ghidra-pipeline\il2cpp-files\vrfs\general-structure-results\70_high_general_structure_review_high\01bbeb9c_Newtonsoft.Json.Serialization.JsonSerializerInternalReader$$ShouldSetPropertyValue.c"
"Newtonsoft.Json.Serialization.JsonSerializerInternalReader$$HasFlag","01bbec98","76","70_high_general_structure_review_high","no","unrelated_or_generic_structure","app_or_custom_namespace","","validity_gate;data_collection;telemetry","validity_or_gating_hits_2;strong_file_logging_hits_2;telemetry_or_network_hits_2","C:\realDesktop\manifest-evaluations\summer-26\ghidra-pipeline\il2cpp-files\vrfs\general-structure-results\70_high_general_structure_review_high\01bbec98_Newtonsoft.Json.Serialization.JsonSerializerInternalReader$$HasFlag.c"
"Newtonsoft.Json.Serialization.JsonSerializerInternalReader$$AddReference","01bbeca4","76","70_high_general_structure_review_high","no","unrelated_or_generic_structure","app_or_custom_namespace","","validity_gate;data_collection;telemetry","validity_or_gating_hits_2;strong_file_logging_hits_2;telemetry_or_network_hits_2","C:\realDesktop\manifest-evaluations\summer-26\ghidra-pipeline\il2cpp-files\vrfs\general-structure-results\70_high_general_structure_review_high\01bbeca4_Newtonsoft.Json.Serialization.JsonSerializerInternalReader$$AddReference.c"
"Newtonsoft.Json.Serialization.JsonSerializerInternalReader$$ThrowUnexpectedEndException","01bbf4c0","82","70_high_general_structure_review_high","no","unrelated_or_generic_structure","app_or_custom_namespace","","validity_gate;data_collection;telemetry","validity_or_gating_hits_21;strong_file_logging_hits_2;telemetry_or_network_hits_2","C:\realDesktop\manifest-evaluations\summer-26\ghidra-pipeline\il2cpp-files\vrfs\general-structure-results\70_high_general_structure_review_high\01bbf4c0_Newtonsoft.Json.Serialization.JsonSerializerInternalReader$$ThrowUnexpectedEndException.c"
"Newtonsoft.Json.Serialization.JsonSerializerInternalReader$$CreateObjectUsingCreatorWithParameters","01bbf5f4","82","70_high_general_structure_review_high","no","unrelated_or_generic_structure","app_or_custom_namespace","","validity_gate;data_collection;telemetry","validity_or_gating_hits_11;strong_file_logging_hits_2;telemetry_or_network_hits_2","C:\realDesktop\manifest-evaluations\summer-26\ghidra-pipeline\il2cpp-files\vrfs\general-structure-results\70_high_general_structure_review_high\01bbf5f4_Newtonsoft.Json.Serialization.JsonSerializerInternalReader$$CreateObjectUsingCreatorWithParameters.c"
"Newtonsoft.Json.Serialization.JsonSerializerInternalReader$$EndProcessProperty","01bc1a14","76","70_high_general_structure_review_high","no","unrelated_or_generic_structure","app_or_custom_namespace","","validity_gate;data_collection;telemetry","validity_or_gating_hits_2;strong_file_logging_hits_2;telemetry_or_network_hits_2","C:\realDesktop\manifest-evaluations\summer-26\ghidra-pipeline\il2cpp-files\vrfs\general-structure-results\70_high_general_structure_review_high\01bc1a14_Newtonsoft.Json.Serialization.JsonSerializerInternalReader$$EndProcessProperty.c"
"Newtonsoft.Json.Serialization.JsonSerializerInternalReader.<>c__DisplayClass38_0$$<CreateObjectUsingCreatorWithParameters>b__1","01bc247c","82","70_high_general_structure_review_high","no","unrelated_or_generic_structure","app_or_custom_namespace","","validity_gate;data_collection;telemetry","validity_or_gating_hits_4;strong_file_logging_hits_2;telemetry_or_network_hits_2","C:\realDesktop\manifest-evaluations\summer-26\ghidra-pipeline\il2cpp-files\vrfs\general-structure-results\70_high_general_structure_review_high\01bc247c_Newtonsoft.Json.Serialization.JsonSerializerInternalReader._c__DisplayClass38_0$$_CreateObjectUsingCreatorWithParameters_b__1.c"
"Newtonsoft.Json.Serialization.JsonSerializerInternalReader.<>c$$.cctor","01bc24a0","79","70_high_general_structure_review_high","no","unrelated_or_generic_structure","app_or_custom_namespace","","validity_gate;data_collection;telemetry","validity_or_gating_hits_3;strong_file_logging_hits_2;telemetry_or_network_hits_2","C:\realDesktop\manifest-evaluations\summer-26\ghidra-pipeline\il2cpp-files\vrfs\general-structure-results\70_high_general_structure_review_high\01bc24a0_Newtonsoft.Json.Serialization.JsonSerializerInternalReader._c$$.cctor.c"
"Newtonsoft.Json.Serialization.JsonSerializerInternalReader.<>c$$.ctor","01bc2510","82","70_high_general_structure_review_high","no","unrelated_or_generic_structure","app_or_custom_namespace","","validity_gate;data_collection;telemetry","validity_or_gating_hits_4;strong_file_logging_hits_2;telemetry_or_network_hits_2","C:\realDesktop\manifest-evaluations\summer-26\ghidra-pipeline\il2cpp-files\vrfs\general-structure-results\70_high_general_structure_review_high\01bc2510_Newtonsoft.Json.Serialization.JsonSerializerInternalReader._c$$.ctor.c"
"Newtonsoft.Json.Serialization.JsonSerializerInternalWriter$$Serialize","01bc25ec","87","70_high_general_structure_review_high","no","unrelated_or_generic_structure","app_or_custom_namespace","","validity_gate;data_collection;telemetry","validity_or_gating_hits_6;strong_file_logging_hits_2;telemetry_or_network_hits_4","C:\realDesktop\manifest-evaluations\summer-26\ghidra-pipeline\il2cpp-files\vrfs\general-structure-results\70_high_general_structure_review_high\01bc25ec_Newtonsoft.Json.Serialization.JsonSerializerInternalWriter$$Serialize.c"
"Newtonsoft.Json.Serialization.JsonSerializerInternalWriter$$SerializeValue","01bc2cc8","84","70_high_general_structure_review_high","no","unrelated_or_generic_structure","app_or_custom_namespace","","validity_gate;data_collection;telemetry","validity_or_gating_hits_3;strong_file_logging_hits_2;telemetry_or_network_hits_4","C:\realDesktop\manifest-evaluations\summer-26\ghidra-pipeline\il2cpp-files\vrfs\general-structure-results\70_high_general_structure_review_high\01bc2cc8_Newtonsoft.Json.Serialization.JsonSerializerInternalWriter$$SerializeValue.c"
"Newtonsoft.Json.Serialization.JsonSerializerInternalWriter$$HandleError","01bc3328","82","70_high_general_structure_review_high","no","unrelated_or_generic_structure","app_or_custom_namespace","","validity_gate;data_collection;telemetry","validity_or_gating_hits_17;strong_file_logging_hits_2;telemetry_or_network_hits_2","C:\realDesktop\manifest-evaluations\summer-26\ghidra-pipeline\il2cpp-files\vrfs\general-structure-results\70_high_general_structure_review_high\01bc3328_Newtonsoft.Json.Serialization.JsonSerializerInternalWriter$$HandleError.c"
"Newtonsoft.Json.Serialization.JsonSerializerInternalWriter$$GetInternalSerializer","01bc339c","87","70_high_general_structure_review_high","no","unrelated_or_generic_structure","app_or_custom_namespace","","validity_gate;data_collection;telemetry","validity_or_gating_hits_20;strong_file_logging_hits_2;telemetry_or_network_hits_4","C:\realDesktop\manifest-evaluations\summer-26\ghidra-pipeline\il2cpp-files\vrfs\general-structure-results\70_high_general_structure_review_high\01bc339c_Newtonsoft.Json.Serialization.JsonSerializerInternalWriter$$GetInternalSerializer.c"
"Newtonsoft.Json.Serialization.JsonSerializerProxy$$.ctor","01bc3418","82","70_high_general_structure_review_high","no","unrelated_or_generic_structure","app_or_custom_namespace","","validity_gate;data_collection;telemetry","validity_or_gating_hits_19;strong_file_logging_hits_2;telemetry_or_network_hits_2","C:\realDesktop\manifest-evaluations\summer-26\ghidra-pipeline\il2cpp-files\vrfs\general-structure-results\70_high_general_structure_review_high\01bc3418_Newtonsoft.Json.Serialization.JsonSerializerProxy$$.ctor.c"
"Newtonsoft.Json.Serialization.JsonSerializerInternalWriter$$GetContract","01bc34a4","82","70_high_general_structure_review_high","no","unrelated_or_generic_structure","app_or_custom_namespace","","validity_gate;data_collection;telemetry","validity_or_gating_hits_10;strong_file_logging_hits_2;telemetry_or_network_hits_2","C:\realDesktop\manifest-evaluations\summer-26\ghidra-pipeline\il2cpp-files\vrfs\general-structure-results\70_high_general_structure_review_high\01bc34a4_Newtonsoft.Json.Serialization.JsonSerializerInternalWriter$$GetContract.c"
"Newtonsoft.Json.Serialization.JsonSerializerInternalWriter$$ShouldWriteType","01bc36d0","82","70_high_general_structure_review_high","no","unrelated_or_generic_structure","app_or_custom_namespace","","validity_gate;data_collection;telemetry","validity_or_gating_hits_20;strong_file_logging_hits_2;telemetry_or_network_hits_2","C:\realDesktop\manifest-evaluations\summer-26\ghidra-pipeline\il2cpp-files\vrfs\general-structure-results\70_high_general_structure_review_high\01bc36d0_Newtonsoft.Json.Serialization.JsonSerializerInternalWriter$$ShouldWriteType.c"
"Newtonsoft.Json.Serialization.JsonSerializerInternalWriter$$SerializeMultidimensionalArray","01bc4f0c","89","70_high_general_structure_review_high","no","unrelated_or_generic_structure","app_or_custom_namespace","","pose_vector;data_collection;telemetry","strong_pose_or_ray_construction_hits_4;strong_file_logging_hits_2;telemetry_or_network_hits_4;cap_below_near_certain_without_eye_anchor_or_ordered_structure","C:\realDesktop\manifest-evaluations\summer-26\ghidra-pipeline\il2cpp-files\vrfs\general-structure-results\70_high_general_structure_review_high\01bc4f0c_Newtonsoft.Json.Serialization.JsonSerializerInternalWriter$$SerializeMultidimensionalArray.c"
"Newtonsoft.Json.Serialization.JsonSerializerInternalWriter$$HasFlag","01bc6774","79","70_high_general_structure_review_high","no","unrelated_or_generic_structure","app_or_custom_namespace","","validity_gate;data_collection;telemetry","validity_or_gating_hits_3;strong_file_logging_hits_2;telemetry_or_network_hits_2","C:\realDesktop\manifest-evaluations\summer-26\ghidra-pipeline\il2cpp-files\vrfs\general-structure-results\70_high_general_structure_review_high\01bc6774_Newtonsoft.Json.Serialization.JsonSerializerInternalWriter$$HasFlag.c"
"Newtonsoft.Json.Serialization.JsonSerializerInternalWriter$$ShouldWriteProperty","01bc6780","79","70_high_general_structure_review_high","no","unrelated_or_generic_structure","app_or_custom_namespace","","validity_gate;data_collection;telemetry","validity_or_gating_hits_3;strong_file_logging_hits_2;telemetry_or_network_hits_2","C:\realDesktop\manifest-evaluations\summer-26\ghidra-pipeline\il2cpp-files\vrfs\general-structure-results\70_high_general_structure_review_high\01bc6780_Newtonsoft.Json.Serialization.JsonSerializerInternalWriter$$ShouldWriteProperty.c"
"Newtonsoft.Json.Serialization.JsonSerializerInternalWriter$$HasFlag","01bc6850","82","70_high_general_structure_review_high","no","unrelated_or_generic_structure","app_or_custom_namespace","","validity_gate;data_collection;telemetry","validity_or_gating_hits_8;strong_file_logging_hits_2;telemetry_or_network_hits_2","C:\realDesktop\manifest-evaluations\summer-26\ghidra-pipeline\il2cpp-files\vrfs\general-structure-results\70_high_general_structure_review_high\01bc6850_Newtonsoft.Json.Serialization.JsonSerializerInternalWriter$$HasFlag.c"
"Newtonsoft.Json.Serialization.JsonSerializerInternalWriter$$CheckForCircularReference","01bc685c","82","70_high_general_structure_review_high","no","unrelated_or_generic_structure","app_or_custom_namespace","","validity_gate;data_collection;telemetry","validity_or_gating_hits_8;strong_file_logging_hits_2;telemetry_or_network_hits_2","C:\realDesktop\manifest-evaluations\summer-26\ghidra-pipeline\il2cpp-files\vrfs\general-structure-results\70_high_general_structure_review_high\01bc685c_Newtonsoft.Json.Serialization.JsonSerializerInternalWriter$$CheckForCircularReference.c"
"Newtonsoft.Json.Serialization.JsonSerializerInternalWriter$$GetReference","01bc6db8","76","70_high_general_structure_review_high","no","unrelated_or_generic_structure","app_or_custom_namespace","","validity_gate;data_collection;telemetry","validity_or_gating_hits_2;strong_file_logging_hits_2;telemetry_or_network_hits_2","C:\realDesktop\manifest-evaluations\summer-26\ghidra-pipeline\il2cpp-files\vrfs\general-structure-results\70_high_general_structure_review_high\01bc6db8_Newtonsoft.Json.Serialization.JsonSerializerInternalWriter$$GetReference.c"
"Newtonsoft.Json.Serialization.JsonSerializerInternalWriter$$TryConvertToString","01bc6fa4","86","70_high_general_structure_review_high","no","unrelated_or_generic_structure","app_or_custom_namespace","","validity_gate;data_collection;weak_data_support;telemetry","validity_or_gating_hits_4;strong_file_logging_hits_2;weak_string_building_near_file_sink_1;telemetry_or_network_hits_2","C:\realDesktop\manifest-evaluations\summer-26\ghidra-pipeline\il2cpp-files\vrfs\general-structure-results\70_high_general_structure_review_high\01bc6fa4_Newtonsoft.Json.Serialization.JsonSerializerInternalWriter$$TryConvertToString.c"
"Newtonsoft.Json.Serialization.JsonSerializerInternalWriter$$CalculatePropertyValues","01bc760c","82","70_high_general_structure_review_high","no","unrelated_or_generic_structure","app_or_custom_namespace","","validity_gate;data_collection;telemetry","validity_or_gating_hits_4;strong_file_logging_hits_2;telemetry_or_network_hits_2","C:\realDesktop\manifest-evaluations\summer-26\ghidra-pipeline\il2cpp-files\vrfs\general-structure-results\70_high_general_structure_review_high\01bc760c_Newtonsoft.Json.Serialization.JsonSerializerInternalWriter$$CalculatePropertyValues.c"
"Newtonsoft.Json.Serialization.JsonSerializerInternalWriter$$GetPropertyName","01bc7a64","79","70_high_general_structure_review_high","no","unrelated_or_generic_structure","app_or_custom_namespace","","validity_gate;data_collection;telemetry","validity_or_gating_hits_3;strong_file_logging_hits_2;telemetry_or_network_hits_2","C:\realDesktop\manifest-evaluations\summer-26\ghidra-pipeline\il2cpp-files\vrfs\general-structure-results\70_high_general_structure_review_high\01bc7a64_Newtonsoft.Json.Serialization.JsonSerializerInternalWriter$$GetPropertyName.c"
"Newtonsoft.Json.Serialization.JsonSerializerInternalWriter$$ShouldSerialize","01bc7f28","81","70_high_general_structure_review_high","no","unrelated_or_generic_structure","app_or_custom_namespace","","validity_gate;data_collection;telemetry","validity_or_gating_hits_2;strong_file_logging_hits_2;telemetry_or_network_hits_4","C:\realDesktop\manifest-evaluations\summer-26\ghidra-pipeline\il2cpp-files\vrfs\general-structure-results\70_high_general_structure_review_high\01bc7f28_Newtonsoft.Json.Serialization.JsonSerializerInternalWriter$$ShouldSerialize.c"
"Newtonsoft.Json.Serialization.JsonSerializerInternalWriter$$HasCreatorParameter","01bc8408","82","70_high_general_structure_review_high","no","unrelated_or_generic_structure","app_or_custom_namespace","","validity_gate;data_collection;telemetry","validity_or_gating_hits_5;strong_file_logging_hits_2;telemetry_or_network_hits_2","C:\realDesktop\manifest-evaluations\summer-26\ghidra-pipeline\il2cpp-files\vrfs\general-structure-results\70_high_general_structure_review_high\01bc8408_Newtonsoft.Json.Serialization.JsonSerializerInternalWriter$$HasCreatorParameter.c"
"Newtonsoft.Json.Serialization.JsonSerializerInternalWriter$$HasFlag","01bc8714","82","70_high_general_structure_review_high","no","unrelated_or_generic_structure","app_or_custom_namespace","","validity_gate;data_collection;telemetry","validity_or_gating_hits_10;strong_file_logging_hits_2;telemetry_or_network_hits_2","C:\realDesktop\manifest-evaluations\summer-26\ghidra-pipeline\il2cpp-files\vrfs\general-structure-results\70_high_general_structure_review_high\01bc8714_Newtonsoft.Json.Serialization.JsonSerializerInternalWriter$$HasFlag.c"
"Newtonsoft.Json.Serialization.JsonSerializerInternalWriter$$WriteStartArray","01bc8720","89","70_high_general_structure_review_high","no","unrelated_or_generic_structure","app_or_custom_namespace","","validity_gate;pose_vector;data_collection;telemetry;frame_behavior","validity_or_gating_hits_10;strong_pose_or_ray_construction_hits_4;strong_file_logging_hits_2;telemetry_or_network_hits_2;frame_or_lifecycle_behavior;cap_below_near_certain_without_eye_anchor_or_ordered_structure","C:\realDesktop\manifest-evaluations\summer-26\ghidra-pipeline\il2cpp-files\vrfs\general-structure-results\70_high_general_structure_review_high\01bc8720_Newtonsoft.Json.Serialization.JsonSerializerInternalWriter$$WriteStartArray.c"
"Newtonsoft.Json.Serialization.JsonSerializerInternalWriter$$SerializeMultidimensionalArray","01bc89c8","89","70_high_general_structure_review_high","no","unrelated_or_generic_structure","app_or_custom_namespace","","validity_gate;pose_vector;data_collection;telemetry","validity_or_gating_hits_6;strong_pose_or_ray_construction_hits_4;strong_file_logging_hits_2;telemetry_or_network_hits_4;cap_below_near_certain_without_eye_anchor_or_ordered_structure","C:\realDesktop\manifest-evaluations\summer-26\ghidra-pipeline\il2cpp-files\vrfs\general-structure-results\70_high_general_structure_review_high\01bc89c8_Newtonsoft.Json.Serialization.JsonSerializerInternalWriter$$SerializeMultidimensionalArray.c"
"Newtonsoft.Json.Serialization.JsonSerializerInternalWriter$$ShouldWriteDynamicProperty","01bc8d3c","79","70_high_general_structure_review_high","no","unrelated_or_generic_structure","app_or_custom_namespace","","validity_gate;data_collection;telemetry","validity_or_gating_hits_3;strong_file_logging_hits_2;telemetry_or_network_hits_2","C:\realDesktop\manifest-evaluations\summer-26\ghidra-pipeline\il2cpp-files\vrfs\general-structure-results\70_high_general_structure_review_high\01bc8d3c_Newtonsoft.Json.Serialization.JsonSerializerInternalWriter$$ShouldWriteDynamicProperty.c"
"Newtonsoft.Json.Serialization.JsonSerializerProxy$$add_Error","01bc8df8","79","70_high_general_structure_review_high","no","unrelated_or_generic_structure","app_or_custom_namespace","","validity_gate;data_collection;telemetry","validity_or_gating_hits_3;strong_file_logging_hits_2;telemetry_or_network_hits_2","C:\realDesktop\manifest-evaluations\summer-26\ghidra-pipeline\il2cpp-files\vrfs\general-structure-results\70_high_general_structure_review_high\01bc8df8_Newtonsoft.Json.Serialization.JsonSerializerProxy$$add_Error.c"
"Newtonsoft.Json.Serialization.JsonSerializerProxy$$remove_Error","01bc8e18","76","70_high_general_structure_review_high","no","unrelated_or_generic_structure","app_or_custom_namespace","","validity_gate;data_collection;telemetry","validity_or_gating_hits_2;strong_file_logging_hits_2;telemetry_or_network_hits_2","C:\realDesktop\manifest-evaluations\summer-26\ghidra-pipeline\il2cpp-files\vrfs\general-structure-results\70_high_general_structure_review_high\01bc8e18_Newtonsoft.Json.Serialization.JsonSerializerProxy$$remove_Error.c"
"Newtonsoft.Json.Serialization.JsonSerializerProxy$$set_ReferenceResolver","01bc8e38","73","70_high_general_structure_review_high","no","unrelated_or_generic_structure","app_or_custom_namespace","","validity_gate;data_collection;telemetry","validity_or_gating_hits_1;strong_file_logging_hits_2;telemetry_or_network_hits_2","C:\realDesktop\manifest-evaluations\summer-26\ghidra-pipeline\il2cpp-files\vrfs\general-structure-results\70_high_general_structure_review_high\01bc8e38_Newtonsoft.Json.Serialization.JsonSerializerProxy$$set_ReferenceResolver.c"
"Newtonsoft.Json.Serialization.JsonSerializerProxy$$get_TraceWriter","01bc8e58","73","70_high_general_structure_review_high","no","unrelated_or_generic_structure","app_or_custom_namespace","","validity_gate;data_collection;telemetry","validity_or_gating_hits_1;strong_file_logging_hits_2;telemetry_or_network_hits_2","C:\realDesktop\manifest-evaluations\summer-26\ghidra-pipeline\il2cpp-files\vrfs\general-structure-results\70_high_general_structure_review_high\01bc8e58_Newtonsoft.Json.Serialization.JsonSerializerProxy$$get_TraceWriter.c"
"Newtonsoft.Json.Serialization.JsonSerializerProxy$$set_TraceWriter","01bc8e78","73","70_high_general_structure_review_high","no","unrelated_or_generic_structure","app_or_custom_namespace","","validity_gate;data_collection;telemetry","validity_or_gating_hits_1;strong_file_logging_hits_2;telemetry_or_network_hits_2","C:\realDesktop\manifest-evaluations\summer-26\ghidra-pipeline\il2cpp-files\vrfs\general-structure-results\70_high_general_structure_review_high\01bc8e78_Newtonsoft.Json.Serialization.JsonSerializerProxy$$set_TraceWriter.c"
"Newtonsoft.Json.Serialization.JsonSerializerProxy$$set_EqualityComparer","01bc8e98","73","70_high_general_structure_review_high","no","unrelated_or_generic_structure","app_or_custom_namespace","","validity_gate;data_collection;telemetry","validity_or_gating_hits_1;strong_file_logging_hits_2;telemetry_or_network_hits_2","C:\realDesktop\manifest-evaluations\summer-26\ghidra-pipeline\il2cpp-files\vrfs\general-structure-results\70_high_general_structure_review_high\01bc8e98_Newtonsoft.Json.Serialization.JsonSerializerProxy$$set_EqualityComparer.c"
"Newtonsoft.Json.Serialization.JsonSerializerProxy$$set_ContractResolver","01bc8f24","82","70_high_general_structure_review_high","no","unrelated_or_generic_structure","app_or_custom_namespace","","validity_gate;data_collection;telemetry","validity_or_gating_hits_5;strong_file_logging_hits_2;telemetry_or_network_hits_2","C:\realDesktop\manifest-evaluations\summer-26\ghidra-pipeline\il2cpp-files\vrfs\general-structure-results\70_high_general_structure_review_high\01bc8f24_Newtonsoft.Json.Serialization.JsonSerializerProxy$$set_ContractResolver.c"
"Newtonsoft.Json.Serialization.JsonSerializerProxy$$set_MissingMemberHandling","01bc8f48","82","70_high_general_structure_review_high","no","unrelated_or_generic_structure","app_or_custom_namespace","","validity_gate;data_collection;telemetry","validity_or_gating_hits_4;strong_file_logging_hits_2;telemetry_or_network_hits_2","C:\realDesktop\manifest-evaluations\summer-26\ghidra-pipeline\il2cpp-files\vrfs\general-structure-results\70_high_general_structure_review_high\01bc8f48_Newtonsoft.Json.Serialization.JsonSerializerProxy$$set_MissingMemberHandling.c"
"Newtonsoft.Json.Serialization.JsonSerializerProxy$$get_NullValueHandling","01bc8f6c","79","70_high_general_structure_review_high","no","unrelated_or_generic_structure","app_or_custom_namespace","","validity_gate;data_collection;telemetry","validity_or_gating_hits_3;strong_file_logging_hits_2;telemetry_or_network_hits_2","C:\realDesktop\manifest-evaluations\summer-26\ghidra-pipeline\il2cpp-files\vrfs\general-structure-results\70_high_general_structure_review_high\01bc8f6c_Newtonsoft.Json.Serialization.JsonSerializerProxy$$get_NullValueHandling.c"
"Newtonsoft.Json.Serialization.JsonSerializerProxy$$set_NullValueHandling","01bc8f90","73","70_high_general_structure_review_high","no","unrelated_or_generic_structure","app_or_custom_namespace","","validity_gate;data_collection;telemetry","validity_or_gating_hits_1;strong_file_logging_hits_2;telemetry_or_network_hits_2","C:\realDesktop\manifest-evaluations\summer-26\ghidra-pipeline\il2cpp-files\vrfs\general-structure-results\70_high_general_structure_review_high\01bc8f90_Newtonsoft.Json.Serialization.JsonSerializerProxy$$set_NullValueHandling.c"
"Newtonsoft.Json.Serialization.JsonSerializerProxy$$set_ObjectCreationHandling","01bc8fb4","73","70_high_general_structure_review_high","no","unrelated_or_generic_structure","app_or_custom_namespace","","validity_gate;data_collection;telemetry","validity_or_gating_hits_1;strong_file_logging_hits_2;telemetry_or_network_hits_2","C:\realDesktop\manifest-evaluations\summer-26\ghidra-pipeline\il2cpp-files\vrfs\general-structure-results\70_high_general_structure_review_high\01bc8fb4_Newtonsoft.Json.Serialization.JsonSerializerProxy$$set_ObjectCreationHandling.c"
"Newtonsoft.Json.Serialization.JsonSerializerProxy$$get_MetadataPropertyHandling","01bc9040","88","70_high_general_structure_review_high","no","unrelated_or_generic_structure","app_or_custom_namespace","","weak_source_state;validity_gate;data_collection;telemetry","weak_xr_or_state_hits_2;validity_or_gating_hits_3;strong_file_logging_hits_2;telemetry_or_network_hits_2","C:\realDesktop\manifest-evaluations\summer-26\ghidra-pipeline\il2cpp-files\vrfs\general-structure-results\70_high_general_structure_review_high\01bc9040_Newtonsoft.Json.Serialization.JsonSerializerProxy$$get_MetadataPropertyHandling.c"
"Newtonsoft.Json.Serialization.JsonSerializerProxy$$set_MetadataPropertyHandling","01bc9064","79","70_high_general_structure_review_high","no","unrelated_or_generic_structure","app_or_custom_namespace","","validity_gate;data_collection;telemetry","validity_or_gating_hits_3;strong_file_logging_hits_2;telemetry_or_network_hits_2","C:\realDesktop\manifest-evaluations\summer-26\ghidra-pipeline\il2cpp-files\vrfs\general-structure-results\70_high_general_structure_review_high\01bc9064_Newtonsoft.Json.Serialization.JsonSerializerProxy$$set_MetadataPropertyHandling.c"
"Newtonsoft.Json.Serialization.JsonSerializerProxy$$set_TypeNameAssemblyFormatHandling","01bc9088","76","70_high_general_structure_review_high","no","unrelated_or_generic_structure","app_or_custom_namespace","","validity_gate;data_collection;telemetry","validity_or_gating_hits_2;strong_file_logging_hits_2;telemetry_or_network_hits_2","C:\realDesktop\manifest-evaluations\summer-26\ghidra-pipeline\il2cpp-files\vrfs\general-structure-results\70_high_general_structure_review_high\01bc9088_Newtonsoft.Json.Serialization.JsonSerializerProxy$$set_TypeNameAssemblyFormatHandling.c"
"Newtonsoft.Json.Serialization.JsonSerializerProxy$$set_ConstructorHandling","01bc90a8","73","70_high_general_structure_review_high","no","unrelated_or_generic_structure","app_or_custom_namespace","","validity_gate;data_collection;telemetry","validity_or_gating_hits_1;strong_file_logging_hits_2;telemetry_or_network_hits_2","C:\realDesktop\manifest-evaluations\summer-26\ghidra-pipeline\il2cpp-files\vrfs\general-structure-results\70_high_general_structure_review_high\01bc90a8_Newtonsoft.Json.Serialization.JsonSerializerProxy$$set_ConstructorHandling.c"
"Newtonsoft.Json.Serialization.JsonSerializerProxy$$set_SerializationBinder","01bc90cc","73","70_high_general_structure_review_high","no","unrelated_or_generic_structure","app_or_custom_namespace","","validity_gate;data_collection;telemetry","validity_or_gating_hits_1;strong_file_logging_hits_2;telemetry_or_network_hits_2","C:\realDesktop\manifest-evaluations\summer-26\ghidra-pipeline\il2cpp-files\vrfs\general-structure-results\70_high_general_structure_review_high\01bc90cc_Newtonsoft.Json.Serialization.JsonSerializerProxy$$set_SerializationBinder.c"
"Newtonsoft.Json.Serialization.JsonSerializerProxy$$get_Context","01bc90ec","73","70_high_general_structure_review_high","no","unrelated_or_generic_structure","app_or_custom_namespace","","validity_gate;data_collection;telemetry","validity_or_gating_hits_1;strong_file_logging_hits_2;telemetry_or_network_hits_2","C:\realDesktop\manifest-evaluations\summer-26\ghidra-pipeline\il2cpp-files\vrfs\general-structure-results\70_high_general_structure_review_high\01bc90ec_Newtonsoft.Json.Serialization.JsonSerializerProxy$$get_Context.c"
"Newtonsoft.Json.Serialization.JsonSerializerProxy$$set_Context","01bc9110","73","70_high_general_structure_review_high","no","unrelated_or_generic_structure","app_or_custom_namespace","","validity_gate;data_collection;telemetry","validity_or_gating_hits_1;strong_file_logging_hits_2;telemetry_or_network_hits_2","C:\realDesktop\manifest-evaluations\summer-26\ghidra-pipeline\il2cpp-files\vrfs\general-structure-results\70_high_general_structure_review_high\01bc9110_Newtonsoft.Json.Serialization.JsonSerializerProxy$$set_Context.c"
"Newtonsoft.Json.Serialization.JsonSerializerProxy$$get_Formatting","01bc9134","76","70_high_general_structure_review_high","no","unrelated_or_generic_structure","app_or_custom_namespace","","validity_gate;data_collection;telemetry","validity_or_gating_hits_2;strong_file_logging_hits_2;telemetry_or_network_hits_2","C:\realDesktop\manifest-evaluations\summer-26\ghidra-pipeline\il2cpp-files\vrfs\general-structure-results\70_high_general_structure_review_high\01bc9134_Newtonsoft.Json.Serialization.JsonSerializerProxy$$get_Formatting.c"
"Newtonsoft.Json.Serialization.JsonSerializerProxy$$set_CheckAdditionalContent","01bc91a0","76","70_high_general_structure_review_high","no","unrelated_or_generic_structure","app_or_custom_namespace","","validity_gate;data_collection;telemetry","validity_or_gating_hits_2;strong_file_logging_hits_2;telemetry_or_network_hits_2","C:\realDesktop\manifest-evaluations\summer-26\ghidra-pipeline\il2cpp-files\vrfs\general-structure-results\70_high_general_structure_review_high\01bc91a0_Newtonsoft.Json.Serialization.JsonSerializerProxy$$set_CheckAdditionalContent.c"
"Newtonsoft.Json.Serialization.JsonSerializerProxy$$GetInternalSerializer","01bc91c8","81","70_high_general_structure_review_high","no","unrelated_or_generic_structure","app_or_custom_namespace","","validity_gate;data_collection;telemetry","validity_or_gating_hits_2;strong_file_logging_hits_2;telemetry_or_network_hits_4","C:\realDesktop\manifest-evaluations\summer-26\ghidra-pipeline\il2cpp-files\vrfs\general-structure-results\70_high_general_structure_review_high\01bc91c8_Newtonsoft.Json.Serialization.JsonSerializerProxy$$GetInternalSerializer.c"
"Newtonsoft.Json.Serialization.JsonSerializerProxy$$DeserializeInternal","01bc91e4","81","70_high_general_structure_review_high","no","unrelated_or_generic_structure","app_or_custom_namespace","","validity_gate;data_collection;telemetry","validity_or_gating_hits_2;strong_file_logging_hits_2;telemetry_or_network_hits_4","C:\realDesktop\manifest-evaluations\summer-26\ghidra-pipeline\il2cpp-files\vrfs\general-structure-results\70_high_general_structure_review_high\01bc91e4_Newtonsoft.Json.Serialization.JsonSerializerProxy$$DeserializeInternal.c"
"Newtonsoft.Json.Serialization.JsonSerializerProxy$$PopulateInternal","01bc9218","73","70_high_general_structure_review_high","no","unrelated_or_generic_structure","app_or_custom_namespace","","validity_gate;data_collection;telemetry","validity_or_gating_hits_1;strong_file_logging_hits_2;telemetry_or_network_hits_2","C:\realDesktop\manifest-evaluations\summer-26\ghidra-pipeline\il2cpp-files\vrfs\general-structure-results\70_high_general_structure_review_high\01bc9218_Newtonsoft.Json.Serialization.JsonSerializerProxy$$PopulateInternal.c"
"Newtonsoft.Json.Serialization.JsonSerializerProxy$$SerializeInternal","01bc9248","81","70_high_general_structure_review_high","no","unrelated_or_generic_structure","app_or_custom_namespace","","validity_gate;data_collection;telemetry","validity_or_gating_hits_2;strong_file_logging_hits_2;telemetry_or_network_hits_4","C:\realDesktop\manifest-evaluations\summer-26\ghidra-pipeline\il2cpp-files\vrfs\general-structure-results\70_high_general_structure_review_high\01bc9248_Newtonsoft.Json.Serialization.JsonSerializerProxy$$SerializeInternal.c"
"FUN_01bdfcb4","01bdfcb4","89","70_high_likely_false_positive_high","no","likely_false_positive","app_or_custom_namespace","","validity_gate;pose_vector;paired_state_refs;ui_interaction;telemetry","validity_or_gating_hits_21;strong_pose_or_ray_construction_hits_2;paired_field_refs_with_structure_only;ui_or_gameplay_sink_hits_2;telemetry_or_network_hits_2;cap_below_near_certain_without_eye_anchor_or_ordered_structure","C:\realDesktop\manifest-evaluations\summer-26\ghidra-pipeline\il2cpp-files\vrfs\general-structure-results\70_high_likely_false_positive_high\01bdfcb4_FUN_01bdfcb4.c"
"OVRObjectPool$$List<OVRPlugin.Qpl.Annotation.Builder.Entry>","01c61db8","72","70_high_uncertain_eye_setup_high","uncertain","eye_tracking_capability_present","app_or_custom_namespace","setup_only","eye_source;weak_source_state;validity_gate","strong_eye_source_hits_2;weak_xr_or_state_hits_2;validity_or_gating_hits_3;functionality_eye_api_context_without_clear_sink_hits_2","C:\realDesktop\manifest-evaluations\summer-26\ghidra-pipeline\il2cpp-files\vrfs\general-structure-results\70_high_uncertain_eye_setup_high\01c61db8_OVRObjectPool$$List_OVRPlugin.Qpl.Annotation.Builder.Entry_.c"
"Modio.API.ModioAPIRequestOptions$$Dispose","01d34898","80","70_high_general_structure_review_high","no","unrelated_or_generic_structure","app_or_custom_namespace","","validity_gate;pose_vector;paired_state_refs;telemetry","validity_or_gating_hits_7;strong_pose_or_ray_construction_hits_2;paired_field_refs_with_structure_only;telemetry_or_network_hits_2","C:\realDesktop\manifest-evaluations\summer-26\ghidra-pipeline\il2cpp-files\vrfs\general-structure-results\70_high_general_structure_review_high\01d34898_Modio.API.ModioAPIRequestOptions$$Dispose.c"
"Meta.XR.BuildingBlocks.RunTimeUtils$$GetInterfaceComponent<object>","01dbd3e8","72","70_high_uncertain_eye_setup_high","uncertain","eye_tracking_capability_present","app_or_custom_namespace","setup_only","eye_source;validity_gate;paired_state_refs","strong_eye_source_hits_1;validity_or_gating_hits_5;paired_field_refs_with_eye_source;functionality_eye_api_context_without_clear_sink_hits_1","C:\realDesktop\manifest-evaluations\summer-26\ghidra-pipeline\il2cpp-files\vrfs\general-structure-results\70_high_uncertain_eye_setup_high\01dbd3e8_Meta.XR.BuildingBlocks.RunTimeUtils$$GetInterfaceComponent_object_.c"
"Newtonsoft.Json.Serialization.JsonArrayContract$$get_IsMultidimensionalArray","01e90528","75","70_high_general_structure_review_high","no","unrelated_or_generic_structure","app_or_custom_namespace","","validity_gate;pose_vector;data_collection","validity_or_gating_hits_3;strong_pose_or_ray_construction_hits_4;strong_file_logging_hits_2","C:\realDesktop\manifest-evaluations\summer-26\ghidra-pipeline\il2cpp-files\vrfs\general-structure-results\70_high_general_structure_review_high\01e90528_Newtonsoft.Json.Serialization.JsonArrayContract$$get_IsMultidimensionalArray.c"
"Newtonsoft.Json.Serialization.JsonArrayContract$$get_IsArray","01e90530","75","70_high_general_structure_review_high","no","unrelated_or_generic_structure","app_or_custom_namespace","","validity_gate;pose_vector;data_collection","validity_or_gating_hits_3;strong_pose_or_ray_construction_hits_4;strong_file_logging_hits_2","C:\realDesktop\manifest-evaluations\summer-26\ghidra-pipeline\il2cpp-files\vrfs\general-structure-results\70_high_general_structure_review_high\01e90530_Newtonsoft.Json.Serialization.JsonArrayContract$$get_IsArray.c"
"Newtonsoft.Json.Serialization.JsonArrayContract$$get_CanDeserialize","01e90540","79","70_high_general_structure_review_high","no","unrelated_or_generic_structure","app_or_custom_namespace","","validity_gate;data_collection;telemetry","validity_or_gating_hits_3;strong_file_logging_hits_2;telemetry_or_network_hits_2","C:\realDesktop\manifest-evaluations\summer-26\ghidra-pipeline\il2cpp-files\vrfs\general-structure-results\70_high_general_structure_review_high\01e90540_Newtonsoft.Json.Serialization.JsonArrayContract$$get_CanDeserialize.c"
"Newtonsoft.Json.Serialization.JsonArrayContract$$set_CanDeserialize","01e90548","79","70_high_general_structure_review_high","no","unrelated_or_generic_structure","app_or_custom_namespace","","validity_gate;data_collection;telemetry","validity_or_gating_hits_3;strong_file_logging_hits_2;telemetry_or_network_hits_2","C:\realDesktop\manifest-evaluations\summer-26\ghidra-pipeline\il2cpp-files\vrfs\general-structure-results\70_high_general_structure_review_high\01e90548_Newtonsoft.Json.Serialization.JsonArrayContract$$set_CanDeserialize.c"
"FUN_01f6227c","01f6227c","97","90_plus_uncertain_eye_setup_near_certain","uncertain","eye_tracking_capability_present","app_or_custom_namespace","setup_only","eye_source;weak_source_state;validity_gate;pose_vector","strong_eye_source_hits_2;weak_xr_or_state_hits_2;validity_or_gating_hits_2;strong_pose_or_ray_construction_hits_4;functionality_eye_api_context_without_clear_sink_hits_2","C:\realDesktop\manifest-evaluations\summer-26\ghidra-pipeline\il2cpp-files\vrfs\general-structure-results\90_plus_uncertain_eye_setup_near_certain\01f6227c_FUN_01f6227c.c"
"Sirenix.Utilities.MathUtilities$$StackHermite","01f622a8","97","90_plus_uncertain_eye_setup_near_certain","uncertain","eye_tracking_capability_present","app_or_custom_namespace","setup_only","eye_source;weak_source_state;validity_gate;pose_vector","strong_eye_source_hits_2;weak_xr_or_state_hits_2;validity_or_gating_hits_2;strong_pose_or_ray_construction_hits_4;functionality_eye_api_context_without_clear_sink_hits_2","C:\realDesktop\manifest-evaluations\summer-26\ghidra-pipeline\il2cpp-files\vrfs\general-structure-results\90_plus_uncertain_eye_setup_near_certain\01f622a8_Sirenix.Utilities.MathUtilities$$StackHermite.c"
"Sirenix.Utilities.MathUtilities$$Fract","01f622f4","94","90_plus_uncertain_eye_setup_near_certain","uncertain","eye_tracking_capability_present","app_or_custom_namespace","setup_only","eye_source;weak_source_state;validity_gate;pose_vector","strong_eye_source_hits_2;weak_xr_or_state_hits_2;validity_or_gating_hits_1;strong_pose_or_ray_construction_hits_4;functionality_eye_api_context_without_clear_sink_hits_2","C:\realDesktop\manifest-evaluations\summer-26\ghidra-pipeline\il2cpp-files\vrfs\general-structure-results\90_plus_uncertain_eye_setup_near_certain\01f622f4_Sirenix.Utilities.MathUtilities$$Fract.c"
"FUN_0206e87c","0206e87c","99","90_plus_uncertain_eye_setup_near_certain","uncertain","eye_tracking_capability_present","app_or_custom_namespace","setup_only","eye_source;weak_source_state;validity_gate;pose_vector;paired_state_refs","strong_eye_source_hits_1;weak_xr_or_state_hits_1;validity_or_gating_hits_21;strong_pose_or_ray_construction_hits_2;paired_field_refs_with_eye_source;functionality_eye_api_context_without_clear_sink_hits_1","C:\realDesktop\manifest-evaluations\summer-26\ghidra-pipeline\il2cpp-files\vrfs\general-structure-results\90_plus_uncertain_eye_setup_near_certain\0206e87c_FUN_0206e87c.c"
"OVR.OpenVR.IVRSpatialAnchors._GetSpatialAnchorPose$$EndInvoke","020b0c98","85","70_high_general_structure_review_high","no","unrelated_or_generic_structure","app_or_custom_namespace","","weak_source_state;validity_gate;pose_vector;paired_state_refs;ui_interaction;structure_combo","weak_xr_or_state_hits_2;validity_or_gating_hits_15;strong_pose_or_ray_construction_hits_1;paired_field_refs_with_structure_only;ui_or_gameplay_sink_hits_2;source_validity_pose_sink_structure","C:\realDesktop\manifest-evaluations\summer-26\ghidra-pipeline\il2cpp-files\vrfs\general-structure-results\70_high_general_structure_review_high\020b0c98_OVR.OpenVR.IVRSpatialAnchors._GetSpatialAnchorPose$$EndInvoke.c"
"Meta.XR.MetaXREyeTrackedFoveationFeature$$OnSessionCreate","020f9c64","136","90_plus_uncertain_foveated_rendering_near_certain","uncertain","eye_tracking_capability_present","app_or_custom_namespace","foveated_rendering;data_collection_or_telemetry","eye_source;validity_gate;telemetry;foveation_rendering","strong_eye_source_hits_3;validity_or_gating_hits_5;telemetry_or_network_hits_2;strong_foveation_hits_2;functionality_foveated_rendering;functionality_data_collection_or_telemetry_hits_2","C:\realDesktop\manifest-evaluations\summer-26\ghidra-pipeline\il2cpp-files\vrfs\general-structure-results\90_plus_uncertain_foveated_rendering_near_certain\020f9c64_Meta.XR.MetaXREyeTrackedFoveationFeature$$OnSessionCreate.c"
"Meta.XR.MetaXREyeTrackedFoveationFeature$$get_eyeTrackedFoveatedRenderingEnabled","020f9cb0","158","90_plus_attempted_dynamic_eye_tracked_foveation_near_certain","yes","attempted_or_possible_dynamic_eye_tracked_foveation","app_or_custom_namespace","foveated_rendering;attempted_eye_tracked_foveated_rendering","eye_source;weak_source_state;validity_gate;foveation_rendering;attempted_use;dynamic_foveation_possible","strong_eye_source_hits_7;weak_xr_or_state_hits_4;validity_or_gating_hits_5;strong_foveation_hits_4;attempted_eye_tracking_permission_or_feature_enable;attempted_eye_tracking_with_foveated_rendering_path;functionality_foveated_rendering","C:\realDesktop\manifest-evaluations\summer-26\ghidra-pipeline\il2cpp-files\vrfs\general-structure-results\90_plus_attempted_dynamic_eye_tracked_foveation_near_certain\020f9cb0_Meta.XR.MetaXREyeTrackedFoveationFeature$$get_eyeTrackedFoveatedRenderingEnabled.c"
"Meta.XR.MetaXREyeTrackedFoveationFeature$$MetaGetFoveationEyeTracked","020f9ccc","147","90_plus_attempted_dynamic_eye_tracked_foveation_near_certain","yes","attempted_or_possible_dynamic_eye_tracked_foveation","app_or_custom_namespace","foveated_rendering;attempted_eye_tracked_foveated_rendering","eye_source;validity_gate;foveation_rendering;attempted_use;dynamic_foveation_possible","strong_eye_source_hits_7;validity_or_gating_hits_6;strong_foveation_hits_4;attempted_eye_tracking_permission_or_feature_enable;attempted_eye_tracking_with_foveated_rendering_path;functionality_foveated_rendering","C:\realDesktop\manifest-evaluations\summer-26\ghidra-pipeline\il2cpp-files\vrfs\general-structure-results\90_plus_attempted_dynamic_eye_tracked_foveation_near_certain\020f9ccc_Meta.XR.MetaXREyeTrackedFoveationFeature$$MetaGetFoveationEyeTracked.c"
"Meta.XR.MetaXREyeTrackedFoveationFeature$$set_eyeTrackedFoveatedRenderingEnabled","020f9d5c","150","90_plus_attempted_dynamic_eye_tracked_foveation_near_certain","yes","attempted_or_possible_dynamic_eye_tracked_foveation","app_or_custom_namespace","foveated_rendering;attempted_eye_tracked_foveated_rendering","eye_source;weak_source_state;validity_gate;foveation_rendering;attempted_use;dynamic_foveation_possible","strong_eye_source_hits_7;weak_xr_or_state_hits_2;validity_or_gating_hits_2;strong_foveation_hits_4;attempted_eye_tracking_permission_or_feature_enable;attempted_eye_tracking_with_foveated_rendering_path;functionality_foveated_rendering","C:\realDesktop\manifest-evaluations\summer-26\ghidra-pipeline\il2cpp-files\vrfs\general-structure-results\90_plus_attempted_dynamic_eye_tracked_foveation_near_certain\020f9d5c_Meta.XR.MetaXREyeTrackedFoveationFeature$$set_eyeTrackedFoveatedRenderingEnabled.c"
"Meta.XR.MetaXREyeTrackedFoveationFeature$$MetaSetFoveationEyeTracked","020f9dac","141","90_plus_attempted_dynamic_eye_tracked_foveation_near_certain","yes","attempted_or_possible_dynamic_eye_tracked_foveation","app_or_custom_namespace","foveated_rendering;attempted_eye_tracked_foveated_rendering","eye_source;validity_gate;foveation_rendering;attempted_use;dynamic_foveation_possible","strong_eye_source_hits_7;validity_or_gating_hits_2;strong_foveation_hits_4;attempted_eye_tracking_permission_or_feature_enable;attempted_eye_tracking_with_foveated_rendering_path;functionality_foveated_rendering","C:\realDesktop\manifest-evaluations\summer-26\ghidra-pipeline\il2cpp-files\vrfs\general-structure-results\90_plus_attempted_dynamic_eye_tracked_foveation_near_certain\020f9dac_Meta.XR.MetaXREyeTrackedFoveationFeature$$MetaSetFoveationEyeTracked.c"
"Meta.XR.MetaXREyeTrackedFoveationFeature$$get_eyeTrackedFoveatedRenderingSupported","020f9e30","147","90_plus_attempted_dynamic_eye_tracked_foveation_near_certain","yes","attempted_or_possible_dynamic_eye_tracked_foveation","app_or_custom_namespace","foveated_rendering;attempted_eye_tracked_foveated_rendering","eye_source;weak_source_state;validity_gate;foveation_rendering;attempted_use;dynamic_foveation_possible","strong_eye_source_hits_7;weak_xr_or_state_hits_2;validity_or_gating_hits_1;strong_foveation_hits_4;attempted_eye_tracking_permission_or_feature_enable;attempted_eye_tracking_with_foveated_rendering_path;functionality_foveated_rendering","C:\realDesktop\manifest-evaluations\summer-26\ghidra-pipeline\il2cpp-files\vrfs\general-structure-results\90_plus_attempted_dynamic_eye_tracked_foveation_near_certain\020f9e30_Meta.XR.MetaXREyeTrackedFoveationFeature$$get_eyeTrackedFoveatedRenderingSupported.c"
"Meta.XR.MetaXREyeTrackedFoveationFeature$$MetaGetEyeTrackedFoveationSupported","020f9e4c","102","90_plus_uncertain_foveated_rendering_near_certain","uncertain","eye_tracking_capability_present","app_or_custom_namespace","foveated_rendering","eye_source;weak_source_state;foveation_rendering","strong_eye_source_hits_5;weak_xr_or_state_hits_2;strong_foveation_hits_4;functionality_foveated_rendering","C:\realDesktop\manifest-evaluations\summer-26\ghidra-pipeline\il2cpp-files\vrfs\general-structure-results\90_plus_uncertain_foveated_rendering_near_certain\020f9e4c_Meta.XR.MetaXREyeTrackedFoveationFeature$$MetaGetEyeTrackedFoveationSupported.c"
"Meta.XR.MetaXREyeTrackedFoveationFeature$$.ctor","020f9edc","116","90_plus_uncertain_foveated_rendering_near_certain","uncertain","eye_tracking_capability_present","app_or_custom_namespace","foveated_rendering","eye_source;validity_gate;paired_state_refs;foveation_rendering","strong_eye_source_hits_3;validity_or_gating_hits_9;paired_field_refs_with_eye_source;strong_foveation_hits_2;functionality_foveated_rendering","C:\realDesktop\manifest-evaluations\summer-26\ghidra-pipeline\il2cpp-files\vrfs\general-structure-results\90_plus_uncertain_foveated_rendering_near_certain\020f9edc_Meta.XR.MetaXREyeTrackedFoveationFeature$$.ctor.c"
"Meta.XR.MetaXRFeature$$get_userPresent","020f9ee4","72","70_high_uncertain_eye_setup_high","uncertain","eye_tracking_capability_present","app_or_custom_namespace","setup_only","eye_source;validity_gate;paired_state_refs","strong_eye_source_hits_1;validity_or_gating_hits_9;paired_field_refs_with_eye_source;functionality_eye_api_context_without_clear_sink_hits_1","C:\realDesktop\manifest-evaluations\summer-26\ghidra-pipeline\il2cpp-files\vrfs\general-structure-results\70_high_uncertain_eye_setup_high\020f9ee4_Meta.XR.MetaXRFeature$$get_userPresent.c"
"Meta.XR.MetaXRFeature$$HookGetInstanceProcAddr","020f9f68","72","70_high_uncertain_eye_setup_high","uncertain","eye_tracking_capability_present","app_or_custom_namespace","setup_only","eye_source;validity_gate;paired_state_refs","strong_eye_source_hits_1;validity_or_gating_hits_6;paired_field_refs_with_eye_source;functionality_eye_api_context_without_clear_sink_hits_1","C:\realDesktop\manifest-evaluations\summer-26\ghidra-pipeline\il2cpp-files\vrfs\general-structure-results\70_high_uncertain_eye_setup_high\020f9f68_Meta.XR.MetaXRFeature$$HookGetInstanceProcAddr.c"
"Meta.XR.MetaXRFeature$$OnSessionCreate","020fa410","92","90_plus_uncertain_gaze_or_xr_structure_near_certain","uncertain","eye_tracking_capability_present","app_or_custom_namespace","data_collection_or_telemetry","eye_source;validity_gate;telemetry","strong_eye_source_hits_1;validity_or_gating_hits_4;telemetry_or_network_hits_2;functionality_data_collection_or_telemetry_hits_2","C:\realDesktop\manifest-evaluations\summer-26\ghidra-pipeline\il2cpp-files\vrfs\general-structure-results\90_plus_uncertain_gaze_or_xr_structure_near_certain\020fa410_Meta.XR.MetaXRFeature$$OnSessionCreate.c"
"Meta.XR.MetaXRFeature$$OnSessionStateChange","020fa5a8","83","70_high_uncertain_gaze_or_xr_structure_high","uncertain","eye_tracking_capability_present","app_or_custom_namespace","data_collection_or_telemetry","eye_source;validity_gate;telemetry","strong_eye_source_hits_1;validity_or_gating_hits_1;telemetry_or_network_hits_2;functionality_data_collection_or_telemetry_hits_2","C:\realDesktop\manifest-evaluations\summer-26\ghidra-pipeline\il2cpp-files\vrfs\general-structure-results\70_high_uncertain_gaze_or_xr_structure_high\020fa5a8_Meta.XR.MetaXRFeature$$OnSessionStateChange.c"
"Meta.XR.MetaXRFeature$$OnSessionBegin","020fa694","83","70_high_uncertain_gaze_or_xr_structure_high","uncertain","eye_tracking_capability_present","app_or_custom_namespace","data_collection_or_telemetry","eye_source;validity_gate;telemetry","strong_eye_source_hits_1;validity_or_gating_hits_1;telemetry_or_network_hits_2;functionality_data_collection_or_telemetry_hits_2","C:\realDesktop\manifest-evaluations\summer-26\ghidra-pipeline\il2cpp-files\vrfs\general-structure-results\70_high_uncertain_gaze_or_xr_structure_high\020fa694_Meta.XR.MetaXRFeature$$OnSessionBegin.c"
"Meta.XR.MetaXRFeature$$OnSessionEnd","020fa760","83","70_high_uncertain_gaze_or_xr_structure_high","uncertain","eye_tracking_capability_present","app_or_custom_namespace","data_collection_or_telemetry","eye_source;validity_gate;telemetry","strong_eye_source_hits_1;validity_or_gating_hits_1;telemetry_or_network_hits_2;functionality_data_collection_or_telemetry_hits_2","C:\realDesktop\manifest-evaluations\summer-26\ghidra-pipeline\il2cpp-files\vrfs\general-structure-results\70_high_uncertain_gaze_or_xr_structure_high\020fa760_Meta.XR.MetaXRFeature$$OnSessionEnd.c"
"Meta.XR.MetaXRFeature$$OnSessionExiting","020fa82c","70","70_high_uncertain_gaze_or_xr_structure_high","uncertain","eye_tracking_capability_present","app_or_custom_namespace","data_collection_or_telemetry","eye_source;telemetry","strong_eye_source_hits_1;telemetry_or_network_hits_2;functionality_data_collection_or_telemetry_hits_2","C:\realDesktop\manifest-evaluations\summer-26\ghidra-pipeline\il2cpp-files\vrfs\general-structure-results\70_high_uncertain_gaze_or_xr_structure_high\020fa82c_Meta.XR.MetaXRFeature$$OnSessionExiting.c"
"Meta.XR.MetaXRFeature$$OnSessionDestroy","020fa8f8","70","70_high_uncertain_gaze_or_xr_structure_high","uncertain","eye_tracking_capability_present","app_or_custom_namespace","data_collection_or_telemetry","eye_source;telemetry","strong_eye_source_hits_1;telemetry_or_network_hits_2;functionality_data_collection_or_telemetry_hits_2","C:\realDesktop\manifest-evaluations\summer-26\ghidra-pipeline\il2cpp-files\vrfs\general-structure-results\70_high_uncertain_gaze_or_xr_structure_high\020fa8f8_Meta.XR.MetaXRFeature$$OnSessionDestroy.c"
"Meta.XR.MetaXRFoveationFeature$$OnSessionCreate","020fa9cc","102","90_plus_uncertain_foveated_rendering_near_certain","uncertain","eye_tracking_capability_present","app_or_custom_namespace","foveated_rendering;data_collection_or_telemetry","eye_source;telemetry;foveation_rendering","strong_eye_source_hits_1;telemetry_or_network_hits_2;strong_foveation_hits_2;functionality_foveated_rendering;functionality_data_collection_or_telemetry_hits_2","C:\realDesktop\manifest-evaluations\summer-26\ghidra-pipeline\il2cpp-files\vrfs\general-structure-results\90_plus_uncertain_foveated_rendering_near_certain\020fa9cc_Meta.XR.MetaXRFoveationFeature$$OnSessionCreate.c"
"Meta.XR.MetaXRFoveationFeature$$get_foveatedRenderingLevel","020faa18","75","70_high_uncertain_foveated_rendering_high","uncertain","eye_tracking_capability_present","app_or_custom_namespace","foveated_rendering","eye_source;foveation_rendering","strong_eye_source_hits_1;strong_foveation_hits_4;functionality_foveated_rendering","C:\realDesktop\manifest-evaluations\summer-26\ghidra-pipeline\il2cpp-files\vrfs\general-structure-results\70_high_uncertain_foveated_rendering_high\020faa18_Meta.XR.MetaXRFoveationFeature$$get_foveatedRenderingLevel.c"
"Meta.XR.MetaXRFoveationFeature$$FBGetFoveationLevel","020faa34","107","90_plus_attempted_dynamic_eye_tracked_foveation_near_certain","yes","attempted_or_possible_dynamic_eye_tracked_foveation","app_or_custom_namespace","foveated_rendering;attempted_eye_tracked_foveated_rendering","eye_source;foveation_rendering;attempted_use;dynamic_foveation_possible","strong_eye_source_hits_1;strong_foveation_hits_4;attempted_eye_tracking_permission_or_feature_enable;attempted_eye_tracking_with_foveated_rendering_path;functionality_foveated_rendering","C:\realDesktop\manifest-evaluations\summer-26\ghidra-pipeline\il2cpp-files\vrfs\general-structure-results\90_plus_attempted_dynamic_eye_tracked_foveation_near_certain\020faa34_Meta.XR.MetaXRFoveationFeature$$FBGetFoveationLevel.c"
"Meta.XR.MetaXRFoveationFeature$$set_foveatedRenderingLevel","020faab0","75","70_high_uncertain_foveated_rendering_high","uncertain","eye_tracking_capability_present","app_or_custom_namespace","foveated_rendering","eye_source;foveation_rendering","strong_eye_source_hits_1;strong_foveation_hits_4;functionality_foveated_rendering","C:\realDesktop\manifest-evaluations\summer-26\ghidra-pipeline\il2cpp-files\vrfs\general-structure-results\70_high_uncertain_foveated_rendering_high\020faab0_Meta.XR.MetaXRFoveationFeature$$set_foveatedRenderingLevel.c"
"Meta.XR.MetaXRFoveationFeature$$FBSetFoveationLevel","020fab14","107","90_plus_attempted_dynamic_eye_tracked_foveation_near_certain","yes","attempted_or_possible_dynamic_eye_tracked_foveation","app_or_custom_namespace","foveated_rendering;attempted_eye_tracked_foveated_rendering","eye_source;foveation_rendering;attempted_use;dynamic_foveation_possible","strong_eye_source_hits_1;strong_foveation_hits_4;attempted_eye_tracking_permission_or_feature_enable;attempted_eye_tracking_with_foveated_rendering_path;functionality_foveated_rendering","C:\realDesktop\manifest-evaluations\summer-26\ghidra-pipeline\il2cpp-files\vrfs\general-structure-results\90_plus_attempted_dynamic_eye_tracked_foveation_near_certain\020fab14_Meta.XR.MetaXRFoveationFeature$$FBSetFoveationLevel.c"
"Meta.XR.MetaXRFoveationFeature$$get_useDynamicFoveatedRendering","020fabb8","75","70_high_uncertain_foveated_rendering_high","uncertain","eye_tracking_capability_present","app_or_custom_namespace","foveated_rendering","eye_source;foveation_rendering","strong_eye_source_hits_1;strong_foveation_hits_4;functionality_foveated_rendering","C:\realDesktop\manifest-evaluations\summer-26\ghidra-pipeline\il2cpp-files\vrfs\general-structure-results\70_high_uncertain_foveated_rendering_high\020fabb8_Meta.XR.MetaXRFoveationFeature$$get_useDynamicFoveatedRendering.c"
"Meta.XR.MetaXRFoveationFeature$$set_useDynamicFoveatedRendering","020fabdc","75","70_high_uncertain_foveated_rendering_high","uncertain","eye_tracking_capability_present","app_or_custom_namespace","foveated_rendering","eye_source;foveation_rendering","strong_eye_source_hits_1;strong_foveation_hits_4;functionality_foveated_rendering","C:\realDesktop\manifest-evaluations\summer-26\ghidra-pipeline\il2cpp-files\vrfs\general-structure-results\70_high_uncertain_foveated_rendering_high\020fabdc_Meta.XR.MetaXRFoveationFeature$$set_useDynamicFoveatedRendering.c"
"Meta.XR.MetaXRFoveationFeature$$FBGetFoveationDynamic","020fac38","107","90_plus_attempted_dynamic_eye_tracked_foveation_near_certain","yes","attempted_or_possible_dynamic_eye_tracked_foveation","app_or_custom_namespace","foveated_rendering;attempted_eye_tracked_foveated_rendering","eye_source;foveation_rendering;attempted_use;dynamic_foveation_possible","strong_eye_source_hits_1;strong_foveation_hits_4;attempted_eye_tracking_permission_or_feature_enable;attempted_eye_tracking_with_foveated_rendering_path;functionality_foveated_rendering","C:\realDesktop\manifest-evaluations\summer-26\ghidra-pipeline\il2cpp-files\vrfs\general-structure-results\90_plus_attempted_dynamic_eye_tracked_foveation_near_certain\020fac38_Meta.XR.MetaXRFoveationFeature$$FBGetFoveationDynamic.c"
"Meta.XR.MetaXRFoveationFeature$$.ctor","020facb4","70","70_high_uncertain_foveated_rendering_high","uncertain","eye_tracking_capability_present","app_or_custom_namespace","foveated_rendering","eye_source;foveation_rendering","strong_eye_source_hits_1;strong_foveation_hits_2;functionality_foveated_rendering","C:\realDesktop\manifest-evaluations\summer-26\ghidra-pipeline\il2cpp-files\vrfs\general-structure-results\70_high_uncertain_foveated_rendering_high\020facb4_Meta.XR.MetaXRFoveationFeature$$.ctor.c"
"Meta.XR.MetaXRSpaceWarp$$SetAppSpaceRotation","020fadd4","80","70_high_uncertain_eye_setup_high","uncertain","eye_tracking_capability_present","app_or_custom_namespace","setup_only","eye_source;validity_gate;pose_vector","strong_eye_source_hits_1;validity_or_gating_hits_14;strong_pose_or_ray_construction_hits_2;functionality_eye_api_context_without_clear_sink_hits_1","C:\realDesktop\manifest-evaluations\summer-26\ghidra-pipeline\il2cpp-files\vrfs\general-structure-results\70_high_uncertain_eye_setup_high\020fadd4_Meta.XR.MetaXRSpaceWarp$$SetAppSpaceRotation.c"
"Meta.XR.MetaXRSpaceWarp$$MetaSetAppSpaceRotation","020fadd8","80","70_high_uncertain_eye_setup_high","uncertain","eye_tracking_capability_present","app_or_custom_namespace","setup_only","eye_source;validity_gate;pose_vector","strong_eye_source_hits_1;validity_or_gating_hits_14;strong_pose_or_ray_construction_hits_2;functionality_eye_api_context_without_clear_sink_hits_1","C:\realDesktop\manifest-evaluations\summer-26\ghidra-pipeline\il2cpp-files\vrfs\general-structure-results\70_high_uncertain_eye_setup_high\020fadd8_Meta.XR.MetaXRSpaceWarp$$MetaSetAppSpaceRotation.c"
"Meta.XR.Samples.SampleMetadata$$SendEvent","020faf6c","92","90_plus_uncertain_gaze_or_xr_structure_near_certain","uncertain","eye_tracking_capability_present","app_or_custom_namespace","data_collection_or_telemetry","eye_source;validity_gate;telemetry","strong_eye_source_hits_1;validity_or_gating_hits_8;telemetry_or_network_hits_2;functionality_data_collection_or_telemetry_hits_2","C:\realDesktop\manifest-evaluations\summer-26\ghidra-pipeline\il2cpp-files\vrfs\general-structure-results\90_plus_uncertain_gaze_or_xr_structure_near_certain\020faf6c_Meta.XR.Samples.SampleMetadata$$SendEvent.c"
"Fusion.JsonUtilityExtensions.TypeSerializerDelegate$$Invoke","02134bf0","73","70_high_general_structure_review_high","no","unrelated_or_generic_structure","app_or_custom_namespace","","validity_gate;ui_interaction;telemetry","validity_or_gating_hits_8;ui_or_gameplay_sink_hits_2;telemetry_or_network_hits_4","C:\realDesktop\manifest-evaluations\summer-26\ghidra-pipeline\il2cpp-files\vrfs\general-structure-results\70_high_general_structure_review_high\02134bf0_Fusion.JsonUtilityExtensions.TypeSerializerDelegate$$Invoke.c"
"Fusion.JsonUtilityExtensions.TypeSerializerDelegate$$BeginInvoke","02134c04","73","70_high_general_structure_review_high","no","unrelated_or_generic_structure","app_or_custom_namespace","","validity_gate;ui_interaction;telemetry","validity_or_gating_hits_8;ui_or_gameplay_sink_hits_2;telemetry_or_network_hits_4","C:\realDesktop\manifest-evaluations\summer-26\ghidra-pipeline\il2cpp-files\vrfs\general-structure-results\70_high_general_structure_review_high\02134c04_Fusion.JsonUtilityExtensions.TypeSerializerDelegate$$BeginInvoke.c"
"Fusion.JsonUtilityExtensions.TypeSerializerDelegate$$EndInvoke","02134c24","73","70_high_general_structure_review_high","no","unrelated_or_generic_structure","app_or_custom_namespace","","validity_gate;ui_interaction;telemetry","validity_or_gating_hits_17;ui_or_gameplay_sink_hits_2;telemetry_or_network_hits_4","C:\realDesktop\manifest-evaluations\summer-26\ghidra-pipeline\il2cpp-files\vrfs\general-structure-results\70_high_general_structure_review_high\02134c24_Fusion.JsonUtilityExtensions.TypeSerializerDelegate$$EndInvoke.c"
"FUN_021607d8","021607d8","70","70_high_general_structure_review_high","no","unrelated_or_generic_structure","app_or_custom_namespace","","weak_source_state;validity_gate;telemetry","weak_xr_or_state_hits_5;validity_or_gating_hits_21;telemetry_or_network_hits_5","C:\realDesktop\manifest-evaluations\summer-26\ghidra-pipeline\il2cpp-files\vrfs\general-structure-results\70_high_general_structure_review_high\021607d8_FUN_021607d8.c"
"Modio.API.ModioAPI.Collections.<AddCollectionAsJToken>d__0$$MoveNext","02160f60","70","70_high_general_structure_review_high","no","unrelated_or_generic_structure","app_or_custom_namespace","","weak_source_state;validity_gate;telemetry","weak_xr_or_state_hits_4;validity_or_gating_hits_21;telemetry_or_network_hits_4","C:\realDesktop\manifest-evaluations\summer-26\ghidra-pipeline\il2cpp-files\vrfs\general-structure-results\70_high_general_structure_review_high\02160f60_Modio.API.ModioAPI.Collections._AddCollectionAsJToken_d__0$$MoveNext.c"
"FUN_021f9ccc","021f9ccc","110","90_plus_attempted_dynamic_eye_tracked_foveation_near_certain","yes","attempted_or_possible_dynamic_eye_tracked_foveation","app_or_custom_namespace","foveated_rendering;attempted_eye_tracked_foveated_rendering","eye_source;weak_source_state;foveation_rendering;attempted_use;dynamic_foveation_possible","strong_eye_source_hits_2;weak_xr_or_state_hits_1;strong_foveation_hits_1;attempted_eye_tracking_permission_or_feature_enable;attempted_eye_tracking_with_foveated_rendering_path;functionality_foveated_rendering","C:\realDesktop\manifest-evaluations\summer-26\ghidra-pipeline\il2cpp-files\vrfs\general-structure-results\90_plus_attempted_dynamic_eye_tracked_foveation_near_certain\021f9ccc_FUN_021f9ccc.c"
"FUN_021f9dac","021f9dac","110","90_plus_attempted_dynamic_eye_tracked_foveation_near_certain","yes","attempted_or_possible_dynamic_eye_tracked_foveation","app_or_custom_namespace","foveated_rendering;attempted_eye_tracked_foveated_rendering","eye_source;weak_source_state;foveation_rendering;attempted_use;dynamic_foveation_possible","strong_eye_source_hits_2;weak_xr_or_state_hits_1;strong_foveation_hits_1;attempted_eye_tracking_permission_or_feature_enable;attempted_eye_tracking_with_foveated_rendering_path;functionality_foveated_rendering","C:\realDesktop\manifest-evaluations\summer-26\ghidra-pipeline\il2cpp-files\vrfs\general-structure-results\90_plus_attempted_dynamic_eye_tracked_foveation_near_certain\021f9dac_FUN_021f9dac.c"
"FUN_021f9e4c","021f9e4c","74","70_high_uncertain_foveated_rendering_high","uncertain","eye_tracking_capability_present","app_or_custom_namespace","foveated_rendering","eye_source;weak_source_state;foveation_rendering","strong_eye_source_hits_1;weak_xr_or_state_hits_2;strong_foveation_hits_1;functionality_foveated_rendering","C:\realDesktop\manifest-evaluations\summer-26\ghidra-pipeline\il2cpp-files\vrfs\general-structure-results\70_high_uncertain_foveated_rendering_high\021f9e4c_FUN_021f9e4c.c"
"FUN_021faa34","021faa34","74","70_high_attempted_dynamic_eye_tracked_foveation_high","yes","attempted_or_possible_dynamic_eye_tracked_foveation","app_or_custom_namespace","foveated_rendering;attempted_eye_tracked_foveated_rendering","weak_source_state;foveation_rendering;keyword_support;attempted_use;dynamic_foveation_possible","weak_xr_or_state_hits_1;strong_foveation_hits_1;eye_or_gaze_keyword_boost_only;attempted_eye_tracking_permission_or_feature_enable;attempted_eye_tracking_with_foveated_rendering_path;functionality_foveated_rendering","C:\realDesktop\manifest-evaluations\summer-26\ghidra-pipeline\il2cpp-files\vrfs\general-structure-results\70_high_attempted_dynamic_eye_tracked_foveation_high\021faa34_FUN_021faa34.c"
"FUN_021fab14","021fab14","74","70_high_attempted_dynamic_eye_tracked_foveation_high","yes","attempted_or_possible_dynamic_eye_tracked_foveation","app_or_custom_namespace","foveated_rendering;attempted_eye_tracked_foveated_rendering","weak_source_state;foveation_rendering;keyword_support;attempted_use;dynamic_foveation_possible","weak_xr_or_state_hits_1;strong_foveation_hits_1;eye_or_gaze_keyword_boost_only;attempted_eye_tracking_permission_or_feature_enable;attempted_eye_tracking_with_foveated_rendering_path;functionality_foveated_rendering","C:\realDesktop\manifest-evaluations\summer-26\ghidra-pipeline\il2cpp-files\vrfs\general-structure-results\70_high_attempted_dynamic_eye_tracked_foveation_high\021fab14_FUN_021fab14.c"
"FUN_021fac38","021fac38","74","70_high_attempted_dynamic_eye_tracked_foveation_high","yes","attempted_or_possible_dynamic_eye_tracked_foveation","app_or_custom_namespace","foveated_rendering;attempted_eye_tracked_foveated_rendering","weak_source_state;foveation_rendering;keyword_support;attempted_use;dynamic_foveation_possible","weak_xr_or_state_hits_1;strong_foveation_hits_1;eye_or_gaze_keyword_boost_only;attempted_eye_tracking_permission_or_feature_enable;attempted_eye_tracking_with_foveated_rendering_path;functionality_foveated_rendering","C:\realDesktop\manifest-evaluations\summer-26\ghidra-pipeline\il2cpp-files\vrfs\general-structure-results\70_high_attempted_dynamic_eye_tracked_foveation_high\021fac38_FUN_021fac38.c"
"Oculus.Interaction.SnapInteractor$$DoHoverUpdate","022239fc","89","70_high_general_structure_review_high","no","unrelated_or_generic_structure","app_or_custom_namespace","","weak_source_state;validity_gate;pose_vector;paired_state_refs;ui_interaction;frame_behavior;structure_combo","weak_xr_or_state_hits_3;validity_or_gating_hits_21;strong_pose_or_ray_construction_hits_2;paired_field_refs_with_structure_only;ui_or_gameplay_sink_hits_2;frame_or_lifecycle_behavior;source_validity_pose_sink_structure;cap_below_near_certain_without_eye_anchor_or_ordered_structure","C:\realDesktop\manifest-evaluations\summer-26\ghidra-pipeline\il2cpp-files\vrfs\general-structure-results\70_high_general_structure_review_high\022239fc_Oculus.Interaction.SnapInteractor$$DoHoverUpdate.c"
"Oculus.Interaction.TouchHandGrabInteractor$$DoPostprocess","02226e08","89","70_high_general_structure_review_high","no","unrelated_or_generic_structure","app_or_custom_namespace","","weak_source_state;validity_gate;pose_vector;paired_state_refs;telemetry;structure_combo","weak_xr_or_state_hits_4;validity_or_gating_hits_21;strong_pose_or_ray_construction_hits_2;paired_field_refs_with_structure_only;telemetry_or_network_hits_2;source_validity_pose_sink_structure;cap_below_near_certain_without_eye_anchor_or_ordered_structure","C:\realDesktop\manifest-evaluations\summer-26\ghidra-pipeline\il2cpp-files\vrfs\general-structure-results\70_high_general_structure_review_high\02226e08_Oculus.Interaction.TouchHandGrabInteractor$$DoPostprocess.c"
"Newtonsoft.Json.JsonTextWriter$$WriteStartArray","022423d8","83","70_high_general_structure_review_high","no","unrelated_or_generic_structure","app_or_custom_namespace","","validity_gate;pose_vector;data_collection;frame_behavior","validity_or_gating_hits_1;strong_pose_or_ray_construction_hits_4;strong_file_logging_hits_4;frame_or_lifecycle_behavior","C:\realDesktop\manifest-evaluations\summer-26\ghidra-pipeline\il2cpp-files\vrfs\general-structure-results\70_high_general_structure_review_high\022423d8_Newtonsoft.Json.JsonTextWriter$$WriteStartArray.c"
"Newtonsoft.Json.JsonWriter$$BuildStateArray","02244598","84","70_high_general_structure_review_high","no","unrelated_or_generic_structure","app_or_custom_namespace","","validity_gate;pose_vector;paired_state_refs;data_collection","validity_or_gating_hits_21;strong_pose_or_ray_construction_hits_4;paired_field_refs_with_structure_only;strong_file_logging_hits_2","C:\realDesktop\manifest-evaluations\summer-26\ghidra-pipeline\il2cpp-files\vrfs\general-structure-results\70_high_general_structure_review_high\02244598_Newtonsoft.Json.JsonWriter$$BuildStateArray.c"
"Newtonsoft.Json.JsonWriter$$WriteStartArray","022453e4","75","70_high_general_structure_review_high","no","unrelated_or_generic_structure","app_or_custom_namespace","","validity_gate;pose_vector;data_collection;frame_behavior","validity_or_gating_hits_1;strong_pose_or_ray_construction_hits_4;strong_file_logging_hits_2;frame_or_lifecycle_behavior","C:\realDesktop\manifest-evaluations\summer-26\ghidra-pipeline\il2cpp-files\vrfs\general-structure-results\70_high_general_structure_review_high\022453e4_Newtonsoft.Json.JsonWriter$$WriteStartArray.c"
"FUN_024cfd18","024cfd18","87","70_high_uncertain_eye_setup_high","uncertain","eye_tracking_capability_present","app_or_custom_namespace","setup_only","eye_source;weak_source_state;validity_gate;pose_vector","strong_eye_source_hits_1;weak_xr_or_state_hits_1;validity_or_gating_hits_5;strong_pose_or_ray_construction_hits_2;functionality_eye_api_context_without_clear_sink_hits_1","C:\realDesktop\manifest-evaluations\summer-26\ghidra-pipeline\il2cpp-files\vrfs\general-structure-results\70_high_uncertain_eye_setup_high\024cfd18_FUN_024cfd18.c"
"System.Array$$InternalArray__IReadOnlyList_get_Item<InputActionMap.ReadMapJson>","024cfd84","75","70_high_framework_support_only_high","uncertain","framework_support_only","framework_or_engine_namespace","setup_only","eye_source;weak_source_state;validity_gate;pose_vector","strong_eye_source_hits_1;weak_xr_or_state_hits_1;validity_or_gating_hits_4;strong_pose_or_ray_construction_hits_4;negative_framework_support_context_without_confirmed_app_level_gaze_flow;functionality_eye_api_context_without_clear_sink_hits_1","C:\realDesktop\manifest-evaluations\summer-26\ghidra-pipeline\il2cpp-files\vrfs\general-structure-results\70_high_framework_support_only_high\024cfd84_System.Array$$InternalArray__IReadOnlyList_get_Item_InputActionMap.ReadMapJson_.c"
"System.Array$$InternalArray__IReadOnlyList_get_Item<OVRPlugin.BoneCapsule>","024d27dc","75","70_high_framework_support_only_high","uncertain","framework_support_only","framework_or_engine_namespace","setup_only","eye_source;weak_source_state;validity_gate;pose_vector","strong_eye_source_hits_2;weak_xr_or_state_hits_2;validity_or_gating_hits_4;strong_pose_or_ray_construction_hits_2;negative_framework_support_context_without_confirmed_app_level_gaze_flow;functionality_eye_api_context_without_clear_sink_hits_2","C:\realDesktop\manifest-evaluations\summer-26\ghidra-pipeline\il2cpp-files\vrfs\general-structure-results\70_high_framework_support_only_high\024d27dc_System.Array$$InternalArray__IReadOnlyList_get_Item_OVRPlugin.BoneCapsule_.c"
"System.Array$$InternalArray__IReadOnlyList_get_Item<OVRPlugin.EyeGazeState>","024d288c","149","90_plus_confirmed_gaze_retrieval_near_certain","yes","active_eye_tracking_runtime_retrieval","framework_or_engine_namespace","gaze_retrieval","eye_source;weak_source_state;validity_gate;pose_vector;attempted_use;active_gaze_retrieval","strong_eye_source_hits_4;weak_xr_or_state_hits_2;validity_or_gating_hits_2;strong_pose_or_ray_construction_hits_2;attempted_eye_tracking_permission_or_feature_enable;active_gaze_state_retrieval_with_validity_and_pose;functionality_gaze_retrieval_or_extraction","C:\realDesktop\manifest-evaluations\summer-26\ghidra-pipeline\il2cpp-files\vrfs\general-structure-results\90_plus_confirmed_gaze_retrieval_near_certain\024d288c_System.Array$$InternalArray__IReadOnlyList_get_Item_OVRPlugin.EyeGazeState_.c"
"System.Array$$InternalArray__IReadOnlyList_get_Item<OVRPlugin.SpaceDiscoveryResult>","024d29f0","73","70_high_framework_support_only_high","uncertain","framework_support_only","framework_namespace_with_project_hint","setup_only","eye_source;weak_source_state;pose_vector","strong_eye_source_hits_2;weak_xr_or_state_hits_2;strong_pose_or_ray_construction_hits_2;functionality_eye_api_context_without_clear_sink_hits_2","C:\realDesktop\manifest-evaluations\summer-26\ghidra-pipeline\il2cpp-files\vrfs\general-structure-results\70_high_framework_support_only_high\024d29f0_System.Array$$InternalArray__IReadOnlyList_get_Item_OVRPlugin.SpaceDiscoveryResult_.c"
"System.Array$$InternalArray__IReadOnlyList_get_Item<OVRPlugin.SpaceQueryResult>","024d2aa8","73","70_high_framework_support_only_high","uncertain","framework_support_only","framework_namespace_with_project_hint","setup_only","eye_source;weak_source_state;pose_vector","strong_eye_source_hits_2;weak_xr_or_state_hits_2;strong_pose_or_ray_construction_hits_2;functionality_eye_api_context_without_clear_sink_hits_2","C:\realDesktop\manifest-evaluations\summer-26\ghidra-pipeline\il2cpp-files\vrfs\general-structure-results\70_high_framework_support_only_high\024d2aa8_System.Array$$InternalArray__IReadOnlyList_get_Item_OVRPlugin.SpaceQueryResult_.c"
"System.Array$$InternalArray__IReadOnlyList_get_Item<OVRPlugin.Qpl.Annotation>","024d8230","87","70_high_framework_support_only_high","uncertain","framework_support_only","framework_or_engine_namespace","setup_only","eye_source;weak_source_state;validity_gate;pose_vector;paired_state_refs","strong_eye_source_hits_2;weak_xr_or_state_hits_2;validity_or_gating_hits_10;strong_pose_or_ray_construction_hits_2;paired_field_refs_with_eye_source;negative_framework_support_context_without_confirmed_app_level_gaze_flow;functionality_eye_api_context_without_clear_sink_hits_2","C:\realDesktop\manifest-evaluations\summer-26\ghidra-pipeline\il2cpp-files\vrfs\general-structure-results\70_high_framework_support_only_high\024d8230_System.Array$$InternalArray__IReadOnlyList_get_Item_OVRPlugin.Qpl.Annotation_.c"
"OVRTelemetry$$GetPlayModeOrigin","025221cc","80","70_high_general_structure_review_high","no","unrelated_or_generic_structure","app_or_custom_namespace","data_collection_or_telemetry","validity_gate;pose_vector;paired_state_refs;telemetry","validity_or_gating_hits_17;strong_pose_or_ray_construction_hits_2;paired_field_refs_with_structure_only;telemetry_or_network_hits_2;functionality_data_collection_or_telemetry_hits_2","C:\realDesktop\manifest-evaluations\summer-26\ghidra-pipeline\il2cpp-files\vrfs\general-structure-results\70_high_general_structure_review_high\025221cc_OVRTelemetry$$GetPlayModeOrigin.c"
"OVRTelemetry$$AddPlayModeOrigin","02522254","80","70_high_general_structure_review_high","no","unrelated_or_generic_structure","app_or_custom_namespace","data_collection_or_telemetry","validity_gate;pose_vector;paired_state_refs;telemetry","validity_or_gating_hits_16;strong_pose_or_ray_construction_hits_2;paired_field_refs_with_structure_only;telemetry_or_network_hits_2;functionality_data_collection_or_telemetry_hits_2","C:\realDesktop\manifest-evaluations\summer-26\ghidra-pipeline\il2cpp-files\vrfs\general-structure-results\70_high_general_structure_review_high\02522254_OVRTelemetry$$AddPlayModeOrigin.c"
"OVRTelemetryConstants.OVRManager$$.cctor","0252283c","85","70_high_uncertain_gaze_or_xr_structure_high","uncertain","eye_tracking_capability_present","app_or_custom_namespace","data_collection_or_telemetry","eye_source;weak_source_state;telemetry","strong_eye_source_hits_2;weak_xr_or_state_hits_2;telemetry_or_network_hits_2;functionality_data_collection_or_telemetry_hits_2","C:\realDesktop\manifest-evaluations\summer-26\ghidra-pipeline\il2cpp-files\vrfs\general-structure-results\70_high_uncertain_gaze_or_xr_structure_high\0252283c_OVRTelemetryConstants.OVRManager$$.cctor.c"
"Meta.XR.MultiplayerBlocks.Colocation.AutomaticColocationLauncher$$ShareAndLocalizeAnchor","02532798","72","70_high_uncertain_eye_setup_high","uncertain","eye_tracking_capability_present","app_or_custom_namespace","setup_only","eye_source;validity_gate;paired_state_refs","strong_eye_source_hits_1;validity_or_gating_hits_8;paired_field_refs_with_eye_source;functionality_eye_api_context_without_clear_sink_hits_1","C:\realDesktop\manifest-evaluations\summer-26\ghidra-pipeline\il2cpp-files\vrfs\general-structure-results\70_high_uncertain_eye_setup_high\02532798_Meta.XR.MultiplayerBlocks.Colocation.AutomaticColocationLauncher$$ShareAndLocalizeAnchor.c"
"Meta.XR.MultiplayerBlocks.Colocation.AutomaticColocationLauncher$$SendAnchorShareRequest","02532864","104","90_plus_uncertain_gaze_or_xr_structure_near_certain","uncertain","eye_tracking_capability_present","app_or_custom_namespace","data_collection_or_telemetry","eye_source;validity_gate;paired_state_refs;telemetry","strong_eye_source_hits_1;validity_or_gating_hits_7;paired_field_refs_with_eye_source;telemetry_or_network_hits_2;functionality_data_collection_or_telemetry_hits_2","C:\realDesktop\manifest-evaluations\summer-26\ghidra-pipeline\il2cpp-files\vrfs\general-structure-results\90_plus_uncertain_gaze_or_xr_structure_near_certain\02532864_Meta.XR.MultiplayerBlocks.Colocation.AutomaticColocationLauncher$$SendAnchorShareRequest.c"
"Meta.XR.MultiplayerBlocks.Colocation.AutomaticColocationLauncher$$OnAnchorShareRequestReceived","02532d54","83","70_high_uncertain_gaze_or_xr_structure_high","uncertain","eye_tracking_capability_present","app_or_custom_namespace","data_collection_or_telemetry","eye_source;validity_gate;telemetry","strong_eye_source_hits_1;validity_or_gating_hits_1;telemetry_or_network_hits_2;functionality_data_collection_or_telemetry_hits_2","C:\realDesktop\manifest-evaluations\summer-26\ghidra-pipeline\il2cpp-files\vrfs\general-structure-results\70_high_uncertain_gaze_or_xr_structure_high\02532d54_Meta.XR.MultiplayerBlocks.Colocation.AutomaticColocationLauncher$$OnAnchorShareRequestReceived.c"
"Meta.XR.MultiplayerBlocks.Colocation.AutomaticColocationLauncher$$OnAnchorShareRequestCompleted","02532e20","70","70_high_uncertain_gaze_or_xr_structure_high","uncertain","eye_tracking_capability_present","app_or_custom_namespace","data_collection_or_telemetry","eye_source;telemetry","strong_eye_source_hits_1;telemetry_or_network_hits_2;functionality_data_collection_or_telemetry_hits_2","C:\realDesktop\manifest-evaluations\summer-26\ghidra-pipeline\il2cpp-files\vrfs\general-structure-results\70_high_uncertain_gaze_or_xr_structure_high\02532e20_Meta.XR.MultiplayerBlocks.Colocation.AutomaticColocationLauncher$$OnAnchorShareRequestCompleted.c"
"Meta.XR.MultiplayerBlocks.Colocation.AutomaticColocationLauncher$$CreateAlignmentAnchor","02533188","72","70_high_uncertain_eye_setup_high","uncertain","eye_tracking_capability_present","app_or_custom_namespace","setup_only","eye_source;validity_gate;paired_state_refs","strong_eye_source_hits_1;validity_or_gating_hits_6;paired_field_refs_with_eye_source;functionality_eye_api_context_without_clear_sink_hits_1","C:\realDesktop\manifest-evaluations\summer-26\ghidra-pipeline\il2cpp-files\vrfs\general-structure-results\70_high_uncertain_eye_setup_high\02533188_Meta.XR.MultiplayerBlocks.Colocation.AutomaticColocationLauncher$$CreateAlignmentAnchor.c"
"Meta.XR.MultiplayerBlocks.Colocation.Player$$.ctor","025337d8","72","70_high_uncertain_eye_setup_high","uncertain","eye_tracking_capability_present","app_or_custom_namespace","setup_only","eye_source;validity_gate;paired_state_refs","strong_eye_source_hits_1;validity_or_gating_hits_14;paired_field_refs_with_eye_source;functionality_eye_api_context_without_clear_sink_hits_1","C:\realDesktop\manifest-evaluations\summer-26\ghidra-pipeline\il2cpp-files\vrfs\general-structure-results\70_high_uncertain_eye_setup_high\025337d8_Meta.XR.MultiplayerBlocks.Colocation.Player$$.ctor.c"
"Meta.XR.MultiplayerBlocks.Colocation.AutomaticColocationLauncher.<ColocateAutomaticallyInternal>d__19$$SetStateMachine","025337e4","72","70_high_uncertain_eye_setup_high","uncertain","eye_tracking_capability_present","app_or_custom_namespace","setup_only","eye_source;validity_gate;paired_state_refs","strong_eye_source_hits_1;validity_or_gating_hits_14;paired_field_refs_with_eye_source;functionality_eye_api_context_without_clear_sink_hits_1","C:\realDesktop\manifest-evaluations\summer-26\ghidra-pipeline\il2cpp-files\vrfs\general-structure-results\70_high_uncertain_eye_setup_high\025337e4_Meta.XR.MultiplayerBlocks.Colocation.AutomaticColocationLauncher._ColocateAutomaticallyInternal_d__19$$SetStateMachine.c"
"Meta.XR.MultiplayerBlocks.Colocation.AutomaticColocationLauncher.<ColocateByPlayerWithOculusIdInternal>d__20$$MoveNext","025337f0","72","70_high_uncertain_eye_setup_high","uncertain","eye_tracking_capability_present","app_or_custom_namespace","setup_only","eye_source;validity_gate;paired_state_refs","strong_eye_source_hits_1;validity_or_gating_hits_15;paired_field_refs_with_eye_source;functionality_eye_api_context_without_clear_sink_hits_1","C:\realDesktop\manifest-evaluations\summer-26\ghidra-pipeline\il2cpp-files\vrfs\general-structure-results\70_high_uncertain_eye_setup_high\025337f0_Meta.XR.MultiplayerBlocks.Colocation.AutomaticColocationLauncher._ColocateByPlayerWithOculusIdInternal_d__20$$MoveNext.c"
"Meta.XR.MultiplayerBlocks.Colocation.AutomaticColocationLauncher.<OnAnchorShareRequestReceived>d__28$$MoveNext","02534148","70","70_high_uncertain_gaze_or_xr_structure_high","uncertain","eye_tracking_capability_present","app_or_custom_namespace","data_collection_or_telemetry","eye_source;telemetry","strong_eye_source_hits_1;telemetry_or_network_hits_2;functionality_data_collection_or_telemetry_hits_2","C:\realDesktop\manifest-evaluations\summer-26\ghidra-pipeline\il2cpp-files\vrfs\general-structure-results\70_high_uncertain_gaze_or_xr_structure_high\02534148_Meta.XR.MultiplayerBlocks.Colocation.AutomaticColocationLauncher._OnAnchorShareRequestReceived_d__28$$MoveNext.c"
"Meta.XR.MultiplayerBlocks.Colocation.AutomaticColocationLauncher.<OnAnchorShareRequestReceived>d__28$$SetStateMachine","025347a4","86","70_high_uncertain_gaze_or_xr_structure_high","uncertain","eye_tracking_capability_present","app_or_custom_namespace","data_collection_or_telemetry","eye_source;validity_gate;telemetry","strong_eye_source_hits_1;validity_or_gating_hits_2;telemetry_or_network_hits_2;functionality_data_collection_or_telemetry_hits_2","C:\realDesktop\manifest-evaluations\summer-26\ghidra-pipeline\il2cpp-files\vrfs\general-structure-results\70_high_uncertain_gaze_or_xr_structure_high\025347a4_Meta.XR.MultiplayerBlocks.Colocation.AutomaticColocationLauncher._OnAnchorShareRequestReceived_d__28$$SetStateMachine.c"
"FUN_0254a774","0254a774","85","70_high_general_structure_review_high","no","unrelated_or_generic_structure","app_or_custom_namespace","","validity_gate;pose_vector;paired_state_refs;telemetry","validity_or_gating_hits_5;strong_pose_or_ray_construction_hits_2;paired_field_refs_with_structure_only;telemetry_or_network_hits_3","C:\realDesktop\manifest-evaluations\summer-26\ghidra-pipeline\il2cpp-files\vrfs\general-structure-results\70_high_general_structure_review_high\0254a774_FUN_0254a774.c"
"Oculus.Platform.CAPI$$ovr_CowatchViewerArray_GetElement","0254a7bc","85","70_high_general_structure_review_high","no","unrelated_or_generic_structure","app_or_custom_namespace","","validity_gate;pose_vector;paired_state_refs;telemetry","validity_or_gating_hits_5;strong_pose_or_ray_construction_hits_2;paired_field_refs_with_structure_only;telemetry_or_network_hits_3","C:\realDesktop\manifest-evaluations\summer-26\ghidra-pipeline\il2cpp-files\vrfs\general-structure-results\70_high_general_structure_review_high\0254a7bc_Oculus.Platform.CAPI$$ovr_CowatchViewerArray_GetElement.c"
"Oculus.Platform.CAPI$$ovr_CowatchViewerArray_GetNextUrl","0254a840","85","70_high_general_structure_review_high","no","unrelated_or_generic_structure","app_or_custom_namespace","","validity_gate;pose_vector;paired_state_refs;telemetry","validity_or_gating_hits_4;strong_pose_or_ray_construction_hits_2;paired_field_refs_with_structure_only;telemetry_or_network_hits_3","C:\realDesktop\manifest-evaluations\summer-26\ghidra-pipeline\il2cpp-files\vrfs\general-structure-results\70_high_general_structure_review_high\0254a840_Oculus.Platform.CAPI$$ovr_CowatchViewerArray_GetNextUrl.c"
"Oculus.Platform.CAPI$$ovr_Message_GetNetSyncSessionArray","0254fdb8","82","70_high_general_structure_review_high","no","unrelated_or_generic_structure","app_or_custom_namespace","","validity_gate;pose_vector;telemetry","validity_or_gating_hits_7;strong_pose_or_ray_construction_hits_4;telemetry_or_network_hits_2","C:\realDesktop\manifest-evaluations\summer-26\ghidra-pipeline\il2cpp-files\vrfs\general-structure-results\70_high_general_structure_review_high\0254fdb8_Oculus.Platform.CAPI$$ovr_Message_GetNetSyncSessionArray.c"
"System.Array.EmptyInternalEnumerator<OVRPassthroughLayer.SerializedSurfaceGeometry>$$Dispose","0265bd5c","82","70_high_general_structure_review_high","no","unrelated_or_generic_structure","framework_namespace_with_project_hint","","validity_gate;pose_vector;telemetry","validity_or_gating_hits_21;strong_pose_or_ray_construction_hits_4;telemetry_or_network_hits_2","C:\realDesktop\manifest-evaluations\summer-26\ghidra-pipeline\il2cpp-files\vrfs\general-structure-results\70_high_general_structure_review_high\0265bd5c_System.Array.EmptyInternalEnumerator_OVRPassthroughLayer.SerializedSurfaceGeometry_$$Dispose.c"
"System.Array.EmptyInternalEnumerator<OVRPassthroughLayer.SerializedSurfaceGeometry>$$MoveNext","0265bd60","74","70_high_general_structure_review_high","no","unrelated_or_generic_structure","framework_namespace_with_project_hint","","validity_gate;pose_vector;telemetry","validity_or_gating_hits_21;strong_pose_or_ray_construction_hits_2;telemetry_or_network_hits_2","C:\realDesktop\manifest-evaluations\summer-26\ghidra-pipeline\il2cpp-files\vrfs\general-structure-results\70_high_general_structure_review_high\0265bd60_System.Array.EmptyInternalEnumerator_OVRPassthroughLayer.SerializedSurfaceGeometry_$$MoveNext.c"
"System.Array.EmptyInternalEnumerator<OVRPassthroughLayer.SerializedSurfaceGeometry>$$get_Current","0265bd68","74","70_high_general_structure_review_high","no","unrelated_or_generic_structure","framework_namespace_with_project_hint","","validity_gate;pose_vector;telemetry","validity_or_gating_hits_21;strong_pose_or_ray_construction_hits_2;telemetry_or_network_hits_2","C:\realDesktop\manifest-evaluations\summer-26\ghidra-pipeline\il2cpp-files\vrfs\general-structure-results\70_high_general_structure_review_high\0265bd68_System.Array.EmptyInternalEnumerator_OVRPassthroughLayer.SerializedSurfaceGeometry_$$get_Current.c"
"System.Array.EmptyInternalEnumerator<OVRPassthroughLayer.SerializedSurfaceGeometry>$$System.Collections.IEnumerator.get_Current","0265bdb8","74","70_high_general_structure_review_high","no","unrelated_or_generic_structure","framework_namespace_with_project_hint","","validity_gate;pose_vector;telemetry","validity_or_gating_hits_21;strong_pose_or_ray_construction_hits_2;telemetry_or_network_hits_2","C:\realDesktop\manifest-evaluations\summer-26\ghidra-pipeline\il2cpp-files\vrfs\general-structure-results\70_high_general_structure_review_high\0265bdb8_System.Array.EmptyInternalEnumerator_OVRPassthroughLayer.SerializedSurfaceGeometry_$$System.Collections.IEnumerator.get_Current.c"
"System.Array.EmptyInternalEnumerator<OVRPassthroughLayer.SerializedSurfaceGeometry>$$System.Collections.IEnumerator.Reset","0265be08","74","70_high_general_structure_review_high","no","unrelated_or_generic_structure","framework_namespace_with_project_hint","","validity_gate;pose_vector;telemetry","validity_or_gating_hits_4;strong_pose_or_ray_construction_hits_2;telemetry_or_network_hits_2","C:\realDesktop\manifest-evaluations\summer-26\ghidra-pipeline\il2cpp-files\vrfs\general-structure-results\70_high_general_structure_review_high\0265be08_System.Array.EmptyInternalEnumerator_OVRPassthroughLayer.SerializedSurfaceGeometry_$$System.Collections.IEnumerator.Reset.c"
"System.Array.EmptyInternalEnumerator<OVRPassthroughLayer.SerializedSurfaceGeometry>$$.ctor","0265be0c","71","70_high_general_structure_review_high","no","unrelated_or_generic_structure","framework_namespace_with_project_hint","","validity_gate;pose_vector;telemetry","validity_or_gating_hits_3;strong_pose_or_ray_construction_hits_2;telemetry_or_network_hits_2","C:\realDesktop\manifest-evaluations\summer-26\ghidra-pipeline\il2cpp-files\vrfs\general-structure-results\70_high_general_structure_review_high\0265be0c_System.Array.EmptyInternalEnumerator_OVRPassthroughLayer.SerializedSurfaceGeometry_$$.ctor.c"
"System.Array.EmptyInternalEnumerator<OVRPassthroughLayer.SerializedSurfaceGeometry>$$.cctor","0265be14","71","70_high_general_structure_review_high","no","unrelated_or_generic_structure","framework_namespace_with_project_hint","","validity_gate;pose_vector;telemetry","validity_or_gating_hits_3;strong_pose_or_ray_construction_hits_2;telemetry_or_network_hits_2","C:\realDesktop\manifest-evaluations\summer-26\ghidra-pipeline\il2cpp-files\vrfs\general-structure-results\70_high_general_structure_review_high\0265be14_System.Array.EmptyInternalEnumerator_OVRPassthroughLayer.SerializedSurfaceGeometry_$$.cctor.c"
"System.Array.EmptyInternalEnumerator<OVRPlugin.AppPerfFrameStats>$$Dispose","0265bf08","83","70_high_framework_support_only_high","uncertain","framework_support_only","framework_or_engine_namespace","setup_only","eye_source;weak_source_state;validity_gate;pose_vector","strong_eye_source_hits_2;weak_xr_or_state_hits_2;validity_or_gating_hits_14;strong_pose_or_ray_construction_hits_4;negative_framework_support_context_without_confirmed_app_level_gaze_flow;functionality_eye_api_context_without_clear_sink_hits_2","C:\realDesktop\manifest-evaluations\summer-26\ghidra-pipeline\il2cpp-files\vrfs\general-structure-results\70_high_framework_support_only_high\0265bf08_System.Array.EmptyInternalEnumerator_OVRPlugin.AppPerfFrameStats_$$Dispose.c"
"System.Array.EmptyInternalEnumerator<OVRPlugin.AppPerfFrameStats>$$MoveNext","0265bf0c","75","70_high_framework_support_only_high","uncertain","framework_support_only","framework_or_engine_namespace","setup_only","eye_source;weak_source_state;validity_gate;pose_vector","strong_eye_source_hits_2;weak_xr_or_state_hits_2;validity_or_gating_hits_15;strong_pose_or_ray_construction_hits_2;negative_framework_support_context_without_confirmed_app_level_gaze_flow;functionality_eye_api_context_without_clear_sink_hits_2","C:\realDesktop\manifest-evaluations\summer-26\ghidra-pipeline\il2cpp-files\vrfs\general-structure-results\70_high_framework_support_only_high\0265bf0c_System.Array.EmptyInternalEnumerator_OVRPlugin.AppPerfFrameStats_$$MoveNext.c"
"System.Array.EmptyInternalEnumerator<OVRPlugin.AppPerfFrameStats>$$get_Current","0265bf14","75","70_high_framework_support_only_high","uncertain","framework_support_only","framework_or_engine_namespace","setup_only","eye_source;weak_source_state;validity_gate;pose_vector","strong_eye_source_hits_2;weak_xr_or_state_hits_2;validity_or_gating_hits_6;strong_pose_or_ray_construction_hits_2;negative_framework_support_context_without_confirmed_app_level_gaze_flow;functionality_eye_api_context_without_clear_sink_hits_2","C:\realDesktop\manifest-evaluations\summer-26\ghidra-pipeline\il2cpp-files\vrfs\general-structure-results\70_high_framework_support_only_high\0265bf14_System.Array.EmptyInternalEnumerator_OVRPlugin.AppPerfFrameStats_$$get_Current.c"
"System.Array.EmptyInternalEnumerator<OVRPlugin.AppPerfFrameStats>$$System.Collections.IEnumerator.get_Current","0265bf64","72","70_high_framework_support_only_high","uncertain","framework_support_only","framework_or_engine_namespace","setup_only","eye_source;weak_source_state;validity_gate;pose_vector","strong_eye_source_hits_2;weak_xr_or_state_hits_2;validity_or_gating_hits_3;strong_pose_or_ray_construction_hits_2;negative_framework_support_context_without_confirmed_app_level_gaze_flow;functionality_eye_api_context_without_clear_sink_hits_2","C:\realDesktop\manifest-evaluations\summer-26\ghidra-pipeline\il2cpp-files\vrfs\general-structure-results\70_high_framework_support_only_high\0265bf64_System.Array.EmptyInternalEnumerator_OVRPlugin.AppPerfFrameStats_$$System.Collections.IEnumerator.get_Current.c"
"System.Array.EmptyInternalEnumerator<OVRPlugin.AppPerfFrameStats>$$System.Collections.IEnumerator.Reset","0265bfd8","75","70_high_framework_support_only_high","uncertain","framework_support_only","framework_or_engine_namespace","setup_only","eye_source;weak_source_state;validity_gate;pose_vector","strong_eye_source_hits_2;weak_xr_or_state_hits_2;validity_or_gating_hits_8;strong_pose_or_ray_construction_hits_2;negative_framework_support_context_without_confirmed_app_level_gaze_flow;functionality_eye_api_context_without_clear_sink_hits_2","C:\realDesktop\manifest-evaluations\summer-26\ghidra-pipeline\il2cpp-files\vrfs\general-structure-results\70_high_framework_support_only_high\0265bfd8_System.Array.EmptyInternalEnumerator_OVRPlugin.AppPerfFrameStats_$$System.Collections.IEnumerator.Reset.c"
"System.Array.EmptyInternalEnumerator<OVRPlugin.AppPerfFrameStats>$$.ctor","0265bfdc","75","70_high_framework_support_only_high","uncertain","framework_support_only","framework_or_engine_namespace","setup_only","eye_source;weak_source_state;validity_gate;pose_vector","strong_eye_source_hits_2;weak_xr_or_state_hits_2;validity_or_gating_hits_7;strong_pose_or_ray_construction_hits_2;negative_framework_support_context_without_confirmed_app_level_gaze_flow;functionality_eye_api_context_without_clear_sink_hits_2","C:\realDesktop\manifest-evaluations\summer-26\ghidra-pipeline\il2cpp-files\vrfs\general-structure-results\70_high_framework_support_only_high\0265bfdc_System.Array.EmptyInternalEnumerator_OVRPlugin.AppPerfFrameStats_$$.ctor.c"
"System.Array.EmptyInternalEnumerator<OVRPlugin.AppPerfFrameStats>$$.cctor","0265bfe4","72","70_high_framework_support_only_high","uncertain","framework_support_only","framework_or_engine_namespace","setup_only","eye_source;weak_source_state;validity_gate;pose_vector","strong_eye_source_hits_2;weak_xr_or_state_hits_2;validity_or_gating_hits_3;strong_pose_or_ray_construction_hits_2;negative_framework_support_context_without_confirmed_app_level_gaze_flow;functionality_eye_api_context_without_clear_sink_hits_2","C:\realDesktop\manifest-evaluations\summer-26\ghidra-pipeline\il2cpp-files\vrfs\general-structure-results\70_high_framework_support_only_high\0265bfe4_System.Array.EmptyInternalEnumerator_OVRPlugin.AppPerfFrameStats_$$.cctor.c"
"System.Array.EmptyInternalEnumerator<OVRPlugin.BodyJointLocation>$$Dispose","0265c0d8","80","70_high_framework_support_only_high","uncertain","framework_support_only","framework_or_engine_namespace","setup_only","eye_source;weak_source_state;validity_gate;pose_vector","strong_eye_source_hits_2;weak_xr_or_state_hits_2;validity_or_gating_hits_3;strong_pose_or_ray_construction_hits_4;negative_framework_support_context_without_confirmed_app_level_gaze_flow;functionality_eye_api_context_without_clear_sink_hits_2","C:\realDesktop\manifest-evaluations\summer-26\ghidra-pipeline\il2cpp-files\vrfs\general-structure-results\70_high_framework_support_only_high\0265c0d8_System.Array.EmptyInternalEnumerator_OVRPlugin.BodyJointLocation_$$Dispose.c"
"System.Array.EmptyInternalEnumerator<OVRPlugin.BodyJointLocation>$$MoveNext","0265c0dc","72","70_high_framework_support_only_high","uncertain","framework_support_only","framework_or_engine_namespace","setup_only","eye_source;weak_source_state;validity_gate;pose_vector","strong_eye_source_hits_2;weak_xr_or_state_hits_2;validity_or_gating_hits_3;strong_pose_or_ray_construction_hits_2;negative_framework_support_context_without_confirmed_app_level_gaze_flow;functionality_eye_api_context_without_clear_sink_hits_2","C:\realDesktop\manifest-evaluations\summer-26\ghidra-pipeline\il2cpp-files\vrfs\general-structure-results\70_high_framework_support_only_high\0265c0dc_System.Array.EmptyInternalEnumerator_OVRPlugin.BodyJointLocation_$$MoveNext.c"
"System.Array.EmptyInternalEnumerator<OVRPlugin.BodyJointLocation>$$System.Collections.IEnumerator.get_Current","0265c134","72","70_high_framework_support_only_high","uncertain","framework_support_only","framework_or_engine_namespace","setup_only","eye_source;weak_source_state;validity_gate;pose_vector","strong_eye_source_hits_2;weak_xr_or_state_hits_2;validity_or_gating_hits_3;strong_pose_or_ray_construction_hits_2;negative_framework_support_context_without_confirmed_app_level_gaze_flow;functionality_eye_api_context_without_clear_sink_hits_2","C:\realDesktop\manifest-evaluations\summer-26\ghidra-pipeline\il2cpp-files\vrfs\general-structure-results\70_high_framework_support_only_high\0265c134_System.Array.EmptyInternalEnumerator_OVRPlugin.BodyJointLocation_$$System.Collections.IEnumerator.get_Current.c"
"System.Array.EmptyInternalEnumerator<OVRPlugin.Bone>$$Dispose","0265c29c","74","70_high_framework_support_only_high","uncertain","framework_support_only","framework_or_engine_namespace","setup_only","eye_source;weak_source_state;validity_gate;pose_vector","strong_eye_source_hits_2;weak_xr_or_state_hits_2;validity_or_gating_hits_1;strong_pose_or_ray_construction_hits_4;negative_framework_support_context_without_confirmed_app_level_gaze_flow;functionality_eye_api_context_without_clear_sink_hits_2","C:\realDesktop\manifest-evaluations\summer-26\ghidra-pipeline\il2cpp-files\vrfs\general-structure-results\70_high_framework_support_only_high\0265c29c_System.Array.EmptyInternalEnumerator_OVRPlugin.Bone_$$Dispose.c"
"System.Array.EmptyInternalEnumerator<OVRPlugin.Bone>$$System.Collections.IEnumerator.Reset","0265c360","72","70_high_framework_support_only_high","uncertain","framework_support_only","framework_or_engine_namespace","setup_only","eye_source;weak_source_state;validity_gate;pose_vector","strong_eye_source_hits_2;weak_xr_or_state_hits_2;validity_or_gating_hits_3;strong_pose_or_ray_construction_hits_2;negative_framework_support_context_without_confirmed_app_level_gaze_flow;functionality_eye_api_context_without_clear_sink_hits_2","C:\realDesktop\manifest-evaluations\summer-26\ghidra-pipeline\il2cpp-files\vrfs\general-structure-results\70_high_framework_support_only_high\0265c360_System.Array.EmptyInternalEnumerator_OVRPlugin.Bone_$$System.Collections.IEnumerator.Reset.c"
"System.Array.EmptyInternalEnumerator<OVRPlugin.EyeGazeState>$$Dispose","0265c618","166","90_plus_confirmed_gaze_retrieval_near_certain","yes","active_eye_tracking_runtime_retrieval","framework_or_engine_namespace","gaze_retrieval","eye_source;weak_source_state;validity_gate;pose_vector;paired_state_refs;attempted_use;active_gaze_retrieval","strong_eye_source_hits_4;weak_xr_or_state_hits_2;validity_or_gating_hits_1;strong_pose_or_ray_construction_hits_4;paired_field_refs_with_eye_source;attempted_eye_tracking_permission_or_feature_enable;active_gaze_state_retrieval_with_validity_and_pose;functionality_gaze_retrieval_or_extraction","C:\realDesktop\manifest-evaluations\summer-26\ghidra-pipeline\il2cpp-files\vrfs\general-structure-results\90_plus_confirmed_gaze_retrieval_near_certain\0265c618_System.Array.EmptyInternalEnumerator_OVRPlugin.EyeGazeState_$$Dispose.c"
"System.Array.EmptyInternalEnumerator<OVRPlugin.EyeGazeState>$$MoveNext","0265c61c","158","90_plus_confirmed_gaze_retrieval_near_certain","yes","active_eye_tracking_runtime_retrieval","framework_or_engine_namespace","gaze_retrieval","eye_source;weak_source_state;validity_gate;pose_vector;paired_state_refs;attempted_use;active_gaze_retrieval","strong_eye_source_hits_4;weak_xr_or_state_hits_2;validity_or_gating_hits_1;strong_pose_or_ray_construction_hits_2;paired_field_refs_with_eye_source;attempted_eye_tracking_permission_or_feature_enable;active_gaze_state_retrieval_with_validity_and_pose;functionality_gaze_retrieval_or_extraction","C:\realDesktop\manifest-evaluations\summer-26\ghidra-pipeline\il2cpp-files\vrfs\general-structure-results\90_plus_confirmed_gaze_retrieval_near_certain\0265c61c_System.Array.EmptyInternalEnumerator_OVRPlugin.EyeGazeState_$$MoveNext.c"
"System.Array.EmptyInternalEnumerator<OVRPlugin.EyeGazeState>$$get_Current","0265c624","158","90_plus_confirmed_gaze_retrieval_near_certain","yes","active_eye_tracking_runtime_retrieval","framework_or_engine_namespace","gaze_retrieval","eye_source;weak_source_state;validity_gate;pose_vector;paired_state_refs;attempted_use;active_gaze_retrieval","strong_eye_source_hits_4;weak_xr_or_state_hits_2;validity_or_gating_hits_1;strong_pose_or_ray_construction_hits_2;paired_field_refs_with_eye_source;attempted_eye_tracking_permission_or_feature_enable;active_gaze_state_retrieval_with_validity_and_pose;functionality_gaze_retrieval_or_extraction","C:\realDesktop\manifest-evaluations\summer-26\ghidra-pipeline\il2cpp-files\vrfs\general-structure-results\90_plus_confirmed_gaze_retrieval_near_certain\0265c624_System.Array.EmptyInternalEnumerator_OVRPlugin.EyeGazeState_$$get_Current.c"
"System.Array.EmptyInternalEnumerator<OVRPlugin.EyeGazeState>$$System.Collections.IEnumerator.get_Current","0265c674","79","70_high_framework_eye_tracking_support_or_permission_path_high","uncertain","framework_eye_tracking_support_or_permission_path","framework_or_engine_namespace","gaze_retrieval;attempted_eye_tracking_use","eye_source;weak_source_state;pose_vector;attempted_use","strong_eye_source_hits_4;weak_xr_or_state_hits_2;strong_pose_or_ray_construction_hits_2;attempted_eye_tracking_permission_or_feature_enable;negative_framework_support_context_without_confirmed_app_level_gaze_flow;functionality_gaze_retrieval_or_extraction","C:\realDesktop\manifest-evaluations\summer-26\ghidra-pipeline\il2cpp-files\vrfs\general-structure-results\70_high_framework_eye_tracking_support_or_permission_path_high\0265c674_System.Array.EmptyInternalEnumerator_OVRPlugin.EyeGazeState_$$System.Collections.IEnumerator.get_Current.c"
"System.Array.EmptyInternalEnumerator<OVRPlugin.EyeGazeState>$$System.Collections.IEnumerator.Reset","0265c6dc","79","70_high_framework_eye_tracking_support_or_permission_path_high","uncertain","framework_eye_tracking_support_or_permission_path","framework_or_engine_namespace","gaze_retrieval;attempted_eye_tracking_use","eye_source;weak_source_state;pose_vector;attempted_use","strong_eye_source_hits_4;weak_xr_or_state_hits_2;strong_pose_or_ray_construction_hits_2;attempted_eye_tracking_permission_or_feature_enable;negative_framework_support_context_without_confirmed_app_level_gaze_flow;functionality_gaze_retrieval_or_extraction","C:\realDesktop\manifest-evaluations\summer-26\ghidra-pipeline\il2cpp-files\vrfs\general-structure-results\70_high_framework_eye_tracking_support_or_permission_path_high\0265c6dc_System.Array.EmptyInternalEnumerator_OVRPlugin.EyeGazeState_$$System.Collections.IEnumerator.Reset.c"
"System.Array.EmptyInternalEnumerator<OVRPlugin.EyeGazeState>$$.ctor","0265c6e0","79","70_high_framework_eye_tracking_support_or_permission_path_high","uncertain","framework_eye_tracking_support_or_permission_path","framework_or_engine_namespace","gaze_retrieval;attempted_eye_tracking_use","eye_source;weak_source_state;pose_vector;attempted_use","strong_eye_source_hits_4;weak_xr_or_state_hits_2;strong_pose_or_ray_construction_hits_2;attempted_eye_tracking_permission_or_feature_enable;negative_framework_support_context_without_confirmed_app_level_gaze_flow;functionality_gaze_retrieval_or_extraction","C:\realDesktop\manifest-evaluations\summer-26\ghidra-pipeline\il2cpp-files\vrfs\general-structure-results\70_high_framework_eye_tracking_support_or_permission_path_high\0265c6e0_System.Array.EmptyInternalEnumerator_OVRPlugin.EyeGazeState_$$.ctor.c"
"System.Array.EmptyInternalEnumerator<OVRPlugin.EyeGazeState>$$.cctor","0265c6e8","79","70_high_framework_eye_tracking_support_or_permission_path_high","uncertain","framework_eye_tracking_support_or_permission_path","framework_or_engine_namespace","gaze_retrieval;attempted_eye_tracking_use","eye_source;weak_source_state;pose_vector;attempted_use","strong_eye_source_hits_4;weak_xr_or_state_hits_2;strong_pose_or_ray_construction_hits_2;attempted_eye_tracking_permission_or_feature_enable;negative_framework_support_context_without_confirmed_app_level_gaze_flow;functionality_gaze_retrieval_or_extraction","C:\realDesktop\manifest-evaluations\summer-26\ghidra-pipeline\il2cpp-files\vrfs\general-structure-results\70_high_framework_eye_tracking_support_or_permission_path_high\0265c6e8_System.Array.EmptyInternalEnumerator_OVRPlugin.EyeGazeState_$$.cctor.c"
"System.Array.EmptyInternalEnumerator<OVRPlugin.Quatf>$$Dispose","0265c7dc","74","70_high_framework_support_only_high","uncertain","framework_support_only","framework_or_engine_namespace","setup_only","eye_source;weak_source_state;validity_gate;pose_vector","strong_eye_source_hits_2;weak_xr_or_state_hits_2;validity_or_gating_hits_1;strong_pose_or_ray_construction_hits_4;negative_framework_support_context_without_confirmed_app_level_gaze_flow;functionality_eye_api_context_without_clear_sink_hits_2","C:\realDesktop\manifest-evaluations\summer-26\ghidra-pipeline\il2cpp-files\vrfs\general-structure-results\70_high_framework_support_only_high\0265c7dc_System.Array.EmptyInternalEnumerator_OVRPlugin.Quatf_$$Dispose.c"
"System.Array.EmptyInternalEnumerator<OVRPlugin.SpaceDiscoveryResult>$$Dispose","0265c98c","81","70_high_framework_support_only_high","uncertain","framework_support_only","framework_namespace_with_project_hint","setup_only","eye_source;weak_source_state;pose_vector","strong_eye_source_hits_2;weak_xr_or_state_hits_2;strong_pose_or_ray_construction_hits_4;functionality_eye_api_context_without_clear_sink_hits_2","C:\realDesktop\manifest-evaluations\summer-26\ghidra-pipeline\il2cpp-files\vrfs\general-structure-results\70_high_framework_support_only_high\0265c98c_System.Array.EmptyInternalEnumerator_OVRPlugin.SpaceDiscoveryResult_$$Dispose.c"
"System.Array.EmptyInternalEnumerator<OVRPlugin.SpaceDiscoveryResult>$$MoveNext","0265c990","73","70_high_framework_support_only_high","uncertain","framework_support_only","framework_namespace_with_project_hint","setup_only","eye_source;weak_source_state;pose_vector","strong_eye_source_hits_2;weak_xr_or_state_hits_2;strong_pose_or_ray_construction_hits_2;functionality_eye_api_context_without_clear_sink_hits_2","C:\realDesktop\manifest-evaluations\summer-26\ghidra-pipeline\il2cpp-files\vrfs\general-structure-results\70_high_framework_support_only_high\0265c990_System.Array.EmptyInternalEnumerator_OVRPlugin.SpaceDiscoveryResult_$$MoveNext.c"
"System.Array.EmptyInternalEnumerator<OVRPlugin.SpaceDiscoveryResult>$$get_Current","0265c998","73","70_high_framework_support_only_high","uncertain","framework_support_only","framework_namespace_with_project_hint","setup_only","eye_source;weak_source_state;pose_vector","strong_eye_source_hits_2;weak_xr_or_state_hits_2;strong_pose_or_ray_construction_hits_2;functionality_eye_api_context_without_clear_sink_hits_2","C:\realDesktop\manifest-evaluations\summer-26\ghidra-pipeline\il2cpp-files\vrfs\general-structure-results\70_high_framework_support_only_high\0265c998_System.Array.EmptyInternalEnumerator_OVRPlugin.SpaceDiscoveryResult_$$get_Current.c"
"System.Array.EmptyInternalEnumerator<OVRPlugin.SpaceDiscoveryResult>$$System.Collections.IEnumerator.get_Current","0265c9e8","86","70_high_framework_support_only_high","uncertain","framework_support_only","framework_namespace_with_project_hint","setup_only","eye_source;weak_source_state;validity_gate;pose_vector","strong_eye_source_hits_2;weak_xr_or_state_hits_2;validity_or_gating_hits_1;strong_pose_or_ray_construction_hits_2;functionality_eye_api_context_without_clear_sink_hits_2","C:\realDesktop\manifest-evaluations\summer-26\ghidra-pipeline\il2cpp-files\vrfs\general-structure-results\70_high_framework_support_only_high\0265c9e8_System.Array.EmptyInternalEnumerator_OVRPlugin.SpaceDiscoveryResult_$$System.Collections.IEnumerator.get_Current.c"
"System.Array.EmptyInternalEnumerator<OVRPlugin.SpaceDiscoveryResult>$$System.Collections.IEnumerator.Reset","0265ca50","73","70_high_framework_support_only_high","uncertain","framework_support_only","framework_namespace_with_project_hint","setup_only","eye_source;weak_source_state;pose_vector","strong_eye_source_hits_2;weak_xr_or_state_hits_2;strong_pose_or_ray_construction_hits_2;functionality_eye_api_context_without_clear_sink_hits_2","C:\realDesktop\manifest-evaluations\summer-26\ghidra-pipeline\il2cpp-files\vrfs\general-structure-results\70_high_framework_support_only_high\0265ca50_System.Array.EmptyInternalEnumerator_OVRPlugin.SpaceDiscoveryResult_$$System.Collections.IEnumerator.Reset.c"
"System.Array.EmptyInternalEnumerator<OVRPlugin.SpaceDiscoveryResult>$$.ctor","0265ca54","73","70_high_framework_support_only_high","uncertain","framework_support_only","framework_namespace_with_project_hint","setup_only","eye_source;weak_source_state;pose_vector","strong_eye_source_hits_2;weak_xr_or_state_hits_2;strong_pose_or_ray_construction_hits_2;functionality_eye_api_context_without_clear_sink_hits_2","C:\realDesktop\manifest-evaluations\summer-26\ghidra-pipeline\il2cpp-files\vrfs\general-structure-results\70_high_framework_support_only_high\0265ca54_System.Array.EmptyInternalEnumerator_OVRPlugin.SpaceDiscoveryResult_$$.ctor.c"
"System.Array.EmptyInternalEnumerator<OVRPlugin.SpaceDiscoveryResult>$$.cctor","0265ca5c","73","70_high_framework_support_only_high","uncertain","framework_support_only","framework_namespace_with_project_hint","setup_only","eye_source;weak_source_state;pose_vector","strong_eye_source_hits_2;weak_xr_or_state_hits_2;strong_pose_or_ray_construction_hits_2;functionality_eye_api_context_without_clear_sink_hits_2","C:\realDesktop\manifest-evaluations\summer-26\ghidra-pipeline\il2cpp-files\vrfs\general-structure-results\70_high_framework_support_only_high\0265ca5c_System.Array.EmptyInternalEnumerator_OVRPlugin.SpaceDiscoveryResult_$$.cctor.c"
"System.Array.EmptyInternalEnumerator<OVRPlugin.SpaceQueryResult>$$Dispose","0265cb50","94","90_plus_framework_support_only_near_certain","uncertain","framework_support_only","framework_namespace_with_project_hint","setup_only","eye_source;weak_source_state;validity_gate;pose_vector","strong_eye_source_hits_2;weak_xr_or_state_hits_2;validity_or_gating_hits_1;strong_pose_or_ray_construction_hits_4;functionality_eye_api_context_without_clear_sink_hits_2","C:\realDesktop\manifest-evaluations\summer-26\ghidra-pipeline\il2cpp-files\vrfs\general-structure-results\90_plus_framework_support_only_near_certain\0265cb50_System.Array.EmptyInternalEnumerator_OVRPlugin.SpaceQueryResult_$$Dispose.c"
"System.Array.EmptyInternalEnumerator<OVRPlugin.SpaceQueryResult>$$MoveNext","0265cb54","86","70_high_framework_support_only_high","uncertain","framework_support_only","framework_namespace_with_project_hint","setup_only","eye_source;weak_source_state;validity_gate;pose_vector","strong_eye_source_hits_2;weak_xr_or_state_hits_2;validity_or_gating_hits_1;strong_pose_or_ray_construction_hits_2;functionality_eye_api_context_without_clear_sink_hits_2","C:\realDesktop\manifest-evaluations\summer-26\ghidra-pipeline\il2cpp-files\vrfs\general-structure-results\70_high_framework_support_only_high\0265cb54_System.Array.EmptyInternalEnumerator_OVRPlugin.SpaceQueryResult_$$MoveNext.c"
"System.Array.EmptyInternalEnumerator<OVRPlugin.SpaceQueryResult>$$get_Current","0265cb5c","86","70_high_framework_support_only_high","uncertain","framework_support_only","framework_namespace_with_project_hint","setup_only","eye_source;weak_source_state;validity_gate;pose_vector","strong_eye_source_hits_2;weak_xr_or_state_hits_2;validity_or_gating_hits_1;strong_pose_or_ray_construction_hits_2;functionality_eye_api_context_without_clear_sink_hits_2","C:\realDesktop\manifest-evaluations\summer-26\ghidra-pipeline\il2cpp-files\vrfs\general-structure-results\70_high_framework_support_only_high\0265cb5c_System.Array.EmptyInternalEnumerator_OVRPlugin.SpaceQueryResult_$$get_Current.c"
"System.Array.EmptyInternalEnumerator<OVRPlugin.SpaceQueryResult>$$System.Collections.IEnumerator.get_Current","0265cbac","73","70_high_framework_support_only_high","uncertain","framework_support_only","framework_namespace_with_project_hint","setup_only","eye_source;weak_source_state;pose_vector","strong_eye_source_hits_2;weak_xr_or_state_hits_2;strong_pose_or_ray_construction_hits_2;functionality_eye_api_context_without_clear_sink_hits_2","C:\realDesktop\manifest-evaluations\summer-26\ghidra-pipeline\il2cpp-files\vrfs\general-structure-results\70_high_framework_support_only_high\0265cbac_System.Array.EmptyInternalEnumerator_OVRPlugin.SpaceQueryResult_$$System.Collections.IEnumerator.get_Current.c"
"System.Array.EmptyInternalEnumerator<OVRPlugin.SpaceQueryResult>$$System.Collections.IEnumerator.Reset","0265cc14","95","90_plus_framework_support_only_near_certain","uncertain","framework_support_only","framework_namespace_with_project_hint","setup_only","eye_source;weak_source_state;validity_gate;pose_vector","strong_eye_source_hits_2;weak_xr_or_state_hits_2;validity_or_gating_hits_5;strong_pose_or_ray_construction_hits_2;functionality_eye_api_context_without_clear_sink_hits_2","C:\realDesktop\manifest-evaluations\summer-26\ghidra-pipeline\il2cpp-files\vrfs\general-structure-results\90_plus_framework_support_only_near_certain\0265cc14_System.Array.EmptyInternalEnumerator_OVRPlugin.SpaceQueryResult_$$System.Collections.IEnumerator.Reset.c"
"System.Array.EmptyInternalEnumerator<OVRPlugin.SpaceQueryResult>$$.ctor","0265cc18","95","90_plus_framework_support_only_near_certain","uncertain","framework_support_only","framework_namespace_with_project_hint","setup_only","eye_source;weak_source_state;validity_gate;pose_vector","strong_eye_source_hits_2;weak_xr_or_state_hits_2;validity_or_gating_hits_5;strong_pose_or_ray_construction_hits_2;functionality_eye_api_context_without_clear_sink_hits_2","C:\realDesktop\manifest-evaluations\summer-26\ghidra-pipeline\il2cpp-files\vrfs\general-structure-results\90_plus_framework_support_only_near_certain\0265cc18_System.Array.EmptyInternalEnumerator_OVRPlugin.SpaceQueryResult_$$.ctor.c"
"System.Array.EmptyInternalEnumerator<OVRPlugin.SpaceQueryResult>$$.cctor","0265cc20","95","90_plus_framework_support_only_near_certain","uncertain","framework_support_only","framework_namespace_with_project_hint","setup_only","eye_source;weak_source_state;validity_gate;pose_vector","strong_eye_source_hits_2;weak_xr_or_state_hits_2;validity_or_gating_hits_5;strong_pose_or_ray_construction_hits_2;functionality_eye_api_context_without_clear_sink_hits_2","C:\realDesktop\manifest-evaluations\summer-26\ghidra-pipeline\il2cpp-files\vrfs\general-structure-results\90_plus_framework_support_only_near_certain\0265cc20_System.Array.EmptyInternalEnumerator_OVRPlugin.SpaceQueryResult_$$.cctor.c"
"System.Array.EmptyInternalEnumerator<OVRPlugin.Vector2f>$$Dispose","0265cd14","83","70_high_framework_support_only_high","uncertain","framework_support_only","framework_or_engine_namespace","setup_only","eye_source;weak_source_state;validity_gate;pose_vector","strong_eye_source_hits_2;weak_xr_or_state_hits_2;validity_or_gating_hits_4;strong_pose_or_ray_construction_hits_4;negative_framework_support_context_without_confirmed_app_level_gaze_flow;functionality_eye_api_context_without_clear_sink_hits_2","C:\realDesktop\manifest-evaluations\summer-26\ghidra-pipeline\il2cpp-files\vrfs\general-structure-results\70_high_framework_support_only_high\0265cd14_System.Array.EmptyInternalEnumerator_OVRPlugin.Vector2f_$$Dispose.c"
"System.Array.EmptyInternalEnumerator<OVRPlugin.Vector2f>$$MoveNext","0265cd18","72","70_high_framework_support_only_high","uncertain","framework_support_only","framework_or_engine_namespace","setup_only","eye_source;weak_source_state;validity_gate;pose_vector","strong_eye_source_hits_2;weak_xr_or_state_hits_2;validity_or_gating_hits_3;strong_pose_or_ray_construction_hits_2;negative_framework_support_context_without_confirmed_app_level_gaze_flow;functionality_eye_api_context_without_clear_sink_hits_2","C:\realDesktop\manifest-evaluations\summer-26\ghidra-pipeline\il2cpp-files\vrfs\general-structure-results\70_high_framework_support_only_high\0265cd18_System.Array.EmptyInternalEnumerator_OVRPlugin.Vector2f_$$MoveNext.c"
"System.Array.EmptyInternalEnumerator<OVRPlugin.Vector2f>$$get_Current","0265cd20","72","70_high_framework_support_only_high","uncertain","framework_support_only","framework_or_engine_namespace","setup_only","eye_source;weak_source_state;validity_gate;pose_vector","strong_eye_source_hits_2;weak_xr_or_state_hits_2;validity_or_gating_hits_3;strong_pose_or_ray_construction_hits_2;negative_framework_support_context_without_confirmed_app_level_gaze_flow;functionality_eye_api_context_without_clear_sink_hits_2","C:\realDesktop\manifest-evaluations\summer-26\ghidra-pipeline\il2cpp-files\vrfs\general-structure-results\70_high_framework_support_only_high\0265cd20_System.Array.EmptyInternalEnumerator_OVRPlugin.Vector2f_$$get_Current.c"
"System.Array.EmptyInternalEnumerator<OVRPlugin.Vector2f>$$System.Collections.IEnumerator.get_Current","0265cd70","72","70_high_framework_support_only_high","uncertain","framework_support_only","framework_or_engine_namespace","setup_only","eye_source;weak_source_state;validity_gate;pose_vector","strong_eye_source_hits_2;weak_xr_or_state_hits_2;validity_or_gating_hits_3;strong_pose_or_ray_construction_hits_2;negative_framework_support_context_without_confirmed_app_level_gaze_flow;functionality_eye_api_context_without_clear_sink_hits_2","C:\realDesktop\manifest-evaluations\summer-26\ghidra-pipeline\il2cpp-files\vrfs\general-structure-results\70_high_framework_support_only_high\0265cd70_System.Array.EmptyInternalEnumerator_OVRPlugin.Vector2f_$$System.Collections.IEnumerator.get_Current.c"
"System.Array.EmptyInternalEnumerator<OVRPlugin.Vector3f>$$Dispose","0265cec0","74","70_high_framework_support_only_high","uncertain","framework_support_only","framework_or_engine_namespace","setup_only","eye_source;weak_source_state;validity_gate;pose_vector","strong_eye_source_hits_2;weak_xr_or_state_hits_2;validity_or_gating_hits_1;strong_pose_or_ray_construction_hits_4;negative_framework_support_context_without_confirmed_app_level_gaze_flow;functionality_eye_api_context_without_clear_sink_hits_2","C:\realDesktop\manifest-evaluations\summer-26\ghidra-pipeline\il2cpp-files\vrfs\general-structure-results\70_high_framework_support_only_high\0265cec0_System.Array.EmptyInternalEnumerator_OVRPlugin.Vector3f_$$Dispose.c"
"System.Array.EmptyInternalEnumerator<OVRPlugin.Vector3f>$$System.Collections.IEnumerator.get_Current","0265cf1c","75","70_high_framework_support_only_high","uncertain","framework_support_only","framework_or_engine_namespace","setup_only","eye_source;weak_source_state;validity_gate;pose_vector","strong_eye_source_hits_2;weak_xr_or_state_hits_2;validity_or_gating_hits_5;strong_pose_or_ray_construction_hits_2;negative_framework_support_context_without_confirmed_app_level_gaze_flow;functionality_eye_api_context_without_clear_sink_hits_2","C:\realDesktop\manifest-evaluations\summer-26\ghidra-pipeline\il2cpp-files\vrfs\general-structure-results\70_high_framework_support_only_high\0265cf1c_System.Array.EmptyInternalEnumerator_OVRPlugin.Vector3f_$$System.Collections.IEnumerator.get_Current.c"
"System.Array.EmptyInternalEnumerator<OVRPlugin.Vector3f>$$System.Collections.IEnumerator.Reset","0265cf70","75","70_high_framework_support_only_high","uncertain","framework_support_only","framework_or_engine_namespace","setup_only","eye_source;weak_source_state;validity_gate;pose_vector","strong_eye_source_hits_2;weak_xr_or_state_hits_2;validity_or_gating_hits_5;strong_pose_or_ray_construction_hits_2;negative_framework_support_context_without_confirmed_app_level_gaze_flow;functionality_eye_api_context_without_clear_sink_hits_2","C:\realDesktop\manifest-evaluations\summer-26\ghidra-pipeline\il2cpp-files\vrfs\general-structure-results\70_high_framework_support_only_high\0265cf70_System.Array.EmptyInternalEnumerator_OVRPlugin.Vector3f_$$System.Collections.IEnumerator.Reset.c"
"System.Array.EmptyInternalEnumerator<OVRPlugin.Vector3f>$$.ctor","0265cf74","75","70_high_framework_support_only_high","uncertain","framework_support_only","framework_or_engine_namespace","setup_only","eye_source;weak_source_state;validity_gate;pose_vector","strong_eye_source_hits_2;weak_xr_or_state_hits_2;validity_or_gating_hits_5;strong_pose_or_ray_construction_hits_2;negative_framework_support_context_without_confirmed_app_level_gaze_flow;functionality_eye_api_context_without_clear_sink_hits_2","C:\realDesktop\manifest-evaluations\summer-26\ghidra-pipeline\il2cpp-files\vrfs\general-structure-results\70_high_framework_support_only_high\0265cf74_System.Array.EmptyInternalEnumerator_OVRPlugin.Vector3f_$$.ctor.c"
"System.Array.EmptyInternalEnumerator<OVRPlugin.Vector3f>$$.cctor","0265cf7c","75","70_high_framework_support_only_high","uncertain","framework_support_only","framework_or_engine_namespace","setup_only","eye_source;weak_source_state;validity_gate;pose_vector","strong_eye_source_hits_2;weak_xr_or_state_hits_2;validity_or_gating_hits_5;strong_pose_or_ray_construction_hits_2;negative_framework_support_context_without_confirmed_app_level_gaze_flow;functionality_eye_api_context_without_clear_sink_hits_2","C:\realDesktop\manifest-evaluations\summer-26\ghidra-pipeline\il2cpp-files\vrfs\general-structure-results\70_high_framework_support_only_high\0265cf7c_System.Array.EmptyInternalEnumerator_OVRPlugin.Vector3f_$$.cctor.c"
"System.Array.EmptyInternalEnumerator<OVRPlugin.Vector4f>$$Dispose","0265d070","80","70_high_framework_support_only_high","uncertain","framework_support_only","framework_or_engine_namespace","setup_only","eye_source;weak_source_state;validity_gate;pose_vector","strong_eye_source_hits_2;weak_xr_or_state_hits_2;validity_or_gating_hits_3;strong_pose_or_ray_construction_hits_4;negative_framework_support_context_without_confirmed_app_level_gaze_flow;functionality_eye_api_context_without_clear_sink_hits_2","C:\realDesktop\manifest-evaluations\summer-26\ghidra-pipeline\il2cpp-files\vrfs\general-structure-results\70_high_framework_support_only_high\0265d070_System.Array.EmptyInternalEnumerator_OVRPlugin.Vector4f_$$Dispose.c"
"System.Array.EmptyInternalEnumerator<OVRPlugin.Vector4f>$$MoveNext","0265d074","72","70_high_framework_support_only_high","uncertain","framework_support_only","framework_or_engine_namespace","setup_only","eye_source;weak_source_state;validity_gate;pose_vector","strong_eye_source_hits_2;weak_xr_or_state_hits_2;validity_or_gating_hits_3;strong_pose_or_ray_construction_hits_2;negative_framework_support_context_without_confirmed_app_level_gaze_flow;functionality_eye_api_context_without_clear_sink_hits_2","C:\realDesktop\manifest-evaluations\summer-26\ghidra-pipeline\il2cpp-files\vrfs\general-structure-results\70_high_framework_support_only_high\0265d074_System.Array.EmptyInternalEnumerator_OVRPlugin.Vector4f_$$MoveNext.c"
"System.Array.EmptyInternalEnumerator<OVRPlugin.Vector4f>$$get_Current","0265d07c","75","70_high_framework_support_only_high","uncertain","framework_support_only","framework_or_engine_namespace","setup_only","eye_source;weak_source_state;validity_gate;pose_vector","strong_eye_source_hits_2;weak_xr_or_state_hits_2;validity_or_gating_hits_4;strong_pose_or_ray_construction_hits_2;negative_framework_support_context_without_confirmed_app_level_gaze_flow;functionality_eye_api_context_without_clear_sink_hits_2","C:\realDesktop\manifest-evaluations\summer-26\ghidra-pipeline\il2cpp-files\vrfs\general-structure-results\70_high_framework_support_only_high\0265d07c_System.Array.EmptyInternalEnumerator_OVRPlugin.Vector4f_$$get_Current.c"
"System.Array.EmptyInternalEnumerator<OVRPlugin.Vector4f>$$System.Collections.IEnumerator.Reset","0265d120","72","70_high_framework_support_only_high","uncertain","framework_support_only","framework_or_engine_namespace","setup_only","eye_source;weak_source_state;validity_gate;pose_vector","strong_eye_source_hits_2;weak_xr_or_state_hits_2;validity_or_gating_hits_3;strong_pose_or_ray_construction_hits_2;negative_framework_support_context_without_confirmed_app_level_gaze_flow;functionality_eye_api_context_without_clear_sink_hits_2","C:\realDesktop\manifest-evaluations\summer-26\ghidra-pipeline\il2cpp-files\vrfs\general-structure-results\70_high_framework_support_only_high\0265d120_System.Array.EmptyInternalEnumerator_OVRPlugin.Vector4f_$$System.Collections.IEnumerator.Reset.c"
"System.Array.EmptyInternalEnumerator<OVRPlugin.Qpl.Annotation>$$Dispose","0266a798","74","70_high_framework_support_only_high","uncertain","framework_support_only","framework_or_engine_namespace","setup_only","eye_source;weak_source_state;validity_gate;pose_vector","strong_eye_source_hits_2;weak_xr_or_state_hits_2;validity_or_gating_hits_1;strong_pose_or_ray_construction_hits_4;negative_framework_support_context_without_confirmed_app_level_gaze_flow;functionality_eye_api_context_without_clear_sink_hits_2","C:\realDesktop\manifest-evaluations\summer-26\ghidra-pipeline\il2cpp-files\vrfs\general-structure-results\70_high_framework_support_only_high\0266a798_System.Array.EmptyInternalEnumerator_OVRPlugin.Qpl.Annotation_$$Dispose.c"
"System.Array.EmptyInternalEnumerator<OVRPlugin.Qpl.Annotation.Builder.Entry>$$Dispose","0266b784","74","70_high_framework_support_only_high","uncertain","framework_support_only","framework_or_engine_namespace","setup_only","eye_source;weak_source_state;validity_gate;pose_vector","strong_eye_source_hits_2;weak_xr_or_state_hits_2;validity_or_gating_hits_1;strong_pose_or_ray_construction_hits_4;negative_framework_support_context_without_confirmed_app_level_gaze_flow;functionality_eye_api_context_without_clear_sink_hits_2","C:\realDesktop\manifest-evaluations\summer-26\ghidra-pipeline\il2cpp-files\vrfs\general-structure-results\70_high_framework_support_only_high\0266b784_System.Array.EmptyInternalEnumerator_OVRPlugin.Qpl.Annotation.Builder.Entry_$$Dispose.c"
"OVRManager.PassthroughCapabilities$$get_SupportsPassthrough","026b9324","75","70_high_uncertain_eye_setup_high","uncertain","eye_tracking_capability_present","app_or_custom_namespace","setup_only","eye_source;weak_source_state;validity_gate","strong_eye_source_hits_2;weak_xr_or_state_hits_2;validity_or_gating_hits_4;functionality_eye_api_context_without_clear_sink_hits_2","C:\realDesktop\manifest-evaluations\summer-26\ghidra-pipeline\il2cpp-files\vrfs\general-structure-results\70_high_uncertain_eye_setup_high\026b9324_OVRManager.PassthroughCapabilities$$get_SupportsPassthrough.c"
"OVRManager.PassthroughCapabilities$$get_SupportsColorPassthrough","026b932c","72","70_high_uncertain_eye_setup_high","uncertain","eye_tracking_capability_present","app_or_custom_namespace","setup_only","eye_source;weak_source_state;validity_gate","strong_eye_source_hits_2;weak_xr_or_state_hits_2;validity_or_gating_hits_3;functionality_eye_api_context_without_clear_sink_hits_2","C:\realDesktop\manifest-evaluations\summer-26\ghidra-pipeline\il2cpp-files\vrfs\general-structure-results\70_high_uncertain_eye_setup_high\026b932c_OVRManager.PassthroughCapabilities$$get_SupportsColorPassthrough.c"
"OVRManager.PassthroughCapabilities$$get_MaxColorLutResolution","026b9334","72","70_high_uncertain_eye_setup_high","uncertain","eye_tracking_capability_present","app_or_custom_namespace","setup_only","eye_source;weak_source_state;validity_gate","strong_eye_source_hits_2;weak_xr_or_state_hits_2;validity_or_gating_hits_3;functionality_eye_api_context_without_clear_sink_hits_2","C:\realDesktop\manifest-evaluations\summer-26\ghidra-pipeline\il2cpp-files\vrfs\general-structure-results\70_high_uncertain_eye_setup_high\026b9334_OVRManager.PassthroughCapabilities$$get_MaxColorLutResolution.c"
"OVRManager.PassthroughCapabilities$$.ctor","026b933c","72","70_high_uncertain_eye_setup_high","uncertain","eye_tracking_capability_present","app_or_custom_namespace","setup_only","eye_source;weak_source_state;validity_gate","strong_eye_source_hits_2;weak_xr_or_state_hits_2;validity_or_gating_hits_3;functionality_eye_api_context_without_clear_sink_hits_2","C:\realDesktop\manifest-evaluations\summer-26\ghidra-pipeline\il2cpp-files\vrfs\general-structure-results\70_high_uncertain_eye_setup_high\026b933c_OVRManager.PassthroughCapabilities$$.ctor.c"
"OVRManager.<>c$$<InitOVRManager>b__439_0","026b93f4","80","70_high_uncertain_eye_setup_high","uncertain","eye_tracking_capability_present","app_or_custom_namespace","setup_only","eye_source;weak_source_state;validity_gate","strong_eye_source_hits_4;weak_xr_or_state_hits_4;validity_or_gating_hits_1;functionality_eye_api_context_without_clear_sink_hits_4","C:\realDesktop\manifest-evaluations\summer-26\ghidra-pipeline\il2cpp-files\vrfs\general-structure-results\70_high_uncertain_eye_setup_high\026b93f4_OVRManager._c$$_InitOVRManager_b__439_0.c"
"OVRPassthroughLayer$$CreateOvrPluginStyleObject","026c7a60","75","70_high_uncertain_eye_setup_high","uncertain","eye_tracking_capability_present","app_or_custom_namespace","setup_only","eye_source;weak_source_state;validity_gate","strong_eye_source_hits_2;weak_xr_or_state_hits_2;validity_or_gating_hits_7;functionality_eye_api_context_without_clear_sink_hits_2","C:\realDesktop\manifest-evaluations\summer-26\ghidra-pipeline\il2cpp-files\vrfs\general-structure-results\70_high_uncertain_eye_setup_high\026c7a60_OVRPassthroughLayer$$CreateOvrPluginStyleObject.c"
"OVRPermissionsRequester$$RequestPermissions","026c9914","84","70_high_attempted_eye_tracking_permission_or_feature_high","yes","eye_tracking_attempted_permission_or_feature","app_or_custom_namespace","attempted_eye_tracking_use","weak_source_state;validity_gate;telemetry;attempted_use","weak_xr_or_state_hits_4;validity_or_gating_hits_8;telemetry_or_network_hits_4;attempted_eye_tracking_permission_or_feature_enable","C:\realDesktop\manifest-evaluations\summer-26\ghidra-pipeline\il2cpp-files\vrfs\general-structure-results\70_high_attempted_eye_tracking_permission_or_feature_high\026c9914_OVRPermissionsRequester$$RequestPermissions.c"
"OVRPermissionsRequester$$ShouldRequestPermission","026c9d0c","84","70_high_attempted_eye_tracking_permission_or_feature_high","yes","eye_tracking_attempted_permission_or_feature","app_or_custom_namespace","attempted_eye_tracking_use","weak_source_state;validity_gate;telemetry;attempted_use","weak_xr_or_state_hits_4;validity_or_gating_hits_6;telemetry_or_network_hits_4;attempted_eye_tracking_permission_or_feature_enable","C:\realDesktop\manifest-evaluations\summer-26\ghidra-pipeline\il2cpp-files\vrfs\general-structure-results\70_high_attempted_eye_tracking_permission_or_feature_high\026c9d0c_OVRPermissionsRequester$$ShouldRequestPermission.c"
"OVRPlugin.LogCallback2DelegateType$$EndInvoke","026ca834","86","70_high_uncertain_eye_setup_high","uncertain","eye_tracking_capability_present","app_or_custom_namespace","setup_only","eye_source;weak_source_state;validity_gate;ui_interaction","strong_eye_source_hits_2;weak_xr_or_state_hits_2;validity_or_gating_hits_3;ui_or_gameplay_sink_hits_2;functionality_eye_api_context_without_clear_sink_hits_2","C:\realDesktop\manifest-evaluations\summer-26\ghidra-pipeline\il2cpp-files\vrfs\general-structure-results\70_high_uncertain_eye_setup_high\026ca834_OVRPlugin.LogCallback2DelegateType$$EndInvoke.c"
"OVRPlugin.Vector3f$$ToString","026ca840","72","70_high_uncertain_eye_setup_high","uncertain","eye_tracking_capability_present","app_or_custom_namespace","setup_only","eye_source;weak_source_state;validity_gate","strong_eye_source_hits_2;weak_xr_or_state_hits_2;validity_or_gating_hits_3;functionality_eye_api_context_without_clear_sink_hits_2","C:\realDesktop\manifest-evaluations\summer-26\ghidra-pipeline\il2cpp-files\vrfs\general-structure-results\70_high_uncertain_eye_setup_high\026ca840_OVRPlugin.Vector3f$$ToString.c"
"OVRPlugin.Vector3f$$.cctor","026ca93c","72","70_high_uncertain_eye_setup_high","uncertain","eye_tracking_capability_present","app_or_custom_namespace","setup_only","eye_source;weak_source_state;validity_gate","strong_eye_source_hits_2;weak_xr_or_state_hits_2;validity_or_gating_hits_3;functionality_eye_api_context_without_clear_sink_hits_2","C:\realDesktop\manifest-evaluations\summer-26\ghidra-pipeline\il2cpp-files\vrfs\general-structure-results\70_high_uncertain_eye_setup_high\026ca93c_OVRPlugin.Vector3f$$.cctor.c"
"OVRPlugin.Vector4f$$.cctor","026cab9c","87","70_high_uncertain_eye_setup_high","uncertain","eye_tracking_capability_present","app_or_custom_namespace","setup_only","eye_source;weak_source_state;validity_gate;paired_state_refs","strong_eye_source_hits_2;weak_xr_or_state_hits_2;validity_or_gating_hits_18;paired_field_refs_with_eye_source;functionality_eye_api_context_without_clear_sink_hits_2","C:\realDesktop\manifest-evaluations\summer-26\ghidra-pipeline\il2cpp-files\vrfs\general-structure-results\70_high_uncertain_eye_setup_high\026cab9c_OVRPlugin.Vector4f$$.cctor.c"
"OVRPlugin.Vector4s$$ToString","026cabe4","87","70_high_uncertain_eye_setup_high","uncertain","eye_tracking_capability_present","app_or_custom_namespace","setup_only","eye_source;weak_source_state;validity_gate;paired_state_refs","strong_eye_source_hits_2;weak_xr_or_state_hits_2;validity_or_gating_hits_17;paired_field_refs_with_eye_source;functionality_eye_api_context_without_clear_sink_hits_2","C:\realDesktop\manifest-evaluations\summer-26\ghidra-pipeline\il2cpp-files\vrfs\general-structure-results\70_high_uncertain_eye_setup_high\026cabe4_OVRPlugin.Vector4s$$ToString.c"
"OVRPlugin.Vector4s$$.cctor","026cadf8","87","70_high_uncertain_eye_setup_high","uncertain","eye_tracking_capability_present","app_or_custom_namespace","setup_only","eye_source;weak_source_state;validity_gate;paired_state_refs","strong_eye_source_hits_2;weak_xr_or_state_hits_2;validity_or_gating_hits_6;paired_field_refs_with_eye_source;functionality_eye_api_context_without_clear_sink_hits_2","C:\realDesktop\manifest-evaluations\summer-26\ghidra-pipeline\il2cpp-files\vrfs\general-structure-results\70_high_uncertain_eye_setup_high\026cadf8_OVRPlugin.Vector4s$$.cctor.c"
"OVRPlugin.Quatf$$.ctor","026cae40","75","70_high_uncertain_eye_setup_high","uncertain","eye_tracking_capability_present","app_or_custom_namespace","setup_only","eye_source;weak_source_state;validity_gate","strong_eye_source_hits_2;weak_xr_or_state_hits_2;validity_or_gating_hits_5;functionality_eye_api_context_without_clear_sink_hits_2","C:\realDesktop\manifest-evaluations\summer-26\ghidra-pipeline\il2cpp-files\vrfs\general-structure-results\70_high_uncertain_eye_setup_high\026cae40_OVRPlugin.Quatf$$.ctor.c"
"OVRPlugin.Quatf$$ToString","026cae4c","72","70_high_uncertain_eye_setup_high","uncertain","eye_tracking_capability_present","app_or_custom_namespace","setup_only","eye_source;weak_source_state;validity_gate","strong_eye_source_hits_2;weak_xr_or_state_hits_2;validity_or_gating_hits_3;functionality_eye_api_context_without_clear_sink_hits_2","C:\realDesktop\manifest-evaluations\summer-26\ghidra-pipeline\il2cpp-files\vrfs\general-structure-results\70_high_uncertain_eye_setup_high\026cae4c_OVRPlugin.Quatf$$ToString.c"
"OVRPlugin.Quatf$$.cctor","026cb060","75","70_high_uncertain_eye_setup_high","uncertain","eye_tracking_capability_present","app_or_custom_namespace","setup_only","eye_source;weak_source_state;validity_gate","strong_eye_source_hits_2;weak_xr_or_state_hits_2;validity_or_gating_hits_15;functionality_eye_api_context_without_clear_sink_hits_2","C:\realDesktop\manifest-evaluations\summer-26\ghidra-pipeline\il2cpp-files\vrfs\general-structure-results\70_high_uncertain_eye_setup_high\026cb060_OVRPlugin.Quatf$$.cctor.c"
"OVRPlugin.Posef$$ToString","026cb0b0","75","70_high_uncertain_eye_setup_high","uncertain","eye_tracking_capability_present","app_or_custom_namespace","setup_only","eye_source;weak_source_state;validity_gate","strong_eye_source_hits_2;weak_xr_or_state_hits_2;validity_or_gating_hits_14;functionality_eye_api_context_without_clear_sink_hits_2","C:\realDesktop\manifest-evaluations\summer-26\ghidra-pipeline\il2cpp-files\vrfs\general-structure-results\70_high_uncertain_eye_setup_high\026cb0b0_OVRPlugin.Posef$$ToString.c"
"OVRPlugin.Posef$$.cctor","026cb1a4","75","70_high_uncertain_eye_setup_high","uncertain","eye_tracking_capability_present","app_or_custom_namespace","setup_only","eye_source;weak_source_state;validity_gate","strong_eye_source_hits_2;weak_xr_or_state_hits_2;validity_or_gating_hits_8;functionality_eye_api_context_without_clear_sink_hits_2","C:\realDesktop\manifest-evaluations\summer-26\ghidra-pipeline\il2cpp-files\vrfs\general-structure-results\70_high_uncertain_eye_setup_high\026cb1a4_OVRPlugin.Posef$$.cctor.c"
"OVRPlugin.TextureRectMatrixf$$ToString","026cb27c","72","70_high_uncertain_eye_setup_high","uncertain","eye_tracking_capability_present","app_or_custom_namespace","setup_only","eye_source;weak_source_state;validity_gate","strong_eye_source_hits_2;weak_xr_or_state_hits_2;validity_or_gating_hits_3;functionality_eye_api_context_without_clear_sink_hits_2","C:\realDesktop\manifest-evaluations\summer-26\ghidra-pipeline\il2cpp-files\vrfs\general-structure-results\70_high_uncertain_eye_setup_high\026cb27c_OVRPlugin.TextureRectMatrixf$$ToString.c"
"OVRPlugin.TextureRectMatrixf$$.cctor","026cb4a4","87","70_high_uncertain_eye_setup_high","uncertain","eye_tracking_capability_present","app_or_custom_namespace","setup_only","eye_source;weak_source_state;validity_gate;paired_state_refs","strong_eye_source_hits_2;weak_xr_or_state_hits_2;validity_or_gating_hits_7;paired_field_refs_with_eye_source;functionality_eye_api_context_without_clear_sink_hits_2","C:\realDesktop\manifest-evaluations\summer-26\ghidra-pipeline\il2cpp-files\vrfs\general-structure-results\70_high_uncertain_eye_setup_high\026cb4a4_OVRPlugin.TextureRectMatrixf$$.cctor.c"
"OVRPlugin.ControllerState6$$.ctor","026cb67c","87","70_high_uncertain_eye_setup_high","uncertain","eye_tracking_capability_present","app_or_custom_namespace","setup_only","eye_source;weak_source_state;validity_gate;paired_state_refs","strong_eye_source_hits_2;weak_xr_or_state_hits_2;validity_or_gating_hits_5;paired_field_refs_with_eye_source;functionality_eye_api_context_without_clear_sink_hits_2","C:\realDesktop\manifest-evaluations\summer-26\ghidra-pipeline\il2cpp-files\vrfs\general-structure-results\70_high_uncertain_eye_setup_high\026cb67c_OVRPlugin.ControllerState6$$.ctor.c"
"OVRPlugin.ControllerState5$$.ctor","026cb744","87","70_high_uncertain_eye_setup_high","uncertain","eye_tracking_capability_present","app_or_custom_namespace","setup_only","eye_source;weak_source_state;validity_gate;paired_state_refs","strong_eye_source_hits_2;weak_xr_or_state_hits_2;validity_or_gating_hits_4;paired_field_refs_with_eye_source;functionality_eye_api_context_without_clear_sink_hits_2","C:\realDesktop\manifest-evaluations\summer-26\ghidra-pipeline\il2cpp-files\vrfs\general-structure-results\70_high_uncertain_eye_setup_high\026cb744_OVRPlugin.ControllerState5$$.ctor.c"
"OVRPlugin.Sizei$$Equals","026cb898","87","70_high_uncertain_eye_setup_high","uncertain","eye_tracking_capability_present","app_or_custom_namespace","setup_only","eye_source;weak_source_state;validity_gate;paired_state_refs","strong_eye_source_hits_2;weak_xr_or_state_hits_2;validity_or_gating_hits_10;paired_field_refs_with_eye_source;functionality_eye_api_context_without_clear_sink_hits_2","C:\realDesktop\manifest-evaluations\summer-26\ghidra-pipeline\il2cpp-files\vrfs\general-structure-results\70_high_uncertain_eye_setup_high\026cb898_OVRPlugin.Sizei$$Equals.c"
"OVRPlugin.Sizei$$GetHashCode","026cb920","87","70_high_uncertain_eye_setup_high","uncertain","eye_tracking_capability_present","app_or_custom_namespace","setup_only","eye_source;weak_source_state;validity_gate;paired_state_refs","strong_eye_source_hits_2;weak_xr_or_state_hits_2;validity_or_gating_hits_8;paired_field_refs_with_eye_source;functionality_eye_api_context_without_clear_sink_hits_2","C:\realDesktop\manifest-evaluations\summer-26\ghidra-pipeline\il2cpp-files\vrfs\general-structure-results\70_high_uncertain_eye_setup_high\026cb920_OVRPlugin.Sizei$$GetHashCode.c"
"OVRPlugin.Sizei$$.cctor","026cb934","87","70_high_uncertain_eye_setup_high","uncertain","eye_tracking_capability_present","app_or_custom_namespace","setup_only","eye_source;weak_source_state;validity_gate;paired_state_refs","strong_eye_source_hits_2;weak_xr_or_state_hits_2;validity_or_gating_hits_8;paired_field_refs_with_eye_source;functionality_eye_api_context_without_clear_sink_hits_2","C:\realDesktop\manifest-evaluations\summer-26\ghidra-pipeline\il2cpp-files\vrfs\general-structure-results\70_high_uncertain_eye_setup_high\026cb934_OVRPlugin.Sizei$$.cctor.c"
"OVRPlugin.Sizef$$.cctor","026cb97c","87","70_high_uncertain_eye_setup_high","uncertain","eye_tracking_capability_present","app_or_custom_namespace","setup_only","eye_source;weak_source_state;validity_gate;paired_state_refs","strong_eye_source_hits_2;weak_xr_or_state_hits_2;validity_or_gating_hits_7;paired_field_refs_with_eye_source;functionality_eye_api_context_without_clear_sink_hits_2","C:\realDesktop\manifest-evaluations\summer-26\ghidra-pipeline\il2cpp-files\vrfs\general-structure-results\70_high_uncertain_eye_setup_high\026cb97c_OVRPlugin.Sizef$$.cctor.c"
"OVRPlugin.Size3f$$.cctor","026cb9c4","101","90_plus_uncertain_eye_setup_near_certain","uncertain","eye_tracking_capability_present","app_or_custom_namespace","setup_only","eye_source;weak_source_state;validity_gate;paired_state_refs","strong_eye_source_hits_4;weak_xr_or_state_hits_4;validity_or_gating_hits_6;paired_field_refs_with_eye_source;functionality_eye_api_context_without_clear_sink_hits_4","C:\realDesktop\manifest-evaluations\summer-26\ghidra-pipeline\il2cpp-files\vrfs\general-structure-results\90_plus_uncertain_eye_setup_near_certain\026cb9c4_OVRPlugin.Size3f$$.cctor.c"
"OVRPlugin.RectiPair$$get_Item","026cba10","101","90_plus_uncertain_eye_setup_near_certain","uncertain","eye_tracking_capability_present","app_or_custom_namespace","setup_only","eye_source;weak_source_state;validity_gate;paired_state_refs","strong_eye_source_hits_4;weak_xr_or_state_hits_4;validity_or_gating_hits_5;paired_field_refs_with_eye_source;functionality_eye_api_context_without_clear_sink_hits_4","C:\realDesktop\manifest-evaluations\summer-26\ghidra-pipeline\il2cpp-files\vrfs\general-structure-results\90_plus_uncertain_eye_setup_near_certain\026cba10_OVRPlugin.RectiPair$$get_Item.c"
"OVRPlugin.RectiPair$$set_Item","026cbac4","101","90_plus_uncertain_eye_setup_near_certain","uncertain","eye_tracking_capability_present","app_or_custom_namespace","setup_only","eye_source;weak_source_state;validity_gate;paired_state_refs","strong_eye_source_hits_4;weak_xr_or_state_hits_4;validity_or_gating_hits_4;paired_field_refs_with_eye_source;functionality_eye_api_context_without_clear_sink_hits_4","C:\realDesktop\manifest-evaluations\summer-26\ghidra-pipeline\il2cpp-files\vrfs\general-structure-results\90_plus_uncertain_eye_setup_near_certain\026cbac4_OVRPlugin.RectiPair$$set_Item.c"
"OVRPlugin.Colorf$$ToString","026cbcf4","75","70_high_uncertain_eye_setup_high","uncertain","eye_tracking_capability_present","app_or_custom_namespace","setup_only","eye_source;weak_source_state;validity_gate","strong_eye_source_hits_2;weak_xr_or_state_hits_2;validity_or_gating_hits_10;functionality_eye_api_context_without_clear_sink_hits_2","C:\realDesktop\manifest-evaluations\summer-26\ghidra-pipeline\il2cpp-files\vrfs\general-structure-results\70_high_uncertain_eye_setup_high\026cbcf4_OVRPlugin.Colorf$$ToString.c"
"OVRPlugin.BodyJointLocation$$get_PositionTracked","026cc57c","72","70_high_uncertain_eye_setup_high","uncertain","eye_tracking_capability_present","app_or_custom_namespace","setup_only","eye_source;weak_source_state;validity_gate","strong_eye_source_hits_2;weak_xr_or_state_hits_2;validity_or_gating_hits_3;functionality_eye_api_context_without_clear_sink_hits_2","C:\realDesktop\manifest-evaluations\summer-26\ghidra-pipeline\il2cpp-files\vrfs\general-structure-results\70_high_uncertain_eye_setup_high\026cc57c_OVRPlugin.BodyJointLocation$$get_PositionTracked.c"
"OVRPlugin.BodyJointLocation$$.cctor","026cc588","72","70_high_uncertain_eye_setup_high","uncertain","eye_tracking_capability_present","app_or_custom_namespace","setup_only","eye_source;weak_source_state;validity_gate","strong_eye_source_hits_2;weak_xr_or_state_hits_2;validity_or_gating_hits_3;functionality_eye_api_context_without_clear_sink_hits_2","C:\realDesktop\manifest-evaluations\summer-26\ghidra-pipeline\il2cpp-files\vrfs\general-structure-results\70_high_uncertain_eye_setup_high\026cc588_OVRPlugin.BodyJointLocation$$.cctor.c"
"OVRPlugin.EyeGazeState$$get_IsValid","026cc644","95","90_plus_attempted_eye_tracking_permission_or_feature_near_certain","yes","eye_tracking_attempted_permission_or_feature","app_or_custom_namespace","gaze_retrieval;attempted_eye_tracking_use","eye_source;weak_source_state;validity_gate;attempted_use","strong_eye_source_hits_4;weak_xr_or_state_hits_2;validity_or_gating_hits_2;attempted_eye_tracking_permission_or_feature_enable;functionality_gaze_retrieval_or_extraction","C:\realDesktop\manifest-evaluations\summer-26\ghidra-pipeline\il2cpp-files\vrfs\general-structure-results\90_plus_attempted_eye_tracking_permission_or_feature_near_certain\026cc644_OVRPlugin.EyeGazeState$$get_IsValid.c"
"OVRPlugin.Media$$SetPlatformInitialized","026ccb54","87","70_high_uncertain_eye_setup_high","uncertain","eye_tracking_capability_present","app_or_custom_namespace","setup_only","eye_source;weak_source_state;validity_gate;paired_state_refs","strong_eye_source_hits_2;weak_xr_or_state_hits_2;validity_or_gating_hits_7;paired_field_refs_with_eye_source;functionality_eye_api_context_without_clear_sink_hits_2","C:\realDesktop\manifest-evaluations\summer-26\ghidra-pipeline\il2cpp-files\vrfs\general-structure-results\70_high_uncertain_eye_setup_high\026ccb54_OVRPlugin.Media$$SetPlatformInitialized.c"
"OVRPlugin.Media$$GetPlatformCameraMode","026ccc18","87","70_high_uncertain_eye_setup_high","uncertain","eye_tracking_capability_present","app_or_custom_namespace","setup_only","eye_source;weak_source_state;validity_gate;paired_state_refs","strong_eye_source_hits_2;weak_xr_or_state_hits_2;validity_or_gating_hits_6;paired_field_refs_with_eye_source;functionality_eye_api_context_without_clear_sink_hits_2","C:\realDesktop\manifest-evaluations\summer-26\ghidra-pipeline\il2cpp-files\vrfs\general-structure-results\70_high_uncertain_eye_setup_high\026ccc18_OVRPlugin.Media$$GetPlatformCameraMode.c"
"OVRPlugin.Media$$IsMrcEnabled","026ccdb4","74","70_high_uncertain_eye_setup_high","uncertain","eye_tracking_capability_present","app_or_custom_namespace","setup_only","eye_source;weak_source_state;validity_gate","strong_eye_source_hits_2;weak_xr_or_state_hits_4;validity_or_gating_hits_3;functionality_eye_api_context_without_clear_sink_hits_2","C:\realDesktop\manifest-evaluations\summer-26\ghidra-pipeline\il2cpp-files\vrfs\general-structure-results\70_high_uncertain_eye_setup_high\026ccdb4_OVRPlugin.Media$$IsMrcEnabled.c"
"OVRPlugin.Media$$IsMrcActivated","026cce88","72","70_high_uncertain_eye_setup_high","uncertain","eye_tracking_capability_present","app_or_custom_namespace","setup_only","eye_source;weak_source_state;validity_gate","strong_eye_source_hits_2;weak_xr_or_state_hits_2;validity_or_gating_hits_3;functionality_eye_api_context_without_clear_sink_hits_2","C:\realDesktop\manifest-evaluations\summer-26\ghidra-pipeline\il2cpp-files\vrfs\general-structure-results\70_high_uncertain_eye_setup_high\026cce88_OVRPlugin.Media$$IsMrcActivated.c"
"OVRPlugin.Media$$GetMrcInputVideoBufferType","026cd028","77","70_high_uncertain_eye_setup_high","uncertain","eye_tracking_capability_present","app_or_custom_namespace","setup_only","eye_source;weak_source_state;validity_gate","strong_eye_source_hits_2;weak_xr_or_state_hits_4;validity_or_gating_hits_5;functionality_eye_api_context_without_clear_sink_hits_2","C:\realDesktop\manifest-evaluations\summer-26\ghidra-pipeline\il2cpp-files\vrfs\general-structure-results\70_high_uncertain_eye_setup_high\026cd028_OVRPlugin.Media$$GetMrcInputVideoBufferType.c"
"OVRPlugin.Media$$SetMrcFrameSize","026cd0f4","75","70_high_uncertain_eye_setup_high","uncertain","eye_tracking_capability_present","app_or_custom_namespace","setup_only","eye_source;weak_source_state;validity_gate","strong_eye_source_hits_2;weak_xr_or_state_hits_2;validity_or_gating_hits_4;functionality_eye_api_context_without_clear_sink_hits_2","C:\realDesktop\manifest-evaluations\summer-26\ghidra-pipeline\il2cpp-files\vrfs\general-structure-results\70_high_uncertain_eye_setup_high\026cd0f4_OVRPlugin.Media$$SetMrcFrameSize.c"
"OVRPlugin.Media$$GetMrcFrameSize","026cd1d0","75","70_high_uncertain_eye_setup_high","uncertain","eye_tracking_capability_present","app_or_custom_namespace","setup_only","eye_source;weak_source_state;validity_gate","strong_eye_source_hits_2;weak_xr_or_state_hits_2;validity_or_gating_hits_4;functionality_eye_api_context_without_clear_sink_hits_2","C:\realDesktop\manifest-evaluations\summer-26\ghidra-pipeline\il2cpp-files\vrfs\general-structure-results\70_high_uncertain_eye_setup_high\026cd1d0_OVRPlugin.Media$$GetMrcFrameSize.c"
"OVRPlugin.Media$$SetAvailableQueueIndexVulkan","026cdf18","89","70_high_uncertain_eye_setup_high","uncertain","eye_tracking_capability_present","app_or_custom_namespace","setup_only","eye_source;weak_source_state;validity_gate;paired_state_refs","strong_eye_source_hits_2;weak_xr_or_state_hits_4;validity_or_gating_hits_14;paired_field_refs_with_eye_source;functionality_eye_api_context_without_clear_sink_hits_2","C:\realDesktop\manifest-evaluations\summer-26\ghidra-pipeline\il2cpp-files\vrfs\general-structure-results\70_high_uncertain_eye_setup_high\026cdf18_OVRPlugin.Media$$SetAvailableQueueIndexVulkan.c"
"OVRPlugin.Media$$SetMrcHeadsetControllerPose","026cdfe4","92","90_plus_uncertain_eye_setup_near_certain","uncertain","eye_tracking_capability_present","app_or_custom_namespace","setup_only","eye_source;weak_source_state;validity_gate;pose_vector","strong_eye_source_hits_2;weak_xr_or_state_hits_2;validity_or_gating_hits_3;strong_pose_or_ray_construction_hits_2;functionality_eye_api_context_without_clear_sink_hits_2","C:\realDesktop\manifest-evaluations\summer-26\ghidra-pipeline\il2cpp-files\vrfs\general-structure-results\90_plus_uncertain_eye_setup_near_certain\026cdfe4_OVRPlugin.Media$$SetMrcHeadsetControllerPose.c"
"OVRPlugin.Media$$IsCastingToRemoteClient","026ce134","72","70_high_uncertain_eye_setup_high","uncertain","eye_tracking_capability_present","app_or_custom_namespace","setup_only","eye_source;weak_source_state;validity_gate","strong_eye_source_hits_2;weak_xr_or_state_hits_2;validity_or_gating_hits_3;functionality_eye_api_context_without_clear_sink_hits_2","C:\realDesktop\manifest-evaluations\summer-26\ghidra-pipeline\il2cpp-files\vrfs\general-structure-results\70_high_uncertain_eye_setup_high\026ce134_OVRPlugin.Media$$IsCastingToRemoteClient.c"
"VRFS.MatchModes.PossessionController$$GetFinalTimers","027305a8","70","70_high_general_structure_review_high","no","unrelated_or_generic_structure","app_or_custom_namespace","","validity_gate;ui_interaction;telemetry","validity_or_gating_hits_3;ui_or_gameplay_sink_hits_2;telemetry_or_network_hits_4","C:\realDesktop\manifest-evaluations\summer-26\ghidra-pipeline\il2cpp-files\vrfs\general-structure-results\70_high_general_structure_review_high\027305a8_VRFS.MatchModes.PossessionController$$GetFinalTimers.c"
"VRFS.MatchModes.PossessionController$$GetWinnerTimerFormatted","02730608","70","70_high_general_structure_review_high","no","unrelated_or_generic_structure","app_or_custom_namespace","","validity_gate;ui_interaction;telemetry","validity_or_gating_hits_3;ui_or_gameplay_sink_hits_2;telemetry_or_network_hits_5","C:\realDesktop\manifest-evaluations\summer-26\ghidra-pipeline\il2cpp-files\vrfs\general-structure-results\70_high_general_structure_review_high\02730608_VRFS.MatchModes.PossessionController$$GetWinnerTimerFormatted.c"
"VRFS.DeepLinks.Core.DeepLinkEngine.DeepLinkRequest$$get_Origin","02737ef8","80","70_high_general_structure_review_high","no","unrelated_or_generic_structure","app_or_custom_namespace","data_collection_or_telemetry","validity_gate;pose_vector;paired_state_refs;telemetry","validity_or_gating_hits_5;strong_pose_or_ray_construction_hits_2;paired_field_refs_with_structure_only;telemetry_or_network_hits_2;functionality_data_collection_or_telemetry_hits_2","C:\realDesktop\manifest-evaluations\summer-26\ghidra-pipeline\il2cpp-files\vrfs\general-structure-results\70_high_general_structure_review_high\02737ef8_VRFS.DeepLinks.Core.DeepLinkEngine.DeepLinkRequest$$get_Origin.c"
"VRFS.Audio.MicRecorder.<Upload>d__32$$System.IDisposable.Dispose","0273d860","74","70_high_general_structure_review_high","no","unrelated_or_generic_structure","app_or_custom_namespace","","validity_gate;pose_vector;paired_state_refs;telemetry","validity_or_gating_hits_2;strong_pose_or_ray_construction_hits_2;paired_field_refs_with_structure_only;telemetry_or_network_hits_2","C:\realDesktop\manifest-evaluations\summer-26\ghidra-pipeline\il2cpp-files\vrfs\general-structure-results\70_high_general_structure_review_high\0273d860_VRFS.Audio.MicRecorder._Upload_d__32$$System.IDisposable.Dispose.c"
"Ruleset$$GetClosestStartPosition","02770010","73","70_high_general_structure_review_high","no","unrelated_or_generic_structure","app_or_custom_namespace","","validity_gate;pose_vector;data_collection;frame_behavior","validity_or_gating_hits_3;strong_pose_or_ray_construction_hits_2;strong_file_logging_hits_2;frame_or_lifecycle_behavior","C:\realDesktop\manifest-evaluations\summer-26\ghidra-pipeline\il2cpp-files\vrfs\general-structure-results\70_high_general_structure_review_high\02770010_Ruleset$$GetClosestStartPosition.c"
"FUN_0279445c","0279445c","89","70_high_uncertain_eye_setup_high","uncertain","eye_tracking_capability_present","app_or_custom_namespace","setup_only","eye_source;weak_source_state;validity_gate","strong_eye_source_hits_12;weak_xr_or_state_hits_12;validity_or_gating_hits_21;functionality_eye_api_context_without_clear_sink_hits_12","C:\realDesktop\manifest-evaluations\summer-26\ghidra-pipeline\il2cpp-files\vrfs\general-structure-results\70_high_uncertain_eye_setup_high\0279445c_FUN_0279445c.c"
"MatchManager$$TeleportPlayerToClosestStartPosition","0286e524","82","70_high_general_structure_review_high","no","unrelated_or_generic_structure","app_or_custom_namespace","","validity_gate;pose_vector;paired_state_refs;data_collection;frame_behavior","validity_or_gating_hits_21;strong_pose_or_ray_construction_hits_2;paired_field_refs_with_structure_only;strong_file_logging_hits_2;frame_or_lifecycle_behavior","C:\realDesktop\manifest-evaluations\summer-26\ghidra-pipeline\il2cpp-files\vrfs\general-structure-results\70_high_general_structure_review_high\0286e524_MatchManager$$TeleportPlayerToClosestStartPosition.c"
"OVRPlugin.OVRP_1_71_0$$ovrp_UnityOpenXR_OnInstanceCreate","02900c38","74","70_high_uncertain_eye_setup_high","uncertain","eye_tracking_capability_present","app_or_custom_namespace","setup_only","eye_source;weak_source_state;validity_gate","strong_eye_source_hits_2;weak_xr_or_state_hits_4;validity_or_gating_hits_3;functionality_eye_api_context_without_clear_sink_hits_2","C:\realDesktop\manifest-evaluations\summer-26\ghidra-pipeline\il2cpp-files\vrfs\general-structure-results\70_high_uncertain_eye_setup_high\02900c38_OVRPlugin.OVRP_1_71_0$$ovrp_UnityOpenXR_OnInstanceCreate.c"
"OVRPlugin.UnityOpenXR$$OnSessionCreate","02900df0","87","70_high_uncertain_gaze_or_xr_structure_high","uncertain","eye_tracking_capability_present","app_or_custom_namespace","data_collection_or_telemetry","eye_source;weak_source_state;telemetry","strong_eye_source_hits_2;weak_xr_or_state_hits_4;telemetry_or_network_hits_2;functionality_data_collection_or_telemetry_hits_2","C:\realDesktop\manifest-evaluations\summer-26\ghidra-pipeline\il2cpp-files\vrfs\general-structure-results\70_high_uncertain_gaze_or_xr_structure_high\02900df0_OVRPlugin.UnityOpenXR$$OnSessionCreate.c"
"OVRPlugin.OVRP_1_71_0$$ovrp_UnityOpenXR_OnSessionCreate","02900eb0","100","90_plus_uncertain_gaze_or_xr_structure_near_certain","uncertain","eye_tracking_capability_present","app_or_custom_namespace","data_collection_or_telemetry","eye_source;weak_source_state;validity_gate;telemetry","strong_eye_source_hits_2;weak_xr_or_state_hits_4;validity_or_gating_hits_1;telemetry_or_network_hits_2;functionality_data_collection_or_telemetry_hits_2","C:\realDesktop\manifest-evaluations\summer-26\ghidra-pipeline\il2cpp-files\vrfs\general-structure-results\90_plus_uncertain_gaze_or_xr_structure_near_certain\02900eb0_OVRPlugin.OVRP_1_71_0$$ovrp_UnityOpenXR_OnSessionCreate.c"
"OVRPlugin.UnityOpenXR$$OnSessionStateChange","02901068","87","70_high_uncertain_gaze_or_xr_structure_high","uncertain","eye_tracking_capability_present","app_or_custom_namespace","data_collection_or_telemetry","eye_source;weak_source_state;telemetry","strong_eye_source_hits_2;weak_xr_or_state_hits_4;telemetry_or_network_hits_2;functionality_data_collection_or_telemetry_hits_2","C:\realDesktop\manifest-evaluations\summer-26\ghidra-pipeline\il2cpp-files\vrfs\general-structure-results\70_high_uncertain_gaze_or_xr_structure_high\02901068_OVRPlugin.UnityOpenXR$$OnSessionStateChange.c"
"OVRPlugin.OVRP_1_71_0$$ovrp_UnityOpenXR_OnSessionStateChange","0290113c","100","90_plus_uncertain_gaze_or_xr_structure_near_certain","uncertain","eye_tracking_capability_present","app_or_custom_namespace","data_collection_or_telemetry","eye_source;weak_source_state;validity_gate;telemetry","strong_eye_source_hits_2;weak_xr_or_state_hits_4;validity_or_gating_hits_1;telemetry_or_network_hits_2;functionality_data_collection_or_telemetry_hits_2","C:\realDesktop\manifest-evaluations\summer-26\ghidra-pipeline\il2cpp-files\vrfs\general-structure-results\90_plus_uncertain_gaze_or_xr_structure_near_certain\0290113c_OVRPlugin.OVRP_1_71_0$$ovrp_UnityOpenXR_OnSessionStateChange.c"
"OVRPlugin.UnityOpenXR$$OnSessionBegin","029011c0","103","90_plus_uncertain_gaze_or_xr_structure_near_certain","uncertain","eye_tracking_capability_present","app_or_custom_namespace","data_collection_or_telemetry","eye_source;weak_source_state;validity_gate;telemetry","strong_eye_source_hits_2;weak_xr_or_state_hits_4;validity_or_gating_hits_2;telemetry_or_network_hits_2;functionality_data_collection_or_telemetry_hits_2","C:\realDesktop\manifest-evaluations\summer-26\ghidra-pipeline\il2cpp-files\vrfs\general-structure-results\90_plus_uncertain_gaze_or_xr_structure_near_certain\029011c0_OVRPlugin.UnityOpenXR$$OnSessionBegin.c"
"OVRPlugin.OVRP_1_71_0$$ovrp_UnityOpenXR_OnSessionBegin","02901280","87","70_high_uncertain_gaze_or_xr_structure_high","uncertain","eye_tracking_capability_present","app_or_custom_namespace","data_collection_or_telemetry","eye_source;weak_source_state;telemetry","strong_eye_source_hits_2;weak_xr_or_state_hits_4;telemetry_or_network_hits_2;functionality_data_collection_or_telemetry_hits_2","C:\realDesktop\manifest-evaluations\summer-26\ghidra-pipeline\il2cpp-files\vrfs\general-structure-results\70_high_uncertain_gaze_or_xr_structure_high\02901280_OVRPlugin.OVRP_1_71_0$$ovrp_UnityOpenXR_OnSessionBegin.c"
"OVRPlugin.UnityOpenXR$$OnSessionEnd","029012fc","109","90_plus_uncertain_gaze_or_xr_structure_near_certain","uncertain","eye_tracking_capability_present","app_or_custom_namespace","data_collection_or_telemetry","eye_source;weak_source_state;validity_gate;telemetry","strong_eye_source_hits_2;weak_xr_or_state_hits_4;validity_or_gating_hits_11;telemetry_or_network_hits_2;functionality_data_collection_or_telemetry_hits_2","C:\realDesktop\manifest-evaluations\summer-26\ghidra-pipeline\il2cpp-files\vrfs\general-structure-results\90_plus_uncertain_gaze_or_xr_structure_near_certain\029012fc_OVRPlugin.UnityOpenXR$$OnSessionEnd.c"
"OVRPlugin.OVRP_1_71_0$$ovrp_UnityOpenXR_OnSessionEnd","029013bc","109","90_plus_uncertain_gaze_or_xr_structure_near_certain","uncertain","eye_tracking_capability_present","app_or_custom_namespace","data_collection_or_telemetry","eye_source;weak_source_state;validity_gate;telemetry","strong_eye_source_hits_2;weak_xr_or_state_hits_4;validity_or_gating_hits_8;telemetry_or_network_hits_2;functionality_data_collection_or_telemetry_hits_2","C:\realDesktop\manifest-evaluations\summer-26\ghidra-pipeline\il2cpp-files\vrfs\general-structure-results\90_plus_uncertain_gaze_or_xr_structure_near_certain\029013bc_OVRPlugin.OVRP_1_71_0$$ovrp_UnityOpenXR_OnSessionEnd.c"
"OVRPlugin.UnityOpenXR$$OnSessionExiting","02901438","109","90_plus_uncertain_gaze_or_xr_structure_near_certain","uncertain","eye_tracking_capability_present","app_or_custom_namespace","data_collection_or_telemetry","eye_source;weak_source_state;validity_gate;telemetry","strong_eye_source_hits_2;weak_xr_or_state_hits_4;validity_or_gating_hits_8;telemetry_or_network_hits_2;functionality_data_collection_or_telemetry_hits_2","C:\realDesktop\manifest-evaluations\summer-26\ghidra-pipeline\il2cpp-files\vrfs\general-structure-results\90_plus_uncertain_gaze_or_xr_structure_near_certain\02901438_OVRPlugin.UnityOpenXR$$OnSessionExiting.c"
"OVRPlugin.OVRP_1_71_0$$ovrp_UnityOpenXR_OnSessionExiting","029014f8","87","70_high_uncertain_gaze_or_xr_structure_high","uncertain","eye_tracking_capability_present","app_or_custom_namespace","data_collection_or_telemetry","eye_source;weak_source_state;telemetry","strong_eye_source_hits_2;weak_xr_or_state_hits_4;telemetry_or_network_hits_2;functionality_data_collection_or_telemetry_hits_2","C:\realDesktop\manifest-evaluations\summer-26\ghidra-pipeline\il2cpp-files\vrfs\general-structure-results\70_high_uncertain_gaze_or_xr_structure_high\029014f8_OVRPlugin.OVRP_1_71_0$$ovrp_UnityOpenXR_OnSessionExiting.c"
"OVRPlugin.UnityOpenXR$$OnSessionDestroy","02901574","100","90_plus_uncertain_gaze_or_xr_structure_near_certain","uncertain","eye_tracking_capability_present","app_or_custom_namespace","data_collection_or_telemetry","eye_source;weak_source_state;validity_gate;telemetry","strong_eye_source_hits_2;weak_xr_or_state_hits_4;validity_or_gating_hits_1;telemetry_or_network_hits_2;functionality_data_collection_or_telemetry_hits_2","C:\realDesktop\manifest-evaluations\summer-26\ghidra-pipeline\il2cpp-files\vrfs\general-structure-results\90_plus_uncertain_gaze_or_xr_structure_near_certain\02901574_OVRPlugin.UnityOpenXR$$OnSessionDestroy.c"
"OVRPlugin.OVRP_1_71_0$$ovrp_UnityOpenXR_OnSessionDestroy","02901634","100","90_plus_uncertain_gaze_or_xr_structure_near_certain","uncertain","eye_tracking_capability_present","app_or_custom_namespace","data_collection_or_telemetry","eye_source;weak_source_state;validity_gate;telemetry","strong_eye_source_hits_2;weak_xr_or_state_hits_4;validity_or_gating_hits_1;telemetry_or_network_hits_2;functionality_data_collection_or_telemetry_hits_2","C:\realDesktop\manifest-evaluations\summer-26\ghidra-pipeline\il2cpp-files\vrfs\general-structure-results\90_plus_uncertain_gaze_or_xr_structure_near_certain\02901634_OVRPlugin.OVRP_1_71_0$$ovrp_UnityOpenXR_OnSessionDestroy.c"
"OVRPlugin.OVRP_1_92_0$$ovrp_QplSetConsent","02901778","75","70_high_uncertain_eye_setup_high","uncertain","eye_tracking_capability_present","app_or_custom_namespace","setup_only","eye_source;weak_source_state;validity_gate","strong_eye_source_hits_2;weak_xr_or_state_hits_2;validity_or_gating_hits_20;functionality_eye_api_context_without_clear_sink_hits_2","C:\realDesktop\manifest-evaluations\summer-26\ghidra-pipeline\il2cpp-files\vrfs\general-structure-results\70_high_uncertain_eye_setup_high\02901778_OVRPlugin.OVRP_1_92_0$$ovrp_QplSetConsent.c"
"OVRPlugin.Qpl$$MarkerStart","029017f4","81","70_high_uncertain_eye_setup_high","uncertain","eye_tracking_capability_present","app_or_custom_namespace","setup_only","eye_source;weak_source_state;validity_gate;frame_behavior","strong_eye_source_hits_2;weak_xr_or_state_hits_2;validity_or_gating_hits_20;frame_or_lifecycle_behavior;functionality_eye_api_context_without_clear_sink_hits_2","C:\realDesktop\manifest-evaluations\summer-26\ghidra-pipeline\il2cpp-files\vrfs\general-structure-results\70_high_uncertain_eye_setup_high\029017f4_OVRPlugin.Qpl$$MarkerStart.c"
"OVRPlugin.OVRP_1_84_0$$ovrp_QplMarkerStart","029018d0","81","70_high_uncertain_eye_setup_high","uncertain","eye_tracking_capability_present","app_or_custom_namespace","setup_only","eye_source;weak_source_state;validity_gate;frame_behavior","strong_eye_source_hits_2;weak_xr_or_state_hits_2;validity_or_gating_hits_20;frame_or_lifecycle_behavior;functionality_eye_api_context_without_clear_sink_hits_2","C:\realDesktop\manifest-evaluations\summer-26\ghidra-pipeline\il2cpp-files\vrfs\general-structure-results\70_high_uncertain_eye_setup_high\029018d0_OVRPlugin.OVRP_1_84_0$$ovrp_QplMarkerStart.c"
"FUN_02902028","02902028","87","70_high_uncertain_eye_setup_high","uncertain","eye_tracking_capability_present","app_or_custom_namespace","setup_only","eye_source;weak_source_state;validity_gate;paired_state_refs","strong_eye_source_hits_2;weak_xr_or_state_hits_2;validity_or_gating_hits_21;paired_field_refs_with_eye_source;functionality_eye_api_context_without_clear_sink_hits_2","C:\realDesktop\manifest-evaluations\summer-26\ghidra-pipeline\il2cpp-files\vrfs\general-structure-results\70_high_uncertain_eye_setup_high\02902028_FUN_02902028.c"
"OVRPlugin.OVRP_1_84_0$$ovrp_QplMarkerAnnotation","029020f8","101","90_plus_uncertain_eye_setup_near_certain","uncertain","eye_tracking_capability_present","app_or_custom_namespace","setup_only","eye_source;weak_source_state;validity_gate;paired_state_refs","strong_eye_source_hits_4;weak_xr_or_state_hits_4;validity_or_gating_hits_21;paired_field_refs_with_eye_source;functionality_eye_api_context_without_clear_sink_hits_4","C:\realDesktop\manifest-evaluations\summer-26\ghidra-pipeline\il2cpp-files\vrfs\general-structure-results\90_plus_uncertain_eye_setup_near_certain\029020f8_OVRPlugin.OVRP_1_84_0$$ovrp_QplMarkerAnnotation.c"
"OVRPlugin.Qpl$$MarkerAnnotation","029021c0","101","90_plus_uncertain_eye_setup_near_certain","uncertain","eye_tracking_capability_present","app_or_custom_namespace","setup_only","eye_source;weak_source_state;validity_gate;paired_state_refs","strong_eye_source_hits_4;weak_xr_or_state_hits_4;validity_or_gating_hits_21;paired_field_refs_with_eye_source;functionality_eye_api_context_without_clear_sink_hits_4","C:\realDesktop\manifest-evaluations\summer-26\ghidra-pipeline\il2cpp-files\vrfs\general-structure-results\90_plus_uncertain_eye_setup_near_certain\029021c0_OVRPlugin.Qpl$$MarkerAnnotation.c"
"OVRPlugin.OVRP_1_96_0$$ovrp_QplMarkerAnnotationVariant","029022d0","87","70_high_uncertain_eye_setup_high","uncertain","eye_tracking_capability_present","app_or_custom_namespace","setup_only","eye_source;weak_source_state;validity_gate;paired_state_refs","strong_eye_source_hits_2;weak_xr_or_state_hits_2;validity_or_gating_hits_19;paired_field_refs_with_eye_source;functionality_eye_api_context_without_clear_sink_hits_2","C:\realDesktop\manifest-evaluations\summer-26\ghidra-pipeline\il2cpp-files\vrfs\general-structure-results\70_high_uncertain_eye_setup_high\029022d0_OVRPlugin.OVRP_1_96_0$$ovrp_QplMarkerAnnotationVariant.c"
"OVRPlugin.Qpl$$CreateMarkerHandle","02902388","87","70_high_uncertain_eye_setup_high","uncertain","eye_tracking_capability_present","app_or_custom_namespace","setup_only","eye_source;weak_source_state;validity_gate;paired_state_refs","strong_eye_source_hits_2;weak_xr_or_state_hits_2;validity_or_gating_hits_11;paired_field_refs_with_eye_source;functionality_eye_api_context_without_clear_sink_hits_2","C:\realDesktop\manifest-evaluations\summer-26\ghidra-pipeline\il2cpp-files\vrfs\general-structure-results\70_high_uncertain_eye_setup_high\02902388_OVRPlugin.Qpl$$CreateMarkerHandle.c"
"OVRPlugin.OVRP_1_84_0$$ovrp_QplCreateMarkerHandle","02902464","72","70_high_uncertain_eye_setup_high","uncertain","eye_tracking_capability_present","app_or_custom_namespace","setup_only","eye_source;weak_source_state;validity_gate","strong_eye_source_hits_2;weak_xr_or_state_hits_2;validity_or_gating_hits_3;functionality_eye_api_context_without_clear_sink_hits_2","C:\realDesktop\manifest-evaluations\summer-26\ghidra-pipeline\il2cpp-files\vrfs\general-structure-results\70_high_uncertain_eye_setup_high\02902464_OVRPlugin.OVRP_1_84_0$$ovrp_QplCreateMarkerHandle.c"
"OVRPlugin.Qpl.Annotation.Builder$$ToNativeArray","02902afc","81","70_high_uncertain_eye_setup_high","uncertain","eye_tracking_capability_present","app_or_custom_namespace","setup_only","eye_source;weak_source_state;pose_vector","strong_eye_source_hits_2;weak_xr_or_state_hits_2;strong_pose_or_ray_construction_hits_4;functionality_eye_api_context_without_clear_sink_hits_2","C:\realDesktop\manifest-evaluations\summer-26\ghidra-pipeline\il2cpp-files\vrfs\general-structure-results\70_high_uncertain_eye_setup_high\02902afc_OVRPlugin.Qpl.Annotation.Builder$$ToNativeArray.c"
"OVRPlugin.Qpl.Annotation.Builder$$Dispose","02902d0c","73","70_high_uncertain_eye_setup_high","uncertain","eye_tracking_capability_present","app_or_custom_namespace","setup_only","eye_source;weak_source_state;pose_vector","strong_eye_source_hits_2;weak_xr_or_state_hits_2;strong_pose_or_ray_construction_hits_2;functionality_eye_api_context_without_clear_sink_hits_2","C:\realDesktop\manifest-evaluations\summer-26\ghidra-pipeline\il2cpp-files\vrfs\general-structure-results\70_high_uncertain_eye_setup_high\02902d0c_OVRPlugin.Qpl.Annotation.Builder$$Dispose.c"
"OVRPlugin.OVRP_0_1_1$$ovrp_SetOverlayQuad2","02902ff4","72","70_high_uncertain_eye_setup_high","uncertain","eye_tracking_capability_present","app_or_custom_namespace","setup_only","eye_source;weak_source_state;validity_gate","strong_eye_source_hits_2;weak_xr_or_state_hits_2;validity_or_gating_hits_3;functionality_eye_api_context_without_clear_sink_hits_2","C:\realDesktop\manifest-evaluations\summer-26\ghidra-pipeline\il2cpp-files\vrfs\general-structure-results\70_high_uncertain_eye_setup_high\02902ff4_OVRPlugin.OVRP_0_1_1$$ovrp_SetOverlayQuad2.c"
"OVRPlugin.OVRP_0_1_2$$ovrp_GetNodePose","02903168","88","70_high_uncertain_eye_setup_high","uncertain","eye_tracking_capability_present","app_or_custom_namespace","setup_only","eye_source;weak_source_state;validity_gate;pose_vector","strong_eye_source_hits_2;weak_xr_or_state_hits_4;validity_or_gating_hits_1;strong_pose_or_ray_construction_hits_2;functionality_eye_api_context_without_clear_sink_hits_2","C:\realDesktop\manifest-evaluations\summer-26\ghidra-pipeline\il2cpp-files\vrfs\general-structure-results\70_high_uncertain_eye_setup_high\02903168_OVRPlugin.OVRP_0_1_2$$ovrp_GetNodePose.c"
"OVRPlugin.OVRP_0_1_3$$ovrp_GetNodeAcceleration","02903394","72","70_high_uncertain_eye_setup_high","uncertain","eye_tracking_capability_present","app_or_custom_namespace","setup_only","eye_source;weak_source_state;validity_gate","strong_eye_source_hits_2;weak_xr_or_state_hits_2;validity_or_gating_hits_3;functionality_eye_api_context_without_clear_sink_hits_2","C:\realDesktop\manifest-evaluations\summer-26\ghidra-pipeline\il2cpp-files\vrfs\general-structure-results\70_high_uncertain_eye_setup_high\02903394_OVRPlugin.OVRP_0_1_3$$ovrp_GetNodeAcceleration.c"
"OVRPlugin.OVRP_1_0_0$$ovrp_GetTrackingCalibratedOrigin","0290361c","88","70_high_uncertain_gaze_or_xr_structure_high","uncertain","eye_tracking_capability_present","app_or_custom_namespace","gaze_retrieval","eye_source;weak_source_state;validity_gate;pose_vector","strong_eye_source_hits_2;weak_xr_or_state_hits_4;validity_or_gating_hits_1;strong_pose_or_ray_construction_hits_2;functionality_gaze_retrieval_or_extraction","C:\realDesktop\manifest-evaluations\summer-26\ghidra-pipeline\il2cpp-files\vrfs\general-structure-results\70_high_uncertain_gaze_or_xr_structure_high\0290361c_OVRPlugin.OVRP_1_0_0$$ovrp_GetTrackingCalibratedOrigin.c"
"OVRPlugin.OVRP_1_0_0$$ovrp_RecenterTrackingOrigin","02903690","75","70_high_uncertain_gaze_or_xr_structure_high","uncertain","eye_tracking_capability_present","app_or_custom_namespace","gaze_retrieval","eye_source;weak_source_state;pose_vector","strong_eye_source_hits_2;weak_xr_or_state_hits_4;strong_pose_or_ray_construction_hits_2;functionality_gaze_retrieval_or_extraction","C:\realDesktop\manifest-evaluations\summer-26\ghidra-pipeline\il2cpp-files\vrfs\general-structure-results\70_high_uncertain_gaze_or_xr_structure_high\02903690_OVRPlugin.OVRP_1_0_0$$ovrp_RecenterTrackingOrigin.c"
"OVRPlugin.OVRP_1_1_0$$ovrp_GetInitialized","0290379c","72","70_high_uncertain_eye_setup_high","uncertain","eye_tracking_capability_present","app_or_custom_namespace","setup_only","eye_source;weak_source_state;validity_gate","strong_eye_source_hits_2;weak_xr_or_state_hits_2;validity_or_gating_hits_3;functionality_eye_api_context_without_clear_sink_hits_2","C:\realDesktop\manifest-evaluations\summer-26\ghidra-pipeline\il2cpp-files\vrfs\general-structure-results\70_high_uncertain_eye_setup_high\0290379c_OVRPlugin.OVRP_1_1_0$$ovrp_GetInitialized.c"
"OVRPlugin.OVRP_1_1_0$$_ovrp_GetSystemProductName","02904528","72","70_high_uncertain_eye_setup_high","uncertain","eye_tracking_capability_present","app_or_custom_namespace","setup_only","eye_source;weak_source_state;validity_gate","strong_eye_source_hits_2;weak_xr_or_state_hits_2;validity_or_gating_hits_3;functionality_eye_api_context_without_clear_sink_hits_2","C:\realDesktop\manifest-evaluations\summer-26\ghidra-pipeline\il2cpp-files\vrfs\general-structure-results\70_high_uncertain_eye_setup_high\02904528_OVRPlugin.OVRP_1_1_0$$_ovrp_GetSystemProductName.c"
"OVRPlugin.OVRP_1_1_0$$ovrp_GetAppHasVrFocus","02904774","80","70_high_uncertain_eye_setup_high","uncertain","eye_tracking_capability_present","app_or_custom_namespace","setup_only","eye_source;weak_source_state;validity_gate;ui_interaction","strong_eye_source_hits_2;weak_xr_or_state_hits_2;validity_or_gating_hits_1;ui_or_gameplay_sink_hits_2;functionality_eye_api_context_without_clear_sink_hits_2","C:\realDesktop\manifest-evaluations\summer-26\ghidra-pipeline\il2cpp-files\vrfs\general-structure-results\70_high_uncertain_eye_setup_high\02904774_OVRPlugin.OVRP_1_1_0$$ovrp_GetAppHasVrFocus.c"
"OVRPlugin.OVRP_1_1_0$$ovrp_GetAppLatencyTimings","02904914","72","70_high_uncertain_eye_setup_high","uncertain","eye_tracking_capability_present","app_or_custom_namespace","setup_only","eye_source;weak_source_state;validity_gate","strong_eye_source_hits_2;weak_xr_or_state_hits_2;validity_or_gating_hits_3;functionality_eye_api_context_without_clear_sink_hits_2","C:\realDesktop\manifest-evaluations\summer-26\ghidra-pipeline\il2cpp-files\vrfs\general-structure-results\70_high_uncertain_eye_setup_high\02904914_OVRPlugin.OVRP_1_1_0$$ovrp_GetAppLatencyTimings.c"
"OVRPlugin.OVRP_1_1_0$$ovrp_GetUserIPD","02904a00","72","70_high_uncertain_eye_setup_high","uncertain","eye_tracking_capability_present","app_or_custom_namespace","setup_only","eye_source;weak_source_state;validity_gate","strong_eye_source_hits_2;weak_xr_or_state_hits_2;validity_or_gating_hits_3;functionality_eye_api_context_without_clear_sink_hits_2","C:\realDesktop\manifest-evaluations\summer-26\ghidra-pipeline\il2cpp-files\vrfs\general-structure-results\70_high_uncertain_eye_setup_high\02904a00_OVRPlugin.OVRP_1_1_0$$ovrp_GetUserIPD.c"
"OVRPlugin.OVRP_1_2_0$$ovrpi_SetTrackingCalibratedOrigin","02904dac","86","70_high_uncertain_gaze_or_xr_structure_high","uncertain","eye_tracking_capability_present","app_or_custom_namespace","gaze_retrieval","eye_source;weak_source_state;validity_gate;pose_vector","strong_eye_source_hits_2;weak_xr_or_state_hits_2;validity_or_gating_hits_1;strong_pose_or_ray_construction_hits_2;functionality_gaze_retrieval_or_extraction","C:\realDesktop\manifest-evaluations\summer-26\ghidra-pipeline\il2cpp-files\vrfs\general-structure-results\70_high_uncertain_gaze_or_xr_structure_high\02904dac_OVRPlugin.OVRP_1_2_0$$ovrpi_SetTrackingCalibratedOrigin.c"
"OVRPlugin.OVRP_1_6_0$$ovrp_GetControllerHapticsState","029052e0","74","70_high_uncertain_eye_setup_high","uncertain","eye_tracking_capability_present","app_or_custom_namespace","setup_only","eye_source;weak_source_state;validity_gate","strong_eye_source_hits_2;weak_xr_or_state_hits_4;validity_or_gating_hits_3;functionality_eye_api_context_without_clear_sink_hits_2","C:\realDesktop\manifest-evaluations\summer-26\ghidra-pipeline\il2cpp-files\vrfs\general-structure-results\70_high_uncertain_eye_setup_high\029052e0_OVRPlugin.OVRP_1_6_0$$ovrp_GetControllerHapticsState.c"
"OVRPlugin.OVRP_1_6_0$$ovrp_GetAppCpuStartToGpuEndTime","02905540","72","70_high_uncertain_eye_setup_high","uncertain","eye_tracking_capability_present","app_or_custom_namespace","setup_only","eye_source;weak_source_state;validity_gate;frame_behavior","strong_eye_source_hits_2;weak_xr_or_state_hits_2;validity_or_gating_hits_1;frame_or_lifecycle_behavior;functionality_eye_api_context_without_clear_sink_hits_2","C:\realDesktop\manifest-evaluations\summer-26\ghidra-pipeline\il2cpp-files\vrfs\general-structure-results\70_high_uncertain_eye_setup_high\02905540_OVRPlugin.OVRP_1_6_0$$ovrp_GetAppCpuStartToGpuEndTime.c"
"OVRPlugin.OVRP_1_8_0$$ovrp_GetBoundaryConfigured","02905810","72","70_high_uncertain_eye_setup_high","uncertain","eye_tracking_capability_present","app_or_custom_namespace","setup_only","eye_source;weak_source_state;validity_gate","strong_eye_source_hits_2;weak_xr_or_state_hits_2;validity_or_gating_hits_3;functionality_eye_api_context_without_clear_sink_hits_2","C:\realDesktop\manifest-evaluations\summer-26\ghidra-pipeline\il2cpp-files\vrfs\general-structure-results\70_high_uncertain_eye_setup_high\02905810_OVRPlugin.OVRP_1_8_0$$ovrp_GetBoundaryConfigured.c"
"OVRPlugin.OVRP_1_8_0$$ovrp_TestBoundaryPoint","0290590c","72","70_high_uncertain_eye_setup_high","uncertain","eye_tracking_capability_present","app_or_custom_namespace","setup_only","eye_source;weak_source_state;validity_gate","strong_eye_source_hits_2;weak_xr_or_state_hits_2;validity_or_gating_hits_3;functionality_eye_api_context_without_clear_sink_hits_2","C:\realDesktop\manifest-evaluations\summer-26\ghidra-pipeline\il2cpp-files\vrfs\general-structure-results\70_high_uncertain_eye_setup_high\0290590c_OVRPlugin.OVRP_1_8_0$$ovrp_TestBoundaryPoint.c"
"OVRPlugin.OVRP_1_8_0$$ovrp_GetBoundaryVisible","02905adc","72","70_high_uncertain_eye_setup_high","uncertain","eye_tracking_capability_present","app_or_custom_namespace","setup_only","eye_source;weak_source_state;validity_gate","strong_eye_source_hits_2;weak_xr_or_state_hits_2;validity_or_gating_hits_3;functionality_eye_api_context_without_clear_sink_hits_2","C:\realDesktop\manifest-evaluations\summer-26\ghidra-pipeline\il2cpp-files\vrfs\general-structure-results\70_high_uncertain_eye_setup_high\02905adc_OVRPlugin.OVRP_1_8_0$$ovrp_GetBoundaryVisible.c"
"OVRPlugin.OVRP_1_8_0$$ovrp_GetNodeVelocity2","02905ce8","72","70_high_uncertain_eye_setup_high","uncertain","eye_tracking_capability_present","app_or_custom_namespace","setup_only","eye_source;weak_source_state;validity_gate","strong_eye_source_hits_2;weak_xr_or_state_hits_2;validity_or_gating_hits_3;functionality_eye_api_context_without_clear_sink_hits_2","C:\realDesktop\manifest-evaluations\summer-26\ghidra-pipeline\il2cpp-files\vrfs\general-structure-results\70_high_uncertain_eye_setup_high\02905ce8_OVRPlugin.OVRP_1_8_0$$ovrp_GetNodeVelocity2.c"
"OVRPlugin.OVRP_1_9_0$$ovrp_ResetAppPerfStats","029060fc","72","70_high_uncertain_eye_setup_high","uncertain","eye_tracking_capability_present","app_or_custom_namespace","setup_only","eye_source;weak_source_state;validity_gate","strong_eye_source_hits_2;weak_xr_or_state_hits_2;validity_or_gating_hits_3;functionality_eye_api_context_without_clear_sink_hits_2","C:\realDesktop\manifest-evaluations\summer-26\ghidra-pipeline\il2cpp-files\vrfs\general-structure-results\70_high_uncertain_eye_setup_high\029060fc_OVRPlugin.OVRP_1_9_0$$ovrp_ResetAppPerfStats.c"
"OVRPlugin.OVRP_1_12_0$$.cctor","02906574","72","70_high_uncertain_eye_setup_high","uncertain","eye_tracking_capability_present","app_or_custom_namespace","setup_only","eye_source;weak_source_state;validity_gate","strong_eye_source_hits_2;weak_xr_or_state_hits_2;validity_or_gating_hits_3;functionality_eye_api_context_without_clear_sink_hits_2","C:\realDesktop\manifest-evaluations\summer-26\ghidra-pipeline\il2cpp-files\vrfs\general-structure-results\70_high_uncertain_eye_setup_high\02906574_OVRPlugin.OVRP_1_12_0$$.cctor.c"
"OVRPlugin.OVRP_1_15_0$$ovrp_ShutdownMixedReality","0290666c","72","70_high_uncertain_eye_setup_high","uncertain","eye_tracking_capability_present","app_or_custom_namespace","setup_only","eye_source;weak_source_state;validity_gate","strong_eye_source_hits_2;weak_xr_or_state_hits_2;validity_or_gating_hits_3;functionality_eye_api_context_without_clear_sink_hits_2","C:\realDesktop\manifest-evaluations\summer-26\ghidra-pipeline\il2cpp-files\vrfs\general-structure-results\70_high_uncertain_eye_setup_high\0290666c_OVRPlugin.OVRP_1_15_0$$ovrp_ShutdownMixedReality.c"
"OVRPlugin.OVRP_1_15_0$$ovrp_EnqueueSubmitLayer","02906d24","80","70_high_uncertain_eye_setup_high","uncertain","eye_tracking_capability_present","app_or_custom_namespace","setup_only","eye_source;weak_source_state;validity_gate;ui_interaction","strong_eye_source_hits_2;weak_xr_or_state_hits_2;validity_or_gating_hits_1;ui_or_gameplay_sink_hits_2;functionality_eye_api_context_without_clear_sink_hits_2","C:\realDesktop\manifest-evaluations\summer-26\ghidra-pipeline\il2cpp-files\vrfs\general-structure-results\70_high_uncertain_eye_setup_high\02906d24_OVRPlugin.OVRP_1_15_0$$ovrp_EnqueueSubmitLayer.c"
"OVRPlugin.OVRP_1_16_0$$ovrp_UpdateCameraDevices","02906f6c","75","70_high_uncertain_eye_setup_high","uncertain","eye_tracking_capability_present","app_or_custom_namespace","setup_only","eye_source;weak_source_state;validity_gate;frame_behavior","strong_eye_source_hits_2;weak_xr_or_state_hits_2;validity_or_gating_hits_2;frame_or_lifecycle_behavior;functionality_eye_api_context_without_clear_sink_hits_2","C:\realDesktop\manifest-evaluations\summer-26\ghidra-pipeline\il2cpp-files\vrfs\general-structure-results\70_high_uncertain_eye_setup_high\02906f6c_OVRPlugin.OVRP_1_16_0$$ovrp_UpdateCameraDevices.c"
"OVRPlugin.OVRP_1_16_0$$ovrp_CloseCameraDevice","02907150","100","90_plus_uncertain_gaze_or_xr_structure_near_certain","uncertain","eye_tracking_capability_present","app_or_custom_namespace","data_collection_or_telemetry","eye_source;weak_source_state;validity_gate;data_collection","strong_eye_source_hits_2;weak_xr_or_state_hits_2;validity_or_gating_hits_3;strong_file_logging_hits_2;functionality_data_collection_or_telemetry_hits_2","C:\realDesktop\manifest-evaluations\summer-26\ghidra-pipeline\il2cpp-files\vrfs\general-structure-results\90_plus_uncertain_gaze_or_xr_structure_near_certain\02907150_OVRPlugin.OVRP_1_16_0$$ovrp_CloseCameraDevice.c"
"OVRPlugin.OVRP_1_16_0$$ovrp_IsCameraDeviceColorFrameAvailable","02907248","71","70_high_uncertain_eye_setup_high","uncertain","eye_tracking_capability_present","app_or_custom_namespace","setup_only","eye_source;weak_source_state;validity_gate","strong_eye_source_hits_2;weak_xr_or_state_hits_4;validity_or_gating_hits_2;functionality_eye_api_context_without_clear_sink_hits_2","C:\realDesktop\manifest-evaluations\summer-26\ghidra-pipeline\il2cpp-files\vrfs\general-structure-results\70_high_uncertain_eye_setup_high\02907248_OVRPlugin.OVRP_1_16_0$$ovrp_IsCameraDeviceColorFrameAvailable.c"
"OVRPlugin.OVRP_1_16_0$$.cctor","02907460","72","70_high_uncertain_eye_setup_high","uncertain","eye_tracking_capability_present","app_or_custom_namespace","setup_only","eye_source;weak_source_state;validity_gate","strong_eye_source_hits_2;weak_xr_or_state_hits_2;validity_or_gating_hits_3;functionality_eye_api_context_without_clear_sink_hits_2","C:\realDesktop\manifest-evaluations\summer-26\ghidra-pipeline\il2cpp-files\vrfs\general-structure-results\70_high_uncertain_eye_setup_high\02907460_OVRPlugin.OVRP_1_16_0$$.cctor.c"
"OVRPlugin.OVRP_1_28_0$$ovrp_SendEvent","02907d84","101","90_plus_uncertain_gaze_or_xr_structure_near_certain","uncertain","eye_tracking_capability_present","app_or_custom_namespace","data_collection_or_telemetry","eye_source;weak_source_state;validity_gate;telemetry","strong_eye_source_hits_2;weak_xr_or_state_hits_2;validity_or_gating_hits_2;telemetry_or_network_hits_2;functionality_data_collection_or_telemetry_hits_2","C:\realDesktop\manifest-evaluations\summer-26\ghidra-pipeline\il2cpp-files\vrfs\general-structure-results\90_plus_uncertain_gaze_or_xr_structure_near_certain\02907d84_OVRPlugin.OVRP_1_28_0$$ovrp_SendEvent.c"
"OVRPlugin.OVRP_1_29_0$$ovrp_SetHeadPoseModifier","02907fe0","72","70_high_uncertain_eye_setup_high","uncertain","eye_tracking_capability_present","app_or_custom_namespace","setup_only","eye_source;weak_source_state;validity_gate","strong_eye_source_hits_2;weak_xr_or_state_hits_2;validity_or_gating_hits_3;functionality_eye_api_context_without_clear_sink_hits_2","C:\realDesktop\manifest-evaluations\summer-26\ghidra-pipeline\il2cpp-files\vrfs\general-structure-results\70_high_uncertain_eye_setup_high\02907fe0_OVRPlugin.OVRP_1_29_0$$ovrp_SetHeadPoseModifier.c"
"OVRPlugin.OVRP_1_29_0$$ovrp_GetHeadPoseModifier","02908064","71","70_high_uncertain_eye_setup_high","uncertain","eye_tracking_capability_present","app_or_custom_namespace","setup_only","eye_source;weak_source_state;validity_gate","strong_eye_source_hits_2;weak_xr_or_state_hits_4;validity_or_gating_hits_2;functionality_eye_api_context_without_clear_sink_hits_2","C:\realDesktop\manifest-evaluations\summer-26\ghidra-pipeline\il2cpp-files\vrfs\general-structure-results\70_high_uncertain_eye_setup_high\02908064_OVRPlugin.OVRP_1_29_0$$ovrp_GetHeadPoseModifier.c"
"OVRPlugin.OVRP_1_29_0$$ovrp_GetNodePoseStateRaw","029080e8","71","70_high_uncertain_eye_setup_high","uncertain","eye_tracking_capability_present","app_or_custom_namespace","setup_only","eye_source;weak_source_state;validity_gate","strong_eye_source_hits_2;weak_xr_or_state_hits_4;validity_or_gating_hits_2;functionality_eye_api_context_without_clear_sink_hits_2","C:\realDesktop\manifest-evaluations\summer-26\ghidra-pipeline\il2cpp-files\vrfs\general-structure-results\70_high_uncertain_eye_setup_high\029080e8_OVRPlugin.OVRP_1_29_0$$ovrp_GetNodePoseStateRaw.c"
"OVRPlugin.OVRP_1_30_0$$ovrp_GetCurrentTrackingTransformPose","02908214","75","70_high_uncertain_eye_setup_high","uncertain","eye_tracking_capability_present","app_or_custom_namespace","setup_only","eye_source;weak_source_state;pose_vector","strong_eye_source_hits_2;weak_xr_or_state_hits_4;strong_pose_or_ray_construction_hits_2;functionality_eye_api_context_without_clear_sink_hits_2","C:\realDesktop\manifest-evaluations\summer-26\ghidra-pipeline\il2cpp-files\vrfs\general-structure-results\70_high_uncertain_eye_setup_high\02908214_OVRPlugin.OVRP_1_30_0$$ovrp_GetCurrentTrackingTransformPose.c"
"OVRPlugin.OVRP_1_30_0$$ovrp_GetTrackingTransformRawPose","02908290","97","90_plus_uncertain_eye_setup_near_certain","uncertain","eye_tracking_capability_present","app_or_custom_namespace","setup_only","eye_source;weak_source_state;validity_gate;pose_vector","strong_eye_source_hits_2;weak_xr_or_state_hits_4;validity_or_gating_hits_7;strong_pose_or_ray_construction_hits_2;functionality_eye_api_context_without_clear_sink_hits_2","C:\realDesktop\manifest-evaluations\summer-26\ghidra-pipeline\il2cpp-files\vrfs\general-structure-results\90_plus_uncertain_eye_setup_near_certain\02908290_OVRPlugin.OVRP_1_30_0$$ovrp_GetTrackingTransformRawPose.c"
"OVRPlugin.OVRP_1_30_0$$ovrp_SendEvent2","0290830c","101","90_plus_uncertain_gaze_or_xr_structure_near_certain","uncertain","eye_tracking_capability_present","app_or_custom_namespace","data_collection_or_telemetry","eye_source;weak_source_state;validity_gate;telemetry","strong_eye_source_hits_2;weak_xr_or_state_hits_2;validity_or_gating_hits_2;telemetry_or_network_hits_2;functionality_data_collection_or_telemetry_hits_2","C:\realDesktop\manifest-evaluations\summer-26\ghidra-pipeline\il2cpp-files\vrfs\general-structure-results\90_plus_uncertain_gaze_or_xr_structure_near_certain\0290830c_OVRPlugin.OVRP_1_30_0$$ovrp_SendEvent2.c"
"OVRPlugin.OVRP_1_31_0$$ovrp_SetColorScaleAndOffset","0290867c","83","70_high_uncertain_eye_setup_high","uncertain","eye_tracking_capability_present","app_or_custom_namespace","setup_only","eye_source;weak_source_state;validity_gate;ui_interaction","strong_eye_source_hits_2;weak_xr_or_state_hits_2;validity_or_gating_hits_2;ui_or_gameplay_sink_hits_2;functionality_eye_api_context_without_clear_sink_hits_2","C:\realDesktop\manifest-evaluations\summer-26\ghidra-pipeline\il2cpp-files\vrfs\general-structure-results\70_high_uncertain_eye_setup_high\0290867c_OVRPlugin.OVRP_1_31_0$$ovrp_SetColorScaleAndOffset.c"
"FUN_02908904","02908904","75","70_high_uncertain_eye_setup_high","uncertain","eye_tracking_capability_present","app_or_custom_namespace","setup_only","eye_source;weak_source_state;validity_gate","strong_eye_source_hits_2;weak_xr_or_state_hits_2;validity_or_gating_hits_11;functionality_eye_api_context_without_clear_sink_hits_2","C:\realDesktop\manifest-evaluations\summer-26\ghidra-pipeline\il2cpp-files\vrfs\general-structure-results\70_high_uncertain_eye_setup_high\02908904_FUN_02908904.c"
"OVRPlugin.OVRP_1_34_0$$ovrp_EnqueueSubmitLayer2","0290892c","103","90_plus_uncertain_eye_setup_near_certain","uncertain","eye_tracking_capability_present","app_or_custom_namespace","setup_only","eye_source;weak_source_state;validity_gate;ui_interaction","strong_eye_source_hits_4;weak_xr_or_state_hits_4;validity_or_gating_hits_11;ui_or_gameplay_sink_hits_2;functionality_eye_api_context_without_clear_sink_hits_4","C:\realDesktop\manifest-evaluations\summer-26\ghidra-pipeline\il2cpp-files\vrfs\general-structure-results\90_plus_uncertain_eye_setup_near_certain\0290892c_OVRPlugin.OVRP_1_34_0$$ovrp_EnqueueSubmitLayer2.c"
"OVRPlugin.OVRP_1_34_0$$.cctor","02908a28","89","70_high_uncertain_eye_setup_high","uncertain","eye_tracking_capability_present","app_or_custom_namespace","setup_only","eye_source;weak_source_state;validity_gate","strong_eye_source_hits_4;weak_xr_or_state_hits_4;validity_or_gating_hits_11;functionality_eye_api_context_without_clear_sink_hits_4","C:\realDesktop\manifest-evaluations\summer-26\ghidra-pipeline\il2cpp-files\vrfs\general-structure-results\70_high_uncertain_eye_setup_high\02908a28_OVRPlugin.OVRP_1_34_0$$.cctor.c"
"OVRPlugin.OVRP_1_35_0$$.cctor","02908ab8","89","70_high_uncertain_eye_setup_high","uncertain","eye_tracking_capability_present","app_or_custom_namespace","setup_only","eye_source;weak_source_state;validity_gate","strong_eye_source_hits_4;weak_xr_or_state_hits_4;validity_or_gating_hits_13;functionality_eye_api_context_without_clear_sink_hits_4","C:\realDesktop\manifest-evaluations\summer-26\ghidra-pipeline\il2cpp-files\vrfs\general-structure-results\70_high_uncertain_eye_setup_high\02908ab8_OVRPlugin.OVRP_1_35_0$$.cctor.c"
"OVRPlugin.OVRP_1_36_0$$.cctor","02908b48","75","70_high_uncertain_eye_setup_high","uncertain","eye_tracking_capability_present","app_or_custom_namespace","setup_only","eye_source;weak_source_state;validity_gate","strong_eye_source_hits_2;weak_xr_or_state_hits_2;validity_or_gating_hits_15;functionality_eye_api_context_without_clear_sink_hits_2","C:\realDesktop\manifest-evaluations\summer-26\ghidra-pipeline\il2cpp-files\vrfs\general-structure-results\70_high_uncertain_eye_setup_high\02908b48_OVRPlugin.OVRP_1_36_0$$.cctor.c"
"OVRPlugin.OVRP_1_37_0$$.cctor","02908bd8","89","70_high_uncertain_eye_setup_high","uncertain","eye_tracking_capability_present","app_or_custom_namespace","setup_only","eye_source;weak_source_state;validity_gate","strong_eye_source_hits_4;weak_xr_or_state_hits_4;validity_or_gating_hits_15;functionality_eye_api_context_without_clear_sink_hits_4","C:\realDesktop\manifest-evaluations\summer-26\ghidra-pipeline\il2cpp-files\vrfs\general-structure-results\70_high_uncertain_eye_setup_high\02908bd8_OVRPlugin.OVRP_1_37_0$$.cctor.c"
"OVRPlugin.OVRP_1_38_0$$ovrp_GetTrackingTransformRelativePose","02908c68","109","90_plus_uncertain_eye_setup_near_certain","uncertain","eye_tracking_capability_present","app_or_custom_namespace","setup_only","eye_source;weak_source_state;validity_gate;pose_vector","strong_eye_source_hits_4;weak_xr_or_state_hits_6;validity_or_gating_hits_13;strong_pose_or_ray_construction_hits_2;functionality_eye_api_context_without_clear_sink_hits_4","C:\realDesktop\manifest-evaluations\summer-26\ghidra-pipeline\il2cpp-files\vrfs\general-structure-results\90_plus_uncertain_eye_setup_near_certain\02908c68_OVRPlugin.OVRP_1_38_0$$ovrp_GetTrackingTransformRelativePose.c"
"OVRPlugin.OVRP_1_38_0$$ovrp_Media_Initialize","02908cec","89","70_high_uncertain_eye_setup_high","uncertain","eye_tracking_capability_present","app_or_custom_namespace","setup_only","eye_source;weak_source_state;validity_gate","strong_eye_source_hits_4;weak_xr_or_state_hits_4;validity_or_gating_hits_15;functionality_eye_api_context_without_clear_sink_hits_4","C:\realDesktop\manifest-evaluations\summer-26\ghidra-pipeline\il2cpp-files\vrfs\general-structure-results\70_high_uncertain_eye_setup_high\02908cec_OVRPlugin.OVRP_1_38_0$$ovrp_Media_Initialize.c"
"OVRPlugin.OVRP_1_38_0$$ovrp_Media_Shutdown","02908d54","89","70_high_uncertain_eye_setup_high","uncertain","eye_tracking_capability_present","app_or_custom_namespace","setup_only","eye_source;weak_source_state;validity_gate","strong_eye_source_hits_4;weak_xr_or_state_hits_4;validity_or_gating_hits_15;functionality_eye_api_context_without_clear_sink_hits_4","C:\realDesktop\manifest-evaluations\summer-26\ghidra-pipeline\il2cpp-files\vrfs\general-structure-results\70_high_uncertain_eye_setup_high\02908d54_OVRPlugin.OVRP_1_38_0$$ovrp_Media_Shutdown.c"
"OVRPlugin.OVRP_1_38_0$$ovrp_Media_Update","02908e38","78","70_high_uncertain_eye_setup_high","uncertain","eye_tracking_capability_present","app_or_custom_namespace","setup_only","eye_source;weak_source_state;validity_gate;frame_behavior","strong_eye_source_hits_2;weak_xr_or_state_hits_2;validity_or_gating_hits_3;frame_or_lifecycle_behavior;functionality_eye_api_context_without_clear_sink_hits_2","C:\realDesktop\manifest-evaluations\summer-26\ghidra-pipeline\il2cpp-files\vrfs\general-structure-results\70_high_uncertain_eye_setup_high\02908e38_OVRPlugin.OVRP_1_38_0$$ovrp_Media_Update.c"
"OVRPlugin.OVRP_1_38_0$$ovrp_Media_GetMrcActivationMode","02908ea0","72","70_high_uncertain_eye_setup_high","uncertain","eye_tracking_capability_present","app_or_custom_namespace","setup_only","eye_source;weak_source_state;validity_gate","strong_eye_source_hits_2;weak_xr_or_state_hits_2;validity_or_gating_hits_3;functionality_eye_api_context_without_clear_sink_hits_2","C:\realDesktop\manifest-evaluations\summer-26\ghidra-pipeline\il2cpp-files\vrfs\general-structure-results\70_high_uncertain_eye_setup_high\02908ea0_OVRPlugin.OVRP_1_38_0$$ovrp_Media_GetMrcActivationMode.c"
"OVRPlugin.OVRP_1_38_0$$ovrp_Media_IsMrcEnabled","02908f98","77","70_high_uncertain_eye_setup_high","uncertain","eye_tracking_capability_present","app_or_custom_namespace","setup_only","eye_source;weak_source_state;validity_gate","strong_eye_source_hits_2;weak_xr_or_state_hits_4;validity_or_gating_hits_6;functionality_eye_api_context_without_clear_sink_hits_2","C:\realDesktop\manifest-evaluations\summer-26\ghidra-pipeline\il2cpp-files\vrfs\general-structure-results\70_high_uncertain_eye_setup_high\02908f98_OVRPlugin.OVRP_1_38_0$$ovrp_Media_IsMrcEnabled.c"
"OVRPlugin.OVRP_1_38_0$$ovrp_Media_SetMrcFrameSize","02909204","75","70_high_uncertain_eye_setup_high","uncertain","eye_tracking_capability_present","app_or_custom_namespace","setup_only","eye_source;weak_source_state;validity_gate","strong_eye_source_hits_2;weak_xr_or_state_hits_2;validity_or_gating_hits_21;functionality_eye_api_context_without_clear_sink_hits_2","C:\realDesktop\manifest-evaluations\summer-26\ghidra-pipeline\il2cpp-files\vrfs\general-structure-results\70_high_uncertain_eye_setup_high\02909204_OVRPlugin.OVRP_1_38_0$$ovrp_Media_SetMrcFrameSize.c"
"OVRPlugin.OVRP_1_38_0$$ovrp_Media_GetMrcFrameSize","02909288","75","70_high_uncertain_eye_setup_high","uncertain","eye_tracking_capability_present","app_or_custom_namespace","setup_only","eye_source;weak_source_state;validity_gate","strong_eye_source_hits_2;weak_xr_or_state_hits_2;validity_or_gating_hits_21;functionality_eye_api_context_without_clear_sink_hits_2","C:\realDesktop\manifest-evaluations\summer-26\ghidra-pipeline\il2cpp-files\vrfs\general-structure-results\70_high_uncertain_eye_setup_high\02909288_OVRPlugin.OVRP_1_38_0$$ovrp_Media_GetMrcFrameSize.c"
"OVRPlugin.OVRP_1_38_0$$ovrp_Media_SetMrcAudioSampleRate","0290930c","75","70_high_uncertain_eye_setup_high","uncertain","eye_tracking_capability_present","app_or_custom_namespace","setup_only","eye_source;weak_source_state;validity_gate","strong_eye_source_hits_2;weak_xr_or_state_hits_2;validity_or_gating_hits_21;functionality_eye_api_context_without_clear_sink_hits_2","C:\realDesktop\manifest-evaluations\summer-26\ghidra-pipeline\il2cpp-files\vrfs\general-structure-results\70_high_uncertain_eye_setup_high\0290930c_OVRPlugin.OVRP_1_38_0$$ovrp_Media_SetMrcAudioSampleRate.c"
"OVRPlugin.OVRP_1_38_0$$ovrp_Media_GetMrcAudioSampleRate","02909388","75","70_high_uncertain_eye_setup_high","uncertain","eye_tracking_capability_present","app_or_custom_namespace","setup_only","eye_source;weak_source_state;validity_gate","strong_eye_source_hits_2;weak_xr_or_state_hits_2;validity_or_gating_hits_21;functionality_eye_api_context_without_clear_sink_hits_2","C:\realDesktop\manifest-evaluations\summer-26\ghidra-pipeline\il2cpp-files\vrfs\general-structure-results\70_high_uncertain_eye_setup_high\02909388_OVRPlugin.OVRP_1_38_0$$ovrp_Media_GetMrcAudioSampleRate.c"
"OVRPlugin.OVRP_1_38_0$$ovrp_Media_SetMrcFrameImageFlipped","02909404","75","70_high_uncertain_eye_setup_high","uncertain","eye_tracking_capability_present","app_or_custom_namespace","setup_only","eye_source;weak_source_state;validity_gate","strong_eye_source_hits_2;weak_xr_or_state_hits_2;validity_or_gating_hits_21;functionality_eye_api_context_without_clear_sink_hits_2","C:\realDesktop\manifest-evaluations\summer-26\ghidra-pipeline\il2cpp-files\vrfs\general-structure-results\70_high_uncertain_eye_setup_high\02909404_OVRPlugin.OVRP_1_38_0$$ovrp_Media_SetMrcFrameImageFlipped.c"
"OVRPlugin.OVRP_1_38_0$$ovrp_Media_GetMrcFrameImageFlipped","02909480","75","70_high_uncertain_eye_setup_high","uncertain","eye_tracking_capability_present","app_or_custom_namespace","setup_only","eye_source;weak_source_state;validity_gate","strong_eye_source_hits_2;weak_xr_or_state_hits_2;validity_or_gating_hits_21;functionality_eye_api_context_without_clear_sink_hits_2","C:\realDesktop\manifest-evaluations\summer-26\ghidra-pipeline\il2cpp-files\vrfs\general-structure-results\70_high_uncertain_eye_setup_high\02909480_OVRPlugin.OVRP_1_38_0$$ovrp_Media_GetMrcFrameImageFlipped.c"
"OVRPlugin.OVRP_1_38_0$$ovrp_Media_EncodeMrcFrame","029094fc","75","70_high_uncertain_eye_setup_high","uncertain","eye_tracking_capability_present","app_or_custom_namespace","setup_only","eye_source;weak_source_state;validity_gate","strong_eye_source_hits_2;weak_xr_or_state_hits_2;validity_or_gating_hits_21;functionality_eye_api_context_without_clear_sink_hits_2","C:\realDesktop\manifest-evaluations\summer-26\ghidra-pipeline\il2cpp-files\vrfs\general-structure-results\70_high_uncertain_eye_setup_high\029094fc_OVRPlugin.OVRP_1_38_0$$ovrp_Media_EncodeMrcFrame.c"
"OVRPlugin.OVRP_1_38_0$$ovrp_Media_EncodeMrcFrameWithDualTextures","029095b8","75","70_high_uncertain_eye_setup_high","uncertain","eye_tracking_capability_present","app_or_custom_namespace","setup_only","eye_source;weak_source_state;validity_gate","strong_eye_source_hits_2;weak_xr_or_state_hits_2;validity_or_gating_hits_21;functionality_eye_api_context_without_clear_sink_hits_2","C:\realDesktop\manifest-evaluations\summer-26\ghidra-pipeline\il2cpp-files\vrfs\general-structure-results\70_high_uncertain_eye_setup_high\029095b8_OVRPlugin.OVRP_1_38_0$$ovrp_Media_EncodeMrcFrameWithDualTextures.c"
"OVRPlugin.OVRP_1_38_0$$ovrp_Media_SyncMrcFrame","0290967c","75","70_high_uncertain_eye_setup_high","uncertain","eye_tracking_capability_present","app_or_custom_namespace","setup_only","eye_source;weak_source_state;validity_gate","strong_eye_source_hits_2;weak_xr_or_state_hits_2;validity_or_gating_hits_21;functionality_eye_api_context_without_clear_sink_hits_2","C:\realDesktop\manifest-evaluations\summer-26\ghidra-pipeline\il2cpp-files\vrfs\general-structure-results\70_high_uncertain_eye_setup_high\0290967c_OVRPlugin.OVRP_1_38_0$$ovrp_Media_SyncMrcFrame.c"
"OVRPlugin.OVRP_1_38_0$$ovrp_SetDeveloperMode","029096f8","75","70_high_uncertain_eye_setup_high","uncertain","eye_tracking_capability_present","app_or_custom_namespace","setup_only","eye_source;weak_source_state;validity_gate","strong_eye_source_hits_2;weak_xr_or_state_hits_2;validity_or_gating_hits_18;functionality_eye_api_context_without_clear_sink_hits_2","C:\realDesktop\manifest-evaluations\summer-26\ghidra-pipeline\il2cpp-files\vrfs\general-structure-results\70_high_uncertain_eye_setup_high\029096f8_OVRPlugin.OVRP_1_38_0$$ovrp_SetDeveloperMode.c"
"OVRPlugin.OVRP_1_38_0$$ovrp_GetNodeOrientationValid","02909774","75","70_high_uncertain_gaze_or_xr_structure_high","uncertain","eye_tracking_capability_present","app_or_custom_namespace","gaze_retrieval","eye_source;weak_source_state;validity_gate","strong_eye_source_hits_2;weak_xr_or_state_hits_2;validity_or_gating_hits_16;functionality_gaze_retrieval_or_extraction","C:\realDesktop\manifest-evaluations\summer-26\ghidra-pipeline\il2cpp-files\vrfs\general-structure-results\70_high_uncertain_gaze_or_xr_structure_high\02909774_OVRPlugin.OVRP_1_38_0$$ovrp_GetNodeOrientationValid.c"
"OVRPlugin.OVRP_1_38_0$$ovrp_GetNodePositionValid","029097f8","75","70_high_uncertain_gaze_or_xr_structure_high","uncertain","eye_tracking_capability_present","app_or_custom_namespace","gaze_retrieval","eye_source;weak_source_state;validity_gate","strong_eye_source_hits_2;weak_xr_or_state_hits_2;validity_or_gating_hits_14;functionality_gaze_retrieval_or_extraction","C:\realDesktop\manifest-evaluations\summer-26\ghidra-pipeline\il2cpp-files\vrfs\general-structure-results\70_high_uncertain_gaze_or_xr_structure_high\029097f8_OVRPlugin.OVRP_1_38_0$$ovrp_GetNodePositionValid.c"
"OVRPlugin.OVRP_1_38_0$$.cctor","0290987c","75","70_high_uncertain_eye_setup_high","uncertain","eye_tracking_capability_present","app_or_custom_namespace","setup_only","eye_source;weak_source_state;validity_gate","strong_eye_source_hits_2;weak_xr_or_state_hits_2;validity_or_gating_hits_8;functionality_eye_api_context_without_clear_sink_hits_2","C:\realDesktop\manifest-evaluations\summer-26\ghidra-pipeline\il2cpp-files\vrfs\general-structure-results\70_high_uncertain_eye_setup_high\0290987c_OVRPlugin.OVRP_1_38_0$$.cctor.c"
"OVRPlugin.OVRP_1_39_0$$.cctor","0290990c","75","70_high_uncertain_eye_setup_high","uncertain","eye_tracking_capability_present","app_or_custom_namespace","setup_only","eye_source;weak_source_state;validity_gate","strong_eye_source_hits_2;weak_xr_or_state_hits_2;validity_or_gating_hits_4;functionality_eye_api_context_without_clear_sink_hits_2","C:\realDesktop\manifest-evaluations\summer-26\ghidra-pipeline\il2cpp-files\vrfs\general-structure-results\70_high_uncertain_eye_setup_high\0290990c_OVRPlugin.OVRP_1_39_0$$.cctor.c"
"OVRPlugin.OVRP_1_44_0$$ovrp_GetHandTrackingEnabled","02909c58","71","70_high_uncertain_gaze_or_xr_structure_high","uncertain","eye_tracking_capability_present","app_or_custom_namespace","gaze_retrieval","eye_source;weak_source_state;validity_gate","strong_eye_source_hits_2;weak_xr_or_state_hits_6;validity_or_gating_hits_2;functionality_gaze_retrieval_or_extraction","C:\realDesktop\manifest-evaluations\summer-26\ghidra-pipeline\il2cpp-files\vrfs\general-structure-results\70_high_uncertain_gaze_or_xr_structure_high\02909c58_OVRPlugin.OVRP_1_44_0$$ovrp_GetHandTrackingEnabled.c"
"OVRPlugin.OVRP_1_44_0$$ovrp_OverrideExternalCameraStaticPose","02909fd4","73","70_high_uncertain_eye_setup_high","uncertain","eye_tracking_capability_present","app_or_custom_namespace","setup_only","eye_source;weak_source_state;pose_vector","strong_eye_source_hits_2;weak_xr_or_state_hits_2;strong_pose_or_ray_construction_hits_2;functionality_eye_api_context_without_clear_sink_hits_2","C:\realDesktop\manifest-evaluations\summer-26\ghidra-pipeline\il2cpp-files\vrfs\general-structure-results\70_high_uncertain_eye_setup_high\02909fd4_OVRPlugin.OVRP_1_44_0$$ovrp_OverrideExternalCameraStaticPose.c"
"OVRPlugin.OVRP_1_44_0$$ovrp_GetUseOverriddenExternalCameraStaticPose","0290a068","75","70_high_uncertain_eye_setup_high","uncertain","eye_tracking_capability_present","app_or_custom_namespace","setup_only","eye_source;weak_source_state;pose_vector","strong_eye_source_hits_2;weak_xr_or_state_hits_4;strong_pose_or_ray_construction_hits_2;functionality_eye_api_context_without_clear_sink_hits_2","C:\realDesktop\manifest-evaluations\summer-26\ghidra-pipeline\il2cpp-files\vrfs\general-structure-results\70_high_uncertain_eye_setup_high\0290a068_OVRPlugin.OVRP_1_44_0$$ovrp_GetUseOverriddenExternalCameraStaticPose.c"
"OVRPlugin.OVRP_1_49_0$$ovrp_Media_SetHeadsetControllerPose","0290aa70","86","70_high_uncertain_eye_setup_high","uncertain","eye_tracking_capability_present","app_or_custom_namespace","setup_only","eye_source;weak_source_state;validity_gate;pose_vector","strong_eye_source_hits_2;weak_xr_or_state_hits_2;validity_or_gating_hits_1;strong_pose_or_ray_construction_hits_2;functionality_eye_api_context_without_clear_sink_hits_2","C:\realDesktop\manifest-evaluations\summer-26\ghidra-pipeline\il2cpp-files\vrfs\general-structure-results\70_high_uncertain_eye_setup_high\0290aa70_OVRPlugin.OVRP_1_49_0$$ovrp_Media_SetHeadsetControllerPose.c"
"FUN_0290aec8","0290aec8","88","70_high_uncertain_eye_setup_high","uncertain","eye_tracking_capability_present","app_or_custom_namespace","setup_only","eye_source;weak_source_state;validity_gate;pose_vector","strong_eye_source_hits_2;weak_xr_or_state_hits_4;validity_or_gating_hits_1;strong_pose_or_ray_construction_hits_2;functionality_eye_api_context_without_clear_sink_hits_2","C:\realDesktop\manifest-evaluations\summer-26\ghidra-pipeline\il2cpp-files\vrfs\general-structure-results\70_high_uncertain_eye_setup_high\0290aec8_FUN_0290aec8.c"
"OVRPlugin.OVRP_1_49_0$$ovrp_Media_DestroyCustomCameraAnchor","0290aed0","100","90_plus_uncertain_eye_setup_near_certain","uncertain","eye_tracking_capability_present","app_or_custom_namespace","setup_only","eye_source;weak_source_state;validity_gate;pose_vector","strong_eye_source_hits_4;weak_xr_or_state_hits_6;validity_or_gating_hits_1;strong_pose_or_ray_construction_hits_2;functionality_eye_api_context_without_clear_sink_hits_4","C:\realDesktop\manifest-evaluations\summer-26\ghidra-pipeline\il2cpp-files\vrfs\general-structure-results\90_plus_uncertain_eye_setup_near_certain\0290aed0_OVRPlugin.OVRP_1_49_0$$ovrp_Media_DestroyCustomCameraAnchor.c"
"OVRPlugin.OVRP_1_49_0$$ovrp_Media_GetCustomCameraAnchorPose","0290af4c","75","70_high_uncertain_eye_setup_high","uncertain","eye_tracking_capability_present","app_or_custom_namespace","setup_only","eye_source;weak_source_state;pose_vector","strong_eye_source_hits_2;weak_xr_or_state_hits_4;strong_pose_or_ray_construction_hits_2;functionality_eye_api_context_without_clear_sink_hits_2","C:\realDesktop\manifest-evaluations\summer-26\ghidra-pipeline\il2cpp-files\vrfs\general-structure-results\70_high_uncertain_eye_setup_high\0290af4c_OVRPlugin.OVRP_1_49_0$$ovrp_Media_GetCustomCameraAnchorPose.c"
"OVRPlugin.OVRP_1_49_0$$ovrp_Media_SetCustomCameraAnchorPose","0290afd0","73","70_high_uncertain_eye_setup_high","uncertain","eye_tracking_capability_present","app_or_custom_namespace","setup_only","eye_source;weak_source_state;pose_vector","strong_eye_source_hits_2;weak_xr_or_state_hits_2;strong_pose_or_ray_construction_hits_2;functionality_eye_api_context_without_clear_sink_hits_2","C:\realDesktop\manifest-evaluations\summer-26\ghidra-pipeline\il2cpp-files\vrfs\general-structure-results\70_high_uncertain_eye_setup_high\0290afd0_OVRPlugin.OVRP_1_49_0$$ovrp_Media_SetCustomCameraAnchorPose.c"
"OVRPlugin.OVRP_1_50_0$$.cctor","0290b218","75","70_high_uncertain_eye_setup_high","uncertain","eye_tracking_capability_present","app_or_custom_namespace","setup_only","eye_source;weak_source_state;validity_gate","strong_eye_source_hits_2;weak_xr_or_state_hits_2;validity_or_gating_hits_7;functionality_eye_api_context_without_clear_sink_hits_2","C:\realDesktop\manifest-evaluations\summer-26\ghidra-pipeline\il2cpp-files\vrfs\general-structure-results\70_high_uncertain_eye_setup_high\0290b218_OVRPlugin.OVRP_1_50_0$$.cctor.c"
"OVRPlugin.OVRP_1_52_0$$.cctor","0290b338","75","70_high_uncertain_eye_setup_high","uncertain","eye_tracking_capability_present","app_or_custom_namespace","setup_only","eye_source;weak_source_state;validity_gate","strong_eye_source_hits_2;weak_xr_or_state_hits_2;validity_or_gating_hits_4;functionality_eye_api_context_without_clear_sink_hits_2","C:\realDesktop\manifest-evaluations\summer-26\ghidra-pipeline\il2cpp-files\vrfs\general-structure-results\70_high_uncertain_eye_setup_high\0290b338_OVRPlugin.OVRP_1_52_0$$.cctor.c"
"OVRPlugin.OVRP_1_53_0$$.cctor","0290b3c8","75","70_high_uncertain_eye_setup_high","uncertain","eye_tracking_capability_present","app_or_custom_namespace","setup_only","eye_source;weak_source_state;validity_gate","strong_eye_source_hits_2;weak_xr_or_state_hits_2;validity_or_gating_hits_4;functionality_eye_api_context_without_clear_sink_hits_2","C:\realDesktop\manifest-evaluations\summer-26\ghidra-pipeline\il2cpp-files\vrfs\general-structure-results\70_high_uncertain_eye_setup_high\0290b3c8_OVRPlugin.OVRP_1_53_0$$.cctor.c"
"OVRPlugin.OVRP_1_63_0$$ovrp_ShutdownInsightPassthrough","0290c038","72","70_high_uncertain_eye_setup_high","uncertain","eye_tracking_capability_present","app_or_custom_namespace","setup_only","eye_source;weak_source_state;validity_gate","strong_eye_source_hits_2;weak_xr_or_state_hits_2;validity_or_gating_hits_3;functionality_eye_api_context_without_clear_sink_hits_2","C:\realDesktop\manifest-evaluations\summer-26\ghidra-pipeline\il2cpp-files\vrfs\general-structure-results\70_high_uncertain_eye_setup_high\0290c038_OVRPlugin.OVRP_1_63_0$$ovrp_ShutdownInsightPassthrough.c"
"OVRPlugin.OVRP_1_63_0$$ovrp_CreateInsightTriangleMesh","0290c19c","75","70_high_uncertain_eye_setup_high","uncertain","eye_tracking_capability_present","app_or_custom_namespace","setup_only","eye_source;weak_source_state;validity_gate","strong_eye_source_hits_2;weak_xr_or_state_hits_2;validity_or_gating_hits_7;functionality_eye_api_context_without_clear_sink_hits_2","C:\realDesktop\manifest-evaluations\summer-26\ghidra-pipeline\il2cpp-files\vrfs\general-structure-results\70_high_uncertain_eye_setup_high\0290c19c_OVRPlugin.OVRP_1_63_0$$ovrp_CreateInsightTriangleMesh.c"
"OVRPlugin.OVRP_1_63_0$$ovrp_AddInsightPassthroughSurfaceGeometry","0290c2cc","75","70_high_uncertain_eye_setup_high","uncertain","eye_tracking_capability_present","app_or_custom_namespace","setup_only","eye_source;weak_source_state;validity_gate","strong_eye_source_hits_2;weak_xr_or_state_hits_2;validity_or_gating_hits_4;functionality_eye_api_context_without_clear_sink_hits_2","C:\realDesktop\manifest-evaluations\summer-26\ghidra-pipeline\il2cpp-files\vrfs\general-structure-results\70_high_uncertain_eye_setup_high\0290c2cc_OVRPlugin.OVRP_1_63_0$$ovrp_AddInsightPassthroughSurfaceGeometry.c"
"OVRPlugin.OVRP_1_63_0$$ovrp_DestroyInsightPassthroughGeometryInstance","0290c378","75","70_high_uncertain_eye_setup_high","uncertain","eye_tracking_capability_present","app_or_custom_namespace","setup_only","eye_source;weak_source_state;validity_gate","strong_eye_source_hits_2;weak_xr_or_state_hits_2;validity_or_gating_hits_4;functionality_eye_api_context_without_clear_sink_hits_2","C:\realDesktop\manifest-evaluations\summer-26\ghidra-pipeline\il2cpp-files\vrfs\general-structure-results\70_high_uncertain_eye_setup_high\0290c378_OVRPlugin.OVRP_1_63_0$$ovrp_DestroyInsightPassthroughGeometryInstance.c"
"OVRPlugin.OVRP_1_63_0$$.cctor","0290c488","72","70_high_uncertain_eye_setup_high","uncertain","eye_tracking_capability_present","app_or_custom_namespace","setup_only","eye_source;weak_source_state;validity_gate","strong_eye_source_hits_2;weak_xr_or_state_hits_2;validity_or_gating_hits_3;functionality_eye_api_context_without_clear_sink_hits_2","C:\realDesktop\manifest-evaluations\summer-26\ghidra-pipeline\il2cpp-files\vrfs\general-structure-results\70_high_uncertain_eye_setup_high\0290c488_OVRPlugin.OVRP_1_63_0$$.cctor.c"
"OVRPlugin.OVRP_1_66_0$$ovrp_GetInsightPassthroughInitializationState","0290c748","71","70_high_uncertain_eye_setup_high","uncertain","eye_tracking_capability_present","app_or_custom_namespace","setup_only","eye_source;weak_source_state;validity_gate","strong_eye_source_hits_2;weak_xr_or_state_hits_4;validity_or_gating_hits_2;functionality_eye_api_context_without_clear_sink_hits_2","C:\realDesktop\manifest-evaluations\summer-26\ghidra-pipeline\il2cpp-files\vrfs\general-structure-results\70_high_uncertain_eye_setup_high\0290c748_OVRPlugin.OVRP_1_66_0$$ovrp_GetInsightPassthroughInitializationState.c"
"OVRPlugin.OVRP_1_68_0$$ovrp_StartKeyboardTracking","0290cc0c","86","70_high_uncertain_eye_setup_high","uncertain","eye_tracking_capability_present","app_or_custom_namespace","setup_only","eye_source;weak_source_state;validity_gate;frame_behavior","strong_eye_source_hits_4;weak_xr_or_state_hits_4;validity_or_gating_hits_1;frame_or_lifecycle_behavior;functionality_eye_api_context_without_clear_sink_hits_4","C:\realDesktop\manifest-evaluations\summer-26\ghidra-pipeline\il2cpp-files\vrfs\general-structure-results\70_high_uncertain_eye_setup_high\0290cc0c_OVRPlugin.OVRP_1_68_0$$ovrp_StartKeyboardTracking.c"
"OVRPlugin.OVRP_1_71_0$$ovrp_IsInsightPassthroughSupported","0290d140","77","70_high_uncertain_eye_setup_high","uncertain","eye_tracking_capability_present","app_or_custom_namespace","setup_only","eye_source;weak_source_state;validity_gate","strong_eye_source_hits_2;weak_xr_or_state_hits_4;validity_or_gating_hits_8;functionality_eye_api_context_without_clear_sink_hits_2","C:\realDesktop\manifest-evaluations\summer-26\ghidra-pipeline\il2cpp-files\vrfs\general-structure-results\70_high_uncertain_eye_setup_high\0290d140_OVRPlugin.OVRP_1_71_0$$ovrp_IsInsightPassthroughSupported.c"
"OVRPlugin.OVRP_1_71_0$$ovrp_SetSuggestedCpuPerformanceLevel","0290d1bc","75","70_high_uncertain_eye_setup_high","uncertain","eye_tracking_capability_present","app_or_custom_namespace","setup_only","eye_source;weak_source_state;validity_gate","strong_eye_source_hits_2;weak_xr_or_state_hits_2;validity_or_gating_hits_7;functionality_eye_api_context_without_clear_sink_hits_2","C:\realDesktop\manifest-evaluations\summer-26\ghidra-pipeline\il2cpp-files\vrfs\general-structure-results\70_high_uncertain_eye_setup_high\0290d1bc_OVRPlugin.OVRP_1_71_0$$ovrp_SetSuggestedCpuPerformanceLevel.c"
"OVRPlugin.OVRP_1_71_0$$ovrp_SetSuggestedGpuPerformanceLevel","0290d2b4","75","70_high_uncertain_eye_setup_high","uncertain","eye_tracking_capability_present","app_or_custom_namespace","setup_only","eye_source;weak_source_state;validity_gate","strong_eye_source_hits_2;weak_xr_or_state_hits_2;validity_or_gating_hits_4;functionality_eye_api_context_without_clear_sink_hits_2","C:\realDesktop\manifest-evaluations\summer-26\ghidra-pipeline\il2cpp-files\vrfs\general-structure-results\70_high_uncertain_eye_setup_high\0290d2b4_OVRPlugin.OVRP_1_71_0$$ovrp_SetSuggestedGpuPerformanceLevel.c"
"OVRPlugin.OVRP_1_71_0$$ovrp_GetSuggestedGpuPerformanceLevel","0290d330","75","70_high_uncertain_eye_setup_high","uncertain","eye_tracking_capability_present","app_or_custom_namespace","setup_only","eye_source;weak_source_state;validity_gate","strong_eye_source_hits_2;weak_xr_or_state_hits_2;validity_or_gating_hits_4;functionality_eye_api_context_without_clear_sink_hits_2","C:\realDesktop\manifest-evaluations\summer-26\ghidra-pipeline\il2cpp-files\vrfs\general-structure-results\70_high_uncertain_eye_setup_high\0290d330_OVRPlugin.OVRP_1_71_0$$ovrp_GetSuggestedGpuPerformanceLevel.c"
"OVRPlugin.OVRP_1_72_0$$ovrp_RequestSceneCapture","0290dd18","85","70_high_uncertain_gaze_or_xr_structure_high","uncertain","eye_tracking_capability_present","app_or_custom_namespace","data_collection_or_telemetry","eye_source;weak_source_state;telemetry","strong_eye_source_hits_2;weak_xr_or_state_hits_2;telemetry_or_network_hits_2;functionality_data_collection_or_telemetry_hits_2","C:\realDesktop\manifest-evaluations\summer-26\ghidra-pipeline\il2cpp-files\vrfs\general-structure-results\70_high_uncertain_gaze_or_xr_structure_high\0290dd18_OVRPlugin.OVRP_1_72_0$$ovrp_RequestSceneCapture.c"
"OVRPlugin.OVRP_1_74_0$$ovrp_GetSpaceUuid","0290df18","72","70_high_uncertain_eye_setup_high","uncertain","eye_tracking_capability_present","app_or_custom_namespace","setup_only","eye_source;weak_source_state;validity_gate","strong_eye_source_hits_2;weak_xr_or_state_hits_2;validity_or_gating_hits_3;functionality_eye_api_context_without_clear_sink_hits_2","C:\realDesktop\manifest-evaluations\summer-26\ghidra-pipeline\il2cpp-files\vrfs\general-structure-results\70_high_uncertain_eye_setup_high\0290df18_OVRPlugin.OVRP_1_74_0$$ovrp_GetSpaceUuid.c"
"OVRPlugin.OVRP_1_74_0$$ovrp_DestroyVirtualKeyboard","0290e018","75","70_high_uncertain_eye_setup_high","uncertain","eye_tracking_capability_present","app_or_custom_namespace","setup_only","eye_source;weak_source_state;validity_gate","strong_eye_source_hits_2;weak_xr_or_state_hits_2;validity_or_gating_hits_8;functionality_eye_api_context_without_clear_sink_hits_2","C:\realDesktop\manifest-evaluations\summer-26\ghidra-pipeline\il2cpp-files\vrfs\general-structure-results\70_high_uncertain_eye_setup_high\0290e018_OVRPlugin.OVRP_1_74_0$$ovrp_DestroyVirtualKeyboard.c"
"OVRPlugin.OVRP_1_74_0$$ovrp_SendVirtualKeyboardInput","0290e080","75","70_high_uncertain_eye_setup_high","uncertain","eye_tracking_capability_present","app_or_custom_namespace","setup_only","eye_source;weak_source_state;validity_gate","strong_eye_source_hits_2;weak_xr_or_state_hits_2;validity_or_gating_hits_6;functionality_eye_api_context_without_clear_sink_hits_2","C:\realDesktop\manifest-evaluations\summer-26\ghidra-pipeline\il2cpp-files\vrfs\general-structure-results\70_high_uncertain_eye_setup_high\0290e080_OVRPlugin.OVRP_1_74_0$$ovrp_SendVirtualKeyboardInput.c"
"OVRPlugin.OVRP_1_74_0$$ovrp_CreateVirtualKeyboardSpace","0290e1a8","75","70_high_uncertain_eye_setup_high","uncertain","eye_tracking_capability_present","app_or_custom_namespace","setup_only","eye_source;weak_source_state;validity_gate","strong_eye_source_hits_2;weak_xr_or_state_hits_2;validity_or_gating_hits_5;functionality_eye_api_context_without_clear_sink_hits_2","C:\realDesktop\manifest-evaluations\summer-26\ghidra-pipeline\il2cpp-files\vrfs\general-structure-results\70_high_uncertain_eye_setup_high\0290e1a8_OVRPlugin.OVRP_1_74_0$$ovrp_CreateVirtualKeyboardSpace.c"
"OVRPlugin.OVRP_1_74_0$$ovrp_SuggestVirtualKeyboardLocation","0290e23c","75","70_high_uncertain_eye_setup_high","uncertain","eye_tracking_capability_present","app_or_custom_namespace","setup_only","eye_source;weak_source_state;validity_gate","strong_eye_source_hits_2;weak_xr_or_state_hits_2;validity_or_gating_hits_4;functionality_eye_api_context_without_clear_sink_hits_2","C:\realDesktop\manifest-evaluations\summer-26\ghidra-pipeline\il2cpp-files\vrfs\general-structure-results\70_high_uncertain_eye_setup_high\0290e23c_OVRPlugin.OVRP_1_74_0$$ovrp_SuggestVirtualKeyboardLocation.c"
"OVRPlugin.OVRP_1_74_0$$ovrp_GetVirtualKeyboardScale","0290e2c8","72","70_high_uncertain_eye_setup_high","uncertain","eye_tracking_capability_present","app_or_custom_namespace","setup_only","eye_source;weak_source_state;validity_gate","strong_eye_source_hits_2;weak_xr_or_state_hits_2;validity_or_gating_hits_3;functionality_eye_api_context_without_clear_sink_hits_2","C:\realDesktop\manifest-evaluations\summer-26\ghidra-pipeline\il2cpp-files\vrfs\general-structure-results\70_high_uncertain_eye_setup_high\0290e2c8_OVRPlugin.OVRP_1_74_0$$ovrp_GetVirtualKeyboardScale.c"
"OVRPlugin.OVRP_1_74_0$$ovrp_GetRenderModelProperties2","0290e344","72","70_high_uncertain_eye_setup_high","uncertain","eye_tracking_capability_present","app_or_custom_namespace","setup_only","eye_source;weak_source_state;validity_gate","strong_eye_source_hits_2;weak_xr_or_state_hits_2;validity_or_gating_hits_3;functionality_eye_api_context_without_clear_sink_hits_2","C:\realDesktop\manifest-evaluations\summer-26\ghidra-pipeline\il2cpp-files\vrfs\general-structure-results\70_high_uncertain_eye_setup_high\0290e344_OVRPlugin.OVRP_1_74_0$$ovrp_GetRenderModelProperties2.c"
"OVRPlugin.OVRP_1_78_0$$ovrp_GetFoveationEyeTrackedSupported","0290e718","131","90_plus_attempted_dynamic_eye_tracked_foveation_near_certain","yes","attempted_or_possible_dynamic_eye_tracked_foveation","app_or_custom_namespace","foveated_rendering;attempted_eye_tracked_foveated_rendering","eye_source;weak_source_state;foveation_rendering;attempted_use;dynamic_foveation_possible","strong_eye_source_hits_6;weak_xr_or_state_hits_4;strong_foveation_hits_2;attempted_eye_tracking_permission_or_feature_enable;attempted_eye_tracking_with_foveated_rendering_path;functionality_foveated_rendering","C:\realDesktop\manifest-evaluations\summer-26\ghidra-pipeline\il2cpp-files\vrfs\general-structure-results\90_plus_attempted_dynamic_eye_tracked_foveation_near_certain\0290e718_OVRPlugin.OVRP_1_78_0$$ovrp_GetFoveationEyeTrackedSupported.c"
"OVRPlugin.OVRP_1_78_0$$ovrp_GetFoveationEyeTracked","0290e794","129","90_plus_attempted_dynamic_eye_tracked_foveation_near_certain","yes","attempted_or_possible_dynamic_eye_tracked_foveation","app_or_custom_namespace","foveated_rendering;attempted_eye_tracked_foveated_rendering","eye_source;weak_source_state;foveation_rendering;attempted_use;dynamic_foveation_possible","strong_eye_source_hits_6;weak_xr_or_state_hits_2;strong_foveation_hits_2;attempted_eye_tracking_permission_or_feature_enable;attempted_eye_tracking_with_foveated_rendering_path;functionality_foveated_rendering","C:\realDesktop\manifest-evaluations\summer-26\ghidra-pipeline\il2cpp-files\vrfs\general-structure-results\90_plus_attempted_dynamic_eye_tracked_foveation_near_certain\0290e794_OVRPlugin.OVRP_1_78_0$$ovrp_GetFoveationEyeTracked.c"
"OVRPlugin.OVRP_1_78_0$$ovrp_SetFoveationEyeTracked","0290e810","142","90_plus_attempted_dynamic_eye_tracked_foveation_near_certain","yes","attempted_or_possible_dynamic_eye_tracked_foveation","app_or_custom_namespace","foveated_rendering;attempted_eye_tracked_foveated_rendering","eye_source;weak_source_state;validity_gate;foveation_rendering;attempted_use;dynamic_foveation_possible","strong_eye_source_hits_6;weak_xr_or_state_hits_2;validity_or_gating_hits_1;strong_foveation_hits_2;attempted_eye_tracking_permission_or_feature_enable;attempted_eye_tracking_with_foveated_rendering_path;functionality_foveated_rendering","C:\realDesktop\manifest-evaluations\summer-26\ghidra-pipeline\il2cpp-files\vrfs\general-structure-results\90_plus_attempted_dynamic_eye_tracked_foveation_near_certain\0290e810_OVRPlugin.OVRP_1_78_0$$ovrp_SetFoveationEyeTracked.c"
"FUN_0290e8d8","0290e8d8","72","70_high_uncertain_eye_setup_high","uncertain","eye_tracking_capability_present","app_or_custom_namespace","setup_only","eye_source;weak_source_state;validity_gate;frame_behavior","strong_eye_source_hits_2;weak_xr_or_state_hits_2;validity_or_gating_hits_1;frame_or_lifecycle_behavior;functionality_eye_api_context_without_clear_sink_hits_2","C:\realDesktop\manifest-evaluations\summer-26\ghidra-pipeline\il2cpp-files\vrfs\general-structure-results\70_high_uncertain_eye_setup_high\0290e8d8_FUN_0290e8d8.c"
"OVRPlugin.OVRP_1_78_0$$ovrp_StopFaceTracking","0290e8f4","86","70_high_uncertain_eye_setup_high","uncertain","eye_tracking_capability_present","app_or_custom_namespace","setup_only","eye_source;weak_source_state;validity_gate;frame_behavior","strong_eye_source_hits_4;weak_xr_or_state_hits_4;validity_or_gating_hits_1;frame_or_lifecycle_behavior;functionality_eye_api_context_without_clear_sink_hits_4","C:\realDesktop\manifest-evaluations\summer-26\ghidra-pipeline\il2cpp-files\vrfs\general-structure-results\70_high_uncertain_eye_setup_high\0290e8f4_OVRPlugin.OVRP_1_78_0$$ovrp_StopFaceTracking.c"
"OVRPlugin.OVRP_1_78_0$$ovrp_StartEyeTracking","0290ea2c","85","70_high_attempted_eye_tracking_permission_or_feature_high","yes","eye_tracking_attempted_permission_or_feature","app_or_custom_namespace","permission_setup;attempted_eye_tracking_use","eye_source;weak_source_state;frame_behavior;attempted_use","strong_eye_source_hits_4;weak_xr_or_state_hits_2;frame_or_lifecycle_behavior;attempted_eye_tracking_permission_or_feature_enable;functionality_permission_setup","C:\realDesktop\manifest-evaluations\summer-26\ghidra-pipeline\il2cpp-files\vrfs\general-structure-results\70_high_attempted_eye_tracking_permission_or_feature_high\0290ea2c_OVRPlugin.OVRP_1_78_0$$ovrp_StartEyeTracking.c"
"OVRPlugin.OVRP_1_78_0$$ovrp_StopEyeTracking","0290ea94","79","70_high_attempted_eye_tracking_permission_or_feature_high","yes","eye_tracking_attempted_permission_or_feature","app_or_custom_namespace","permission_setup;attempted_eye_tracking_use","eye_source;weak_source_state;attempted_use","strong_eye_source_hits_4;weak_xr_or_state_hits_2;attempted_eye_tracking_permission_or_feature_enable;functionality_permission_setup","C:\realDesktop\manifest-evaluations\summer-26\ghidra-pipeline\il2cpp-files\vrfs\general-structure-results\70_high_attempted_eye_tracking_permission_or_feature_high\0290ea94_OVRPlugin.OVRP_1_78_0$$ovrp_StopEyeTracking.c"
"OVRPlugin.OVRP_1_78_0$$ovrp_GetEyeTrackingSupported","0290eafc","80","70_high_uncertain_eye_setup_high","uncertain","eye_tracking_capability_present","app_or_custom_namespace","setup_only","eye_source;weak_source_state;validity_gate","strong_eye_source_hits_4;weak_xr_or_state_hits_6;validity_or_gating_hits_1;functionality_eye_api_context_without_clear_sink_hits_4","C:\realDesktop\manifest-evaluations\summer-26\ghidra-pipeline\il2cpp-files\vrfs\general-structure-results\70_high_uncertain_eye_setup_high\0290eafc_OVRPlugin.OVRP_1_78_0$$ovrp_GetEyeTrackingSupported.c"
"OVRPlugin.OVRP_1_78_0$$ovrp_GetBodyTrackingEnabled","0290ebf4","71","70_high_uncertain_gaze_or_xr_structure_high","uncertain","eye_tracking_capability_present","app_or_custom_namespace","gaze_retrieval","eye_source;weak_source_state;validity_gate","strong_eye_source_hits_2;weak_xr_or_state_hits_6;validity_or_gating_hits_2;functionality_gaze_retrieval_or_extraction","C:\realDesktop\manifest-evaluations\summer-26\ghidra-pipeline\il2cpp-files\vrfs\general-structure-results\70_high_uncertain_gaze_or_xr_structure_high\0290ebf4_OVRPlugin.OVRP_1_78_0$$ovrp_GetBodyTrackingEnabled.c"
"OVRPlugin.OVRP_1_78_0$$ovrp_GetFaceTrackingEnabled","0290ed80","74","70_high_uncertain_gaze_or_xr_structure_high","uncertain","eye_tracking_capability_present","app_or_custom_namespace","gaze_retrieval","eye_source;weak_source_state;validity_gate","strong_eye_source_hits_2;weak_xr_or_state_hits_6;validity_or_gating_hits_3;functionality_gaze_retrieval_or_extraction","C:\realDesktop\manifest-evaluations\summer-26\ghidra-pipeline\il2cpp-files\vrfs\general-structure-results\70_high_uncertain_gaze_or_xr_structure_high\0290ed80_OVRPlugin.OVRP_1_78_0$$ovrp_GetFaceTrackingEnabled.c"
"OVRPlugin.OVRP_1_78_0$$ovrp_GetFaceState","0290edfc","74","70_high_uncertain_eye_setup_high","uncertain","eye_tracking_capability_present","app_or_custom_namespace","setup_only","eye_source;weak_source_state;validity_gate","strong_eye_source_hits_2;weak_xr_or_state_hits_4;validity_or_gating_hits_3;functionality_eye_api_context_without_clear_sink_hits_2","C:\realDesktop\manifest-evaluations\summer-26\ghidra-pipeline\il2cpp-files\vrfs\general-structure-results\70_high_uncertain_eye_setup_high\0290edfc_OVRPlugin.OVRP_1_78_0$$ovrp_GetFaceState.c"
"OVRPlugin.OVRP_1_78_0$$ovrp_GetEyeTrackingEnabled","0290ee90","100","90_plus_attempted_eye_tracking_permission_or_feature_near_certain","yes","eye_tracking_attempted_permission_or_feature","app_or_custom_namespace","gaze_retrieval;attempted_eye_tracking_use","eye_source;weak_source_state;validity_gate;attempted_use","strong_eye_source_hits_4;weak_xr_or_state_hits_6;validity_or_gating_hits_3;attempted_eye_tracking_permission_or_feature_enable;functionality_gaze_retrieval_or_extraction","C:\realDesktop\manifest-evaluations\summer-26\ghidra-pipeline\il2cpp-files\vrfs\general-structure-results\90_plus_attempted_eye_tracking_permission_or_feature_near_certain\0290ee90_OVRPlugin.OVRP_1_78_0$$ovrp_GetEyeTrackingEnabled.c"
"OVRPlugin.OVRP_1_78_0$$ovrp_GetEyeGazesState","0290ef0c","103","90_plus_attempted_eye_tracking_permission_or_feature_near_certain","yes","eye_tracking_attempted_permission_or_feature","app_or_custom_namespace","gaze_retrieval;attempted_eye_tracking_use","eye_source;weak_source_state;validity_gate;attempted_use","strong_eye_source_hits_6;weak_xr_or_state_hits_4;validity_or_gating_hits_8;attempted_eye_tracking_permission_or_feature_enable;functionality_gaze_retrieval_or_extraction","C:\realDesktop\manifest-evaluations\summer-26\ghidra-pipeline\il2cpp-files\vrfs\general-structure-results\90_plus_attempted_eye_tracking_permission_or_feature_near_certain\0290ef0c_OVRPlugin.OVRP_1_78_0$$ovrp_GetEyeGazesState.c"
"OVRPlugin.OVRP_1_78_0$$ovrp_GetControllerState5","0290efa0","77","70_high_uncertain_eye_setup_high","uncertain","eye_tracking_capability_present","app_or_custom_namespace","setup_only","eye_source;weak_source_state;validity_gate","strong_eye_source_hits_2;weak_xr_or_state_hits_4;validity_or_gating_hits_6;functionality_eye_api_context_without_clear_sink_hits_2","C:\realDesktop\manifest-evaluations\summer-26\ghidra-pipeline\il2cpp-files\vrfs\general-structure-results\70_high_uncertain_eye_setup_high\0290efa0_OVRPlugin.OVRP_1_78_0$$ovrp_GetControllerState5.c"
"OVRPlugin.OVRP_1_78_0$$ovrp_GetLocalDimmingSupported","0290f0c0","77","70_high_uncertain_eye_setup_high","uncertain","eye_tracking_capability_present","app_or_custom_namespace","setup_only","eye_source;weak_source_state;validity_gate","strong_eye_source_hits_2;weak_xr_or_state_hits_4;validity_or_gating_hits_4;functionality_eye_api_context_without_clear_sink_hits_2","C:\realDesktop\manifest-evaluations\summer-26\ghidra-pipeline\il2cpp-files\vrfs\general-structure-results\70_high_uncertain_eye_setup_high\0290f0c0_OVRPlugin.OVRP_1_78_0$$ovrp_GetLocalDimmingSupported.c"
"OVRPlugin.OVRP_1_78_0$$ovrp_SetLocalDimming","0290f13c","75","70_high_uncertain_eye_setup_high","uncertain","eye_tracking_capability_present","app_or_custom_namespace","setup_only","eye_source;weak_source_state;validity_gate","strong_eye_source_hits_2;weak_xr_or_state_hits_2;validity_or_gating_hits_4;functionality_eye_api_context_without_clear_sink_hits_2","C:\realDesktop\manifest-evaluations\summer-26\ghidra-pipeline\il2cpp-files\vrfs\general-structure-results\70_high_uncertain_eye_setup_high\0290f13c_OVRPlugin.OVRP_1_78_0$$ovrp_SetLocalDimming.c"
"OVRPlugin.OVRP_1_84_0$$ovrp_DestroyPassthroughColorLut","0290feb8","75","70_high_uncertain_eye_setup_high","uncertain","eye_tracking_capability_present","app_or_custom_namespace","setup_only","eye_source;weak_source_state;validity_gate","strong_eye_source_hits_2;weak_xr_or_state_hits_2;validity_or_gating_hits_8;functionality_eye_api_context_without_clear_sink_hits_2","C:\realDesktop\manifest-evaluations\summer-26\ghidra-pipeline\il2cpp-files\vrfs\general-structure-results\70_high_uncertain_eye_setup_high\0290feb8_OVRPlugin.OVRP_1_84_0$$ovrp_DestroyPassthroughColorLut.c"
"OVRPlugin.OVRP_1_84_0$$ovrp_UpdatePassthroughColorLut","0290ff34","81","70_high_uncertain_eye_setup_high","uncertain","eye_tracking_capability_present","app_or_custom_namespace","setup_only","eye_source;weak_source_state;validity_gate;frame_behavior","strong_eye_source_hits_2;weak_xr_or_state_hits_2;validity_or_gating_hits_6;frame_or_lifecycle_behavior;functionality_eye_api_context_without_clear_sink_hits_2","C:\realDesktop\manifest-evaluations\summer-26\ghidra-pipeline\il2cpp-files\vrfs\general-structure-results\70_high_uncertain_eye_setup_high\0290ff34_OVRPlugin.OVRP_1_84_0$$ovrp_UpdatePassthroughColorLut.c"
"OVRPlugin.OVRP_1_84_0$$ovrp_GetLayerRecommendedResolution","0291004c","75","70_high_uncertain_eye_setup_high","uncertain","eye_tracking_capability_present","app_or_custom_namespace","setup_only","eye_source;weak_source_state;validity_gate","strong_eye_source_hits_2;weak_xr_or_state_hits_2;validity_or_gating_hits_4;functionality_eye_api_context_without_clear_sink_hits_2","C:\realDesktop\manifest-evaluations\summer-26\ghidra-pipeline\il2cpp-files\vrfs\general-structure-results\70_high_uncertain_eye_setup_high\0291004c_OVRPlugin.OVRP_1_84_0$$ovrp_GetLayerRecommendedResolution.c"
"OVRPlugin.OVRP_1_84_0$$ovrp_GetEyeLayerRecommendedResolution","029100d0","75","70_high_uncertain_eye_setup_high","uncertain","eye_tracking_capability_present","app_or_custom_namespace","setup_only","eye_source;weak_source_state;validity_gate","strong_eye_source_hits_2;weak_xr_or_state_hits_2;validity_or_gating_hits_4;functionality_eye_api_context_without_clear_sink_hits_2","C:\realDesktop\manifest-evaluations\summer-26\ghidra-pipeline\il2cpp-files\vrfs\general-structure-results\70_high_uncertain_eye_setup_high\029100d0_OVRPlugin.OVRP_1_84_0$$ovrp_GetEyeLayerRecommendedResolution.c"
"OVRPlugin.OVRP_1_86_0$$ovrp_SetMultimodalHandsControllersSupported","029104dc","71","70_high_uncertain_eye_setup_high","uncertain","eye_tracking_capability_present","app_or_custom_namespace","setup_only","eye_source;weak_source_state;validity_gate","strong_eye_source_hits_2;weak_xr_or_state_hits_4;validity_or_gating_hits_2;functionality_eye_api_context_without_clear_sink_hits_2","C:\realDesktop\manifest-evaluations\summer-26\ghidra-pipeline\il2cpp-files\vrfs\general-structure-results\70_high_uncertain_eye_setup_high\029104dc_OVRPlugin.OVRP_1_86_0$$ovrp_SetMultimodalHandsControllersSupported.c"
"OVRPlugin.OVRP_1_92_0$$ovrp_GetFaceState2","02910cb8","74","70_high_uncertain_eye_setup_high","uncertain","eye_tracking_capability_present","app_or_custom_namespace","setup_only","eye_source;weak_source_state;validity_gate","strong_eye_source_hits_2;weak_xr_or_state_hits_4;validity_or_gating_hits_3;functionality_eye_api_context_without_clear_sink_hits_2","C:\realDesktop\manifest-evaluations\summer-26\ghidra-pipeline\il2cpp-files\vrfs\general-structure-results\70_high_uncertain_eye_setup_high\02910cb8_OVRPlugin.OVRP_1_92_0$$ovrp_GetFaceState2.c"
"OVRPlugin.OVRP_1_92_0$$ovrp_StopFaceTracking2","02910dd8","75","70_high_uncertain_eye_setup_high","uncertain","eye_tracking_capability_present","app_or_custom_namespace","setup_only","eye_source;weak_source_state;validity_gate","strong_eye_source_hits_2;weak_xr_or_state_hits_2;validity_or_gating_hits_8;functionality_eye_api_context_without_clear_sink_hits_2","C:\realDesktop\manifest-evaluations\summer-26\ghidra-pipeline\il2cpp-files\vrfs\general-structure-results\70_high_uncertain_eye_setup_high\02910dd8_OVRPlugin.OVRP_1_92_0$$ovrp_StopFaceTracking2.c"
"OVRPlugin.OVRP_1_92_0$$ovrp_GetFaceTracking2Enabled","02910e40","77","70_high_uncertain_eye_setup_high","uncertain","eye_tracking_capability_present","app_or_custom_namespace","setup_only","eye_source;weak_source_state;validity_gate","strong_eye_source_hits_2;weak_xr_or_state_hits_6;validity_or_gating_hits_6;functionality_eye_api_context_without_clear_sink_hits_2","C:\realDesktop\manifest-evaluations\summer-26\ghidra-pipeline\il2cpp-files\vrfs\general-structure-results\70_high_uncertain_eye_setup_high\02910e40_OVRPlugin.OVRP_1_92_0$$ovrp_GetFaceTracking2Enabled.c"
"OVRPlugin.OVRP_1_92_0$$ovrp_RequestBodyTrackingFidelity","02910f38","107","90_plus_uncertain_gaze_or_xr_structure_near_certain","uncertain","eye_tracking_capability_present","app_or_custom_namespace","data_collection_or_telemetry","eye_source;weak_source_state;validity_gate;telemetry","strong_eye_source_hits_2;weak_xr_or_state_hits_2;validity_or_gating_hits_4;telemetry_or_network_hits_2;functionality_data_collection_or_telemetry_hits_2","C:\realDesktop\manifest-evaluations\summer-26\ghidra-pipeline\il2cpp-files\vrfs\general-structure-results\90_plus_uncertain_gaze_or_xr_structure_near_certain\02910f38_OVRPlugin.OVRP_1_92_0$$ovrp_RequestBodyTrackingFidelity.c"
"OVRPlugin.OVRP_1_92_0$$ovrp_SuggestBodyTrackingCalibrationOverride","02910fb4","75","70_high_uncertain_eye_setup_high","uncertain","eye_tracking_capability_present","app_or_custom_namespace","setup_only","eye_source;weak_source_state;validity_gate","strong_eye_source_hits_2;weak_xr_or_state_hits_2;validity_or_gating_hits_4;functionality_eye_api_context_without_clear_sink_hits_2","C:\realDesktop\manifest-evaluations\summer-26\ghidra-pipeline\il2cpp-files\vrfs\general-structure-results\70_high_uncertain_eye_setup_high\02910fb4_OVRPlugin.OVRP_1_92_0$$ovrp_SuggestBodyTrackingCalibrationOverride.c"
"OVRPlugin.OVRP_1_92_0$$ovrp_ResetBodyTrackingCalibration","02911030","72","70_high_uncertain_eye_setup_high","uncertain","eye_tracking_capability_present","app_or_custom_namespace","setup_only","eye_source;weak_source_state;validity_gate","strong_eye_source_hits_2;weak_xr_or_state_hits_2;validity_or_gating_hits_3;functionality_eye_api_context_without_clear_sink_hits_2","C:\realDesktop\manifest-evaluations\summer-26\ghidra-pipeline\il2cpp-files\vrfs\general-structure-results\70_high_uncertain_eye_setup_high\02911030_OVRPlugin.OVRP_1_92_0$$ovrp_ResetBodyTrackingCalibration.c"
"OVRPlugin.OVRP_1_92_0$$ovrp_GetBodyState4","02911098","71","70_high_uncertain_eye_setup_high","uncertain","eye_tracking_capability_present","app_or_custom_namespace","setup_only","eye_source;weak_source_state;validity_gate","strong_eye_source_hits_2;weak_xr_or_state_hits_4;validity_or_gating_hits_2;functionality_eye_api_context_without_clear_sink_hits_2","C:\realDesktop\manifest-evaluations\summer-26\ghidra-pipeline\il2cpp-files\vrfs\general-structure-results\70_high_uncertain_eye_setup_high\02911098_OVRPlugin.OVRP_1_92_0$$ovrp_GetBodyState4.c"
"OVRPlugin.OVRP_1_95_0$$ovrp_SetDeveloperTelemetryConsent","029114d4","85","70_high_uncertain_gaze_or_xr_structure_high","uncertain","eye_tracking_capability_present","app_or_custom_namespace","data_collection_or_telemetry","eye_source;weak_source_state;telemetry","strong_eye_source_hits_2;weak_xr_or_state_hits_2;telemetry_or_network_hits_2;functionality_data_collection_or_telemetry_hits_2","C:\realDesktop\manifest-evaluations\summer-26\ghidra-pipeline\il2cpp-files\vrfs\general-structure-results\70_high_uncertain_gaze_or_xr_structure_high\029114d4_OVRPlugin.OVRP_1_95_0$$ovrp_SetDeveloperTelemetryConsent.c"
"OVRPlugin.OVRP_1_98_0$$ovrp_RequestBoundaryVisibility","02911948","85","70_high_uncertain_gaze_or_xr_structure_high","uncertain","eye_tracking_capability_present","app_or_custom_namespace","data_collection_or_telemetry","eye_source;weak_source_state;telemetry","strong_eye_source_hits_2;weak_xr_or_state_hits_2;telemetry_or_network_hits_2;functionality_data_collection_or_telemetry_hits_2","C:\realDesktop\manifest-evaluations\summer-26\ghidra-pipeline\il2cpp-files\vrfs\general-structure-results\70_high_uncertain_gaze_or_xr_structure_high\02911948_OVRPlugin.OVRP_1_98_0$$ovrp_RequestBoundaryVisibility.c"
"OVRPlugin.OVRP_1_99_0$$ovrp_GetTrackingPoseEnabledForInvisibleSession","02911ad0","87","70_high_uncertain_gaze_or_xr_structure_high","uncertain","eye_tracking_capability_present","app_or_custom_namespace","data_collection_or_telemetry","eye_source;weak_source_state;telemetry","strong_eye_source_hits_2;weak_xr_or_state_hits_6;telemetry_or_network_hits_2;functionality_data_collection_or_telemetry_hits_2","C:\realDesktop\manifest-evaluations\summer-26\ghidra-pipeline\il2cpp-files\vrfs\general-structure-results\70_high_uncertain_gaze_or_xr_structure_high\02911ad0_OVRPlugin.OVRP_1_99_0$$ovrp_GetTrackingPoseEnabledForInvisibleSession.c"
"OVRPlugin.OVRP_1_99_0$$ovrp_SetTrackingPoseEnabledForInvisibleSession","02911b4c","87","70_high_uncertain_gaze_or_xr_structure_high","uncertain","eye_tracking_capability_present","app_or_custom_namespace","data_collection_or_telemetry","eye_source;weak_source_state;telemetry","strong_eye_source_hits_2;weak_xr_or_state_hits_4;telemetry_or_network_hits_2;functionality_data_collection_or_telemetry_hits_2","C:\realDesktop\manifest-evaluations\summer-26\ghidra-pipeline\il2cpp-files\vrfs\general-structure-results\70_high_uncertain_gaze_or_xr_structure_high\02911b4c_OVRPlugin.OVRP_1_99_0$$ovrp_SetTrackingPoseEnabledForInvisibleSession.c"
"OVRPlugin.<>c__DisplayClass503_0$$.ctor","02911c58","72","70_high_uncertain_eye_setup_high","uncertain","eye_tracking_capability_present","app_or_custom_namespace","setup_only","eye_source;weak_source_state;validity_gate","strong_eye_source_hits_2;weak_xr_or_state_hits_2;validity_or_gating_hits_3;functionality_eye_api_context_without_clear_sink_hits_2","C:\realDesktop\manifest-evaluations\summer-26\ghidra-pipeline\il2cpp-files\vrfs\general-structure-results\70_high_uncertain_eye_setup_high\02911c58_OVRPlugin._c__DisplayClass503_0$$.ctor.c"
"OVRPlugin.<>c__DisplayClass503_0$$<GetVirtualKeyboardModelAnimationStates>b__0","02911c60","71","70_high_uncertain_eye_setup_high","uncertain","eye_tracking_capability_present","app_or_custom_namespace","setup_only","eye_source;weak_source_state;validity_gate","strong_eye_source_hits_2;weak_xr_or_state_hits_4;validity_or_gating_hits_2;functionality_eye_api_context_without_clear_sink_hits_2","C:\realDesktop\manifest-evaluations\summer-26\ghidra-pipeline\il2cpp-files\vrfs\general-structure-results\70_high_uncertain_eye_setup_high\02911c60_OVRPlugin._c__DisplayClass503_0$$_GetVirtualKeyboardModelAnimationStates_b__0.c"
"OVRPlugin.<>c$$.cctor","02911d44","75","70_high_uncertain_eye_setup_high","uncertain","eye_tracking_capability_present","app_or_custom_namespace","setup_only","eye_source;weak_source_state;validity_gate","strong_eye_source_hits_2;weak_xr_or_state_hits_2;validity_or_gating_hits_8;functionality_eye_api_context_without_clear_sink_hits_2","C:\realDesktop\manifest-evaluations\summer-26\ghidra-pipeline\il2cpp-files\vrfs\general-structure-results\70_high_uncertain_eye_setup_high\02911d44_OVRPlugin._c$$.cctor.c"
"OVRPlugin.<>c$$.ctor","02911db4","75","70_high_uncertain_eye_setup_high","uncertain","eye_tracking_capability_present","app_or_custom_namespace","setup_only","eye_source;weak_source_state;validity_gate","strong_eye_source_hits_2;weak_xr_or_state_hits_2;validity_or_gating_hits_6;functionality_eye_api_context_without_clear_sink_hits_2","C:\realDesktop\manifest-evaluations\summer-26\ghidra-pipeline\il2cpp-files\vrfs\general-structure-results\70_high_uncertain_eye_setup_high\02911db4_OVRPlugin._c$$.ctor.c"
"OVRPlugin.<>c$$<.cctor>b__717_0","02911dbc","75","70_high_uncertain_eye_setup_high","uncertain","eye_tracking_capability_present","app_or_custom_namespace","setup_only","eye_source;weak_source_state;validity_gate","strong_eye_source_hits_2;weak_xr_or_state_hits_2;validity_or_gating_hits_6;functionality_eye_api_context_without_clear_sink_hits_2","C:\realDesktop\manifest-evaluations\summer-26\ghidra-pipeline\il2cpp-files\vrfs\general-structure-results\70_high_uncertain_eye_setup_high\02911dbc_OVRPlugin._c$$_.cctor_b__717_0.c"
"OVRPlugin.<>c$$<.cctor>b__717_1","02911e28","75","70_high_uncertain_eye_setup_high","uncertain","eye_tracking_capability_present","app_or_custom_namespace","setup_only","eye_source;weak_source_state;validity_gate","strong_eye_source_hits_2;weak_xr_or_state_hits_2;validity_or_gating_hits_6;functionality_eye_api_context_without_clear_sink_hits_2","C:\realDesktop\manifest-evaluations\summer-26\ghidra-pipeline\il2cpp-files\vrfs\general-structure-results\70_high_uncertain_eye_setup_high\02911e28_OVRPlugin._c$$_.cctor_b__717_1.c"
"OVRPlugin.<>c$$<.cctor>b__717_3","02911efc","75","70_high_uncertain_eye_setup_high","uncertain","eye_tracking_capability_present","app_or_custom_namespace","setup_only","eye_source;weak_source_state;validity_gate","strong_eye_source_hits_2;weak_xr_or_state_hits_2;validity_or_gating_hits_4;functionality_eye_api_context_without_clear_sink_hits_2","C:\realDesktop\manifest-evaluations\summer-26\ghidra-pipeline\il2cpp-files\vrfs\general-structure-results\70_high_uncertain_eye_setup_high\02911efc_OVRPlugin._c$$_.cctor_b__717_3.c"
"OVRPlugin.<>c$$<.cctor>b__717_4","02911f68","75","70_high_uncertain_eye_setup_high","uncertain","eye_tracking_capability_present","app_or_custom_namespace","setup_only","eye_source;weak_source_state;validity_gate","strong_eye_source_hits_2;weak_xr_or_state_hits_2;validity_or_gating_hits_4;functionality_eye_api_context_without_clear_sink_hits_2","C:\realDesktop\manifest-evaluations\summer-26\ghidra-pipeline\il2cpp-files\vrfs\general-structure-results\70_high_uncertain_eye_setup_high\02911f68_OVRPlugin._c$$_.cctor_b__717_4.c"
"OVRPlugin.<>c$$<.cctor>b__717_8","02912114","72","70_high_uncertain_eye_setup_high","uncertain","eye_tracking_capability_present","app_or_custom_namespace","setup_only","eye_source;weak_source_state;validity_gate","strong_eye_source_hits_2;weak_xr_or_state_hits_2;validity_or_gating_hits_3;functionality_eye_api_context_without_clear_sink_hits_2","C:\realDesktop\manifest-evaluations\summer-26\ghidra-pipeline\il2cpp-files\vrfs\general-structure-results\70_high_uncertain_eye_setup_high\02912114_OVRPlugin._c$$_.cctor_b__717_8.c"
"OVRPlugin.<>c$$<.cctor>b__717_24","029127d4","80","70_high_uncertain_eye_setup_high","uncertain","eye_tracking_capability_present","app_or_custom_namespace","setup_only","eye_source;weak_source_state;validity_gate","strong_eye_source_hits_4;weak_xr_or_state_hits_4;validity_or_gating_hits_1;functionality_eye_api_context_without_clear_sink_hits_4","C:\realDesktop\manifest-evaluations\summer-26\ghidra-pipeline\il2cpp-files\vrfs\general-structure-results\70_high_uncertain_eye_setup_high\029127d4_OVRPlugin._c$$_.cctor_b__717_24.c"
"OVRPlugin.<>c$$<.cctor>b__717_32","02912b34","72","70_high_uncertain_eye_setup_high","uncertain","eye_tracking_capability_present","app_or_custom_namespace","setup_only","eye_source;weak_source_state;validity_gate","strong_eye_source_hits_2;weak_xr_or_state_hits_2;validity_or_gating_hits_3;functionality_eye_api_context_without_clear_sink_hits_2","C:\realDesktop\manifest-evaluations\summer-26\ghidra-pipeline\il2cpp-files\vrfs\general-structure-results\70_high_uncertain_eye_setup_high\02912b34_OVRPlugin._c$$_.cctor_b__717_32.c"
"OVRPlugin.<>c$$<.cctor>b__717_35","02912c78","75","70_high_uncertain_eye_setup_high","uncertain","eye_tracking_capability_present","app_or_custom_namespace","setup_only","eye_source;weak_source_state;validity_gate","strong_eye_source_hits_2;weak_xr_or_state_hits_2;validity_or_gating_hits_8;functionality_eye_api_context_without_clear_sink_hits_2","C:\realDesktop\manifest-evaluations\summer-26\ghidra-pipeline\il2cpp-files\vrfs\general-structure-results\70_high_uncertain_eye_setup_high\02912c78_OVRPlugin._c$$_.cctor_b__717_35.c"
"OVRPlugin.<>c$$<.cctor>b__717_36","02912ce4","75","70_high_uncertain_eye_setup_high","uncertain","eye_tracking_capability_present","app_or_custom_namespace","setup_only","eye_source;weak_source_state;validity_gate","strong_eye_source_hits_2;weak_xr_or_state_hits_2;validity_or_gating_hits_6;functionality_eye_api_context_without_clear_sink_hits_2","C:\realDesktop\manifest-evaluations\summer-26\ghidra-pipeline\il2cpp-files\vrfs\general-structure-results\70_high_uncertain_eye_setup_high\02912ce4_OVRPlugin._c$$_.cctor_b__717_36.c"
"OVRPlugin.<>c$$<.cctor>b__717_38","02912dbc","75","70_high_uncertain_eye_setup_high","uncertain","eye_tracking_capability_present","app_or_custom_namespace","setup_only","eye_source;weak_source_state;validity_gate","strong_eye_source_hits_2;weak_xr_or_state_hits_2;validity_or_gating_hits_4;functionality_eye_api_context_without_clear_sink_hits_2","C:\realDesktop\manifest-evaluations\summer-26\ghidra-pipeline\il2cpp-files\vrfs\general-structure-results\70_high_uncertain_eye_setup_high\02912dbc_OVRPlugin._c$$_.cctor_b__717_38.c"
"OVRPlugin.<>c$$<.cctor>b__717_39","02912e28","75","70_high_uncertain_eye_setup_high","uncertain","eye_tracking_capability_present","app_or_custom_namespace","setup_only","eye_source;weak_source_state;validity_gate","strong_eye_source_hits_2;weak_xr_or_state_hits_2;validity_or_gating_hits_4;functionality_eye_api_context_without_clear_sink_hits_2","C:\realDesktop\manifest-evaluations\summer-26\ghidra-pipeline\il2cpp-files\vrfs\general-structure-results\70_high_uncertain_eye_setup_high\02912e28_OVRPlugin._c$$_.cctor_b__717_39.c"
"OVRPlugin.<>c$$<.cctor>b__717_40","02912e94","75","70_high_uncertain_eye_setup_high","uncertain","eye_tracking_capability_present","app_or_custom_namespace","setup_only","eye_source;weak_source_state;validity_gate","strong_eye_source_hits_2;weak_xr_or_state_hits_2;validity_or_gating_hits_4;functionality_eye_api_context_without_clear_sink_hits_2","C:\realDesktop\manifest-evaluations\summer-26\ghidra-pipeline\il2cpp-files\vrfs\general-structure-results\70_high_uncertain_eye_setup_high\02912e94_OVRPlugin._c$$_.cctor_b__717_40.c"
"OVRPlugin.<>c$$<.cctor>b__717_57","029135c0","80","70_high_uncertain_eye_setup_high","uncertain","eye_tracking_capability_present","app_or_custom_namespace","setup_only","eye_source;weak_source_state;validity_gate","strong_eye_source_hits_4;weak_xr_or_state_hits_4;validity_or_gating_hits_1;functionality_eye_api_context_without_clear_sink_hits_4","C:\realDesktop\manifest-evaluations\summer-26\ghidra-pipeline\il2cpp-files\vrfs\general-structure-results\70_high_uncertain_eye_setup_high\029135c0_OVRPlugin._c$$_.cctor_b__717_57.c"
"FUN_02913ac4","02913ac4","75","70_high_uncertain_eye_setup_high","uncertain","eye_tracking_capability_present","app_or_custom_namespace","setup_only","eye_source;weak_source_state;validity_gate","strong_eye_source_hits_2;weak_xr_or_state_hits_2;validity_or_gating_hits_8;functionality_eye_api_context_without_clear_sink_hits_2","C:\realDesktop\manifest-evaluations\summer-26\ghidra-pipeline\il2cpp-files\vrfs\general-structure-results\70_high_uncertain_eye_setup_high\02913ac4_FUN_02913ac4.c"
"OVRPlugin.<>c$$<.cctor>b__717_69","02913ad0","89","70_high_uncertain_eye_setup_high","uncertain","eye_tracking_capability_present","app_or_custom_namespace","setup_only","eye_source;weak_source_state;validity_gate","strong_eye_source_hits_4;weak_xr_or_state_hits_4;validity_or_gating_hits_8;functionality_eye_api_context_without_clear_sink_hits_4","C:\realDesktop\manifest-evaluations\summer-26\ghidra-pipeline\il2cpp-files\vrfs\general-structure-results\70_high_uncertain_eye_setup_high\02913ad0_OVRPlugin._c$$_.cctor_b__717_69.c"
"OVRPlugin.<>c$$<.cctor>b__717_70","02913b3c","89","70_high_uncertain_eye_setup_high","uncertain","eye_tracking_capability_present","app_or_custom_namespace","setup_only","eye_source;weak_source_state;validity_gate","strong_eye_source_hits_4;weak_xr_or_state_hits_4;validity_or_gating_hits_7;functionality_eye_api_context_without_clear_sink_hits_4","C:\realDesktop\manifest-evaluations\summer-26\ghidra-pipeline\il2cpp-files\vrfs\general-structure-results\70_high_uncertain_eye_setup_high\02913b3c_OVRPlugin._c$$_.cctor_b__717_70.c"
"OVRPlugin.<>c$$<.cctor>b__717_71","02913ba8","89","70_high_uncertain_eye_setup_high","uncertain","eye_tracking_capability_present","app_or_custom_namespace","setup_only","eye_source;weak_source_state;validity_gate","strong_eye_source_hits_4;weak_xr_or_state_hits_4;validity_or_gating_hits_6;functionality_eye_api_context_without_clear_sink_hits_4","C:\realDesktop\manifest-evaluations\summer-26\ghidra-pipeline\il2cpp-files\vrfs\general-structure-results\70_high_uncertain_eye_setup_high\02913ba8_OVRPlugin._c$$_.cctor_b__717_71.c"
"OVRPlugin.<>c$$<.cctor>b__717_73","02913c80","89","70_high_uncertain_eye_setup_high","uncertain","eye_tracking_capability_present","app_or_custom_namespace","setup_only","eye_source;weak_source_state;validity_gate","strong_eye_source_hits_4;weak_xr_or_state_hits_4;validity_or_gating_hits_4;functionality_eye_api_context_without_clear_sink_hits_4","C:\realDesktop\manifest-evaluations\summer-26\ghidra-pipeline\il2cpp-files\vrfs\general-structure-results\70_high_uncertain_eye_setup_high\02913c80_OVRPlugin._c$$_.cctor_b__717_73.c"
"OVRPlugin.<>c$$<.cctor>b__717_74","02913cec","89","70_high_uncertain_eye_setup_high","uncertain","eye_tracking_capability_present","app_or_custom_namespace","setup_only","eye_source;weak_source_state;validity_gate","strong_eye_source_hits_4;weak_xr_or_state_hits_4;validity_or_gating_hits_4;functionality_eye_api_context_without_clear_sink_hits_4","C:\realDesktop\manifest-evaluations\summer-26\ghidra-pipeline\il2cpp-files\vrfs\general-structure-results\70_high_uncertain_eye_setup_high\02913cec_OVRPlugin._c$$_.cctor_b__717_74.c"
"OVRPlugin.<>c$$<.cctor>b__717_75","02913d58","86","70_high_uncertain_eye_setup_high","uncertain","eye_tracking_capability_present","app_or_custom_namespace","setup_only","eye_source;weak_source_state;validity_gate","strong_eye_source_hits_4;weak_xr_or_state_hits_4;validity_or_gating_hits_3;functionality_eye_api_context_without_clear_sink_hits_4","C:\realDesktop\manifest-evaluations\summer-26\ghidra-pipeline\il2cpp-files\vrfs\general-structure-results\70_high_uncertain_eye_setup_high\02913d58_OVRPlugin._c$$_.cctor_b__717_75.c"
"OVRPlugin.<>c$$<.cctor>b__717_76","02913dc4","83","70_high_uncertain_eye_setup_high","uncertain","eye_tracking_capability_present","app_or_custom_namespace","setup_only","eye_source;weak_source_state;validity_gate","strong_eye_source_hits_4;weak_xr_or_state_hits_4;validity_or_gating_hits_2;functionality_eye_api_context_without_clear_sink_hits_4","C:\realDesktop\manifest-evaluations\summer-26\ghidra-pipeline\il2cpp-files\vrfs\general-structure-results\70_high_uncertain_eye_setup_high\02913dc4_OVRPlugin._c$$_.cctor_b__717_76.c"
"OVRPlugin.<>c$$<.cctor>b__717_78","02913ea0","83","70_high_uncertain_eye_setup_high","uncertain","eye_tracking_capability_present","app_or_custom_namespace","setup_only","eye_source;weak_source_state;validity_gate","strong_eye_source_hits_4;weak_xr_or_state_hits_4;validity_or_gating_hits_2;functionality_eye_api_context_without_clear_sink_hits_4","C:\realDesktop\manifest-evaluations\summer-26\ghidra-pipeline\il2cpp-files\vrfs\general-structure-results\70_high_uncertain_eye_setup_high\02913ea0_OVRPlugin._c$$_.cctor_b__717_78.c"
"OVRPlugin.<>c$$<.cctor>b__717_103","02914978","75","70_high_uncertain_eye_setup_high","uncertain","eye_tracking_capability_present","app_or_custom_namespace","setup_only","eye_source;weak_source_state;validity_gate","strong_eye_source_hits_2;weak_xr_or_state_hits_2;validity_or_gating_hits_8;functionality_eye_api_context_without_clear_sink_hits_2","C:\realDesktop\manifest-evaluations\summer-26\ghidra-pipeline\il2cpp-files\vrfs\general-structure-results\70_high_uncertain_eye_setup_high\02914978_OVRPlugin._c$$_.cctor_b__717_103.c"
"OVRPlugin.<>c$$<.cctor>b__717_104","029149e4","75","70_high_uncertain_eye_setup_high","uncertain","eye_tracking_capability_present","app_or_custom_namespace","setup_only","eye_source;weak_source_state;validity_gate","strong_eye_source_hits_2;weak_xr_or_state_hits_2;validity_or_gating_hits_6;functionality_eye_api_context_without_clear_sink_hits_2","C:\realDesktop\manifest-evaluations\summer-26\ghidra-pipeline\il2cpp-files\vrfs\general-structure-results\70_high_uncertain_eye_setup_high\029149e4_OVRPlugin._c$$_.cctor_b__717_104.c"
"OVRPlugin.<>c$$<.cctor>b__717_105","02914a54","75","70_high_uncertain_eye_setup_high","uncertain","eye_tracking_capability_present","app_or_custom_namespace","setup_only","eye_source;weak_source_state;validity_gate","strong_eye_source_hits_2;weak_xr_or_state_hits_2;validity_or_gating_hits_6;functionality_eye_api_context_without_clear_sink_hits_2","C:\realDesktop\manifest-evaluations\summer-26\ghidra-pipeline\il2cpp-files\vrfs\general-structure-results\70_high_uncertain_eye_setup_high\02914a54_OVRPlugin._c$$_.cctor_b__717_105.c"
"OVRPlugin.<>c$$<.cctor>b__717_106","02914ac4","75","70_high_uncertain_eye_setup_high","uncertain","eye_tracking_capability_present","app_or_custom_namespace","setup_only","eye_source;weak_source_state;validity_gate","strong_eye_source_hits_2;weak_xr_or_state_hits_2;validity_or_gating_hits_4;functionality_eye_api_context_without_clear_sink_hits_2","C:\realDesktop\manifest-evaluations\summer-26\ghidra-pipeline\il2cpp-files\vrfs\general-structure-results\70_high_uncertain_eye_setup_high\02914ac4_OVRPlugin._c$$_.cctor_b__717_106.c"
"OVRPlugin.<>c$$<.cctor>b__717_107","02914b34","75","70_high_uncertain_eye_setup_high","uncertain","eye_tracking_capability_present","app_or_custom_namespace","setup_only","eye_source;weak_source_state;validity_gate","strong_eye_source_hits_2;weak_xr_or_state_hits_2;validity_or_gating_hits_4;functionality_eye_api_context_without_clear_sink_hits_2","C:\realDesktop\manifest-evaluations\summer-26\ghidra-pipeline\il2cpp-files\vrfs\general-structure-results\70_high_uncertain_eye_setup_high\02914b34_OVRPlugin._c$$_.cctor_b__717_107.c"
"OVRPlugin.<>c$$<.cctor>b__717_108","02914ba0","75","70_high_uncertain_eye_setup_high","uncertain","eye_tracking_capability_present","app_or_custom_namespace","setup_only","eye_source;weak_source_state;validity_gate","strong_eye_source_hits_2;weak_xr_or_state_hits_2;validity_or_gating_hits_4;functionality_eye_api_context_without_clear_sink_hits_2","C:\realDesktop\manifest-evaluations\summer-26\ghidra-pipeline\il2cpp-files\vrfs\general-structure-results\70_high_uncertain_eye_setup_high\02914ba0_OVRPlugin._c$$_.cctor_b__717_108.c"
"OVRPlugin.<>c$$<.cctor>b__717_134","029156e8","72","70_high_uncertain_eye_setup_high","uncertain","eye_tracking_capability_present","app_or_custom_namespace","setup_only","eye_source;weak_source_state;validity_gate","strong_eye_source_hits_2;weak_xr_or_state_hits_2;validity_or_gating_hits_3;functionality_eye_api_context_without_clear_sink_hits_2","C:\realDesktop\manifest-evaluations\summer-26\ghidra-pipeline\il2cpp-files\vrfs\general-structure-results\70_high_uncertain_eye_setup_high\029156e8_OVRPlugin._c$$_.cctor_b__717_134.c"
"OVRPlugin.<>c$$<.cctor>b__717_137","02915834","75","70_high_uncertain_eye_setup_high","uncertain","eye_tracking_capability_present","app_or_custom_namespace","setup_only","eye_source;weak_source_state;validity_gate","strong_eye_source_hits_2;weak_xr_or_state_hits_2;validity_or_gating_hits_7;functionality_eye_api_context_without_clear_sink_hits_2","C:\realDesktop\manifest-evaluations\summer-26\ghidra-pipeline\il2cpp-files\vrfs\general-structure-results\70_high_uncertain_eye_setup_high\02915834_OVRPlugin._c$$_.cctor_b__717_137.c"
"OVRPlugin.<>c$$<.cctor>b__717_138","029158a4","75","70_high_uncertain_eye_setup_high","uncertain","eye_tracking_capability_present","app_or_custom_namespace","setup_only","eye_source;weak_source_state;validity_gate","strong_eye_source_hits_2;weak_xr_or_state_hits_2;validity_or_gating_hits_6;functionality_eye_api_context_without_clear_sink_hits_2","C:\realDesktop\manifest-evaluations\summer-26\ghidra-pipeline\il2cpp-files\vrfs\general-structure-results\70_high_uncertain_eye_setup_high\029158a4_OVRPlugin._c$$_.cctor_b__717_138.c"
"OVRPlugin.<>c$$<.cctor>b__717_140","02915980","75","70_high_uncertain_eye_setup_high","uncertain","eye_tracking_capability_present","app_or_custom_namespace","setup_only","eye_source;weak_source_state;validity_gate","strong_eye_source_hits_2;weak_xr_or_state_hits_2;validity_or_gating_hits_4;functionality_eye_api_context_without_clear_sink_hits_2","C:\realDesktop\manifest-evaluations\summer-26\ghidra-pipeline\il2cpp-files\vrfs\general-structure-results\70_high_uncertain_eye_setup_high\02915980_OVRPlugin._c$$_.cctor_b__717_140.c"
"OVRPlugin.<>c$$<.cctor>b__717_141","029159f0","75","70_high_uncertain_eye_setup_high","uncertain","eye_tracking_capability_present","app_or_custom_namespace","setup_only","eye_source;weak_source_state;validity_gate","strong_eye_source_hits_2;weak_xr_or_state_hits_2;validity_or_gating_hits_4;functionality_eye_api_context_without_clear_sink_hits_2","C:\realDesktop\manifest-evaluations\summer-26\ghidra-pipeline\il2cpp-files\vrfs\general-structure-results\70_high_uncertain_eye_setup_high\029159f0_OVRPlugin._c$$_.cctor_b__717_141.c"
"OVRPlugin.<>c$$<.cctor>b__717_142","02915a60","72","70_high_uncertain_eye_setup_high","uncertain","eye_tracking_capability_present","app_or_custom_namespace","setup_only","eye_source;weak_source_state;validity_gate","strong_eye_source_hits_2;weak_xr_or_state_hits_2;validity_or_gating_hits_3;functionality_eye_api_context_without_clear_sink_hits_2","C:\realDesktop\manifest-evaluations\summer-26\ghidra-pipeline\il2cpp-files\vrfs\general-structure-results\70_high_uncertain_eye_setup_high\02915a60_OVRPlugin._c$$_.cctor_b__717_142.c"
"OVRSceneModelLoader$$<RequestScenePermissionAsync>g__RequestPermissionOnAndroid|9_0","0292209c","84","70_high_attempted_eye_tracking_permission_or_feature_high","yes","eye_tracking_attempted_permission_or_feature","app_or_custom_namespace","attempted_eye_tracking_use","weak_source_state;validity_gate;telemetry;attempted_use","weak_xr_or_state_hits_4;validity_or_gating_hits_4;telemetry_or_network_hits_4;attempted_eye_tracking_permission_or_feature_enable","C:\realDesktop\manifest-evaluations\summer-26\ghidra-pipeline\il2cpp-files\vrfs\general-structure-results\70_high_attempted_eye_tracking_permission_or_feature_high\0292209c_OVRSceneModelLoader$$_RequestScenePermissionAsync_g__RequestPermissionOnAndroid_9_0.c"
"FUN_0294a844","0294a844","87","70_high_uncertain_eye_setup_high","uncertain","eye_tracking_capability_present","app_or_custom_namespace","setup_only","eye_source;weak_source_state;validity_gate;pose_vector","strong_eye_source_hits_1;weak_xr_or_state_hits_1;validity_or_gating_hits_7;strong_pose_or_ray_construction_hits_2;functionality_eye_api_context_without_clear_sink_hits_1","C:\realDesktop\manifest-evaluations\summer-26\ghidra-pipeline\il2cpp-files\vrfs\general-structure-results\70_high_uncertain_eye_setup_high\0294a844_FUN_0294a844.c"
"FUN_0294acf0","0294acf0","87","70_high_uncertain_eye_setup_high","uncertain","eye_tracking_capability_present","app_or_custom_namespace","setup_only","eye_source;weak_source_state;validity_gate;pose_vector","strong_eye_source_hits_1;weak_xr_or_state_hits_1;validity_or_gating_hits_7;strong_pose_or_ray_construction_hits_2;functionality_eye_api_context_without_clear_sink_hits_1","C:\realDesktop\manifest-evaluations\summer-26\ghidra-pipeline\il2cpp-files\vrfs\general-structure-results\70_high_uncertain_eye_setup_high\0294acf0_FUN_0294acf0.c"
"FUN_02a00eb0","02a00eb0","74","70_high_uncertain_gaze_or_xr_structure_high","uncertain","eye_tracking_capability_present","app_or_custom_namespace","data_collection_or_telemetry","eye_source;weak_source_state;telemetry","strong_eye_source_hits_1;weak_xr_or_state_hits_2;telemetry_or_network_hits_1;functionality_data_collection_or_telemetry_hits_1","C:\realDesktop\manifest-evaluations\summer-26\ghidra-pipeline\il2cpp-files\vrfs\general-structure-results\70_high_uncertain_gaze_or_xr_structure_high\02a00eb0_FUN_02a00eb0.c"
"FUN_02a0113c","02a0113c","74","70_high_uncertain_gaze_or_xr_structure_high","uncertain","eye_tracking_capability_present","app_or_custom_namespace","data_collection_or_telemetry","eye_source;weak_source_state;telemetry","strong_eye_source_hits_1;weak_xr_or_state_hits_2;telemetry_or_network_hits_1;functionality_data_collection_or_telemetry_hits_1","C:\realDesktop\manifest-evaluations\summer-26\ghidra-pipeline\il2cpp-files\vrfs\general-structure-results\70_high_uncertain_gaze_or_xr_structure_high\02a0113c_FUN_02a0113c.c"
"FUN_02a01280","02a01280","74","70_high_uncertain_gaze_or_xr_structure_high","uncertain","eye_tracking_capability_present","app_or_custom_namespace","data_collection_or_telemetry","eye_source;weak_source_state;telemetry","strong_eye_source_hits_1;weak_xr_or_state_hits_2;telemetry_or_network_hits_1;functionality_data_collection_or_telemetry_hits_1","C:\realDesktop\manifest-evaluations\summer-26\ghidra-pipeline\il2cpp-files\vrfs\general-structure-results\70_high_uncertain_gaze_or_xr_structure_high\02a01280_FUN_02a01280.c"
"FUN_02a013bc","02a013bc","74","70_high_uncertain_gaze_or_xr_structure_high","uncertain","eye_tracking_capability_present","app_or_custom_namespace","data_collection_or_telemetry","eye_source;weak_source_state;telemetry","strong_eye_source_hits_1;weak_xr_or_state_hits_2;telemetry_or_network_hits_1;functionality_data_collection_or_telemetry_hits_1","C:\realDesktop\manifest-evaluations\summer-26\ghidra-pipeline\il2cpp-files\vrfs\general-structure-results\70_high_uncertain_gaze_or_xr_structure_high\02a013bc_FUN_02a013bc.c"
"FUN_02a014f8","02a014f8","74","70_high_uncertain_gaze_or_xr_structure_high","uncertain","eye_tracking_capability_present","app_or_custom_namespace","data_collection_or_telemetry","eye_source;weak_source_state;telemetry","strong_eye_source_hits_1;weak_xr_or_state_hits_2;telemetry_or_network_hits_1;functionality_data_collection_or_telemetry_hits_1","C:\realDesktop\manifest-evaluations\summer-26\ghidra-pipeline\il2cpp-files\vrfs\general-structure-results\70_high_uncertain_gaze_or_xr_structure_high\02a014f8_FUN_02a014f8.c"
"FUN_02a01634","02a01634","74","70_high_uncertain_gaze_or_xr_structure_high","uncertain","eye_tracking_capability_present","app_or_custom_namespace","data_collection_or_telemetry","eye_source;weak_source_state;telemetry","strong_eye_source_hits_1;weak_xr_or_state_hits_2;telemetry_or_network_hits_1;functionality_data_collection_or_telemetry_hits_1","C:\realDesktop\manifest-evaluations\summer-26\ghidra-pipeline\il2cpp-files\vrfs\general-structure-results\70_high_uncertain_gaze_or_xr_structure_high\02a01634_FUN_02a01634.c"
"FUN_02a07d84","02a07d84","72","70_high_uncertain_gaze_or_xr_structure_high","uncertain","eye_tracking_capability_present","app_or_custom_namespace","data_collection_or_telemetry","eye_source;weak_source_state;telemetry","strong_eye_source_hits_1;weak_xr_or_state_hits_1;telemetry_or_network_hits_1;functionality_data_collection_or_telemetry_hits_1","C:\realDesktop\manifest-evaluations\summer-26\ghidra-pipeline\il2cpp-files\vrfs\general-structure-results\70_high_uncertain_gaze_or_xr_structure_high\02a07d84_FUN_02a07d84.c"
"System.Collections.Generic.Dictionary<SceneRef,-AsyncOperationHandle<SceneInstance>>$$ContainsValue","02a07da4","72","70_high_framework_support_only_high","uncertain","framework_support_only","framework_namespace_with_project_hint","data_collection_or_telemetry","eye_source;weak_source_state;telemetry","strong_eye_source_hits_1;weak_xr_or_state_hits_1;telemetry_or_network_hits_1;functionality_data_collection_or_telemetry_hits_1","C:\realDesktop\manifest-evaluations\summer-26\ghidra-pipeline\il2cpp-files\vrfs\general-structure-results\70_high_framework_support_only_high\02a07da4_System.Collections.Generic.Dictionary_SceneRef_-AsyncOperationHandle_SceneInstance_$$ContainsValue.c"
"FUN_02a0830c","02a0830c","72","70_high_uncertain_gaze_or_xr_structure_high","uncertain","eye_tracking_capability_present","app_or_custom_namespace","data_collection_or_telemetry","eye_source;weak_source_state;telemetry","strong_eye_source_hits_1;weak_xr_or_state_hits_1;telemetry_or_network_hits_1;functionality_data_collection_or_telemetry_hits_1","C:\realDesktop\manifest-evaluations\summer-26\ghidra-pipeline\il2cpp-files\vrfs\general-structure-results\70_high_uncertain_gaze_or_xr_structure_high\02a0830c_FUN_02a0830c.c"
"FUN_02a0dd18","02a0dd18","72","70_high_uncertain_gaze_or_xr_structure_high","uncertain","eye_tracking_capability_present","app_or_custom_namespace","data_collection_or_telemetry","eye_source;weak_source_state;telemetry","strong_eye_source_hits_1;weak_xr_or_state_hits_1;telemetry_or_network_hits_1;functionality_data_collection_or_telemetry_hits_1","C:\realDesktop\manifest-evaluations\summer-26\ghidra-pipeline\il2cpp-files\vrfs\general-structure-results\70_high_uncertain_gaze_or_xr_structure_high\02a0dd18_FUN_02a0dd18.c"
"FUN_02a0e718","02a0e718","118","90_plus_attempted_dynamic_eye_tracked_foveation_near_certain","yes","attempted_or_possible_dynamic_eye_tracked_foveation","app_or_custom_namespace","foveated_rendering;attempted_eye_tracked_foveated_rendering","eye_source;weak_source_state;foveation_rendering;attempted_use;dynamic_foveation_possible","strong_eye_source_hits_3;weak_xr_or_state_hits_2;strong_foveation_hits_1;attempted_eye_tracking_permission_or_feature_enable;attempted_eye_tracking_with_foveated_rendering_path;functionality_foveated_rendering","C:\realDesktop\manifest-evaluations\summer-26\ghidra-pipeline\il2cpp-files\vrfs\general-structure-results\90_plus_attempted_dynamic_eye_tracked_foveation_near_certain\02a0e718_FUN_02a0e718.c"
"FUN_02a0e794","02a0e794","116","90_plus_attempted_dynamic_eye_tracked_foveation_near_certain","yes","attempted_or_possible_dynamic_eye_tracked_foveation","app_or_custom_namespace","foveated_rendering;attempted_eye_tracked_foveated_rendering","eye_source;weak_source_state;foveation_rendering;attempted_use;dynamic_foveation_possible","strong_eye_source_hits_3;weak_xr_or_state_hits_1;strong_foveation_hits_1;attempted_eye_tracking_permission_or_feature_enable;attempted_eye_tracking_with_foveated_rendering_path;functionality_foveated_rendering","C:\realDesktop\manifest-evaluations\summer-26\ghidra-pipeline\il2cpp-files\vrfs\general-structure-results\90_plus_attempted_dynamic_eye_tracked_foveation_near_certain\02a0e794_FUN_02a0e794.c"
"FUN_02a0e810","02a0e810","116","90_plus_attempted_dynamic_eye_tracked_foveation_near_certain","yes","attempted_or_possible_dynamic_eye_tracked_foveation","app_or_custom_namespace","foveated_rendering;attempted_eye_tracked_foveated_rendering","eye_source;weak_source_state;foveation_rendering;attempted_use;dynamic_foveation_possible","strong_eye_source_hits_3;weak_xr_or_state_hits_1;strong_foveation_hits_1;attempted_eye_tracking_permission_or_feature_enable;attempted_eye_tracking_with_foveated_rendering_path;functionality_foveated_rendering","C:\realDesktop\manifest-evaluations\summer-26\ghidra-pipeline\il2cpp-files\vrfs\general-structure-results\90_plus_attempted_dynamic_eye_tracked_foveation_near_certain\02a0e810_FUN_02a0e810.c"
"FUN_02a0ea2c","02a0ea2c","71","70_high_attempted_eye_tracking_permission_or_feature_high","yes","eye_tracking_attempted_permission_or_feature","app_or_custom_namespace","permission_setup;attempted_eye_tracking_use","eye_source;weak_source_state;frame_behavior;attempted_use","strong_eye_source_hits_2;weak_xr_or_state_hits_1;frame_or_lifecycle_behavior;attempted_eye_tracking_permission_or_feature_enable;functionality_permission_setup","C:\realDesktop\manifest-evaluations\summer-26\ghidra-pipeline\il2cpp-files\vrfs\general-structure-results\70_high_attempted_eye_tracking_permission_or_feature_high\02a0ea2c_FUN_02a0ea2c.c"
"FUN_02a0ee90","02a0ee90","82","70_high_attempted_eye_tracking_permission_or_feature_high","yes","eye_tracking_attempted_permission_or_feature","app_or_custom_namespace","setup_only;attempted_eye_tracking_use","eye_source;weak_source_state;validity_gate;attempted_use","strong_eye_source_hits_2;weak_xr_or_state_hits_3;validity_or_gating_hits_1;attempted_eye_tracking_permission_or_feature_enable;functionality_eye_api_context_without_clear_sink_hits_2","C:\realDesktop\manifest-evaluations\summer-26\ghidra-pipeline\il2cpp-files\vrfs\general-structure-results\70_high_attempted_eye_tracking_permission_or_feature_high\02a0ee90_FUN_02a0ee90.c"
"FUN_02a0ef0c","02a0ef0c","73","70_high_attempted_eye_tracking_permission_or_feature_high","yes","eye_tracking_attempted_permission_or_feature","app_or_custom_namespace","setup_only;attempted_eye_tracking_use","eye_source;weak_source_state;attempted_use","strong_eye_source_hits_3;weak_xr_or_state_hits_2;attempted_eye_tracking_permission_or_feature_enable;functionality_eye_api_context_without_clear_sink_hits_3","C:\realDesktop\manifest-evaluations\summer-26\ghidra-pipeline\il2cpp-files\vrfs\general-structure-results\70_high_attempted_eye_tracking_permission_or_feature_high\02a0ef0c_FUN_02a0ef0c.c"
"Meta.XR.MRUtilityKit.EffectMesh$$set_ToggleColliders","02a0fc7c","73","70_high_uncertain_eye_setup_high","uncertain","eye_tracking_capability_present","app_or_custom_namespace","setup_only","eye_source;weak_source_state;ray_interaction","strong_eye_source_hits_2;weak_xr_or_state_hits_2;ray_or_cast_sink_hits_2;functionality_eye_api_context_without_clear_sink_hits_2","C:\realDesktop\manifest-evaluations\summer-26\ghidra-pipeline\il2cpp-files\vrfs\general-structure-results\70_high_uncertain_eye_setup_high\02a0fc7c_Meta.XR.MRUtilityKit.EffectMesh$$set_ToggleColliders.c"
"FUN_02a10f38","02a10f38","72","70_high_uncertain_gaze_or_xr_structure_high","uncertain","eye_tracking_capability_present","app_or_custom_namespace","data_collection_or_telemetry","eye_source;weak_source_state;telemetry","strong_eye_source_hits_1;weak_xr_or_state_hits_1;telemetry_or_network_hits_1;functionality_data_collection_or_telemetry_hits_1","C:\realDesktop\manifest-evaluations\summer-26\ghidra-pipeline\il2cpp-files\vrfs\general-structure-results\70_high_uncertain_gaze_or_xr_structure_high\02a10f38_FUN_02a10f38.c"
"FUN_02a114d4","02a114d4","72","70_high_uncertain_gaze_or_xr_structure_high","uncertain","eye_tracking_capability_present","app_or_custom_namespace","data_collection_or_telemetry","eye_source;weak_source_state;telemetry","strong_eye_source_hits_1;weak_xr_or_state_hits_1;telemetry_or_network_hits_1;functionality_data_collection_or_telemetry_hits_1","C:\realDesktop\manifest-evaluations\summer-26\ghidra-pipeline\il2cpp-files\vrfs\general-structure-results\70_high_uncertain_gaze_or_xr_structure_high\02a114d4_FUN_02a114d4.c"
"FUN_02a11948","02a11948","72","70_high_uncertain_gaze_or_xr_structure_high","uncertain","eye_tracking_capability_present","app_or_custom_namespace","data_collection_or_telemetry","eye_source;weak_source_state;telemetry","strong_eye_source_hits_1;weak_xr_or_state_hits_1;telemetry_or_network_hits_1;functionality_data_collection_or_telemetry_hits_1","C:\realDesktop\manifest-evaluations\summer-26\ghidra-pipeline\il2cpp-files\vrfs\general-structure-results\70_high_uncertain_gaze_or_xr_structure_high\02a11948_FUN_02a11948.c"
"FUN_02a11ad0","02a11ad0","76","70_high_uncertain_gaze_or_xr_structure_high","uncertain","eye_tracking_capability_present","app_or_custom_namespace","data_collection_or_telemetry","eye_source;weak_source_state;telemetry","strong_eye_source_hits_1;weak_xr_or_state_hits_3;telemetry_or_network_hits_1;functionality_data_collection_or_telemetry_hits_1","C:\realDesktop\manifest-evaluations\summer-26\ghidra-pipeline\il2cpp-files\vrfs\general-structure-results\70_high_uncertain_gaze_or_xr_structure_high\02a11ad0_FUN_02a11ad0.c"
"FUN_02a11b4c","02a11b4c","74","70_high_uncertain_gaze_or_xr_structure_high","uncertain","eye_tracking_capability_present","app_or_custom_namespace","data_collection_or_telemetry","eye_source;weak_source_state;telemetry","strong_eye_source_hits_1;weak_xr_or_state_hits_2;telemetry_or_network_hits_1;functionality_data_collection_or_telemetry_hits_1","C:\realDesktop\manifest-evaluations\summer-26\ghidra-pipeline\il2cpp-files\vrfs\general-structure-results\70_high_uncertain_gaze_or_xr_structure_high\02a11b4c_FUN_02a11b4c.c"
"Meta.XR.MRUtilityKit.EffectMesh$$DestroyColliders","02a11d58","71","70_high_uncertain_eye_setup_high","uncertain","eye_tracking_capability_present","app_or_custom_namespace","setup_only","eye_source;validity_gate;ray_interaction","strong_eye_source_hits_1;validity_or_gating_hits_1;ray_or_cast_sink_hits_2;functionality_eye_api_context_without_clear_sink_hits_1","C:\realDesktop\manifest-evaluations\summer-26\ghidra-pipeline\il2cpp-files\vrfs\general-structure-results\70_high_uncertain_eye_setup_high\02a11d58_Meta.XR.MRUtilityKit.EffectMesh$$DestroyColliders.c"
"FUN_02a18a74","02a18a74","87","70_high_uncertain_eye_setup_high","uncertain","eye_tracking_capability_present","app_or_custom_namespace","setup_only","eye_source;weak_source_state;validity_gate;pose_vector","strong_eye_source_hits_1;weak_xr_or_state_hits_1;validity_or_gating_hits_7;strong_pose_or_ray_construction_hits_2;functionality_eye_api_context_without_clear_sink_hits_1","C:\realDesktop\manifest-evaluations\summer-26\ghidra-pipeline\il2cpp-files\vrfs\general-structure-results\70_high_uncertain_eye_setup_high\02a18a74_FUN_02a18a74.c"
"Meta.XR.MRUtilityKit.MRUK$$get_RoomUpdatedEvent","02a18f00","75","70_high_uncertain_eye_setup_high","uncertain","eye_tracking_capability_present","app_or_custom_namespace","setup_only","eye_source;validity_gate;paired_state_refs;frame_behavior","strong_eye_source_hits_1;validity_or_gating_hits_3;paired_field_refs_with_eye_source;frame_or_lifecycle_behavior;functionality_eye_api_context_without_clear_sink_hits_1","C:\realDesktop\manifest-evaluations\summer-26\ghidra-pipeline\il2cpp-files\vrfs\general-structure-results\70_high_uncertain_eye_setup_high\02a18f00_Meta.XR.MRUtilityKit.MRUK$$get_RoomUpdatedEvent.c"
"Meta.XR.MRUtilityKit.MRUK$$RegisterRoomCreatedCallback","02a18fec","72","70_high_uncertain_eye_setup_high","uncertain","eye_tracking_capability_present","app_or_custom_namespace","setup_only","eye_source;validity_gate;paired_state_refs","strong_eye_source_hits_1;validity_or_gating_hits_8;paired_field_refs_with_eye_source;functionality_eye_api_context_without_clear_sink_hits_1","C:\realDesktop\manifest-evaluations\summer-26\ghidra-pipeline\il2cpp-files\vrfs\general-structure-results\70_high_uncertain_eye_setup_high\02a18fec_Meta.XR.MRUtilityKit.MRUK$$RegisterRoomCreatedCallback.c"
"Meta.XR.MRUtilityKit.MRUK$$RegisterRoomUpdatedCallback","02a19044","78","70_high_uncertain_eye_setup_high","uncertain","eye_tracking_capability_present","app_or_custom_namespace","setup_only","eye_source;validity_gate;paired_state_refs;frame_behavior","strong_eye_source_hits_1;validity_or_gating_hits_8;paired_field_refs_with_eye_source;frame_or_lifecycle_behavior;functionality_eye_api_context_without_clear_sink_hits_1","C:\realDesktop\manifest-evaluations\summer-26\ghidra-pipeline\il2cpp-files\vrfs\general-structure-results\70_high_uncertain_eye_setup_high\02a19044_Meta.XR.MRUtilityKit.MRUK$$RegisterRoomUpdatedCallback.c"
"Meta.XR.MRUtilityKit.MRUK$$RegisterRoomRemovedCallback","02a1909c","72","70_high_uncertain_eye_setup_high","uncertain","eye_tracking_capability_present","app_or_custom_namespace","setup_only","eye_source;validity_gate;paired_state_refs","strong_eye_source_hits_1;validity_or_gating_hits_7;paired_field_refs_with_eye_source;functionality_eye_api_context_without_clear_sink_hits_1","C:\realDesktop\manifest-evaluations\summer-26\ghidra-pipeline\il2cpp-files\vrfs\general-structure-results\70_high_uncertain_eye_setup_high\02a1909c_Meta.XR.MRUtilityKit.MRUK$$RegisterRoomRemovedCallback.c"
"Meta.XR.MRUtilityKit.MRUK$$SaveSceneToJsonString","02a1d3c8","92","90_plus_uncertain_eye_setup_near_certain","uncertain","eye_tracking_capability_present","app_or_custom_namespace","setup_only","eye_source;validity_gate;telemetry","strong_eye_source_hits_1;validity_or_gating_hits_21;telemetry_or_network_hits_2;functionality_eye_api_context_without_clear_sink_hits_1","C:\realDesktop\manifest-evaluations\summer-26\ghidra-pipeline\il2cpp-files\vrfs\general-structure-results\90_plus_uncertain_eye_setup_near_certain\02a1d3c8_Meta.XR.MRUtilityKit.MRUK$$SaveSceneToJsonString.c"
"FUN_02a308e8","02a308e8","95","90_plus_uncertain_eye_setup_near_certain","uncertain","eye_tracking_capability_present","app_or_custom_namespace","setup_only","eye_source;weak_source_state;validity_gate;frame_behavior","strong_eye_source_hits_4;weak_xr_or_state_hits_4;validity_or_gating_hits_4;frame_or_lifecycle_behavior;functionality_eye_api_context_without_clear_sink_hits_4","C:\realDesktop\manifest-evaluations\summer-26\ghidra-pipeline\il2cpp-files\vrfs\general-structure-results\90_plus_uncertain_eye_setup_near_certain\02a308e8_FUN_02a308e8.c"
"Oculus.Movement.Utils.ScreenshotFaceExpressions.<TakeBlendshapeScreenshots>d__8$$System.IDisposable.Dispose","02ada610","87","70_high_possible_eye_biometrics_high","yes","possible_eye_biometrics","app_or_custom_namespace","possible_biometrics","validity_gate;pose_vector;active_gaze_retrieval;possible_biometrics","validity_or_gating_hits_1;strong_pose_or_ray_construction_hits_2;active_gaze_state_retrieval_with_validity_and_pose;possible_biometric_feature_from_active_eye_context","C:\realDesktop\manifest-evaluations\summer-26\ghidra-pipeline\il2cpp-files\vrfs\general-structure-results\70_high_possible_eye_biometrics_high\02ada610_Oculus.Movement.Utils.ScreenshotFaceExpressions._TakeBlendshapeScreenshots_d__8$$System.IDisposable.Dispose.c"
"Oculus.Movement.Utils.RequestMicrophonePermissions.<Start>d__4$$System.IDisposable.Dispose","02adc3a4","89","70_high_general_structure_review_high","no","unrelated_or_generic_structure","app_or_custom_namespace","","weak_source_state;validity_gate;pose_vector;telemetry;frame_behavior;structure_combo","weak_xr_or_state_hits_2;validity_or_gating_hits_3;strong_pose_or_ray_construction_hits_2;telemetry_or_network_hits_2;frame_or_lifecycle_behavior;source_validity_pose_sink_structure;cap_below_near_certain_without_eye_anchor_or_ordered_structure","C:\realDesktop\manifest-evaluations\summer-26\ghidra-pipeline\il2cpp-files\vrfs\general-structure-results\70_high_general_structure_review_high\02adc3a4_Oculus.Movement.Utils.RequestMicrophonePermissions._Start_d__4$$System.IDisposable.Dispose.c"
"Oculus.Movement.Utils.ScreenshotFaceExpressionsCapture.<TakeFaceExpressionScreenshots>d__8$$System.IDisposable.Dispose","02adcb08","87","70_high_possible_eye_biometrics_high","yes","possible_eye_biometrics","app_or_custom_namespace","possible_biometrics","validity_gate;pose_vector;active_gaze_retrieval;possible_biometrics","validity_or_gating_hits_1;strong_pose_or_ray_construction_hits_2;active_gaze_state_retrieval_with_validity_and_pose;possible_biometric_feature_from_active_eye_context","C:\realDesktop\manifest-evaluations\summer-26\ghidra-pipeline\il2cpp-files\vrfs\general-structure-results\70_high_possible_eye_biometrics_high\02adcb08_Oculus.Movement.Utils.ScreenshotFaceExpressionsCapture._TakeFaceExpressionScreenshots_d__8$$System.IDisposable.Dispose.c"
"Oculus.Movement.Tracking.BlendshapeModifier.FaceExpressionModifierArray$$.ctor","02ae0354","87","70_high_possible_eye_biometrics_high","yes","possible_eye_biometrics","app_or_custom_namespace","possible_biometrics","validity_gate;pose_vector;active_gaze_retrieval;possible_biometrics","validity_or_gating_hits_1;strong_pose_or_ray_construction_hits_2;active_gaze_state_retrieval_with_validity_and_pose;possible_biometric_feature_from_active_eye_context","C:\realDesktop\manifest-evaluations\summer-26\ghidra-pipeline\il2cpp-files\vrfs\general-structure-results\70_high_possible_eye_biometrics_high\02ae0354_Oculus.Movement.Tracking.BlendshapeModifier.FaceExpressionModifierArray$$.ctor.c"
"OVRFaceExpressions$$ToArray","02aee8b8","89","70_high_possible_eye_biometrics_high","yes","possible_eye_biometrics","app_or_custom_namespace","possible_biometrics","validity_gate;pose_vector;active_gaze_retrieval;possible_biometrics","validity_or_gating_hits_2;strong_pose_or_ray_construction_hits_4;active_gaze_state_retrieval_with_validity_and_pose;possible_biometric_feature_from_active_eye_context;cap_below_near_certain_without_eye_anchor_or_ordered_structure","C:\realDesktop\manifest-evaluations\summer-26\ghidra-pipeline\il2cpp-files\vrfs\general-structure-results\70_high_possible_eye_biometrics_high\02aee8b8_OVRFaceExpressions$$ToArray.c"
"OVRFaceExpressions.FaceExpressionsEnumerator$$Dispose","02aeeb34","89","70_high_possible_eye_biometrics_high","yes","possible_eye_biometrics","app_or_custom_namespace","possible_biometrics","validity_gate;pose_vector;active_gaze_retrieval;possible_biometrics","validity_or_gating_hits_12;strong_pose_or_ray_construction_hits_2;active_gaze_state_retrieval_with_validity_and_pose;possible_biometric_feature_from_active_eye_context;cap_below_near_certain_without_eye_anchor_or_ordered_structure","C:\realDesktop\manifest-evaluations\summer-26\ghidra-pipeline\il2cpp-files\vrfs\general-structure-results\70_high_possible_eye_biometrics_high\02aeeb34_OVRFaceExpressions.FaceExpressionsEnumerator$$Dispose.c"
"FUN_02b2ed64","02b2ed64","83","70_high_general_structure_review_high","no","unrelated_or_generic_structure","app_or_custom_namespace","","validity_gate;ray_interaction;telemetry","validity_or_gating_hits_4;ray_or_cast_sink_hits_5;telemetry_or_network_hits_5","C:\realDesktop\manifest-evaluations\summer-26\ghidra-pipeline\il2cpp-files\vrfs\general-structure-results\70_high_general_structure_review_high\02b2ed64_FUN_02b2ed64.c"
"Sirenix.Serialization.MinimalBaseFormatter<Keyframe>$$.ctor","02b2eda4","83","70_high_general_structure_review_high","no","unrelated_or_generic_structure","app_or_custom_namespace","","validity_gate;ray_interaction;telemetry","validity_or_gating_hits_4;ray_or_cast_sink_hits_5;telemetry_or_network_hits_5","C:\realDesktop\manifest-evaluations\summer-26\ghidra-pipeline\il2cpp-files\vrfs\general-structure-results\70_high_general_structure_review_high\02b2eda4_Sirenix.Serialization.MinimalBaseFormatter_Keyframe_$$.ctor.c"
"Sirenix.Serialization.MinimalBaseFormatter<Keyframe>$$.cctor","02b2edac","83","70_high_general_structure_review_high","no","unrelated_or_generic_structure","app_or_custom_namespace","","validity_gate;ray_interaction;telemetry","validity_or_gating_hits_4;ray_or_cast_sink_hits_4;telemetry_or_network_hits_4","C:\realDesktop\manifest-evaluations\summer-26\ghidra-pipeline\il2cpp-files\vrfs\general-structure-results\70_high_general_structure_review_high\02b2edac_Sirenix.Serialization.MinimalBaseFormatter_Keyframe_$$.cctor.c"
"Sirenix.Serialization.MinimalBaseFormatter<LayerMask>$$get_SerializedType","02b2ee6c","80","70_high_general_structure_review_high","no","unrelated_or_generic_structure","app_or_custom_namespace","","validity_gate;ray_interaction;telemetry","validity_or_gating_hits_3;ray_or_cast_sink_hits_6;telemetry_or_network_hits_6","C:\realDesktop\manifest-evaluations\summer-26\ghidra-pipeline\il2cpp-files\vrfs\general-structure-results\70_high_general_structure_review_high\02b2ee6c_Sirenix.Serialization.MinimalBaseFormatter_LayerMask_$$get_SerializedType.c"
"Sirenix.Serialization.MinimalBaseFormatter<LayerMask>$$Deserialize","02b2eed0","83","70_high_general_structure_review_high","no","unrelated_or_generic_structure","app_or_custom_namespace","","validity_gate;ray_interaction;telemetry","validity_or_gating_hits_4;ray_or_cast_sink_hits_6;telemetry_or_network_hits_6","C:\realDesktop\manifest-evaluations\summer-26\ghidra-pipeline\il2cpp-files\vrfs\general-structure-results\70_high_general_structure_review_high\02b2eed0_Sirenix.Serialization.MinimalBaseFormatter_LayerMask_$$Deserialize.c"
"Sirenix.Serialization.MinimalBaseFormatter<Quaternion>$$Sirenix.Serialization.IFormatter.Serialize","02b2fc60","80","70_high_general_structure_review_high","no","unrelated_or_generic_structure","app_or_custom_namespace","","validity_gate;pose_vector;paired_state_refs;telemetry","validity_or_gating_hits_5;strong_pose_or_ray_construction_hits_2;paired_field_refs_with_structure_only;telemetry_or_network_hits_2","C:\realDesktop\manifest-evaluations\summer-26\ghidra-pipeline\il2cpp-files\vrfs\general-structure-results\70_high_general_structure_review_high\02b2fc60_Sirenix.Serialization.MinimalBaseFormatter_Quaternion_$$Sirenix.Serialization.IFormatter.Serialize.c"
"Sirenix.Serialization.MinimalBaseFormatter<Quaternion>$$Sirenix.Serialization.IFormatter.Deserialize","02b2fd3c","74","70_high_general_structure_review_high","no","unrelated_or_generic_structure","app_or_custom_namespace","","validity_gate;pose_vector;telemetry","validity_or_gating_hits_4;strong_pose_or_ray_construction_hits_2;telemetry_or_network_hits_2","C:\realDesktop\manifest-evaluations\summer-26\ghidra-pipeline\il2cpp-files\vrfs\general-structure-results\70_high_general_structure_review_high\02b2fd3c_Sirenix.Serialization.MinimalBaseFormatter_Quaternion_$$Sirenix.Serialization.IFormatter.Deserialize.c"
"Sirenix.Serialization.MinimalBaseFormatter<Vector2>$$Sirenix.Serialization.IFormatter.Deserialize","02b3113c","74","70_high_general_structure_review_high","no","unrelated_or_generic_structure","app_or_custom_namespace","","validity_gate;pose_vector;telemetry","validity_or_gating_hits_5;strong_pose_or_ray_construction_hits_2;telemetry_or_network_hits_2","C:\realDesktop\manifest-evaluations\summer-26\ghidra-pipeline\il2cpp-files\vrfs\general-structure-results\70_high_general_structure_review_high\02b3113c_Sirenix.Serialization.MinimalBaseFormatter_Vector2_$$Sirenix.Serialization.IFormatter.Deserialize.c"
"FUN_02b31b0c","02b31b0c","80","70_high_general_structure_review_high","no","unrelated_or_generic_structure","app_or_custom_namespace","","validity_gate;pose_vector;paired_state_refs;telemetry","validity_or_gating_hits_5;strong_pose_or_ray_construction_hits_2;paired_field_refs_with_structure_only;telemetry_or_network_hits_2","C:\realDesktop\manifest-evaluations\summer-26\ghidra-pipeline\il2cpp-files\vrfs\general-structure-results\70_high_general_structure_review_high\02b31b0c_FUN_02b31b0c.c"
"Sirenix.Serialization.MinimalBaseFormatter<Vector2Int>$$.ctor","02b31b30","74","70_high_general_structure_review_high","no","unrelated_or_generic_structure","app_or_custom_namespace","","validity_gate;pose_vector;telemetry","validity_or_gating_hits_5;strong_pose_or_ray_construction_hits_2;telemetry_or_network_hits_2","C:\realDesktop\manifest-evaluations\summer-26\ghidra-pipeline\il2cpp-files\vrfs\general-structure-results\70_high_general_structure_review_high\02b31b30_Sirenix.Serialization.MinimalBaseFormatter_Vector2Int_$$.ctor.c"
"Sirenix.Serialization.MinimalBaseFormatter<Vector2Int>$$.cctor","02b31b38","74","70_high_general_structure_review_high","no","unrelated_or_generic_structure","app_or_custom_namespace","","validity_gate;pose_vector;telemetry","validity_or_gating_hits_5;strong_pose_or_ray_construction_hits_2;telemetry_or_network_hits_2","C:\realDesktop\manifest-evaluations\summer-26\ghidra-pipeline\il2cpp-files\vrfs\general-structure-results\70_high_general_structure_review_high\02b31b38_Sirenix.Serialization.MinimalBaseFormatter_Vector2Int_$$.cctor.c"
"Sirenix.Serialization.MinimalBaseFormatter<Vector3>$$get_SerializedType","02b31bf8","87","70_high_general_structure_review_high","no","unrelated_or_generic_structure","app_or_custom_namespace","","validity_gate;pose_vector;telemetry","validity_or_gating_hits_4;strong_pose_or_ray_construction_hits_4;telemetry_or_network_hits_4","C:\realDesktop\manifest-evaluations\summer-26\ghidra-pipeline\il2cpp-files\vrfs\general-structure-results\70_high_general_structure_review_high\02b31bf8_Sirenix.Serialization.MinimalBaseFormatter_Vector3_$$get_SerializedType.c"
"Sirenix.Serialization.MinimalBaseFormatter<Vector3>$$Deserialize","02b31c5c","74","70_high_general_structure_review_high","no","unrelated_or_generic_structure","app_or_custom_namespace","","validity_gate;pose_vector;telemetry","validity_or_gating_hits_4;strong_pose_or_ray_construction_hits_2;telemetry_or_network_hits_2","C:\realDesktop\manifest-evaluations\summer-26\ghidra-pipeline\il2cpp-files\vrfs\general-structure-results\70_high_general_structure_review_high\02b31c5c_Sirenix.Serialization.MinimalBaseFormatter_Vector3_$$Deserialize.c"
"Sirenix.Serialization.MinimalBaseFormatter<Vector4>$$Serialize","02b32aec","74","70_high_general_structure_review_high","no","unrelated_or_generic_structure","app_or_custom_namespace","","validity_gate;pose_vector;telemetry","validity_or_gating_hits_5;strong_pose_or_ray_construction_hits_2;telemetry_or_network_hits_2","C:\realDesktop\manifest-evaluations\summer-26\ghidra-pipeline\il2cpp-files\vrfs\general-structure-results\70_high_general_structure_review_high\02b32aec_Sirenix.Serialization.MinimalBaseFormatter_Vector4_$$Serialize.c"
"Sirenix.Serialization.MinimalBaseFormatter<Vector4>$$Sirenix.Serialization.IFormatter.Serialize","02b32b1c","74","70_high_general_structure_review_high","no","unrelated_or_generic_structure","app_or_custom_namespace","","validity_gate;pose_vector;telemetry","validity_or_gating_hits_4;strong_pose_or_ray_construction_hits_2;telemetry_or_network_hits_2","C:\realDesktop\manifest-evaluations\summer-26\ghidra-pipeline\il2cpp-files\vrfs\general-structure-results\70_high_general_structure_review_high\02b32b1c_Sirenix.Serialization.MinimalBaseFormatter_Vector4_$$Sirenix.Serialization.IFormatter.Serialize.c"
"Sirenix.Serialization.MinimalBaseFormatter<Vector4>$$Sirenix.Serialization.IFormatter.Deserialize","02b32bf8","71","70_high_general_structure_review_high","no","unrelated_or_generic_structure","app_or_custom_namespace","","validity_gate;pose_vector;telemetry","validity_or_gating_hits_3;strong_pose_or_ray_construction_hits_2;telemetry_or_network_hits_2","C:\realDesktop\manifest-evaluations\summer-26\ghidra-pipeline\il2cpp-files\vrfs\general-structure-results\70_high_general_structure_review_high\02b32bf8_Sirenix.Serialization.MinimalBaseFormatter_Vector4_$$Sirenix.Serialization.IFormatter.Deserialize.c"
"OVRMeshJobs.NativeArrayHelper<OVRPlugin.Vector2f>$$Dispose","02b408d8","73","70_high_uncertain_eye_setup_high","uncertain","eye_tracking_capability_present","app_or_custom_namespace","setup_only","eye_source;weak_source_state;pose_vector","strong_eye_source_hits_2;weak_xr_or_state_hits_2;strong_pose_or_ray_construction_hits_2;functionality_eye_api_context_without_clear_sink_hits_2","C:\realDesktop\manifest-evaluations\summer-26\ghidra-pipeline\il2cpp-files\vrfs\general-structure-results\70_high_uncertain_eye_setup_high\02b408d8_OVRMeshJobs.NativeArrayHelper_OVRPlugin.Vector2f_$$Dispose.c"
"OVRMeshJobs.NativeArrayHelper<OVRPlugin.Vector3f>$$Dispose","02b4099c","86","70_high_uncertain_eye_setup_high","uncertain","eye_tracking_capability_present","app_or_custom_namespace","setup_only","eye_source;weak_source_state;validity_gate;pose_vector","strong_eye_source_hits_2;weak_xr_or_state_hits_2;validity_or_gating_hits_1;strong_pose_or_ray_construction_hits_2;functionality_eye_api_context_without_clear_sink_hits_2","C:\realDesktop\manifest-evaluations\summer-26\ghidra-pipeline\il2cpp-files\vrfs\general-structure-results\70_high_uncertain_eye_setup_high\02b4099c_OVRMeshJobs.NativeArrayHelper_OVRPlugin.Vector3f_$$Dispose.c"
"OVRMeshJobs.NativeArrayHelper<OVRPlugin.Vector4f>$$Dispose","02b40a60","107","90_plus_uncertain_eye_setup_near_certain","uncertain","eye_tracking_capability_present","app_or_custom_namespace","setup_only","eye_source;weak_source_state;validity_gate;pose_vector;paired_state_refs","strong_eye_source_hits_2;weak_xr_or_state_hits_2;validity_or_gating_hits_5;strong_pose_or_ray_construction_hits_2;paired_field_refs_with_eye_source;functionality_eye_api_context_without_clear_sink_hits_2","C:\realDesktop\manifest-evaluations\summer-26\ghidra-pipeline\il2cpp-files\vrfs\general-structure-results\90_plus_uncertain_eye_setup_near_certain\02b40a60_OVRMeshJobs.NativeArrayHelper_OVRPlugin.Vector4f_$$Dispose.c"
"OVRMeshJobs.NativeArrayHelper<OVRPlugin.Vector4s>$$.ctor","02b40a6c","87","70_high_uncertain_eye_setup_high","uncertain","eye_tracking_capability_present","app_or_custom_namespace","setup_only","eye_source;weak_source_state;validity_gate;paired_state_refs","strong_eye_source_hits_2;weak_xr_or_state_hits_2;validity_or_gating_hits_5;paired_field_refs_with_eye_source;functionality_eye_api_context_without_clear_sink_hits_2","C:\realDesktop\manifest-evaluations\summer-26\ghidra-pipeline\il2cpp-files\vrfs\general-structure-results\70_high_uncertain_eye_setup_high\02b40a6c_OVRMeshJobs.NativeArrayHelper_OVRPlugin.Vector4s_$$.ctor.c"
"OVRMeshJobs.NativeArrayHelper<OVRPlugin.Vector4s>$$Dispose","02b40b24","107","90_plus_uncertain_eye_setup_near_certain","uncertain","eye_tracking_capability_present","app_or_custom_namespace","setup_only","eye_source;weak_source_state;validity_gate;pose_vector;paired_state_refs","strong_eye_source_hits_2;weak_xr_or_state_hits_2;validity_or_gating_hits_5;strong_pose_or_ray_construction_hits_2;paired_field_refs_with_eye_source;functionality_eye_api_context_without_clear_sink_hits_2","C:\realDesktop\manifest-evaluations\summer-26\ghidra-pipeline\il2cpp-files\vrfs\general-structure-results\90_plus_uncertain_eye_setup_near_certain\02b40b24_OVRMeshJobs.NativeArrayHelper_OVRPlugin.Vector4s_$$Dispose.c"
"System.Array$$Resize<OVRPlugin.Vector3f>","02b780ac","72","70_high_framework_support_only_high","uncertain","framework_support_only","framework_or_engine_namespace","setup_only","eye_source;weak_source_state;validity_gate;pose_vector","strong_eye_source_hits_2;weak_xr_or_state_hits_2;validity_or_gating_hits_3;strong_pose_or_ray_construction_hits_2;negative_framework_support_context_without_confirmed_app_level_gaze_flow;functionality_eye_api_context_without_clear_sink_hits_2","C:\realDesktop\manifest-evaluations\summer-26\ghidra-pipeline\il2cpp-files\vrfs\general-structure-results\70_high_framework_support_only_high\02b780ac_System.Array$$Resize_OVRPlugin.Vector3f_.c"
"FUN_02bbe270","02bbe270","87","70_high_uncertain_eye_setup_high","uncertain","eye_tracking_capability_present","app_or_custom_namespace","setup_only","eye_source;weak_source_state;validity_gate;pose_vector","strong_eye_source_hits_1;weak_xr_or_state_hits_1;validity_or_gating_hits_9;strong_pose_or_ray_construction_hits_2;functionality_eye_api_context_without_clear_sink_hits_1","C:\realDesktop\manifest-evaluations\summer-26\ghidra-pipeline\il2cpp-files\vrfs\general-structure-results\70_high_uncertain_eye_setup_high\02bbe270_FUN_02bbe270.c"
"System.Array$$InternalArray__get_Item<KeyValuePair<Guid,-OVRTask.CallbackWithState<ValueTuple<object,-object,-object>,-OVRTask.CombinedTaskDataWithCompletedTaskId<ValueTuple<object,-object,-object>>>>>","02bbe2fc","75","70_high_framework_support_only_high","uncertain","framework_support_only","framework_or_engine_namespace","setup_only","eye_source;weak_source_state;validity_gate;pose_vector","strong_eye_source_hits_1;weak_xr_or_state_hits_1;validity_or_gating_hits_8;strong_pose_or_ray_construction_hits_4;negative_framework_support_context_without_confirmed_app_level_gaze_flow;functionality_eye_api_context_without_clear_sink_hits_1","C:\realDesktop\manifest-evaluations\summer-26\ghidra-pipeline\il2cpp-files\vrfs\general-structure-results\70_high_framework_support_only_high\02bbe2fc_System.Array$$InternalArray__get_Item_KeyValuePair_Guid_-OVRTask.CallbackWithState_ValueTuple_object_-object_-object_-OVRTask.CombinedTaskDataWithCompletedTaskId_ValueTuple_object_.c"
"FUN_02bc20f0","02bc20f0","99","90_plus_uncertain_eye_setup_near_certain","uncertain","eye_tracking_capability_present","app_or_custom_namespace","setup_only","eye_source;weak_source_state;validity_gate;pose_vector;paired_state_refs","strong_eye_source_hits_1;weak_xr_or_state_hits_1;validity_or_gating_hits_21;strong_pose_or_ray_construction_hits_2;paired_field_refs_with_eye_source;functionality_eye_api_context_without_clear_sink_hits_1","C:\realDesktop\manifest-evaluations\summer-26\ghidra-pipeline\il2cpp-files\vrfs\general-structure-results\90_plus_uncertain_eye_setup_near_certain\02bc20f0_FUN_02bc20f0.c"
"System.Array$$InternalArray__get_Item<KeyValuePair<object,-Bounds>>","02bc2160","87","70_high_framework_support_only_high","uncertain","framework_support_only","framework_or_engine_namespace","setup_only","eye_source;weak_source_state;validity_gate;pose_vector;paired_state_refs","strong_eye_source_hits_1;weak_xr_or_state_hits_1;validity_or_gating_hits_21;strong_pose_or_ray_construction_hits_4;paired_field_refs_with_eye_source;negative_framework_support_context_without_confirmed_app_level_gaze_flow;functionality_eye_api_context_without_clear_sink_hits_1","C:\realDesktop\manifest-evaluations\summer-26\ghidra-pipeline\il2cpp-files\vrfs\general-structure-results\70_high_framework_support_only_high\02bc2160_System.Array$$InternalArray__get_Item_KeyValuePair_object_-Bounds_.c"
"System.Array$$InternalArray__get_Item<KeyValuePair<object,-byte>>","02bc2210","87","70_high_framework_support_only_high","uncertain","framework_support_only","framework_or_engine_namespace","setup_only","eye_source;weak_source_state;validity_gate;pose_vector;paired_state_refs","strong_eye_source_hits_1;weak_xr_or_state_hits_1;validity_or_gating_hits_21;strong_pose_or_ray_construction_hits_4;paired_field_refs_with_eye_source;negative_framework_support_context_without_confirmed_app_level_gaze_flow;functionality_eye_api_context_without_clear_sink_hits_1","C:\realDesktop\manifest-evaluations\summer-26\ghidra-pipeline\il2cpp-files\vrfs\general-structure-results\70_high_framework_support_only_high\02bc2210_System.Array$$InternalArray__get_Item_KeyValuePair_object_-byte_.c"
"System.Array$$InternalArray__get_Item<KeyValuePair<object,-Color>>","02bc22b4","87","70_high_framework_support_only_high","uncertain","framework_support_only","framework_or_engine_namespace","setup_only","eye_source;weak_source_state;validity_gate;pose_vector;paired_state_refs","strong_eye_source_hits_1;weak_xr_or_state_hits_1;validity_or_gating_hits_21;strong_pose_or_ray_construction_hits_4;paired_field_refs_with_eye_source;negative_framework_support_context_without_confirmed_app_level_gaze_flow;functionality_eye_api_context_without_clear_sink_hits_1","C:\realDesktop\manifest-evaluations\summer-26\ghidra-pipeline\il2cpp-files\vrfs\general-structure-results\70_high_framework_support_only_high\02bc22b4_System.Array$$InternalArray__get_Item_KeyValuePair_object_-Color_.c"
"System.Array$$InternalArray__get_Item<KeyValuePair<object,-Color32>>","02bc236c","87","70_high_framework_support_only_high","uncertain","framework_support_only","framework_or_engine_namespace","setup_only","eye_source;weak_source_state;validity_gate;pose_vector;paired_state_refs","strong_eye_source_hits_1;weak_xr_or_state_hits_1;validity_or_gating_hits_21;strong_pose_or_ray_construction_hits_4;paired_field_refs_with_eye_source;negative_framework_support_context_without_confirmed_app_level_gaze_flow;functionality_eye_api_context_without_clear_sink_hits_1","C:\realDesktop\manifest-evaluations\summer-26\ghidra-pipeline\il2cpp-files\vrfs\general-structure-results\70_high_framework_support_only_high\02bc236c_System.Array$$InternalArray__get_Item_KeyValuePair_object_-Color32_.c"
"System.Array$$InternalArray__get_Item<KeyValuePair<object,-DateTime>>","02bc2410","87","70_high_framework_support_only_high","uncertain","framework_support_only","framework_or_engine_namespace","setup_only","eye_source;weak_source_state;validity_gate;pose_vector;paired_state_refs","strong_eye_source_hits_1;weak_xr_or_state_hits_1;validity_or_gating_hits_21;strong_pose_or_ray_construction_hits_4;paired_field_refs_with_eye_source;negative_framework_support_context_without_confirmed_app_level_gaze_flow;functionality_eye_api_context_without_clear_sink_hits_1","C:\realDesktop\manifest-evaluations\summer-26\ghidra-pipeline\il2cpp-files\vrfs\general-structure-results\70_high_framework_support_only_high\02bc2410_System.Array$$InternalArray__get_Item_KeyValuePair_object_-DateTime_.c"
"System.Array$$InternalArray__get_Item<KeyValuePair<object,-double>>","02bc24b4","87","70_high_framework_support_only_high","uncertain","framework_support_only","framework_or_engine_namespace","setup_only","eye_source;weak_source_state;validity_gate;pose_vector;paired_state_refs","strong_eye_source_hits_1;weak_xr_or_state_hits_1;validity_or_gating_hits_21;strong_pose_or_ray_construction_hits_4;paired_field_refs_with_eye_source;negative_framework_support_context_without_confirmed_app_level_gaze_flow;functionality_eye_api_context_without_clear_sink_hits_1","C:\realDesktop\manifest-evaluations\summer-26\ghidra-pipeline\il2cpp-files\vrfs\general-structure-results\70_high_framework_support_only_high\02bc24b4_System.Array$$InternalArray__get_Item_KeyValuePair_object_-double_.c"
"System.Array$$InternalArray__get_Item<KeyValuePair<object,-Guid>>","02bc2558","87","70_high_framework_support_only_high","uncertain","framework_support_only","framework_or_engine_namespace","setup_only","eye_source;weak_source_state;validity_gate;pose_vector;paired_state_refs","strong_eye_source_hits_1;weak_xr_or_state_hits_1;validity_or_gating_hits_21;strong_pose_or_ray_construction_hits_4;paired_field_refs_with_eye_source;negative_framework_support_context_without_confirmed_app_level_gaze_flow;functionality_eye_api_context_without_clear_sink_hits_1","C:\realDesktop\manifest-evaluations\summer-26\ghidra-pipeline\il2cpp-files\vrfs\general-structure-results\70_high_framework_support_only_high\02bc2558_System.Array$$InternalArray__get_Item_KeyValuePair_object_-Guid_.c"
"System.Array$$InternalArray__get_Item<KeyValuePair<object,-int>>","02bc2610","87","70_high_framework_support_only_high","uncertain","framework_support_only","framework_or_engine_namespace","setup_only","eye_source;weak_source_state;validity_gate;pose_vector;paired_state_refs","strong_eye_source_hits_1;weak_xr_or_state_hits_1;validity_or_gating_hits_21;strong_pose_or_ray_construction_hits_4;paired_field_refs_with_eye_source;negative_framework_support_context_without_confirmed_app_level_gaze_flow;functionality_eye_api_context_without_clear_sink_hits_1","C:\realDesktop\manifest-evaluations\summer-26\ghidra-pipeline\il2cpp-files\vrfs\general-structure-results\70_high_framework_support_only_high\02bc2610_System.Array$$InternalArray__get_Item_KeyValuePair_object_-int_.c"
"FUN_02bc262c","02bc262c","99","90_plus_uncertain_eye_setup_near_certain","uncertain","eye_tracking_capability_present","app_or_custom_namespace","setup_only","eye_source;weak_source_state;validity_gate;pose_vector;paired_state_refs","strong_eye_source_hits_1;weak_xr_or_state_hits_1;validity_or_gating_hits_21;strong_pose_or_ray_construction_hits_2;paired_field_refs_with_eye_source;functionality_eye_api_context_without_clear_sink_hits_1","C:\realDesktop\manifest-evaluations\summer-26\ghidra-pipeline\il2cpp-files\vrfs\general-structure-results\90_plus_uncertain_eye_setup_near_certain\02bc262c_FUN_02bc262c.c"
"System.Array$$InternalArray__get_Item<KeyValuePair<object,-Int32Enum>>","02bc26b4","87","70_high_framework_support_only_high","uncertain","framework_support_only","framework_or_engine_namespace","setup_only","eye_source;weak_source_state;validity_gate;pose_vector;paired_state_refs","strong_eye_source_hits_1;weak_xr_or_state_hits_1;validity_or_gating_hits_21;strong_pose_or_ray_construction_hits_4;paired_field_refs_with_eye_source;negative_framework_support_context_without_confirmed_app_level_gaze_flow;functionality_eye_api_context_without_clear_sink_hits_1","C:\realDesktop\manifest-evaluations\summer-26\ghidra-pipeline\il2cpp-files\vrfs\general-structure-results\70_high_framework_support_only_high\02bc26b4_System.Array$$InternalArray__get_Item_KeyValuePair_object_-Int32Enum_.c"
"System.Array$$InternalArray__get_Item<KeyValuePair<object,-Matrix4x4>>","02bc2758","87","70_high_framework_support_only_high","uncertain","framework_support_only","framework_or_engine_namespace","setup_only","eye_source;weak_source_state;validity_gate;pose_vector;paired_state_refs","strong_eye_source_hits_1;weak_xr_or_state_hits_1;validity_or_gating_hits_21;strong_pose_or_ray_construction_hits_4;paired_field_refs_with_eye_source;negative_framework_support_context_without_confirmed_app_level_gaze_flow;functionality_eye_api_context_without_clear_sink_hits_1","C:\realDesktop\manifest-evaluations\summer-26\ghidra-pipeline\il2cpp-files\vrfs\general-structure-results\70_high_framework_support_only_high\02bc2758_System.Array$$InternalArray__get_Item_KeyValuePair_object_-Matrix4x4_.c"
"System.Array$$InternalArray__get_Item<KeyValuePair<object,-ModioAPIFileParameter>>","02bc2818","87","70_high_framework_support_only_high","uncertain","framework_support_only","framework_or_engine_namespace","setup_only","eye_source;weak_source_state;validity_gate;pose_vector;paired_state_refs","strong_eye_source_hits_1;weak_xr_or_state_hits_1;validity_or_gating_hits_18;strong_pose_or_ray_construction_hits_4;paired_field_refs_with_eye_source;negative_framework_support_context_without_confirmed_app_level_gaze_flow;functionality_eye_api_context_without_clear_sink_hits_1","C:\realDesktop\manifest-evaluations\summer-26\ghidra-pipeline\il2cpp-files\vrfs\general-structure-results\70_high_framework_support_only_high\02bc2818_System.Array$$InternalArray__get_Item_KeyValuePair_object_-ModioAPIFileParameter_.c"
"System.Array$$InternalArray__get_Item<KeyValuePair<object,-object>>","02bc28e0","87","70_high_framework_support_only_high","uncertain","framework_support_only","framework_or_engine_namespace","setup_only","eye_source;weak_source_state;validity_gate;pose_vector;paired_state_refs","strong_eye_source_hits_1;weak_xr_or_state_hits_1;validity_or_gating_hits_12;strong_pose_or_ray_construction_hits_4;paired_field_refs_with_eye_source;negative_framework_support_context_without_confirmed_app_level_gaze_flow;functionality_eye_api_context_without_clear_sink_hits_1","C:\realDesktop\manifest-evaluations\summer-26\ghidra-pipeline\il2cpp-files\vrfs\general-structure-results\70_high_framework_support_only_high\02bc28e0_System.Array$$InternalArray__get_Item_KeyValuePair_object_-object_.c"
"System.Array$$InternalArray__get_Item<KeyValuePair<object,-Pose>>","02bc2984","87","70_high_framework_support_only_high","uncertain","framework_support_only","framework_or_engine_namespace","setup_only","eye_source;weak_source_state;validity_gate;pose_vector;paired_state_refs","strong_eye_source_hits_1;weak_xr_or_state_hits_1;validity_or_gating_hits_6;strong_pose_or_ray_construction_hits_6;paired_field_refs_with_eye_source;negative_framework_support_context_without_confirmed_app_level_gaze_flow;functionality_eye_api_context_without_clear_sink_hits_1","C:\realDesktop\manifest-evaluations\summer-26\ghidra-pipeline\il2cpp-files\vrfs\general-structure-results\70_high_framework_support_only_high\02bc2984_System.Array$$InternalArray__get_Item_KeyValuePair_object_-Pose_.c"
"FUN_02bc4478","02bc4478","81","70_high_uncertain_eye_setup_high","uncertain","eye_tracking_capability_present","app_or_custom_namespace","setup_only","eye_source;weak_source_state;validity_gate;pose_vector","strong_eye_source_hits_1;weak_xr_or_state_hits_1;validity_or_gating_hits_2;strong_pose_or_ray_construction_hits_2;functionality_eye_api_context_without_clear_sink_hits_1","C:\realDesktop\manifest-evaluations\summer-26\ghidra-pipeline\il2cpp-files\vrfs\general-structure-results\70_high_uncertain_eye_setup_high\02bc4478_FUN_02bc4478.c"
"FUN_02bc5308","02bc5308","84","70_high_uncertain_eye_setup_high","uncertain","eye_tracking_capability_present","app_or_custom_namespace","setup_only","eye_source;weak_source_state;validity_gate;pose_vector","strong_eye_source_hits_1;weak_xr_or_state_hits_1;validity_or_gating_hits_3;strong_pose_or_ray_construction_hits_2;functionality_eye_api_context_without_clear_sink_hits_1","C:\realDesktop\manifest-evaluations\summer-26\ghidra-pipeline\il2cpp-files\vrfs\general-structure-results\70_high_uncertain_eye_setup_high\02bc5308_FUN_02bc5308.c"
"System.Array$$InternalArray__get_Item<KeyValuePair<ProbeReferenceVolume.Volume,-object>>","02bc535c","72","70_high_framework_support_only_high","uncertain","framework_support_only","framework_or_engine_namespace","setup_only","eye_source;weak_source_state;validity_gate;pose_vector","strong_eye_source_hits_1;weak_xr_or_state_hits_1;validity_or_gating_hits_3;strong_pose_or_ray_construction_hits_4;negative_framework_support_context_without_confirmed_app_level_gaze_flow;functionality_eye_api_context_without_clear_sink_hits_1","C:\realDesktop\manifest-evaluations\summer-26\ghidra-pipeline\il2cpp-files\vrfs\general-structure-results\70_high_framework_support_only_high\02bc535c_System.Array$$InternalArray__get_Item_KeyValuePair_ProbeReferenceVolume.Volume_-object_.c"
"UnityEngine.XR.OpenXR.OpenXRSettings$$Internal_HasRequestedEyeTrackingPermissions","02bfd03c","83","70_high_framework_support_only_high","uncertain","framework_support_only","framework_or_engine_namespace","permission_setup;data_collection_or_telemetry","eye_source;weak_source_state;validity_gate;telemetry","strong_eye_source_hits_2;weak_xr_or_state_hits_6;validity_or_gating_hits_2;telemetry_or_network_hits_2;negative_framework_support_context_without_confirmed_app_level_gaze_flow;functionality_permission_setup;functionality_data_collection_or_telemetry_hits_2","C:\realDesktop\manifest-evaluations\summer-26\ghidra-pipeline\il2cpp-files\vrfs\general-structure-results\70_high_framework_support_only_high\02bfd03c_UnityEngine.XR.OpenXR.OpenXRSettings$$Internal_HasRequestedEyeTrackingPermissions.c"
"UnityEngine.XR.OpenXR.OpenXRSettings$$Internal_GetHasEyeTrackingPermissions","02bfd37c","71","70_high_framework_eye_tracking_support_or_permission_path_high","uncertain","framework_eye_tracking_support_or_permission_path","framework_or_engine_namespace","permission_setup;attempted_eye_tracking_use","eye_source;weak_source_state;validity_gate;attempted_use","strong_eye_source_hits_2;weak_xr_or_state_hits_8;validity_or_gating_hits_19;attempted_eye_tracking_permission_or_feature_enable;negative_framework_support_context_without_confirmed_app_level_gaze_flow;functionality_permission_setup","C:\realDesktop\manifest-evaluations\summer-26\ghidra-pipeline\il2cpp-files\vrfs\general-structure-results\70_high_framework_eye_tracking_support_or_permission_path_high\02bfd37c_UnityEngine.XR.OpenXR.OpenXRSettings$$Internal_GetHasEyeTrackingPermissions.c"
"UnityEngine.XR.OpenXR.Features.Interactions.EyeGazeInteraction.EyeGazeDevice$$get_pose","02c0faac","101","90_plus_attempted_eye_tracking_permission_or_feature_near_certain","yes","eye_tracking_attempted_permission_or_feature","framework_namespace_with_project_hint","gaze_retrieval;attempted_eye_tracking_use","eye_source;weak_source_state;pose_vector;attempted_use","strong_eye_source_hits_4;weak_xr_or_state_hits_4;strong_pose_or_ray_construction_hits_2;attempted_eye_tracking_permission_or_feature_enable;functionality_gaze_retrieval_or_extraction","C:\realDesktop\manifest-evaluations\summer-26\ghidra-pipeline\il2cpp-files\vrfs\general-structure-results\90_plus_attempted_eye_tracking_permission_or_feature_near_certain\02c0faac_UnityEngine.XR.OpenXR.Features.Interactions.EyeGazeInteraction.EyeGazeDevice$$get_pose.c"
"UnityEngine.XR.OpenXR.Features.Interactions.EyeGazeInteraction.EyeGazeDevice$$set_pose","02c0fab4","99","90_plus_attempted_eye_tracking_permission_or_feature_near_certain","yes","eye_tracking_attempted_permission_or_feature","framework_namespace_with_project_hint","gaze_retrieval;attempted_eye_tracking_use","eye_source;weak_source_state;pose_vector;attempted_use","strong_eye_source_hits_4;weak_xr_or_state_hits_2;strong_pose_or_ray_construction_hits_2;attempted_eye_tracking_permission_or_feature_enable;functionality_gaze_retrieval_or_extraction","C:\realDesktop\manifest-evaluations\summer-26\ghidra-pipeline\il2cpp-files\vrfs\general-structure-results\90_plus_attempted_eye_tracking_permission_or_feature_near_certain\02c0fab4_UnityEngine.XR.OpenXR.Features.Interactions.EyeGazeInteraction.EyeGazeDevice$$set_pose.c"
"UnityEngine.XR.OpenXR.Features.Interactions.EyeGazeInteraction.EyeGazeDevice$$FinishSetup","02c0fac4","79","70_high_attempted_eye_tracking_permission_or_feature_high","yes","eye_tracking_attempted_permission_or_feature","framework_namespace_with_project_hint","gaze_retrieval;attempted_eye_tracking_use","eye_source;weak_source_state;attempted_use","strong_eye_source_hits_4;weak_xr_or_state_hits_2;attempted_eye_tracking_permission_or_feature_enable;functionality_gaze_retrieval_or_extraction","C:\realDesktop\manifest-evaluations\summer-26\ghidra-pipeline\il2cpp-files\vrfs\general-structure-results\70_high_attempted_eye_tracking_permission_or_feature_high\02c0fac4_UnityEngine.XR.OpenXR.Features.Interactions.EyeGazeInteraction.EyeGazeDevice$$FinishSetup.c"
"UnityEngine.XR.OpenXR.Features.Interactions.EyeGazeInteraction.EyeGazeDevice$$.ctor","02c0fb44","79","70_high_attempted_eye_tracking_permission_or_feature_high","yes","eye_tracking_attempted_permission_or_feature","framework_namespace_with_project_hint","gaze_retrieval;attempted_eye_tracking_use","eye_source;weak_source_state;attempted_use","strong_eye_source_hits_4;weak_xr_or_state_hits_2;attempted_eye_tracking_permission_or_feature_enable;functionality_gaze_retrieval_or_extraction","C:\realDesktop\manifest-evaluations\summer-26\ghidra-pipeline\il2cpp-files\vrfs\general-structure-results\70_high_attempted_eye_tracking_permission_or_feature_high\02c0fb44_UnityEngine.XR.OpenXR.Features.Interactions.EyeGazeInteraction.EyeGazeDevice$$.ctor.c"
"FUN_02c8d5ec","02c8d5ec","73","70_high_uncertain_eye_setup_high","uncertain","eye_tracking_capability_present","app_or_custom_namespace","setup_only","eye_source;weak_source_state;validity_gate;frame_behavior","strong_eye_source_hits_1;weak_xr_or_state_hits_1;validity_or_gating_hits_19;frame_or_lifecycle_behavior;functionality_eye_api_context_without_clear_sink_hits_1","C:\realDesktop\manifest-evaluations\summer-26\ghidra-pipeline\il2cpp-files\vrfs\general-structure-results\70_high_uncertain_eye_setup_high\02c8d5ec_FUN_02c8d5ec.c"
"Interop$$ThrowExceptionForIoErrno","02c8d910","73","70_high_uncertain_eye_setup_high","uncertain","eye_tracking_capability_present","app_or_custom_namespace","setup_only","eye_source;weak_source_state;validity_gate;frame_behavior","strong_eye_source_hits_1;weak_xr_or_state_hits_1;validity_or_gating_hits_19;frame_or_lifecycle_behavior;functionality_eye_api_context_without_clear_sink_hits_1","C:\realDesktop\manifest-evaluations\summer-26\ghidra-pipeline\il2cpp-files\vrfs\general-structure-results\70_high_uncertain_eye_setup_high\02c8d910_Interop$$ThrowExceptionForIoErrno.c"
"Interop$$GetExceptionForIoErrno","02c8d968","73","70_high_uncertain_eye_setup_high","uncertain","eye_tracking_capability_present","app_or_custom_namespace","setup_only","eye_source;weak_source_state;validity_gate;frame_behavior","strong_eye_source_hits_1;weak_xr_or_state_hits_1;validity_or_gating_hits_18;frame_or_lifecycle_behavior;functionality_eye_api_context_without_clear_sink_hits_1","C:\realDesktop\manifest-evaluations\summer-26\ghidra-pipeline\il2cpp-files\vrfs\general-structure-results\70_high_uncertain_eye_setup_high\02c8d968_Interop$$GetExceptionForIoErrno.c"
"System.Array$$InternalArray__Insert<OVRPlugin.EyeGazeState>","02cdadd8","79","70_high_framework_eye_tracking_support_or_permission_path_high","uncertain","framework_eye_tracking_support_or_permission_path","framework_or_engine_namespace","gaze_retrieval;attempted_eye_tracking_use","eye_source;weak_source_state;pose_vector;attempted_use","strong_eye_source_hits_4;weak_xr_or_state_hits_2;strong_pose_or_ray_construction_hits_2;attempted_eye_tracking_permission_or_feature_enable;negative_framework_support_context_without_confirmed_app_level_gaze_flow;functionality_gaze_retrieval_or_extraction","C:\realDesktop\manifest-evaluations\summer-26\ghidra-pipeline\il2cpp-files\vrfs\general-structure-results\70_high_framework_eye_tracking_support_or_permission_path_high\02cdadd8_System.Array$$InternalArray__Insert_OVRPlugin.EyeGazeState_.c"
"System.Array$$InternalArray__Insert<OVRPlugin.SpaceDiscoveryResult>","02cdae78","73","70_high_framework_support_only_high","uncertain","framework_support_only","framework_namespace_with_project_hint","setup_only","eye_source;weak_source_state;pose_vector","strong_eye_source_hits_2;weak_xr_or_state_hits_2;strong_pose_or_ray_construction_hits_2;functionality_eye_api_context_without_clear_sink_hits_2","C:\realDesktop\manifest-evaluations\summer-26\ghidra-pipeline\il2cpp-files\vrfs\general-structure-results\70_high_framework_support_only_high\02cdae78_System.Array$$InternalArray__Insert_OVRPlugin.SpaceDiscoveryResult_.c"
"System.Array$$InternalArray__Insert<OVRPlugin.SpaceQueryResult>","02cdaec8","86","70_high_framework_support_only_high","uncertain","framework_support_only","framework_namespace_with_project_hint","setup_only","eye_source;weak_source_state;validity_gate;pose_vector","strong_eye_source_hits_2;weak_xr_or_state_hits_2;validity_or_gating_hits_1;strong_pose_or_ray_construction_hits_2;functionality_eye_api_context_without_clear_sink_hits_2","C:\realDesktop\manifest-evaluations\summer-26\ghidra-pipeline\il2cpp-files\vrfs\general-structure-results\70_high_framework_support_only_high\02cdaec8_System.Array$$InternalArray__Insert_OVRPlugin.SpaceQueryResult_.c"
"FUN_02cfc8a0","02cfc8a0","125","90_plus_attempted_dynamic_eye_tracked_foveation_near_certain","yes","attempted_or_possible_dynamic_eye_tracked_foveation","app_or_custom_namespace","permission_setup;foveated_rendering;attempted_eye_tracked_foveated_rendering","eye_source;weak_source_state;validity_gate;foveation_rendering;attempted_use;dynamic_foveation_possible","strong_eye_source_hits_2;weak_xr_or_state_hits_2;validity_or_gating_hits_1;strong_foveation_hits_1;attempted_eye_tracking_permission_or_feature_enable;attempted_eye_tracking_with_foveated_rendering_path;functionality_permission_setup;functionality_foveated_rendering","C:\realDesktop\manifest-evaluations\summer-26\ghidra-pipeline\il2cpp-files\vrfs\general-structure-results\90_plus_attempted_dynamic_eye_tracked_foveation_near_certain\02cfc8a0_FUN_02cfc8a0.c"
"FUN_02cfd03c","02cfd03c","152","90_plus_attempted_dynamic_eye_tracked_foveation_near_certain","yes","attempted_or_possible_dynamic_eye_tracked_foveation","app_or_custom_namespace","permission_setup;foveated_rendering;data_collection_or_telemetry;attempted_eye_tracked_foveated_rendering","eye_source;weak_source_state;validity_gate;telemetry;foveation_rendering;attempted_use;dynamic_foveation_possible","strong_eye_source_hits_2;weak_xr_or_state_hits_2;validity_or_gating_hits_1;telemetry_or_network_hits_1;strong_foveation_hits_1;attempted_eye_tracking_permission_or_feature_enable;attempted_eye_tracking_with_foveated_rendering_path;functionality_permission_setup;functionality_foveated_rendering;functionality_data_collection_or_telemetry_hits_1","C:\realDesktop\manifest-evaluations\summer-26\ghidra-pipeline\il2cpp-files\vrfs\general-structure-results\90_plus_attempted_dynamic_eye_tracked_foveation_near_certain\02cfd03c_FUN_02cfd03c.c"
"FUN_02cfd298","02cfd298","104","90_plus_attempted_dynamic_eye_tracked_foveation_near_certain","yes","attempted_or_possible_dynamic_eye_tracked_foveation","app_or_custom_namespace","foveated_rendering;attempted_eye_tracked_foveated_rendering","eye_source;weak_source_state;foveation_rendering;attempted_use;dynamic_foveation_possible","strong_eye_source_hits_1;weak_xr_or_state_hits_1;strong_foveation_hits_1;attempted_eye_tracking_permission_or_feature_enable;attempted_eye_tracking_with_foveated_rendering_path;functionality_foveated_rendering","C:\realDesktop\manifest-evaluations\summer-26\ghidra-pipeline\il2cpp-files\vrfs\general-structure-results\90_plus_attempted_dynamic_eye_tracked_foveation_near_certain\02cfd298_FUN_02cfd298.c"
"FUN_02cfd314","02cfd314","104","90_plus_attempted_dynamic_eye_tracked_foveation_near_certain","yes","attempted_or_possible_dynamic_eye_tracked_foveation","app_or_custom_namespace","foveated_rendering;attempted_eye_tracked_foveated_rendering","eye_source;weak_source_state;foveation_rendering;attempted_use;dynamic_foveation_possible","strong_eye_source_hits_1;weak_xr_or_state_hits_1;strong_foveation_hits_1;attempted_eye_tracking_permission_or_feature_enable;attempted_eye_tracking_with_foveated_rendering_path;functionality_foveated_rendering","C:\realDesktop\manifest-evaluations\summer-26\ghidra-pipeline\il2cpp-files\vrfs\general-structure-results\90_plus_attempted_dynamic_eye_tracked_foveation_near_certain\02cfd314_FUN_02cfd314.c"
"FUN_02cfd37c","02cfd37c","127","90_plus_attempted_dynamic_eye_tracked_foveation_near_certain","yes","attempted_or_possible_dynamic_eye_tracked_foveation","app_or_custom_namespace","permission_setup;foveated_rendering;attempted_eye_tracked_foveated_rendering","eye_source;weak_source_state;validity_gate;foveation_rendering;attempted_use;dynamic_foveation_possible","strong_eye_source_hits_2;weak_xr_or_state_hits_3;validity_or_gating_hits_1;strong_foveation_hits_1;attempted_eye_tracking_permission_or_feature_enable;attempted_eye_tracking_with_foveated_rendering_path;functionality_permission_setup;functionality_foveated_rendering","C:\realDesktop\manifest-evaluations\summer-26\ghidra-pipeline\il2cpp-files\vrfs\general-structure-results\90_plus_attempted_dynamic_eye_tracked_foveation_near_certain\02cfd37c_FUN_02cfd37c.c"
"System.Collections.Generic.List<OVRPlugin.Qpl.Annotation.Builder.Entry>$$ToArray","02d1b67c","95","90_plus_framework_support_only_near_certain","uncertain","framework_support_only","framework_or_engine_namespace","setup_only","eye_source;weak_source_state;validity_gate;pose_vector;paired_state_refs","strong_eye_source_hits_2;weak_xr_or_state_hits_2;validity_or_gating_hits_21;strong_pose_or_ray_construction_hits_4;paired_field_refs_with_eye_source;negative_framework_support_context_without_confirmed_app_level_gaze_flow;functionality_eye_api_context_without_clear_sink_hits_2","C:\realDesktop\manifest-evaluations\summer-26\ghidra-pipeline\il2cpp-files\vrfs\general-structure-results\90_plus_framework_support_only_near_certain\02d1b67c_System.Collections.Generic.List_OVRPlugin.Qpl.Annotation.Builder.Entry_$$ToArray.c"
"System.Array$$LastIndexOf<OVRPassthroughLayer.SerializedSurfaceGeometry>","02d53c04","80","70_high_general_structure_review_high","no","unrelated_or_generic_structure","framework_namespace_with_project_hint","","validity_gate;pose_vector;paired_state_refs;telemetry","validity_or_gating_hits_10;strong_pose_or_ray_construction_hits_2;paired_field_refs_with_structure_only;telemetry_or_network_hits_2","C:\realDesktop\manifest-evaluations\summer-26\ghidra-pipeline\il2cpp-files\vrfs\general-structure-results\70_high_general_structure_review_high\02d53c04_System.Array$$LastIndexOf_OVRPassthroughLayer.SerializedSurfaceGeometry_.c"
"System.Array$$LastIndexOfImpl<OVRPassthroughLayer.SerializedSurfaceGeometry>","02d61bd0","80","70_high_general_structure_review_high","no","unrelated_or_generic_structure","framework_namespace_with_project_hint","","validity_gate;pose_vector;paired_state_refs;telemetry","validity_or_gating_hits_17;strong_pose_or_ray_construction_hits_2;paired_field_refs_with_structure_only;telemetry_or_network_hits_2","C:\realDesktop\manifest-evaluations\summer-26\ghidra-pipeline\il2cpp-files\vrfs\general-structure-results\70_high_general_structure_review_high\02d61bd0_System.Array$$LastIndexOfImpl_OVRPassthroughLayer.SerializedSurfaceGeometry_.c"
"ExitGames.Client.Photon.Protocol16$$SerializeByteArray","02e4bde0","76","70_high_general_structure_review_high","no","unrelated_or_generic_structure","app_or_custom_namespace","","validity_gate;pose_vector;telemetry","validity_or_gating_hits_2;strong_pose_or_ray_construction_hits_4;telemetry_or_network_hits_2","C:\realDesktop\manifest-evaluations\summer-26\ghidra-pipeline\il2cpp-files\vrfs\general-structure-results\70_high_general_structure_review_high\02e4bde0_ExitGames.Client.Photon.Protocol16$$SerializeByteArray.c"
"ExitGames.Client.Photon.Protocol16$$SerializeObjectArray","02e4be4c","76","70_high_general_structure_review_high","no","unrelated_or_generic_structure","app_or_custom_namespace","","validity_gate;pose_vector;telemetry","validity_or_gating_hits_2;strong_pose_or_ray_construction_hits_4;telemetry_or_network_hits_2","C:\realDesktop\manifest-evaluations\summer-26\ghidra-pipeline\il2cpp-files\vrfs\general-structure-results\70_high_general_structure_review_high\02e4be4c_ExitGames.Client.Photon.Protocol16$$SerializeObjectArray.c"
"ExitGames.Client.Photon.Protocol16$$SerializeArray","02e4c20c","73","70_high_general_structure_review_high","no","unrelated_or_generic_structure","app_or_custom_namespace","","validity_gate;pose_vector;telemetry","validity_or_gating_hits_1;strong_pose_or_ray_construction_hits_4;telemetry_or_network_hits_2","C:\realDesktop\manifest-evaluations\summer-26\ghidra-pipeline\il2cpp-files\vrfs\general-structure-results\70_high_general_structure_review_high\02e4c20c_ExitGames.Client.Photon.Protocol16$$SerializeArray.c"
"ExitGames.Client.Photon.Protocol16$$SerializeStringArray","02e4d458","88","70_high_general_structure_review_high","no","unrelated_or_generic_structure","app_or_custom_namespace","","validity_gate;pose_vector;paired_state_refs;telemetry","validity_or_gating_hits_11;strong_pose_or_ray_construction_hits_4;paired_field_refs_with_structure_only;telemetry_or_network_hits_2","C:\realDesktop\manifest-evaluations\summer-26\ghidra-pipeline\il2cpp-files\vrfs\general-structure-results\70_high_general_structure_review_high\02e4d458_ExitGames.Client.Photon.Protocol16$$SerializeStringArray.c"
"ExitGames.Client.Photon.Protocol16$$DeserializeStringArray","02e4dd78","82","70_high_general_structure_review_high","no","unrelated_or_generic_structure","app_or_custom_namespace","","validity_gate;pose_vector;telemetry","validity_or_gating_hits_4;strong_pose_or_ray_construction_hits_4;telemetry_or_network_hits_2","C:\realDesktop\manifest-evaluations\summer-26\ghidra-pipeline\il2cpp-files\vrfs\general-structure-results\70_high_general_structure_review_high\02e4dd78_ExitGames.Client.Photon.Protocol16$$DeserializeStringArray.c"
"ExitGames.Client.Photon.Protocol16$$DeserializeIntArray","02e4df24","82","70_high_general_structure_review_high","no","unrelated_or_generic_structure","app_or_custom_namespace","","validity_gate;pose_vector;telemetry","validity_or_gating_hits_5;strong_pose_or_ray_construction_hits_4;telemetry_or_network_hits_2","C:\realDesktop\manifest-evaluations\summer-26\ghidra-pipeline\il2cpp-files\vrfs\general-structure-results\70_high_general_structure_review_high\02e4df24_ExitGames.Client.Photon.Protocol16$$DeserializeIntArray.c"
"FUN_02e7bf08","02e7bf08","87","70_high_uncertain_eye_setup_high","uncertain","eye_tracking_capability_present","app_or_custom_namespace","setup_only","eye_source;weak_source_state;validity_gate;pose_vector","strong_eye_source_hits_1;weak_xr_or_state_hits_1;validity_or_gating_hits_9;strong_pose_or_ray_construction_hits_2;functionality_eye_api_context_without_clear_sink_hits_1","C:\realDesktop\manifest-evaluations\summer-26\ghidra-pipeline\il2cpp-files\vrfs\general-structure-results\70_high_uncertain_eye_setup_high\02e7bf08_FUN_02e7bf08.c"
"System.EmptyArray<OVRPlugin.VirtualKeyboardModelAnimationState>$$.cctor","02ecc628","95","90_plus_framework_support_only_near_certain","uncertain","framework_support_only","framework_or_engine_namespace","setup_only","eye_source;weak_source_state;validity_gate;pose_vector;paired_state_refs","strong_eye_source_hits_2;weak_xr_or_state_hits_2;validity_or_gating_hits_21;strong_pose_or_ray_construction_hits_4;paired_field_refs_with_eye_source;negative_framework_support_context_without_confirmed_app_level_gaze_flow;functionality_eye_api_context_without_clear_sink_hits_2","C:\realDesktop\manifest-evaluations\summer-26\ghidra-pipeline\il2cpp-files\vrfs\general-structure-results\90_plus_framework_support_only_near_certain\02ecc628_System.EmptyArray_OVRPlugin.VirtualKeyboardModelAnimationState_$$.cctor.c"
"OVRManager$$set_headPoseRelativeOffsetRotation","02fba6ac","73","70_high_uncertain_eye_setup_high","uncertain","eye_tracking_capability_present","app_or_custom_namespace","setup_only","eye_source;weak_source_state;pose_vector","strong_eye_source_hits_2;weak_xr_or_state_hits_2;strong_pose_or_ray_construction_hits_2;functionality_eye_api_context_without_clear_sink_hits_2","C:\realDesktop\manifest-evaluations\summer-26\ghidra-pipeline\il2cpp-files\vrfs\general-structure-results\70_high_uncertain_eye_setup_high\02fba6ac_OVRManager$$set_headPoseRelativeOffsetRotation.c"
"OVRManager$$get_IsSimultaneousHandsAndControllersSupported","02fbbe50","71","70_high_uncertain_eye_setup_high","uncertain","eye_tracking_capability_present","app_or_custom_namespace","setup_only","eye_source;weak_source_state;validity_gate","strong_eye_source_hits_2;weak_xr_or_state_hits_4;validity_or_gating_hits_2;functionality_eye_api_context_without_clear_sink_hits_2","C:\realDesktop\manifest-evaluations\summer-26\ghidra-pipeline\il2cpp-files\vrfs\general-structure-results\70_high_uncertain_eye_setup_high\02fbbe50_OVRManager$$get_IsSimultaneousHandsAndControllersSupported.c"
"OVRManager$$get_boundary","02fc2f48","75","70_high_uncertain_eye_setup_high","uncertain","eye_tracking_capability_present","app_or_custom_namespace","setup_only","eye_source;weak_source_state;validity_gate","strong_eye_source_hits_2;weak_xr_or_state_hits_2;validity_or_gating_hits_4;functionality_eye_api_context_without_clear_sink_hits_2","C:\realDesktop\manifest-evaluations\summer-26\ghidra-pipeline\il2cpp-files\vrfs\general-structure-results\70_high_uncertain_eye_setup_high\02fc2f48_OVRManager$$get_boundary.c"
"OVRManager$$set_boundary","02fc2fa0","72","70_high_uncertain_eye_setup_high","uncertain","eye_tracking_capability_present","app_or_custom_namespace","setup_only","eye_source;weak_source_state;validity_gate","strong_eye_source_hits_2;weak_xr_or_state_hits_2;validity_or_gating_hits_3;functionality_eye_api_context_without_clear_sink_hits_2","C:\realDesktop\manifest-evaluations\summer-26\ghidra-pipeline\il2cpp-files\vrfs\general-structure-results\70_high_uncertain_eye_setup_high\02fc2fa0_OVRManager$$set_boundary.c"
"OVRManager$$add_HMDAcquired","02fc31bc","72","70_high_uncertain_eye_setup_high","uncertain","eye_tracking_capability_present","app_or_custom_namespace","setup_only","eye_source;weak_source_state;validity_gate","strong_eye_source_hits_2;weak_xr_or_state_hits_2;validity_or_gating_hits_3;functionality_eye_api_context_without_clear_sink_hits_2","C:\realDesktop\manifest-evaluations\summer-26\ghidra-pipeline\il2cpp-files\vrfs\general-structure-results\70_high_uncertain_eye_setup_high\02fc31bc_OVRManager$$add_HMDAcquired.c"
"OVRManager$$add_HMDLost","02fc3374","87","70_high_uncertain_eye_setup_high","uncertain","eye_tracking_capability_present","app_or_custom_namespace","setup_only","eye_source;weak_source_state;validity_gate;paired_state_refs","strong_eye_source_hits_2;weak_xr_or_state_hits_2;validity_or_gating_hits_13;paired_field_refs_with_eye_source;functionality_eye_api_context_without_clear_sink_hits_2","C:\realDesktop\manifest-evaluations\summer-26\ghidra-pipeline\il2cpp-files\vrfs\general-structure-results\70_high_uncertain_eye_setup_high\02fc3374_OVRManager$$add_HMDLost.c"
"OVRManager$$add_HMDMounted","02fc352c","72","70_high_uncertain_eye_setup_high","uncertain","eye_tracking_capability_present","app_or_custom_namespace","setup_only","eye_source;weak_source_state;validity_gate","strong_eye_source_hits_2;weak_xr_or_state_hits_2;validity_or_gating_hits_3;functionality_eye_api_context_without_clear_sink_hits_2","C:\realDesktop\manifest-evaluations\summer-26\ghidra-pipeline\il2cpp-files\vrfs\general-structure-results\70_high_uncertain_eye_setup_high\02fc352c_OVRManager$$add_HMDMounted.c"
"OVRManager$$remove_HMDMounted","02fc3608","72","70_high_uncertain_eye_setup_high","uncertain","eye_tracking_capability_present","app_or_custom_namespace","setup_only","eye_source;weak_source_state;validity_gate","strong_eye_source_hits_2;weak_xr_or_state_hits_2;validity_or_gating_hits_3;functionality_eye_api_context_without_clear_sink_hits_2","C:\realDesktop\manifest-evaluations\summer-26\ghidra-pipeline\il2cpp-files\vrfs\general-structure-results\70_high_uncertain_eye_setup_high\02fc3608_OVRManager$$remove_HMDMounted.c"
"OVRManager$$remove_HMDUnmounted","02fc37c0","87","70_high_uncertain_eye_setup_high","uncertain","eye_tracking_capability_present","app_or_custom_namespace","setup_only","eye_source;weak_source_state;validity_gate;paired_state_refs","strong_eye_source_hits_2;weak_xr_or_state_hits_2;validity_or_gating_hits_16;paired_field_refs_with_eye_source;functionality_eye_api_context_without_clear_sink_hits_2","C:\realDesktop\manifest-evaluations\summer-26\ghidra-pipeline\il2cpp-files\vrfs\general-structure-results\70_high_uncertain_eye_setup_high\02fc37c0_OVRManager$$remove_HMDUnmounted.c"
"OVRManager$$add_VrFocusAcquired","02fc389c","101","90_plus_uncertain_eye_setup_near_certain","uncertain","eye_tracking_capability_present","app_or_custom_namespace","setup_only","eye_source;weak_source_state;validity_gate;paired_state_refs;ui_interaction","strong_eye_source_hits_2;weak_xr_or_state_hits_2;validity_or_gating_hits_6;paired_field_refs_with_eye_source;ui_or_gameplay_sink_hits_2;functionality_eye_api_context_without_clear_sink_hits_2","C:\realDesktop\manifest-evaluations\summer-26\ghidra-pipeline\il2cpp-files\vrfs\general-structure-results\90_plus_uncertain_eye_setup_near_certain\02fc389c_OVRManager$$add_VrFocusAcquired.c"
"OVRManager$$remove_VrFocusAcquired","02fc3978","101","90_plus_uncertain_eye_setup_near_certain","uncertain","eye_tracking_capability_present","app_or_custom_namespace","setup_only","eye_source;weak_source_state;validity_gate;paired_state_refs;ui_interaction","strong_eye_source_hits_2;weak_xr_or_state_hits_2;validity_or_gating_hits_7;paired_field_refs_with_eye_source;ui_or_gameplay_sink_hits_2;functionality_eye_api_context_without_clear_sink_hits_2","C:\realDesktop\manifest-evaluations\summer-26\ghidra-pipeline\il2cpp-files\vrfs\general-structure-results\90_plus_uncertain_eye_setup_near_certain\02fc3978_OVRManager$$remove_VrFocusAcquired.c"
"OVRManager$$add_VrFocusLost","02fc3a54","89","70_high_uncertain_eye_setup_high","uncertain","eye_tracking_capability_present","app_or_custom_namespace","setup_only","eye_source;weak_source_state;validity_gate;ui_interaction","strong_eye_source_hits_2;weak_xr_or_state_hits_2;validity_or_gating_hits_4;ui_or_gameplay_sink_hits_2;functionality_eye_api_context_without_clear_sink_hits_2","C:\realDesktop\manifest-evaluations\summer-26\ghidra-pipeline\il2cpp-files\vrfs\general-structure-results\70_high_uncertain_eye_setup_high\02fc3a54_OVRManager$$add_VrFocusLost.c"
"OVRManager$$add_InputFocusAcquired","02fc3c0c","80","70_high_uncertain_eye_setup_high","uncertain","eye_tracking_capability_present","app_or_custom_namespace","setup_only","eye_source;weak_source_state;validity_gate;ui_interaction","strong_eye_source_hits_2;weak_xr_or_state_hits_2;validity_or_gating_hits_1;ui_or_gameplay_sink_hits_2;functionality_eye_api_context_without_clear_sink_hits_2","C:\realDesktop\manifest-evaluations\summer-26\ghidra-pipeline\il2cpp-files\vrfs\general-structure-results\70_high_uncertain_eye_setup_high\02fc3c0c_OVRManager$$add_InputFocusAcquired.c"
"OVRManager$$remove_InputFocusAcquired","02fc3ce8","89","70_high_uncertain_eye_setup_high","uncertain","eye_tracking_capability_present","app_or_custom_namespace","setup_only","eye_source;weak_source_state;validity_gate;ui_interaction","strong_eye_source_hits_2;weak_xr_or_state_hits_2;validity_or_gating_hits_11;ui_or_gameplay_sink_hits_2;functionality_eye_api_context_without_clear_sink_hits_2","C:\realDesktop\manifest-evaluations\summer-26\ghidra-pipeline\il2cpp-files\vrfs\general-structure-results\70_high_uncertain_eye_setup_high\02fc3ce8_OVRManager$$remove_InputFocusAcquired.c"
"OVRManager$$add_InputFocusLost","02fc3dc4","89","70_high_uncertain_eye_setup_high","uncertain","eye_tracking_capability_present","app_or_custom_namespace","setup_only","eye_source;weak_source_state;validity_gate;ui_interaction","strong_eye_source_hits_2;weak_xr_or_state_hits_2;validity_or_gating_hits_7;ui_or_gameplay_sink_hits_2;functionality_eye_api_context_without_clear_sink_hits_2","C:\realDesktop\manifest-evaluations\summer-26\ghidra-pipeline\il2cpp-files\vrfs\general-structure-results\70_high_uncertain_eye_setup_high\02fc3dc4_OVRManager$$add_InputFocusLost.c"
"OVRManager$$remove_InputFocusLost","02fc3ea0","80","70_high_uncertain_eye_setup_high","uncertain","eye_tracking_capability_present","app_or_custom_namespace","setup_only","eye_source;weak_source_state;validity_gate;ui_interaction","strong_eye_source_hits_2;weak_xr_or_state_hits_2;validity_or_gating_hits_1;ui_or_gameplay_sink_hits_2;functionality_eye_api_context_without_clear_sink_hits_2","C:\realDesktop\manifest-evaluations\summer-26\ghidra-pipeline\il2cpp-files\vrfs\general-structure-results\70_high_uncertain_eye_setup_high\02fc3ea0_OVRManager$$remove_InputFocusLost.c"
"OVRManager$$remove_AudioOutChanged","02fc4058","87","70_high_uncertain_eye_setup_high","uncertain","eye_tracking_capability_present","app_or_custom_namespace","setup_only","eye_source;weak_source_state;validity_gate;paired_state_refs","strong_eye_source_hits_2;weak_xr_or_state_hits_2;validity_or_gating_hits_11;paired_field_refs_with_eye_source;functionality_eye_api_context_without_clear_sink_hits_2","C:\realDesktop\manifest-evaluations\summer-26\ghidra-pipeline\il2cpp-files\vrfs\general-structure-results\70_high_uncertain_eye_setup_high\02fc4058_OVRManager$$remove_AudioOutChanged.c"
"OVRManager$$add_AudioInChanged","02fc4134","87","70_high_uncertain_eye_setup_high","uncertain","eye_tracking_capability_present","app_or_custom_namespace","setup_only","eye_source;weak_source_state;validity_gate;paired_state_refs","strong_eye_source_hits_2;weak_xr_or_state_hits_2;validity_or_gating_hits_6;paired_field_refs_with_eye_source;functionality_eye_api_context_without_clear_sink_hits_2","C:\realDesktop\manifest-evaluations\summer-26\ghidra-pipeline\il2cpp-files\vrfs\general-structure-results\70_high_uncertain_eye_setup_high\02fc4134_OVRManager$$add_AudioInChanged.c"
"OVRManager$$remove_AudioInChanged","02fc4210","87","70_high_uncertain_eye_setup_high","uncertain","eye_tracking_capability_present","app_or_custom_namespace","setup_only","eye_source;weak_source_state;validity_gate;paired_state_refs","strong_eye_source_hits_2;weak_xr_or_state_hits_2;validity_or_gating_hits_10;paired_field_refs_with_eye_source;functionality_eye_api_context_without_clear_sink_hits_2","C:\realDesktop\manifest-evaluations\summer-26\ghidra-pipeline\il2cpp-files\vrfs\general-structure-results\70_high_uncertain_eye_setup_high\02fc4210_OVRManager$$remove_AudioInChanged.c"
"OVRManager$$add_TrackingAcquired","02fc42ec","87","70_high_uncertain_eye_setup_high","uncertain","eye_tracking_capability_present","app_or_custom_namespace","setup_only","eye_source;weak_source_state;validity_gate;paired_state_refs","strong_eye_source_hits_2;weak_xr_or_state_hits_2;validity_or_gating_hits_7;paired_field_refs_with_eye_source;functionality_eye_api_context_without_clear_sink_hits_2","C:\realDesktop\manifest-evaluations\summer-26\ghidra-pipeline\il2cpp-files\vrfs\general-structure-results\70_high_uncertain_eye_setup_high\02fc42ec_OVRManager$$add_TrackingAcquired.c"
"OVRManager$$remove_TrackingAcquired","02fc43c8","87","70_high_uncertain_eye_setup_high","uncertain","eye_tracking_capability_present","app_or_custom_namespace","setup_only","eye_source;weak_source_state;validity_gate;paired_state_refs","strong_eye_source_hits_2;weak_xr_or_state_hits_2;validity_or_gating_hits_4;paired_field_refs_with_eye_source;functionality_eye_api_context_without_clear_sink_hits_2","C:\realDesktop\manifest-evaluations\summer-26\ghidra-pipeline\il2cpp-files\vrfs\general-structure-results\70_high_uncertain_eye_setup_high\02fc43c8_OVRManager$$remove_TrackingAcquired.c"
"OVRManager$$remove_TrackingLost","02fc4580","87","70_high_uncertain_eye_setup_high","uncertain","eye_tracking_capability_present","app_or_custom_namespace","setup_only","eye_source;weak_source_state;validity_gate;paired_state_refs","strong_eye_source_hits_2;weak_xr_or_state_hits_2;validity_or_gating_hits_8;paired_field_refs_with_eye_source;functionality_eye_api_context_without_clear_sink_hits_2","C:\realDesktop\manifest-evaluations\summer-26\ghidra-pipeline\il2cpp-files\vrfs\general-structure-results\70_high_uncertain_eye_setup_high\02fc4580_OVRManager$$remove_TrackingLost.c"
"OVRManager$$add_DisplayRefreshRateChanged","02fc465c","87","70_high_uncertain_eye_setup_high","uncertain","eye_tracking_capability_present","app_or_custom_namespace","setup_only","eye_source;weak_source_state;validity_gate;paired_state_refs","strong_eye_source_hits_2;weak_xr_or_state_hits_2;validity_or_gating_hits_5;paired_field_refs_with_eye_source;functionality_eye_api_context_without_clear_sink_hits_2","C:\realDesktop\manifest-evaluations\summer-26\ghidra-pipeline\il2cpp-files\vrfs\general-structure-results\70_high_uncertain_eye_setup_high\02fc465c_OVRManager$$add_DisplayRefreshRateChanged.c"
"OVRManager$$remove_DisplayRefreshRateChanged","02fc4750","87","70_high_uncertain_eye_setup_high","uncertain","eye_tracking_capability_present","app_or_custom_namespace","setup_only","eye_source;weak_source_state;validity_gate;paired_state_refs","strong_eye_source_hits_2;weak_xr_or_state_hits_2;validity_or_gating_hits_4;paired_field_refs_with_eye_source;functionality_eye_api_context_without_clear_sink_hits_2","C:\realDesktop\manifest-evaluations\summer-26\ghidra-pipeline\il2cpp-files\vrfs\general-structure-results\70_high_uncertain_eye_setup_high\02fc4750_OVRManager$$remove_DisplayRefreshRateChanged.c"
"OVRManager$$add_SpaceSetComponentStatusComplete","02fc4a2c","75","70_high_uncertain_eye_setup_high","uncertain","eye_tracking_capability_present","app_or_custom_namespace","setup_only","eye_source;weak_source_state;validity_gate","strong_eye_source_hits_2;weak_xr_or_state_hits_2;validity_or_gating_hits_9;functionality_eye_api_context_without_clear_sink_hits_2","C:\realDesktop\manifest-evaluations\summer-26\ghidra-pipeline\il2cpp-files\vrfs\general-structure-results\70_high_uncertain_eye_setup_high\02fc4a2c_OVRManager$$add_SpaceSetComponentStatusComplete.c"
"OVRManager$$remove_SpaceQueryComplete","02fc4ef0","78","70_high_uncertain_eye_setup_high","uncertain","eye_tracking_capability_present","app_or_custom_namespace","setup_only","eye_source;weak_source_state;validity_gate;paired_state_refs","strong_eye_source_hits_2;weak_xr_or_state_hits_2;validity_or_gating_hits_1;paired_field_refs_with_eye_source;functionality_eye_api_context_without_clear_sink_hits_2","C:\realDesktop\manifest-evaluations\summer-26\ghidra-pipeline\il2cpp-files\vrfs\general-structure-results\70_high_uncertain_eye_setup_high\02fc4ef0_OVRManager$$remove_SpaceQueryComplete.c"
"OVRManager$$add_PassthroughLayerResumed","02fc596c","87","70_high_uncertain_eye_setup_high","uncertain","eye_tracking_capability_present","app_or_custom_namespace","setup_only","eye_source;weak_source_state;validity_gate;paired_state_refs","strong_eye_source_hits_2;weak_xr_or_state_hits_2;validity_or_gating_hits_7;paired_field_refs_with_eye_source;functionality_eye_api_context_without_clear_sink_hits_2","C:\realDesktop\manifest-evaluations\summer-26\ghidra-pipeline\il2cpp-files\vrfs\general-structure-results\70_high_uncertain_eye_setup_high\02fc596c_OVRManager$$add_PassthroughLayerResumed.c"
"OVRManager$$remove_PassthroughLayerResumed","02fc5a60","72","70_high_uncertain_eye_setup_high","uncertain","eye_tracking_capability_present","app_or_custom_namespace","setup_only","eye_source;weak_source_state;validity_gate","strong_eye_source_hits_2;weak_xr_or_state_hits_2;validity_or_gating_hits_3;functionality_eye_api_context_without_clear_sink_hits_2","C:\realDesktop\manifest-evaluations\summer-26\ghidra-pipeline\il2cpp-files\vrfs\general-structure-results\70_high_uncertain_eye_setup_high\02fc5a60_OVRManager$$remove_PassthroughLayerResumed.c"
"OVRManager$$add_BoundaryVisibilityChanged","02fc5b54","72","70_high_uncertain_eye_setup_high","uncertain","eye_tracking_capability_present","app_or_custom_namespace","setup_only","eye_source;weak_source_state;validity_gate","strong_eye_source_hits_2;weak_xr_or_state_hits_2;validity_or_gating_hits_3;functionality_eye_api_context_without_clear_sink_hits_2","C:\realDesktop\manifest-evaluations\summer-26\ghidra-pipeline\il2cpp-files\vrfs\general-structure-results\70_high_uncertain_eye_setup_high\02fc5b54_OVRManager$$add_BoundaryVisibilityChanged.c"
"OVRManager$$remove_BoundaryVisibilityChanged","02fc5c48","72","70_high_uncertain_eye_setup_high","uncertain","eye_tracking_capability_present","app_or_custom_namespace","setup_only","eye_source;weak_source_state;validity_gate","strong_eye_source_hits_2;weak_xr_or_state_hits_2;validity_or_gating_hits_3;functionality_eye_api_context_without_clear_sink_hits_2","C:\realDesktop\manifest-evaluations\summer-26\ghidra-pipeline\il2cpp-files\vrfs\general-structure-results\70_high_uncertain_eye_setup_high\02fc5c48_OVRManager$$remove_BoundaryVisibilityChanged.c"
"OVRManager$$remove_HSWDismissed","02fc5e18","75","70_high_uncertain_eye_setup_high","uncertain","eye_tracking_capability_present","app_or_custom_namespace","setup_only","eye_source;weak_source_state;validity_gate","strong_eye_source_hits_2;weak_xr_or_state_hits_2;validity_or_gating_hits_5;functionality_eye_api_context_without_clear_sink_hits_2","C:\realDesktop\manifest-evaluations\summer-26\ghidra-pipeline\il2cpp-files\vrfs\general-structure-results\70_high_uncertain_eye_setup_high\02fc5e18_OVRManager$$remove_HSWDismissed.c"
"OVRManager$$get_isHmdPresent","02fc5ef4","72","70_high_uncertain_eye_setup_high","uncertain","eye_tracking_capability_present","app_or_custom_namespace","setup_only","eye_source;weak_source_state;validity_gate","strong_eye_source_hits_2;weak_xr_or_state_hits_2;validity_or_gating_hits_3;functionality_eye_api_context_without_clear_sink_hits_2","C:\realDesktop\manifest-evaluations\summer-26\ghidra-pipeline\il2cpp-files\vrfs\general-structure-results\70_high_uncertain_eye_setup_high\02fc5ef4_OVRManager$$get_isHmdPresent.c"
"OVRManager$$set_isHmdPresent","02fc5fcc","72","70_high_uncertain_eye_setup_high","uncertain","eye_tracking_capability_present","app_or_custom_namespace","setup_only","eye_source;weak_source_state;validity_gate","strong_eye_source_hits_2;weak_xr_or_state_hits_2;validity_or_gating_hits_3;functionality_eye_api_context_without_clear_sink_hits_2","C:\realDesktop\manifest-evaluations\summer-26\ghidra-pipeline\il2cpp-files\vrfs\general-structure-results\70_high_uncertain_eye_setup_high\02fc5fcc_OVRManager$$set_isHmdPresent.c"
"OVRManager$$get_audioOutId","02fc6030","72","70_high_uncertain_eye_setup_high","uncertain","eye_tracking_capability_present","app_or_custom_namespace","setup_only","eye_source;weak_source_state;validity_gate","strong_eye_source_hits_2;weak_xr_or_state_hits_2;validity_or_gating_hits_3;functionality_eye_api_context_without_clear_sink_hits_2","C:\realDesktop\manifest-evaluations\summer-26\ghidra-pipeline\il2cpp-files\vrfs\general-structure-results\70_high_uncertain_eye_setup_high\02fc6030_OVRManager$$get_audioOutId.c"
"OVRManager$$set_hasVrFocus","02fc61a8","80","70_high_uncertain_eye_setup_high","uncertain","eye_tracking_capability_present","app_or_custom_namespace","setup_only","eye_source;weak_source_state;validity_gate;ui_interaction","strong_eye_source_hits_2;weak_xr_or_state_hits_2;validity_or_gating_hits_1;ui_or_gameplay_sink_hits_2;functionality_eye_api_context_without_clear_sink_hits_2","C:\realDesktop\manifest-evaluations\summer-26\ghidra-pipeline\il2cpp-files\vrfs\general-structure-results\70_high_uncertain_eye_setup_high\02fc61a8_OVRManager$$set_hasVrFocus.c"
"OVRManager$$set_colorGamut","02fc651c","80","70_high_uncertain_eye_setup_high","uncertain","eye_tracking_capability_present","app_or_custom_namespace","setup_only","eye_source;weak_source_state;validity_gate;ui_interaction","strong_eye_source_hits_2;weak_xr_or_state_hits_2;validity_or_gating_hits_1;ui_or_gameplay_sink_hits_2;functionality_eye_api_context_without_clear_sink_hits_2","C:\realDesktop\manifest-evaluations\summer-26\ghidra-pipeline\il2cpp-files\vrfs\general-structure-results\70_high_uncertain_eye_setup_high\02fc651c_OVRManager$$set_colorGamut.c"
"OVRManager$$get_headPoseRelativeOffsetRotation","02fc65dc","75","70_high_uncertain_eye_setup_high","uncertain","eye_tracking_capability_present","app_or_custom_namespace","setup_only","eye_source;weak_source_state;pose_vector","strong_eye_source_hits_2;weak_xr_or_state_hits_4;strong_pose_or_ray_construction_hits_2;functionality_eye_api_context_without_clear_sink_hits_2","C:\realDesktop\manifest-evaluations\summer-26\ghidra-pipeline\il2cpp-files\vrfs\general-structure-results\70_high_uncertain_eye_setup_high\02fc65dc_OVRManager$$get_headPoseRelativeOffsetRotation.c"
"OVRManager$$OVRMixedRealityCaptureConfiguration.set_virtualGreenScreenBottomY","02fc6840","72","70_high_uncertain_eye_setup_high","uncertain","eye_tracking_capability_present","app_or_custom_namespace","setup_only","eye_source;weak_source_state;validity_gate","strong_eye_source_hits_2;weak_xr_or_state_hits_2;validity_or_gating_hits_3;functionality_eye_api_context_without_clear_sink_hits_2","C:\realDesktop\manifest-evaluations\summer-26\ghidra-pipeline\il2cpp-files\vrfs\general-structure-results\70_high_uncertain_eye_setup_high\02fc6840_OVRManager$$OVRMixedRealityCaptureConfiguration.set_virtualGreenScreenBottomY.c"
"OVRManager$$OVRMixedRealityCaptureConfiguration.get_virtualGreenScreenApplyDepthCulling","02fc6848","72","70_high_uncertain_eye_setup_high","uncertain","eye_tracking_capability_present","app_or_custom_namespace","setup_only","eye_source;weak_source_state;validity_gate","strong_eye_source_hits_2;weak_xr_or_state_hits_2;validity_or_gating_hits_3;functionality_eye_api_context_without_clear_sink_hits_2","C:\realDesktop\manifest-evaluations\summer-26\ghidra-pipeline\il2cpp-files\vrfs\general-structure-results\70_high_uncertain_eye_setup_high\02fc6848_OVRManager$$OVRMixedRealityCaptureConfiguration.get_virtualGreenScreenApplyDepthCulling.c"
"OVRManager$$OVRMixedRealityCaptureConfiguration.set_virtualGreenScreenApplyDepthCulling","02fc6850","72","70_high_uncertain_eye_setup_high","uncertain","eye_tracking_capability_present","app_or_custom_namespace","setup_only","eye_source;weak_source_state;validity_gate","strong_eye_source_hits_2;weak_xr_or_state_hits_2;validity_or_gating_hits_3;functionality_eye_api_context_without_clear_sink_hits_2","C:\realDesktop\manifest-evaluations\summer-26\ghidra-pipeline\il2cpp-files\vrfs\general-structure-results\70_high_uncertain_eye_setup_high\02fc6850_OVRManager$$OVRMixedRealityCaptureConfiguration.set_virtualGreenScreenApplyDepthCulling.c"
"OVRManager$$get_xrSession","02fc6940","104","90_plus_uncertain_gaze_or_xr_structure_near_certain","uncertain","eye_tracking_capability_present","app_or_custom_namespace","data_collection_or_telemetry","eye_source;weak_source_state;validity_gate;telemetry","strong_eye_source_hits_2;weak_xr_or_state_hits_2;validity_or_gating_hits_3;telemetry_or_network_hits_2;functionality_data_collection_or_telemetry_hits_2","C:\realDesktop\manifest-evaluations\summer-26\ghidra-pipeline\il2cpp-files\vrfs\general-structure-results\90_plus_uncertain_gaze_or_xr_structure_near_certain\02fc6940_OVRManager$$get_xrSession.c"
"OVRManager$$get_batteryLevel","02fc6aac","75","70_high_uncertain_eye_setup_high","uncertain","eye_tracking_capability_present","app_or_custom_namespace","setup_only","eye_source;weak_source_state;validity_gate","strong_eye_source_hits_2;weak_xr_or_state_hits_2;validity_or_gating_hits_4;functionality_eye_api_context_without_clear_sink_hits_2","C:\realDesktop\manifest-evaluations\summer-26\ghidra-pipeline\il2cpp-files\vrfs\general-structure-results\70_high_uncertain_eye_setup_high\02fc6aac_OVRManager$$get_batteryLevel.c"
"OVRManager$$get_suggestedCpuPerfLevel","02fc6cdc","87","70_high_uncertain_eye_setup_high","uncertain","eye_tracking_capability_present","app_or_custom_namespace","setup_only","eye_source;weak_source_state;validity_gate;paired_state_refs","strong_eye_source_hits_2;weak_xr_or_state_hits_2;validity_or_gating_hits_13;paired_field_refs_with_eye_source;functionality_eye_api_context_without_clear_sink_hits_2","C:\realDesktop\manifest-evaluations\summer-26\ghidra-pipeline\il2cpp-files\vrfs\general-structure-results\70_high_uncertain_eye_setup_high\02fc6cdc_OVRManager$$get_suggestedCpuPerfLevel.c"
"OVRManager$$set_suggestedCpuPerfLevel","02fc6d68","75","70_high_uncertain_eye_setup_high","uncertain","eye_tracking_capability_present","app_or_custom_namespace","setup_only","eye_source;weak_source_state;validity_gate","strong_eye_source_hits_2;weak_xr_or_state_hits_2;validity_or_gating_hits_5;functionality_eye_api_context_without_clear_sink_hits_2","C:\realDesktop\manifest-evaluations\summer-26\ghidra-pipeline\il2cpp-files\vrfs\general-structure-results\70_high_uncertain_eye_setup_high\02fc6d68_OVRManager$$set_suggestedCpuPerfLevel.c"
"OVRManager$$get_cpuLevel","02fc6f14","72","70_high_uncertain_eye_setup_high","uncertain","eye_tracking_capability_present","app_or_custom_namespace","setup_only","eye_source;weak_source_state;validity_gate","strong_eye_source_hits_2;weak_xr_or_state_hits_2;validity_or_gating_hits_3;functionality_eye_api_context_without_clear_sink_hits_2","C:\realDesktop\manifest-evaluations\summer-26\ghidra-pipeline\il2cpp-files\vrfs\general-structure-results\70_high_uncertain_eye_setup_high\02fc6f14_OVRManager$$get_cpuLevel.c"
"OVRManager$$set_gpuLevel","02fc70bc","87","70_high_uncertain_eye_setup_high","uncertain","eye_tracking_capability_present","app_or_custom_namespace","setup_only","eye_source;weak_source_state;validity_gate;paired_state_refs","strong_eye_source_hits_2;weak_xr_or_state_hits_2;validity_or_gating_hits_16;paired_field_refs_with_eye_source;functionality_eye_api_context_without_clear_sink_hits_2","C:\realDesktop\manifest-evaluations\summer-26\ghidra-pipeline\il2cpp-files\vrfs\general-structure-results\70_high_uncertain_eye_setup_high\02fc70bc_OVRManager$$set_gpuLevel.c"
"OVRManager$$get_isPowerSavingActive","02fc714c","89","70_high_uncertain_eye_setup_high","uncertain","eye_tracking_capability_present","app_or_custom_namespace","setup_only","eye_source;weak_source_state;validity_gate;paired_state_refs","strong_eye_source_hits_2;weak_xr_or_state_hits_4;validity_or_gating_hits_15;paired_field_refs_with_eye_source;functionality_eye_api_context_without_clear_sink_hits_2","C:\realDesktop\manifest-evaluations\summer-26\ghidra-pipeline\il2cpp-files\vrfs\general-structure-results\70_high_uncertain_eye_setup_high\02fc714c_OVRManager$$get_isPowerSavingActive.c"
"OVRManager$$get_eyeTextureFormat","02fc71d8","87","70_high_uncertain_eye_setup_high","uncertain","eye_tracking_capability_present","app_or_custom_namespace","setup_only","eye_source;weak_source_state;validity_gate;paired_state_refs","strong_eye_source_hits_2;weak_xr_or_state_hits_2;validity_or_gating_hits_6;paired_field_refs_with_eye_source;functionality_eye_api_context_without_clear_sink_hits_2","C:\realDesktop\manifest-evaluations\summer-26\ghidra-pipeline\il2cpp-files\vrfs\general-structure-results\70_high_uncertain_eye_setup_high\02fc71d8_OVRManager$$get_eyeTextureFormat.c"
"OVRManager$$set_eyeTextureFormat","02fc7228","87","70_high_uncertain_eye_setup_high","uncertain","eye_tracking_capability_present","app_or_custom_namespace","setup_only","eye_source;weak_source_state;validity_gate;paired_state_refs","strong_eye_source_hits_2;weak_xr_or_state_hits_2;validity_or_gating_hits_6;paired_field_refs_with_eye_source;functionality_eye_api_context_without_clear_sink_hits_2","C:\realDesktop\manifest-evaluations\summer-26\ghidra-pipeline\il2cpp-files\vrfs\general-structure-results\70_high_uncertain_eye_setup_high\02fc7228_OVRManager$$set_eyeTextureFormat.c"
"OVRManager$$get_eyeTrackedFoveatedRenderingSupported","02fc7280","165","90_plus_attempted_dynamic_eye_tracked_foveation_near_certain","yes","attempted_or_possible_dynamic_eye_tracked_foveation","app_or_custom_namespace","foveated_rendering;attempted_eye_tracked_foveated_rendering","eye_source;weak_source_state;validity_gate;paired_state_refs;foveation_rendering;attempted_use;dynamic_foveation_possible","strong_eye_source_hits_6;weak_xr_or_state_hits_4;validity_or_gating_hits_8;paired_field_refs_with_eye_source;strong_foveation_hits_2;attempted_eye_tracking_permission_or_feature_enable;attempted_eye_tracking_with_foveated_rendering_path;functionality_foveated_rendering","C:\realDesktop\manifest-evaluations\summer-26\ghidra-pipeline\il2cpp-files\vrfs\general-structure-results\90_plus_attempted_dynamic_eye_tracked_foveation_near_certain\02fc7280_OVRManager$$get_eyeTrackedFoveatedRenderingSupported.c"
"OVRManager$$GetEyeTrackedFoveatedRenderingSupported","02fc72cc","165","90_plus_attempted_dynamic_eye_tracked_foveation_near_certain","yes","attempted_or_possible_dynamic_eye_tracked_foveation","app_or_custom_namespace","foveated_rendering;attempted_eye_tracked_foveated_rendering","eye_source;weak_source_state;validity_gate;paired_state_refs;foveation_rendering;attempted_use;dynamic_foveation_possible","strong_eye_source_hits_6;weak_xr_or_state_hits_4;validity_or_gating_hits_5;paired_field_refs_with_eye_source;strong_foveation_hits_2;attempted_eye_tracking_permission_or_feature_enable;attempted_eye_tracking_with_foveated_rendering_path;functionality_foveated_rendering","C:\realDesktop\manifest-evaluations\summer-26\ghidra-pipeline\il2cpp-files\vrfs\general-structure-results\90_plus_attempted_dynamic_eye_tracked_foveation_near_certain\02fc72cc_OVRManager$$GetEyeTrackedFoveatedRenderingSupported.c"
"OVRManager$$get_eyeTrackedFoveatedRenderingEnabled","02fc7358","165","90_plus_attempted_dynamic_eye_tracked_foveation_near_certain","yes","attempted_or_possible_dynamic_eye_tracked_foveation","app_or_custom_namespace","foveated_rendering;attempted_eye_tracked_foveated_rendering","eye_source;weak_source_state;validity_gate;paired_state_refs;foveation_rendering;attempted_use;dynamic_foveation_possible","strong_eye_source_hits_6;weak_xr_or_state_hits_6;validity_or_gating_hits_5;paired_field_refs_with_eye_source;strong_foveation_hits_2;attempted_eye_tracking_permission_or_feature_enable;attempted_eye_tracking_with_foveated_rendering_path;functionality_foveated_rendering","C:\realDesktop\manifest-evaluations\summer-26\ghidra-pipeline\il2cpp-files\vrfs\general-structure-results\90_plus_attempted_dynamic_eye_tracked_foveation_near_certain\02fc7358_OVRManager$$get_eyeTrackedFoveatedRenderingEnabled.c"
"OVRManager$$GetEyeTrackedFoveatedRenderingEnabled","02fc73a4","144","90_plus_attempted_dynamic_eye_tracked_foveation_near_certain","yes","attempted_or_possible_dynamic_eye_tracked_foveation","app_or_custom_namespace","foveated_rendering;attempted_eye_tracked_foveated_rendering","eye_source;weak_source_state;validity_gate;foveation_rendering;attempted_use;dynamic_foveation_possible","strong_eye_source_hits_6;weak_xr_or_state_hits_6;validity_or_gating_hits_1;strong_foveation_hits_2;attempted_eye_tracking_permission_or_feature_enable;attempted_eye_tracking_with_foveated_rendering_path;functionality_foveated_rendering","C:\realDesktop\manifest-evaluations\summer-26\ghidra-pipeline\il2cpp-files\vrfs\general-structure-results\90_plus_attempted_dynamic_eye_tracked_foveation_near_certain\02fc73a4_OVRManager$$GetEyeTrackedFoveatedRenderingEnabled.c"
"OVRManager$$set_eyeTrackedFoveatedRenderingEnabled","02fc7430","131","90_plus_attempted_dynamic_eye_tracked_foveation_near_certain","yes","attempted_or_possible_dynamic_eye_tracked_foveation","app_or_custom_namespace","foveated_rendering;attempted_eye_tracked_foveated_rendering","eye_source;weak_source_state;foveation_rendering;attempted_use;dynamic_foveation_possible","strong_eye_source_hits_6;weak_xr_or_state_hits_4;strong_foveation_hits_2;attempted_eye_tracking_permission_or_feature_enable;attempted_eye_tracking_with_foveated_rendering_path;functionality_foveated_rendering","C:\realDesktop\manifest-evaluations\summer-26\ghidra-pipeline\il2cpp-files\vrfs\general-structure-results\90_plus_attempted_dynamic_eye_tracked_foveation_near_certain\02fc7430_OVRManager$$set_eyeTrackedFoveatedRenderingEnabled.c"
"OVRManager$$SetEyeTrackedFoveatedRenderingEnabled","02fc75f0","153","90_plus_attempted_dynamic_eye_tracked_foveation_near_certain","yes","attempted_or_possible_dynamic_eye_tracked_foveation","app_or_custom_namespace","foveated_rendering;attempted_eye_tracked_foveated_rendering","eye_source;weak_source_state;validity_gate;foveation_rendering;attempted_use;dynamic_foveation_possible","strong_eye_source_hits_6;weak_xr_or_state_hits_4;validity_or_gating_hits_12;strong_foveation_hits_2;attempted_eye_tracking_permission_or_feature_enable;attempted_eye_tracking_with_foveated_rendering_path;functionality_foveated_rendering","C:\realDesktop\manifest-evaluations\summer-26\ghidra-pipeline\il2cpp-files\vrfs\general-structure-results\90_plus_attempted_dynamic_eye_tracked_foveation_near_certain\02fc75f0_OVRManager$$SetEyeTrackedFoveatedRenderingEnabled.c"
"OVRManager$$OnPermissionGranted","02fc7688","77","70_high_uncertain_gaze_or_xr_structure_high","uncertain","eye_tracking_capability_present","app_or_custom_namespace","permission_setup","eye_source;weak_source_state;validity_gate","strong_eye_source_hits_2;weak_xr_or_state_hits_4;validity_or_gating_hits_9;functionality_permission_setup","C:\realDesktop\manifest-evaluations\summer-26\ghidra-pipeline\il2cpp-files\vrfs\general-structure-results\70_high_uncertain_gaze_or_xr_structure_high\02fc7688_OVRManager$$OnPermissionGranted.c"
"OVRManager$$get_foveatedRenderingLevel","02fc7760","104","90_plus_uncertain_foveated_rendering_near_certain","uncertain","eye_tracking_capability_present","app_or_custom_namespace","foveated_rendering","eye_source;weak_source_state;validity_gate;foveation_rendering","strong_eye_source_hits_2;weak_xr_or_state_hits_2;validity_or_gating_hits_3;strong_foveation_hits_2;functionality_foveated_rendering","C:\realDesktop\manifest-evaluations\summer-26\ghidra-pipeline\il2cpp-files\vrfs\general-structure-results\90_plus_uncertain_foveated_rendering_near_certain\02fc7760_OVRManager$$get_foveatedRenderingLevel.c"
"OVRManager$$GetFoveatedRenderingLevel","02fc77ac","98","90_plus_uncertain_foveated_rendering_near_certain","uncertain","eye_tracking_capability_present","app_or_custom_namespace","foveated_rendering","eye_source;weak_source_state;validity_gate;foveation_rendering","strong_eye_source_hits_2;weak_xr_or_state_hits_2;validity_or_gating_hits_1;strong_foveation_hits_2;functionality_foveated_rendering","C:\realDesktop\manifest-evaluations\summer-26\ghidra-pipeline\il2cpp-files\vrfs\general-structure-results\90_plus_uncertain_foveated_rendering_near_certain\02fc77ac_OVRManager$$GetFoveatedRenderingLevel.c"
"OVRManager$$set_foveatedRenderingLevel","02fc7838","85","70_high_uncertain_foveated_rendering_high","uncertain","eye_tracking_capability_present","app_or_custom_namespace","foveated_rendering","eye_source;weak_source_state;foveation_rendering","strong_eye_source_hits_2;weak_xr_or_state_hits_2;strong_foveation_hits_2;functionality_foveated_rendering","C:\realDesktop\manifest-evaluations\summer-26\ghidra-pipeline\il2cpp-files\vrfs\general-structure-results\70_high_uncertain_foveated_rendering_high\02fc7838_OVRManager$$set_foveatedRenderingLevel.c"
"OVRManager$$SetFoveatedRenderingLevel","02fc788c","85","70_high_uncertain_foveated_rendering_high","uncertain","eye_tracking_capability_present","app_or_custom_namespace","foveated_rendering","eye_source;weak_source_state;foveation_rendering","strong_eye_source_hits_2;weak_xr_or_state_hits_2;strong_foveation_hits_2;functionality_foveated_rendering","C:\realDesktop\manifest-evaluations\summer-26\ghidra-pipeline\il2cpp-files\vrfs\general-structure-results\70_high_uncertain_foveated_rendering_high\02fc788c_OVRManager$$SetFoveatedRenderingLevel.c"
"OVRManager$$get_fixedFoveatedRenderingSupported","02fc7924","121","90_plus_uncertain_foveated_rendering_near_certain","uncertain","eye_tracking_capability_present","app_or_custom_namespace","foveated_rendering","eye_source;weak_source_state;validity_gate;paired_state_refs;foveation_rendering","strong_eye_source_hits_2;weak_xr_or_state_hits_4;validity_or_gating_hits_11;paired_field_refs_with_eye_source;strong_foveation_hits_2;functionality_foveated_rendering","C:\realDesktop\manifest-evaluations\summer-26\ghidra-pipeline\il2cpp-files\vrfs\general-structure-results\90_plus_uncertain_foveated_rendering_near_certain\02fc7924_OVRManager$$get_fixedFoveatedRenderingSupported.c"
"OVRManager$$GetFixedFoveatedRenderingSupported","02fc7970","121","90_plus_uncertain_foveated_rendering_near_certain","uncertain","eye_tracking_capability_present","app_or_custom_namespace","foveated_rendering","eye_source;weak_source_state;validity_gate;paired_state_refs;foveation_rendering","strong_eye_source_hits_2;weak_xr_or_state_hits_4;validity_or_gating_hits_11;paired_field_refs_with_eye_source;strong_foveation_hits_2;functionality_foveated_rendering","C:\realDesktop\manifest-evaluations\summer-26\ghidra-pipeline\il2cpp-files\vrfs\general-structure-results\90_plus_uncertain_foveated_rendering_near_certain\02fc7970_OVRManager$$GetFixedFoveatedRenderingSupported.c"
"OVRManager$$get_fixedFoveatedRenderingLevel","02fc7a80","119","90_plus_uncertain_foveated_rendering_near_certain","uncertain","eye_tracking_capability_present","app_or_custom_namespace","foveated_rendering","eye_source;weak_source_state;validity_gate;paired_state_refs;foveation_rendering","strong_eye_source_hits_2;weak_xr_or_state_hits_2;validity_or_gating_hits_4;paired_field_refs_with_eye_source;strong_foveation_hits_2;functionality_foveated_rendering","C:\realDesktop\manifest-evaluations\summer-26\ghidra-pipeline\il2cpp-files\vrfs\general-structure-results\90_plus_uncertain_foveated_rendering_near_certain\02fc7a80_OVRManager$$get_fixedFoveatedRenderingLevel.c"
"OVRManager$$set_fixedFoveatedRenderingLevel","02fc7ad0","119","90_plus_uncertain_foveated_rendering_near_certain","uncertain","eye_tracking_capability_present","app_or_custom_namespace","foveated_rendering","eye_source;weak_source_state;validity_gate;paired_state_refs;foveation_rendering","strong_eye_source_hits_2;weak_xr_or_state_hits_2;validity_or_gating_hits_10;paired_field_refs_with_eye_source;strong_foveation_hits_2;functionality_foveated_rendering","C:\realDesktop\manifest-evaluations\summer-26\ghidra-pipeline\il2cpp-files\vrfs\general-structure-results\90_plus_uncertain_foveated_rendering_near_certain\02fc7ad0_OVRManager$$set_fixedFoveatedRenderingLevel.c"
"OVRManager$$get_useDynamicFoveatedRendering","02fc7b28","119","90_plus_uncertain_foveated_rendering_near_certain","uncertain","eye_tracking_capability_present","app_or_custom_namespace","foveated_rendering","eye_source;weak_source_state;validity_gate;paired_state_refs;foveation_rendering","strong_eye_source_hits_2;weak_xr_or_state_hits_2;validity_or_gating_hits_9;paired_field_refs_with_eye_source;strong_foveation_hits_2;functionality_foveated_rendering","C:\realDesktop\manifest-evaluations\summer-26\ghidra-pipeline\il2cpp-files\vrfs\general-structure-results\90_plus_uncertain_foveated_rendering_near_certain\02fc7b28_OVRManager$$get_useDynamicFoveatedRendering.c"
"OVRManager$$GetDynamicFoveatedRenderingEnabled","02fc7b74","121","90_plus_uncertain_foveated_rendering_near_certain","uncertain","eye_tracking_capability_present","app_or_custom_namespace","foveated_rendering","eye_source;weak_source_state;validity_gate;paired_state_refs;foveation_rendering","strong_eye_source_hits_2;weak_xr_or_state_hits_6;validity_or_gating_hits_8;paired_field_refs_with_eye_source;strong_foveation_hits_2;functionality_foveated_rendering","C:\realDesktop\manifest-evaluations\summer-26\ghidra-pipeline\il2cpp-files\vrfs\general-structure-results\90_plus_uncertain_foveated_rendering_near_certain\02fc7b74_OVRManager$$GetDynamicFoveatedRenderingEnabled.c"
"OVRManager$$set_useDynamicFoveatedRendering","02fc7c00","119","90_plus_uncertain_foveated_rendering_near_certain","uncertain","eye_tracking_capability_present","app_or_custom_namespace","foveated_rendering","eye_source;weak_source_state;validity_gate;paired_state_refs;foveation_rendering","strong_eye_source_hits_2;weak_xr_or_state_hits_2;validity_or_gating_hits_5;paired_field_refs_with_eye_source;strong_foveation_hits_2;functionality_foveated_rendering","C:\realDesktop\manifest-evaluations\summer-26\ghidra-pipeline\il2cpp-files\vrfs\general-structure-results\90_plus_uncertain_foveated_rendering_near_certain\02fc7c00_OVRManager$$set_useDynamicFoveatedRendering.c"
"OVRManager$$SetDynamicFoveatedRenderingEnabled","02fc7c54","121","90_plus_uncertain_foveated_rendering_near_certain","uncertain","eye_tracking_capability_present","app_or_custom_namespace","foveated_rendering","eye_source;weak_source_state;validity_gate;paired_state_refs;foveation_rendering","strong_eye_source_hits_2;weak_xr_or_state_hits_4;validity_or_gating_hits_6;paired_field_refs_with_eye_source;strong_foveation_hits_2;functionality_foveated_rendering","C:\realDesktop\manifest-evaluations\summer-26\ghidra-pipeline\il2cpp-files\vrfs\general-structure-results\90_plus_uncertain_foveated_rendering_near_certain\02fc7c54_OVRManager$$SetDynamicFoveatedRenderingEnabled.c"
"OVRManager$$get_useDynamicFixedFoveatedRendering","02fc7cec","119","90_plus_uncertain_foveated_rendering_near_certain","uncertain","eye_tracking_capability_present","app_or_custom_namespace","foveated_rendering","eye_source;weak_source_state;validity_gate;paired_state_refs;foveation_rendering","strong_eye_source_hits_2;weak_xr_or_state_hits_2;validity_or_gating_hits_4;paired_field_refs_with_eye_source;strong_foveation_hits_2;functionality_foveated_rendering","C:\realDesktop\manifest-evaluations\summer-26\ghidra-pipeline\il2cpp-files\vrfs\general-structure-results\90_plus_uncertain_foveated_rendering_near_certain\02fc7cec_OVRManager$$get_useDynamicFixedFoveatedRendering.c"
"OVRManager$$set_useDynamicFixedFoveatedRendering","02fc7d3c","85","70_high_uncertain_foveated_rendering_high","uncertain","eye_tracking_capability_present","app_or_custom_namespace","foveated_rendering","eye_source;weak_source_state;foveation_rendering","strong_eye_source_hits_2;weak_xr_or_state_hits_2;strong_foveation_hits_2;functionality_foveated_rendering","C:\realDesktop\manifest-evaluations\summer-26\ghidra-pipeline\il2cpp-files\vrfs\general-structure-results\70_high_uncertain_foveated_rendering_high\02fc7d3c_OVRManager$$set_useDynamicFixedFoveatedRendering.c"
"OVRManager$$get_tiledMultiResLevel","02fc7de4","87","70_high_uncertain_eye_setup_high","uncertain","eye_tracking_capability_present","app_or_custom_namespace","setup_only","eye_source;weak_source_state;validity_gate;paired_state_refs","strong_eye_source_hits_2;weak_xr_or_state_hits_2;validity_or_gating_hits_9;paired_field_refs_with_eye_source;functionality_eye_api_context_without_clear_sink_hits_2","C:\realDesktop\manifest-evaluations\summer-26\ghidra-pipeline\il2cpp-files\vrfs\general-structure-results\70_high_uncertain_eye_setup_high\02fc7de4_OVRManager$$get_tiledMultiResLevel.c"
"OVRManager$$set_tiledMultiResLevel","02fc7e34","87","70_high_uncertain_eye_setup_high","uncertain","eye_tracking_capability_present","app_or_custom_namespace","setup_only","eye_source;weak_source_state;validity_gate;paired_state_refs","strong_eye_source_hits_2;weak_xr_or_state_hits_2;validity_or_gating_hits_8;paired_field_refs_with_eye_source;functionality_eye_api_context_without_clear_sink_hits_2","C:\realDesktop\manifest-evaluations\summer-26\ghidra-pipeline\il2cpp-files\vrfs\general-structure-results\70_high_uncertain_eye_setup_high\02fc7e34_OVRManager$$set_tiledMultiResLevel.c"
"OVRManager$$get_gpuUtilSupported","02fc7e8c","89","70_high_uncertain_eye_setup_high","uncertain","eye_tracking_capability_present","app_or_custom_namespace","setup_only","eye_source;weak_source_state;validity_gate;paired_state_refs","strong_eye_source_hits_2;weak_xr_or_state_hits_4;validity_or_gating_hits_7;paired_field_refs_with_eye_source;functionality_eye_api_context_without_clear_sink_hits_2","C:\realDesktop\manifest-evaluations\summer-26\ghidra-pipeline\il2cpp-files\vrfs\general-structure-results\70_high_uncertain_eye_setup_high\02fc7e8c_OVRManager$$get_gpuUtilSupported.c"
"OVRManager$$get_gpuUtilLevel","02fc7edc","87","70_high_uncertain_eye_setup_high","uncertain","eye_tracking_capability_present","app_or_custom_namespace","setup_only","eye_source;weak_source_state;validity_gate;paired_state_refs","strong_eye_source_hits_2;weak_xr_or_state_hits_2;validity_or_gating_hits_6;paired_field_refs_with_eye_source;functionality_eye_api_context_without_clear_sink_hits_2","C:\realDesktop\manifest-evaluations\summer-26\ghidra-pipeline\il2cpp-files\vrfs\general-structure-results\70_high_uncertain_eye_setup_high\02fc7edc_OVRManager$$get_gpuUtilLevel.c"
"OVRManager$$get_systemHeadsetType","02fc7f8c","87","70_high_uncertain_eye_setup_high","uncertain","eye_tracking_capability_present","app_or_custom_namespace","setup_only","eye_source;weak_source_state;validity_gate;paired_state_refs","strong_eye_source_hits_2;weak_xr_or_state_hits_2;validity_or_gating_hits_4;paired_field_refs_with_eye_source;functionality_eye_api_context_without_clear_sink_hits_2","C:\realDesktop\manifest-evaluations\summer-26\ghidra-pipeline\il2cpp-files\vrfs\general-structure-results\70_high_uncertain_eye_setup_high\02fc7f8c_OVRManager$$get_systemHeadsetType.c"
"OVRManager$$get_systemHeadsetTheme","02fc7fdc","87","70_high_uncertain_eye_setup_high","uncertain","eye_tracking_capability_present","app_or_custom_namespace","setup_only","eye_source;weak_source_state;validity_gate;paired_state_refs","strong_eye_source_hits_2;weak_xr_or_state_hits_2;validity_or_gating_hits_4;paired_field_refs_with_eye_source;functionality_eye_api_context_without_clear_sink_hits_2","C:\realDesktop\manifest-evaluations\summer-26\ghidra-pipeline\il2cpp-files\vrfs\general-structure-results\70_high_uncertain_eye_setup_high\02fc7fdc_OVRManager$$get_systemHeadsetTheme.c"
"OVRManager$$SetColorScaleAndOffset","02fc82b0","89","70_high_uncertain_eye_setup_high","uncertain","eye_tracking_capability_present","app_or_custom_namespace","setup_only","eye_source;weak_source_state;validity_gate;ui_interaction","strong_eye_source_hits_2;weak_xr_or_state_hits_2;validity_or_gating_hits_8;ui_or_gameplay_sink_hits_2;functionality_eye_api_context_without_clear_sink_hits_2","C:\realDesktop\manifest-evaluations\summer-26\ghidra-pipeline\il2cpp-files\vrfs\general-structure-results\70_high_uncertain_eye_setup_high\02fc82b0_OVRManager$$SetColorScaleAndOffset.c"
"OVRManager$$SetOpenVRLocalPose","02fc84b4","73","70_high_uncertain_eye_setup_high","uncertain","eye_tracking_capability_present","app_or_custom_namespace","setup_only","eye_source;weak_source_state;pose_vector","strong_eye_source_hits_2;weak_xr_or_state_hits_2;strong_pose_or_ray_construction_hits_2;functionality_eye_api_context_without_clear_sink_hits_2","C:\realDesktop\manifest-evaluations\summer-26\ghidra-pipeline\il2cpp-files\vrfs\general-structure-results\70_high_uncertain_eye_setup_high\02fc84b4_OVRManager$$SetOpenVRLocalPose.c"
"OVRManager$$InitPermissionRequest","02fcb590","103","90_plus_uncertain_gaze_or_xr_structure_near_certain","uncertain","eye_tracking_capability_present","app_or_custom_namespace","permission_setup;data_collection_or_telemetry","eye_source;weak_source_state;validity_gate;telemetry","strong_eye_source_hits_2;weak_xr_or_state_hits_4;validity_or_gating_hits_2;telemetry_or_network_hits_2;functionality_permission_setup;functionality_data_collection_or_telemetry_hits_2","C:\realDesktop\manifest-evaluations\summer-26\ghidra-pipeline\il2cpp-files\vrfs\general-structure-results\90_plus_uncertain_gaze_or_xr_structure_near_certain\02fcb590_OVRManager$$InitPermissionRequest.c"
"OVRManager$$UpdateInsightPassthrough","02fcf614","72","70_high_uncertain_eye_setup_high","uncertain","eye_tracking_capability_present","app_or_custom_namespace","setup_only","eye_source;weak_source_state;validity_gate;frame_behavior","strong_eye_source_hits_2;weak_xr_or_state_hits_2;validity_or_gating_hits_1;frame_or_lifecycle_behavior;functionality_eye_api_context_without_clear_sink_hits_2","C:\realDesktop\manifest-evaluations\summer-26\ghidra-pipeline\il2cpp-files\vrfs\general-structure-results\70_high_uncertain_eye_setup_high\02fcf614_OVRManager$$UpdateInsightPassthrough.c"
"OVRManager$$SetAppSpacePosition","02fcfc68","73","70_high_uncertain_eye_setup_high","uncertain","eye_tracking_capability_present","app_or_custom_namespace","setup_only","eye_source;weak_source_state;pose_vector","strong_eye_source_hits_2;weak_xr_or_state_hits_2;strong_pose_or_ray_construction_hits_2;functionality_eye_api_context_without_clear_sink_hits_2","C:\realDesktop\manifest-evaluations\summer-26\ghidra-pipeline\il2cpp-files\vrfs\general-structure-results\70_high_uncertain_eye_setup_high\02fcfc68_OVRManager$$SetAppSpacePosition.c"
"OVRManager$$SetAppSpaceRotation","02fcfd00","73","70_high_uncertain_eye_setup_high","uncertain","eye_tracking_capability_present","app_or_custom_namespace","setup_only","eye_source;weak_source_state;pose_vector","strong_eye_source_hits_2;weak_xr_or_state_hits_2;strong_pose_or_ray_construction_hits_2;functionality_eye_api_context_without_clear_sink_hits_2","C:\realDesktop\manifest-evaluations\summer-26\ghidra-pipeline\il2cpp-files\vrfs\general-structure-results\70_high_uncertain_eye_setup_high\02fcfd00_OVRManager$$SetAppSpaceRotation.c"
"OVRManager$$OnApplicationFocus","02fcff10","80","70_high_uncertain_eye_setup_high","uncertain","eye_tracking_capability_present","app_or_custom_namespace","setup_only","eye_source;weak_source_state;validity_gate;ui_interaction","strong_eye_source_hits_2;weak_xr_or_state_hits_2;validity_or_gating_hits_1;ui_or_gameplay_sink_hits_2;functionality_eye_api_context_without_clear_sink_hits_2","C:\realDesktop\manifest-evaluations\summer-26\ghidra-pipeline\il2cpp-files\vrfs\general-structure-results\70_high_uncertain_eye_setup_high\02fcff10_OVRManager$$OnApplicationFocus.c"
"System.Array$$InternalArray__IEnumerable_GetEnumerator<OVRPlugin.EyeGazeState>","02feb678","79","70_high_framework_eye_tracking_support_or_permission_path_high","uncertain","framework_eye_tracking_support_or_permission_path","framework_or_engine_namespace","gaze_retrieval;attempted_eye_tracking_use","eye_source;weak_source_state;pose_vector;attempted_use","strong_eye_source_hits_4;weak_xr_or_state_hits_2;strong_pose_or_ray_construction_hits_2;attempted_eye_tracking_permission_or_feature_enable;negative_framework_support_context_without_confirmed_app_level_gaze_flow;functionality_gaze_retrieval_or_extraction","C:\realDesktop\manifest-evaluations\summer-26\ghidra-pipeline\il2cpp-files\vrfs\general-structure-results\70_high_framework_eye_tracking_support_or_permission_path_high\02feb678_System.Array$$InternalArray__IEnumerable_GetEnumerator_OVRPlugin.EyeGazeState_.c"
"System.Array$$InternalArray__IEnumerable_GetEnumerator<OVRPlugin.SpaceDiscoveryResult>","02feb7d0","73","70_high_framework_support_only_high","uncertain","framework_support_only","framework_namespace_with_project_hint","setup_only","eye_source;weak_source_state;pose_vector","strong_eye_source_hits_2;weak_xr_or_state_hits_2;strong_pose_or_ray_construction_hits_2;functionality_eye_api_context_without_clear_sink_hits_2","C:\realDesktop\manifest-evaluations\summer-26\ghidra-pipeline\il2cpp-files\vrfs\general-structure-results\70_high_framework_support_only_high\02feb7d0_System.Array$$InternalArray__IEnumerable_GetEnumerator_OVRPlugin.SpaceDiscoveryResult_.c"
"System.Array$$InternalArray__IEnumerable_GetEnumerator<OVRPlugin.SpaceQueryResult>","02feb87c","86","70_high_framework_support_only_high","uncertain","framework_support_only","framework_namespace_with_project_hint","setup_only","eye_source;weak_source_state;validity_gate;pose_vector","strong_eye_source_hits_2;weak_xr_or_state_hits_2;validity_or_gating_hits_1;strong_pose_or_ray_construction_hits_2;functionality_eye_api_context_without_clear_sink_hits_2","C:\realDesktop\manifest-evaluations\summer-26\ghidra-pipeline\il2cpp-files\vrfs\general-structure-results\70_high_framework_support_only_high\02feb87c_System.Array$$InternalArray__IEnumerable_GetEnumerator_OVRPlugin.SpaceQueryResult_.c"
"FUN_030917f4","030917f4","87","70_high_uncertain_eye_setup_high","uncertain","eye_tracking_capability_present","app_or_custom_namespace","setup_only","eye_source;weak_source_state;validity_gate;pose_vector","strong_eye_source_hits_1;weak_xr_or_state_hits_1;validity_or_gating_hits_11;strong_pose_or_ray_construction_hits_2;functionality_eye_api_context_without_clear_sink_hits_1","C:\realDesktop\manifest-evaluations\summer-26\ghidra-pipeline\il2cpp-files\vrfs\general-structure-results\70_high_uncertain_eye_setup_high\030917f4_FUN_030917f4.c"
"System.Array$$InternalArray__set_Item<HIDSupport.HIDPageUsage>","0309183c","75","70_high_framework_support_only_high","uncertain","framework_support_only","framework_or_engine_namespace","setup_only","eye_source;weak_source_state;validity_gate;pose_vector","strong_eye_source_hits_1;weak_xr_or_state_hits_1;validity_or_gating_hits_11;strong_pose_or_ray_construction_hits_4;negative_framework_support_context_without_confirmed_app_level_gaze_flow;functionality_eye_api_context_without_clear_sink_hits_1","C:\realDesktop\manifest-evaluations\summer-26\ghidra-pipeline\il2cpp-files\vrfs\general-structure-results\70_high_framework_support_only_high\0309183c_System.Array$$InternalArray__set_Item_HIDSupport.HIDPageUsage_.c"
"FUN_03097b38","03097b38","101","90_plus_uncertain_eye_setup_near_certain","uncertain","eye_tracking_capability_present","app_or_custom_namespace","setup_only","eye_source;weak_source_state;validity_gate;paired_state_refs","strong_eye_source_hits_6;weak_xr_or_state_hits_6;validity_or_gating_hits_9;paired_field_refs_with_eye_source;functionality_eye_api_context_without_clear_sink_hits_6","C:\realDesktop\manifest-evaluations\summer-26\ghidra-pipeline\il2cpp-files\vrfs\general-structure-results\90_plus_uncertain_eye_setup_near_certain\03097b38_FUN_03097b38.c"
"System.Array$$InternalArray__set_Item<OVRPlugin.BodyJointLocation>","03097c24","101","90_plus_framework_support_only_near_certain","uncertain","framework_support_only","framework_or_engine_namespace","setup_only","eye_source;weak_source_state;validity_gate;pose_vector;paired_state_refs","strong_eye_source_hits_5;weak_xr_or_state_hits_5;validity_or_gating_hits_6;strong_pose_or_ray_construction_hits_2;paired_field_refs_with_eye_source;negative_framework_support_context_without_confirmed_app_level_gaze_flow;functionality_eye_api_context_without_clear_sink_hits_5","C:\realDesktop\manifest-evaluations\summer-26\ghidra-pipeline\il2cpp-files\vrfs\general-structure-results\90_plus_framework_support_only_near_certain\03097c24_System.Array$$InternalArray__set_Item_OVRPlugin.BodyJointLocation_.c"
"System.Array$$InternalArray__set_Item<OVRPlugin.EyeGazeState>","03098048","79","70_high_framework_eye_tracking_support_or_permission_path_high","uncertain","framework_eye_tracking_support_or_permission_path","framework_or_engine_namespace","gaze_retrieval;attempted_eye_tracking_use","eye_source;weak_source_state;pose_vector;attempted_use","strong_eye_source_hits_4;weak_xr_or_state_hits_2;strong_pose_or_ray_construction_hits_2;attempted_eye_tracking_permission_or_feature_enable;negative_framework_support_context_without_confirmed_app_level_gaze_flow;functionality_gaze_retrieval_or_extraction","C:\realDesktop\manifest-evaluations\summer-26\ghidra-pipeline\il2cpp-files\vrfs\general-structure-results\70_high_framework_eye_tracking_support_or_permission_path_high\03098048_System.Array$$InternalArray__set_Item_OVRPlugin.EyeGazeState_.c"
"System.Array$$InternalArray__set_Item<OVRPlugin.SpaceDiscoveryResult>","03098300","73","70_high_framework_support_only_high","uncertain","framework_support_only","framework_namespace_with_project_hint","setup_only","eye_source;weak_source_state;pose_vector","strong_eye_source_hits_2;weak_xr_or_state_hits_2;strong_pose_or_ray_construction_hits_2;functionality_eye_api_context_without_clear_sink_hits_2","C:\realDesktop\manifest-evaluations\summer-26\ghidra-pipeline\il2cpp-files\vrfs\general-structure-results\70_high_framework_support_only_high\03098300_System.Array$$InternalArray__set_Item_OVRPlugin.SpaceDiscoveryResult_.c"
"System.Array$$InternalArray__set_Item<OVRPlugin.SpaceQueryResult>","03098464","73","70_high_framework_support_only_high","uncertain","framework_support_only","framework_namespace_with_project_hint","setup_only","eye_source;weak_source_state;pose_vector","strong_eye_source_hits_2;weak_xr_or_state_hits_2;strong_pose_or_ray_construction_hits_2;functionality_eye_api_context_without_clear_sink_hits_2","C:\realDesktop\manifest-evaluations\summer-26\ghidra-pipeline\il2cpp-files\vrfs\general-structure-results\70_high_framework_support_only_high\03098464_System.Array$$InternalArray__set_Item_OVRPlugin.SpaceQueryResult_.c"
"FUN_03098b70","03098b70","87","70_high_uncertain_eye_setup_high","uncertain","eye_tracking_capability_present","app_or_custom_namespace","setup_only","eye_source;weak_source_state;validity_gate;pose_vector","strong_eye_source_hits_1;weak_xr_or_state_hits_1;validity_or_gating_hits_6;strong_pose_or_ray_construction_hits_2;functionality_eye_api_context_without_clear_sink_hits_1","C:\realDesktop\manifest-evaluations\summer-26\ghidra-pipeline\il2cpp-files\vrfs\general-structure-results\70_high_uncertain_eye_setup_high\03098b70_FUN_03098b70.c"
"System.Array$$InternalArray__set_Item<OVRRaycaster.RaycastHit>","03098c68","142","90_plus_framework_support_only_near_certain","uncertain","framework_support_only","framework_or_engine_namespace","gaze_interaction","eye_source;weak_source_state;validity_gate;pose_vector;ray_interaction;structure_combo","strong_eye_source_hits_1;weak_xr_or_state_hits_1;validity_or_gating_hits_6;strong_pose_or_ray_construction_hits_4;ray_or_cast_sink_hits_5;source_validity_pose_sink_structure;strong_eye_source_validity_pose_sink_structure;negative_framework_support_context_without_confirmed_app_level_gaze_flow;functionality_gaze_interaction_hits_4","C:\realDesktop\manifest-evaluations\summer-26\ghidra-pipeline\il2cpp-files\vrfs\general-structure-results\90_plus_framework_support_only_near_certain\03098c68_System.Array$$InternalArray__set_Item_OVRRaycaster.RaycastHit_.c"
"System.Array$$InternalArray__set_Item<OVRPlugin.Qpl.Annotation>","030a3198","75","70_high_framework_support_only_high","uncertain","framework_support_only","framework_or_engine_namespace","setup_only","eye_source;weak_source_state;validity_gate;pose_vector","strong_eye_source_hits_2;weak_xr_or_state_hits_2;validity_or_gating_hits_8;strong_pose_or_ray_construction_hits_2;negative_framework_support_context_without_confirmed_app_level_gaze_flow;functionality_eye_api_context_without_clear_sink_hits_2","C:\realDesktop\manifest-evaluations\summer-26\ghidra-pipeline\il2cpp-files\vrfs\general-structure-results\70_high_framework_support_only_high\030a3198_System.Array$$InternalArray__set_Item_OVRPlugin.Qpl.Annotation_.c"
"System.Array$$InternalArray__IndexOf<OVRPlugin.BodyJointLocation>","031a1d74","72","70_high_framework_support_only_high","uncertain","framework_support_only","framework_or_engine_namespace","setup_only","eye_source;weak_source_state;validity_gate;pose_vector","strong_eye_source_hits_2;weak_xr_or_state_hits_2;validity_or_gating_hits_3;strong_pose_or_ray_construction_hits_2;negative_framework_support_context_without_confirmed_app_level_gaze_flow;functionality_eye_api_context_without_clear_sink_hits_2","C:\realDesktop\manifest-evaluations\summer-26\ghidra-pipeline\il2cpp-files\vrfs\general-structure-results\70_high_framework_support_only_high\031a1d74_System.Array$$InternalArray__IndexOf_OVRPlugin.BodyJointLocation_.c"
"System.Array$$InternalArray__IndexOf<OVRPlugin.Bone>","031a1f0c","72","70_high_framework_support_only_high","uncertain","framework_support_only","framework_or_engine_namespace","setup_only","eye_source;weak_source_state;validity_gate;pose_vector","strong_eye_source_hits_2;weak_xr_or_state_hits_2;validity_or_gating_hits_3;strong_pose_or_ray_construction_hits_2;negative_framework_support_context_without_confirmed_app_level_gaze_flow;functionality_eye_api_context_without_clear_sink_hits_2","C:\realDesktop\manifest-evaluations\summer-26\ghidra-pipeline\il2cpp-files\vrfs\general-structure-results\70_high_framework_support_only_high\031a1f0c_System.Array$$InternalArray__IndexOf_OVRPlugin.Bone_.c"
"System.Array$$InternalArray__IndexOf<OVRPlugin.EyeGazeState>","031a2228","149","90_plus_confirmed_gaze_retrieval_near_certain","yes","active_eye_tracking_runtime_retrieval","framework_or_engine_namespace","gaze_retrieval","eye_source;weak_source_state;validity_gate;pose_vector;attempted_use;active_gaze_retrieval","strong_eye_source_hits_4;weak_xr_or_state_hits_2;validity_or_gating_hits_2;strong_pose_or_ray_construction_hits_2;attempted_eye_tracking_permission_or_feature_enable;active_gaze_state_retrieval_with_validity_and_pose;functionality_gaze_retrieval_or_extraction","C:\realDesktop\manifest-evaluations\summer-26\ghidra-pipeline\il2cpp-files\vrfs\general-structure-results\90_plus_confirmed_gaze_retrieval_near_certain\031a2228_System.Array$$InternalArray__IndexOf_OVRPlugin.EyeGazeState_.c"
"System.Array$$InternalArray__IndexOf<OVRPlugin.SpaceDiscoveryResult>","031a255c","73","70_high_framework_support_only_high","uncertain","framework_support_only","framework_namespace_with_project_hint","setup_only","eye_source;weak_source_state;pose_vector","strong_eye_source_hits_2;weak_xr_or_state_hits_2;strong_pose_or_ray_construction_hits_2;functionality_eye_api_context_without_clear_sink_hits_2","C:\realDesktop\manifest-evaluations\summer-26\ghidra-pipeline\il2cpp-files\vrfs\general-structure-results\70_high_framework_support_only_high\031a255c_System.Array$$InternalArray__IndexOf_OVRPlugin.SpaceDiscoveryResult_.c"
"System.Array$$InternalArray__IndexOf<OVRPlugin.SpaceQueryResult>","031a26f0","92","90_plus_framework_support_only_near_certain","uncertain","framework_support_only","framework_namespace_with_project_hint","setup_only","eye_source;weak_source_state;validity_gate;pose_vector","strong_eye_source_hits_2;weak_xr_or_state_hits_2;validity_or_gating_hits_3;strong_pose_or_ray_construction_hits_2;functionality_eye_api_context_without_clear_sink_hits_2","C:\realDesktop\manifest-evaluations\summer-26\ghidra-pipeline\il2cpp-files\vrfs\general-structure-results\90_plus_framework_support_only_near_certain\031a26f0_System.Array$$InternalArray__IndexOf_OVRPlugin.SpaceQueryResult_.c"
"OVRPlugin$$get_nativeSDKVersion","03216ba0","75","70_high_uncertain_eye_setup_high","uncertain","eye_tracking_capability_present","app_or_custom_namespace","setup_only","eye_source;weak_source_state;validity_gate","strong_eye_source_hits_2;weak_xr_or_state_hits_2;validity_or_gating_hits_5;functionality_eye_api_context_without_clear_sink_hits_2","C:\realDesktop\manifest-evaluations\summer-26\ghidra-pipeline\il2cpp-files\vrfs\general-structure-results\70_high_uncertain_eye_setup_high\03216ba0_OVRPlugin$$get_nativeSDKVersion.c"
"OVRPlugin$$get_chromatic","03217354","75","70_high_uncertain_eye_setup_high","uncertain","eye_tracking_capability_present","app_or_custom_namespace","setup_only","eye_source;weak_source_state;validity_gate","strong_eye_source_hits_2;weak_xr_or_state_hits_2;validity_or_gating_hits_5;functionality_eye_api_context_without_clear_sink_hits_2","C:\realDesktop\manifest-evaluations\summer-26\ghidra-pipeline\il2cpp-files\vrfs\general-structure-results\70_high_uncertain_eye_setup_high\03217354_OVRPlugin$$get_chromatic.c"
"OVRPlugin$$get_rotation","03217660","77","70_high_uncertain_eye_setup_high","uncertain","eye_tracking_capability_present","app_or_custom_namespace","setup_only","eye_source;weak_source_state;pose_vector","strong_eye_source_hits_2;weak_xr_or_state_hits_2;strong_pose_or_ray_construction_hits_3;functionality_eye_api_context_without_clear_sink_hits_2","C:\realDesktop\manifest-evaluations\summer-26\ghidra-pipeline\il2cpp-files\vrfs\general-structure-results\70_high_uncertain_eye_setup_high\03217660_OVRPlugin$$get_rotation.c"
"OVRPlugin$$set_rotation","032176f0","73","70_high_uncertain_eye_setup_high","uncertain","eye_tracking_capability_present","app_or_custom_namespace","setup_only","eye_source;weak_source_state;pose_vector","strong_eye_source_hits_2;weak_xr_or_state_hits_2;strong_pose_or_ray_construction_hits_2;functionality_eye_api_context_without_clear_sink_hits_2","C:\realDesktop\manifest-evaluations\summer-26\ghidra-pipeline\il2cpp-files\vrfs\general-structure-results\70_high_uncertain_eye_setup_high\032176f0_OVRPlugin$$set_rotation.c"
"OVRPlugin$$get_position","03217794","93","90_plus_uncertain_eye_setup_near_certain","uncertain","eye_tracking_capability_present","app_or_custom_namespace","setup_only","eye_source;weak_source_state;validity_gate;pose_vector","strong_eye_source_hits_2;weak_xr_or_state_hits_2;validity_or_gating_hits_2;strong_pose_or_ray_construction_hits_3;functionality_eye_api_context_without_clear_sink_hits_2","C:\realDesktop\manifest-evaluations\summer-26\ghidra-pipeline\il2cpp-files\vrfs\general-structure-results\90_plus_uncertain_eye_setup_near_certain\03217794_OVRPlugin$$get_position.c"
"OVRPlugin$$set_position","03217824","86","70_high_uncertain_eye_setup_high","uncertain","eye_tracking_capability_present","app_or_custom_namespace","setup_only","eye_source;weak_source_state;validity_gate;pose_vector","strong_eye_source_hits_2;weak_xr_or_state_hits_2;validity_or_gating_hits_1;strong_pose_or_ray_construction_hits_2;functionality_eye_api_context_without_clear_sink_hits_2","C:\realDesktop\manifest-evaluations\summer-26\ghidra-pipeline\il2cpp-files\vrfs\general-structure-results\70_high_uncertain_eye_setup_high\03217824_OVRPlugin$$set_position.c"
"OVRPlugin$$get_useIPDInPositionTracking","032178c8","71","70_high_uncertain_eye_setup_high","uncertain","eye_tracking_capability_present","app_or_custom_namespace","setup_only","eye_source;weak_source_state;validity_gate","strong_eye_source_hits_2;weak_xr_or_state_hits_4;validity_or_gating_hits_2;functionality_eye_api_context_without_clear_sink_hits_2","C:\realDesktop\manifest-evaluations\summer-26\ghidra-pipeline\il2cpp-files\vrfs\general-structure-results\70_high_uncertain_eye_setup_high\032178c8_OVRPlugin$$get_useIPDInPositionTracking.c"
"OVRPlugin$$get_hasVrFocus","032185e0","83","70_high_uncertain_eye_setup_high","uncertain","eye_tracking_capability_present","app_or_custom_namespace","setup_only","eye_source;weak_source_state;validity_gate;ui_interaction","strong_eye_source_hits_2;weak_xr_or_state_hits_2;validity_or_gating_hits_2;ui_or_gameplay_sink_hits_2;functionality_eye_api_context_without_clear_sink_hits_2","C:\realDesktop\manifest-evaluations\summer-26\ghidra-pipeline\il2cpp-files\vrfs\general-structure-results\70_high_uncertain_eye_setup_high\032185e0_OVRPlugin$$get_hasVrFocus.c"
"OVRPlugin$$GetTrackerPose","03219350","75","70_high_uncertain_eye_setup_high","uncertain","eye_tracking_capability_present","app_or_custom_namespace","setup_only","eye_source;weak_source_state;pose_vector","strong_eye_source_hits_2;weak_xr_or_state_hits_4;strong_pose_or_ray_construction_hits_2;functionality_eye_api_context_without_clear_sink_hits_2","C:\realDesktop\manifest-evaluations\summer-26\ghidra-pipeline\il2cpp-files\vrfs\general-structure-results\70_high_uncertain_eye_setup_high\03219350_OVRPlugin$$GetTrackerPose.c"
"OVRPlugin$$GetNodePose","032193d4","75","70_high_uncertain_eye_setup_high","uncertain","eye_tracking_capability_present","app_or_custom_namespace","setup_only","eye_source;weak_source_state;pose_vector","strong_eye_source_hits_2;weak_xr_or_state_hits_4;strong_pose_or_ray_construction_hits_2;functionality_eye_api_context_without_clear_sink_hits_2","C:\realDesktop\manifest-evaluations\summer-26\ghidra-pipeline\il2cpp-files\vrfs\general-structure-results\70_high_uncertain_eye_setup_high\032193d4_OVRPlugin$$GetNodePose.c"
"OVRPlugin$$UpdateNodePhysicsPoses","0321a378","81","70_high_uncertain_eye_setup_high","uncertain","eye_tracking_capability_present","app_or_custom_namespace","setup_only","eye_source;weak_source_state;ray_interaction;frame_behavior","strong_eye_source_hits_2;weak_xr_or_state_hits_4;ray_or_cast_sink_hits_2;frame_or_lifecycle_behavior;functionality_eye_api_context_without_clear_sink_hits_2","C:\realDesktop\manifest-evaluations\summer-26\ghidra-pipeline\il2cpp-files\vrfs\general-structure-results\70_high_uncertain_eye_setup_high\0321a378_OVRPlugin$$UpdateNodePhysicsPoses.c"
"OVRPlugin$$GetNodePositionValid","0321ad3c","72","70_high_uncertain_gaze_or_xr_structure_high","uncertain","eye_tracking_capability_present","app_or_custom_namespace","gaze_retrieval","eye_source;weak_source_state;validity_gate","strong_eye_source_hits_2;weak_xr_or_state_hits_2;validity_or_gating_hits_3;functionality_gaze_retrieval_or_extraction","C:\realDesktop\manifest-evaluations\summer-26\ghidra-pipeline\il2cpp-files\vrfs\general-structure-results\70_high_uncertain_gaze_or_xr_structure_high\0321ad3c_OVRPlugin$$GetNodePositionValid.c"
"OVRPlugin$$GetCurrentTrackingTransformPose","0321b588","88","70_high_uncertain_eye_setup_high","uncertain","eye_tracking_capability_present","app_or_custom_namespace","setup_only","eye_source;weak_source_state;validity_gate;pose_vector","strong_eye_source_hits_2;weak_xr_or_state_hits_4;validity_or_gating_hits_1;strong_pose_or_ray_construction_hits_2;functionality_eye_api_context_without_clear_sink_hits_2","C:\realDesktop\manifest-evaluations\summer-26\ghidra-pipeline\il2cpp-files\vrfs\general-structure-results\70_high_uncertain_eye_setup_high\0321b588_OVRPlugin$$GetCurrentTrackingTransformPose.c"
"OVRPlugin$$GetTrackingTransformRawPose","0321b6a8","75","70_high_uncertain_eye_setup_high","uncertain","eye_tracking_capability_present","app_or_custom_namespace","setup_only","eye_source;weak_source_state;pose_vector","strong_eye_source_hits_2;weak_xr_or_state_hits_4;strong_pose_or_ray_construction_hits_2;functionality_eye_api_context_without_clear_sink_hits_2","C:\realDesktop\manifest-evaluations\summer-26\ghidra-pipeline\il2cpp-files\vrfs\general-structure-results\70_high_uncertain_eye_setup_high\0321b6a8_OVRPlugin$$GetTrackingTransformRawPose.c"
"OVRPlugin$$GetTrackingTransformRelativePose","0321b7c8","75","70_high_uncertain_eye_setup_high","uncertain","eye_tracking_capability_present","app_or_custom_namespace","setup_only","eye_source;weak_source_state;pose_vector","strong_eye_source_hits_2;weak_xr_or_state_hits_4;strong_pose_or_ray_construction_hits_2;functionality_eye_api_context_without_clear_sink_hits_2","C:\realDesktop\manifest-evaluations\summer-26\ghidra-pipeline\il2cpp-files\vrfs\general-structure-results\70_high_uncertain_eye_setup_high\0321b7c8_OVRPlugin$$GetTrackingTransformRelativePose.c"
"OVRPlugin$$SetControllerHapticsPcm","0321c30c","75","70_high_uncertain_eye_setup_high","uncertain","eye_tracking_capability_present","app_or_custom_namespace","setup_only","eye_source;weak_source_state;validity_gate","strong_eye_source_hits_2;weak_xr_or_state_hits_2;validity_or_gating_hits_4;functionality_eye_api_context_without_clear_sink_hits_2","C:\realDesktop\manifest-evaluations\summer-26\ghidra-pipeline\il2cpp-files\vrfs\general-structure-results\70_high_uncertain_eye_setup_high\0321c30c_OVRPlugin$$SetControllerHapticsPcm.c"
"OVRPlugin$$GetAppCpuStartToGpuEndTime","0321c824","72","70_high_uncertain_eye_setup_high","uncertain","eye_tracking_capability_present","app_or_custom_namespace","setup_only","eye_source;weak_source_state;validity_gate;frame_behavior","strong_eye_source_hits_2;weak_xr_or_state_hits_2;validity_or_gating_hits_1;frame_or_lifecycle_behavior;functionality_eye_api_context_without_clear_sink_hits_2","C:\realDesktop\manifest-evaluations\summer-26\ghidra-pipeline\il2cpp-files\vrfs\general-structure-results\70_high_uncertain_eye_setup_high\0321c824_OVRPlugin$$GetAppCpuStartToGpuEndTime.c"
"OVRPlugin$$GetAppPerfStats","0321cd68","75","70_high_uncertain_eye_setup_high","uncertain","eye_tracking_capability_present","app_or_custom_namespace","setup_only","eye_source;weak_source_state;validity_gate","strong_eye_source_hits_2;weak_xr_or_state_hits_2;validity_or_gating_hits_7;functionality_eye_api_context_without_clear_sink_hits_2","C:\realDesktop\manifest-evaluations\summer-26\ghidra-pipeline\il2cpp-files\vrfs\general-structure-results\70_high_uncertain_eye_setup_high\0321cd68_OVRPlugin$$GetAppPerfStats.c"
"OVRPlugin$$IsWideMotionModeHandPosesEnabled","0321d6ac","77","70_high_uncertain_gaze_or_xr_structure_high","uncertain","eye_tracking_capability_present","app_or_custom_namespace","possible_biometrics","eye_source;weak_source_state;validity_gate","strong_eye_source_hits_2;weak_xr_or_state_hits_4;validity_or_gating_hits_7;functionality_possible_biometrics_hits_2","C:\realDesktop\manifest-evaluations\summer-26\ghidra-pipeline\il2cpp-files\vrfs\general-structure-results\70_high_uncertain_gaze_or_xr_structure_high\0321d6ac_OVRPlugin$$IsWideMotionModeHandPosesEnabled.c"
"OVRPlugin$$OverrideExternalCameraStaticPose","0321e04c","86","70_high_uncertain_eye_setup_high","uncertain","eye_tracking_capability_present","app_or_custom_namespace","setup_only","eye_source;weak_source_state;validity_gate;pose_vector","strong_eye_source_hits_2;weak_xr_or_state_hits_2;validity_or_gating_hits_1;strong_pose_or_ray_construction_hits_2;functionality_eye_api_context_without_clear_sink_hits_2","C:\realDesktop\manifest-evaluations\summer-26\ghidra-pipeline\il2cpp-files\vrfs\general-structure-results\70_high_uncertain_eye_setup_high\0321e04c_OVRPlugin$$OverrideExternalCameraStaticPose.c"
"OVRPlugin$$GetUseOverriddenExternalCameraStaticPose","0321e130","94","90_plus_uncertain_eye_setup_near_certain","uncertain","eye_tracking_capability_present","app_or_custom_namespace","setup_only","eye_source;weak_source_state;validity_gate;pose_vector","strong_eye_source_hits_2;weak_xr_or_state_hits_4;validity_or_gating_hits_3;strong_pose_or_ray_construction_hits_2;functionality_eye_api_context_without_clear_sink_hits_2","C:\realDesktop\manifest-evaluations\summer-26\ghidra-pipeline\il2cpp-files\vrfs\general-structure-results\90_plus_uncertain_eye_setup_near_certain\0321e130_OVRPlugin$$GetUseOverriddenExternalCameraStaticPose.c"
"OVRPlugin$$IsInsightPassthroughInitialized","0321e940","81","70_high_uncertain_eye_setup_high","uncertain","eye_tracking_capability_present","app_or_custom_namespace","setup_only","eye_source;weak_source_state;validity_gate;paired_state_refs","strong_eye_source_hits_2;weak_xr_or_state_hits_2;validity_or_gating_hits_2;paired_field_refs_with_eye_source;functionality_eye_api_context_without_clear_sink_hits_2","C:\realDesktop\manifest-evaluations\summer-26\ghidra-pipeline\il2cpp-files\vrfs\general-structure-results\70_high_uncertain_eye_setup_high\0321e940_OVRPlugin$$IsInsightPassthroughInitialized.c"
"OVRPlugin$$SetInsightPassthroughStyle","0321f020","72","70_high_uncertain_eye_setup_high","uncertain","eye_tracking_capability_present","app_or_custom_namespace","setup_only","eye_source;weak_source_state;validity_gate","strong_eye_source_hits_2;weak_xr_or_state_hits_2;validity_or_gating_hits_3;functionality_eye_api_context_without_clear_sink_hits_2","C:\realDesktop\manifest-evaluations\summer-26\ghidra-pipeline\il2cpp-files\vrfs\general-structure-results\70_high_uncertain_eye_setup_high\0321f020_OVRPlugin$$SetInsightPassthroughStyle.c"
"OVRPlugin$$CreatePassthroughColorLut","0321f34c","75","70_high_uncertain_eye_setup_high","uncertain","eye_tracking_capability_present","app_or_custom_namespace","setup_only","eye_source;weak_source_state;validity_gate","strong_eye_source_hits_2;weak_xr_or_state_hits_2;validity_or_gating_hits_16;functionality_eye_api_context_without_clear_sink_hits_2","C:\realDesktop\manifest-evaluations\summer-26\ghidra-pipeline\il2cpp-files\vrfs\general-structure-results\70_high_uncertain_eye_setup_high\0321f34c_OVRPlugin$$CreatePassthroughColorLut.c"
"OVRPlugin$$UpdatePassthroughColorLut","0321f554","72","70_high_uncertain_eye_setup_high","uncertain","eye_tracking_capability_present","app_or_custom_namespace","setup_only","eye_source;weak_source_state;validity_gate;frame_behavior","strong_eye_source_hits_2;weak_xr_or_state_hits_2;validity_or_gating_hits_1;frame_or_lifecycle_behavior;functionality_eye_api_context_without_clear_sink_hits_2","C:\realDesktop\manifest-evaluations\summer-26\ghidra-pipeline\il2cpp-files\vrfs\general-structure-results\70_high_uncertain_eye_setup_high\0321f554_OVRPlugin$$UpdatePassthroughColorLut.c"
"OVRPlugin$$GetPassthroughCapabilities","0321f8e8","81","70_high_uncertain_eye_setup_high","uncertain","eye_tracking_capability_present","app_or_custom_namespace","setup_only","eye_source;weak_source_state;validity_gate;frame_behavior","strong_eye_source_hits_2;weak_xr_or_state_hits_2;validity_or_gating_hits_21;frame_or_lifecycle_behavior;functionality_eye_api_context_without_clear_sink_hits_2","C:\realDesktop\manifest-evaluations\summer-26\ghidra-pipeline\il2cpp-files\vrfs\general-structure-results\70_high_uncertain_eye_setup_high\0321f8e8_OVRPlugin$$GetPassthroughCapabilities.c"
"OVRPlugin$$GetBoundaryDimensions","0321f9b4","81","70_high_uncertain_eye_setup_high","uncertain","eye_tracking_capability_present","app_or_custom_namespace","setup_only","eye_source;weak_source_state;validity_gate;frame_behavior","strong_eye_source_hits_2;weak_xr_or_state_hits_2;validity_or_gating_hits_21;frame_or_lifecycle_behavior;functionality_eye_api_context_without_clear_sink_hits_2","C:\realDesktop\manifest-evaluations\summer-26\ghidra-pipeline\il2cpp-files\vrfs\general-structure-results\70_high_uncertain_eye_setup_high\0321f9b4_OVRPlugin$$GetBoundaryDimensions.c"
"OVRPlugin$$GetBoundaryVisible","0321fa78","81","70_high_uncertain_eye_setup_high","uncertain","eye_tracking_capability_present","app_or_custom_namespace","setup_only","eye_source;weak_source_state;validity_gate;frame_behavior","strong_eye_source_hits_2;weak_xr_or_state_hits_2;validity_or_gating_hits_21;frame_or_lifecycle_behavior;functionality_eye_api_context_without_clear_sink_hits_2","C:\realDesktop\manifest-evaluations\summer-26\ghidra-pipeline\il2cpp-files\vrfs\general-structure-results\70_high_uncertain_eye_setup_high\0321fa78_OVRPlugin$$GetBoundaryVisible.c"
"OVRPlugin$$SetBoundaryVisible","0321fb38","81","70_high_uncertain_eye_setup_high","uncertain","eye_tracking_capability_present","app_or_custom_namespace","setup_only","eye_source;weak_source_state;validity_gate;frame_behavior","strong_eye_source_hits_2;weak_xr_or_state_hits_2;validity_or_gating_hits_21;frame_or_lifecycle_behavior;functionality_eye_api_context_without_clear_sink_hits_2","C:\realDesktop\manifest-evaluations\summer-26\ghidra-pipeline\il2cpp-files\vrfs\general-structure-results\70_high_uncertain_eye_setup_high\0321fb38_OVRPlugin$$SetBoundaryVisible.c"
"OVRPlugin$$GetSystemHeadsetType","0321fc1c","81","70_high_uncertain_eye_setup_high","uncertain","eye_tracking_capability_present","app_or_custom_namespace","setup_only","eye_source;weak_source_state;validity_gate;frame_behavior","strong_eye_source_hits_2;weak_xr_or_state_hits_2;validity_or_gating_hits_21;frame_or_lifecycle_behavior;functionality_eye_api_context_without_clear_sink_hits_2","C:\realDesktop\manifest-evaluations\summer-26\ghidra-pipeline\il2cpp-files\vrfs\general-structure-results\70_high_uncertain_eye_setup_high\0321fc1c_OVRPlugin$$GetSystemHeadsetType.c"
"OVRPlugin$$GetActiveController","0321fcd8","83","70_high_uncertain_eye_setup_high","uncertain","eye_tracking_capability_present","app_or_custom_namespace","setup_only","eye_source;weak_source_state;validity_gate;frame_behavior","strong_eye_source_hits_2;weak_xr_or_state_hits_4;validity_or_gating_hits_21;frame_or_lifecycle_behavior;functionality_eye_api_context_without_clear_sink_hits_2","C:\realDesktop\manifest-evaluations\summer-26\ghidra-pipeline\il2cpp-files\vrfs\general-structure-results\70_high_uncertain_eye_setup_high\0321fcd8_OVRPlugin$$GetActiveController.c"
"OVRPlugin$$GetConnectedControllers","0321fd94","75","70_high_uncertain_eye_setup_high","uncertain","eye_tracking_capability_present","app_or_custom_namespace","setup_only","eye_source;weak_source_state;validity_gate","strong_eye_source_hits_2;weak_xr_or_state_hits_2;validity_or_gating_hits_21;functionality_eye_api_context_without_clear_sink_hits_2","C:\realDesktop\manifest-evaluations\summer-26\ghidra-pipeline\il2cpp-files\vrfs\general-structure-results\70_high_uncertain_eye_setup_high\0321fd94_OVRPlugin$$GetConnectedControllers.c"
"OVRPlugin$$GetTrackingOriginType","0321fe50","77","70_high_uncertain_gaze_or_xr_structure_high","uncertain","eye_tracking_capability_present","app_or_custom_namespace","gaze_retrieval","eye_source;weak_source_state;validity_gate","strong_eye_source_hits_2;weak_xr_or_state_hits_6;validity_or_gating_hits_21;functionality_gaze_retrieval_or_extraction","C:\realDesktop\manifest-evaluations\summer-26\ghidra-pipeline\il2cpp-files\vrfs\general-structure-results\70_high_uncertain_gaze_or_xr_structure_high\0321fe50_OVRPlugin$$GetTrackingOriginType.c"
"OVRPlugin$$SetTrackingOriginType","0321fea0","77","70_high_uncertain_gaze_or_xr_structure_high","uncertain","eye_tracking_capability_present","app_or_custom_namespace","gaze_retrieval","eye_source;weak_source_state;validity_gate","strong_eye_source_hits_2;weak_xr_or_state_hits_4;validity_or_gating_hits_21;functionality_gaze_retrieval_or_extraction","C:\realDesktop\manifest-evaluations\summer-26\ghidra-pipeline\il2cpp-files\vrfs\general-structure-results\70_high_uncertain_gaze_or_xr_structure_high\0321fea0_OVRPlugin$$SetTrackingOriginType.c"
"OVRPlugin$$GetTrackingCalibratedOrigin","0321ff04","97","90_plus_uncertain_gaze_or_xr_structure_near_certain","uncertain","eye_tracking_capability_present","app_or_custom_namespace","gaze_retrieval","eye_source;weak_source_state;validity_gate;pose_vector","strong_eye_source_hits_2;weak_xr_or_state_hits_4;validity_or_gating_hits_21;strong_pose_or_ray_construction_hits_2;functionality_gaze_retrieval_or_extraction","C:\realDesktop\manifest-evaluations\summer-26\ghidra-pipeline\il2cpp-files\vrfs\general-structure-results\90_plus_uncertain_gaze_or_xr_structure_near_certain\0321ff04_OVRPlugin$$GetTrackingCalibratedOrigin.c"
"OVRPlugin$$SetTrackingCalibratedOrigin","0321ff78","95","90_plus_uncertain_gaze_or_xr_structure_near_certain","uncertain","eye_tracking_capability_present","app_or_custom_namespace","gaze_retrieval","eye_source;weak_source_state;validity_gate;pose_vector","strong_eye_source_hits_2;weak_xr_or_state_hits_2;validity_or_gating_hits_21;strong_pose_or_ray_construction_hits_2;functionality_gaze_retrieval_or_extraction","C:\realDesktop\manifest-evaluations\summer-26\ghidra-pipeline\il2cpp-files\vrfs\general-structure-results\90_plus_uncertain_gaze_or_xr_structure_near_certain\0321ff78_OVRPlugin$$SetTrackingCalibratedOrigin.c"
"OVRPlugin$$RecenterTrackingOrigin","0321ffd4","97","90_plus_uncertain_gaze_or_xr_structure_near_certain","uncertain","eye_tracking_capability_present","app_or_custom_namespace","gaze_retrieval","eye_source;weak_source_state;validity_gate;pose_vector","strong_eye_source_hits_2;weak_xr_or_state_hits_4;validity_or_gating_hits_21;strong_pose_or_ray_construction_hits_2;functionality_gaze_retrieval_or_extraction","C:\realDesktop\manifest-evaluations\summer-26\ghidra-pipeline\il2cpp-files\vrfs\general-structure-results\90_plus_uncertain_gaze_or_xr_structure_near_certain\0321ffd4_OVRPlugin$$RecenterTrackingOrigin.c"
"OVRPlugin$$get_foveatedRenderingSupported","03220038","109","90_plus_uncertain_foveated_rendering_near_certain","uncertain","eye_tracking_capability_present","app_or_custom_namespace","foveated_rendering","eye_source;weak_source_state;validity_gate;foveation_rendering","strong_eye_source_hits_2;weak_xr_or_state_hits_4;validity_or_gating_hits_21;strong_foveation_hits_2;functionality_foveated_rendering","C:\realDesktop\manifest-evaluations\summer-26\ghidra-pipeline\il2cpp-files\vrfs\general-structure-results\90_plus_uncertain_foveated_rendering_near_certain\03220038_OVRPlugin$$get_foveatedRenderingSupported.c"
"OVRPlugin$$get_fixedFoveatedRenderingSupported","032200ac","109","90_plus_uncertain_foveated_rendering_near_certain","uncertain","eye_tracking_capability_present","app_or_custom_namespace","foveated_rendering","eye_source;weak_source_state;validity_gate;foveation_rendering","strong_eye_source_hits_2;weak_xr_or_state_hits_4;validity_or_gating_hits_21;strong_foveation_hits_2;functionality_foveated_rendering","C:\realDesktop\manifest-evaluations\summer-26\ghidra-pipeline\il2cpp-files\vrfs\general-structure-results\90_plus_uncertain_foveated_rendering_near_certain\032200ac_OVRPlugin$$get_fixedFoveatedRenderingSupported.c"
"OVRPlugin$$get_eyeTrackedFoveatedRenderingSupported","0322017c","153","90_plus_attempted_dynamic_eye_tracked_foveation_near_certain","yes","attempted_or_possible_dynamic_eye_tracked_foveation","app_or_custom_namespace","foveated_rendering;attempted_eye_tracked_foveated_rendering","eye_source;weak_source_state;validity_gate;foveation_rendering;attempted_use;dynamic_foveation_possible","strong_eye_source_hits_6;weak_xr_or_state_hits_4;validity_or_gating_hits_21;strong_foveation_hits_2;attempted_eye_tracking_permission_or_feature_enable;attempted_eye_tracking_with_foveated_rendering_path;functionality_foveated_rendering","C:\realDesktop\manifest-evaluations\summer-26\ghidra-pipeline\il2cpp-files\vrfs\general-structure-results\90_plus_attempted_dynamic_eye_tracked_foveation_near_certain\0322017c_OVRPlugin$$get_eyeTrackedFoveatedRenderingSupported.c"
"OVRPlugin$$get_eyeTrackedFoveatedRenderingEnabled","03220248","153","90_plus_attempted_dynamic_eye_tracked_foveation_near_certain","yes","attempted_or_possible_dynamic_eye_tracked_foveation","app_or_custom_namespace","foveated_rendering;attempted_eye_tracked_foveated_rendering","eye_source;weak_source_state;validity_gate;foveation_rendering;attempted_use;dynamic_foveation_possible","strong_eye_source_hits_6;weak_xr_or_state_hits_6;validity_or_gating_hits_21;strong_foveation_hits_2;attempted_eye_tracking_permission_or_feature_enable;attempted_eye_tracking_with_foveated_rendering_path;functionality_foveated_rendering","C:\realDesktop\manifest-evaluations\summer-26\ghidra-pipeline\il2cpp-files\vrfs\general-structure-results\90_plus_attempted_dynamic_eye_tracked_foveation_near_certain\03220248_OVRPlugin$$get_eyeTrackedFoveatedRenderingEnabled.c"
"OVRPlugin$$set_eyeTrackedFoveatedRenderingEnabled","03220334","153","90_plus_attempted_dynamic_eye_tracked_foveation_near_certain","yes","attempted_or_possible_dynamic_eye_tracked_foveation","app_or_custom_namespace","foveated_rendering;attempted_eye_tracked_foveated_rendering","eye_source;weak_source_state;validity_gate;foveation_rendering;attempted_use;dynamic_foveation_possible","strong_eye_source_hits_6;weak_xr_or_state_hits_4;validity_or_gating_hits_21;strong_foveation_hits_2;attempted_eye_tracking_permission_or_feature_enable;attempted_eye_tracking_with_foveated_rendering_path;functionality_foveated_rendering","C:\realDesktop\manifest-evaluations\summer-26\ghidra-pipeline\il2cpp-files\vrfs\general-structure-results\90_plus_attempted_dynamic_eye_tracked_foveation_near_certain\03220334_OVRPlugin$$set_eyeTrackedFoveatedRenderingEnabled.c"
"OVRPlugin$$get_foveatedRenderingLevel","0322041c","107","90_plus_uncertain_foveated_rendering_near_certain","uncertain","eye_tracking_capability_present","app_or_custom_namespace","foveated_rendering","eye_source;weak_source_state;validity_gate;foveation_rendering","strong_eye_source_hits_2;weak_xr_or_state_hits_2;validity_or_gating_hits_21;strong_foveation_hits_2;functionality_foveated_rendering","C:\realDesktop\manifest-evaluations\summer-26\ghidra-pipeline\il2cpp-files\vrfs\general-structure-results\90_plus_uncertain_foveated_rendering_near_certain\0322041c_OVRPlugin$$get_foveatedRenderingLevel.c"
"OVRPlugin$$set_foveatedRenderingLevel","03220500","107","90_plus_uncertain_foveated_rendering_near_certain","uncertain","eye_tracking_capability_present","app_or_custom_namespace","foveated_rendering","eye_source;weak_source_state;validity_gate;foveation_rendering","strong_eye_source_hits_2;weak_xr_or_state_hits_2;validity_or_gating_hits_21;strong_foveation_hits_2;functionality_foveated_rendering","C:\realDesktop\manifest-evaluations\summer-26\ghidra-pipeline\il2cpp-files\vrfs\general-structure-results\90_plus_uncertain_foveated_rendering_near_certain\03220500_OVRPlugin$$set_foveatedRenderingLevel.c"
"OVRPlugin$$get_fixedFoveatedRenderingLevel","03220634","107","90_plus_uncertain_foveated_rendering_near_certain","uncertain","eye_tracking_capability_present","app_or_custom_namespace","foveated_rendering","eye_source;weak_source_state;validity_gate;foveation_rendering","strong_eye_source_hits_2;weak_xr_or_state_hits_2;validity_or_gating_hits_21;strong_foveation_hits_2;functionality_foveated_rendering","C:\realDesktop\manifest-evaluations\summer-26\ghidra-pipeline\il2cpp-files\vrfs\general-structure-results\90_plus_uncertain_foveated_rendering_near_certain\03220634_OVRPlugin$$get_fixedFoveatedRenderingLevel.c"
"OVRPlugin$$set_fixedFoveatedRenderingLevel","03220680","107","90_plus_uncertain_foveated_rendering_near_certain","uncertain","eye_tracking_capability_present","app_or_custom_namespace","foveated_rendering","eye_source;weak_source_state;validity_gate;foveation_rendering","strong_eye_source_hits_2;weak_xr_or_state_hits_2;validity_or_gating_hits_21;strong_foveation_hits_2;functionality_foveated_rendering","C:\realDesktop\manifest-evaluations\summer-26\ghidra-pipeline\il2cpp-files\vrfs\general-structure-results\90_plus_uncertain_foveated_rendering_near_certain\03220680_OVRPlugin$$set_fixedFoveatedRenderingLevel.c"
"OVRPlugin$$get_useDynamicFoveatedRendering","032206d4","107","90_plus_uncertain_foveated_rendering_near_certain","uncertain","eye_tracking_capability_present","app_or_custom_namespace","foveated_rendering","eye_source;weak_source_state;validity_gate;foveation_rendering","strong_eye_source_hits_2;weak_xr_or_state_hits_2;validity_or_gating_hits_21;strong_foveation_hits_2;functionality_foveated_rendering","C:\realDesktop\manifest-evaluations\summer-26\ghidra-pipeline\il2cpp-files\vrfs\general-structure-results\90_plus_uncertain_foveated_rendering_near_certain\032206d4_OVRPlugin$$get_useDynamicFoveatedRendering.c"
"OVRPlugin$$set_useDynamicFoveatedRendering","032207c4","107","90_plus_uncertain_foveated_rendering_near_certain","uncertain","eye_tracking_capability_present","app_or_custom_namespace","foveated_rendering","eye_source;weak_source_state;validity_gate;foveation_rendering","strong_eye_source_hits_2;weak_xr_or_state_hits_2;validity_or_gating_hits_21;strong_foveation_hits_2;functionality_foveated_rendering","C:\realDesktop\manifest-evaluations\summer-26\ghidra-pipeline\il2cpp-files\vrfs\general-structure-results\90_plus_uncertain_foveated_rendering_near_certain\032207c4_OVRPlugin$$set_useDynamicFoveatedRendering.c"
"OVRPlugin$$get_useDynamicFixedFoveatedRendering","032208ac","107","90_plus_uncertain_foveated_rendering_near_certain","uncertain","eye_tracking_capability_present","app_or_custom_namespace","foveated_rendering","eye_source;weak_source_state;validity_gate;foveation_rendering","strong_eye_source_hits_2;weak_xr_or_state_hits_2;validity_or_gating_hits_21;strong_foveation_hits_2;functionality_foveated_rendering","C:\realDesktop\manifest-evaluations\summer-26\ghidra-pipeline\il2cpp-files\vrfs\general-structure-results\90_plus_uncertain_foveated_rendering_near_certain\032208ac_OVRPlugin$$get_useDynamicFixedFoveatedRendering.c"
"OVRPlugin$$set_useDynamicFixedFoveatedRendering","032208f8","107","90_plus_uncertain_foveated_rendering_near_certain","uncertain","eye_tracking_capability_present","app_or_custom_namespace","foveated_rendering","eye_source;weak_source_state;validity_gate;foveation_rendering","strong_eye_source_hits_2;weak_xr_or_state_hits_2;validity_or_gating_hits_21;strong_foveation_hits_2;functionality_foveated_rendering","C:\realDesktop\manifest-evaluations\summer-26\ghidra-pipeline\il2cpp-files\vrfs\general-structure-results\90_plus_uncertain_foveated_rendering_near_certain\032208f8_OVRPlugin$$set_useDynamicFixedFoveatedRendering.c"
"OVRPlugin$$get_tiledMultiResSupported","0322094c","77","70_high_uncertain_eye_setup_high","uncertain","eye_tracking_capability_present","app_or_custom_namespace","setup_only","eye_source;weak_source_state;validity_gate","strong_eye_source_hits_2;weak_xr_or_state_hits_4;validity_or_gating_hits_21;functionality_eye_api_context_without_clear_sink_hits_2","C:\realDesktop\manifest-evaluations\summer-26\ghidra-pipeline\il2cpp-files\vrfs\general-structure-results\70_high_uncertain_eye_setup_high\0322094c_OVRPlugin$$get_tiledMultiResSupported.c"
"OVRPlugin$$get_systemDisplayFrequenciesAvailable","03220bf8","71","70_high_uncertain_eye_setup_high","uncertain","eye_tracking_capability_present","app_or_custom_namespace","setup_only","eye_source;weak_source_state;validity_gate","strong_eye_source_hits_2;weak_xr_or_state_hits_4;validity_or_gating_hits_2;functionality_eye_api_context_without_clear_sink_hits_2","C:\realDesktop\manifest-evaluations\summer-26\ghidra-pipeline\il2cpp-files\vrfs\general-structure-results\70_high_uncertain_eye_setup_high\03220bf8_OVRPlugin$$get_systemDisplayFrequenciesAvailable.c"
"OVRPlugin$$get_systemDisplayFrequency","03220ec8","75","70_high_uncertain_eye_setup_high","uncertain","eye_tracking_capability_present","app_or_custom_namespace","setup_only","eye_source;weak_source_state;validity_gate","strong_eye_source_hits_2;weak_xr_or_state_hits_2;validity_or_gating_hits_5;functionality_eye_api_context_without_clear_sink_hits_2","C:\realDesktop\manifest-evaluations\summer-26\ghidra-pipeline\il2cpp-files\vrfs\general-structure-results\70_high_uncertain_eye_setup_high\03220ec8_OVRPlugin$$get_systemDisplayFrequency.c"
"OVRPlugin$$set_eyeFovPremultipliedAlphaModeEnabled","032211b0","71","70_high_uncertain_eye_setup_high","uncertain","eye_tracking_capability_present","app_or_custom_namespace","setup_only","eye_source;weak_source_state;validity_gate","strong_eye_source_hits_2;weak_xr_or_state_hits_4;validity_or_gating_hits_2;functionality_eye_api_context_without_clear_sink_hits_2","C:\realDesktop\manifest-evaluations\summer-26\ghidra-pipeline\il2cpp-files\vrfs\general-structure-results\70_high_uncertain_eye_setup_high\032211b0_OVRPlugin$$set_eyeFovPremultipliedAlphaModeEnabled.c"
"OVRPlugin$$GetNodeFrustum2","03221290","75","70_high_uncertain_eye_setup_high","uncertain","eye_tracking_capability_present","app_or_custom_namespace","setup_only","eye_source;weak_source_state;validity_gate","strong_eye_source_hits_2;weak_xr_or_state_hits_2;validity_or_gating_hits_10;functionality_eye_api_context_without_clear_sink_hits_2","C:\realDesktop\manifest-evaluations\summer-26\ghidra-pipeline\il2cpp-files\vrfs\general-structure-results\70_high_uncertain_eye_setup_high\03221290_OVRPlugin$$GetNodeFrustum2.c"
"OVRPlugin$$get_EyeTextureArrayEnabled","03221444","77","70_high_uncertain_eye_setup_high","uncertain","eye_tracking_capability_present","app_or_custom_namespace","setup_only","eye_source;weak_source_state;validity_gate","strong_eye_source_hits_2;weak_xr_or_state_hits_6;validity_or_gating_hits_9;functionality_eye_api_context_without_clear_sink_hits_2","C:\realDesktop\manifest-evaluations\summer-26\ghidra-pipeline\il2cpp-files\vrfs\general-structure-results\70_high_uncertain_eye_setup_high\03221444_OVRPlugin$$get_EyeTextureArrayEnabled.c"
"OVRPlugin$$get_localDimmingSupported","03221504","77","70_high_uncertain_eye_setup_high","uncertain","eye_tracking_capability_present","app_or_custom_namespace","setup_only","eye_source;weak_source_state;validity_gate","strong_eye_source_hits_2;weak_xr_or_state_hits_4;validity_or_gating_hits_8;functionality_eye_api_context_without_clear_sink_hits_2","C:\realDesktop\manifest-evaluations\summer-26\ghidra-pipeline\il2cpp-files\vrfs\general-structure-results\70_high_uncertain_eye_setup_high\03221504_OVRPlugin$$get_localDimmingSupported.c"
"OVRPlugin$$get_localDimming","032215d8","75","70_high_uncertain_eye_setup_high","uncertain","eye_tracking_capability_present","app_or_custom_namespace","setup_only","eye_source;weak_source_state;validity_gate","strong_eye_source_hits_2;weak_xr_or_state_hits_2;validity_or_gating_hits_4;functionality_eye_api_context_without_clear_sink_hits_2","C:\realDesktop\manifest-evaluations\summer-26\ghidra-pipeline\il2cpp-files\vrfs\general-structure-results\70_high_uncertain_eye_setup_high\032215d8_OVRPlugin$$get_localDimming.c"
"OVRPlugin$$GetDominantHand","032217b4","87","70_high_uncertain_eye_setup_high","uncertain","eye_tracking_capability_present","app_or_custom_namespace","setup_only","eye_source;weak_source_state;validity_gate;paired_state_refs","strong_eye_source_hits_2;weak_xr_or_state_hits_2;validity_or_gating_hits_14;paired_field_refs_with_eye_source;functionality_eye_api_context_without_clear_sink_hits_2","C:\realDesktop\manifest-evaluations\summer-26\ghidra-pipeline\il2cpp-files\vrfs\general-structure-results\70_high_uncertain_eye_setup_high\032217b4_OVRPlugin$$GetDominantHand.c"
"OVRPlugin$$SendEvent","03221880","119","90_plus_uncertain_gaze_or_xr_structure_near_certain","uncertain","eye_tracking_capability_present","app_or_custom_namespace","data_collection_or_telemetry","eye_source;weak_source_state;validity_gate;paired_state_refs;telemetry","strong_eye_source_hits_2;weak_xr_or_state_hits_2;validity_or_gating_hits_9;paired_field_refs_with_eye_source;telemetry_or_network_hits_2;functionality_data_collection_or_telemetry_hits_2","C:\realDesktop\manifest-evaluations\summer-26\ghidra-pipeline\il2cpp-files\vrfs\general-structure-results\90_plus_uncertain_gaze_or_xr_structure_near_certain\03221880_OVRPlugin$$SendEvent.c"
"OVRPlugin$$SetHeadPoseModifier","03221a14","87","70_high_uncertain_eye_setup_high","uncertain","eye_tracking_capability_present","app_or_custom_namespace","setup_only","eye_source;weak_source_state;validity_gate;paired_state_refs","strong_eye_source_hits_2;weak_xr_or_state_hits_2;validity_or_gating_hits_7;paired_field_refs_with_eye_source;functionality_eye_api_context_without_clear_sink_hits_2","C:\realDesktop\manifest-evaluations\summer-26\ghidra-pipeline\il2cpp-files\vrfs\general-structure-results\70_high_uncertain_eye_setup_high\03221a14_OVRPlugin$$SetHeadPoseModifier.c"
"OVRPlugin$$IsPerfMetricsSupported","03221c38","71","70_high_uncertain_eye_setup_high","uncertain","eye_tracking_capability_present","app_or_custom_namespace","setup_only","eye_source;weak_source_state;validity_gate","strong_eye_source_hits_2;weak_xr_or_state_hits_4;validity_or_gating_hits_2;functionality_eye_api_context_without_clear_sink_hits_2","C:\realDesktop\manifest-evaluations\summer-26\ghidra-pipeline\il2cpp-files\vrfs\general-structure-results\70_high_uncertain_eye_setup_high\03221c38_OVRPlugin$$IsPerfMetricsSupported.c"
"OVRPlugin$$GetPerfMetricsInt","03221e1c","75","70_high_uncertain_eye_setup_high","uncertain","eye_tracking_capability_present","app_or_custom_namespace","setup_only","eye_source;weak_source_state;validity_gate","strong_eye_source_hits_2;weak_xr_or_state_hits_2;validity_or_gating_hits_7;functionality_eye_api_context_without_clear_sink_hits_2","C:\realDesktop\manifest-evaluations\summer-26\ghidra-pipeline\il2cpp-files\vrfs\general-structure-results\70_high_uncertain_eye_setup_high\03221e1c_OVRPlugin$$GetPerfMetricsInt.c"
"OVRPlugin$$SetDeveloperMode","032221f0","75","70_high_uncertain_eye_setup_high","uncertain","eye_tracking_capability_present","app_or_custom_namespace","setup_only","eye_source;weak_source_state;validity_gate","strong_eye_source_hits_2;weak_xr_or_state_hits_2;validity_or_gating_hits_9;functionality_eye_api_context_without_clear_sink_hits_2","C:\realDesktop\manifest-evaluations\summer-26\ghidra-pipeline\il2cpp-files\vrfs\general-structure-results\70_high_uncertain_eye_setup_high\032221f0_OVRPlugin$$SetDeveloperMode.c"
"OVRPlugin$$GetHandTrackingEnabled","03222390","77","70_high_uncertain_gaze_or_xr_structure_high","uncertain","eye_tracking_capability_present","app_or_custom_namespace","gaze_retrieval","eye_source;weak_source_state;validity_gate","strong_eye_source_hits_2;weak_xr_or_state_hits_6;validity_or_gating_hits_12;functionality_gaze_retrieval_or_extraction","C:\realDesktop\manifest-evaluations\summer-26\ghidra-pipeline\il2cpp-files\vrfs\general-structure-results\70_high_uncertain_gaze_or_xr_structure_high\03222390_OVRPlugin$$GetHandTrackingEnabled.c"
"OVRPlugin$$GetSkeleton","03222b6c","75","70_high_uncertain_eye_setup_high","uncertain","eye_tracking_capability_present","app_or_custom_namespace","setup_only","eye_source;weak_source_state;validity_gate","strong_eye_source_hits_2;weak_xr_or_state_hits_2;validity_or_gating_hits_16;functionality_eye_api_context_without_clear_sink_hits_2","C:\realDesktop\manifest-evaluations\summer-26\ghidra-pipeline\il2cpp-files\vrfs\general-structure-results\70_high_uncertain_eye_setup_high\03222b6c_OVRPlugin$$GetSkeleton.c"
"OVRPlugin$$GetSkeleton2","03222c4c","75","70_high_uncertain_eye_setup_high","uncertain","eye_tracking_capability_present","app_or_custom_namespace","setup_only","eye_source;weak_source_state;validity_gate","strong_eye_source_hits_2;weak_xr_or_state_hits_2;validity_or_gating_hits_7;functionality_eye_api_context_without_clear_sink_hits_2","C:\realDesktop\manifest-evaluations\summer-26\ghidra-pipeline\il2cpp-files\vrfs\general-structure-results\70_high_uncertain_eye_setup_high\03222c4c_OVRPlugin$$GetSkeleton2.c"
"OVRPlugin$$get_bodyTrackingEnabled","03224078","74","70_high_uncertain_gaze_or_xr_structure_high","uncertain","eye_tracking_capability_present","app_or_custom_namespace","gaze_retrieval","eye_source;weak_source_state;validity_gate","strong_eye_source_hits_2;weak_xr_or_state_hits_6;validity_or_gating_hits_3;functionality_gaze_retrieval_or_extraction","C:\realDesktop\manifest-evaluations\summer-26\ghidra-pipeline\il2cpp-files\vrfs\general-structure-results\70_high_uncertain_gaze_or_xr_structure_high\03224078_OVRPlugin$$get_bodyTrackingEnabled.c"
"OVRPlugin$$GetBodyState4","03226370","77","70_high_uncertain_eye_setup_high","uncertain","eye_tracking_capability_present","app_or_custom_namespace","setup_only","eye_source;weak_source_state;validity_gate","strong_eye_source_hits_2;weak_xr_or_state_hits_4;validity_or_gating_hits_16;functionality_eye_api_context_without_clear_sink_hits_2","C:\realDesktop\manifest-evaluations\summer-26\ghidra-pipeline\il2cpp-files\vrfs\general-structure-results\70_high_uncertain_eye_setup_high\03226370_OVRPlugin$$GetBodyState4.c"
"OVRPlugin$$GetMesh","03228bc8","75","70_high_uncertain_eye_setup_high","uncertain","eye_tracking_capability_present","app_or_custom_namespace","setup_only","eye_source;weak_source_state;validity_gate","strong_eye_source_hits_2;weak_xr_or_state_hits_2;validity_or_gating_hits_21;functionality_eye_api_context_without_clear_sink_hits_2","C:\realDesktop\manifest-evaluations\summer-26\ghidra-pipeline\il2cpp-files\vrfs\general-structure-results\70_high_uncertain_eye_setup_high\03228bc8_OVRPlugin$$GetMesh.c"
"OVRPlugin$$StartKeyboardTracking","03228da4","81","70_high_uncertain_eye_setup_high","uncertain","eye_tracking_capability_present","app_or_custom_namespace","setup_only","eye_source;weak_source_state;validity_gate;frame_behavior","strong_eye_source_hits_2;weak_xr_or_state_hits_2;validity_or_gating_hits_9;frame_or_lifecycle_behavior;functionality_eye_api_context_without_clear_sink_hits_2","C:\realDesktop\manifest-evaluations\summer-26\ghidra-pipeline\il2cpp-files\vrfs\general-structure-results\70_high_uncertain_eye_setup_high\03228da4_OVRPlugin$$StartKeyboardTracking.c"
"OVRPlugin$$StopKeyboardTracking","03228e6c","75","70_high_uncertain_eye_setup_high","uncertain","eye_tracking_capability_present","app_or_custom_namespace","setup_only","eye_source;weak_source_state;validity_gate","strong_eye_source_hits_2;weak_xr_or_state_hits_2;validity_or_gating_hits_10;functionality_eye_api_context_without_clear_sink_hits_2","C:\realDesktop\manifest-evaluations\summer-26\ghidra-pipeline\il2cpp-files\vrfs\general-structure-results\70_high_uncertain_eye_setup_high\03228e6c_OVRPlugin$$StopKeyboardTracking.c"
"OVRPlugin$$GetKeyboardState","03228f2c","77","70_high_uncertain_eye_setup_high","uncertain","eye_tracking_capability_present","app_or_custom_namespace","setup_only","eye_source;weak_source_state;validity_gate","strong_eye_source_hits_2;weak_xr_or_state_hits_4;validity_or_gating_hits_17;functionality_eye_api_context_without_clear_sink_hits_2","C:\realDesktop\manifest-evaluations\summer-26\ghidra-pipeline\il2cpp-files\vrfs\general-structure-results\70_high_uncertain_eye_setup_high\03228f2c_OVRPlugin$$GetKeyboardState.c"
"OVRPlugin$$GetSystemKeyboardDescription","0322901c","75","70_high_uncertain_eye_setup_high","uncertain","eye_tracking_capability_present","app_or_custom_namespace","setup_only","eye_source;weak_source_state;validity_gate","strong_eye_source_hits_2;weak_xr_or_state_hits_2;validity_or_gating_hits_15;functionality_eye_api_context_without_clear_sink_hits_2","C:\realDesktop\manifest-evaluations\summer-26\ghidra-pipeline\il2cpp-files\vrfs\general-structure-results\70_high_uncertain_eye_setup_high\0322901c_OVRPlugin$$GetSystemKeyboardDescription.c"
"OVRPlugin$$SetVirtualKeyboardModelVisibility","0322a1d8","75","70_high_uncertain_eye_setup_high","uncertain","eye_tracking_capability_present","app_or_custom_namespace","setup_only","eye_source;weak_source_state;validity_gate","strong_eye_source_hits_2;weak_xr_or_state_hits_2;validity_or_gating_hits_6;functionality_eye_api_context_without_clear_sink_hits_2","C:\realDesktop\manifest-evaluations\summer-26\ghidra-pipeline\il2cpp-files\vrfs\general-structure-results\70_high_uncertain_eye_setup_high\0322a1d8_OVRPlugin$$SetVirtualKeyboardModelVisibility.c"
"OVRPlugin$$get_faceTrackingEnabled","0322a29c","77","70_high_uncertain_gaze_or_xr_structure_high","uncertain","eye_tracking_capability_present","app_or_custom_namespace","gaze_retrieval","eye_source;weak_source_state;validity_gate","strong_eye_source_hits_2;weak_xr_or_state_hits_6;validity_or_gating_hits_9;functionality_gaze_retrieval_or_extraction","C:\realDesktop\manifest-evaluations\summer-26\ghidra-pipeline\il2cpp-files\vrfs\general-structure-results\70_high_uncertain_gaze_or_xr_structure_high\0322a29c_OVRPlugin$$get_faceTrackingEnabled.c"
"OVRPlugin$$get_faceTrackingSupported","0322a36c","74","70_high_uncertain_eye_setup_high","uncertain","eye_tracking_capability_present","app_or_custom_namespace","setup_only","eye_source;weak_source_state;validity_gate","strong_eye_source_hits_2;weak_xr_or_state_hits_6;validity_or_gating_hits_3;functionality_eye_api_context_without_clear_sink_hits_2","C:\realDesktop\manifest-evaluations\summer-26\ghidra-pipeline\il2cpp-files\vrfs\general-structure-results\70_high_uncertain_eye_setup_high\0322a36c_OVRPlugin$$get_faceTrackingSupported.c"
"OVRPlugin$$GetFaceState","0322a9d8","77","70_high_uncertain_eye_setup_high","uncertain","eye_tracking_capability_present","app_or_custom_namespace","setup_only","eye_source;weak_source_state;validity_gate","strong_eye_source_hits_2;weak_xr_or_state_hits_4;validity_or_gating_hits_21;functionality_eye_api_context_without_clear_sink_hits_2","C:\realDesktop\manifest-evaluations\summer-26\ghidra-pipeline\il2cpp-files\vrfs\general-structure-results\70_high_uncertain_eye_setup_high\0322a9d8_OVRPlugin$$GetFaceState.c"
"OVRPlugin$$GetFaceState2","0322aae4","77","70_high_uncertain_eye_setup_high","uncertain","eye_tracking_capability_present","app_or_custom_namespace","setup_only","eye_source;weak_source_state;validity_gate","strong_eye_source_hits_2;weak_xr_or_state_hits_4;validity_or_gating_hits_21;functionality_eye_api_context_without_clear_sink_hits_2","C:\realDesktop\manifest-evaluations\summer-26\ghidra-pipeline\il2cpp-files\vrfs\general-structure-results\70_high_uncertain_eye_setup_high\0322aae4_OVRPlugin$$GetFaceState2.c"
"OVRPlugin$$get_eyeTrackingEnabled","0322b148","103","90_plus_attempted_eye_tracking_permission_or_feature_near_certain","yes","eye_tracking_attempted_permission_or_feature","app_or_custom_namespace","gaze_retrieval;attempted_eye_tracking_use","eye_source;weak_source_state;validity_gate;attempted_use","strong_eye_source_hits_4;weak_xr_or_state_hits_6;validity_or_gating_hits_21;attempted_eye_tracking_permission_or_feature_enable;functionality_gaze_retrieval_or_extraction","C:\realDesktop\manifest-evaluations\summer-26\ghidra-pipeline\il2cpp-files\vrfs\general-structure-results\90_plus_attempted_eye_tracking_permission_or_feature_near_certain\0322b148_OVRPlugin$$get_eyeTrackingEnabled.c"
"OVRPlugin$$get_eyeTrackingSupported","0322b218","89","70_high_uncertain_eye_setup_high","uncertain","eye_tracking_capability_present","app_or_custom_namespace","setup_only","eye_source;weak_source_state;validity_gate","strong_eye_source_hits_4;weak_xr_or_state_hits_6;validity_or_gating_hits_21;functionality_eye_api_context_without_clear_sink_hits_4","C:\realDesktop\manifest-evaluations\summer-26\ghidra-pipeline\il2cpp-files\vrfs\general-structure-results\70_high_uncertain_eye_setup_high\0322b218_OVRPlugin$$get_eyeTrackingSupported.c"
"OVRPlugin$$GetEyeGazesState","0322b2e8","103","90_plus_attempted_eye_tracking_permission_or_feature_near_certain","yes","eye_tracking_attempted_permission_or_feature","app_or_custom_namespace","gaze_retrieval;attempted_eye_tracking_use","eye_source;weak_source_state;validity_gate;attempted_use","strong_eye_source_hits_6;weak_xr_or_state_hits_4;validity_or_gating_hits_20;attempted_eye_tracking_permission_or_feature_enable;functionality_gaze_retrieval_or_extraction","C:\realDesktop\manifest-evaluations\summer-26\ghidra-pipeline\il2cpp-files\vrfs\general-structure-results\90_plus_attempted_eye_tracking_permission_or_feature_near_certain\0322b2e8_OVRPlugin$$GetEyeGazesState.c"
"OVRPlugin$$StartEyeTracking","0322b570","107","90_plus_attempted_eye_tracking_permission_or_feature_near_certain","yes","eye_tracking_attempted_permission_or_feature","app_or_custom_namespace","permission_setup;attempted_eye_tracking_use","eye_source;weak_source_state;validity_gate;frame_behavior;attempted_use","strong_eye_source_hits_4;weak_xr_or_state_hits_2;validity_or_gating_hits_16;frame_or_lifecycle_behavior;attempted_eye_tracking_permission_or_feature_enable;functionality_permission_setup","C:\realDesktop\manifest-evaluations\summer-26\ghidra-pipeline\il2cpp-files\vrfs\general-structure-results\90_plus_attempted_eye_tracking_permission_or_feature_near_certain\0322b570_OVRPlugin$$StartEyeTracking.c"
"OVRPlugin$$StopEyeTracking","0322b630","101","90_plus_attempted_eye_tracking_permission_or_feature_near_certain","yes","eye_tracking_attempted_permission_or_feature","app_or_custom_namespace","permission_setup;attempted_eye_tracking_use","eye_source;weak_source_state;validity_gate;attempted_use","strong_eye_source_hits_4;weak_xr_or_state_hits_2;validity_or_gating_hits_13;attempted_eye_tracking_permission_or_feature_enable;functionality_permission_setup","C:\realDesktop\manifest-evaluations\summer-26\ghidra-pipeline\il2cpp-files\vrfs\general-structure-results\90_plus_attempted_eye_tracking_permission_or_feature_near_certain\0322b630_OVRPlugin$$StopEyeTracking.c"
"OVRPlugin$$StartFaceTracking","0322b6f0","81","70_high_uncertain_eye_setup_high","uncertain","eye_tracking_capability_present","app_or_custom_namespace","setup_only","eye_source;weak_source_state;validity_gate;frame_behavior","strong_eye_source_hits_2;weak_xr_or_state_hits_2;validity_or_gating_hits_11;frame_or_lifecycle_behavior;functionality_eye_api_context_without_clear_sink_hits_2","C:\realDesktop\manifest-evaluations\summer-26\ghidra-pipeline\il2cpp-files\vrfs\general-structure-results\70_high_uncertain_eye_setup_high\0322b6f0_OVRPlugin$$StartFaceTracking.c"
"OVRPlugin$$StopFaceTracking","0322b7b0","75","70_high_uncertain_eye_setup_high","uncertain","eye_tracking_capability_present","app_or_custom_namespace","setup_only","eye_source;weak_source_state;validity_gate","strong_eye_source_hits_2;weak_xr_or_state_hits_2;validity_or_gating_hits_11;functionality_eye_api_context_without_clear_sink_hits_2","C:\realDesktop\manifest-evaluations\summer-26\ghidra-pipeline\il2cpp-files\vrfs\general-structure-results\70_high_uncertain_eye_setup_high\0322b7b0_OVRPlugin$$StopFaceTracking.c"
"OVRPlugin$$get_faceTracking2Enabled","0322b870","77","70_high_uncertain_eye_setup_high","uncertain","eye_tracking_capability_present","app_or_custom_namespace","setup_only","eye_source;weak_source_state;validity_gate","strong_eye_source_hits_2;weak_xr_or_state_hits_6;validity_or_gating_hits_13;functionality_eye_api_context_without_clear_sink_hits_2","C:\realDesktop\manifest-evaluations\summer-26\ghidra-pipeline\il2cpp-files\vrfs\general-structure-results\70_high_uncertain_eye_setup_high\0322b870_OVRPlugin$$get_faceTracking2Enabled.c"
"OVRPlugin$$get_faceTracking2Supported","0322b940","77","70_high_uncertain_eye_setup_high","uncertain","eye_tracking_capability_present","app_or_custom_namespace","setup_only","eye_source;weak_source_state;validity_gate","strong_eye_source_hits_2;weak_xr_or_state_hits_6;validity_or_gating_hits_6;functionality_eye_api_context_without_clear_sink_hits_2","C:\realDesktop\manifest-evaluations\summer-26\ghidra-pipeline\il2cpp-files\vrfs\general-structure-results\70_high_uncertain_eye_setup_high\0322b940_OVRPlugin$$get_faceTracking2Supported.c"
"OVRPlugin$$RequestBodyTrackingFidelity","0322bdf0","85","70_high_uncertain_gaze_or_xr_structure_high","uncertain","eye_tracking_capability_present","app_or_custom_namespace","data_collection_or_telemetry","eye_source;weak_source_state;telemetry","strong_eye_source_hits_2;weak_xr_or_state_hits_2;telemetry_or_network_hits_2;functionality_data_collection_or_telemetry_hits_2","C:\realDesktop\manifest-evaluations\summer-26\ghidra-pipeline\il2cpp-files\vrfs\general-structure-results\70_high_uncertain_gaze_or_xr_structure_high\0322bdf0_OVRPlugin$$RequestBodyTrackingFidelity.c"
"OVRPlugin$$ResetBodyTrackingCalibration","0322bf88","93","90_plus_uncertain_gaze_interaction_near_certain","uncertain","eye_tracking_capability_present","app_or_custom_namespace","gaze_interaction","eye_source;weak_source_state;pose_vector;ray_interaction","strong_eye_source_hits_2;weak_xr_or_state_hits_2;strong_pose_or_ray_construction_hits_2;ray_or_cast_sink_hits_2;functionality_gaze_interaction_hits_2","C:\realDesktop\manifest-evaluations\summer-26\ghidra-pipeline\il2cpp-files\vrfs\general-structure-results\90_plus_uncertain_gaze_interaction_near_certain\0322bf88_OVRPlugin$$ResetBodyTrackingCalibration.c"
"OVRPlugin$$StopBodyTracking","0322c048","93","90_plus_uncertain_gaze_interaction_near_certain","uncertain","eye_tracking_capability_present","app_or_custom_namespace","gaze_interaction","eye_source;weak_source_state;pose_vector;ray_interaction","strong_eye_source_hits_2;weak_xr_or_state_hits_2;strong_pose_or_ray_construction_hits_2;ray_or_cast_sink_hits_2;functionality_gaze_interaction_hits_2","C:\realDesktop\manifest-evaluations\summer-26\ghidra-pipeline\il2cpp-files\vrfs\general-structure-results\90_plus_uncertain_gaze_interaction_near_certain\0322c048_OVRPlugin$$StopBodyTracking.c"
"OVRPlugin$$GetNativeOpenXRSession","0322c874","87","70_high_uncertain_gaze_or_xr_structure_high","uncertain","eye_tracking_capability_present","app_or_custom_namespace","data_collection_or_telemetry","eye_source;weak_source_state;telemetry","strong_eye_source_hits_2;weak_xr_or_state_hits_4;telemetry_or_network_hits_2;functionality_data_collection_or_telemetry_hits_2","C:\realDesktop\manifest-evaluations\summer-26\ghidra-pipeline\il2cpp-files\vrfs\general-structure-results\70_high_uncertain_gaze_or_xr_structure_high\0322c874_OVRPlugin$$GetNativeOpenXRSession.c"
"OVRPlugin$$SetSpaceComponentStatus","0322cb04","83","70_high_uncertain_eye_setup_high","uncertain","eye_tracking_capability_present","app_or_custom_namespace","setup_only","eye_source;weak_source_state;validity_gate;ui_interaction","strong_eye_source_hits_2;weak_xr_or_state_hits_2;validity_or_gating_hits_2;ui_or_gameplay_sink_hits_2;functionality_eye_api_context_without_clear_sink_hits_2","C:\realDesktop\manifest-evaluations\summer-26\ghidra-pipeline\il2cpp-files\vrfs\general-structure-results\70_high_uncertain_eye_setup_high\0322cb04_OVRPlugin$$SetSpaceComponentStatus.c"
"OVRPlugin$$GetSpaceComponentStatus","0322cc24","80","70_high_uncertain_eye_setup_high","uncertain","eye_tracking_capability_present","app_or_custom_namespace","setup_only","eye_source;weak_source_state;validity_gate;ui_interaction","strong_eye_source_hits_2;weak_xr_or_state_hits_2;validity_or_gating_hits_1;ui_or_gameplay_sink_hits_2;functionality_eye_api_context_without_clear_sink_hits_2","C:\realDesktop\manifest-evaluations\summer-26\ghidra-pipeline\il2cpp-files\vrfs\general-structure-results\70_high_uncertain_eye_setup_high\0322cc24_OVRPlugin$$GetSpaceComponentStatus.c"
"OVRPlugin$$EnumerateSpaceSupportedComponents","0322cdc0","214","90_plus_uncertain_gaze_interaction_near_certain","uncertain","eye_tracking_capability_present","app_or_custom_namespace","gaze_interaction","eye_source;weak_source_state;validity_gate;pose_vector;paired_state_refs;ray_interaction;structure_combo;ordered_structure","strong_eye_source_hits_2;weak_xr_or_state_hits_4;validity_or_gating_hits_21;strong_pose_or_ray_construction_hits_4;paired_field_refs_with_eye_source;ray_or_cast_sink_hits_4;source_validity_pose_sink_structure;strong_eye_source_validity_pose_sink_structure;ordered_eye_source_validity_pose_interaction_sink;functionality_gaze_interaction_hits_4","C:\realDesktop\manifest-evaluations\summer-26\ghidra-pipeline\il2cpp-files\vrfs\general-structure-results\90_plus_uncertain_gaze_interaction_near_certain\0322cdc0_OVRPlugin$$EnumerateSpaceSupportedComponents.c"
"OVRPlugin$$EnumerateSpaceSupportedComponents","0322ceb0","214","90_plus_uncertain_gaze_interaction_near_certain","uncertain","eye_tracking_capability_present","app_or_custom_namespace","gaze_interaction","eye_source;weak_source_state;validity_gate;pose_vector;paired_state_refs;ray_interaction;structure_combo;ordered_structure","strong_eye_source_hits_2;weak_xr_or_state_hits_4;validity_or_gating_hits_21;strong_pose_or_ray_construction_hits_4;paired_field_refs_with_eye_source;ray_or_cast_sink_hits_4;source_validity_pose_sink_structure;strong_eye_source_validity_pose_sink_structure;ordered_eye_source_validity_pose_interaction_sink;functionality_gaze_interaction_hits_4","C:\realDesktop\manifest-evaluations\summer-26\ghidra-pipeline\il2cpp-files\vrfs\general-structure-results\90_plus_uncertain_gaze_interaction_near_certain\0322ceb0_OVRPlugin$$EnumerateSpaceSupportedComponents.c"
"OVRPlugin$$SaveSpace","0322cf9c","200","90_plus_uncertain_gaze_interaction_near_certain","uncertain","eye_tracking_capability_present","app_or_custom_namespace","gaze_interaction","eye_source;weak_source_state;validity_gate;pose_vector;ray_interaction;structure_combo;ordered_structure","strong_eye_source_hits_2;weak_xr_or_state_hits_2;validity_or_gating_hits_21;strong_pose_or_ray_construction_hits_4;ray_or_cast_sink_hits_4;source_validity_pose_sink_structure;strong_eye_source_validity_pose_sink_structure;ordered_eye_source_validity_pose_interaction_sink;functionality_gaze_interaction_hits_4","C:\realDesktop\manifest-evaluations\summer-26\ghidra-pipeline\il2cpp-files\vrfs\general-structure-results\90_plus_uncertain_gaze_interaction_near_certain\0322cf9c_OVRPlugin$$SaveSpace.c"
"OVRPlugin$$EraseSpace","0322d090","200","90_plus_uncertain_gaze_interaction_near_certain","uncertain","eye_tracking_capability_present","app_or_custom_namespace","gaze_interaction","eye_source;weak_source_state;validity_gate;pose_vector;ray_interaction;structure_combo;ordered_structure","strong_eye_source_hits_2;weak_xr_or_state_hits_2;validity_or_gating_hits_21;strong_pose_or_ray_construction_hits_4;ray_or_cast_sink_hits_4;source_validity_pose_sink_structure;strong_eye_source_validity_pose_sink_structure;ordered_eye_source_validity_pose_interaction_sink;functionality_gaze_interaction_hits_4","C:\realDesktop\manifest-evaluations\summer-26\ghidra-pipeline\il2cpp-files\vrfs\general-structure-results\90_plus_uncertain_gaze_interaction_near_certain\0322d090_OVRPlugin$$EraseSpace.c"
"OVRPlugin$$EraseSpaceWithResult","0322d108","200","90_plus_uncertain_gaze_interaction_near_certain","uncertain","eye_tracking_capability_present","app_or_custom_namespace","gaze_interaction","eye_source;weak_source_state;validity_gate;pose_vector;ray_interaction;structure_combo;ordered_structure","strong_eye_source_hits_2;weak_xr_or_state_hits_2;validity_or_gating_hits_21;strong_pose_or_ray_construction_hits_4;ray_or_cast_sink_hits_4;source_validity_pose_sink_structure;strong_eye_source_validity_pose_sink_structure;ordered_eye_source_validity_pose_interaction_sink;functionality_gaze_interaction_hits_4","C:\realDesktop\manifest-evaluations\summer-26\ghidra-pipeline\il2cpp-files\vrfs\general-structure-results\90_plus_uncertain_gaze_interaction_near_certain\0322d108_OVRPlugin$$EraseSpaceWithResult.c"
"OVRPlugin$$GetSpaceUuid","0322d1e4","200","90_plus_uncertain_gaze_interaction_near_certain","uncertain","eye_tracking_capability_present","app_or_custom_namespace","gaze_interaction","eye_source;weak_source_state;validity_gate;pose_vector;ray_interaction;structure_combo;ordered_structure","strong_eye_source_hits_2;weak_xr_or_state_hits_2;validity_or_gating_hits_21;strong_pose_or_ray_construction_hits_4;ray_or_cast_sink_hits_4;source_validity_pose_sink_structure;strong_eye_source_validity_pose_sink_structure;ordered_eye_source_validity_pose_interaction_sink;functionality_gaze_interaction_hits_4","C:\realDesktop\manifest-evaluations\summer-26\ghidra-pipeline\il2cpp-files\vrfs\general-structure-results\90_plus_uncertain_gaze_interaction_near_certain\0322d1e4_OVRPlugin$$GetSpaceUuid.c"
"OVRPlugin$$QuerySpaces","0322d2c0","170","90_plus_uncertain_gaze_interaction_near_certain","uncertain","eye_tracking_capability_present","app_or_custom_namespace","gaze_interaction","eye_source;weak_source_state;validity_gate;pose_vector;ray_interaction;structure_combo","strong_eye_source_hits_2;weak_xr_or_state_hits_2;validity_or_gating_hits_21;strong_pose_or_ray_construction_hits_4;ray_or_cast_sink_hits_4;source_validity_pose_sink_structure;strong_eye_source_validity_pose_sink_structure;functionality_gaze_interaction_hits_4","C:\realDesktop\manifest-evaluations\summer-26\ghidra-pipeline\il2cpp-files\vrfs\general-structure-results\90_plus_uncertain_gaze_interaction_near_certain\0322d2c0_OVRPlugin$$QuerySpaces.c"
"OVRPlugin$$QuerySpacesWithResult","0322d360","200","90_plus_uncertain_gaze_interaction_near_certain","uncertain","eye_tracking_capability_present","app_or_custom_namespace","gaze_interaction","eye_source;weak_source_state;validity_gate;pose_vector;ray_interaction;structure_combo;ordered_structure","strong_eye_source_hits_2;weak_xr_or_state_hits_2;validity_or_gating_hits_21;strong_pose_or_ray_construction_hits_4;ray_or_cast_sink_hits_4;source_validity_pose_sink_structure;strong_eye_source_validity_pose_sink_structure;ordered_eye_source_validity_pose_interaction_sink;functionality_gaze_interaction_hits_4","C:\realDesktop\manifest-evaluations\summer-26\ghidra-pipeline\il2cpp-files\vrfs\general-structure-results\90_plus_uncertain_gaze_interaction_near_certain\0322d360_OVRPlugin$$QuerySpacesWithResult.c"
"OVRPlugin$$RetrieveSpaceQueryResults","0322d57c","200","90_plus_uncertain_gaze_interaction_near_certain","uncertain","eye_tracking_capability_present","app_or_custom_namespace","gaze_interaction","eye_source;weak_source_state;validity_gate;pose_vector;ray_interaction;structure_combo;ordered_structure","strong_eye_source_hits_2;weak_xr_or_state_hits_2;validity_or_gating_hits_21;strong_pose_or_ray_construction_hits_4;ray_or_cast_sink_hits_4;source_validity_pose_sink_structure;strong_eye_source_validity_pose_sink_structure;ordered_eye_source_validity_pose_interaction_sink;functionality_gaze_interaction_hits_4","C:\realDesktop\manifest-evaluations\summer-26\ghidra-pipeline\il2cpp-files\vrfs\general-structure-results\90_plus_uncertain_gaze_interaction_near_certain\0322d57c_OVRPlugin$$RetrieveSpaceQueryResults.c"
"OVRPlugin$$RetrieveSpaceQueryResults","0322d730","75","70_high_uncertain_eye_setup_high","uncertain","eye_tracking_capability_present","app_or_custom_namespace","setup_only","eye_source;weak_source_state;validity_gate","strong_eye_source_hits_2;weak_xr_or_state_hits_2;validity_or_gating_hits_14;functionality_eye_api_context_without_clear_sink_hits_2","C:\realDesktop\manifest-evaluations\summer-26\ghidra-pipeline\il2cpp-files\vrfs\general-structure-results\70_high_uncertain_eye_setup_high\0322d730_OVRPlugin$$RetrieveSpaceQueryResults.c"
"OVRPlugin$$TryLocateSpace","0322e370","78","70_high_uncertain_eye_setup_high","uncertain","eye_tracking_capability_present","app_or_custom_namespace","setup_only","eye_source;weak_source_state;validity_gate;paired_state_refs","strong_eye_source_hits_2;weak_xr_or_state_hits_2;validity_or_gating_hits_1;paired_field_refs_with_eye_source;functionality_eye_api_context_without_clear_sink_hits_2","C:\realDesktop\manifest-evaluations\summer-26\ghidra-pipeline\il2cpp-files\vrfs\general-structure-results\70_high_uncertain_eye_setup_high\0322e370_OVRPlugin$$TryLocateSpace.c"
"OVRPlugin$$GetSpaceContainer","0322e5a0","78","70_high_uncertain_eye_setup_high","uncertain","eye_tracking_capability_present","app_or_custom_namespace","setup_only","eye_source;weak_source_state;validity_gate;paired_state_refs","strong_eye_source_hits_2;weak_xr_or_state_hits_2;validity_or_gating_hits_1;paired_field_refs_with_eye_source;functionality_eye_api_context_without_clear_sink_hits_2","C:\realDesktop\manifest-evaluations\summer-26\ghidra-pipeline\il2cpp-files\vrfs\general-structure-results\70_high_uncertain_eye_setup_high\0322e5a0_OVRPlugin$$GetSpaceContainer.c"
"OVRPlugin$$GetSpaceBoundingBox2D","0322e824","87","70_high_uncertain_eye_setup_high","uncertain","eye_tracking_capability_present","app_or_custom_namespace","setup_only","eye_source;weak_source_state;validity_gate;paired_state_refs","strong_eye_source_hits_2;weak_xr_or_state_hits_2;validity_or_gating_hits_7;paired_field_refs_with_eye_source;functionality_eye_api_context_without_clear_sink_hits_2","C:\realDesktop\manifest-evaluations\summer-26\ghidra-pipeline\il2cpp-files\vrfs\general-structure-results\70_high_uncertain_eye_setup_high\0322e824_OVRPlugin$$GetSpaceBoundingBox2D.c"
"OVRPlugin$$GetSpaceBoundingBox3D","0322e900","87","70_high_uncertain_eye_setup_high","uncertain","eye_tracking_capability_present","app_or_custom_namespace","setup_only","eye_source;weak_source_state;validity_gate;paired_state_refs","strong_eye_source_hits_2;weak_xr_or_state_hits_2;validity_or_gating_hits_5;paired_field_refs_with_eye_source;functionality_eye_api_context_without_clear_sink_hits_2","C:\realDesktop\manifest-evaluations\summer-26\ghidra-pipeline\il2cpp-files\vrfs\general-structure-results\70_high_uncertain_eye_setup_high\0322e900_OVRPlugin$$GetSpaceBoundingBox3D.c"
"OVRPlugin$$GetSpaceSemanticLabels","0322e9e0","75","70_high_uncertain_eye_setup_high","uncertain","eye_tracking_capability_present","app_or_custom_namespace","setup_only","eye_source;weak_source_state;validity_gate","strong_eye_source_hits_2;weak_xr_or_state_hits_2;validity_or_gating_hits_4;functionality_eye_api_context_without_clear_sink_hits_2","C:\realDesktop\manifest-evaluations\summer-26\ghidra-pipeline\il2cpp-files\vrfs\general-structure-results\70_high_uncertain_eye_setup_high\0322e9e0_OVRPlugin$$GetSpaceSemanticLabels.c"
"OVRPlugin$$GetSpaceSemanticLabelsNonAlloc","0322eaa4","72","70_high_uncertain_eye_setup_high","uncertain","eye_tracking_capability_present","app_or_custom_namespace","setup_only","eye_source;weak_source_state;validity_gate","strong_eye_source_hits_2;weak_xr_or_state_hits_2;validity_or_gating_hits_3;functionality_eye_api_context_without_clear_sink_hits_2","C:\realDesktop\manifest-evaluations\summer-26\ghidra-pipeline\il2cpp-files\vrfs\general-structure-results\70_high_uncertain_eye_setup_high\0322eaa4_OVRPlugin$$GetSpaceSemanticLabelsNonAlloc.c"
"OVRPlugin$$GetSpaceBoundary2D","0322f1f0","93","90_plus_uncertain_eye_setup_near_certain","uncertain","eye_tracking_capability_present","app_or_custom_namespace","setup_only","eye_source;weak_source_state;validity_gate;paired_state_refs;frame_behavior","strong_eye_source_hits_2;weak_xr_or_state_hits_2;validity_or_gating_hits_5;paired_field_refs_with_eye_source;frame_or_lifecycle_behavior;functionality_eye_api_context_without_clear_sink_hits_2","C:\realDesktop\manifest-evaluations\summer-26\ghidra-pipeline\il2cpp-files\vrfs\general-structure-results\90_plus_uncertain_eye_setup_near_certain\0322f1f0_OVRPlugin$$GetSpaceBoundary2D.c"
"OVRPlugin$$GetSpaceBoundary2D","0322f390","87","70_high_uncertain_eye_setup_high","uncertain","eye_tracking_capability_present","app_or_custom_namespace","setup_only","eye_source;weak_source_state;validity_gate;paired_state_refs;frame_behavior","strong_eye_source_hits_2;weak_xr_or_state_hits_2;validity_or_gating_hits_2;paired_field_refs_with_eye_source;frame_or_lifecycle_behavior;functionality_eye_api_context_without_clear_sink_hits_2","C:\realDesktop\manifest-evaluations\summer-26\ghidra-pipeline\il2cpp-files\vrfs\general-structure-results\70_high_uncertain_eye_setup_high\0322f390_OVRPlugin$$GetSpaceBoundary2D.c"
"OVRPlugin$$RequestSceneCapture","0322f6bc","85","70_high_uncertain_gaze_or_xr_structure_high","uncertain","eye_tracking_capability_present","app_or_custom_namespace","data_collection_or_telemetry","eye_source;weak_source_state;telemetry","strong_eye_source_hits_2;weak_xr_or_state_hits_2;telemetry_or_network_hits_2;functionality_data_collection_or_telemetry_hits_2","C:\realDesktop\manifest-evaluations\summer-26\ghidra-pipeline\il2cpp-files\vrfs\general-structure-results\70_high_uncertain_gaze_or_xr_structure_high\0322f6bc_OVRPlugin$$RequestSceneCapture.c"
"FUN_032302cc","032302cc","79","70_high_uncertain_eye_setup_high","uncertain","eye_tracking_capability_present","app_or_custom_namespace","setup_only","eye_source;weak_source_state;validity_gate;paired_state_refs","strong_eye_source_hits_1;weak_xr_or_state_hits_1;validity_or_gating_hits_15;paired_field_refs_with_eye_source;functionality_eye_api_context_without_clear_sink_hits_1","C:\realDesktop\manifest-evaluations\summer-26\ghidra-pipeline\il2cpp-files\vrfs\general-structure-results\70_high_uncertain_eye_setup_high\032302cc_FUN_032302cc.c"
"OVRPlugin$$DiscoverSpaces","03230344","95","90_plus_uncertain_eye_setup_near_certain","uncertain","eye_tracking_capability_present","app_or_custom_namespace","setup_only","eye_source;weak_source_state;validity_gate;paired_state_refs","strong_eye_source_hits_3;weak_xr_or_state_hits_3;validity_or_gating_hits_15;paired_field_refs_with_eye_source;functionality_eye_api_context_without_clear_sink_hits_3","C:\realDesktop\manifest-evaluations\summer-26\ghidra-pipeline\il2cpp-files\vrfs\general-structure-results\90_plus_uncertain_eye_setup_near_certain\03230344_OVRPlugin$$DiscoverSpaces.c"
"OVRPlugin$$RetrieveSpaceDiscoveryResults","03230420","95","90_plus_uncertain_eye_setup_near_certain","uncertain","eye_tracking_capability_present","app_or_custom_namespace","setup_only","eye_source;weak_source_state;validity_gate;paired_state_refs","strong_eye_source_hits_3;weak_xr_or_state_hits_3;validity_or_gating_hits_13;paired_field_refs_with_eye_source;functionality_eye_api_context_without_clear_sink_hits_3","C:\realDesktop\manifest-evaluations\summer-26\ghidra-pipeline\il2cpp-files\vrfs\general-structure-results\90_plus_uncertain_eye_setup_near_certain\03230420_OVRPlugin$$RetrieveSpaceDiscoveryResults.c"
"OVRPlugin$$SaveSpaces","03230520","95","90_plus_uncertain_eye_setup_near_certain","uncertain","eye_tracking_capability_present","app_or_custom_namespace","setup_only","eye_source;weak_source_state;validity_gate;paired_state_refs","strong_eye_source_hits_3;weak_xr_or_state_hits_3;validity_or_gating_hits_9;paired_field_refs_with_eye_source;functionality_eye_api_context_without_clear_sink_hits_3","C:\realDesktop\manifest-evaluations\summer-26\ghidra-pipeline\il2cpp-files\vrfs\general-structure-results\90_plus_uncertain_eye_setup_near_certain\03230520_OVRPlugin$$SaveSpaces.c"
"OVRPlugin$$RequestBoundaryVisibility","03230704","101","90_plus_uncertain_gaze_or_xr_structure_near_certain","uncertain","eye_tracking_capability_present","app_or_custom_namespace","data_collection_or_telemetry","eye_source;weak_source_state;validity_gate;telemetry","strong_eye_source_hits_2;weak_xr_or_state_hits_2;validity_or_gating_hits_2;telemetry_or_network_hits_2;functionality_data_collection_or_telemetry_hits_2","C:\realDesktop\manifest-evaluations\summer-26\ghidra-pipeline\il2cpp-files\vrfs\general-structure-results\90_plus_uncertain_gaze_or_xr_structure_near_certain\03230704_OVRPlugin$$RequestBoundaryVisibility.c"
"OVRPlugin$$SetDeveloperTelemetryConsent","03230ad8","101","90_plus_uncertain_gaze_or_xr_structure_near_certain","uncertain","eye_tracking_capability_present","app_or_custom_namespace","data_collection_or_telemetry","eye_source;weak_source_state;validity_gate;telemetry","strong_eye_source_hits_2;weak_xr_or_state_hits_2;validity_or_gating_hits_2;telemetry_or_network_hits_2;functionality_data_collection_or_telemetry_hits_2","C:\realDesktop\manifest-evaluations\summer-26\ghidra-pipeline\il2cpp-files\vrfs\general-structure-results\90_plus_uncertain_gaze_or_xr_structure_near_certain\03230ad8_OVRPlugin$$SetDeveloperTelemetryConsent.c"
"Meta.XR.Acoustics.MaterialData$$Clone","03281f2c","71","70_high_uncertain_eye_setup_high","uncertain","eye_tracking_capability_present","app_or_custom_namespace","setup_only","eye_source;validity_gate;ui_interaction","strong_eye_source_hits_1;validity_or_gating_hits_3;ui_or_gameplay_sink_hits_2;functionality_eye_api_context_without_clear_sink_hits_1","C:\realDesktop\manifest-evaluations\summer-26\ghidra-pipeline\il2cpp-files\vrfs\general-structure-results\70_high_uncertain_eye_setup_high\03281f2c_Meta.XR.Acoustics.MaterialData$$Clone.c"
"FUN_033735b4","033735b4","92","90_plus_uncertain_eye_setup_near_certain","uncertain","eye_tracking_capability_present","app_or_custom_namespace","setup_only","eye_source;weak_source_state;validity_gate;frame_behavior","strong_eye_source_hits_4;weak_xr_or_state_hits_4;validity_or_gating_hits_3;frame_or_lifecycle_behavior;functionality_eye_api_context_without_clear_sink_hits_4","C:\realDesktop\manifest-evaluations\summer-26\ghidra-pipeline\il2cpp-files\vrfs\general-structure-results\90_plus_uncertain_eye_setup_near_certain\033735b4_FUN_033735b4.c"
"System.Collections.Generic.Dictionary<UInt32Enum,-object>$$get_Item","03373634","75","70_high_framework_support_only_high","uncertain","framework_support_only","framework_or_engine_namespace","setup_only","eye_source;weak_source_state;validity_gate;frame_behavior","strong_eye_source_hits_4;weak_xr_or_state_hits_4;validity_or_gating_hits_15;frame_or_lifecycle_behavior;negative_framework_support_context_without_confirmed_app_level_gaze_flow;functionality_eye_api_context_without_clear_sink_hits_4","C:\realDesktop\manifest-evaluations\summer-26\ghidra-pipeline\il2cpp-files\vrfs\general-structure-results\70_high_framework_support_only_high\03373634_System.Collections.Generic.Dictionary_UInt32Enum_-object_$$get_Item.c"
"Unity.Collections.NativeArray.Enumerator<OVRPlugin.Qpl.Annotation>$$Reset","034046ac","75","70_high_framework_support_only_high","uncertain","framework_support_only","framework_or_engine_namespace","setup_only","eye_source;weak_source_state;validity_gate;pose_vector","strong_eye_source_hits_2;weak_xr_or_state_hits_2;validity_or_gating_hits_8;strong_pose_or_ray_construction_hits_2;negative_framework_support_context_without_confirmed_app_level_gaze_flow;functionality_eye_api_context_without_clear_sink_hits_2","C:\realDesktop\manifest-evaluations\summer-26\ghidra-pipeline\il2cpp-files\vrfs\general-structure-results\70_high_framework_support_only_high\034046ac_Unity.Collections.NativeArray.Enumerator_OVRPlugin.Qpl.Annotation_$$Reset.c"
"Unity.Collections.NativeArray.Enumerator<OVRPlugin.Qpl.Annotation>$$get_Current","034046b8","75","70_high_framework_support_only_high","uncertain","framework_support_only","framework_or_engine_namespace","setup_only","eye_source;weak_source_state;validity_gate;pose_vector","strong_eye_source_hits_2;weak_xr_or_state_hits_2;validity_or_gating_hits_8;strong_pose_or_ray_construction_hits_2;negative_framework_support_context_without_confirmed_app_level_gaze_flow;functionality_eye_api_context_without_clear_sink_hits_2","C:\realDesktop\manifest-evaluations\summer-26\ghidra-pipeline\il2cpp-files\vrfs\general-structure-results\70_high_framework_support_only_high\034046b8_Unity.Collections.NativeArray.Enumerator_OVRPlugin.Qpl.Annotation_$$get_Current.c"
"Unity.Collections.NativeArray.Enumerator<OVRPlugin.Qpl.Annotation>$$System.Collections.IEnumerator.get_Current","034046cc","75","70_high_framework_support_only_high","uncertain","framework_support_only","framework_or_engine_namespace","setup_only","eye_source;weak_source_state;validity_gate;pose_vector","strong_eye_source_hits_2;weak_xr_or_state_hits_2;validity_or_gating_hits_8;strong_pose_or_ray_construction_hits_2;negative_framework_support_context_without_confirmed_app_level_gaze_flow;functionality_eye_api_context_without_clear_sink_hits_2","C:\realDesktop\manifest-evaluations\summer-26\ghidra-pipeline\il2cpp-files\vrfs\general-structure-results\70_high_framework_support_only_high\034046cc_Unity.Collections.NativeArray.Enumerator_OVRPlugin.Qpl.Annotation_$$System.Collections.IEnumerator.get_Current.c"
"Unity.Collections.NativeArray.ReadOnly.Enumerator<OVRPlugin.Qpl.Annotation>$$.ctor","03404768","72","70_high_framework_support_only_high","uncertain","framework_support_only","framework_or_engine_namespace","setup_only","eye_source;weak_source_state;validity_gate;pose_vector","strong_eye_source_hits_2;weak_xr_or_state_hits_2;validity_or_gating_hits_3;strong_pose_or_ray_construction_hits_2;negative_framework_support_context_without_confirmed_app_level_gaze_flow;functionality_eye_api_context_without_clear_sink_hits_2","C:\realDesktop\manifest-evaluations\summer-26\ghidra-pipeline\il2cpp-files\vrfs\general-structure-results\70_high_framework_support_only_high\03404768_Unity.Collections.NativeArray.ReadOnly.Enumerator_OVRPlugin.Qpl.Annotation_$$.ctor.c"
"Unity.Collections.NativeArray.ReadOnly.Enumerator<OVRPlugin.Qpl.Annotation>$$System.Collections.IEnumerator.get_Current","03404894","72","70_high_framework_support_only_high","uncertain","framework_support_only","framework_or_engine_namespace","setup_only","eye_source;weak_source_state;validity_gate;pose_vector","strong_eye_source_hits_2;weak_xr_or_state_hits_2;validity_or_gating_hits_3;strong_pose_or_ray_construction_hits_2;negative_framework_support_context_without_confirmed_app_level_gaze_flow;functionality_eye_api_context_without_clear_sink_hits_2","C:\realDesktop\manifest-evaluations\summer-26\ghidra-pipeline\il2cpp-files\vrfs\general-structure-results\70_high_framework_support_only_high\03404894_Unity.Collections.NativeArray.ReadOnly.Enumerator_OVRPlugin.Qpl.Annotation_$$System.Collections.IEnumerator.get_Current.c"
"System.Array$$InternalArray__get_Item<OVRPlugin.EyeGazeState>","03531c7c","146","90_plus_confirmed_gaze_retrieval_near_certain","yes","active_eye_tracking_runtime_retrieval","framework_or_engine_namespace","gaze_retrieval","eye_source;weak_source_state;validity_gate;pose_vector;attempted_use;active_gaze_retrieval","strong_eye_source_hits_4;weak_xr_or_state_hits_2;validity_or_gating_hits_1;strong_pose_or_ray_construction_hits_2;attempted_eye_tracking_permission_or_feature_enable;active_gaze_state_retrieval_with_validity_and_pose;functionality_gaze_retrieval_or_extraction","C:\realDesktop\manifest-evaluations\summer-26\ghidra-pipeline\il2cpp-files\vrfs\general-structure-results\90_plus_confirmed_gaze_retrieval_near_certain\03531c7c_System.Array$$InternalArray__get_Item_OVRPlugin.EyeGazeState_.c"
"System.Array$$InternalArray__get_Item<OVRPlugin.SpaceDiscoveryResult>","03531de0","86","70_high_framework_support_only_high","uncertain","framework_support_only","framework_namespace_with_project_hint","setup_only","eye_source;weak_source_state;validity_gate;pose_vector","strong_eye_source_hits_2;weak_xr_or_state_hits_2;validity_or_gating_hits_1;strong_pose_or_ray_construction_hits_2;functionality_eye_api_context_without_clear_sink_hits_2","C:\realDesktop\manifest-evaluations\summer-26\ghidra-pipeline\il2cpp-files\vrfs\general-structure-results\70_high_framework_support_only_high\03531de0_System.Array$$InternalArray__get_Item_OVRPlugin.SpaceDiscoveryResult_.c"
"System.Array$$InternalArray__get_Item<OVRPlugin.SpaceQueryResult>","03531e98","73","70_high_framework_support_only_high","uncertain","framework_support_only","framework_namespace_with_project_hint","setup_only","eye_source;weak_source_state;pose_vector","strong_eye_source_hits_2;weak_xr_or_state_hits_2;strong_pose_or_ray_construction_hits_2;functionality_eye_api_context_without_clear_sink_hits_2","C:\realDesktop\manifest-evaluations\summer-26\ghidra-pipeline\il2cpp-files\vrfs\general-structure-results\70_high_framework_support_only_high\03531e98_System.Array$$InternalArray__get_Item_OVRPlugin.SpaceQueryResult_.c"
"System.Array$$InternalArray__get_Item<OVRPlugin.Vector3f>","03531fec","80","70_high_framework_support_only_high","uncertain","framework_support_only","framework_or_engine_namespace","setup_only","eye_source;weak_source_state;validity_gate;pose_vector","strong_eye_source_hits_4;weak_xr_or_state_hits_4;validity_or_gating_hits_1;strong_pose_or_ray_construction_hits_2;negative_framework_support_context_without_confirmed_app_level_gaze_flow;functionality_eye_api_context_without_clear_sink_hits_4","C:\realDesktop\manifest-evaluations\summer-26\ghidra-pipeline\il2cpp-files\vrfs\general-structure-results\70_high_framework_support_only_high\03531fec_System.Array$$InternalArray__get_Item_OVRPlugin.Vector3f_.c"
"System.Array$$InternalArray__get_Item<OVRPlugin.Vector4f>","03532098","83","70_high_framework_support_only_high","uncertain","framework_support_only","framework_or_engine_namespace","setup_only","eye_source;weak_source_state;validity_gate;pose_vector","strong_eye_source_hits_4;weak_xr_or_state_hits_4;validity_or_gating_hits_2;strong_pose_or_ray_construction_hits_2;negative_framework_support_context_without_confirmed_app_level_gaze_flow;functionality_eye_api_context_without_clear_sink_hits_4","C:\realDesktop\manifest-evaluations\summer-26\ghidra-pipeline\il2cpp-files\vrfs\general-structure-results\70_high_framework_support_only_high\03532098_System.Array$$InternalArray__get_Item_OVRPlugin.Vector4f_.c"
"FUN_03665b20","03665b20","87","70_high_uncertain_eye_setup_high","uncertain","eye_tracking_capability_present","app_or_custom_namespace","setup_only","eye_source;weak_source_state;validity_gate;pose_vector","strong_eye_source_hits_1;weak_xr_or_state_hits_1;validity_or_gating_hits_5;strong_pose_or_ray_construction_hits_2;functionality_eye_api_context_without_clear_sink_hits_1","C:\realDesktop\manifest-evaluations\summer-26\ghidra-pipeline\il2cpp-files\vrfs\general-structure-results\70_high_uncertain_eye_setup_high\03665b20_FUN_03665b20.c"
"FUN_036660ec","036660ec","87","70_high_uncertain_eye_setup_high","uncertain","eye_tracking_capability_present","app_or_custom_namespace","setup_only","eye_source;weak_source_state;validity_gate;pose_vector","strong_eye_source_hits_1;weak_xr_or_state_hits_1;validity_or_gating_hits_4;strong_pose_or_ray_construction_hits_2;functionality_eye_api_context_without_clear_sink_hits_1","C:\realDesktop\manifest-evaluations\summer-26\ghidra-pipeline\il2cpp-files\vrfs\general-structure-results\70_high_uncertain_eye_setup_high\036660ec_FUN_036660ec.c"
"FUN_036669a0","036669a0","84","70_high_uncertain_eye_setup_high","uncertain","eye_tracking_capability_present","app_or_custom_namespace","setup_only","eye_source;weak_source_state;validity_gate;pose_vector","strong_eye_source_hits_1;weak_xr_or_state_hits_1;validity_or_gating_hits_3;strong_pose_or_ray_construction_hits_2;functionality_eye_api_context_without_clear_sink_hits_1","C:\realDesktop\manifest-evaluations\summer-26\ghidra-pipeline\il2cpp-files\vrfs\general-structure-results\70_high_uncertain_eye_setup_high\036669a0_FUN_036669a0.c"
"FUN_03666a90","03666a90","84","70_high_uncertain_eye_setup_high","uncertain","eye_tracking_capability_present","app_or_custom_namespace","setup_only","eye_source;weak_source_state;validity_gate;pose_vector","strong_eye_source_hits_1;weak_xr_or_state_hits_1;validity_or_gating_hits_3;strong_pose_or_ray_construction_hits_2;functionality_eye_api_context_without_clear_sink_hits_1","C:\realDesktop\manifest-evaluations\summer-26\ghidra-pipeline\il2cpp-files\vrfs\general-structure-results\70_high_uncertain_eye_setup_high\03666a90_FUN_03666a90.c"
"FUN_03666bb8","03666bb8","123","90_plus_uncertain_eye_setup_near_certain","uncertain","eye_tracking_capability_present","app_or_custom_namespace","setup_only","eye_source;weak_source_state;validity_gate;pose_vector;paired_state_refs","strong_eye_source_hits_3;weak_xr_or_state_hits_3;validity_or_gating_hits_21;strong_pose_or_ray_construction_hits_6;paired_field_refs_with_eye_source;functionality_eye_api_context_without_clear_sink_hits_3","C:\realDesktop\manifest-evaluations\summer-26\ghidra-pipeline\il2cpp-files\vrfs\general-structure-results\90_plus_uncertain_eye_setup_near_certain\03666bb8_FUN_03666bb8.c"
"System.Array$$InternalArray__set_Item<Guid>","03666ca8","103","90_plus_framework_support_only_near_certain","uncertain","framework_support_only","framework_or_engine_namespace","setup_only","eye_source;weak_source_state;validity_gate;pose_vector;paired_state_refs","strong_eye_source_hits_3;weak_xr_or_state_hits_3;validity_or_gating_hits_21;strong_pose_or_ray_construction_hits_8;paired_field_refs_with_eye_source;negative_framework_support_context_without_confirmed_app_level_gaze_flow;functionality_eye_api_context_without_clear_sink_hits_3","C:\realDesktop\manifest-evaluations\summer-26\ghidra-pipeline\il2cpp-files\vrfs\general-structure-results\90_plus_framework_support_only_near_certain\03666ca8_System.Array$$InternalArray__set_Item_Guid_.c"
"System.Array$$InternalArray__set_Item<GuideStatsObject>","03666df8","95","90_plus_framework_support_only_near_certain","uncertain","framework_support_only","framework_or_engine_namespace","setup_only","eye_source;weak_source_state;validity_gate;pose_vector;paired_state_refs","strong_eye_source_hits_2;weak_xr_or_state_hits_2;validity_or_gating_hits_21;strong_pose_or_ray_construction_hits_6;paired_field_refs_with_eye_source;negative_framework_support_context_without_confirmed_app_level_gaze_flow;functionality_eye_api_context_without_clear_sink_hits_2","C:\realDesktop\manifest-evaluations\summer-26\ghidra-pipeline\il2cpp-files\vrfs\general-structure-results\90_plus_framework_support_only_near_certain\03666df8_System.Array$$InternalArray__set_Item_GuideStatsObject_.c"
"System.Array$$InternalArray__set_Item<GuideTagObject>","03666f54","95","90_plus_framework_support_only_near_certain","uncertain","framework_support_only","framework_or_engine_namespace","setup_only","eye_source;weak_source_state;validity_gate;pose_vector;paired_state_refs","strong_eye_source_hits_2;weak_xr_or_state_hits_2;validity_or_gating_hits_21;strong_pose_or_ray_construction_hits_6;paired_field_refs_with_eye_source;negative_framework_support_context_without_confirmed_app_level_gaze_flow;functionality_eye_api_context_without_clear_sink_hits_2","C:\realDesktop\manifest-evaluations\summer-26\ghidra-pipeline\il2cpp-files\vrfs\general-structure-results\90_plus_framework_support_only_near_certain\03666f54_System.Array$$InternalArray__set_Item_GuideTagObject_.c"
"System.Array$$InternalArray__set_Item<HandSkeletonJoint>","036670b8","87","70_high_framework_support_only_high","uncertain","framework_support_only","framework_or_engine_namespace","setup_only","eye_source;weak_source_state;validity_gate;pose_vector;paired_state_refs","strong_eye_source_hits_1;weak_xr_or_state_hits_1;validity_or_gating_hits_21;strong_pose_or_ray_construction_hits_4;paired_field_refs_with_eye_source;negative_framework_support_context_without_confirmed_app_level_gaze_flow;functionality_eye_api_context_without_clear_sink_hits_1","C:\realDesktop\manifest-evaluations\summer-26\ghidra-pipeline\il2cpp-files\vrfs\general-structure-results\70_high_framework_support_only_high\036670b8_System.Array$$InternalArray__set_Item_HandSkeletonJoint_.c"
"System.Array$$InternalArray__set_Item<HandSphere>","0366721c","75","70_high_framework_support_only_high","uncertain","framework_support_only","framework_or_engine_namespace","setup_only","eye_source;weak_source_state;validity_gate;pose_vector","strong_eye_source_hits_1;weak_xr_or_state_hits_1;validity_or_gating_hits_20;strong_pose_or_ray_construction_hits_4;negative_framework_support_context_without_confirmed_app_level_gaze_flow;functionality_eye_api_context_without_clear_sink_hits_1","C:\realDesktop\manifest-evaluations\summer-26\ghidra-pipeline\il2cpp-files\vrfs\general-structure-results\70_high_framework_support_only_high\0366721c_System.Array$$InternalArray__set_Item_HandSphere_.c"
"System.Array$$InternalArray__set_Item<HeaderVariantInfo>","03667380","75","70_high_framework_support_only_high","uncertain","framework_support_only","framework_or_engine_namespace","setup_only","eye_source;weak_source_state;validity_gate;pose_vector","strong_eye_source_hits_1;weak_xr_or_state_hits_1;validity_or_gating_hits_19;strong_pose_or_ray_construction_hits_4;negative_framework_support_context_without_confirmed_app_level_gaze_flow;functionality_eye_api_context_without_clear_sink_hits_1","C:\realDesktop\manifest-evaluations\summer-26\ghidra-pipeline\il2cpp-files\vrfs\general-structure-results\70_high_framework_support_only_high\03667380_System.Array$$InternalArray__set_Item_HeaderVariantInfo_.c"
"System.Array$$InternalArray__set_Item<HighlightState>","036674d0","75","70_high_framework_support_only_high","uncertain","framework_support_only","framework_or_engine_namespace","setup_only","eye_source;weak_source_state;validity_gate;pose_vector","strong_eye_source_hits_1;weak_xr_or_state_hits_1;validity_or_gating_hits_18;strong_pose_or_ray_construction_hits_4;negative_framework_support_context_without_confirmed_app_level_gaze_flow;functionality_eye_api_context_without_clear_sink_hits_1","C:\realDesktop\manifest-evaluations\summer-26\ghidra-pipeline\il2cpp-files\vrfs\general-structure-results\70_high_framework_support_only_high\036674d0_System.Array$$InternalArray__set_Item_HighlightState_.c"
"System.Array$$InternalArray__set_Item<HitboxCollider>","03667634","138","90_plus_framework_support_only_near_certain","uncertain","framework_support_only","framework_or_engine_namespace","gaze_interaction","eye_source;weak_source_state;validity_gate;pose_vector;ray_interaction;structure_combo","strong_eye_source_hits_1;weak_xr_or_state_hits_1;validity_or_gating_hits_18;strong_pose_or_ray_construction_hits_4;ray_or_cast_sink_hits_2;source_validity_pose_sink_structure;strong_eye_source_validity_pose_sink_structure;negative_framework_support_context_without_confirmed_app_level_gaze_flow;functionality_gaze_interaction_hits_2","C:\realDesktop\manifest-evaluations\summer-26\ghidra-pipeline\il2cpp-files\vrfs\general-structure-results\90_plus_framework_support_only_near_certain\03667634_System.Array$$InternalArray__set_Item_HitboxCollider_.c"
"System.Array$$InternalArray__set_Item<HitboxHit>","036677a4","87","70_high_framework_support_only_high","uncertain","framework_support_only","framework_or_engine_namespace","setup_only","eye_source;weak_source_state;validity_gate;pose_vector;paired_state_refs","strong_eye_source_hits_1;weak_xr_or_state_hits_1;validity_or_gating_hits_21;strong_pose_or_ray_construction_hits_4;paired_field_refs_with_eye_source;negative_framework_support_context_without_confirmed_app_level_gaze_flow;functionality_eye_api_context_without_clear_sink_hits_1","C:\realDesktop\manifest-evaluations\summer-26\ghidra-pipeline\il2cpp-files\vrfs\general-structure-results\70_high_framework_support_only_high\036677a4_System.Array$$InternalArray__set_Item_HitboxHit_.c"
"FUN_03667eac","03667eac","84","70_high_uncertain_eye_setup_high","uncertain","eye_tracking_capability_present","app_or_custom_namespace","setup_only","eye_source;weak_source_state;validity_gate;pose_vector","strong_eye_source_hits_1;weak_xr_or_state_hits_1;validity_or_gating_hits_3;strong_pose_or_ray_construction_hits_2;functionality_eye_api_context_without_clear_sink_hits_1","C:\realDesktop\manifest-evaluations\summer-26\ghidra-pipeline\il2cpp-files\vrfs\general-structure-results\70_high_uncertain_eye_setup_high\03667eac_FUN_03667eac.c"
"FUN_03668f90","03668f90","81","70_high_uncertain_eye_setup_high","uncertain","eye_tracking_capability_present","app_or_custom_namespace","setup_only","eye_source;weak_source_state;validity_gate;pose_vector","strong_eye_source_hits_1;weak_xr_or_state_hits_1;validity_or_gating_hits_2;strong_pose_or_ray_construction_hits_2;functionality_eye_api_context_without_clear_sink_hits_1","C:\realDesktop\manifest-evaluations\summer-26\ghidra-pipeline\il2cpp-files\vrfs\general-structure-results\70_high_uncertain_eye_setup_high\03668f90_FUN_03668f90.c"
"FUN_0366f578","0366f578","97","90_plus_uncertain_eye_setup_near_certain","uncertain","eye_tracking_capability_present","app_or_custom_namespace","setup_only","eye_source;weak_source_state;validity_gate;pose_vector","strong_eye_source_hits_2;weak_xr_or_state_hits_2;validity_or_gating_hits_2;strong_pose_or_ray_construction_hits_4;functionality_eye_api_context_without_clear_sink_hits_2","C:\realDesktop\manifest-evaluations\summer-26\ghidra-pipeline\il2cpp-files\vrfs\general-structure-results\90_plus_uncertain_eye_setup_near_certain\0366f578_FUN_0366f578.c"
"FUN_036cf930","036cf930","87","70_high_uncertain_eye_setup_high","uncertain","eye_tracking_capability_present","app_or_custom_namespace","setup_only","eye_source;weak_source_state;validity_gate;pose_vector","strong_eye_source_hits_1;weak_xr_or_state_hits_1;validity_or_gating_hits_21;strong_pose_or_ray_construction_hits_2;functionality_eye_api_context_without_clear_sink_hits_1","C:\realDesktop\manifest-evaluations\summer-26\ghidra-pipeline\il2cpp-files\vrfs\general-structure-results\70_high_uncertain_eye_setup_high\036cf930_FUN_036cf930.c"
"Unity.Collections.NativeArray<FullBodyDeformationJob.BoneDeformationAdjustmentData>$$Copy","036cf980","75","70_high_framework_support_only_high","uncertain","framework_support_only","framework_or_engine_namespace","setup_only","eye_source;weak_source_state;validity_gate;pose_vector","strong_eye_source_hits_1;weak_xr_or_state_hits_1;validity_or_gating_hits_21;strong_pose_or_ray_construction_hits_6;negative_framework_support_context_without_confirmed_app_level_gaze_flow;functionality_eye_api_context_without_clear_sink_hits_1","C:\realDesktop\manifest-evaluations\summer-26\ghidra-pipeline\il2cpp-files\vrfs\general-structure-results\70_high_framework_support_only_high\036cf980_Unity.Collections.NativeArray_FullBodyDeformationJob.BoneDeformationAdjustmentData_$$Copy.c"
"Unity.Collections.NativeArray<FullBodyDeformationJob.BoneDeformationAdjustmentData>$$Copy","036cfa28","75","70_high_framework_support_only_high","uncertain","framework_support_only","framework_or_engine_namespace","setup_only","eye_source;weak_source_state;validity_gate;pose_vector","strong_eye_source_hits_1;weak_xr_or_state_hits_1;validity_or_gating_hits_21;strong_pose_or_ray_construction_hits_6;negative_framework_support_context_without_confirmed_app_level_gaze_flow;functionality_eye_api_context_without_clear_sink_hits_1","C:\realDesktop\manifest-evaluations\summer-26\ghidra-pipeline\il2cpp-files\vrfs\general-structure-results\70_high_framework_support_only_high\036cfa28_Unity.Collections.NativeArray_FullBodyDeformationJob.BoneDeformationAdjustmentData_$$Copy.c"
"Unity.Collections.NativeArray<FullBodyDeformationJob.BoneDeformationAdjustmentData>$$Copy","036cfac8","75","70_high_framework_support_only_high","uncertain","framework_support_only","framework_or_engine_namespace","setup_only","eye_source;weak_source_state;validity_gate;pose_vector","strong_eye_source_hits_1;weak_xr_or_state_hits_1;validity_or_gating_hits_21;strong_pose_or_ray_construction_hits_6;negative_framework_support_context_without_confirmed_app_level_gaze_flow;functionality_eye_api_context_without_clear_sink_hits_1","C:\realDesktop\manifest-evaluations\summer-26\ghidra-pipeline\il2cpp-files\vrfs\general-structure-results\70_high_framework_support_only_high\036cfac8_Unity.Collections.NativeArray_FullBodyDeformationJob.BoneDeformationAdjustmentData_$$Copy.c"
"Unity.Collections.NativeArray<FullBodyDeformationJob.BoneDeformationAdjustmentData>$$Copy","036cfc14","75","70_high_framework_support_only_high","uncertain","framework_support_only","framework_or_engine_namespace","setup_only","eye_source;weak_source_state;validity_gate;pose_vector","strong_eye_source_hits_1;weak_xr_or_state_hits_1;validity_or_gating_hits_20;strong_pose_or_ray_construction_hits_6;negative_framework_support_context_without_confirmed_app_level_gaze_flow;functionality_eye_api_context_without_clear_sink_hits_1","C:\realDesktop\manifest-evaluations\summer-26\ghidra-pipeline\il2cpp-files\vrfs\general-structure-results\70_high_framework_support_only_high\036cfc14_Unity.Collections.NativeArray_FullBodyDeformationJob.BoneDeformationAdjustmentData_$$Copy.c"
"Unity.Collections.NativeArray<OVRPlugin.SpaceDiscoveryResult>$$.ctor","036d4d34","103","90_plus_framework_support_only_near_certain","uncertain","framework_support_only","framework_namespace_with_project_hint","setup_only","eye_source;weak_source_state;validity_gate;pose_vector","strong_eye_source_hits_2;weak_xr_or_state_hits_2;validity_or_gating_hits_15;strong_pose_or_ray_construction_hits_4;functionality_eye_api_context_without_clear_sink_hits_2","C:\realDesktop\manifest-evaluations\summer-26\ghidra-pipeline\il2cpp-files\vrfs\general-structure-results\90_plus_framework_support_only_near_certain\036d4d34_Unity.Collections.NativeArray_OVRPlugin.SpaceDiscoveryResult_$$.ctor.c"
"Unity.Collections.NativeArray<OVRPlugin.SpaceDiscoveryResult>$$.ctor","036d4e40","103","90_plus_framework_support_only_near_certain","uncertain","framework_support_only","framework_namespace_with_project_hint","setup_only","eye_source;weak_source_state;validity_gate;pose_vector","strong_eye_source_hits_2;weak_xr_or_state_hits_2;validity_or_gating_hits_15;strong_pose_or_ray_construction_hits_4;functionality_eye_api_context_without_clear_sink_hits_2","C:\realDesktop\manifest-evaluations\summer-26\ghidra-pipeline\il2cpp-files\vrfs\general-structure-results\90_plus_framework_support_only_near_certain\036d4e40_Unity.Collections.NativeArray_OVRPlugin.SpaceDiscoveryResult_$$.ctor.c"
"Unity.Collections.NativeArray<OVRPlugin.SpaceDiscoveryResult>$$Allocate","036d4f38","103","90_plus_framework_support_only_near_certain","uncertain","framework_support_only","framework_namespace_with_project_hint","setup_only","eye_source;weak_source_state;validity_gate;pose_vector","strong_eye_source_hits_2;weak_xr_or_state_hits_2;validity_or_gating_hits_14;strong_pose_or_ray_construction_hits_4;functionality_eye_api_context_without_clear_sink_hits_2","C:\realDesktop\manifest-evaluations\summer-26\ghidra-pipeline\il2cpp-files\vrfs\general-structure-results\90_plus_framework_support_only_near_certain\036d4f38_Unity.Collections.NativeArray_OVRPlugin.SpaceDiscoveryResult_$$Allocate.c"
"Unity.Collections.NativeArray<OVRPlugin.SpaceDiscoveryResult>$$get_Length","036d5020","103","90_plus_framework_support_only_near_certain","uncertain","framework_support_only","framework_namespace_with_project_hint","setup_only","eye_source;weak_source_state;validity_gate;pose_vector","strong_eye_source_hits_2;weak_xr_or_state_hits_2;validity_or_gating_hits_14;strong_pose_or_ray_construction_hits_4;functionality_eye_api_context_without_clear_sink_hits_2","C:\realDesktop\manifest-evaluations\summer-26\ghidra-pipeline\il2cpp-files\vrfs\general-structure-results\90_plus_framework_support_only_near_certain\036d5020_Unity.Collections.NativeArray_OVRPlugin.SpaceDiscoveryResult_$$get_Length.c"
"Unity.Collections.NativeArray<OVRPlugin.SpaceDiscoveryResult>$$get_Item","036d5028","103","90_plus_framework_support_only_near_certain","uncertain","framework_support_only","framework_namespace_with_project_hint","setup_only","eye_source;weak_source_state;validity_gate;pose_vector","strong_eye_source_hits_2;weak_xr_or_state_hits_2;validity_or_gating_hits_14;strong_pose_or_ray_construction_hits_4;functionality_eye_api_context_without_clear_sink_hits_2","C:\realDesktop\manifest-evaluations\summer-26\ghidra-pipeline\il2cpp-files\vrfs\general-structure-results\90_plus_framework_support_only_near_certain\036d5028_Unity.Collections.NativeArray_OVRPlugin.SpaceDiscoveryResult_$$get_Item.c"
"Unity.Collections.NativeArray<OVRPlugin.SpaceDiscoveryResult>$$set_Item","036d50d4","103","90_plus_framework_support_only_near_certain","uncertain","framework_support_only","framework_namespace_with_project_hint","setup_only","eye_source;weak_source_state;validity_gate;pose_vector","strong_eye_source_hits_2;weak_xr_or_state_hits_2;validity_or_gating_hits_7;strong_pose_or_ray_construction_hits_4;functionality_eye_api_context_without_clear_sink_hits_2","C:\realDesktop\manifest-evaluations\summer-26\ghidra-pipeline\il2cpp-files\vrfs\general-structure-results\90_plus_framework_support_only_near_certain\036d50d4_Unity.Collections.NativeArray_OVRPlugin.SpaceDiscoveryResult_$$set_Item.c"
"Unity.Collections.NativeArray<OVRPlugin.SpaceDiscoveryResult>$$get_IsCreated","036d5174","103","90_plus_framework_support_only_near_certain","uncertain","framework_support_only","framework_namespace_with_project_hint","setup_only","eye_source;weak_source_state;validity_gate;pose_vector","strong_eye_source_hits_2;weak_xr_or_state_hits_2;validity_or_gating_hits_5;strong_pose_or_ray_construction_hits_4;functionality_eye_api_context_without_clear_sink_hits_2","C:\realDesktop\manifest-evaluations\summer-26\ghidra-pipeline\il2cpp-files\vrfs\general-structure-results\90_plus_framework_support_only_near_certain\036d5174_Unity.Collections.NativeArray_OVRPlugin.SpaceDiscoveryResult_$$get_IsCreated.c"
"Unity.Collections.NativeArray<OVRPlugin.SpaceDiscoveryResult>$$Dispose","036d5184","103","90_plus_framework_support_only_near_certain","uncertain","framework_support_only","framework_namespace_with_project_hint","setup_only","eye_source;weak_source_state;validity_gate;pose_vector","strong_eye_source_hits_2;weak_xr_or_state_hits_2;validity_or_gating_hits_6;strong_pose_or_ray_construction_hits_6;functionality_eye_api_context_without_clear_sink_hits_2","C:\realDesktop\manifest-evaluations\summer-26\ghidra-pipeline\il2cpp-files\vrfs\general-structure-results\90_plus_framework_support_only_near_certain\036d5184_Unity.Collections.NativeArray_OVRPlugin.SpaceDiscoveryResult_$$Dispose.c"
"Unity.Collections.NativeArray<OVRPlugin.SpaceDiscoveryResult>$$Dispose","036d5240","103","90_plus_framework_support_only_near_certain","uncertain","framework_support_only","framework_namespace_with_project_hint","setup_only","eye_source;weak_source_state;validity_gate;pose_vector","strong_eye_source_hits_2;weak_xr_or_state_hits_2;validity_or_gating_hits_6;strong_pose_or_ray_construction_hits_6;functionality_eye_api_context_without_clear_sink_hits_2","C:\realDesktop\manifest-evaluations\summer-26\ghidra-pipeline\il2cpp-files\vrfs\general-structure-results\90_plus_framework_support_only_near_certain\036d5240_Unity.Collections.NativeArray_OVRPlugin.SpaceDiscoveryResult_$$Dispose.c"
"Unity.Collections.NativeArray<OVRPlugin.SpaceDiscoveryResult>$$CopyFrom","036d5348","81","70_high_framework_support_only_high","uncertain","framework_support_only","framework_namespace_with_project_hint","setup_only","eye_source;weak_source_state;pose_vector","strong_eye_source_hits_2;weak_xr_or_state_hits_2;strong_pose_or_ray_construction_hits_4;functionality_eye_api_context_without_clear_sink_hits_2","C:\realDesktop\manifest-evaluations\summer-26\ghidra-pipeline\il2cpp-files\vrfs\general-structure-results\70_high_framework_support_only_high\036d5348_Unity.Collections.NativeArray_OVRPlugin.SpaceDiscoveryResult_$$CopyFrom.c"
"Unity.Collections.NativeArray<OVRPlugin.SpaceDiscoveryResult>$$CopyTo","036d53dc","103","90_plus_framework_support_only_near_certain","uncertain","framework_support_only","framework_namespace_with_project_hint","setup_only","eye_source;weak_source_state;validity_gate;pose_vector","strong_eye_source_hits_2;weak_xr_or_state_hits_2;validity_or_gating_hits_11;strong_pose_or_ray_construction_hits_4;functionality_eye_api_context_without_clear_sink_hits_2","C:\realDesktop\manifest-evaluations\summer-26\ghidra-pipeline\il2cpp-files\vrfs\general-structure-results\90_plus_framework_support_only_near_certain\036d53dc_Unity.Collections.NativeArray_OVRPlugin.SpaceDiscoveryResult_$$CopyTo.c"
"Unity.Collections.NativeArray<OVRPlugin.SpaceDiscoveryResult>$$ToArray","036d5460","97","90_plus_framework_support_only_near_certain","uncertain","framework_support_only","framework_namespace_with_project_hint","setup_only","eye_source;weak_source_state;validity_gate;pose_vector","strong_eye_source_hits_2;weak_xr_or_state_hits_2;validity_or_gating_hits_2;strong_pose_or_ray_construction_hits_8;functionality_eye_api_context_without_clear_sink_hits_2","C:\realDesktop\manifest-evaluations\summer-26\ghidra-pipeline\il2cpp-files\vrfs\general-structure-results\90_plus_framework_support_only_near_certain\036d5460_Unity.Collections.NativeArray_OVRPlugin.SpaceDiscoveryResult_$$ToArray.c"
"Unity.Collections.NativeArray<OVRPlugin.SpaceDiscoveryResult>$$GetEnumerator","036d551c","100","90_plus_framework_support_only_near_certain","uncertain","framework_support_only","framework_namespace_with_project_hint","setup_only","eye_source;weak_source_state;validity_gate;pose_vector","strong_eye_source_hits_2;weak_xr_or_state_hits_2;validity_or_gating_hits_3;strong_pose_or_ray_construction_hits_4;functionality_eye_api_context_without_clear_sink_hits_2","C:\realDesktop\manifest-evaluations\summer-26\ghidra-pipeline\il2cpp-files\vrfs\general-structure-results\90_plus_framework_support_only_near_certain\036d551c_Unity.Collections.NativeArray_OVRPlugin.SpaceDiscoveryResult_$$GetEnumerator.c"
"Unity.Collections.NativeArray<OVRPlugin.SpaceDiscoveryResult>$$System.Collections.Generic.IEnumerable<T>.GetEnumerator","036d558c","97","90_plus_framework_support_only_near_certain","uncertain","framework_support_only","framework_namespace_with_project_hint","setup_only","eye_source;weak_source_state;validity_gate;pose_vector","strong_eye_source_hits_2;weak_xr_or_state_hits_2;validity_or_gating_hits_2;strong_pose_or_ray_construction_hits_4;functionality_eye_api_context_without_clear_sink_hits_2","C:\realDesktop\manifest-evaluations\summer-26\ghidra-pipeline\il2cpp-files\vrfs\general-structure-results\90_plus_framework_support_only_near_certain\036d558c_Unity.Collections.NativeArray_OVRPlugin.SpaceDiscoveryResult_$$System.Collections.Generic.IEnumerable_T_.GetEnumerator.c"
"Unity.Collections.NativeArray<OVRPlugin.SpaceDiscoveryResult>$$System.Collections.IEnumerable.GetEnumerator","036d5624","81","70_high_framework_support_only_high","uncertain","framework_support_only","framework_namespace_with_project_hint","setup_only","eye_source;weak_source_state;pose_vector","strong_eye_source_hits_2;weak_xr_or_state_hits_2;strong_pose_or_ray_construction_hits_4;functionality_eye_api_context_without_clear_sink_hits_2","C:\realDesktop\manifest-evaluations\summer-26\ghidra-pipeline\il2cpp-files\vrfs\general-structure-results\70_high_framework_support_only_high\036d5624_Unity.Collections.NativeArray_OVRPlugin.SpaceDiscoveryResult_$$System.Collections.IEnumerable.GetEnumerator.c"
"Unity.Collections.NativeArray<OVRPlugin.SpaceDiscoveryResult>$$Equals","036d56b0","100","90_plus_framework_support_only_near_certain","uncertain","framework_support_only","framework_namespace_with_project_hint","setup_only","eye_source;weak_source_state;validity_gate;pose_vector","strong_eye_source_hits_2;weak_xr_or_state_hits_2;validity_or_gating_hits_3;strong_pose_or_ray_construction_hits_4;functionality_eye_api_context_without_clear_sink_hits_2","C:\realDesktop\manifest-evaluations\summer-26\ghidra-pipeline\il2cpp-files\vrfs\general-structure-results\90_plus_framework_support_only_near_certain\036d56b0_Unity.Collections.NativeArray_OVRPlugin.SpaceDiscoveryResult_$$Equals.c"
"Unity.Collections.NativeArray<OVRPlugin.SpaceDiscoveryResult>$$Equals","036d56d4","100","90_plus_framework_support_only_near_certain","uncertain","framework_support_only","framework_namespace_with_project_hint","setup_only","eye_source;weak_source_state;validity_gate;pose_vector","strong_eye_source_hits_2;weak_xr_or_state_hits_2;validity_or_gating_hits_3;strong_pose_or_ray_construction_hits_4;functionality_eye_api_context_without_clear_sink_hits_2","C:\realDesktop\manifest-evaluations\summer-26\ghidra-pipeline\il2cpp-files\vrfs\general-structure-results\90_plus_framework_support_only_near_certain\036d56d4_Unity.Collections.NativeArray_OVRPlugin.SpaceDiscoveryResult_$$Equals.c"
"Unity.Collections.NativeArray<OVRPlugin.SpaceDiscoveryResult>$$GetHashCode","036d57ac","97","90_plus_framework_support_only_near_certain","uncertain","framework_support_only","framework_namespace_with_project_hint","setup_only","eye_source;weak_source_state;validity_gate;pose_vector","strong_eye_source_hits_2;weak_xr_or_state_hits_2;validity_or_gating_hits_2;strong_pose_or_ray_construction_hits_4;functionality_eye_api_context_without_clear_sink_hits_2","C:\realDesktop\manifest-evaluations\summer-26\ghidra-pipeline\il2cpp-files\vrfs\general-structure-results\90_plus_framework_support_only_near_certain\036d57ac_Unity.Collections.NativeArray_OVRPlugin.SpaceDiscoveryResult_$$GetHashCode.c"
"Unity.Collections.NativeArray<OVRPlugin.SpaceDiscoveryResult>$$Copy","036d57c4","94","90_plus_framework_support_only_near_certain","uncertain","framework_support_only","framework_namespace_with_project_hint","setup_only","eye_source;weak_source_state;validity_gate;pose_vector","strong_eye_source_hits_2;weak_xr_or_state_hits_2;validity_or_gating_hits_1;strong_pose_or_ray_construction_hits_4;functionality_eye_api_context_without_clear_sink_hits_2","C:\realDesktop\manifest-evaluations\summer-26\ghidra-pipeline\il2cpp-files\vrfs\general-structure-results\90_plus_framework_support_only_near_certain\036d57c4_Unity.Collections.NativeArray_OVRPlugin.SpaceDiscoveryResult_$$Copy.c"
"Unity.Collections.NativeArray<OVRPlugin.SpaceDiscoveryResult>$$Copy","036d5868","97","90_plus_framework_support_only_near_certain","uncertain","framework_support_only","framework_namespace_with_project_hint","setup_only","eye_source;weak_source_state;validity_gate;pose_vector","strong_eye_source_hits_2;weak_xr_or_state_hits_2;validity_or_gating_hits_2;strong_pose_or_ray_construction_hits_4;functionality_eye_api_context_without_clear_sink_hits_2","C:\realDesktop\manifest-evaluations\summer-26\ghidra-pipeline\il2cpp-files\vrfs\general-structure-results\90_plus_framework_support_only_near_certain\036d5868_Unity.Collections.NativeArray_OVRPlugin.SpaceDiscoveryResult_$$Copy.c"
"Unity.Collections.NativeArray<OVRPlugin.SpaceDiscoveryResult>$$Copy","036d5908","81","70_high_framework_support_only_high","uncertain","framework_support_only","framework_namespace_with_project_hint","setup_only","eye_source;weak_source_state;pose_vector","strong_eye_source_hits_2;weak_xr_or_state_hits_2;strong_pose_or_ray_construction_hits_4;functionality_eye_api_context_without_clear_sink_hits_2","C:\realDesktop\manifest-evaluations\summer-26\ghidra-pipeline\il2cpp-files\vrfs\general-structure-results\70_high_framework_support_only_high\036d5908_Unity.Collections.NativeArray_OVRPlugin.SpaceDiscoveryResult_$$Copy.c"
"Unity.Collections.NativeArray<OVRPlugin.SpaceDiscoveryResult>$$Copy","036d599c","81","70_high_framework_support_only_high","uncertain","framework_support_only","framework_namespace_with_project_hint","setup_only","eye_source;weak_source_state;pose_vector","strong_eye_source_hits_2;weak_xr_or_state_hits_2;strong_pose_or_ray_construction_hits_4;functionality_eye_api_context_without_clear_sink_hits_2","C:\realDesktop\manifest-evaluations\summer-26\ghidra-pipeline\il2cpp-files\vrfs\general-structure-results\70_high_framework_support_only_high\036d599c_Unity.Collections.NativeArray_OVRPlugin.SpaceDiscoveryResult_$$Copy.c"
"Unity.Collections.NativeArray<OVRPlugin.SpaceDiscoveryResult>$$Copy","036d5a44","97","90_plus_framework_support_only_near_certain","uncertain","framework_support_only","framework_namespace_with_project_hint","setup_only","eye_source;weak_source_state;validity_gate;pose_vector","strong_eye_source_hits_2;weak_xr_or_state_hits_2;validity_or_gating_hits_2;strong_pose_or_ray_construction_hits_4;functionality_eye_api_context_without_clear_sink_hits_2","C:\realDesktop\manifest-evaluations\summer-26\ghidra-pipeline\il2cpp-files\vrfs\general-structure-results\90_plus_framework_support_only_near_certain\036d5a44_Unity.Collections.NativeArray_OVRPlugin.SpaceDiscoveryResult_$$Copy.c"
"Unity.Collections.NativeArray<OVRPlugin.SpaceDiscoveryResult>$$Copy","036d5ae4","94","90_plus_framework_support_only_near_certain","uncertain","framework_support_only","framework_namespace_with_project_hint","setup_only","eye_source;weak_source_state;validity_gate;pose_vector","strong_eye_source_hits_2;weak_xr_or_state_hits_2;validity_or_gating_hits_1;strong_pose_or_ray_construction_hits_4;functionality_eye_api_context_without_clear_sink_hits_2","C:\realDesktop\manifest-evaluations\summer-26\ghidra-pipeline\il2cpp-files\vrfs\general-structure-results\90_plus_framework_support_only_near_certain\036d5ae4_Unity.Collections.NativeArray_OVRPlugin.SpaceDiscoveryResult_$$Copy.c"
"Unity.Collections.NativeArray<OVRPlugin.SpaceDiscoveryResult>$$Copy","036d5c30","97","90_plus_framework_support_only_near_certain","uncertain","framework_support_only","framework_namespace_with_project_hint","setup_only","eye_source;weak_source_state;validity_gate;pose_vector","strong_eye_source_hits_2;weak_xr_or_state_hits_2;validity_or_gating_hits_2;strong_pose_or_ray_construction_hits_4;functionality_eye_api_context_without_clear_sink_hits_2","C:\realDesktop\manifest-evaluations\summer-26\ghidra-pipeline\il2cpp-files\vrfs\general-structure-results\90_plus_framework_support_only_near_certain\036d5c30_Unity.Collections.NativeArray_OVRPlugin.SpaceDiscoveryResult_$$Copy.c"
"Unity.Collections.NativeArray<OVRPlugin.SpaceDiscoveryResult>$$Copy","036d5db8","103","90_plus_framework_support_only_near_certain","uncertain","framework_support_only","framework_namespace_with_project_hint","setup_only","eye_source;weak_source_state;validity_gate;pose_vector","strong_eye_source_hits_2;weak_xr_or_state_hits_2;validity_or_gating_hits_11;strong_pose_or_ray_construction_hits_4;functionality_eye_api_context_without_clear_sink_hits_2","C:\realDesktop\manifest-evaluations\summer-26\ghidra-pipeline\il2cpp-files\vrfs\general-structure-results\90_plus_framework_support_only_near_certain\036d5db8_Unity.Collections.NativeArray_OVRPlugin.SpaceDiscoveryResult_$$Copy.c"
"Unity.Collections.NativeArray<OVRPlugin.SpaceDiscoveryResult>$$GetSubArray","036d5f3c","81","70_high_framework_support_only_high","uncertain","framework_support_only","framework_namespace_with_project_hint","setup_only","eye_source;weak_source_state;pose_vector","strong_eye_source_hits_2;weak_xr_or_state_hits_2;strong_pose_or_ray_construction_hits_8;functionality_eye_api_context_without_clear_sink_hits_2","C:\realDesktop\manifest-evaluations\summer-26\ghidra-pipeline\il2cpp-files\vrfs\general-structure-results\70_high_framework_support_only_high\036d5f3c_Unity.Collections.NativeArray_OVRPlugin.SpaceDiscoveryResult_$$GetSubArray.c"
"Unity.Collections.NativeArray<OVRPlugin.SpaceDiscoveryResult>$$AsReadOnly","036d6024","81","70_high_framework_support_only_high","uncertain","framework_support_only","framework_namespace_with_project_hint","setup_only","eye_source;weak_source_state;pose_vector","strong_eye_source_hits_2;weak_xr_or_state_hits_2;strong_pose_or_ray_construction_hits_4;functionality_eye_api_context_without_clear_sink_hits_2","C:\realDesktop\manifest-evaluations\summer-26\ghidra-pipeline\il2cpp-files\vrfs\general-structure-results\70_high_framework_support_only_high\036d6024_Unity.Collections.NativeArray_OVRPlugin.SpaceDiscoveryResult_$$AsReadOnly.c"
"Unity.Collections.NativeArray<OVRPlugin.SpaceQueryResult>$$.ctor","036d6078","81","70_high_framework_support_only_high","uncertain","framework_support_only","framework_namespace_with_project_hint","setup_only","eye_source;weak_source_state;pose_vector","strong_eye_source_hits_2;weak_xr_or_state_hits_2;strong_pose_or_ray_construction_hits_4;functionality_eye_api_context_without_clear_sink_hits_2","C:\realDesktop\manifest-evaluations\summer-26\ghidra-pipeline\il2cpp-files\vrfs\general-structure-results\70_high_framework_support_only_high\036d6078_Unity.Collections.NativeArray_OVRPlugin.SpaceQueryResult_$$.ctor.c"
"Unity.Collections.NativeArray<OVRPlugin.SpaceQueryResult>$$.ctor","036d6184","94","90_plus_framework_support_only_near_certain","uncertain","framework_support_only","framework_namespace_with_project_hint","setup_only","eye_source;weak_source_state;validity_gate;pose_vector","strong_eye_source_hits_2;weak_xr_or_state_hits_2;validity_or_gating_hits_1;strong_pose_or_ray_construction_hits_4;functionality_eye_api_context_without_clear_sink_hits_2","C:\realDesktop\manifest-evaluations\summer-26\ghidra-pipeline\il2cpp-files\vrfs\general-structure-results\90_plus_framework_support_only_near_certain\036d6184_Unity.Collections.NativeArray_OVRPlugin.SpaceQueryResult_$$.ctor.c"
"FUN_036d61e0","036d61e0","87","70_high_uncertain_eye_setup_high","uncertain","eye_tracking_capability_present","app_or_custom_namespace","setup_only","eye_source;weak_source_state;validity_gate;pose_vector","strong_eye_source_hits_1;weak_xr_or_state_hits_1;validity_or_gating_hits_6;strong_pose_or_ray_construction_hits_2;functionality_eye_api_context_without_clear_sink_hits_1","C:\realDesktop\manifest-evaluations\summer-26\ghidra-pipeline\il2cpp-files\vrfs\general-structure-results\70_high_uncertain_eye_setup_high\036d61e0_FUN_036d61e0.c"
"Unity.Collections.NativeArray<OVRPlugin.SpaceQueryResult>$$Allocate","036d627c","105","90_plus_framework_support_only_near_certain","uncertain","framework_support_only","framework_namespace_with_project_hint","setup_only","eye_source;weak_source_state;validity_gate;pose_vector","strong_eye_source_hits_3;weak_xr_or_state_hits_3;validity_or_gating_hits_2;strong_pose_or_ray_construction_hits_6;functionality_eye_api_context_without_clear_sink_hits_3","C:\realDesktop\manifest-evaluations\summer-26\ghidra-pipeline\il2cpp-files\vrfs\general-structure-results\90_plus_framework_support_only_near_certain\036d627c_Unity.Collections.NativeArray_OVRPlugin.SpaceQueryResult_$$Allocate.c"
"Unity.Collections.NativeArray<OVRPlugin.SpaceQueryResult>$$get_Length","036d6364","105","90_plus_framework_support_only_near_certain","uncertain","framework_support_only","framework_namespace_with_project_hint","setup_only","eye_source;weak_source_state;validity_gate;pose_vector","strong_eye_source_hits_3;weak_xr_or_state_hits_3;validity_or_gating_hits_2;strong_pose_or_ray_construction_hits_6;functionality_eye_api_context_without_clear_sink_hits_3","C:\realDesktop\manifest-evaluations\summer-26\ghidra-pipeline\il2cpp-files\vrfs\general-structure-results\90_plus_framework_support_only_near_certain\036d6364_Unity.Collections.NativeArray_OVRPlugin.SpaceQueryResult_$$get_Length.c"
"Unity.Collections.NativeArray<OVRPlugin.SpaceQueryResult>$$get_Item","036d636c","105","90_plus_framework_support_only_near_certain","uncertain","framework_support_only","framework_namespace_with_project_hint","setup_only","eye_source;weak_source_state;validity_gate;pose_vector","strong_eye_source_hits_3;weak_xr_or_state_hits_3;validity_or_gating_hits_2;strong_pose_or_ray_construction_hits_6;functionality_eye_api_context_without_clear_sink_hits_3","C:\realDesktop\manifest-evaluations\summer-26\ghidra-pipeline\il2cpp-files\vrfs\general-structure-results\90_plus_framework_support_only_near_certain\036d636c_Unity.Collections.NativeArray_OVRPlugin.SpaceQueryResult_$$get_Item.c"
"Unity.Collections.NativeArray<OVRPlugin.SpaceQueryResult>$$set_Item","036d6418","102","90_plus_framework_support_only_near_certain","uncertain","framework_support_only","framework_namespace_with_project_hint","setup_only","eye_source;weak_source_state;validity_gate;pose_vector","strong_eye_source_hits_3;weak_xr_or_state_hits_3;validity_or_gating_hits_1;strong_pose_or_ray_construction_hits_6;functionality_eye_api_context_without_clear_sink_hits_3","C:\realDesktop\manifest-evaluations\summer-26\ghidra-pipeline\il2cpp-files\vrfs\general-structure-results\90_plus_framework_support_only_near_certain\036d6418_Unity.Collections.NativeArray_OVRPlugin.SpaceQueryResult_$$set_Item.c"
"Unity.Collections.NativeArray<OVRPlugin.SpaceQueryResult>$$get_IsCreated","036d64b8","81","70_high_framework_support_only_high","uncertain","framework_support_only","framework_namespace_with_project_hint","setup_only","eye_source;weak_source_state;pose_vector","strong_eye_source_hits_2;weak_xr_or_state_hits_2;strong_pose_or_ray_construction_hits_4;functionality_eye_api_context_without_clear_sink_hits_2","C:\realDesktop\manifest-evaluations\summer-26\ghidra-pipeline\il2cpp-files\vrfs\general-structure-results\70_high_framework_support_only_high\036d64b8_Unity.Collections.NativeArray_OVRPlugin.SpaceQueryResult_$$get_IsCreated.c"
"Unity.Collections.NativeArray<OVRPlugin.SpaceQueryResult>$$Dispose","036d64c8","81","70_high_framework_support_only_high","uncertain","framework_support_only","framework_namespace_with_project_hint","setup_only","eye_source;weak_source_state;pose_vector","strong_eye_source_hits_2;weak_xr_or_state_hits_2;strong_pose_or_ray_construction_hits_6;functionality_eye_api_context_without_clear_sink_hits_2","C:\realDesktop\manifest-evaluations\summer-26\ghidra-pipeline\il2cpp-files\vrfs\general-structure-results\70_high_framework_support_only_high\036d64c8_Unity.Collections.NativeArray_OVRPlugin.SpaceQueryResult_$$Dispose.c"
"FUN_036d6580","036d6580","87","70_high_uncertain_eye_setup_high","uncertain","eye_tracking_capability_present","app_or_custom_namespace","setup_only","eye_source;weak_source_state;validity_gate;pose_vector","strong_eye_source_hits_1;weak_xr_or_state_hits_1;validity_or_gating_hits_5;strong_pose_or_ray_construction_hits_2;functionality_eye_api_context_without_clear_sink_hits_1","C:\realDesktop\manifest-evaluations\summer-26\ghidra-pipeline\il2cpp-files\vrfs\general-structure-results\70_high_uncertain_eye_setup_high\036d6580_FUN_036d6580.c"
"Unity.Collections.NativeArray<OVRPlugin.SpaceQueryResult>$$Dispose","036d6584","111","90_plus_framework_support_only_near_certain","uncertain","framework_support_only","framework_namespace_with_project_hint","setup_only","eye_source;weak_source_state;validity_gate;pose_vector","strong_eye_source_hits_3;weak_xr_or_state_hits_3;validity_or_gating_hits_5;strong_pose_or_ray_construction_hits_8;functionality_eye_api_context_without_clear_sink_hits_3","C:\realDesktop\manifest-evaluations\summer-26\ghidra-pipeline\il2cpp-files\vrfs\general-structure-results\90_plus_framework_support_only_near_certain\036d6584_Unity.Collections.NativeArray_OVRPlugin.SpaceQueryResult_$$Dispose.c"
"Unity.Collections.NativeArray<OVRPlugin.SpaceQueryResult>$$CopyFrom","036d668c","105","90_plus_framework_support_only_near_certain","uncertain","framework_support_only","framework_namespace_with_project_hint","setup_only","eye_source;weak_source_state;validity_gate;pose_vector","strong_eye_source_hits_3;weak_xr_or_state_hits_3;validity_or_gating_hits_2;strong_pose_or_ray_construction_hits_6;functionality_eye_api_context_without_clear_sink_hits_3","C:\realDesktop\manifest-evaluations\summer-26\ghidra-pipeline\il2cpp-files\vrfs\general-structure-results\90_plus_framework_support_only_near_certain\036d668c_Unity.Collections.NativeArray_OVRPlugin.SpaceQueryResult_$$CopyFrom.c"
"Unity.Collections.NativeArray<OVRPlugin.SpaceQueryResult>$$CopyTo","036d6720","94","90_plus_framework_support_only_near_certain","uncertain","framework_support_only","framework_namespace_with_project_hint","setup_only","eye_source;weak_source_state;validity_gate;pose_vector","strong_eye_source_hits_2;weak_xr_or_state_hits_2;validity_or_gating_hits_1;strong_pose_or_ray_construction_hits_4;functionality_eye_api_context_without_clear_sink_hits_2","C:\realDesktop\manifest-evaluations\summer-26\ghidra-pipeline\il2cpp-files\vrfs\general-structure-results\90_plus_framework_support_only_near_certain\036d6720_Unity.Collections.NativeArray_OVRPlugin.SpaceQueryResult_$$CopyTo.c"
"Unity.Collections.NativeArray<OVRPlugin.SpaceQueryResult>$$ToArray","036d67a4","81","70_high_framework_support_only_high","uncertain","framework_support_only","framework_namespace_with_project_hint","setup_only","eye_source;weak_source_state;pose_vector","strong_eye_source_hits_2;weak_xr_or_state_hits_2;strong_pose_or_ray_construction_hits_8;functionality_eye_api_context_without_clear_sink_hits_2","C:\realDesktop\manifest-evaluations\summer-26\ghidra-pipeline\il2cpp-files\vrfs\general-structure-results\70_high_framework_support_only_high\036d67a4_Unity.Collections.NativeArray_OVRPlugin.SpaceQueryResult_$$ToArray.c"
"Unity.Collections.NativeArray<OVRPlugin.SpaceQueryResult>$$GetEnumerator","036d6860","103","90_plus_framework_support_only_near_certain","uncertain","framework_support_only","framework_namespace_with_project_hint","setup_only","eye_source;weak_source_state;validity_gate;pose_vector","strong_eye_source_hits_2;weak_xr_or_state_hits_2;validity_or_gating_hits_21;strong_pose_or_ray_construction_hits_4;functionality_eye_api_context_without_clear_sink_hits_2","C:\realDesktop\manifest-evaluations\summer-26\ghidra-pipeline\il2cpp-files\vrfs\general-structure-results\90_plus_framework_support_only_near_certain\036d6860_Unity.Collections.NativeArray_OVRPlugin.SpaceQueryResult_$$GetEnumerator.c"
"Unity.Collections.NativeArray<OVRPlugin.SpaceQueryResult>$$System.Collections.Generic.IEnumerable<T>.GetEnumerator","036d68d0","103","90_plus_framework_support_only_near_certain","uncertain","framework_support_only","framework_namespace_with_project_hint","setup_only","eye_source;weak_source_state;validity_gate;pose_vector","strong_eye_source_hits_2;weak_xr_or_state_hits_2;validity_or_gating_hits_21;strong_pose_or_ray_construction_hits_4;functionality_eye_api_context_without_clear_sink_hits_2","C:\realDesktop\manifest-evaluations\summer-26\ghidra-pipeline\il2cpp-files\vrfs\general-structure-results\90_plus_framework_support_only_near_certain\036d68d0_Unity.Collections.NativeArray_OVRPlugin.SpaceQueryResult_$$System.Collections.Generic.IEnumerable_T_.GetEnumerator.c"
"Unity.Collections.NativeArray<OVRPlugin.SpaceQueryResult>$$System.Collections.IEnumerable.GetEnumerator","036d6968","81","70_high_framework_support_only_high","uncertain","framework_support_only","framework_namespace_with_project_hint","setup_only","eye_source;weak_source_state;pose_vector","strong_eye_source_hits_2;weak_xr_or_state_hits_2;strong_pose_or_ray_construction_hits_4;functionality_eye_api_context_without_clear_sink_hits_2","C:\realDesktop\manifest-evaluations\summer-26\ghidra-pipeline\il2cpp-files\vrfs\general-structure-results\70_high_framework_support_only_high\036d6968_Unity.Collections.NativeArray_OVRPlugin.SpaceQueryResult_$$System.Collections.IEnumerable.GetEnumerator.c"
"Unity.Collections.NativeArray<OVRPlugin.SpaceQueryResult>$$Equals","036d69f4","103","90_plus_framework_support_only_near_certain","uncertain","framework_support_only","framework_namespace_with_project_hint","setup_only","eye_source;weak_source_state;validity_gate;pose_vector","strong_eye_source_hits_2;weak_xr_or_state_hits_2;validity_or_gating_hits_21;strong_pose_or_ray_construction_hits_4;functionality_eye_api_context_without_clear_sink_hits_2","C:\realDesktop\manifest-evaluations\summer-26\ghidra-pipeline\il2cpp-files\vrfs\general-structure-results\90_plus_framework_support_only_near_certain\036d69f4_Unity.Collections.NativeArray_OVRPlugin.SpaceQueryResult_$$Equals.c"
"Unity.Collections.NativeArray<OVRPlugin.SpaceQueryResult>$$Equals","036d6a18","103","90_plus_framework_support_only_near_certain","uncertain","framework_support_only","framework_namespace_with_project_hint","setup_only","eye_source;weak_source_state;validity_gate;pose_vector","strong_eye_source_hits_2;weak_xr_or_state_hits_2;validity_or_gating_hits_21;strong_pose_or_ray_construction_hits_4;functionality_eye_api_context_without_clear_sink_hits_2","C:\realDesktop\manifest-evaluations\summer-26\ghidra-pipeline\il2cpp-files\vrfs\general-structure-results\90_plus_framework_support_only_near_certain\036d6a18_Unity.Collections.NativeArray_OVRPlugin.SpaceQueryResult_$$Equals.c"
"Unity.Collections.NativeArray<OVRPlugin.SpaceQueryResult>$$GetHashCode","036d6af0","103","90_plus_framework_support_only_near_certain","uncertain","framework_support_only","framework_namespace_with_project_hint","setup_only","eye_source;weak_source_state;validity_gate;pose_vector","strong_eye_source_hits_2;weak_xr_or_state_hits_2;validity_or_gating_hits_21;strong_pose_or_ray_construction_hits_4;functionality_eye_api_context_without_clear_sink_hits_2","C:\realDesktop\manifest-evaluations\summer-26\ghidra-pipeline\il2cpp-files\vrfs\general-structure-results\90_plus_framework_support_only_near_certain\036d6af0_Unity.Collections.NativeArray_OVRPlugin.SpaceQueryResult_$$GetHashCode.c"
"Unity.Collections.NativeArray<OVRPlugin.SpaceQueryResult>$$Copy","036d6b08","103","90_plus_framework_support_only_near_certain","uncertain","framework_support_only","framework_namespace_with_project_hint","setup_only","eye_source;weak_source_state;validity_gate;pose_vector","strong_eye_source_hits_2;weak_xr_or_state_hits_2;validity_or_gating_hits_21;strong_pose_or_ray_construction_hits_4;functionality_eye_api_context_without_clear_sink_hits_2","C:\realDesktop\manifest-evaluations\summer-26\ghidra-pipeline\il2cpp-files\vrfs\general-structure-results\90_plus_framework_support_only_near_certain\036d6b08_Unity.Collections.NativeArray_OVRPlugin.SpaceQueryResult_$$Copy.c"
"Unity.Collections.NativeArray<OVRPlugin.SpaceQueryResult>$$Copy","036d6bac","103","90_plus_framework_support_only_near_certain","uncertain","framework_support_only","framework_namespace_with_project_hint","setup_only","eye_source;weak_source_state;validity_gate;pose_vector","strong_eye_source_hits_2;weak_xr_or_state_hits_2;validity_or_gating_hits_21;strong_pose_or_ray_construction_hits_4;functionality_eye_api_context_without_clear_sink_hits_2","C:\realDesktop\manifest-evaluations\summer-26\ghidra-pipeline\il2cpp-files\vrfs\general-structure-results\90_plus_framework_support_only_near_certain\036d6bac_Unity.Collections.NativeArray_OVRPlugin.SpaceQueryResult_$$Copy.c"
"Unity.Collections.NativeArray<OVRPlugin.SpaceQueryResult>$$Copy","036d6c4c","103","90_plus_framework_support_only_near_certain","uncertain","framework_support_only","framework_namespace_with_project_hint","setup_only","eye_source;weak_source_state;validity_gate;pose_vector","strong_eye_source_hits_2;weak_xr_or_state_hits_2;validity_or_gating_hits_21;strong_pose_or_ray_construction_hits_4;functionality_eye_api_context_without_clear_sink_hits_2","C:\realDesktop\manifest-evaluations\summer-26\ghidra-pipeline\il2cpp-files\vrfs\general-structure-results\90_plus_framework_support_only_near_certain\036d6c4c_Unity.Collections.NativeArray_OVRPlugin.SpaceQueryResult_$$Copy.c"
"Unity.Collections.NativeArray<OVRPlugin.SpaceQueryResult>$$Copy","036d6ce0","103","90_plus_framework_support_only_near_certain","uncertain","framework_support_only","framework_namespace_with_project_hint","setup_only","eye_source;weak_source_state;validity_gate;pose_vector","strong_eye_source_hits_2;weak_xr_or_state_hits_2;validity_or_gating_hits_21;strong_pose_or_ray_construction_hits_4;functionality_eye_api_context_without_clear_sink_hits_2","C:\realDesktop\manifest-evaluations\summer-26\ghidra-pipeline\il2cpp-files\vrfs\general-structure-results\90_plus_framework_support_only_near_certain\036d6ce0_Unity.Collections.NativeArray_OVRPlugin.SpaceQueryResult_$$Copy.c"
"Unity.Collections.NativeArray<OVRPlugin.SpaceQueryResult>$$Copy","036d6d88","103","90_plus_framework_support_only_near_certain","uncertain","framework_support_only","framework_namespace_with_project_hint","setup_only","eye_source;weak_source_state;validity_gate;pose_vector","strong_eye_source_hits_2;weak_xr_or_state_hits_2;validity_or_gating_hits_21;strong_pose_or_ray_construction_hits_4;functionality_eye_api_context_without_clear_sink_hits_2","C:\realDesktop\manifest-evaluations\summer-26\ghidra-pipeline\il2cpp-files\vrfs\general-structure-results\90_plus_framework_support_only_near_certain\036d6d88_Unity.Collections.NativeArray_OVRPlugin.SpaceQueryResult_$$Copy.c"
"Unity.Collections.NativeArray<OVRPlugin.SpaceQueryResult>$$Copy","036d6e28","103","90_plus_framework_support_only_near_certain","uncertain","framework_support_only","framework_namespace_with_project_hint","setup_only","eye_source;weak_source_state;validity_gate;pose_vector","strong_eye_source_hits_2;weak_xr_or_state_hits_2;validity_or_gating_hits_21;strong_pose_or_ray_construction_hits_4;functionality_eye_api_context_without_clear_sink_hits_2","C:\realDesktop\manifest-evaluations\summer-26\ghidra-pipeline\il2cpp-files\vrfs\general-structure-results\90_plus_framework_support_only_near_certain\036d6e28_Unity.Collections.NativeArray_OVRPlugin.SpaceQueryResult_$$Copy.c"
"Unity.Collections.NativeArray<OVRPlugin.SpaceQueryResult>$$Copy","036d6f74","103","90_plus_framework_support_only_near_certain","uncertain","framework_support_only","framework_namespace_with_project_hint","setup_only","eye_source;weak_source_state;validity_gate;pose_vector","strong_eye_source_hits_2;weak_xr_or_state_hits_2;validity_or_gating_hits_21;strong_pose_or_ray_construction_hits_4;functionality_eye_api_context_without_clear_sink_hits_2","C:\realDesktop\manifest-evaluations\summer-26\ghidra-pipeline\il2cpp-files\vrfs\general-structure-results\90_plus_framework_support_only_near_certain\036d6f74_Unity.Collections.NativeArray_OVRPlugin.SpaceQueryResult_$$Copy.c"
"Unity.Collections.NativeArray<OVRPlugin.SpaceQueryResult>$$Copy","036d70fc","103","90_plus_framework_support_only_near_certain","uncertain","framework_support_only","framework_namespace_with_project_hint","setup_only","eye_source;weak_source_state;validity_gate;pose_vector","strong_eye_source_hits_2;weak_xr_or_state_hits_2;validity_or_gating_hits_6;strong_pose_or_ray_construction_hits_4;functionality_eye_api_context_without_clear_sink_hits_2","C:\realDesktop\manifest-evaluations\summer-26\ghidra-pipeline\il2cpp-files\vrfs\general-structure-results\90_plus_framework_support_only_near_certain\036d70fc_Unity.Collections.NativeArray_OVRPlugin.SpaceQueryResult_$$Copy.c"
"Unity.Collections.NativeArray<OVRPlugin.SpaceQueryResult>$$GetSubArray","036d7280","103","90_plus_framework_support_only_near_certain","uncertain","framework_support_only","framework_namespace_with_project_hint","setup_only","eye_source;weak_source_state;validity_gate;pose_vector","strong_eye_source_hits_2;weak_xr_or_state_hits_2;validity_or_gating_hits_6;strong_pose_or_ray_construction_hits_8;functionality_eye_api_context_without_clear_sink_hits_2","C:\realDesktop\manifest-evaluations\summer-26\ghidra-pipeline\il2cpp-files\vrfs\general-structure-results\90_plus_framework_support_only_near_certain\036d7280_Unity.Collections.NativeArray_OVRPlugin.SpaceQueryResult_$$GetSubArray.c"
"Unity.Collections.NativeArray<OVRPlugin.SpaceQueryResult>$$AsReadOnly","036d7368","103","90_plus_framework_support_only_near_certain","uncertain","framework_support_only","framework_namespace_with_project_hint","setup_only","eye_source;weak_source_state;validity_gate;pose_vector","strong_eye_source_hits_2;weak_xr_or_state_hits_2;validity_or_gating_hits_19;strong_pose_or_ray_construction_hits_4;functionality_eye_api_context_without_clear_sink_hits_2","C:\realDesktop\manifest-evaluations\summer-26\ghidra-pipeline\il2cpp-files\vrfs\general-structure-results\90_plus_framework_support_only_near_certain\036d7368_Unity.Collections.NativeArray_OVRPlugin.SpaceQueryResult_$$AsReadOnly.c"
"Unity.Collections.NativeArray<OVRPlugin.Vector2f>$$.ctor","036d73bc","83","70_high_framework_support_only_high","uncertain","framework_support_only","framework_or_engine_namespace","setup_only","eye_source;weak_source_state;validity_gate;pose_vector","strong_eye_source_hits_2;weak_xr_or_state_hits_2;validity_or_gating_hits_17;strong_pose_or_ray_construction_hits_4;negative_framework_support_context_without_confirmed_app_level_gaze_flow;functionality_eye_api_context_without_clear_sink_hits_2","C:\realDesktop\manifest-evaluations\summer-26\ghidra-pipeline\il2cpp-files\vrfs\general-structure-results\70_high_framework_support_only_high\036d73bc_Unity.Collections.NativeArray_OVRPlugin.Vector2f_$$.ctor.c"
"Unity.Collections.NativeArray<OVRPlugin.Vector2f>$$.ctor","036d74c8","83","70_high_framework_support_only_high","uncertain","framework_support_only","framework_or_engine_namespace","setup_only","eye_source;weak_source_state;validity_gate;pose_vector","strong_eye_source_hits_2;weak_xr_or_state_hits_2;validity_or_gating_hits_16;strong_pose_or_ray_construction_hits_4;negative_framework_support_context_without_confirmed_app_level_gaze_flow;functionality_eye_api_context_without_clear_sink_hits_2","C:\realDesktop\manifest-evaluations\summer-26\ghidra-pipeline\il2cpp-files\vrfs\general-structure-results\70_high_framework_support_only_high\036d74c8_Unity.Collections.NativeArray_OVRPlugin.Vector2f_$$.ctor.c"
"Unity.Collections.NativeArray<OVRPlugin.Vector2f>$$Allocate","036d75c0","83","70_high_framework_support_only_high","uncertain","framework_support_only","framework_or_engine_namespace","setup_only","eye_source;weak_source_state;validity_gate;pose_vector","strong_eye_source_hits_2;weak_xr_or_state_hits_2;validity_or_gating_hits_16;strong_pose_or_ray_construction_hits_4;negative_framework_support_context_without_confirmed_app_level_gaze_flow;functionality_eye_api_context_without_clear_sink_hits_2","C:\realDesktop\manifest-evaluations\summer-26\ghidra-pipeline\il2cpp-files\vrfs\general-structure-results\70_high_framework_support_only_high\036d75c0_Unity.Collections.NativeArray_OVRPlugin.Vector2f_$$Allocate.c"
"Unity.Collections.NativeArray<OVRPlugin.Vector2f>$$get_Length","036d76a8","83","70_high_framework_support_only_high","uncertain","framework_support_only","framework_or_engine_namespace","setup_only","eye_source;weak_source_state;validity_gate;pose_vector","strong_eye_source_hits_2;weak_xr_or_state_hits_2;validity_or_gating_hits_11;strong_pose_or_ray_construction_hits_4;negative_framework_support_context_without_confirmed_app_level_gaze_flow;functionality_eye_api_context_without_clear_sink_hits_2","C:\realDesktop\manifest-evaluations\summer-26\ghidra-pipeline\il2cpp-files\vrfs\general-structure-results\70_high_framework_support_only_high\036d76a8_Unity.Collections.NativeArray_OVRPlugin.Vector2f_$$get_Length.c"
"Unity.Collections.NativeArray<OVRPlugin.Vector2f>$$get_Item","036d76b0","83","70_high_framework_support_only_high","uncertain","framework_support_only","framework_or_engine_namespace","setup_only","eye_source;weak_source_state;validity_gate;pose_vector","strong_eye_source_hits_2;weak_xr_or_state_hits_2;validity_or_gating_hits_11;strong_pose_or_ray_construction_hits_4;negative_framework_support_context_without_confirmed_app_level_gaze_flow;functionality_eye_api_context_without_clear_sink_hits_2","C:\realDesktop\manifest-evaluations\summer-26\ghidra-pipeline\il2cpp-files\vrfs\general-structure-results\70_high_framework_support_only_high\036d76b0_Unity.Collections.NativeArray_OVRPlugin.Vector2f_$$get_Item.c"
"Unity.Collections.NativeArray<OVRPlugin.Vector2f>$$set_Item","036d7730","83","70_high_framework_support_only_high","uncertain","framework_support_only","framework_or_engine_namespace","setup_only","eye_source;weak_source_state;validity_gate;pose_vector","strong_eye_source_hits_2;weak_xr_or_state_hits_2;validity_or_gating_hits_7;strong_pose_or_ray_construction_hits_4;negative_framework_support_context_without_confirmed_app_level_gaze_flow;functionality_eye_api_context_without_clear_sink_hits_2","C:\realDesktop\manifest-evaluations\summer-26\ghidra-pipeline\il2cpp-files\vrfs\general-structure-results\70_high_framework_support_only_high\036d7730_Unity.Collections.NativeArray_OVRPlugin.Vector2f_$$set_Item.c"
"Unity.Collections.NativeArray<OVRPlugin.Vector2f>$$get_IsCreated","036d77c8","83","70_high_framework_support_only_high","uncertain","framework_support_only","framework_or_engine_namespace","setup_only","eye_source;weak_source_state;validity_gate;pose_vector","strong_eye_source_hits_2;weak_xr_or_state_hits_2;validity_or_gating_hits_5;strong_pose_or_ray_construction_hits_4;negative_framework_support_context_without_confirmed_app_level_gaze_flow;functionality_eye_api_context_without_clear_sink_hits_2","C:\realDesktop\manifest-evaluations\summer-26\ghidra-pipeline\il2cpp-files\vrfs\general-structure-results\70_high_framework_support_only_high\036d77c8_Unity.Collections.NativeArray_OVRPlugin.Vector2f_$$get_IsCreated.c"
"Unity.Collections.NativeArray<OVRPlugin.Vector2f>$$Dispose","036d77d8","97","90_plus_framework_support_only_near_certain","uncertain","framework_support_only","framework_or_engine_namespace","setup_only","eye_source;weak_source_state;validity_gate;pose_vector","strong_eye_source_hits_4;weak_xr_or_state_hits_4;validity_or_gating_hits_6;strong_pose_or_ray_construction_hits_10;negative_framework_support_context_without_confirmed_app_level_gaze_flow;functionality_eye_api_context_without_clear_sink_hits_4","C:\realDesktop\manifest-evaluations\summer-26\ghidra-pipeline\il2cpp-files\vrfs\general-structure-results\90_plus_framework_support_only_near_certain\036d77d8_Unity.Collections.NativeArray_OVRPlugin.Vector2f_$$Dispose.c"
"Unity.Collections.NativeArray<OVRPlugin.Vector2f>$$Dispose","036d7894","83","70_high_framework_support_only_high","uncertain","framework_support_only","framework_or_engine_namespace","setup_only","eye_source;weak_source_state;validity_gate;pose_vector","strong_eye_source_hits_2;weak_xr_or_state_hits_2;validity_or_gating_hits_6;strong_pose_or_ray_construction_hits_6;negative_framework_support_context_without_confirmed_app_level_gaze_flow;functionality_eye_api_context_without_clear_sink_hits_2","C:\realDesktop\manifest-evaluations\summer-26\ghidra-pipeline\il2cpp-files\vrfs\general-structure-results\70_high_framework_support_only_high\036d7894_Unity.Collections.NativeArray_OVRPlugin.Vector2f_$$Dispose.c"
"Unity.Collections.NativeArray<OVRPlugin.Vector2f>$$CopyFrom","036d799c","80","70_high_framework_support_only_high","uncertain","framework_support_only","framework_or_engine_namespace","setup_only","eye_source;weak_source_state;validity_gate;pose_vector","strong_eye_source_hits_2;weak_xr_or_state_hits_2;validity_or_gating_hits_3;strong_pose_or_ray_construction_hits_4;negative_framework_support_context_without_confirmed_app_level_gaze_flow;functionality_eye_api_context_without_clear_sink_hits_2","C:\realDesktop\manifest-evaluations\summer-26\ghidra-pipeline\il2cpp-files\vrfs\general-structure-results\70_high_framework_support_only_high\036d799c_Unity.Collections.NativeArray_OVRPlugin.Vector2f_$$CopyFrom.c"
"Unity.Collections.NativeArray<OVRPlugin.Vector2f>$$CopyTo","036d7a30","74","70_high_framework_support_only_high","uncertain","framework_support_only","framework_or_engine_namespace","setup_only","eye_source;weak_source_state;validity_gate;pose_vector","strong_eye_source_hits_2;weak_xr_or_state_hits_2;validity_or_gating_hits_1;strong_pose_or_ray_construction_hits_4;negative_framework_support_context_without_confirmed_app_level_gaze_flow;functionality_eye_api_context_without_clear_sink_hits_2","C:\realDesktop\manifest-evaluations\summer-26\ghidra-pipeline\il2cpp-files\vrfs\general-structure-results\70_high_framework_support_only_high\036d7a30_Unity.Collections.NativeArray_OVRPlugin.Vector2f_$$CopyTo.c"
"Unity.Collections.NativeArray<OVRPlugin.Vector2f>$$GetEnumerator","036d7b70","83","70_high_framework_support_only_high","uncertain","framework_support_only","framework_or_engine_namespace","setup_only","eye_source;weak_source_state;validity_gate;pose_vector","strong_eye_source_hits_2;weak_xr_or_state_hits_2;validity_or_gating_hits_4;strong_pose_or_ray_construction_hits_4;negative_framework_support_context_without_confirmed_app_level_gaze_flow;functionality_eye_api_context_without_clear_sink_hits_2","C:\realDesktop\manifest-evaluations\summer-26\ghidra-pipeline\il2cpp-files\vrfs\general-structure-results\70_high_framework_support_only_high\036d7b70_Unity.Collections.NativeArray_OVRPlugin.Vector2f_$$GetEnumerator.c"
"Unity.Collections.NativeArray<OVRPlugin.Vector2f>$$System.Collections.Generic.IEnumerable<T>.GetEnumerator","036d7bd0","83","70_high_framework_support_only_high","uncertain","framework_support_only","framework_or_engine_namespace","setup_only","eye_source;weak_source_state;validity_gate;pose_vector","strong_eye_source_hits_2;weak_xr_or_state_hits_2;validity_or_gating_hits_4;strong_pose_or_ray_construction_hits_4;negative_framework_support_context_without_confirmed_app_level_gaze_flow;functionality_eye_api_context_without_clear_sink_hits_2","C:\realDesktop\manifest-evaluations\summer-26\ghidra-pipeline\il2cpp-files\vrfs\general-structure-results\70_high_framework_support_only_high\036d7bd0_Unity.Collections.NativeArray_OVRPlugin.Vector2f_$$System.Collections.Generic.IEnumerable_T_.GetEnumerator.c"
"Unity.Collections.NativeArray<OVRPlugin.Vector2f>$$System.Collections.IEnumerable.GetEnumerator","036d7c5c","77","70_high_framework_support_only_high","uncertain","framework_support_only","framework_or_engine_namespace","setup_only","eye_source;weak_source_state;validity_gate;pose_vector","strong_eye_source_hits_2;weak_xr_or_state_hits_2;validity_or_gating_hits_2;strong_pose_or_ray_construction_hits_4;negative_framework_support_context_without_confirmed_app_level_gaze_flow;functionality_eye_api_context_without_clear_sink_hits_2","C:\realDesktop\manifest-evaluations\summer-26\ghidra-pipeline\il2cpp-files\vrfs\general-structure-results\70_high_framework_support_only_high\036d7c5c_Unity.Collections.NativeArray_OVRPlugin.Vector2f_$$System.Collections.IEnumerable.GetEnumerator.c"
"Unity.Collections.NativeArray<OVRPlugin.Vector2f>$$Equals","036d7ce0","74","70_high_framework_support_only_high","uncertain","framework_support_only","framework_or_engine_namespace","setup_only","eye_source;weak_source_state;validity_gate;pose_vector","strong_eye_source_hits_2;weak_xr_or_state_hits_2;validity_or_gating_hits_1;strong_pose_or_ray_construction_hits_4;negative_framework_support_context_without_confirmed_app_level_gaze_flow;functionality_eye_api_context_without_clear_sink_hits_2","C:\realDesktop\manifest-evaluations\summer-26\ghidra-pipeline\il2cpp-files\vrfs\general-structure-results\70_high_framework_support_only_high\036d7ce0_Unity.Collections.NativeArray_OVRPlugin.Vector2f_$$Equals.c"
"Unity.Collections.NativeArray<OVRPlugin.Vector2f>$$Equals","036d7d04","74","70_high_framework_support_only_high","uncertain","framework_support_only","framework_or_engine_namespace","setup_only","eye_source;weak_source_state;validity_gate;pose_vector","strong_eye_source_hits_2;weak_xr_or_state_hits_2;validity_or_gating_hits_1;strong_pose_or_ray_construction_hits_4;negative_framework_support_context_without_confirmed_app_level_gaze_flow;functionality_eye_api_context_without_clear_sink_hits_2","C:\realDesktop\manifest-evaluations\summer-26\ghidra-pipeline\il2cpp-files\vrfs\general-structure-results\70_high_framework_support_only_high\036d7d04_Unity.Collections.NativeArray_OVRPlugin.Vector2f_$$Equals.c"
"Unity.Collections.NativeArray<OVRPlugin.Vector2f>$$GetHashCode","036d7ddc","77","70_high_framework_support_only_high","uncertain","framework_support_only","framework_or_engine_namespace","setup_only","eye_source;weak_source_state;validity_gate;pose_vector","strong_eye_source_hits_2;weak_xr_or_state_hits_2;validity_or_gating_hits_2;strong_pose_or_ray_construction_hits_4;negative_framework_support_context_without_confirmed_app_level_gaze_flow;functionality_eye_api_context_without_clear_sink_hits_2","C:\realDesktop\manifest-evaluations\summer-26\ghidra-pipeline\il2cpp-files\vrfs\general-structure-results\70_high_framework_support_only_high\036d7ddc_Unity.Collections.NativeArray_OVRPlugin.Vector2f_$$GetHashCode.c"
"Unity.Collections.NativeArray<OVRPlugin.Vector2f>$$Copy","036d7df4","77","70_high_framework_support_only_high","uncertain","framework_support_only","framework_or_engine_namespace","setup_only","eye_source;weak_source_state;validity_gate;pose_vector","strong_eye_source_hits_2;weak_xr_or_state_hits_2;validity_or_gating_hits_2;strong_pose_or_ray_construction_hits_4;negative_framework_support_context_without_confirmed_app_level_gaze_flow;functionality_eye_api_context_without_clear_sink_hits_2","C:\realDesktop\manifest-evaluations\summer-26\ghidra-pipeline\il2cpp-files\vrfs\general-structure-results\70_high_framework_support_only_high\036d7df4_Unity.Collections.NativeArray_OVRPlugin.Vector2f_$$Copy.c"
"Unity.Collections.NativeArray<OVRPlugin.Vector2f>$$Copy","036d7e98","77","70_high_framework_support_only_high","uncertain","framework_support_only","framework_or_engine_namespace","setup_only","eye_source;weak_source_state;validity_gate;pose_vector","strong_eye_source_hits_2;weak_xr_or_state_hits_2;validity_or_gating_hits_2;strong_pose_or_ray_construction_hits_4;negative_framework_support_context_without_confirmed_app_level_gaze_flow;functionality_eye_api_context_without_clear_sink_hits_2","C:\realDesktop\manifest-evaluations\summer-26\ghidra-pipeline\il2cpp-files\vrfs\general-structure-results\70_high_framework_support_only_high\036d7e98_Unity.Collections.NativeArray_OVRPlugin.Vector2f_$$Copy.c"
"Unity.Collections.NativeArray<OVRPlugin.Vector2f>$$Copy","036d7fcc","83","70_high_framework_support_only_high","uncertain","framework_support_only","framework_or_engine_namespace","setup_only","eye_source;weak_source_state;validity_gate;pose_vector","strong_eye_source_hits_2;weak_xr_or_state_hits_2;validity_or_gating_hits_8;strong_pose_or_ray_construction_hits_4;negative_framework_support_context_without_confirmed_app_level_gaze_flow;functionality_eye_api_context_without_clear_sink_hits_2","C:\realDesktop\manifest-evaluations\summer-26\ghidra-pipeline\il2cpp-files\vrfs\general-structure-results\70_high_framework_support_only_high\036d7fcc_Unity.Collections.NativeArray_OVRPlugin.Vector2f_$$Copy.c"
"Unity.Collections.NativeArray<OVRPlugin.Vector2f>$$Copy","036d8114","83","70_high_framework_support_only_high","uncertain","framework_support_only","framework_or_engine_namespace","setup_only","eye_source;weak_source_state;validity_gate;pose_vector","strong_eye_source_hits_2;weak_xr_or_state_hits_2;validity_or_gating_hits_6;strong_pose_or_ray_construction_hits_4;negative_framework_support_context_without_confirmed_app_level_gaze_flow;functionality_eye_api_context_without_clear_sink_hits_2","C:\realDesktop\manifest-evaluations\summer-26\ghidra-pipeline\il2cpp-files\vrfs\general-structure-results\70_high_framework_support_only_high\036d8114_Unity.Collections.NativeArray_OVRPlugin.Vector2f_$$Copy.c"
"Unity.Collections.NativeArray<OVRPlugin.Vector2f>$$Copy","036d8260","80","70_high_framework_support_only_high","uncertain","framework_support_only","framework_or_engine_namespace","setup_only","eye_source;weak_source_state;validity_gate;pose_vector","strong_eye_source_hits_2;weak_xr_or_state_hits_2;validity_or_gating_hits_3;strong_pose_or_ray_construction_hits_4;negative_framework_support_context_without_confirmed_app_level_gaze_flow;functionality_eye_api_context_without_clear_sink_hits_2","C:\realDesktop\manifest-evaluations\summer-26\ghidra-pipeline\il2cpp-files\vrfs\general-structure-results\70_high_framework_support_only_high\036d8260_Unity.Collections.NativeArray_OVRPlugin.Vector2f_$$Copy.c"
"Unity.Collections.NativeArray<OVRPlugin.Vector2f>$$Copy","036d83e8","74","70_high_framework_support_only_high","uncertain","framework_support_only","framework_or_engine_namespace","setup_only","eye_source;weak_source_state;validity_gate;pose_vector","strong_eye_source_hits_2;weak_xr_or_state_hits_2;validity_or_gating_hits_1;strong_pose_or_ray_construction_hits_4;negative_framework_support_context_without_confirmed_app_level_gaze_flow;functionality_eye_api_context_without_clear_sink_hits_2","C:\realDesktop\manifest-evaluations\summer-26\ghidra-pipeline\il2cpp-files\vrfs\general-structure-results\70_high_framework_support_only_high\036d83e8_Unity.Collections.NativeArray_OVRPlugin.Vector2f_$$Copy.c"
"Unity.Collections.NativeArray<OVRPlugin.Vector2f>$$AsReadOnly","036d8654","74","70_high_framework_support_only_high","uncertain","framework_support_only","framework_or_engine_namespace","setup_only","eye_source;weak_source_state;validity_gate;pose_vector","strong_eye_source_hits_2;weak_xr_or_state_hits_2;validity_or_gating_hits_1;strong_pose_or_ray_construction_hits_4;negative_framework_support_context_without_confirmed_app_level_gaze_flow;functionality_eye_api_context_without_clear_sink_hits_2","C:\realDesktop\manifest-evaluations\summer-26\ghidra-pipeline\il2cpp-files\vrfs\general-structure-results\70_high_framework_support_only_high\036d8654_Unity.Collections.NativeArray_OVRPlugin.Vector2f_$$AsReadOnly.c"
"Unity.Collections.NativeArray<OVRPlugin.Vector3f>$$.ctor","036d86a8","74","70_high_framework_support_only_high","uncertain","framework_support_only","framework_or_engine_namespace","setup_only","eye_source;weak_source_state;validity_gate;pose_vector","strong_eye_source_hits_2;weak_xr_or_state_hits_2;validity_or_gating_hits_1;strong_pose_or_ray_construction_hits_4;negative_framework_support_context_without_confirmed_app_level_gaze_flow;functionality_eye_api_context_without_clear_sink_hits_2","C:\realDesktop\manifest-evaluations\summer-26\ghidra-pipeline\il2cpp-files\vrfs\general-structure-results\70_high_framework_support_only_high\036d86a8_Unity.Collections.NativeArray_OVRPlugin.Vector3f_$$.ctor.c"
"Unity.Collections.NativeArray<OVRPlugin.Vector3f>$$set_Item","036d8a1c","83","70_high_framework_support_only_high","uncertain","framework_support_only","framework_or_engine_namespace","setup_only","eye_source;weak_source_state;validity_gate;pose_vector","strong_eye_source_hits_2;weak_xr_or_state_hits_2;validity_or_gating_hits_4;strong_pose_or_ray_construction_hits_4;negative_framework_support_context_without_confirmed_app_level_gaze_flow;functionality_eye_api_context_without_clear_sink_hits_2","C:\realDesktop\manifest-evaluations\summer-26\ghidra-pipeline\il2cpp-files\vrfs\general-structure-results\70_high_framework_support_only_high\036d8a1c_Unity.Collections.NativeArray_OVRPlugin.Vector3f_$$set_Item.c"
"Unity.Collections.NativeArray<OVRPlugin.Vector3f>$$get_IsCreated","036d8abc","74","70_high_framework_support_only_high","uncertain","framework_support_only","framework_or_engine_namespace","setup_only","eye_source;weak_source_state;validity_gate;pose_vector","strong_eye_source_hits_2;weak_xr_or_state_hits_2;validity_or_gating_hits_1;strong_pose_or_ray_construction_hits_4;negative_framework_support_context_without_confirmed_app_level_gaze_flow;functionality_eye_api_context_without_clear_sink_hits_2","C:\realDesktop\manifest-evaluations\summer-26\ghidra-pipeline\il2cpp-files\vrfs\general-structure-results\70_high_framework_support_only_high\036d8abc_Unity.Collections.NativeArray_OVRPlugin.Vector3f_$$get_IsCreated.c"
"FUN_036d8bf4","036d8bf4","111","90_plus_uncertain_eye_setup_near_certain","uncertain","eye_tracking_capability_present","app_or_custom_namespace","setup_only","eye_source;weak_source_state;validity_gate;pose_vector","strong_eye_source_hits_3;weak_xr_or_state_hits_3;validity_or_gating_hits_4;strong_pose_or_ray_construction_hits_6;functionality_eye_api_context_without_clear_sink_hits_3","C:\realDesktop\manifest-evaluations\summer-26\ghidra-pipeline\il2cpp-files\vrfs\general-structure-results\90_plus_uncertain_eye_setup_near_certain\036d8bf4_FUN_036d8bf4.c"
"Unity.Collections.NativeArray<OVRPlugin.Vector3f>$$CopyFrom","036d8c90","97","90_plus_framework_support_only_near_certain","uncertain","framework_support_only","framework_or_engine_namespace","setup_only","eye_source;weak_source_state;validity_gate;pose_vector","strong_eye_source_hits_5;weak_xr_or_state_hits_5;validity_or_gating_hits_4;strong_pose_or_ray_construction_hits_10;negative_framework_support_context_without_confirmed_app_level_gaze_flow;functionality_eye_api_context_without_clear_sink_hits_5","C:\realDesktop\manifest-evaluations\summer-26\ghidra-pipeline\il2cpp-files\vrfs\general-structure-results\90_plus_framework_support_only_near_certain\036d8c90_Unity.Collections.NativeArray_OVRPlugin.Vector3f_$$CopyFrom.c"
"FUN_036d8ec8","036d8ec8","103","90_plus_uncertain_eye_setup_near_certain","uncertain","eye_tracking_capability_present","app_or_custom_namespace","setup_only","eye_source;weak_source_state;validity_gate;pose_vector","strong_eye_source_hits_2;weak_xr_or_state_hits_2;validity_or_gating_hits_21;strong_pose_or_ray_construction_hits_4;functionality_eye_api_context_without_clear_sink_hits_2","C:\realDesktop\manifest-evaluations\summer-26\ghidra-pipeline\il2cpp-files\vrfs\general-structure-results\90_plus_uncertain_eye_setup_near_certain\036d8ec8_FUN_036d8ec8.c"
"Unity.Collections.NativeArray<OVRPlugin.Vector3f>$$System.Collections.IEnumerable.GetEnumerator","036d8f50","97","90_plus_framework_support_only_near_certain","uncertain","framework_support_only","framework_or_engine_namespace","setup_only","eye_source;weak_source_state;validity_gate;pose_vector","strong_eye_source_hits_4;weak_xr_or_state_hits_4;validity_or_gating_hits_21;strong_pose_or_ray_construction_hits_8;negative_framework_support_context_without_confirmed_app_level_gaze_flow;functionality_eye_api_context_without_clear_sink_hits_4","C:\realDesktop\manifest-evaluations\summer-26\ghidra-pipeline\il2cpp-files\vrfs\general-structure-results\90_plus_framework_support_only_near_certain\036d8f50_Unity.Collections.NativeArray_OVRPlugin.Vector3f_$$System.Collections.IEnumerable.GetEnumerator.c"
"Unity.Collections.NativeArray<OVRPlugin.Vector3f>$$Equals","036d8fd4","97","90_plus_framework_support_only_near_certain","uncertain","framework_support_only","framework_or_engine_namespace","setup_only","eye_source;weak_source_state;validity_gate;pose_vector","strong_eye_source_hits_4;weak_xr_or_state_hits_4;validity_or_gating_hits_21;strong_pose_or_ray_construction_hits_8;negative_framework_support_context_without_confirmed_app_level_gaze_flow;functionality_eye_api_context_without_clear_sink_hits_4","C:\realDesktop\manifest-evaluations\summer-26\ghidra-pipeline\il2cpp-files\vrfs\general-structure-results\90_plus_framework_support_only_near_certain\036d8fd4_Unity.Collections.NativeArray_OVRPlugin.Vector3f_$$Equals.c"
"Unity.Collections.NativeArray<OVRPlugin.Vector3f>$$Equals","036d8ff8","97","90_plus_framework_support_only_near_certain","uncertain","framework_support_only","framework_or_engine_namespace","setup_only","eye_source;weak_source_state;validity_gate;pose_vector","strong_eye_source_hits_4;weak_xr_or_state_hits_4;validity_or_gating_hits_21;strong_pose_or_ray_construction_hits_8;negative_framework_support_context_without_confirmed_app_level_gaze_flow;functionality_eye_api_context_without_clear_sink_hits_4","C:\realDesktop\manifest-evaluations\summer-26\ghidra-pipeline\il2cpp-files\vrfs\general-structure-results\90_plus_framework_support_only_near_certain\036d8ff8_Unity.Collections.NativeArray_OVRPlugin.Vector3f_$$Equals.c"
"Unity.Collections.NativeArray<OVRPlugin.Vector3f>$$GetHashCode","036d90d0","97","90_plus_framework_support_only_near_certain","uncertain","framework_support_only","framework_or_engine_namespace","setup_only","eye_source;weak_source_state;validity_gate;pose_vector","strong_eye_source_hits_4;weak_xr_or_state_hits_4;validity_or_gating_hits_21;strong_pose_or_ray_construction_hits_8;negative_framework_support_context_without_confirmed_app_level_gaze_flow;functionality_eye_api_context_without_clear_sink_hits_4","C:\realDesktop\manifest-evaluations\summer-26\ghidra-pipeline\il2cpp-files\vrfs\general-structure-results\90_plus_framework_support_only_near_certain\036d90d0_Unity.Collections.NativeArray_OVRPlugin.Vector3f_$$GetHashCode.c"
"Unity.Collections.NativeArray<OVRPlugin.Vector3f>$$Copy","036d90e8","83","70_high_framework_support_only_high","uncertain","framework_support_only","framework_or_engine_namespace","setup_only","eye_source;weak_source_state;validity_gate;pose_vector","strong_eye_source_hits_2;weak_xr_or_state_hits_2;validity_or_gating_hits_14;strong_pose_or_ray_construction_hits_4;negative_framework_support_context_without_confirmed_app_level_gaze_flow;functionality_eye_api_context_without_clear_sink_hits_2","C:\realDesktop\manifest-evaluations\summer-26\ghidra-pipeline\il2cpp-files\vrfs\general-structure-results\70_high_framework_support_only_high\036d90e8_Unity.Collections.NativeArray_OVRPlugin.Vector3f_$$Copy.c"
"Unity.Collections.NativeArray<OVRPlugin.Vector3f>$$Copy","036d918c","77","70_high_framework_support_only_high","uncertain","framework_support_only","framework_or_engine_namespace","setup_only","eye_source;weak_source_state;validity_gate;pose_vector","strong_eye_source_hits_2;weak_xr_or_state_hits_2;validity_or_gating_hits_2;strong_pose_or_ray_construction_hits_4;negative_framework_support_context_without_confirmed_app_level_gaze_flow;functionality_eye_api_context_without_clear_sink_hits_2","C:\realDesktop\manifest-evaluations\summer-26\ghidra-pipeline\il2cpp-files\vrfs\general-structure-results\70_high_framework_support_only_high\036d918c_Unity.Collections.NativeArray_OVRPlugin.Vector3f_$$Copy.c"
"Unity.Collections.NativeArray<OVRPlugin.Vector3f>$$Copy","036d922c","77","70_high_framework_support_only_high","uncertain","framework_support_only","framework_or_engine_namespace","setup_only","eye_source;weak_source_state;validity_gate;pose_vector","strong_eye_source_hits_2;weak_xr_or_state_hits_2;validity_or_gating_hits_2;strong_pose_or_ray_construction_hits_4;negative_framework_support_context_without_confirmed_app_level_gaze_flow;functionality_eye_api_context_without_clear_sink_hits_2","C:\realDesktop\manifest-evaluations\summer-26\ghidra-pipeline\il2cpp-files\vrfs\general-structure-results\70_high_framework_support_only_high\036d922c_Unity.Collections.NativeArray_OVRPlugin.Vector3f_$$Copy.c"
"Unity.Collections.NativeArray<OVRPlugin.Vector3f>$$Copy","036d92c0","77","70_high_framework_support_only_high","uncertain","framework_support_only","framework_or_engine_namespace","setup_only","eye_source;weak_source_state;validity_gate;pose_vector","strong_eye_source_hits_2;weak_xr_or_state_hits_2;validity_or_gating_hits_2;strong_pose_or_ray_construction_hits_4;negative_framework_support_context_without_confirmed_app_level_gaze_flow;functionality_eye_api_context_without_clear_sink_hits_2","C:\realDesktop\manifest-evaluations\summer-26\ghidra-pipeline\il2cpp-files\vrfs\general-structure-results\70_high_framework_support_only_high\036d92c0_Unity.Collections.NativeArray_OVRPlugin.Vector3f_$$Copy.c"
"Unity.Collections.NativeArray<OVRPlugin.Vector3f>$$Copy","036d9368","83","70_high_framework_support_only_high","uncertain","framework_support_only","framework_or_engine_namespace","setup_only","eye_source;weak_source_state;validity_gate;pose_vector","strong_eye_source_hits_2;weak_xr_or_state_hits_2;validity_or_gating_hits_10;strong_pose_or_ray_construction_hits_4;negative_framework_support_context_without_confirmed_app_level_gaze_flow;functionality_eye_api_context_without_clear_sink_hits_2","C:\realDesktop\manifest-evaluations\summer-26\ghidra-pipeline\il2cpp-files\vrfs\general-structure-results\70_high_framework_support_only_high\036d9368_Unity.Collections.NativeArray_OVRPlugin.Vector3f_$$Copy.c"
"Unity.Collections.NativeArray<OVRPlugin.Vector3f>$$Copy","036d9408","83","70_high_framework_support_only_high","uncertain","framework_support_only","framework_or_engine_namespace","setup_only","eye_source;weak_source_state;validity_gate;pose_vector","strong_eye_source_hits_2;weak_xr_or_state_hits_2;validity_or_gating_hits_7;strong_pose_or_ray_construction_hits_4;negative_framework_support_context_without_confirmed_app_level_gaze_flow;functionality_eye_api_context_without_clear_sink_hits_2","C:\realDesktop\manifest-evaluations\summer-26\ghidra-pipeline\il2cpp-files\vrfs\general-structure-results\70_high_framework_support_only_high\036d9408_Unity.Collections.NativeArray_OVRPlugin.Vector3f_$$Copy.c"
"Unity.Collections.NativeArray<OVRPlugin.Vector3f>$$Copy","036d96dc","77","70_high_framework_support_only_high","uncertain","framework_support_only","framework_or_engine_namespace","setup_only","eye_source;weak_source_state;validity_gate;pose_vector","strong_eye_source_hits_2;weak_xr_or_state_hits_2;validity_or_gating_hits_2;strong_pose_or_ray_construction_hits_4;negative_framework_support_context_without_confirmed_app_level_gaze_flow;functionality_eye_api_context_without_clear_sink_hits_2","C:\realDesktop\manifest-evaluations\summer-26\ghidra-pipeline\il2cpp-files\vrfs\general-structure-results\70_high_framework_support_only_high\036d96dc_Unity.Collections.NativeArray_OVRPlugin.Vector3f_$$Copy.c"
"Unity.Collections.NativeArray<OVRPlugin.Vector3f>$$GetSubArray","036d9860","77","70_high_framework_support_only_high","uncertain","framework_support_only","framework_or_engine_namespace","setup_only","eye_source;weak_source_state;validity_gate;pose_vector","strong_eye_source_hits_2;weak_xr_or_state_hits_2;validity_or_gating_hits_2;strong_pose_or_ray_construction_hits_8;negative_framework_support_context_without_confirmed_app_level_gaze_flow;functionality_eye_api_context_without_clear_sink_hits_2","C:\realDesktop\manifest-evaluations\summer-26\ghidra-pipeline\il2cpp-files\vrfs\general-structure-results\70_high_framework_support_only_high\036d9860_Unity.Collections.NativeArray_OVRPlugin.Vector3f_$$GetSubArray.c"
"Unity.Collections.NativeArray<OVRPlugin.Vector3f>$$AsReadOnly","036d9948","83","70_high_framework_support_only_high","uncertain","framework_support_only","framework_or_engine_namespace","setup_only","eye_source;weak_source_state;validity_gate;pose_vector","strong_eye_source_hits_2;weak_xr_or_state_hits_2;validity_or_gating_hits_9;strong_pose_or_ray_construction_hits_4;negative_framework_support_context_without_confirmed_app_level_gaze_flow;functionality_eye_api_context_without_clear_sink_hits_2","C:\realDesktop\manifest-evaluations\summer-26\ghidra-pipeline\il2cpp-files\vrfs\general-structure-results\70_high_framework_support_only_high\036d9948_Unity.Collections.NativeArray_OVRPlugin.Vector3f_$$AsReadOnly.c"
"Unity.Collections.NativeArray<OVRPlugin.Vector4f>$$.ctor","036d999c","83","70_high_framework_support_only_high","uncertain","framework_support_only","framework_or_engine_namespace","setup_only","eye_source;weak_source_state;validity_gate;pose_vector","strong_eye_source_hits_2;weak_xr_or_state_hits_2;validity_or_gating_hits_9;strong_pose_or_ray_construction_hits_4;negative_framework_support_context_without_confirmed_app_level_gaze_flow;functionality_eye_api_context_without_clear_sink_hits_2","C:\realDesktop\manifest-evaluations\summer-26\ghidra-pipeline\il2cpp-files\vrfs\general-structure-results\70_high_framework_support_only_high\036d999c_Unity.Collections.NativeArray_OVRPlugin.Vector4f_$$.ctor.c"
"Unity.Collections.NativeArray<OVRPlugin.Vector4f>$$.ctor","036d9aa8","83","70_high_framework_support_only_high","uncertain","framework_support_only","framework_or_engine_namespace","setup_only","eye_source;weak_source_state;validity_gate;pose_vector","strong_eye_source_hits_2;weak_xr_or_state_hits_2;validity_or_gating_hits_4;strong_pose_or_ray_construction_hits_4;negative_framework_support_context_without_confirmed_app_level_gaze_flow;functionality_eye_api_context_without_clear_sink_hits_2","C:\realDesktop\manifest-evaluations\summer-26\ghidra-pipeline\il2cpp-files\vrfs\general-structure-results\70_high_framework_support_only_high\036d9aa8_Unity.Collections.NativeArray_OVRPlugin.Vector4f_$$.ctor.c"
"Unity.Collections.NativeArray<OVRPlugin.Vector4f>$$Allocate","036d9ba0","80","70_high_framework_support_only_high","uncertain","framework_support_only","framework_or_engine_namespace","setup_only","eye_source;weak_source_state;validity_gate;pose_vector","strong_eye_source_hits_2;weak_xr_or_state_hits_2;validity_or_gating_hits_3;strong_pose_or_ray_construction_hits_4;negative_framework_support_context_without_confirmed_app_level_gaze_flow;functionality_eye_api_context_without_clear_sink_hits_2","C:\realDesktop\manifest-evaluations\summer-26\ghidra-pipeline\il2cpp-files\vrfs\general-structure-results\70_high_framework_support_only_high\036d9ba0_Unity.Collections.NativeArray_OVRPlugin.Vector4f_$$Allocate.c"
"Unity.Collections.NativeArray<OVRPlugin.Vector4f>$$set_Item","036d9d10","74","70_high_framework_support_only_high","uncertain","framework_support_only","framework_or_engine_namespace","setup_only","eye_source;weak_source_state;validity_gate;pose_vector","strong_eye_source_hits_2;weak_xr_or_state_hits_2;validity_or_gating_hits_1;strong_pose_or_ray_construction_hits_4;negative_framework_support_context_without_confirmed_app_level_gaze_flow;functionality_eye_api_context_without_clear_sink_hits_2","C:\realDesktop\manifest-evaluations\summer-26\ghidra-pipeline\il2cpp-files\vrfs\general-structure-results\70_high_framework_support_only_high\036d9d10_Unity.Collections.NativeArray_OVRPlugin.Vector4f_$$set_Item.c"
"Unity.Collections.NativeArray<OVRPlugin.Vector4f>$$Dispose","036d9e8c","83","70_high_framework_support_only_high","uncertain","framework_support_only","framework_or_engine_namespace","setup_only","eye_source;weak_source_state;validity_gate;pose_vector","strong_eye_source_hits_2;weak_xr_or_state_hits_2;validity_or_gating_hits_7;strong_pose_or_ray_construction_hits_6;negative_framework_support_context_without_confirmed_app_level_gaze_flow;functionality_eye_api_context_without_clear_sink_hits_2","C:\realDesktop\manifest-evaluations\summer-26\ghidra-pipeline\il2cpp-files\vrfs\general-structure-results\70_high_framework_support_only_high\036d9e8c_Unity.Collections.NativeArray_OVRPlugin.Vector4f_$$Dispose.c"
"Unity.Collections.NativeArray<OVRPlugin.Vector4f>$$CopyFrom","036d9f94","83","70_high_framework_support_only_high","uncertain","framework_support_only","framework_or_engine_namespace","setup_only","eye_source;weak_source_state;validity_gate;pose_vector","strong_eye_source_hits_2;weak_xr_or_state_hits_2;validity_or_gating_hits_5;strong_pose_or_ray_construction_hits_4;negative_framework_support_context_without_confirmed_app_level_gaze_flow;functionality_eye_api_context_without_clear_sink_hits_2","C:\realDesktop\manifest-evaluations\summer-26\ghidra-pipeline\il2cpp-files\vrfs\general-structure-results\70_high_framework_support_only_high\036d9f94_Unity.Collections.NativeArray_OVRPlugin.Vector4f_$$CopyFrom.c"
"Unity.Collections.NativeArray<OVRPlugin.Vector4f>$$CopyTo","036da028","77","70_high_framework_support_only_high","uncertain","framework_support_only","framework_or_engine_namespace","setup_only","eye_source;weak_source_state;validity_gate;pose_vector","strong_eye_source_hits_2;weak_xr_or_state_hits_2;validity_or_gating_hits_2;strong_pose_or_ray_construction_hits_4;negative_framework_support_context_without_confirmed_app_level_gaze_flow;functionality_eye_api_context_without_clear_sink_hits_2","C:\realDesktop\manifest-evaluations\summer-26\ghidra-pipeline\il2cpp-files\vrfs\general-structure-results\70_high_framework_support_only_high\036da028_Unity.Collections.NativeArray_OVRPlugin.Vector4f_$$CopyTo.c"
"Unity.Collections.NativeArray<OVRPlugin.Vector4f>$$ToArray","036da0ac","83","70_high_framework_support_only_high","uncertain","framework_support_only","framework_or_engine_namespace","setup_only","eye_source;weak_source_state;validity_gate;pose_vector","strong_eye_source_hits_2;weak_xr_or_state_hits_2;validity_or_gating_hits_9;strong_pose_or_ray_construction_hits_8;negative_framework_support_context_without_confirmed_app_level_gaze_flow;functionality_eye_api_context_without_clear_sink_hits_2","C:\realDesktop\manifest-evaluations\summer-26\ghidra-pipeline\il2cpp-files\vrfs\general-structure-results\70_high_framework_support_only_high\036da0ac_Unity.Collections.NativeArray_OVRPlugin.Vector4f_$$ToArray.c"
"Unity.Collections.NativeArray<OVRPlugin.Vector4f>$$GetEnumerator","036da168","83","70_high_framework_support_only_high","uncertain","framework_support_only","framework_or_engine_namespace","setup_only","eye_source;weak_source_state;validity_gate;pose_vector","strong_eye_source_hits_2;weak_xr_or_state_hits_2;validity_or_gating_hits_8;strong_pose_or_ray_construction_hits_4;negative_framework_support_context_without_confirmed_app_level_gaze_flow;functionality_eye_api_context_without_clear_sink_hits_2","C:\realDesktop\manifest-evaluations\summer-26\ghidra-pipeline\il2cpp-files\vrfs\general-structure-results\70_high_framework_support_only_high\036da168_Unity.Collections.NativeArray_OVRPlugin.Vector4f_$$GetEnumerator.c"
"Unity.Collections.NativeArray<OVRPlugin.Vector4f>$$System.Collections.Generic.IEnumerable<T>.GetEnumerator","036da1dc","83","70_high_framework_support_only_high","uncertain","framework_support_only","framework_or_engine_namespace","setup_only","eye_source;weak_source_state;validity_gate;pose_vector","strong_eye_source_hits_2;weak_xr_or_state_hits_2;validity_or_gating_hits_8;strong_pose_or_ray_construction_hits_4;negative_framework_support_context_without_confirmed_app_level_gaze_flow;functionality_eye_api_context_without_clear_sink_hits_2","C:\realDesktop\manifest-evaluations\summer-26\ghidra-pipeline\il2cpp-files\vrfs\general-structure-results\70_high_framework_support_only_high\036da1dc_Unity.Collections.NativeArray_OVRPlugin.Vector4f_$$System.Collections.Generic.IEnumerable_T_.GetEnumerator.c"
"Unity.Collections.NativeArray<OVRPlugin.Vector4f>$$System.Collections.IEnumerable.GetEnumerator","036da274","83","70_high_framework_support_only_high","uncertain","framework_support_only","framework_or_engine_namespace","setup_only","eye_source;weak_source_state;validity_gate;pose_vector","strong_eye_source_hits_2;weak_xr_or_state_hits_2;validity_or_gating_hits_7;strong_pose_or_ray_construction_hits_4;negative_framework_support_context_without_confirmed_app_level_gaze_flow;functionality_eye_api_context_without_clear_sink_hits_2","C:\realDesktop\manifest-evaluations\summer-26\ghidra-pipeline\il2cpp-files\vrfs\general-structure-results\70_high_framework_support_only_high\036da274_Unity.Collections.NativeArray_OVRPlugin.Vector4f_$$System.Collections.IEnumerable.GetEnumerator.c"
"Unity.Collections.NativeArray<OVRPlugin.Vector4f>$$Equals","036da304","83","70_high_framework_support_only_high","uncertain","framework_support_only","framework_or_engine_namespace","setup_only","eye_source;weak_source_state;validity_gate;pose_vector","strong_eye_source_hits_2;weak_xr_or_state_hits_2;validity_or_gating_hits_7;strong_pose_or_ray_construction_hits_4;negative_framework_support_context_without_confirmed_app_level_gaze_flow;functionality_eye_api_context_without_clear_sink_hits_2","C:\realDesktop\manifest-evaluations\summer-26\ghidra-pipeline\il2cpp-files\vrfs\general-structure-results\70_high_framework_support_only_high\036da304_Unity.Collections.NativeArray_OVRPlugin.Vector4f_$$Equals.c"
"Unity.Collections.NativeArray<OVRPlugin.Vector4f>$$Equals","036da328","83","70_high_framework_support_only_high","uncertain","framework_support_only","framework_or_engine_namespace","setup_only","eye_source;weak_source_state;validity_gate;pose_vector","strong_eye_source_hits_2;weak_xr_or_state_hits_2;validity_or_gating_hits_8;strong_pose_or_ray_construction_hits_4;negative_framework_support_context_without_confirmed_app_level_gaze_flow;functionality_eye_api_context_without_clear_sink_hits_2","C:\realDesktop\manifest-evaluations\summer-26\ghidra-pipeline\il2cpp-files\vrfs\general-structure-results\70_high_framework_support_only_high\036da328_Unity.Collections.NativeArray_OVRPlugin.Vector4f_$$Equals.c"
"Unity.Collections.NativeArray<OVRPlugin.Vector4f>$$GetHashCode","036da400","77","70_high_framework_support_only_high","uncertain","framework_support_only","framework_or_engine_namespace","setup_only","eye_source;weak_source_state;validity_gate;pose_vector","strong_eye_source_hits_2;weak_xr_or_state_hits_2;validity_or_gating_hits_2;strong_pose_or_ray_construction_hits_4;negative_framework_support_context_without_confirmed_app_level_gaze_flow;functionality_eye_api_context_without_clear_sink_hits_2","C:\realDesktop\manifest-evaluations\summer-26\ghidra-pipeline\il2cpp-files\vrfs\general-structure-results\70_high_framework_support_only_high\036da400_Unity.Collections.NativeArray_OVRPlugin.Vector4f_$$GetHashCode.c"
"Unity.Collections.NativeArray<OVRPlugin.Vector4f>$$Copy","036da418","74","70_high_framework_support_only_high","uncertain","framework_support_only","framework_or_engine_namespace","setup_only","eye_source;weak_source_state;validity_gate;pose_vector","strong_eye_source_hits_2;weak_xr_or_state_hits_2;validity_or_gating_hits_1;strong_pose_or_ray_construction_hits_4;negative_framework_support_context_without_confirmed_app_level_gaze_flow;functionality_eye_api_context_without_clear_sink_hits_2","C:\realDesktop\manifest-evaluations\summer-26\ghidra-pipeline\il2cpp-files\vrfs\general-structure-results\70_high_framework_support_only_high\036da418_Unity.Collections.NativeArray_OVRPlugin.Vector4f_$$Copy.c"
"Unity.Collections.NativeArray<OVRPlugin.Vector4f>$$Copy","036da55c","74","70_high_framework_support_only_high","uncertain","framework_support_only","framework_or_engine_namespace","setup_only","eye_source;weak_source_state;validity_gate;pose_vector","strong_eye_source_hits_2;weak_xr_or_state_hits_2;validity_or_gating_hits_1;strong_pose_or_ray_construction_hits_4;negative_framework_support_context_without_confirmed_app_level_gaze_flow;functionality_eye_api_context_without_clear_sink_hits_2","C:\realDesktop\manifest-evaluations\summer-26\ghidra-pipeline\il2cpp-files\vrfs\general-structure-results\70_high_framework_support_only_high\036da55c_Unity.Collections.NativeArray_OVRPlugin.Vector4f_$$Copy.c"
"Unity.Collections.NativeArray<OVRPlugin.Vector4f>$$Copy","036da5f0","83","70_high_framework_support_only_high","uncertain","framework_support_only","framework_or_engine_namespace","setup_only","eye_source;weak_source_state;validity_gate;pose_vector","strong_eye_source_hits_2;weak_xr_or_state_hits_2;validity_or_gating_hits_9;strong_pose_or_ray_construction_hits_4;negative_framework_support_context_without_confirmed_app_level_gaze_flow;functionality_eye_api_context_without_clear_sink_hits_2","C:\realDesktop\manifest-evaluations\summer-26\ghidra-pipeline\il2cpp-files\vrfs\general-structure-results\70_high_framework_support_only_high\036da5f0_Unity.Collections.NativeArray_OVRPlugin.Vector4f_$$Copy.c"
"Unity.Collections.NativeArray<OVRPlugin.Vector4f>$$Copy","036da698","83","70_high_framework_support_only_high","uncertain","framework_support_only","framework_or_engine_namespace","setup_only","eye_source;weak_source_state;validity_gate;pose_vector","strong_eye_source_hits_2;weak_xr_or_state_hits_2;validity_or_gating_hits_8;strong_pose_or_ray_construction_hits_4;negative_framework_support_context_without_confirmed_app_level_gaze_flow;functionality_eye_api_context_without_clear_sink_hits_2","C:\realDesktop\manifest-evaluations\summer-26\ghidra-pipeline\il2cpp-files\vrfs\general-structure-results\70_high_framework_support_only_high\036da698_Unity.Collections.NativeArray_OVRPlugin.Vector4f_$$Copy.c"
"Unity.Collections.NativeArray<OVRPlugin.Vector4f>$$Copy","036da738","83","70_high_framework_support_only_high","uncertain","framework_support_only","framework_or_engine_namespace","setup_only","eye_source;weak_source_state;validity_gate;pose_vector","strong_eye_source_hits_2;weak_xr_or_state_hits_2;validity_or_gating_hits_8;strong_pose_or_ray_construction_hits_4;negative_framework_support_context_without_confirmed_app_level_gaze_flow;functionality_eye_api_context_without_clear_sink_hits_2","C:\realDesktop\manifest-evaluations\summer-26\ghidra-pipeline\il2cpp-files\vrfs\general-structure-results\70_high_framework_support_only_high\036da738_Unity.Collections.NativeArray_OVRPlugin.Vector4f_$$Copy.c"
"Unity.Collections.NativeArray<OVRPlugin.Vector4f>$$Copy","036da884","83","70_high_framework_support_only_high","uncertain","framework_support_only","framework_or_engine_namespace","setup_only","eye_source;weak_source_state;validity_gate;pose_vector","strong_eye_source_hits_2;weak_xr_or_state_hits_2;validity_or_gating_hits_9;strong_pose_or_ray_construction_hits_4;negative_framework_support_context_without_confirmed_app_level_gaze_flow;functionality_eye_api_context_without_clear_sink_hits_2","C:\realDesktop\manifest-evaluations\summer-26\ghidra-pipeline\il2cpp-files\vrfs\general-structure-results\70_high_framework_support_only_high\036da884_Unity.Collections.NativeArray_OVRPlugin.Vector4f_$$Copy.c"
"Unity.Collections.NativeArray<OVRPlugin.Vector4f>$$Copy","036daa0c","74","70_high_framework_support_only_high","uncertain","framework_support_only","framework_or_engine_namespace","setup_only","eye_source;weak_source_state;validity_gate;pose_vector","strong_eye_source_hits_2;weak_xr_or_state_hits_2;validity_or_gating_hits_1;strong_pose_or_ray_construction_hits_4;negative_framework_support_context_without_confirmed_app_level_gaze_flow;functionality_eye_api_context_without_clear_sink_hits_2","C:\realDesktop\manifest-evaluations\summer-26\ghidra-pipeline\il2cpp-files\vrfs\general-structure-results\70_high_framework_support_only_high\036daa0c_Unity.Collections.NativeArray_OVRPlugin.Vector4f_$$Copy.c"
"Unity.Collections.NativeArray<OVRPlugin.Vector4f>$$GetSubArray","036dab90","74","70_high_framework_support_only_high","uncertain","framework_support_only","framework_or_engine_namespace","setup_only","eye_source;weak_source_state;validity_gate;pose_vector","strong_eye_source_hits_2;weak_xr_or_state_hits_2;validity_or_gating_hits_1;strong_pose_or_ray_construction_hits_8;negative_framework_support_context_without_confirmed_app_level_gaze_flow;functionality_eye_api_context_without_clear_sink_hits_2","C:\realDesktop\manifest-evaluations\summer-26\ghidra-pipeline\il2cpp-files\vrfs\general-structure-results\70_high_framework_support_only_high\036dab90_Unity.Collections.NativeArray_OVRPlugin.Vector4f_$$GetSubArray.c"
"Unity.Collections.NativeArray<OVRPlugin.Vector4s>$$.ctor","036dadd8","83","70_high_framework_support_only_high","uncertain","framework_support_only","framework_or_engine_namespace","setup_only","eye_source;weak_source_state;validity_gate;pose_vector","strong_eye_source_hits_2;weak_xr_or_state_hits_2;validity_or_gating_hits_12;strong_pose_or_ray_construction_hits_4;negative_framework_support_context_without_confirmed_app_level_gaze_flow;functionality_eye_api_context_without_clear_sink_hits_2","C:\realDesktop\manifest-evaluations\summer-26\ghidra-pipeline\il2cpp-files\vrfs\general-structure-results\70_high_framework_support_only_high\036dadd8_Unity.Collections.NativeArray_OVRPlugin.Vector4s_$$.ctor.c"
"Unity.Collections.NativeArray<OVRPlugin.Vector4s>$$Allocate","036daed0","80","70_high_framework_support_only_high","uncertain","framework_support_only","framework_or_engine_namespace","setup_only","eye_source;weak_source_state;validity_gate;pose_vector","strong_eye_source_hits_2;weak_xr_or_state_hits_2;validity_or_gating_hits_3;strong_pose_or_ray_construction_hits_4;negative_framework_support_context_without_confirmed_app_level_gaze_flow;functionality_eye_api_context_without_clear_sink_hits_2","C:\realDesktop\manifest-evaluations\summer-26\ghidra-pipeline\il2cpp-files\vrfs\general-structure-results\70_high_framework_support_only_high\036daed0_Unity.Collections.NativeArray_OVRPlugin.Vector4s_$$Allocate.c"
"Unity.Collections.NativeArray<OVRPlugin.Vector4s>$$get_Length","036dafb8","83","70_high_framework_support_only_high","uncertain","framework_support_only","framework_or_engine_namespace","setup_only","eye_source;weak_source_state;validity_gate;pose_vector","strong_eye_source_hits_2;weak_xr_or_state_hits_2;validity_or_gating_hits_4;strong_pose_or_ray_construction_hits_4;negative_framework_support_context_without_confirmed_app_level_gaze_flow;functionality_eye_api_context_without_clear_sink_hits_2","C:\realDesktop\manifest-evaluations\summer-26\ghidra-pipeline\il2cpp-files\vrfs\general-structure-results\70_high_framework_support_only_high\036dafb8_Unity.Collections.NativeArray_OVRPlugin.Vector4s_$$get_Length.c"
"Unity.Collections.NativeArray<OVRPlugin.Vector4s>$$get_Item","036dafc0","83","70_high_framework_support_only_high","uncertain","framework_support_only","framework_or_engine_namespace","setup_only","eye_source;weak_source_state;validity_gate;pose_vector","strong_eye_source_hits_2;weak_xr_or_state_hits_2;validity_or_gating_hits_4;strong_pose_or_ray_construction_hits_4;negative_framework_support_context_without_confirmed_app_level_gaze_flow;functionality_eye_api_context_without_clear_sink_hits_2","C:\realDesktop\manifest-evaluations\summer-26\ghidra-pipeline\il2cpp-files\vrfs\general-structure-results\70_high_framework_support_only_high\036dafc0_Unity.Collections.NativeArray_OVRPlugin.Vector4s_$$get_Item.c"
"Unity.Collections.NativeArray<OVRPlugin.Vector4s>$$set_Item","036db040","74","70_high_framework_support_only_high","uncertain","framework_support_only","framework_or_engine_namespace","setup_only","eye_source;weak_source_state;validity_gate;pose_vector","strong_eye_source_hits_2;weak_xr_or_state_hits_2;validity_or_gating_hits_1;strong_pose_or_ray_construction_hits_4;negative_framework_support_context_without_confirmed_app_level_gaze_flow;functionality_eye_api_context_without_clear_sink_hits_2","C:\realDesktop\manifest-evaluations\summer-26\ghidra-pipeline\il2cpp-files\vrfs\general-structure-results\70_high_framework_support_only_high\036db040_Unity.Collections.NativeArray_OVRPlugin.Vector4s_$$set_Item.c"
"Unity.Collections.NativeArray<OVRPlugin.Vector4s>$$get_IsCreated","036db0c8","74","70_high_framework_support_only_high","uncertain","framework_support_only","framework_or_engine_namespace","setup_only","eye_source;weak_source_state;validity_gate;pose_vector","strong_eye_source_hits_2;weak_xr_or_state_hits_2;validity_or_gating_hits_1;strong_pose_or_ray_construction_hits_4;negative_framework_support_context_without_confirmed_app_level_gaze_flow;functionality_eye_api_context_without_clear_sink_hits_2","C:\realDesktop\manifest-evaluations\summer-26\ghidra-pipeline\il2cpp-files\vrfs\general-structure-results\70_high_framework_support_only_high\036db0c8_Unity.Collections.NativeArray_OVRPlugin.Vector4s_$$get_IsCreated.c"
"Unity.Collections.NativeArray<OVRPlugin.Vector4s>$$Dispose","036db194","77","70_high_framework_support_only_high","uncertain","framework_support_only","framework_or_engine_namespace","setup_only","eye_source;weak_source_state;validity_gate;pose_vector","strong_eye_source_hits_2;weak_xr_or_state_hits_2;validity_or_gating_hits_2;strong_pose_or_ray_construction_hits_6;negative_framework_support_context_without_confirmed_app_level_gaze_flow;functionality_eye_api_context_without_clear_sink_hits_2","C:\realDesktop\manifest-evaluations\summer-26\ghidra-pipeline\il2cpp-files\vrfs\general-structure-results\70_high_framework_support_only_high\036db194_Unity.Collections.NativeArray_OVRPlugin.Vector4s_$$Dispose.c"
"Unity.Collections.NativeArray<OVRPlugin.Vector4s>$$CopyFrom","036db29c","83","70_high_framework_support_only_high","uncertain","framework_support_only","framework_or_engine_namespace","setup_only","eye_source;weak_source_state;validity_gate;pose_vector","strong_eye_source_hits_2;weak_xr_or_state_hits_2;validity_or_gating_hits_10;strong_pose_or_ray_construction_hits_4;negative_framework_support_context_without_confirmed_app_level_gaze_flow;functionality_eye_api_context_without_clear_sink_hits_2","C:\realDesktop\manifest-evaluations\summer-26\ghidra-pipeline\il2cpp-files\vrfs\general-structure-results\70_high_framework_support_only_high\036db29c_Unity.Collections.NativeArray_OVRPlugin.Vector4s_$$CopyFrom.c"
"Unity.Collections.NativeArray<OVRPlugin.Vector4s>$$CopyTo","036db330","77","70_high_framework_support_only_high","uncertain","framework_support_only","framework_or_engine_namespace","setup_only","eye_source;weak_source_state;validity_gate;pose_vector","strong_eye_source_hits_2;weak_xr_or_state_hits_2;validity_or_gating_hits_2;strong_pose_or_ray_construction_hits_4;negative_framework_support_context_without_confirmed_app_level_gaze_flow;functionality_eye_api_context_without_clear_sink_hits_2","C:\realDesktop\manifest-evaluations\summer-26\ghidra-pipeline\il2cpp-files\vrfs\general-structure-results\70_high_framework_support_only_high\036db330_Unity.Collections.NativeArray_OVRPlugin.Vector4s_$$CopyTo.c"
"Unity.Collections.NativeArray<OVRPlugin.Vector4s>$$ToArray","036db3b4","80","70_high_framework_support_only_high","uncertain","framework_support_only","framework_or_engine_namespace","setup_only","eye_source;weak_source_state;validity_gate;pose_vector","strong_eye_source_hits_2;weak_xr_or_state_hits_2;validity_or_gating_hits_3;strong_pose_or_ray_construction_hits_8;negative_framework_support_context_without_confirmed_app_level_gaze_flow;functionality_eye_api_context_without_clear_sink_hits_2","C:\realDesktop\manifest-evaluations\summer-26\ghidra-pipeline\il2cpp-files\vrfs\general-structure-results\70_high_framework_support_only_high\036db3b4_Unity.Collections.NativeArray_OVRPlugin.Vector4s_$$ToArray.c"
"Unity.Collections.NativeArray<OVRPlugin.Vector4s>$$GetEnumerator","036db470","83","70_high_framework_support_only_high","uncertain","framework_support_only","framework_or_engine_namespace","setup_only","eye_source;weak_source_state;validity_gate;pose_vector","strong_eye_source_hits_2;weak_xr_or_state_hits_2;validity_or_gating_hits_6;strong_pose_or_ray_construction_hits_4;negative_framework_support_context_without_confirmed_app_level_gaze_flow;functionality_eye_api_context_without_clear_sink_hits_2","C:\realDesktop\manifest-evaluations\summer-26\ghidra-pipeline\il2cpp-files\vrfs\general-structure-results\70_high_framework_support_only_high\036db470_Unity.Collections.NativeArray_OVRPlugin.Vector4s_$$GetEnumerator.c"
"Unity.Collections.NativeArray<OVRPlugin.Vector4s>$$System.Collections.Generic.IEnumerable<T>.GetEnumerator","036db4d0","83","70_high_framework_support_only_high","uncertain","framework_support_only","framework_or_engine_namespace","setup_only","eye_source;weak_source_state;validity_gate;pose_vector","strong_eye_source_hits_2;weak_xr_or_state_hits_2;validity_or_gating_hits_4;strong_pose_or_ray_construction_hits_4;negative_framework_support_context_without_confirmed_app_level_gaze_flow;functionality_eye_api_context_without_clear_sink_hits_2","C:\realDesktop\manifest-evaluations\summer-26\ghidra-pipeline\il2cpp-files\vrfs\general-structure-results\70_high_framework_support_only_high\036db4d0_Unity.Collections.NativeArray_OVRPlugin.Vector4s_$$System.Collections.Generic.IEnumerable_T_.GetEnumerator.c"
"Unity.Collections.NativeArray<OVRPlugin.Vector4s>$$System.Collections.IEnumerable.GetEnumerator","036db55c","77","70_high_framework_support_only_high","uncertain","framework_support_only","framework_or_engine_namespace","setup_only","eye_source;weak_source_state;validity_gate;pose_vector","strong_eye_source_hits_2;weak_xr_or_state_hits_2;validity_or_gating_hits_2;strong_pose_or_ray_construction_hits_4;negative_framework_support_context_without_confirmed_app_level_gaze_flow;functionality_eye_api_context_without_clear_sink_hits_2","C:\realDesktop\manifest-evaluations\summer-26\ghidra-pipeline\il2cpp-files\vrfs\general-structure-results\70_high_framework_support_only_high\036db55c_Unity.Collections.NativeArray_OVRPlugin.Vector4s_$$System.Collections.IEnumerable.GetEnumerator.c"
"Unity.Collections.NativeArray<OVRPlugin.Vector4s>$$GetHashCode","036db6dc","83","70_high_framework_support_only_high","uncertain","framework_support_only","framework_or_engine_namespace","setup_only","eye_source;weak_source_state;validity_gate;pose_vector","strong_eye_source_hits_2;weak_xr_or_state_hits_2;validity_or_gating_hits_21;strong_pose_or_ray_construction_hits_4;negative_framework_support_context_without_confirmed_app_level_gaze_flow;functionality_eye_api_context_without_clear_sink_hits_2","C:\realDesktop\manifest-evaluations\summer-26\ghidra-pipeline\il2cpp-files\vrfs\general-structure-results\70_high_framework_support_only_high\036db6dc_Unity.Collections.NativeArray_OVRPlugin.Vector4s_$$GetHashCode.c"
"Unity.Collections.NativeArray<OVRPlugin.Vector4s>$$Copy","036db6f4","83","70_high_framework_support_only_high","uncertain","framework_support_only","framework_or_engine_namespace","setup_only","eye_source;weak_source_state;validity_gate;pose_vector","strong_eye_source_hits_2;weak_xr_or_state_hits_2;validity_or_gating_hits_21;strong_pose_or_ray_construction_hits_4;negative_framework_support_context_without_confirmed_app_level_gaze_flow;functionality_eye_api_context_without_clear_sink_hits_2","C:\realDesktop\manifest-evaluations\summer-26\ghidra-pipeline\il2cpp-files\vrfs\general-structure-results\70_high_framework_support_only_high\036db6f4_Unity.Collections.NativeArray_OVRPlugin.Vector4s_$$Copy.c"
"Unity.Collections.NativeArray<OVRPlugin.Vector4s>$$Copy","036db798","83","70_high_framework_support_only_high","uncertain","framework_support_only","framework_or_engine_namespace","setup_only","eye_source;weak_source_state;validity_gate;pose_vector","strong_eye_source_hits_2;weak_xr_or_state_hits_2;validity_or_gating_hits_11;strong_pose_or_ray_construction_hits_4;negative_framework_support_context_without_confirmed_app_level_gaze_flow;functionality_eye_api_context_without_clear_sink_hits_2","C:\realDesktop\manifest-evaluations\summer-26\ghidra-pipeline\il2cpp-files\vrfs\general-structure-results\70_high_framework_support_only_high\036db798_Unity.Collections.NativeArray_OVRPlugin.Vector4s_$$Copy.c"
"Unity.Collections.NativeArray<OVRPlugin.Vector4s>$$Copy","036db838","83","70_high_framework_support_only_high","uncertain","framework_support_only","framework_or_engine_namespace","setup_only","eye_source;weak_source_state;validity_gate;pose_vector","strong_eye_source_hits_2;weak_xr_or_state_hits_2;validity_or_gating_hits_9;strong_pose_or_ray_construction_hits_4;negative_framework_support_context_without_confirmed_app_level_gaze_flow;functionality_eye_api_context_without_clear_sink_hits_2","C:\realDesktop\manifest-evaluations\summer-26\ghidra-pipeline\il2cpp-files\vrfs\general-structure-results\70_high_framework_support_only_high\036db838_Unity.Collections.NativeArray_OVRPlugin.Vector4s_$$Copy.c"
"Unity.Collections.NativeArray<OVRPlugin.Vector4s>$$Copy","036db8cc","83","70_high_framework_support_only_high","uncertain","framework_support_only","framework_or_engine_namespace","setup_only","eye_source;weak_source_state;validity_gate;pose_vector","strong_eye_source_hits_2;weak_xr_or_state_hits_2;validity_or_gating_hits_6;strong_pose_or_ray_construction_hits_4;negative_framework_support_context_without_confirmed_app_level_gaze_flow;functionality_eye_api_context_without_clear_sink_hits_2","C:\realDesktop\manifest-evaluations\summer-26\ghidra-pipeline\il2cpp-files\vrfs\general-structure-results\70_high_framework_support_only_high\036db8cc_Unity.Collections.NativeArray_OVRPlugin.Vector4s_$$Copy.c"
"Unity.Collections.NativeArray<OVRPlugin.Vector4s>$$Copy","036db974","77","70_high_framework_support_only_high","uncertain","framework_support_only","framework_or_engine_namespace","setup_only","eye_source;weak_source_state;validity_gate;pose_vector","strong_eye_source_hits_2;weak_xr_or_state_hits_2;validity_or_gating_hits_2;strong_pose_or_ray_construction_hits_4;negative_framework_support_context_without_confirmed_app_level_gaze_flow;functionality_eye_api_context_without_clear_sink_hits_2","C:\realDesktop\manifest-evaluations\summer-26\ghidra-pipeline\il2cpp-files\vrfs\general-structure-results\70_high_framework_support_only_high\036db974_Unity.Collections.NativeArray_OVRPlugin.Vector4s_$$Copy.c"
"Unity.Collections.NativeArray<OVRPlugin.Vector4s>$$Copy","036dba14","83","70_high_framework_support_only_high","uncertain","framework_support_only","framework_or_engine_namespace","setup_only","eye_source;weak_source_state;validity_gate;pose_vector","strong_eye_source_hits_2;weak_xr_or_state_hits_2;validity_or_gating_hits_11;strong_pose_or_ray_construction_hits_4;negative_framework_support_context_without_confirmed_app_level_gaze_flow;functionality_eye_api_context_without_clear_sink_hits_2","C:\realDesktop\manifest-evaluations\summer-26\ghidra-pipeline\il2cpp-files\vrfs\general-structure-results\70_high_framework_support_only_high\036dba14_Unity.Collections.NativeArray_OVRPlugin.Vector4s_$$Copy.c"
"Unity.Collections.NativeArray<OVRPlugin.Vector4s>$$Copy","036dbb60","83","70_high_framework_support_only_high","uncertain","framework_support_only","framework_or_engine_namespace","setup_only","eye_source;weak_source_state;validity_gate;pose_vector","strong_eye_source_hits_2;weak_xr_or_state_hits_2;validity_or_gating_hits_4;strong_pose_or_ray_construction_hits_4;negative_framework_support_context_without_confirmed_app_level_gaze_flow;functionality_eye_api_context_without_clear_sink_hits_2","C:\realDesktop\manifest-evaluations\summer-26\ghidra-pipeline\il2cpp-files\vrfs\general-structure-results\70_high_framework_support_only_high\036dbb60_Unity.Collections.NativeArray_OVRPlugin.Vector4s_$$Copy.c"
"Unity.Collections.NativeArray<OVRPlugin.Vector4s>$$Copy","036dbce8","83","70_high_framework_support_only_high","uncertain","framework_support_only","framework_or_engine_namespace","setup_only","eye_source;weak_source_state;validity_gate;pose_vector","strong_eye_source_hits_2;weak_xr_or_state_hits_2;validity_or_gating_hits_9;strong_pose_or_ray_construction_hits_4;negative_framework_support_context_without_confirmed_app_level_gaze_flow;functionality_eye_api_context_without_clear_sink_hits_2","C:\realDesktop\manifest-evaluations\summer-26\ghidra-pipeline\il2cpp-files\vrfs\general-structure-results\70_high_framework_support_only_high\036dbce8_Unity.Collections.NativeArray_OVRPlugin.Vector4s_$$Copy.c"
"Unity.Collections.NativeArray<OVRPlugin.Vector4s>$$AsReadOnly","036dbf54","83","70_high_framework_support_only_high","uncertain","framework_support_only","framework_or_engine_namespace","setup_only","eye_source;weak_source_state;validity_gate;pose_vector","strong_eye_source_hits_2;weak_xr_or_state_hits_2;validity_or_gating_hits_4;strong_pose_or_ray_construction_hits_4;negative_framework_support_context_without_confirmed_app_level_gaze_flow;functionality_eye_api_context_without_clear_sink_hits_2","C:\realDesktop\manifest-evaluations\summer-26\ghidra-pipeline\il2cpp-files\vrfs\general-structure-results\70_high_framework_support_only_high\036dbf54_Unity.Collections.NativeArray_OVRPlugin.Vector4s_$$AsReadOnly.c"
"Unity.Collections.NativeArray<OVRPlugin.Qpl.Annotation>$$Equals","036e170c","74","70_high_framework_support_only_high","uncertain","framework_support_only","framework_or_engine_namespace","setup_only","eye_source;weak_source_state;validity_gate;pose_vector","strong_eye_source_hits_2;weak_xr_or_state_hits_2;validity_or_gating_hits_1;strong_pose_or_ray_construction_hits_4;negative_framework_support_context_without_confirmed_app_level_gaze_flow;functionality_eye_api_context_without_clear_sink_hits_2","C:\realDesktop\manifest-evaluations\summer-26\ghidra-pipeline\il2cpp-files\vrfs\general-structure-results\70_high_framework_support_only_high\036e170c_Unity.Collections.NativeArray_OVRPlugin.Qpl.Annotation_$$Equals.c"
"Unity.Collections.NativeArray<OVRPlugin.Qpl.Annotation>$$Equals","036e1730","74","70_high_framework_support_only_high","uncertain","framework_support_only","framework_or_engine_namespace","setup_only","eye_source;weak_source_state;validity_gate;pose_vector","strong_eye_source_hits_2;weak_xr_or_state_hits_2;validity_or_gating_hits_1;strong_pose_or_ray_construction_hits_4;negative_framework_support_context_without_confirmed_app_level_gaze_flow;functionality_eye_api_context_without_clear_sink_hits_2","C:\realDesktop\manifest-evaluations\summer-26\ghidra-pipeline\il2cpp-files\vrfs\general-structure-results\70_high_framework_support_only_high\036e1730_Unity.Collections.NativeArray_OVRPlugin.Qpl.Annotation_$$Equals.c"
"Unity.Collections.NativeArray<OVRPlugin.Qpl.Annotation>$$GetHashCode","036e1808","74","70_high_framework_support_only_high","uncertain","framework_support_only","framework_or_engine_namespace","setup_only","eye_source;weak_source_state;validity_gate;pose_vector","strong_eye_source_hits_2;weak_xr_or_state_hits_2;validity_or_gating_hits_1;strong_pose_or_ray_construction_hits_4;negative_framework_support_context_without_confirmed_app_level_gaze_flow;functionality_eye_api_context_without_clear_sink_hits_2","C:\realDesktop\manifest-evaluations\summer-26\ghidra-pipeline\il2cpp-files\vrfs\general-structure-results\70_high_framework_support_only_high\036e1808_Unity.Collections.NativeArray_OVRPlugin.Qpl.Annotation_$$GetHashCode.c"
"Unity.Collections.NativeArray<OVRPlugin.Qpl.Annotation>$$Copy","036e18c4","74","70_high_framework_support_only_high","uncertain","framework_support_only","framework_or_engine_namespace","setup_only","eye_source;weak_source_state;validity_gate;pose_vector","strong_eye_source_hits_2;weak_xr_or_state_hits_2;validity_or_gating_hits_1;strong_pose_or_ray_construction_hits_4;negative_framework_support_context_without_confirmed_app_level_gaze_flow;functionality_eye_api_context_without_clear_sink_hits_2","C:\realDesktop\manifest-evaluations\summer-26\ghidra-pipeline\il2cpp-files\vrfs\general-structure-results\70_high_framework_support_only_high\036e18c4_Unity.Collections.NativeArray_OVRPlugin.Qpl.Annotation_$$Copy.c"
"Unity.Collections.NativeArray<OVRPlugin.Qpl.Annotation>$$Copy","036e1964","80","70_high_framework_support_only_high","uncertain","framework_support_only","framework_or_engine_namespace","setup_only","eye_source;weak_source_state;validity_gate;pose_vector","strong_eye_source_hits_2;weak_xr_or_state_hits_2;validity_or_gating_hits_3;strong_pose_or_ray_construction_hits_4;negative_framework_support_context_without_confirmed_app_level_gaze_flow;functionality_eye_api_context_without_clear_sink_hits_2","C:\realDesktop\manifest-evaluations\summer-26\ghidra-pipeline\il2cpp-files\vrfs\general-structure-results\70_high_framework_support_only_high\036e1964_Unity.Collections.NativeArray_OVRPlugin.Qpl.Annotation_$$Copy.c"
"Unity.Collections.NativeArray<OVRPlugin.Qpl.Annotation>$$Copy","036e1e14","86","70_high_framework_support_only_high","uncertain","framework_support_only","framework_or_engine_namespace","setup_only","eye_source;weak_source_state;validity_gate;pose_vector;paired_state_refs","strong_eye_source_hits_2;weak_xr_or_state_hits_2;validity_or_gating_hits_1;strong_pose_or_ray_construction_hits_4;paired_field_refs_with_eye_source;negative_framework_support_context_without_confirmed_app_level_gaze_flow;functionality_eye_api_context_without_clear_sink_hits_2","C:\realDesktop\manifest-evaluations\summer-26\ghidra-pipeline\il2cpp-files\vrfs\general-structure-results\70_high_framework_support_only_high\036e1e14_Unity.Collections.NativeArray_OVRPlugin.Qpl.Annotation_$$Copy.c"
"Unity.Collections.NativeArray<OVRPlugin.Qpl.Annotation>$$AsReadOnly","036e2080","95","90_plus_framework_support_only_near_certain","uncertain","framework_support_only","framework_or_engine_namespace","setup_only","eye_source;weak_source_state;validity_gate;pose_vector;paired_state_refs","strong_eye_source_hits_2;weak_xr_or_state_hits_2;validity_or_gating_hits_6;strong_pose_or_ray_construction_hits_4;paired_field_refs_with_eye_source;negative_framework_support_context_without_confirmed_app_level_gaze_flow;functionality_eye_api_context_without_clear_sink_hits_2","C:\realDesktop\manifest-evaluations\summer-26\ghidra-pipeline\il2cpp-files\vrfs\general-structure-results\90_plus_framework_support_only_near_certain\036e2080_Unity.Collections.NativeArray_OVRPlugin.Qpl.Annotation_$$AsReadOnly.c"
"System.Array$$InternalArray__ICollection_Contains<OVRPassthroughLayer.SerializedSurfaceGeometry>","037091dc","74","70_high_general_structure_review_high","no","unrelated_or_generic_structure","framework_namespace_with_project_hint","","validity_gate;pose_vector;telemetry","validity_or_gating_hits_21;strong_pose_or_ray_construction_hits_2;telemetry_or_network_hits_2","C:\realDesktop\manifest-evaluations\summer-26\ghidra-pipeline\il2cpp-files\vrfs\general-structure-results\70_high_general_structure_review_high\037091dc_System.Array$$InternalArray__ICollection_Contains_OVRPassthroughLayer.SerializedSurfaceGeometry_.c"
"System.Array$$InternalArray__ICollection_Contains<OVRPlugin.AppPerfFrameStats>","03709334","75","70_high_framework_support_only_high","uncertain","framework_support_only","framework_or_engine_namespace","setup_only","eye_source;weak_source_state;validity_gate;pose_vector","strong_eye_source_hits_2;weak_xr_or_state_hits_2;validity_or_gating_hits_21;strong_pose_or_ray_construction_hits_2;negative_framework_support_context_without_confirmed_app_level_gaze_flow;functionality_eye_api_context_without_clear_sink_hits_2","C:\realDesktop\manifest-evaluations\summer-26\ghidra-pipeline\il2cpp-files\vrfs\general-structure-results\70_high_framework_support_only_high\03709334_System.Array$$InternalArray__ICollection_Contains_OVRPlugin.AppPerfFrameStats_.c"
"System.Array$$InternalArray__ICollection_Contains<OVRPlugin.EyeGazeState>","03709920","167","90_plus_confirmed_gaze_retrieval_near_certain","yes","active_eye_tracking_runtime_retrieval","framework_or_engine_namespace","gaze_retrieval","eye_source;weak_source_state;validity_gate;pose_vector;paired_state_refs;attempted_use;active_gaze_retrieval","strong_eye_source_hits_4;weak_xr_or_state_hits_2;validity_or_gating_hits_17;strong_pose_or_ray_construction_hits_2;paired_field_refs_with_eye_source;attempted_eye_tracking_permission_or_feature_enable;active_gaze_state_retrieval_with_validity_and_pose;functionality_gaze_retrieval_or_extraction","C:\realDesktop\manifest-evaluations\summer-26\ghidra-pipeline\il2cpp-files\vrfs\general-structure-results\90_plus_confirmed_gaze_retrieval_near_certain\03709920_System.Array$$InternalArray__ICollection_Contains_OVRPlugin.EyeGazeState_.c"
"System.Array$$InternalArray__ICollection_Contains<OVRPlugin.Quatf>","03709a98","87","70_high_framework_support_only_high","uncertain","framework_support_only","framework_or_engine_namespace","setup_only","eye_source;weak_source_state;validity_gate;pose_vector;paired_state_refs","strong_eye_source_hits_2;weak_xr_or_state_hits_2;validity_or_gating_hits_14;strong_pose_or_ray_construction_hits_2;paired_field_refs_with_eye_source;negative_framework_support_context_without_confirmed_app_level_gaze_flow;functionality_eye_api_context_without_clear_sink_hits_2","C:\realDesktop\manifest-evaluations\summer-26\ghidra-pipeline\il2cpp-files\vrfs\general-structure-results\70_high_framework_support_only_high\03709a98_System.Array$$InternalArray__ICollection_Contains_OVRPlugin.Quatf_.c"
"System.Array$$InternalArray__ICollection_Contains<OVRPlugin.SpaceDiscoveryResult>","03709c04","107","90_plus_framework_support_only_near_certain","uncertain","framework_support_only","framework_namespace_with_project_hint","setup_only","eye_source;weak_source_state;validity_gate;pose_vector;paired_state_refs","strong_eye_source_hits_2;weak_xr_or_state_hits_2;validity_or_gating_hits_11;strong_pose_or_ray_construction_hits_2;paired_field_refs_with_eye_source;functionality_eye_api_context_without_clear_sink_hits_2","C:\realDesktop\manifest-evaluations\summer-26\ghidra-pipeline\il2cpp-files\vrfs\general-structure-results\90_plus_framework_support_only_near_certain\03709c04_System.Array$$InternalArray__ICollection_Contains_OVRPlugin.SpaceDiscoveryResult_.c"
"System.Array$$InternalArray__ICollection_Contains<OVRPlugin.SpaceQueryResult>","03709d78","95","90_plus_framework_support_only_near_certain","uncertain","framework_support_only","framework_namespace_with_project_hint","setup_only","eye_source;weak_source_state;validity_gate;pose_vector","strong_eye_source_hits_2;weak_xr_or_state_hits_2;validity_or_gating_hits_8;strong_pose_or_ray_construction_hits_2;functionality_eye_api_context_without_clear_sink_hits_2","C:\realDesktop\manifest-evaluations\summer-26\ghidra-pipeline\il2cpp-files\vrfs\general-structure-results\90_plus_framework_support_only_near_certain\03709d78_System.Array$$InternalArray__ICollection_Contains_OVRPlugin.SpaceQueryResult_.c"
"Unity.Collections.NativeArray.Enumerator<OVRPlugin.SpaceDiscoveryResult>$$.ctor","0379ca3c","73","70_high_framework_support_only_high","uncertain","framework_support_only","framework_namespace_with_project_hint","setup_only","eye_source;weak_source_state;pose_vector","strong_eye_source_hits_2;weak_xr_or_state_hits_2;strong_pose_or_ray_construction_hits_2;functionality_eye_api_context_without_clear_sink_hits_2","C:\realDesktop\manifest-evaluations\summer-26\ghidra-pipeline\il2cpp-files\vrfs\general-structure-results\70_high_framework_support_only_high\0379ca3c_Unity.Collections.NativeArray.Enumerator_OVRPlugin.SpaceDiscoveryResult_$$.ctor.c"
"Unity.Collections.NativeArray.Enumerator<OVRPlugin.SpaceDiscoveryResult>$$Dispose","0379ca58","81","70_high_framework_support_only_high","uncertain","framework_support_only","framework_namespace_with_project_hint","setup_only","eye_source;weak_source_state;pose_vector","strong_eye_source_hits_2;weak_xr_or_state_hits_2;strong_pose_or_ray_construction_hits_4;functionality_eye_api_context_without_clear_sink_hits_2","C:\realDesktop\manifest-evaluations\summer-26\ghidra-pipeline\il2cpp-files\vrfs\general-structure-results\70_high_framework_support_only_high\0379ca58_Unity.Collections.NativeArray.Enumerator_OVRPlugin.SpaceDiscoveryResult_$$Dispose.c"
"Unity.Collections.NativeArray.Enumerator<OVRPlugin.SpaceDiscoveryResult>$$MoveNext","0379ca5c","73","70_high_framework_support_only_high","uncertain","framework_support_only","framework_namespace_with_project_hint","setup_only","eye_source;weak_source_state;pose_vector","strong_eye_source_hits_2;weak_xr_or_state_hits_2;strong_pose_or_ray_construction_hits_2;functionality_eye_api_context_without_clear_sink_hits_2","C:\realDesktop\manifest-evaluations\summer-26\ghidra-pipeline\il2cpp-files\vrfs\general-structure-results\70_high_framework_support_only_high\0379ca5c_Unity.Collections.NativeArray.Enumerator_OVRPlugin.SpaceDiscoveryResult_$$MoveNext.c"
"Unity.Collections.NativeArray.Enumerator<OVRPlugin.SpaceDiscoveryResult>$$Reset","0379cb28","73","70_high_framework_support_only_high","uncertain","framework_support_only","framework_namespace_with_project_hint","setup_only","eye_source;weak_source_state;pose_vector","strong_eye_source_hits_2;weak_xr_or_state_hits_2;strong_pose_or_ray_construction_hits_2;functionality_eye_api_context_without_clear_sink_hits_2","C:\realDesktop\manifest-evaluations\summer-26\ghidra-pipeline\il2cpp-files\vrfs\general-structure-results\70_high_framework_support_only_high\0379cb28_Unity.Collections.NativeArray.Enumerator_OVRPlugin.SpaceDiscoveryResult_$$Reset.c"
"Unity.Collections.NativeArray.Enumerator<OVRPlugin.SpaceDiscoveryResult>$$get_Current","0379cb34","73","70_high_framework_support_only_high","uncertain","framework_support_only","framework_namespace_with_project_hint","setup_only","eye_source;weak_source_state;pose_vector","strong_eye_source_hits_2;weak_xr_or_state_hits_2;strong_pose_or_ray_construction_hits_2;functionality_eye_api_context_without_clear_sink_hits_2","C:\realDesktop\manifest-evaluations\summer-26\ghidra-pipeline\il2cpp-files\vrfs\general-structure-results\70_high_framework_support_only_high\0379cb34_Unity.Collections.NativeArray.Enumerator_OVRPlugin.SpaceDiscoveryResult_$$get_Current.c"
"Unity.Collections.NativeArray.Enumerator<OVRPlugin.SpaceDiscoveryResult>$$System.Collections.IEnumerator.get_Current","0379cb48","73","70_high_framework_support_only_high","uncertain","framework_support_only","framework_namespace_with_project_hint","setup_only","eye_source;weak_source_state;pose_vector","strong_eye_source_hits_2;weak_xr_or_state_hits_2;strong_pose_or_ray_construction_hits_2;functionality_eye_api_context_without_clear_sink_hits_2","C:\realDesktop\manifest-evaluations\summer-26\ghidra-pipeline\il2cpp-files\vrfs\general-structure-results\70_high_framework_support_only_high\0379cb48_Unity.Collections.NativeArray.Enumerator_OVRPlugin.SpaceDiscoveryResult_$$System.Collections.IEnumerator.get_Current.c"
"Unity.Collections.NativeArray.ReadOnly.Enumerator<OVRPlugin.SpaceDiscoveryResult>$$.ctor","0379cbc4","73","70_high_framework_support_only_high","uncertain","framework_support_only","framework_namespace_with_project_hint","setup_only","eye_source;weak_source_state;pose_vector","strong_eye_source_hits_2;weak_xr_or_state_hits_2;strong_pose_or_ray_construction_hits_2;functionality_eye_api_context_without_clear_sink_hits_2","C:\realDesktop\manifest-evaluations\summer-26\ghidra-pipeline\il2cpp-files\vrfs\general-structure-results\70_high_framework_support_only_high\0379cbc4_Unity.Collections.NativeArray.ReadOnly.Enumerator_OVRPlugin.SpaceDiscoveryResult_$$.ctor.c"
"Unity.Collections.NativeArray.ReadOnly.Enumerator<OVRPlugin.SpaceDiscoveryResult>$$Dispose","0379cbe0","81","70_high_framework_support_only_high","uncertain","framework_support_only","framework_namespace_with_project_hint","setup_only","eye_source;weak_source_state;pose_vector","strong_eye_source_hits_2;weak_xr_or_state_hits_2;strong_pose_or_ray_construction_hits_4;functionality_eye_api_context_without_clear_sink_hits_2","C:\realDesktop\manifest-evaluations\summer-26\ghidra-pipeline\il2cpp-files\vrfs\general-structure-results\70_high_framework_support_only_high\0379cbe0_Unity.Collections.NativeArray.ReadOnly.Enumerator_OVRPlugin.SpaceDiscoveryResult_$$Dispose.c"
"Unity.Collections.NativeArray.ReadOnly.Enumerator<OVRPlugin.SpaceDiscoveryResult>$$MoveNext","0379cbe4","73","70_high_framework_support_only_high","uncertain","framework_support_only","framework_namespace_with_project_hint","setup_only","eye_source;weak_source_state;pose_vector","strong_eye_source_hits_2;weak_xr_or_state_hits_2;strong_pose_or_ray_construction_hits_2;functionality_eye_api_context_without_clear_sink_hits_2","C:\realDesktop\manifest-evaluations\summer-26\ghidra-pipeline\il2cpp-files\vrfs\general-structure-results\70_high_framework_support_only_high\0379cbe4_Unity.Collections.NativeArray.ReadOnly.Enumerator_OVRPlugin.SpaceDiscoveryResult_$$MoveNext.c"
"Unity.Collections.NativeArray.ReadOnly.Enumerator<OVRPlugin.SpaceDiscoveryResult>$$Reset","0379ccb0","73","70_high_framework_support_only_high","uncertain","framework_support_only","framework_namespace_with_project_hint","setup_only","eye_source;weak_source_state;pose_vector","strong_eye_source_hits_2;weak_xr_or_state_hits_2;strong_pose_or_ray_construction_hits_2;functionality_eye_api_context_without_clear_sink_hits_2","C:\realDesktop\manifest-evaluations\summer-26\ghidra-pipeline\il2cpp-files\vrfs\general-structure-results\70_high_framework_support_only_high\0379ccb0_Unity.Collections.NativeArray.ReadOnly.Enumerator_OVRPlugin.SpaceDiscoveryResult_$$Reset.c"
"Unity.Collections.NativeArray.ReadOnly.Enumerator<OVRPlugin.SpaceDiscoveryResult>$$get_Current","0379ccbc","73","70_high_framework_support_only_high","uncertain","framework_support_only","framework_namespace_with_project_hint","setup_only","eye_source;weak_source_state;pose_vector","strong_eye_source_hits_2;weak_xr_or_state_hits_2;strong_pose_or_ray_construction_hits_2;functionality_eye_api_context_without_clear_sink_hits_2","C:\realDesktop\manifest-evaluations\summer-26\ghidra-pipeline\il2cpp-files\vrfs\general-structure-results\70_high_framework_support_only_high\0379ccbc_Unity.Collections.NativeArray.ReadOnly.Enumerator_OVRPlugin.SpaceDiscoveryResult_$$get_Current.c"
"Unity.Collections.NativeArray.ReadOnly.Enumerator<OVRPlugin.SpaceDiscoveryResult>$$System.Collections.IEnumerator.get_Current","0379ccd0","73","70_high_framework_support_only_high","uncertain","framework_support_only","framework_namespace_with_project_hint","setup_only","eye_source;weak_source_state;pose_vector","strong_eye_source_hits_2;weak_xr_or_state_hits_2;strong_pose_or_ray_construction_hits_2;functionality_eye_api_context_without_clear_sink_hits_2","C:\realDesktop\manifest-evaluations\summer-26\ghidra-pipeline\il2cpp-files\vrfs\general-structure-results\70_high_framework_support_only_high\0379ccd0_Unity.Collections.NativeArray.ReadOnly.Enumerator_OVRPlugin.SpaceDiscoveryResult_$$System.Collections.IEnumerator.get_Current.c"
"Unity.Collections.NativeArray.Enumerator<OVRPlugin.SpaceQueryResult>$$.ctor","0379cd4c","95","90_plus_framework_support_only_near_certain","uncertain","framework_support_only","framework_namespace_with_project_hint","setup_only","eye_source;weak_source_state;validity_gate;pose_vector","strong_eye_source_hits_2;weak_xr_or_state_hits_2;validity_or_gating_hits_6;strong_pose_or_ray_construction_hits_2;functionality_eye_api_context_without_clear_sink_hits_2","C:\realDesktop\manifest-evaluations\summer-26\ghidra-pipeline\il2cpp-files\vrfs\general-structure-results\90_plus_framework_support_only_near_certain\0379cd4c_Unity.Collections.NativeArray.Enumerator_OVRPlugin.SpaceQueryResult_$$.ctor.c"
"Unity.Collections.NativeArray.Enumerator<OVRPlugin.SpaceQueryResult>$$Dispose","0379cd68","103","90_plus_framework_support_only_near_certain","uncertain","framework_support_only","framework_namespace_with_project_hint","setup_only","eye_source;weak_source_state;validity_gate;pose_vector","strong_eye_source_hits_2;weak_xr_or_state_hits_2;validity_or_gating_hits_6;strong_pose_or_ray_construction_hits_4;functionality_eye_api_context_without_clear_sink_hits_2","C:\realDesktop\manifest-evaluations\summer-26\ghidra-pipeline\il2cpp-files\vrfs\general-structure-results\90_plus_framework_support_only_near_certain\0379cd68_Unity.Collections.NativeArray.Enumerator_OVRPlugin.SpaceQueryResult_$$Dispose.c"
"Unity.Collections.NativeArray.Enumerator<OVRPlugin.SpaceQueryResult>$$MoveNext","0379cd6c","95","90_plus_framework_support_only_near_certain","uncertain","framework_support_only","framework_namespace_with_project_hint","setup_only","eye_source;weak_source_state;validity_gate;pose_vector","strong_eye_source_hits_2;weak_xr_or_state_hits_2;validity_or_gating_hits_6;strong_pose_or_ray_construction_hits_2;functionality_eye_api_context_without_clear_sink_hits_2","C:\realDesktop\manifest-evaluations\summer-26\ghidra-pipeline\il2cpp-files\vrfs\general-structure-results\90_plus_framework_support_only_near_certain\0379cd6c_Unity.Collections.NativeArray.Enumerator_OVRPlugin.SpaceQueryResult_$$MoveNext.c"
"Unity.Collections.NativeArray.Enumerator<OVRPlugin.SpaceQueryResult>$$Reset","0379ce38","95","90_plus_framework_support_only_near_certain","uncertain","framework_support_only","framework_namespace_with_project_hint","setup_only","eye_source;weak_source_state;validity_gate;pose_vector","strong_eye_source_hits_2;weak_xr_or_state_hits_2;validity_or_gating_hits_4;strong_pose_or_ray_construction_hits_2;functionality_eye_api_context_without_clear_sink_hits_2","C:\realDesktop\manifest-evaluations\summer-26\ghidra-pipeline\il2cpp-files\vrfs\general-structure-results\90_plus_framework_support_only_near_certain\0379ce38_Unity.Collections.NativeArray.Enumerator_OVRPlugin.SpaceQueryResult_$$Reset.c"
"Unity.Collections.NativeArray.Enumerator<OVRPlugin.SpaceQueryResult>$$get_Current","0379ce44","95","90_plus_framework_support_only_near_certain","uncertain","framework_support_only","framework_namespace_with_project_hint","setup_only","eye_source;weak_source_state;validity_gate;pose_vector","strong_eye_source_hits_2;weak_xr_or_state_hits_2;validity_or_gating_hits_4;strong_pose_or_ray_construction_hits_2;functionality_eye_api_context_without_clear_sink_hits_2","C:\realDesktop\manifest-evaluations\summer-26\ghidra-pipeline\il2cpp-files\vrfs\general-structure-results\90_plus_framework_support_only_near_certain\0379ce44_Unity.Collections.NativeArray.Enumerator_OVRPlugin.SpaceQueryResult_$$get_Current.c"
"Unity.Collections.NativeArray.Enumerator<OVRPlugin.SpaceQueryResult>$$System.Collections.IEnumerator.get_Current","0379ce58","95","90_plus_framework_support_only_near_certain","uncertain","framework_support_only","framework_namespace_with_project_hint","setup_only","eye_source;weak_source_state;validity_gate;pose_vector","strong_eye_source_hits_2;weak_xr_or_state_hits_2;validity_or_gating_hits_4;strong_pose_or_ray_construction_hits_2;functionality_eye_api_context_without_clear_sink_hits_2","C:\realDesktop\manifest-evaluations\summer-26\ghidra-pipeline\il2cpp-files\vrfs\general-structure-results\90_plus_framework_support_only_near_certain\0379ce58_Unity.Collections.NativeArray.Enumerator_OVRPlugin.SpaceQueryResult_$$System.Collections.IEnumerator.get_Current.c"
"Unity.Collections.NativeArray.ReadOnly.Enumerator<OVRPlugin.SpaceQueryResult>$$.ctor","0379ced4","89","70_high_framework_support_only_high","uncertain","framework_support_only","framework_namespace_with_project_hint","setup_only","eye_source;weak_source_state;validity_gate;pose_vector","strong_eye_source_hits_2;weak_xr_or_state_hits_2;validity_or_gating_hits_2;strong_pose_or_ray_construction_hits_2;functionality_eye_api_context_without_clear_sink_hits_2","C:\realDesktop\manifest-evaluations\summer-26\ghidra-pipeline\il2cpp-files\vrfs\general-structure-results\70_high_framework_support_only_high\0379ced4_Unity.Collections.NativeArray.ReadOnly.Enumerator_OVRPlugin.SpaceQueryResult_$$.ctor.c"
"Unity.Collections.NativeArray.ReadOnly.Enumerator<OVRPlugin.SpaceQueryResult>$$Dispose","0379cef0","94","90_plus_framework_support_only_near_certain","uncertain","framework_support_only","framework_namespace_with_project_hint","setup_only","eye_source;weak_source_state;validity_gate;pose_vector","strong_eye_source_hits_2;weak_xr_or_state_hits_2;validity_or_gating_hits_1;strong_pose_or_ray_construction_hits_4;functionality_eye_api_context_without_clear_sink_hits_2","C:\realDesktop\manifest-evaluations\summer-26\ghidra-pipeline\il2cpp-files\vrfs\general-structure-results\90_plus_framework_support_only_near_certain\0379cef0_Unity.Collections.NativeArray.ReadOnly.Enumerator_OVRPlugin.SpaceQueryResult_$$Dispose.c"
"Unity.Collections.NativeArray.ReadOnly.Enumerator<OVRPlugin.SpaceQueryResult>$$MoveNext","0379cef4","86","70_high_framework_support_only_high","uncertain","framework_support_only","framework_namespace_with_project_hint","setup_only","eye_source;weak_source_state;validity_gate;pose_vector","strong_eye_source_hits_2;weak_xr_or_state_hits_2;validity_or_gating_hits_1;strong_pose_or_ray_construction_hits_2;functionality_eye_api_context_without_clear_sink_hits_2","C:\realDesktop\manifest-evaluations\summer-26\ghidra-pipeline\il2cpp-files\vrfs\general-structure-results\70_high_framework_support_only_high\0379cef4_Unity.Collections.NativeArray.ReadOnly.Enumerator_OVRPlugin.SpaceQueryResult_$$MoveNext.c"
"Unity.Collections.NativeArray.ReadOnly.Enumerator<OVRPlugin.SpaceQueryResult>$$Reset","0379cfc0","86","70_high_framework_support_only_high","uncertain","framework_support_only","framework_namespace_with_project_hint","setup_only","eye_source;weak_source_state;validity_gate;pose_vector","strong_eye_source_hits_2;weak_xr_or_state_hits_2;validity_or_gating_hits_1;strong_pose_or_ray_construction_hits_2;functionality_eye_api_context_without_clear_sink_hits_2","C:\realDesktop\manifest-evaluations\summer-26\ghidra-pipeline\il2cpp-files\vrfs\general-structure-results\70_high_framework_support_only_high\0379cfc0_Unity.Collections.NativeArray.ReadOnly.Enumerator_OVRPlugin.SpaceQueryResult_$$Reset.c"
"Unity.Collections.NativeArray.ReadOnly.Enumerator<OVRPlugin.SpaceQueryResult>$$get_Current","0379cfcc","86","70_high_framework_support_only_high","uncertain","framework_support_only","framework_namespace_with_project_hint","setup_only","eye_source;weak_source_state;validity_gate;pose_vector","strong_eye_source_hits_2;weak_xr_or_state_hits_2;validity_or_gating_hits_1;strong_pose_or_ray_construction_hits_2;functionality_eye_api_context_without_clear_sink_hits_2","C:\realDesktop\manifest-evaluations\summer-26\ghidra-pipeline\il2cpp-files\vrfs\general-structure-results\70_high_framework_support_only_high\0379cfcc_Unity.Collections.NativeArray.ReadOnly.Enumerator_OVRPlugin.SpaceQueryResult_$$get_Current.c"
"Unity.Collections.NativeArray.ReadOnly.Enumerator<OVRPlugin.SpaceQueryResult>$$System.Collections.IEnumerator.get_Current","0379cfe0","86","70_high_framework_support_only_high","uncertain","framework_support_only","framework_namespace_with_project_hint","setup_only","eye_source;weak_source_state;validity_gate;pose_vector","strong_eye_source_hits_2;weak_xr_or_state_hits_2;validity_or_gating_hits_1;strong_pose_or_ray_construction_hits_2;functionality_eye_api_context_without_clear_sink_hits_2","C:\realDesktop\manifest-evaluations\summer-26\ghidra-pipeline\il2cpp-files\vrfs\general-structure-results\70_high_framework_support_only_high\0379cfe0_Unity.Collections.NativeArray.ReadOnly.Enumerator_OVRPlugin.SpaceQueryResult_$$System.Collections.IEnumerator.get_Current.c"
"Unity.Collections.NativeArray.ReadOnly.Enumerator<OVRPlugin.Vector2f>$$MoveNext","0379d1bc","75","70_high_framework_support_only_high","uncertain","framework_support_only","framework_or_engine_namespace","setup_only","eye_source;weak_source_state;validity_gate;pose_vector","strong_eye_source_hits_2;weak_xr_or_state_hits_2;validity_or_gating_hits_4;strong_pose_or_ray_construction_hits_2;negative_framework_support_context_without_confirmed_app_level_gaze_flow;functionality_eye_api_context_without_clear_sink_hits_2","C:\realDesktop\manifest-evaluations\summer-26\ghidra-pipeline\il2cpp-files\vrfs\general-structure-results\70_high_framework_support_only_high\0379d1bc_Unity.Collections.NativeArray.ReadOnly.Enumerator_OVRPlugin.Vector2f_$$MoveNext.c"
"Unity.Collections.NativeArray.Enumerator<OVRPlugin.Vector3f>$$Dispose","0379d300","74","70_high_framework_support_only_high","uncertain","framework_support_only","framework_or_engine_namespace","setup_only","eye_source;weak_source_state;validity_gate;pose_vector","strong_eye_source_hits_2;weak_xr_or_state_hits_2;validity_or_gating_hits_1;strong_pose_or_ray_construction_hits_4;negative_framework_support_context_without_confirmed_app_level_gaze_flow;functionality_eye_api_context_without_clear_sink_hits_2","C:\realDesktop\manifest-evaluations\summer-26\ghidra-pipeline\il2cpp-files\vrfs\general-structure-results\70_high_framework_support_only_high\0379d300_Unity.Collections.NativeArray.Enumerator_OVRPlugin.Vector3f_$$Dispose.c"
"Unity.Collections.NativeArray.ReadOnly.Enumerator<OVRPlugin.Vector3f>$$Dispose","0379d464","77","70_high_framework_support_only_high","uncertain","framework_support_only","framework_or_engine_namespace","setup_only","eye_source;weak_source_state;validity_gate;pose_vector","strong_eye_source_hits_2;weak_xr_or_state_hits_2;validity_or_gating_hits_2;strong_pose_or_ray_construction_hits_4;negative_framework_support_context_without_confirmed_app_level_gaze_flow;functionality_eye_api_context_without_clear_sink_hits_2","C:\realDesktop\manifest-evaluations\summer-26\ghidra-pipeline\il2cpp-files\vrfs\general-structure-results\70_high_framework_support_only_high\0379d464_Unity.Collections.NativeArray.ReadOnly.Enumerator_OVRPlugin.Vector3f_$$Dispose.c"
"Unity.Collections.NativeArray.Enumerator<OVRPlugin.Vector4f>$$.ctor","0379d5ac","75","70_high_framework_support_only_high","uncertain","framework_support_only","framework_or_engine_namespace","setup_only","eye_source;weak_source_state;validity_gate;pose_vector","strong_eye_source_hits_2;weak_xr_or_state_hits_2;validity_or_gating_hits_5;strong_pose_or_ray_construction_hits_2;negative_framework_support_context_without_confirmed_app_level_gaze_flow;functionality_eye_api_context_without_clear_sink_hits_2","C:\realDesktop\manifest-evaluations\summer-26\ghidra-pipeline\il2cpp-files\vrfs\general-structure-results\70_high_framework_support_only_high\0379d5ac_Unity.Collections.NativeArray.Enumerator_OVRPlugin.Vector4f_$$.ctor.c"
"Unity.Collections.NativeArray.Enumerator<OVRPlugin.Vector4f>$$Dispose","0379d5c8","83","70_high_framework_support_only_high","uncertain","framework_support_only","framework_or_engine_namespace","setup_only","eye_source;weak_source_state;validity_gate;pose_vector","strong_eye_source_hits_2;weak_xr_or_state_hits_2;validity_or_gating_hits_5;strong_pose_or_ray_construction_hits_4;negative_framework_support_context_without_confirmed_app_level_gaze_flow;functionality_eye_api_context_without_clear_sink_hits_2","C:\realDesktop\manifest-evaluations\summer-26\ghidra-pipeline\il2cpp-files\vrfs\general-structure-results\70_high_framework_support_only_high\0379d5c8_Unity.Collections.NativeArray.Enumerator_OVRPlugin.Vector4f_$$Dispose.c"
"Unity.Collections.NativeArray.Enumerator<OVRPlugin.Vector4f>$$MoveNext","0379d5cc","75","70_high_framework_support_only_high","uncertain","framework_support_only","framework_or_engine_namespace","setup_only","eye_source;weak_source_state;validity_gate;pose_vector","strong_eye_source_hits_2;weak_xr_or_state_hits_2;validity_or_gating_hits_5;strong_pose_or_ray_construction_hits_2;negative_framework_support_context_without_confirmed_app_level_gaze_flow;functionality_eye_api_context_without_clear_sink_hits_2","C:\realDesktop\manifest-evaluations\summer-26\ghidra-pipeline\il2cpp-files\vrfs\general-structure-results\70_high_framework_support_only_high\0379d5cc_Unity.Collections.NativeArray.Enumerator_OVRPlugin.Vector4f_$$MoveNext.c"
"Unity.Collections.NativeArray.Enumerator<OVRPlugin.Vector4f>$$Reset","0379d67c","72","70_high_framework_support_only_high","uncertain","framework_support_only","framework_or_engine_namespace","setup_only","eye_source;weak_source_state;validity_gate;pose_vector","strong_eye_source_hits_2;weak_xr_or_state_hits_2;validity_or_gating_hits_3;strong_pose_or_ray_construction_hits_2;negative_framework_support_context_without_confirmed_app_level_gaze_flow;functionality_eye_api_context_without_clear_sink_hits_2","C:\realDesktop\manifest-evaluations\summer-26\ghidra-pipeline\il2cpp-files\vrfs\general-structure-results\70_high_framework_support_only_high\0379d67c_Unity.Collections.NativeArray.Enumerator_OVRPlugin.Vector4f_$$Reset.c"
"Unity.Collections.NativeArray.Enumerator<OVRPlugin.Vector4f>$$get_Current","0379d688","72","70_high_framework_support_only_high","uncertain","framework_support_only","framework_or_engine_namespace","setup_only","eye_source;weak_source_state;validity_gate;pose_vector","strong_eye_source_hits_2;weak_xr_or_state_hits_2;validity_or_gating_hits_3;strong_pose_or_ray_construction_hits_2;negative_framework_support_context_without_confirmed_app_level_gaze_flow;functionality_eye_api_context_without_clear_sink_hits_2","C:\realDesktop\manifest-evaluations\summer-26\ghidra-pipeline\il2cpp-files\vrfs\general-structure-results\70_high_framework_support_only_high\0379d688_Unity.Collections.NativeArray.Enumerator_OVRPlugin.Vector4f_$$get_Current.c"
"Unity.Collections.NativeArray.Enumerator<OVRPlugin.Vector4f>$$System.Collections.IEnumerator.get_Current","0379d694","72","70_high_framework_support_only_high","uncertain","framework_support_only","framework_or_engine_namespace","setup_only","eye_source;weak_source_state;validity_gate;pose_vector","strong_eye_source_hits_2;weak_xr_or_state_hits_2;validity_or_gating_hits_3;strong_pose_or_ray_construction_hits_2;negative_framework_support_context_without_confirmed_app_level_gaze_flow;functionality_eye_api_context_without_clear_sink_hits_2","C:\realDesktop\manifest-evaluations\summer-26\ghidra-pipeline\il2cpp-files\vrfs\general-structure-results\70_high_framework_support_only_high\0379d694_Unity.Collections.NativeArray.Enumerator_OVRPlugin.Vector4f_$$System.Collections.IEnumerator.get_Current.c"
"Unity.Collections.NativeArray.ReadOnly.Enumerator<OVRPlugin.Vector4s>$$Reset","0379da6c","72","70_high_framework_support_only_high","uncertain","framework_support_only","framework_or_engine_namespace","setup_only","eye_source;weak_source_state;validity_gate;pose_vector","strong_eye_source_hits_2;weak_xr_or_state_hits_2;validity_or_gating_hits_3;strong_pose_or_ray_construction_hits_2;negative_framework_support_context_without_confirmed_app_level_gaze_flow;functionality_eye_api_context_without_clear_sink_hits_2","C:\realDesktop\manifest-evaluations\summer-26\ghidra-pipeline\il2cpp-files\vrfs\general-structure-results\70_high_framework_support_only_high\0379da6c_Unity.Collections.NativeArray.ReadOnly.Enumerator_OVRPlugin.Vector4s_$$Reset.c"
"Unity.Collections.NativeArray.ReadOnly.Enumerator<OVRPlugin.Vector4s>$$get_Current","0379da78","72","70_high_framework_support_only_high","uncertain","framework_support_only","framework_or_engine_namespace","setup_only","eye_source;weak_source_state;validity_gate;pose_vector","strong_eye_source_hits_2;weak_xr_or_state_hits_2;validity_or_gating_hits_3;strong_pose_or_ray_construction_hits_2;negative_framework_support_context_without_confirmed_app_level_gaze_flow;functionality_eye_api_context_without_clear_sink_hits_2","C:\realDesktop\manifest-evaluations\summer-26\ghidra-pipeline\il2cpp-files\vrfs\general-structure-results\70_high_framework_support_only_high\0379da78_Unity.Collections.NativeArray.ReadOnly.Enumerator_OVRPlugin.Vector4s_$$get_Current.c"
"Unity.Collections.NativeArray.ReadOnly.Enumerator<OVRPlugin.Vector4s>$$System.Collections.IEnumerator.get_Current","0379da80","72","70_high_framework_support_only_high","uncertain","framework_support_only","framework_or_engine_namespace","setup_only","eye_source;weak_source_state;validity_gate;pose_vector","strong_eye_source_hits_2;weak_xr_or_state_hits_2;validity_or_gating_hits_3;strong_pose_or_ray_construction_hits_2;negative_framework_support_context_without_confirmed_app_level_gaze_flow;functionality_eye_api_context_without_clear_sink_hits_2","C:\realDesktop\manifest-evaluations\summer-26\ghidra-pipeline\il2cpp-files\vrfs\general-structure-results\70_high_framework_support_only_high\0379da80_Unity.Collections.NativeArray.ReadOnly.Enumerator_OVRPlugin.Vector4s_$$System.Collections.IEnumerator.get_Current.c"
"System.Array$$InternalArray__ICollection_Remove<OVRPlugin.AppPerfFrameStats>","0395c274","78","70_high_framework_support_only_high","uncertain","framework_support_only","framework_or_engine_namespace","setup_only","eye_source;weak_source_state;validity_gate;pose_vector;paired_state_refs","strong_eye_source_hits_2;weak_xr_or_state_hits_2;validity_or_gating_hits_1;strong_pose_or_ray_construction_hits_2;paired_field_refs_with_eye_source;negative_framework_support_context_without_confirmed_app_level_gaze_flow;functionality_eye_api_context_without_clear_sink_hits_2","C:\realDesktop\manifest-evaluations\summer-26\ghidra-pipeline\il2cpp-files\vrfs\general-structure-results\70_high_framework_support_only_high\0395c274_System.Array$$InternalArray__ICollection_Remove_OVRPlugin.AppPerfFrameStats_.c"
"System.Array$$InternalArray__ICollection_Remove<OVRPlugin.EyeGazeState>","0395c3b4","146","90_plus_confirmed_gaze_retrieval_near_certain","yes","active_eye_tracking_runtime_retrieval","framework_or_engine_namespace","gaze_retrieval","eye_source;weak_source_state;validity_gate;pose_vector;attempted_use;active_gaze_retrieval","strong_eye_source_hits_4;weak_xr_or_state_hits_2;validity_or_gating_hits_1;strong_pose_or_ray_construction_hits_2;attempted_eye_tracking_permission_or_feature_enable;active_gaze_state_retrieval_with_validity_and_pose;functionality_gaze_retrieval_or_extraction","C:\realDesktop\manifest-evaluations\summer-26\ghidra-pipeline\il2cpp-files\vrfs\general-structure-results\90_plus_confirmed_gaze_retrieval_near_certain\0395c3b4_System.Array$$InternalArray__ICollection_Remove_OVRPlugin.EyeGazeState_.c"
"System.Array$$InternalArray__ICollection_Remove<OVRPlugin.SpaceDiscoveryResult>","0395c454","73","70_high_framework_support_only_high","uncertain","framework_support_only","framework_namespace_with_project_hint","setup_only","eye_source;weak_source_state;pose_vector","strong_eye_source_hits_2;weak_xr_or_state_hits_2;strong_pose_or_ray_construction_hits_2;functionality_eye_api_context_without_clear_sink_hits_2","C:\realDesktop\manifest-evaluations\summer-26\ghidra-pipeline\il2cpp-files\vrfs\general-structure-results\70_high_framework_support_only_high\0395c454_System.Array$$InternalArray__ICollection_Remove_OVRPlugin.SpaceDiscoveryResult_.c"
"System.Array$$InternalArray__ICollection_Remove<OVRPlugin.SpaceQueryResult>","0395c4a4","73","70_high_framework_support_only_high","uncertain","framework_support_only","framework_namespace_with_project_hint","setup_only","eye_source;weak_source_state;pose_vector","strong_eye_source_hits_2;weak_xr_or_state_hits_2;strong_pose_or_ray_construction_hits_2;functionality_eye_api_context_without_clear_sink_hits_2","C:\realDesktop\manifest-evaluations\summer-26\ghidra-pipeline\il2cpp-files\vrfs\general-structure-results\70_high_framework_support_only_high\0395c4a4_System.Array$$InternalArray__ICollection_Remove_OVRPlugin.SpaceQueryResult_.c"
"System.Array$$InternalArray__ICollection_Remove<XmlTextWriter.Namespace>","0395e754","76","70_high_general_structure_review_high","no","unrelated_or_generic_structure","framework_namespace_with_project_hint","","validity_gate;pose_vector;paired_state_refs;data_collection","validity_or_gating_hits_6;strong_pose_or_ray_construction_hits_2;paired_field_refs_with_structure_only;strong_file_logging_hits_2","C:\realDesktop\manifest-evaluations\summer-26\ghidra-pipeline\il2cpp-files\vrfs\general-structure-results\70_high_general_structure_review_high\0395e754_System.Array$$InternalArray__ICollection_Remove_XmlTextWriter.Namespace_.c"
"System.Array$$InternalArray__ICollection_Remove<OVRPlugin.Qpl.Annotation.Builder.Entry>","0395ef74","87","70_high_framework_support_only_high","uncertain","framework_support_only","framework_or_engine_namespace","setup_only","eye_source;weak_source_state;validity_gate;pose_vector;paired_state_refs","strong_eye_source_hits_2;weak_xr_or_state_hits_2;validity_or_gating_hits_10;strong_pose_or_ray_construction_hits_2;paired_field_refs_with_eye_source;negative_framework_support_context_without_confirmed_app_level_gaze_flow;functionality_eye_api_context_without_clear_sink_hits_2","C:\realDesktop\manifest-evaluations\summer-26\ghidra-pipeline\il2cpp-files\vrfs\general-structure-results\70_high_framework_support_only_high\0395ef74_System.Array$$InternalArray__ICollection_Remove_OVRPlugin.Qpl.Annotation.Builder.Entry_.c"
"Meta.XR.BuildingBlocks.Telemetry$$AddBlockInfo","039c6aa0","70","70_high_uncertain_gaze_or_xr_structure_high","uncertain","eye_tracking_capability_present","app_or_custom_namespace","data_collection_or_telemetry","eye_source;telemetry","strong_eye_source_hits_1;telemetry_or_network_hits_2;functionality_data_collection_or_telemetry_hits_2","C:\realDesktop\manifest-evaluations\summer-26\ghidra-pipeline\il2cpp-files\vrfs\general-structure-results\70_high_uncertain_gaze_or_xr_structure_high\039c6aa0_Meta.XR.BuildingBlocks.Telemetry$$AddBlockInfo.c"
"Meta.XR.BuildingBlocks.ControllerButtonsMapper$$Update","039c6c44","71","70_high_uncertain_eye_setup_high","uncertain","eye_tracking_capability_present","app_or_custom_namespace","setup_only","eye_source;validity_gate;ui_interaction;frame_behavior","strong_eye_source_hits_1;validity_or_gating_hits_1;ui_or_gameplay_sink_hits_2;frame_or_lifecycle_behavior;functionality_eye_api_context_without_clear_sink_hits_1","C:\realDesktop\manifest-evaluations\summer-26\ghidra-pipeline\il2cpp-files\vrfs\general-structure-results\70_high_uncertain_eye_setup_high\039c6c44_Meta.XR.BuildingBlocks.ControllerButtonsMapper$$Update.c"
"Meta.XR.BuildingBlocks.RoomMeshController.<UpdateVolume>d__6$$.ctor","039c71e0","78","70_high_uncertain_eye_setup_high","uncertain","eye_tracking_capability_present","app_or_custom_namespace","setup_only","eye_source;validity_gate;paired_state_refs;frame_behavior","strong_eye_source_hits_1;validity_or_gating_hits_7;paired_field_refs_with_eye_source;frame_or_lifecycle_behavior;functionality_eye_api_context_without_clear_sink_hits_1","C:\realDesktop\manifest-evaluations\summer-26\ghidra-pipeline\il2cpp-files\vrfs\general-structure-results\70_high_uncertain_eye_setup_high\039c71e0_Meta.XR.BuildingBlocks.RoomMeshController._UpdateVolume_d__6$$.ctor.c"
"Meta.XR.BuildingBlocks.RoomMeshController$$LoadRoomMesh","039c7208","72","70_high_uncertain_eye_setup_high","uncertain","eye_tracking_capability_present","app_or_custom_namespace","setup_only","eye_source;validity_gate;paired_state_refs","strong_eye_source_hits_1;validity_or_gating_hits_7;paired_field_refs_with_eye_source;functionality_eye_api_context_without_clear_sink_hits_1","C:\realDesktop\manifest-evaluations\summer-26\ghidra-pipeline\il2cpp-files\vrfs\general-structure-results\70_high_uncertain_eye_setup_high\039c7208_Meta.XR.BuildingBlocks.RoomMeshController$$LoadRoomMesh.c"
"Meta.XR.BuildingBlocks.RoomMeshController.<LoadRoomMesh>d__7$$.ctor","039c727c","72","70_high_uncertain_eye_setup_high","uncertain","eye_tracking_capability_present","app_or_custom_namespace","setup_only","eye_source;validity_gate;paired_state_refs","strong_eye_source_hits_1;validity_or_gating_hits_6;paired_field_refs_with_eye_source;functionality_eye_api_context_without_clear_sink_hits_1","C:\realDesktop\manifest-evaluations\summer-26\ghidra-pipeline\il2cpp-files\vrfs\general-structure-results\70_high_uncertain_eye_setup_high\039c727c_Meta.XR.BuildingBlocks.RoomMeshController._LoadRoomMesh_d__7$$.ctor.c"
"Meta.XR.BuildingBlocks.RoomMeshController$$InstantiateRoomMesh","039c72a4","72","70_high_uncertain_eye_setup_high","uncertain","eye_tracking_capability_present","app_or_custom_namespace","setup_only","eye_source;validity_gate;paired_state_refs","strong_eye_source_hits_1;validity_or_gating_hits_6;paired_field_refs_with_eye_source;functionality_eye_api_context_without_clear_sink_hits_1","C:\realDesktop\manifest-evaluations\summer-26\ghidra-pipeline\il2cpp-files\vrfs\general-structure-results\70_high_uncertain_eye_setup_high\039c72a4_Meta.XR.BuildingBlocks.RoomMeshController$$InstantiateRoomMesh.c"
"Meta.XR.BuildingBlocks.RoomMeshController.<Start>d__5$$System.IDisposable.Dispose","039c74f4","83","70_high_uncertain_eye_setup_high","uncertain","eye_tracking_capability_present","app_or_custom_namespace","setup_only","eye_source;validity_gate;pose_vector;frame_behavior","strong_eye_source_hits_1;validity_or_gating_hits_3;strong_pose_or_ray_construction_hits_2;frame_or_lifecycle_behavior;functionality_eye_api_context_without_clear_sink_hits_1","C:\realDesktop\manifest-evaluations\summer-26\ghidra-pipeline\il2cpp-files\vrfs\general-structure-results\70_high_uncertain_eye_setup_high\039c74f4_Meta.XR.BuildingBlocks.RoomMeshController._Start_d__5$$System.IDisposable.Dispose.c"
"Meta.XR.BuildingBlocks.RoomMeshController.<UpdateVolume>d__6$$System.IDisposable.Dispose","039c7750","86","70_high_uncertain_eye_setup_high","uncertain","eye_tracking_capability_present","app_or_custom_namespace","setup_only","eye_source;validity_gate;pose_vector;frame_behavior","strong_eye_source_hits_1;validity_or_gating_hits_4;strong_pose_or_ray_construction_hits_2;frame_or_lifecycle_behavior;functionality_eye_api_context_without_clear_sink_hits_1","C:\realDesktop\manifest-evaluations\summer-26\ghidra-pipeline\il2cpp-files\vrfs\general-structure-results\70_high_uncertain_eye_setup_high\039c7750_Meta.XR.BuildingBlocks.RoomMeshController._UpdateVolume_d__6$$System.IDisposable.Dispose.c"
"Meta.XR.BuildingBlocks.FollowAndCreateAnchorAtHandPositionBuildingBlock$$LoadAndInstantiateAnchors","039c894c","72","70_high_uncertain_eye_setup_high","uncertain","eye_tracking_capability_present","app_or_custom_namespace","setup_only","eye_source;validity_gate;paired_state_refs","strong_eye_source_hits_1;validity_or_gating_hits_19;paired_field_refs_with_eye_source;functionality_eye_api_context_without_clear_sink_hits_1","C:\realDesktop\manifest-evaluations\summer-26\ghidra-pipeline\il2cpp-files\vrfs\general-structure-results\70_high_uncertain_eye_setup_high\039c894c_Meta.XR.BuildingBlocks.FollowAndCreateAnchorAtHandPositionBuildingBlock$$LoadAndInstantiateAnchors.c"
"Meta.XR.BuildingBlocks.SpatialAnchorCoreBuildingBlock$$LoadAndInstantiateAnchors","039c8970","72","70_high_uncertain_eye_setup_high","uncertain","eye_tracking_capability_present","app_or_custom_namespace","setup_only","eye_source;validity_gate;paired_state_refs","strong_eye_source_hits_1;validity_or_gating_hits_19;paired_field_refs_with_eye_source;functionality_eye_api_context_without_clear_sink_hits_1","C:\realDesktop\manifest-evaluations\summer-26\ghidra-pipeline\il2cpp-files\vrfs\general-structure-results\70_high_uncertain_eye_setup_high\039c8970_Meta.XR.BuildingBlocks.SpatialAnchorCoreBuildingBlock$$LoadAndInstantiateAnchors.c"
"Meta.XR.BuildingBlocks.FollowAndCreateAnchorAtHandPositionBuildingBlock$$LoadAnchorsFromDefaultLocalStorage","039c8a5c","72","70_high_uncertain_eye_setup_high","uncertain","eye_tracking_capability_present","app_or_custom_namespace","setup_only","eye_source;validity_gate;paired_state_refs","strong_eye_source_hits_1;validity_or_gating_hits_16;paired_field_refs_with_eye_source;functionality_eye_api_context_without_clear_sink_hits_1","C:\realDesktop\manifest-evaluations\summer-26\ghidra-pipeline\il2cpp-files\vrfs\general-structure-results\70_high_uncertain_eye_setup_high\039c8a5c_Meta.XR.BuildingBlocks.FollowAndCreateAnchorAtHandPositionBuildingBlock$$LoadAnchorsFromDefaultLocalStorage.c"
"Meta.XR.BuildingBlocks.SpatialAnchorLocalStorageManagerBuildingBlock$$GetAnchorAnchorUuidFromLocalStorage","039c8b54","72","70_high_uncertain_eye_setup_high","uncertain","eye_tracking_capability_present","app_or_custom_namespace","setup_only","eye_source;validity_gate;paired_state_refs","strong_eye_source_hits_1;validity_or_gating_hits_9;paired_field_refs_with_eye_source;functionality_eye_api_context_without_clear_sink_hits_1","C:\realDesktop\manifest-evaluations\summer-26\ghidra-pipeline\il2cpp-files\vrfs\general-structure-results\70_high_uncertain_eye_setup_high\039c8b54_Meta.XR.BuildingBlocks.SpatialAnchorLocalStorageManagerBuildingBlock$$GetAnchorAnchorUuidFromLocalStorage.c"
"Meta.XR.BuildingBlocks.SpatialAnchorLocalStorageManagerBuildingBlock$$Reset","039c92f0","72","70_high_uncertain_eye_setup_high","uncertain","eye_tracking_capability_present","app_or_custom_namespace","setup_only","eye_source;validity_gate;paired_state_refs","strong_eye_source_hits_1;validity_or_gating_hits_10;paired_field_refs_with_eye_source;functionality_eye_api_context_without_clear_sink_hits_1","C:\realDesktop\manifest-evaluations\summer-26\ghidra-pipeline\il2cpp-files\vrfs\general-structure-results\70_high_uncertain_eye_setup_high\039c92f0_Meta.XR.BuildingBlocks.SpatialAnchorLocalStorageManagerBuildingBlock$$Reset.c"
"Meta.XR.BuildingBlocks.SpatialAnchorLocalStorageManagerBuildingBlock$$OnDestroy","039c9338","72","70_high_uncertain_eye_setup_high","uncertain","eye_tracking_capability_present","app_or_custom_namespace","setup_only","eye_source;validity_gate;paired_state_refs","strong_eye_source_hits_1;validity_or_gating_hits_6;paired_field_refs_with_eye_source;functionality_eye_api_context_without_clear_sink_hits_1","C:\realDesktop\manifest-evaluations\summer-26\ghidra-pipeline\il2cpp-files\vrfs\general-structure-results\70_high_uncertain_eye_setup_high\039c9338_Meta.XR.BuildingBlocks.SpatialAnchorLocalStorageManagerBuildingBlock$$OnDestroy.c"
"Meta.XR.BuildingBlocks.SpatialAnchorLocalStorageManagerBuildingBlock$$.ctor","039c939c","72","70_high_uncertain_eye_setup_high","uncertain","eye_tracking_capability_present","app_or_custom_namespace","setup_only","eye_source;validity_gate;paired_state_refs","strong_eye_source_hits_1;validity_or_gating_hits_4;paired_field_refs_with_eye_source;functionality_eye_api_context_without_clear_sink_hits_1","C:\realDesktop\manifest-evaluations\summer-26\ghidra-pipeline\il2cpp-files\vrfs\general-structure-results\70_high_uncertain_eye_setup_high\039c939c_Meta.XR.BuildingBlocks.SpatialAnchorLocalStorageManagerBuildingBlock$$.ctor.c"
"Meta.XR.BuildingBlocks.SpatialAnchorSpawnerBuildingBlock$$set_AnchorPrefab","039c9404","72","70_high_uncertain_eye_setup_high","uncertain","eye_tracking_capability_present","app_or_custom_namespace","setup_only","eye_source;validity_gate;paired_state_refs","strong_eye_source_hits_1;validity_or_gating_hits_10;paired_field_refs_with_eye_source;functionality_eye_api_context_without_clear_sink_hits_1","C:\realDesktop\manifest-evaluations\summer-26\ghidra-pipeline\il2cpp-files\vrfs\general-structure-results\70_high_uncertain_eye_setup_high\039c9404_Meta.XR.BuildingBlocks.SpatialAnchorSpawnerBuildingBlock$$set_AnchorPrefab.c"
"Meta.XR.BuildingBlocks.SpatialAnchorSpawnerBuildingBlock$$set_FollowHand","039c951c","72","70_high_uncertain_eye_setup_high","uncertain","eye_tracking_capability_present","app_or_custom_namespace","setup_only","eye_source;validity_gate;paired_state_refs","strong_eye_source_hits_1;validity_or_gating_hits_4;paired_field_refs_with_eye_source;functionality_eye_api_context_without_clear_sink_hits_1","C:\realDesktop\manifest-evaluations\summer-26\ghidra-pipeline\il2cpp-files\vrfs\general-structure-results\70_high_uncertain_eye_setup_high\039c951c_Meta.XR.BuildingBlocks.SpatialAnchorSpawnerBuildingBlock$$set_FollowHand.c"
"Meta.XR.BuildingBlocks.SpatialAnchorSpawnerBuildingBlock$$SpawnSpatialAnchor","039c972c","72","70_high_uncertain_eye_setup_high","uncertain","eye_tracking_capability_present","app_or_custom_namespace","setup_only","eye_source;validity_gate;paired_state_refs","strong_eye_source_hits_1;validity_or_gating_hits_10;paired_field_refs_with_eye_source;functionality_eye_api_context_without_clear_sink_hits_1","C:\realDesktop\manifest-evaluations\summer-26\ghidra-pipeline\il2cpp-files\vrfs\general-structure-results\70_high_uncertain_eye_setup_high\039c972c_Meta.XR.BuildingBlocks.SpatialAnchorSpawnerBuildingBlock$$SpawnSpatialAnchor.c"
"Meta.XR.BuildingBlocks.SpatialAnchorSpawnerBuildingBlock$$SpawnSpatialAnchor","039c974c","72","70_high_uncertain_eye_setup_high","uncertain","eye_tracking_capability_present","app_or_custom_namespace","setup_only","eye_source;validity_gate;paired_state_refs","strong_eye_source_hits_1;validity_or_gating_hits_9;paired_field_refs_with_eye_source;functionality_eye_api_context_without_clear_sink_hits_1","C:\realDesktop\manifest-evaluations\summer-26\ghidra-pipeline\il2cpp-files\vrfs\general-structure-results\70_high_uncertain_eye_setup_high\039c974c_Meta.XR.BuildingBlocks.SpatialAnchorSpawnerBuildingBlock$$SpawnSpatialAnchor.c"
"Meta.XR.BuildingBlocks.SpatialAnchorSpawnerBuildingBlock$$.ctor","039c9814","72","70_high_uncertain_eye_setup_high","uncertain","eye_tracking_capability_present","app_or_custom_namespace","setup_only","eye_source;validity_gate;paired_state_refs","strong_eye_source_hits_1;validity_or_gating_hits_4;paired_field_refs_with_eye_source;functionality_eye_api_context_without_clear_sink_hits_1","C:\realDesktop\manifest-evaluations\summer-26\ghidra-pipeline\il2cpp-files\vrfs\general-structure-results\70_high_uncertain_eye_setup_high\039c9814_Meta.XR.BuildingBlocks.SpatialAnchorSpawnerBuildingBlock$$.ctor.c"
"Meta.XR.BuildingBlocks.SharedSpatialAnchorCore$$get_OnSpatialAnchorsShareCompleted","039c9824","72","70_high_uncertain_eye_setup_high","uncertain","eye_tracking_capability_present","app_or_custom_namespace","setup_only","eye_source;validity_gate;paired_state_refs","strong_eye_source_hits_1;validity_or_gating_hits_4;paired_field_refs_with_eye_source;functionality_eye_api_context_without_clear_sink_hits_1","C:\realDesktop\manifest-evaluations\summer-26\ghidra-pipeline\il2cpp-files\vrfs\general-structure-results\70_high_uncertain_eye_setup_high\039c9824_Meta.XR.BuildingBlocks.SharedSpatialAnchorCore$$get_OnSpatialAnchorsShareCompleted.c"
"Meta.XR.BuildingBlocks.SharedSpatialAnchorCore$$set_OnSpatialAnchorsShareCompleted","039c982c","72","70_high_uncertain_eye_setup_high","uncertain","eye_tracking_capability_present","app_or_custom_namespace","setup_only","eye_source;validity_gate;paired_state_refs","strong_eye_source_hits_1;validity_or_gating_hits_7;paired_field_refs_with_eye_source;functionality_eye_api_context_without_clear_sink_hits_1","C:\realDesktop\manifest-evaluations\summer-26\ghidra-pipeline\il2cpp-files\vrfs\general-structure-results\70_high_uncertain_eye_setup_high\039c982c_Meta.XR.BuildingBlocks.SharedSpatialAnchorCore$$set_OnSpatialAnchorsShareCompleted.c"
"Meta.XR.BuildingBlocks.SharedSpatialAnchorCore$$get_OnSharedSpatialAnchorsLoadCompleted","039c9834","72","70_high_uncertain_eye_setup_high","uncertain","eye_tracking_capability_present","app_or_custom_namespace","setup_only","eye_source;validity_gate;paired_state_refs","strong_eye_source_hits_1;validity_or_gating_hits_6;paired_field_refs_with_eye_source;functionality_eye_api_context_without_clear_sink_hits_1","C:\realDesktop\manifest-evaluations\summer-26\ghidra-pipeline\il2cpp-files\vrfs\general-structure-results\70_high_uncertain_eye_setup_high\039c9834_Meta.XR.BuildingBlocks.SharedSpatialAnchorCore$$get_OnSharedSpatialAnchorsLoadCompleted.c"
"Meta.XR.BuildingBlocks.SharedSpatialAnchorCore$$set_OnSharedSpatialAnchorsLoadCompleted","039c983c","72","70_high_uncertain_eye_setup_high","uncertain","eye_tracking_capability_present","app_or_custom_namespace","setup_only","eye_source;validity_gate;paired_state_refs","strong_eye_source_hits_1;validity_or_gating_hits_6;paired_field_refs_with_eye_source;functionality_eye_api_context_without_clear_sink_hits_1","C:\realDesktop\manifest-evaluations\summer-26\ghidra-pipeline\il2cpp-files\vrfs\general-structure-results\70_high_uncertain_eye_setup_high\039c983c_Meta.XR.BuildingBlocks.SharedSpatialAnchorCore$$set_OnSharedSpatialAnchorsLoadCompleted.c"
"Meta.XR.BuildingBlocks.SharedSpatialAnchorCore$$Start","039c9844","78","70_high_uncertain_eye_setup_high","uncertain","eye_tracking_capability_present","app_or_custom_namespace","setup_only","eye_source;validity_gate;paired_state_refs;frame_behavior","strong_eye_source_hits_1;validity_or_gating_hits_6;paired_field_refs_with_eye_source;frame_or_lifecycle_behavior;functionality_eye_api_context_without_clear_sink_hits_1","C:\realDesktop\manifest-evaluations\summer-26\ghidra-pipeline\il2cpp-files\vrfs\general-structure-results\70_high_uncertain_eye_setup_high\039c9844_Meta.XR.BuildingBlocks.SharedSpatialAnchorCore$$Start.c"
"Meta.XR.BuildingBlocks.SharedSpatialAnchorCore$$InstantiateSpatialAnchor","039c9928","72","70_high_uncertain_eye_setup_high","uncertain","eye_tracking_capability_present","app_or_custom_namespace","setup_only","eye_source;validity_gate;paired_state_refs","strong_eye_source_hits_1;validity_or_gating_hits_4;paired_field_refs_with_eye_source;functionality_eye_api_context_without_clear_sink_hits_1","C:\realDesktop\manifest-evaluations\summer-26\ghidra-pipeline\il2cpp-files\vrfs\general-structure-results\70_high_uncertain_eye_setup_high\039c9928_Meta.XR.BuildingBlocks.SharedSpatialAnchorCore$$InstantiateSpatialAnchor.c"
"Meta.XR.BuildingBlocks.SpatialAnchorCoreBuildingBlock.<SaveAsync>d__23$$SetStateMachine","039cc518","72","70_high_uncertain_eye_setup_high","uncertain","eye_tracking_capability_present","app_or_custom_namespace","setup_only","eye_source;validity_gate;paired_state_refs","strong_eye_source_hits_1;validity_or_gating_hits_5;paired_field_refs_with_eye_source;functionality_eye_api_context_without_clear_sink_hits_1","C:\realDesktop\manifest-evaluations\summer-26\ghidra-pipeline\il2cpp-files\vrfs\general-structure-results\70_high_uncertain_eye_setup_high\039cc518_Meta.XR.BuildingBlocks.SpatialAnchorCoreBuildingBlock._SaveAsync_d__23$$SetStateMachine.c"
"Meta.XR.BuildingBlocks.Telemetry$$AddBlockVariantInfo","039cddb4","70","70_high_uncertain_gaze_or_xr_structure_high","uncertain","eye_tracking_capability_present","app_or_custom_namespace","data_collection_or_telemetry","eye_source;telemetry","strong_eye_source_hits_1;telemetry_or_network_hits_2;functionality_data_collection_or_telemetry_hits_2","C:\realDesktop\manifest-evaluations\summer-26\ghidra-pipeline\il2cpp-files\vrfs\general-structure-results\70_high_uncertain_gaze_or_xr_structure_high\039cddb4_Meta.XR.BuildingBlocks.Telemetry$$AddBlockVariantInfo.c"
"Meta.XR.BuildingBlocks.Telemetry$$AddInstallationRoutineInfo","039cde88","70","70_high_uncertain_gaze_or_xr_structure_high","uncertain","eye_tracking_capability_present","app_or_custom_namespace","data_collection_or_telemetry","eye_source;telemetry","strong_eye_source_hits_1;telemetry_or_network_hits_2;functionality_data_collection_or_telemetry_hits_2","C:\realDesktop\manifest-evaluations\summer-26\ghidra-pipeline\il2cpp-files\vrfs\general-structure-results\70_high_uncertain_gaze_or_xr_structure_high\039cde88_Meta.XR.BuildingBlocks.Telemetry$$AddInstallationRoutineInfo.c"
"Meta.XR.BuildingBlocks.Telemetry$$AddSceneInfo","039ce154","70","70_high_uncertain_gaze_or_xr_structure_high","uncertain","eye_tracking_capability_present","app_or_custom_namespace","data_collection_or_telemetry","eye_source;telemetry","strong_eye_source_hits_1;telemetry_or_network_hits_2;functionality_data_collection_or_telemetry_hits_2","C:\realDesktop\manifest-evaluations\summer-26\ghidra-pipeline\il2cpp-files\vrfs\general-structure-results\70_high_uncertain_gaze_or_xr_structure_high\039ce154_Meta.XR.BuildingBlocks.Telemetry$$AddSceneInfo.c"
"Meta.XR.BuildingBlocks.VariantCheckpoint$$get_MemberName","039ce2a8","72","70_high_uncertain_eye_setup_high","uncertain","eye_tracking_capability_present","app_or_custom_namespace","setup_only","eye_source;validity_gate;paired_state_refs","strong_eye_source_hits_1;validity_or_gating_hits_7;paired_field_refs_with_eye_source;functionality_eye_api_context_without_clear_sink_hits_1","C:\realDesktop\manifest-evaluations\summer-26\ghidra-pipeline\il2cpp-files\vrfs\general-structure-results\70_high_uncertain_eye_setup_high\039ce2a8_Meta.XR.BuildingBlocks.VariantCheckpoint$$get_MemberName.c"
"Meta.XR.BuildingBlocks.VariantCheckpoint$$get_Value","039ce2b0","72","70_high_uncertain_eye_setup_high","uncertain","eye_tracking_capability_present","app_or_custom_namespace","setup_only","eye_source;validity_gate;paired_state_refs","strong_eye_source_hits_1;validity_or_gating_hits_7;paired_field_refs_with_eye_source;functionality_eye_api_context_without_clear_sink_hits_1","C:\realDesktop\manifest-evaluations\summer-26\ghidra-pipeline\il2cpp-files\vrfs\general-structure-results\70_high_uncertain_eye_setup_high\039ce2b0_Meta.XR.BuildingBlocks.VariantCheckpoint$$get_Value.c"
"Meta.XR.BuildingBlocks.VariantCheckpoint$$.ctor","039ce2b8","72","70_high_uncertain_eye_setup_high","uncertain","eye_tracking_capability_present","app_or_custom_namespace","setup_only","eye_source;validity_gate;paired_state_refs","strong_eye_source_hits_1;validity_or_gating_hits_7;paired_field_refs_with_eye_source;functionality_eye_api_context_without_clear_sink_hits_1","C:\realDesktop\manifest-evaluations\summer-26\ghidra-pipeline\il2cpp-files\vrfs\general-structure-results\70_high_uncertain_eye_setup_high\039ce2b8_Meta.XR.BuildingBlocks.VariantCheckpoint$$.ctor.c"
"Unity.XR.Oculus.NativeMethods$$SetEyeTrackedFoveatedRenderingEnabled","039e2f8c","122","90_plus_framework_foveated_rendering_support_or_attempt_near_certain","uncertain","framework_foveated_rendering_support_or_attempt","framework_or_engine_namespace","foveated_rendering;attempted_eye_tracked_foveated_rendering","eye_source;weak_source_state;validity_gate;foveation_rendering;attempted_use;dynamic_foveation_possible","strong_eye_source_hits_4;weak_xr_or_state_hits_2;validity_or_gating_hits_1;strong_foveation_hits_2;attempted_eye_tracking_permission_or_feature_enable;attempted_eye_tracking_with_foveated_rendering_path;negative_framework_support_context_without_confirmed_app_level_gaze_flow;framework_foveation_support_not_confirmed_dynamic_eye_tracking;functionality_foveated_rendering","C:\realDesktop\manifest-evaluations\summer-26\ghidra-pipeline\il2cpp-files\vrfs\general-structure-results\90_plus_framework_foveated_rendering_support_or_attempt_near_certain\039e2f8c_Unity.XR.Oculus.NativeMethods$$SetEyeTrackedFoveatedRenderingEnabled.c"
"FUN_039e3104","039e3104","94","90_plus_attempted_dynamic_eye_tracked_foveation_near_certain","yes","attempted_or_possible_dynamic_eye_tracked_foveation","app_or_custom_namespace","foveated_rendering;attempted_eye_tracked_foveated_rendering","validity_gate;foveation_rendering;keyword_support;attempted_use;dynamic_foveation_possible","validity_or_gating_hits_8;strong_foveation_hits_2;eye_or_gaze_keyword_boost_only;attempted_eye_tracking_permission_or_feature_enable;attempted_eye_tracking_with_foveated_rendering_path;functionality_foveated_rendering","C:\realDesktop\manifest-evaluations\summer-26\ghidra-pipeline\il2cpp-files\vrfs\general-structure-results\90_plus_attempted_dynamic_eye_tracked_foveation_near_certain\039e3104_FUN_039e3104.c"
"Unity.XR.Oculus.NativeMethods$$SetTiledMultiResLevel","039e315c","74","70_high_framework_foveated_rendering_support_or_attempt_high","uncertain","framework_foveated_rendering_support_or_attempt","framework_or_engine_namespace","foveated_rendering;attempted_eye_tracked_foveated_rendering","validity_gate;foveation_rendering;keyword_support;attempted_use;dynamic_foveation_possible","validity_or_gating_hits_8;strong_foveation_hits_2;eye_or_gaze_keyword_boost_only;attempted_eye_tracking_permission_or_feature_enable;attempted_eye_tracking_with_foveated_rendering_path;negative_framework_support_context_without_confirmed_app_level_gaze_flow;framework_foveation_support_not_confirmed_dynamic_eye_tracking;functionality_foveated_rendering","C:\realDesktop\manifest-evaluations\summer-26\ghidra-pipeline\il2cpp-files\vrfs\general-structure-results\70_high_framework_foveated_rendering_support_or_attempt_high\039e315c_Unity.XR.Oculus.NativeMethods$$SetTiledMultiResLevel.c"
"Unity.XR.Oculus.Utils$$get_eyeTrackedFoveatedRenderingSupported","039e3160","148","90_plus_framework_foveated_rendering_support_or_attempt_near_certain","uncertain","framework_foveated_rendering_support_or_attempt","framework_or_engine_namespace","foveated_rendering;attempted_eye_tracked_foveated_rendering","eye_source;weak_source_state;validity_gate;paired_state_refs;foveation_rendering;attempted_use;dynamic_foveation_possible","strong_eye_source_hits_4;weak_xr_or_state_hits_2;validity_or_gating_hits_8;paired_field_refs_with_eye_source;strong_foveation_hits_4;attempted_eye_tracking_permission_or_feature_enable;attempted_eye_tracking_with_foveated_rendering_path;negative_framework_support_context_without_confirmed_app_level_gaze_flow;framework_foveation_support_not_confirmed_dynamic_eye_tracking;functionality_foveated_rendering","C:\realDesktop\manifest-evaluations\summer-26\ghidra-pipeline\il2cpp-files\vrfs\general-structure-results\90_plus_framework_foveated_rendering_support_or_attempt_near_certain\039e3160_Unity.XR.Oculus.Utils$$get_eyeTrackedFoveatedRenderingSupported.c"
"Unity.XR.Oculus.NativeMethods$$GetEyeTrackedFoveatedRenderingSupported","039e3164","148","90_plus_framework_foveated_rendering_support_or_attempt_near_certain","uncertain","framework_foveated_rendering_support_or_attempt","framework_or_engine_namespace","foveated_rendering;attempted_eye_tracked_foveated_rendering","eye_source;weak_source_state;validity_gate;paired_state_refs;foveation_rendering;attempted_use;dynamic_foveation_possible","strong_eye_source_hits_4;weak_xr_or_state_hits_2;validity_or_gating_hits_8;paired_field_refs_with_eye_source;strong_foveation_hits_4;attempted_eye_tracking_permission_or_feature_enable;attempted_eye_tracking_with_foveated_rendering_path;negative_framework_support_context_without_confirmed_app_level_gaze_flow;framework_foveation_support_not_confirmed_dynamic_eye_tracking;functionality_foveated_rendering","C:\realDesktop\manifest-evaluations\summer-26\ghidra-pipeline\il2cpp-files\vrfs\general-structure-results\90_plus_framework_foveated_rendering_support_or_attempt_near_certain\039e3164_Unity.XR.Oculus.NativeMethods$$GetEyeTrackedFoveatedRenderingSupported.c"
"Unity.XR.Oculus.Utils$$get_eyeTrackedFoveatedRenderingEnabled","039e3168","150","90_plus_framework_foveated_rendering_support_or_attempt_near_certain","uncertain","framework_foveated_rendering_support_or_attempt","framework_or_engine_namespace","foveated_rendering;attempted_eye_tracked_foveated_rendering","eye_source;weak_source_state;validity_gate;paired_state_refs;foveation_rendering;attempted_use;dynamic_foveation_possible","strong_eye_source_hits_4;weak_xr_or_state_hits_4;validity_or_gating_hits_8;paired_field_refs_with_eye_source;strong_foveation_hits_4;attempted_eye_tracking_permission_or_feature_enable;attempted_eye_tracking_with_foveated_rendering_path;negative_framework_support_context_without_confirmed_app_level_gaze_flow;framework_foveation_support_not_confirmed_dynamic_eye_tracking;functionality_foveated_rendering","C:\realDesktop\manifest-evaluations\summer-26\ghidra-pipeline\il2cpp-files\vrfs\general-structure-results\90_plus_framework_foveated_rendering_support_or_attempt_near_certain\039e3168_Unity.XR.Oculus.Utils$$get_eyeTrackedFoveatedRenderingEnabled.c"
"Unity.XR.Oculus.NativeMethods$$GetEyeTrackedFoveatedRenderingEnabled","039e3188","150","90_plus_framework_foveated_rendering_support_or_attempt_near_certain","uncertain","framework_foveated_rendering_support_or_attempt","framework_or_engine_namespace","foveated_rendering;attempted_eye_tracked_foveated_rendering","eye_source;weak_source_state;validity_gate;paired_state_refs;foveation_rendering;attempted_use;dynamic_foveation_possible","strong_eye_source_hits_4;weak_xr_or_state_hits_4;validity_or_gating_hits_8;paired_field_refs_with_eye_source;strong_foveation_hits_4;attempted_eye_tracking_permission_or_feature_enable;attempted_eye_tracking_with_foveated_rendering_path;negative_framework_support_context_without_confirmed_app_level_gaze_flow;framework_foveation_support_not_confirmed_dynamic_eye_tracking;functionality_foveated_rendering","C:\realDesktop\manifest-evaluations\summer-26\ghidra-pipeline\il2cpp-files\vrfs\general-structure-results\90_plus_framework_foveated_rendering_support_or_attempt_near_certain\039e3188_Unity.XR.Oculus.NativeMethods$$GetEyeTrackedFoveatedRenderingEnabled.c"
"Unity.XR.Oculus.Utils$$set_eyeTrackedFoveatedRenderingEnabled","039e318c","148","90_plus_framework_foveated_rendering_support_or_attempt_near_certain","uncertain","framework_foveated_rendering_support_or_attempt","framework_or_engine_namespace","foveated_rendering;attempted_eye_tracked_foveated_rendering","eye_source;weak_source_state;validity_gate;paired_state_refs;foveation_rendering;attempted_use;dynamic_foveation_possible","strong_eye_source_hits_4;weak_xr_or_state_hits_2;validity_or_gating_hits_8;paired_field_refs_with_eye_source;strong_foveation_hits_4;attempted_eye_tracking_permission_or_feature_enable;attempted_eye_tracking_with_foveated_rendering_path;negative_framework_support_context_without_confirmed_app_level_gaze_flow;framework_foveation_support_not_confirmed_dynamic_eye_tracking;functionality_foveated_rendering","C:\realDesktop\manifest-evaluations\summer-26\ghidra-pipeline\il2cpp-files\vrfs\general-structure-results\90_plus_framework_foveated_rendering_support_or_attempt_near_certain\039e318c_Unity.XR.Oculus.Utils$$set_eyeTrackedFoveatedRenderingEnabled.c"
"Unity.XR.Oculus.NativeMethods.Internal$$GetEyeTrackedFoveatedRenderingSupported","039e6b80","109","90_plus_framework_foveated_rendering_support_or_attempt_near_certain","uncertain","framework_foveated_rendering_support_or_attempt","framework_or_engine_namespace","foveated_rendering;attempted_eye_tracked_foveated_rendering","eye_source;weak_source_state;foveation_rendering;attempted_use;dynamic_foveation_possible","strong_eye_source_hits_4;weak_xr_or_state_hits_2;strong_foveation_hits_2;attempted_eye_tracking_permission_or_feature_enable;attempted_eye_tracking_with_foveated_rendering_path;negative_framework_support_context_without_confirmed_app_level_gaze_flow;framework_foveation_support_not_confirmed_dynamic_eye_tracking;functionality_foveated_rendering","C:\realDesktop\manifest-evaluations\summer-26\ghidra-pipeline\il2cpp-files\vrfs\general-structure-results\90_plus_framework_foveated_rendering_support_or_attempt_near_certain\039e6b80_Unity.XR.Oculus.NativeMethods.Internal$$GetEyeTrackedFoveatedRenderingSupported.c"
"Unity.XR.Oculus.NativeMethods.Internal$$GetEyeTrackedFoveatedRenderingEnabled","039e6bf0","133","90_plus_framework_foveated_rendering_support_or_attempt_near_certain","uncertain","framework_foveated_rendering_support_or_attempt","framework_or_engine_namespace","foveated_rendering;attempted_eye_tracked_foveated_rendering","eye_source;weak_source_state;validity_gate;foveation_rendering;attempted_use;dynamic_foveation_possible","strong_eye_source_hits_4;weak_xr_or_state_hits_4;validity_or_gating_hits_6;strong_foveation_hits_2;attempted_eye_tracking_permission_or_feature_enable;attempted_eye_tracking_with_foveated_rendering_path;negative_framework_support_context_without_confirmed_app_level_gaze_flow;framework_foveation_support_not_confirmed_dynamic_eye_tracking;functionality_foveated_rendering","C:\realDesktop\manifest-evaluations\summer-26\ghidra-pipeline\il2cpp-files\vrfs\general-structure-results\90_plus_framework_foveated_rendering_support_or_attempt_near_certain\039e6bf0_Unity.XR.Oculus.NativeMethods.Internal$$GetEyeTrackedFoveatedRenderingEnabled.c"
"Unity.XR.Oculus.NativeMethods.Internal$$SetEyeTrackedFoveatedRenderingEnabled","039e6c60","131","90_plus_framework_foveated_rendering_support_or_attempt_near_certain","uncertain","framework_foveated_rendering_support_or_attempt","framework_or_engine_namespace","foveated_rendering;attempted_eye_tracked_foveated_rendering","eye_source;weak_source_state;validity_gate;foveation_rendering;attempted_use;dynamic_foveation_possible","strong_eye_source_hits_4;weak_xr_or_state_hits_2;validity_or_gating_hits_6;strong_foveation_hits_2;attempted_eye_tracking_permission_or_feature_enable;attempted_eye_tracking_with_foveated_rendering_path;negative_framework_support_context_without_confirmed_app_level_gaze_flow;framework_foveation_support_not_confirmed_dynamic_eye_tracking;functionality_foveated_rendering","C:\realDesktop\manifest-evaluations\summer-26\ghidra-pipeline\il2cpp-files\vrfs\general-structure-results\90_plus_framework_foveated_rendering_support_or_attempt_near_certain\039e6c60_Unity.XR.Oculus.NativeMethods.Internal$$SetEyeTrackedFoveatedRenderingEnabled.c"
"Unity.XR.Oculus.Input.OculusHMD$$get_leftEyePosition","039e8068","140","90_plus_possible_eye_biometrics_near_certain","yes","possible_eye_biometrics","framework_or_engine_namespace","possible_biometrics","eye_source;validity_gate;pose_vector;active_gaze_retrieval;possible_biometrics","strong_eye_source_hits_2;validity_or_gating_hits_4;strong_pose_or_ray_construction_hits_2;active_gaze_state_retrieval_with_validity_and_pose;possible_biometric_feature_from_active_eye_context;functionality_possible_biometrics_hits_2","C:\realDesktop\manifest-evaluations\summer-26\ghidra-pipeline\il2cpp-files\vrfs\general-structure-results\90_plus_possible_eye_biometrics_near_certain\039e8068_Unity.XR.Oculus.Input.OculusHMD$$get_leftEyePosition.c"
"Unity.XR.Oculus.Input.OculusHMD$$set_leftEyePosition","039e8070","140","90_plus_possible_eye_biometrics_near_certain","yes","possible_eye_biometrics","framework_or_engine_namespace","possible_biometrics","eye_source;validity_gate;pose_vector;active_gaze_retrieval;possible_biometrics","strong_eye_source_hits_2;validity_or_gating_hits_4;strong_pose_or_ray_construction_hits_2;active_gaze_state_retrieval_with_validity_and_pose;possible_biometric_feature_from_active_eye_context;functionality_possible_biometrics_hits_2","C:\realDesktop\manifest-evaluations\summer-26\ghidra-pipeline\il2cpp-files\vrfs\general-structure-results\90_plus_possible_eye_biometrics_near_certain\039e8070_Unity.XR.Oculus.Input.OculusHMD$$set_leftEyePosition.c"
"Unity.XR.Oculus.Input.OculusHMD$$get_leftEyeRotation","039e8080","140","90_plus_possible_eye_biometrics_near_certain","yes","possible_eye_biometrics","framework_or_engine_namespace","possible_biometrics","eye_source;validity_gate;pose_vector;active_gaze_retrieval;possible_biometrics","strong_eye_source_hits_2;validity_or_gating_hits_4;strong_pose_or_ray_construction_hits_2;active_gaze_state_retrieval_with_validity_and_pose;possible_biometric_feature_from_active_eye_context;functionality_possible_biometrics_hits_2","C:\realDesktop\manifest-evaluations\summer-26\ghidra-pipeline\il2cpp-files\vrfs\general-structure-results\90_plus_possible_eye_biometrics_near_certain\039e8080_Unity.XR.Oculus.Input.OculusHMD$$get_leftEyeRotation.c"
"Unity.XR.Oculus.Input.OculusHMD$$set_leftEyeRotation","039e8088","140","90_plus_possible_eye_biometrics_near_certain","yes","possible_eye_biometrics","framework_or_engine_namespace","possible_biometrics","eye_source;validity_gate;pose_vector;active_gaze_retrieval;possible_biometrics","strong_eye_source_hits_2;validity_or_gating_hits_4;strong_pose_or_ray_construction_hits_2;active_gaze_state_retrieval_with_validity_and_pose;possible_biometric_feature_from_active_eye_context;functionality_possible_biometrics_hits_2","C:\realDesktop\manifest-evaluations\summer-26\ghidra-pipeline\il2cpp-files\vrfs\general-structure-results\90_plus_possible_eye_biometrics_near_certain\039e8088_Unity.XR.Oculus.Input.OculusHMD$$set_leftEyeRotation.c"
"Unity.XR.Oculus.Input.OculusHMD$$get_rightEyePosition","039e80e0","134","90_plus_possible_eye_biometrics_near_certain","yes","possible_eye_biometrics","framework_or_engine_namespace","possible_biometrics","eye_source;validity_gate;pose_vector;active_gaze_retrieval;possible_biometrics","strong_eye_source_hits_2;validity_or_gating_hits_2;strong_pose_or_ray_construction_hits_2;active_gaze_state_retrieval_with_validity_and_pose;possible_biometric_feature_from_active_eye_context;functionality_possible_biometrics_hits_2","C:\realDesktop\manifest-evaluations\summer-26\ghidra-pipeline\il2cpp-files\vrfs\general-structure-results\90_plus_possible_eye_biometrics_near_certain\039e80e0_Unity.XR.Oculus.Input.OculusHMD$$get_rightEyePosition.c"
"Unity.XR.Oculus.Input.OculusHMD$$set_rightEyePosition","039e80e8","134","90_plus_possible_eye_biometrics_near_certain","yes","possible_eye_biometrics","framework_or_engine_namespace","possible_biometrics","eye_source;validity_gate;pose_vector;active_gaze_retrieval;possible_biometrics","strong_eye_source_hits_2;validity_or_gating_hits_2;strong_pose_or_ray_construction_hits_2;active_gaze_state_retrieval_with_validity_and_pose;possible_biometric_feature_from_active_eye_context;functionality_possible_biometrics_hits_2","C:\realDesktop\manifest-evaluations\summer-26\ghidra-pipeline\il2cpp-files\vrfs\general-structure-results\90_plus_possible_eye_biometrics_near_certain\039e80e8_Unity.XR.Oculus.Input.OculusHMD$$set_rightEyePosition.c"
"Unity.XR.Oculus.Input.OculusHMD$$get_rightEyeRotation","039e80f8","131","90_plus_possible_eye_biometrics_near_certain","yes","possible_eye_biometrics","framework_or_engine_namespace","possible_biometrics","eye_source;validity_gate;pose_vector;active_gaze_retrieval;possible_biometrics","strong_eye_source_hits_2;validity_or_gating_hits_1;strong_pose_or_ray_construction_hits_2;active_gaze_state_retrieval_with_validity_and_pose;possible_biometric_feature_from_active_eye_context;functionality_possible_biometrics_hits_2","C:\realDesktop\manifest-evaluations\summer-26\ghidra-pipeline\il2cpp-files\vrfs\general-structure-results\90_plus_possible_eye_biometrics_near_certain\039e80f8_Unity.XR.Oculus.Input.OculusHMD$$get_rightEyeRotation.c"
"OVRManager.Observable<Int32Enum>$$set_Value","03a1d658","80","70_high_uncertain_eye_setup_high","uncertain","eye_tracking_capability_present","app_or_custom_namespace","setup_only","eye_source;weak_source_state;validity_gate;ui_interaction","strong_eye_source_hits_2;weak_xr_or_state_hits_2;validity_or_gating_hits_1;ui_or_gameplay_sink_hits_2;functionality_eye_api_context_without_clear_sink_hits_2","C:\realDesktop\manifest-evaluations\summer-26\ghidra-pipeline\il2cpp-files\vrfs\general-structure-results\70_high_uncertain_eye_setup_high\03a1d658_OVRManager.Observable_Int32Enum_$$set_Value.c"
"OVRPlugin.PinnedArray<Guid>$$.ctor","03a26d68","97","90_plus_uncertain_eye_setup_near_certain","uncertain","eye_tracking_capability_present","app_or_custom_namespace","setup_only","eye_source;weak_source_state;validity_gate;pose_vector","strong_eye_source_hits_2;weak_xr_or_state_hits_2;validity_or_gating_hits_2;strong_pose_or_ray_construction_hits_4;functionality_eye_api_context_without_clear_sink_hits_2","C:\realDesktop\manifest-evaluations\summer-26\ghidra-pipeline\il2cpp-files\vrfs\general-structure-results\90_plus_uncertain_eye_setup_near_certain\03a26d68_OVRPlugin.PinnedArray_Guid_$$.ctor.c"
"OVRPlugin.PinnedArray<Guid>$$Dispose","03a26d90","81","70_high_uncertain_eye_setup_high","uncertain","eye_tracking_capability_present","app_or_custom_namespace","setup_only","eye_source;weak_source_state;pose_vector","strong_eye_source_hits_2;weak_xr_or_state_hits_2;strong_pose_or_ray_construction_hits_6;functionality_eye_api_context_without_clear_sink_hits_2","C:\realDesktop\manifest-evaluations\summer-26\ghidra-pipeline\il2cpp-files\vrfs\general-structure-results\70_high_uncertain_eye_setup_high\03a26d90_OVRPlugin.PinnedArray_Guid_$$Dispose.c"
"OVRPlugin.PinnedArray<Guid>$$op_Implicit","03a26d98","81","70_high_uncertain_eye_setup_high","uncertain","eye_tracking_capability_present","app_or_custom_namespace","setup_only","eye_source;weak_source_state;pose_vector","strong_eye_source_hits_2;weak_xr_or_state_hits_2;strong_pose_or_ray_construction_hits_4;functionality_eye_api_context_without_clear_sink_hits_2","C:\realDesktop\manifest-evaluations\summer-26\ghidra-pipeline\il2cpp-files\vrfs\general-structure-results\70_high_uncertain_eye_setup_high\03a26d98_OVRPlugin.PinnedArray_Guid_$$op_Implicit.c"
"thunk_FUN_03ae6b80","03ae3160","110","90_plus_attempted_dynamic_eye_tracked_foveation_near_certain","yes","attempted_or_possible_dynamic_eye_tracked_foveation","app_or_custom_namespace","foveated_rendering;attempted_eye_tracked_foveated_rendering","eye_source;weak_source_state;foveation_rendering;attempted_use;dynamic_foveation_possible","strong_eye_source_hits_2;weak_xr_or_state_hits_1;strong_foveation_hits_1;attempted_eye_tracking_permission_or_feature_enable;attempted_eye_tracking_with_foveated_rendering_path;functionality_foveated_rendering","C:\realDesktop\manifest-evaluations\summer-26\ghidra-pipeline\il2cpp-files\vrfs\general-structure-results\90_plus_attempted_dynamic_eye_tracked_foveation_near_certain\03ae3160_thunk_FUN_03ae6b80.c"
"thunk_FUN_03ae6b80","03ae3164","110","90_plus_attempted_dynamic_eye_tracked_foveation_near_certain","yes","attempted_or_possible_dynamic_eye_tracked_foveation","app_or_custom_namespace","foveated_rendering;attempted_eye_tracked_foveated_rendering","eye_source;weak_source_state;foveation_rendering;attempted_use;dynamic_foveation_possible","strong_eye_source_hits_2;weak_xr_or_state_hits_1;strong_foveation_hits_1;attempted_eye_tracking_permission_or_feature_enable;attempted_eye_tracking_with_foveated_rendering_path;functionality_foveated_rendering","C:\realDesktop\manifest-evaluations\summer-26\ghidra-pipeline\il2cpp-files\vrfs\general-structure-results\90_plus_attempted_dynamic_eye_tracked_foveation_near_certain\03ae3164_thunk_FUN_03ae6b80.c"
"thunk_FUN_03ae6bf0","03ae3188","112","90_plus_attempted_dynamic_eye_tracked_foveation_near_certain","yes","attempted_or_possible_dynamic_eye_tracked_foveation","app_or_custom_namespace","foveated_rendering;attempted_eye_tracked_foveated_rendering","eye_source;weak_source_state;foveation_rendering;attempted_use;dynamic_foveation_possible","strong_eye_source_hits_2;weak_xr_or_state_hits_2;strong_foveation_hits_1;attempted_eye_tracking_permission_or_feature_enable;attempted_eye_tracking_with_foveated_rendering_path;functionality_foveated_rendering","C:\realDesktop\manifest-evaluations\summer-26\ghidra-pipeline\il2cpp-files\vrfs\general-structure-results\90_plus_attempted_dynamic_eye_tracked_foveation_near_certain\03ae3188_thunk_FUN_03ae6bf0.c"
"FUN_03ae6b80","03ae6b80","110","90_plus_attempted_dynamic_eye_tracked_foveation_near_certain","yes","attempted_or_possible_dynamic_eye_tracked_foveation","app_or_custom_namespace","foveated_rendering;attempted_eye_tracked_foveated_rendering","eye_source;weak_source_state;foveation_rendering;attempted_use;dynamic_foveation_possible","strong_eye_source_hits_2;weak_xr_or_state_hits_1;strong_foveation_hits_1;attempted_eye_tracking_permission_or_feature_enable;attempted_eye_tracking_with_foveated_rendering_path;functionality_foveated_rendering","C:\realDesktop\manifest-evaluations\summer-26\ghidra-pipeline\il2cpp-files\vrfs\general-structure-results\90_plus_attempted_dynamic_eye_tracked_foveation_near_certain\03ae6b80_FUN_03ae6b80.c"
"FUN_03ae6bf0","03ae6bf0","112","90_plus_attempted_dynamic_eye_tracked_foveation_near_certain","yes","attempted_or_possible_dynamic_eye_tracked_foveation","app_or_custom_namespace","foveated_rendering;attempted_eye_tracked_foveated_rendering","eye_source;weak_source_state;foveation_rendering;attempted_use;dynamic_foveation_possible","strong_eye_source_hits_2;weak_xr_or_state_hits_2;strong_foveation_hits_1;attempted_eye_tracking_permission_or_feature_enable;attempted_eye_tracking_with_foveated_rendering_path;functionality_foveated_rendering","C:\realDesktop\manifest-evaluations\summer-26\ghidra-pipeline\il2cpp-files\vrfs\general-structure-results\90_plus_attempted_dynamic_eye_tracked_foveation_near_certain\03ae6bf0_FUN_03ae6bf0.c"
"FUN_03ae6c60","03ae6c60","110","90_plus_attempted_dynamic_eye_tracked_foveation_near_certain","yes","attempted_or_possible_dynamic_eye_tracked_foveation","app_or_custom_namespace","foveated_rendering;attempted_eye_tracked_foveated_rendering","eye_source;weak_source_state;foveation_rendering;attempted_use;dynamic_foveation_possible","strong_eye_source_hits_2;weak_xr_or_state_hits_1;strong_foveation_hits_1;attempted_eye_tracking_permission_or_feature_enable;attempted_eye_tracking_with_foveated_rendering_path;functionality_foveated_rendering","C:\realDesktop\manifest-evaluations\summer-26\ghidra-pipeline\il2cpp-files\vrfs\general-structure-results\90_plus_attempted_dynamic_eye_tracked_foveation_near_certain\03ae6c60_FUN_03ae6c60.c"
"System.Array$$InternalArray__ICollection_CopyTo<OVRPlugin.AppPerfFrameStats>","03b69d54","91","90_plus_framework_support_only_near_certain","uncertain","framework_support_only","framework_or_engine_namespace","setup_only","eye_source;weak_source_state;validity_gate;pose_vector;paired_state_refs","strong_eye_source_hits_2;weak_xr_or_state_hits_2;validity_or_gating_hits_21;strong_pose_or_ray_construction_hits_3;paired_field_refs_with_eye_source;negative_framework_support_context_without_confirmed_app_level_gaze_flow;functionality_eye_api_context_without_clear_sink_hits_2","C:\realDesktop\manifest-evaluations\summer-26\ghidra-pipeline\il2cpp-files\vrfs\general-structure-results\90_plus_framework_support_only_near_certain\03b69d54_System.Array$$InternalArray__ICollection_CopyTo_OVRPlugin.AppPerfFrameStats_.c"
"System.Array$$InternalArray__ICollection_CopyTo<OVRPlugin.BodyJointLocation>","03b69db0","91","90_plus_framework_support_only_near_certain","uncertain","framework_support_only","framework_or_engine_namespace","setup_only","eye_source;weak_source_state;validity_gate;pose_vector;paired_state_refs","strong_eye_source_hits_2;weak_xr_or_state_hits_2;validity_or_gating_hits_21;strong_pose_or_ray_construction_hits_3;paired_field_refs_with_eye_source;negative_framework_support_context_without_confirmed_app_level_gaze_flow;functionality_eye_api_context_without_clear_sink_hits_2","C:\realDesktop\manifest-evaluations\summer-26\ghidra-pipeline\il2cpp-files\vrfs\general-structure-results\90_plus_framework_support_only_near_certain\03b69db0_System.Array$$InternalArray__ICollection_CopyTo_OVRPlugin.BodyJointLocation_.c"
"System.Array$$InternalArray__ICollection_CopyTo<OVRPlugin.Bone>","03b69e0c","91","90_plus_framework_support_only_near_certain","uncertain","framework_support_only","framework_or_engine_namespace","setup_only","eye_source;weak_source_state;validity_gate;pose_vector;paired_state_refs","strong_eye_source_hits_2;weak_xr_or_state_hits_2;validity_or_gating_hits_21;strong_pose_or_ray_construction_hits_3;paired_field_refs_with_eye_source;negative_framework_support_context_without_confirmed_app_level_gaze_flow;functionality_eye_api_context_without_clear_sink_hits_2","C:\realDesktop\manifest-evaluations\summer-26\ghidra-pipeline\il2cpp-files\vrfs\general-structure-results\90_plus_framework_support_only_near_certain\03b69e0c_System.Array$$InternalArray__ICollection_CopyTo_OVRPlugin.Bone_.c"
"System.Array$$InternalArray__ICollection_CopyTo<OVRPlugin.BoneCapsule>","03b69e68","91","90_plus_framework_support_only_near_certain","uncertain","framework_support_only","framework_or_engine_namespace","setup_only","eye_source;weak_source_state;validity_gate;pose_vector;paired_state_refs","strong_eye_source_hits_2;weak_xr_or_state_hits_2;validity_or_gating_hits_21;strong_pose_or_ray_construction_hits_3;paired_field_refs_with_eye_source;negative_framework_support_context_without_confirmed_app_level_gaze_flow;functionality_eye_api_context_without_clear_sink_hits_2","C:\realDesktop\manifest-evaluations\summer-26\ghidra-pipeline\il2cpp-files\vrfs\general-structure-results\90_plus_framework_support_only_near_certain\03b69e68_System.Array$$InternalArray__ICollection_CopyTo_OVRPlugin.BoneCapsule_.c"
"System.Array$$InternalArray__ICollection_CopyTo<OVRPlugin.EyeGazeState>","03b69ec4","171","90_plus_confirmed_gaze_retrieval_near_certain","yes","active_eye_tracking_runtime_retrieval","framework_or_engine_namespace","gaze_retrieval","eye_source;weak_source_state;validity_gate;pose_vector;paired_state_refs;attempted_use;active_gaze_retrieval","strong_eye_source_hits_4;weak_xr_or_state_hits_2;validity_or_gating_hits_21;strong_pose_or_ray_construction_hits_3;paired_field_refs_with_eye_source;attempted_eye_tracking_permission_or_feature_enable;active_gaze_state_retrieval_with_validity_and_pose;functionality_gaze_retrieval_or_extraction","C:\realDesktop\manifest-evaluations\summer-26\ghidra-pipeline\il2cpp-files\vrfs\general-structure-results\90_plus_confirmed_gaze_retrieval_near_certain\03b69ec4_System.Array$$InternalArray__ICollection_CopyTo_OVRPlugin.EyeGazeState_.c"
"System.Array$$InternalArray__ICollection_CopyTo<OVRPlugin.Quatf>","03b69f20","166","90_plus_framework_support_only_near_certain","uncertain","framework_support_only","framework_or_engine_namespace","data_collection_or_telemetry","eye_source;weak_source_state;validity_gate;pose_vector;paired_state_refs;telemetry;structure_combo","strong_eye_source_hits_2;weak_xr_or_state_hits_2;validity_or_gating_hits_21;strong_pose_or_ray_construction_hits_3;paired_field_refs_with_eye_source;telemetry_or_network_hits_2;source_validity_pose_sink_structure;strong_eye_source_validity_pose_sink_structure;negative_framework_support_context_without_confirmed_app_level_gaze_flow;functionality_data_collection_or_telemetry_hits_2","C:\realDesktop\manifest-evaluations\summer-26\ghidra-pipeline\il2cpp-files\vrfs\general-structure-results\90_plus_framework_support_only_near_certain\03b69f20_System.Array$$InternalArray__ICollection_CopyTo_OVRPlugin.Quatf_.c"
"System.Array$$InternalArray__ICollection_CopyTo<OVRPlugin.SpaceDiscoveryResult>","03b69f7c","111","90_plus_framework_support_only_near_certain","uncertain","framework_support_only","framework_namespace_with_project_hint","setup_only","eye_source;weak_source_state;validity_gate;pose_vector;paired_state_refs","strong_eye_source_hits_2;weak_xr_or_state_hits_2;validity_or_gating_hits_21;strong_pose_or_ray_construction_hits_3;paired_field_refs_with_eye_source;functionality_eye_api_context_without_clear_sink_hits_2","C:\realDesktop\manifest-evaluations\summer-26\ghidra-pipeline\il2cpp-files\vrfs\general-structure-results\90_plus_framework_support_only_near_certain\03b69f7c_System.Array$$InternalArray__ICollection_CopyTo_OVRPlugin.SpaceDiscoveryResult_.c"
"System.Array$$InternalArray__ICollection_CopyTo<OVRPlugin.SpaceQueryResult>","03b69fd8","111","90_plus_framework_support_only_near_certain","uncertain","framework_support_only","framework_namespace_with_project_hint","setup_only","eye_source;weak_source_state;validity_gate;pose_vector;paired_state_refs","strong_eye_source_hits_2;weak_xr_or_state_hits_2;validity_or_gating_hits_21;strong_pose_or_ray_construction_hits_3;paired_field_refs_with_eye_source;functionality_eye_api_context_without_clear_sink_hits_2","C:\realDesktop\manifest-evaluations\summer-26\ghidra-pipeline\il2cpp-files\vrfs\general-structure-results\90_plus_framework_support_only_near_certain\03b69fd8_System.Array$$InternalArray__ICollection_CopyTo_OVRPlugin.SpaceQueryResult_.c"
"System.Array$$InternalArray__ICollection_CopyTo<OVRPlugin.Vector2f>","03b6a034","91","90_plus_framework_support_only_near_certain","uncertain","framework_support_only","framework_or_engine_namespace","setup_only","eye_source;weak_source_state;validity_gate;pose_vector;paired_state_refs","strong_eye_source_hits_2;weak_xr_or_state_hits_2;validity_or_gating_hits_21;strong_pose_or_ray_construction_hits_3;paired_field_refs_with_eye_source;negative_framework_support_context_without_confirmed_app_level_gaze_flow;functionality_eye_api_context_without_clear_sink_hits_2","C:\realDesktop\manifest-evaluations\summer-26\ghidra-pipeline\il2cpp-files\vrfs\general-structure-results\90_plus_framework_support_only_near_certain\03b6a034_System.Array$$InternalArray__ICollection_CopyTo_OVRPlugin.Vector2f_.c"
"System.Array$$InternalArray__ICollection_CopyTo<OVRPlugin.Vector3f>","03b6a090","91","90_plus_framework_support_only_near_certain","uncertain","framework_support_only","framework_or_engine_namespace","setup_only","eye_source;weak_source_state;validity_gate;pose_vector;paired_state_refs","strong_eye_source_hits_2;weak_xr_or_state_hits_2;validity_or_gating_hits_21;strong_pose_or_ray_construction_hits_3;paired_field_refs_with_eye_source;negative_framework_support_context_without_confirmed_app_level_gaze_flow;functionality_eye_api_context_without_clear_sink_hits_2","C:\realDesktop\manifest-evaluations\summer-26\ghidra-pipeline\il2cpp-files\vrfs\general-structure-results\90_plus_framework_support_only_near_certain\03b6a090_System.Array$$InternalArray__ICollection_CopyTo_OVRPlugin.Vector3f_.c"
"System.Array$$InternalArray__ICollection_CopyTo<OVRPlugin.Vector4f>","03b6a0ec","91","90_plus_framework_support_only_near_certain","uncertain","framework_support_only","framework_or_engine_namespace","setup_only","eye_source;weak_source_state;validity_gate;pose_vector;paired_state_refs","strong_eye_source_hits_2;weak_xr_or_state_hits_2;validity_or_gating_hits_21;strong_pose_or_ray_construction_hits_3;paired_field_refs_with_eye_source;negative_framework_support_context_without_confirmed_app_level_gaze_flow;functionality_eye_api_context_without_clear_sink_hits_2","C:\realDesktop\manifest-evaluations\summer-26\ghidra-pipeline\il2cpp-files\vrfs\general-structure-results\90_plus_framework_support_only_near_certain\03b6a0ec_System.Array$$InternalArray__ICollection_CopyTo_OVRPlugin.Vector4f_.c"
"System.Array$$InternalArray__ICollection_CopyTo<OVRPlugin.Vector4s>","03b6a148","91","90_plus_framework_support_only_near_certain","uncertain","framework_support_only","framework_or_engine_namespace","setup_only","eye_source;weak_source_state;validity_gate;pose_vector;paired_state_refs","strong_eye_source_hits_2;weak_xr_or_state_hits_2;validity_or_gating_hits_21;strong_pose_or_ray_construction_hits_3;paired_field_refs_with_eye_source;negative_framework_support_context_without_confirmed_app_level_gaze_flow;functionality_eye_api_context_without_clear_sink_hits_2","C:\realDesktop\manifest-evaluations\summer-26\ghidra-pipeline\il2cpp-files\vrfs\general-structure-results\90_plus_framework_support_only_near_certain\03b6a148_System.Array$$InternalArray__ICollection_CopyTo_OVRPlugin.Vector4s_.c"
"System.Array$$InternalArray__ICollection_CopyTo<OVRPlugin.VirtualKeyboardModelAnimationState>","03b6a1a4","91","90_plus_framework_support_only_near_certain","uncertain","framework_support_only","framework_or_engine_namespace","setup_only","eye_source;weak_source_state;validity_gate;pose_vector;paired_state_refs","strong_eye_source_hits_2;weak_xr_or_state_hits_2;validity_or_gating_hits_21;strong_pose_or_ray_construction_hits_3;paired_field_refs_with_eye_source;negative_framework_support_context_without_confirmed_app_level_gaze_flow;functionality_eye_api_context_without_clear_sink_hits_2","C:\realDesktop\manifest-evaluations\summer-26\ghidra-pipeline\il2cpp-files\vrfs\general-structure-results\90_plus_framework_support_only_near_certain\03b6a1a4_System.Array$$InternalArray__ICollection_CopyTo_OVRPlugin.VirtualKeyboardModelAnimationState_.c"
"System.Array$$InternalArray__ICollection_CopyTo<OVRPlugin.Qpl.Annotation.Builder.Entry>","03b6d114","75","70_high_framework_support_only_high","uncertain","framework_support_only","framework_or_engine_namespace","setup_only","eye_source;weak_source_state;validity_gate;pose_vector","strong_eye_source_hits_2;weak_xr_or_state_hits_2;validity_or_gating_hits_4;strong_pose_or_ray_construction_hits_2;negative_framework_support_context_without_confirmed_app_level_gaze_flow;functionality_eye_api_context_without_clear_sink_hits_2","C:\realDesktop\manifest-evaluations\summer-26\ghidra-pipeline\il2cpp-files\vrfs\general-structure-results\70_high_framework_support_only_high\03b6d114_System.Array$$InternalArray__ICollection_CopyTo_OVRPlugin.Qpl.Annotation.Builder.Entry_.c"
"FUN_03bdf254","03bdf254","98","90_plus_uncertain_eye_setup_near_certain","uncertain","eye_tracking_capability_present","app_or_custom_namespace","setup_only","eye_source;weak_source_state;validity_gate;paired_state_refs;frame_behavior","strong_eye_source_hits_3;weak_xr_or_state_hits_3;validity_or_gating_hits_3;paired_field_refs_with_eye_source;frame_or_lifecycle_behavior;functionality_eye_api_context_without_clear_sink_hits_3","C:\realDesktop\manifest-evaluations\summer-26\ghidra-pipeline\il2cpp-files\vrfs\general-structure-results\90_plus_uncertain_eye_setup_near_certain\03bdf254_FUN_03bdf254.c"
"System.Collections.Generic.EqualityComparer<DeformationCommon.BoneAdjustmentData>$$.ctor","03bdf310","78","70_high_framework_support_only_high","uncertain","framework_support_only","framework_or_engine_namespace","setup_only","eye_source;weak_source_state;validity_gate;paired_state_refs;frame_behavior","strong_eye_source_hits_3;weak_xr_or_state_hits_3;validity_or_gating_hits_3;paired_field_refs_with_eye_source;frame_or_lifecycle_behavior;negative_framework_support_context_without_confirmed_app_level_gaze_flow;functionality_eye_api_context_without_clear_sink_hits_3","C:\realDesktop\manifest-evaluations\summer-26\ghidra-pipeline\il2cpp-files\vrfs\general-structure-results\70_high_framework_support_only_high\03bdf310_System.Collections.Generic.EqualityComparer_DeformationCommon.BoneAdjustmentData_$$.ctor.c"
"System.Collections.Generic.EqualityComparer<DeformationCommon.BonePairData>$$get_Default","03bdf318","78","70_high_framework_support_only_high","uncertain","framework_support_only","framework_or_engine_namespace","setup_only","eye_source;weak_source_state;validity_gate;paired_state_refs;frame_behavior","strong_eye_source_hits_3;weak_xr_or_state_hits_3;validity_or_gating_hits_3;paired_field_refs_with_eye_source;frame_or_lifecycle_behavior;negative_framework_support_context_without_confirmed_app_level_gaze_flow;functionality_eye_api_context_without_clear_sink_hits_3","C:\realDesktop\manifest-evaluations\summer-26\ghidra-pipeline\il2cpp-files\vrfs\general-structure-results\70_high_framework_support_only_high\03bdf318_System.Collections.Generic.EqualityComparer_DeformationCommon.BonePairData_$$get_Default.c"
"FUN_03c1bf40","03c1bf40","87","70_high_uncertain_eye_setup_high","uncertain","eye_tracking_capability_present","app_or_custom_namespace","setup_only","eye_source;weak_source_state;validity_gate;pose_vector","strong_eye_source_hits_1;weak_xr_or_state_hits_1;validity_or_gating_hits_9;strong_pose_or_ray_construction_hits_2;functionality_eye_api_context_without_clear_sink_hits_1","C:\realDesktop\manifest-evaluations\summer-26\ghidra-pipeline\il2cpp-files\vrfs\general-structure-results\70_high_uncertain_eye_setup_high\03c1bf40_FUN_03c1bf40.c"
"FUN_03e5bb60","03e5bb60","84","70_high_uncertain_eye_setup_high","uncertain","eye_tracking_capability_present","app_or_custom_namespace","setup_only","eye_source;weak_source_state;validity_gate;pose_vector","strong_eye_source_hits_1;weak_xr_or_state_hits_1;validity_or_gating_hits_3;strong_pose_or_ray_construction_hits_2;functionality_eye_api_context_without_clear_sink_hits_1","C:\realDesktop\manifest-evaluations\summer-26\ghidra-pipeline\il2cpp-files\vrfs\general-structure-results\70_high_uncertain_eye_setup_high\03e5bb60_FUN_03e5bb60.c"
"Unity.Collections.NativeArray.ReadOnly<OVRPlugin.SpaceDiscoveryResult>$$.ctor","03e65fc0","104","90_plus_framework_support_only_near_certain","uncertain","framework_support_only","framework_namespace_with_project_hint","setup_only","eye_source;weak_source_state;validity_gate;pose_vector;paired_state_refs","strong_eye_source_hits_2;weak_xr_or_state_hits_2;validity_or_gating_hits_3;strong_pose_or_ray_construction_hits_2;paired_field_refs_with_eye_source;functionality_eye_api_context_without_clear_sink_hits_2","C:\realDesktop\manifest-evaluations\summer-26\ghidra-pipeline\il2cpp-files\vrfs\general-structure-results\90_plus_framework_support_only_near_certain\03e65fc0_Unity.Collections.NativeArray.ReadOnly_OVRPlugin.SpaceDiscoveryResult_$$.ctor.c"
"Unity.Collections.NativeArray.ReadOnly<OVRPlugin.SpaceDiscoveryResult>$$get_Length","03e65fcc","107","90_plus_framework_support_only_near_certain","uncertain","framework_support_only","framework_namespace_with_project_hint","setup_only","eye_source;weak_source_state;validity_gate;pose_vector;paired_state_refs","strong_eye_source_hits_2;weak_xr_or_state_hits_2;validity_or_gating_hits_4;strong_pose_or_ray_construction_hits_2;paired_field_refs_with_eye_source;functionality_eye_api_context_without_clear_sink_hits_2","C:\realDesktop\manifest-evaluations\summer-26\ghidra-pipeline\il2cpp-files\vrfs\general-structure-results\90_plus_framework_support_only_near_certain\03e65fcc_Unity.Collections.NativeArray.ReadOnly_OVRPlugin.SpaceDiscoveryResult_$$get_Length.c"
"Unity.Collections.NativeArray.ReadOnly<OVRPlugin.SpaceDiscoveryResult>$$GetEnumerator","03e65fd4","104","90_plus_framework_support_only_near_certain","uncertain","framework_support_only","framework_namespace_with_project_hint","setup_only","eye_source;weak_source_state;validity_gate;pose_vector;paired_state_refs","strong_eye_source_hits_2;weak_xr_or_state_hits_2;validity_or_gating_hits_3;strong_pose_or_ray_construction_hits_2;paired_field_refs_with_eye_source;functionality_eye_api_context_without_clear_sink_hits_2","C:\realDesktop\manifest-evaluations\summer-26\ghidra-pipeline\il2cpp-files\vrfs\general-structure-results\90_plus_framework_support_only_near_certain\03e65fd4_Unity.Collections.NativeArray.ReadOnly_OVRPlugin.SpaceDiscoveryResult_$$GetEnumerator.c"
"Unity.Collections.NativeArray.ReadOnly<OVRPlugin.SpaceDiscoveryResult>$$System.Collections.Generic.IEnumerable<T>.GetEnumerator","03e66044","104","90_plus_framework_support_only_near_certain","uncertain","framework_support_only","framework_namespace_with_project_hint","setup_only","eye_source;weak_source_state;validity_gate;pose_vector;paired_state_refs","strong_eye_source_hits_2;weak_xr_or_state_hits_2;validity_or_gating_hits_3;strong_pose_or_ray_construction_hits_2;paired_field_refs_with_eye_source;functionality_eye_api_context_without_clear_sink_hits_2","C:\realDesktop\manifest-evaluations\summer-26\ghidra-pipeline\il2cpp-files\vrfs\general-structure-results\90_plus_framework_support_only_near_certain\03e66044_Unity.Collections.NativeArray.ReadOnly_OVRPlugin.SpaceDiscoveryResult_$$System.Collections.Generic.IEnumerable_T_.GetEnumerator.c"
"Unity.Collections.NativeArray.ReadOnly<OVRPlugin.SpaceDiscoveryResult>$$System.Collections.IEnumerable.GetEnumerator","03e660d0","101","90_plus_framework_support_only_near_certain","uncertain","framework_support_only","framework_namespace_with_project_hint","setup_only","eye_source;weak_source_state;validity_gate;pose_vector;paired_state_refs","strong_eye_source_hits_2;weak_xr_or_state_hits_2;validity_or_gating_hits_2;strong_pose_or_ray_construction_hits_2;paired_field_refs_with_eye_source;functionality_eye_api_context_without_clear_sink_hits_2","C:\realDesktop\manifest-evaluations\summer-26\ghidra-pipeline\il2cpp-files\vrfs\general-structure-results\90_plus_framework_support_only_near_certain\03e660d0_Unity.Collections.NativeArray.ReadOnly_OVRPlugin.SpaceDiscoveryResult_$$System.Collections.IEnumerable.GetEnumerator.c"
"Unity.Collections.NativeArray.ReadOnly<OVRPlugin.SpaceQueryResult>$$.ctor","03e6615c","107","90_plus_framework_support_only_near_certain","uncertain","framework_support_only","framework_namespace_with_project_hint","setup_only","eye_source;weak_source_state;validity_gate;pose_vector;paired_state_refs","strong_eye_source_hits_2;weak_xr_or_state_hits_2;validity_or_gating_hits_4;strong_pose_or_ray_construction_hits_2;paired_field_refs_with_eye_source;functionality_eye_api_context_without_clear_sink_hits_2","C:\realDesktop\manifest-evaluations\summer-26\ghidra-pipeline\il2cpp-files\vrfs\general-structure-results\90_plus_framework_support_only_near_certain\03e6615c_Unity.Collections.NativeArray.ReadOnly_OVRPlugin.SpaceQueryResult_$$.ctor.c"
"Unity.Collections.NativeArray.ReadOnly<OVRPlugin.SpaceQueryResult>$$get_Length","03e66168","73","70_high_framework_support_only_high","uncertain","framework_support_only","framework_namespace_with_project_hint","setup_only","eye_source;weak_source_state;pose_vector","strong_eye_source_hits_2;weak_xr_or_state_hits_2;strong_pose_or_ray_construction_hits_2;functionality_eye_api_context_without_clear_sink_hits_2","C:\realDesktop\manifest-evaluations\summer-26\ghidra-pipeline\il2cpp-files\vrfs\general-structure-results\70_high_framework_support_only_high\03e66168_Unity.Collections.NativeArray.ReadOnly_OVRPlugin.SpaceQueryResult_$$get_Length.c"
"Unity.Collections.NativeArray.ReadOnly<OVRPlugin.SpaceQueryResult>$$GetEnumerator","03e66170","101","90_plus_framework_support_only_near_certain","uncertain","framework_support_only","framework_namespace_with_project_hint","setup_only","eye_source;weak_source_state;validity_gate;pose_vector;paired_state_refs","strong_eye_source_hits_2;weak_xr_or_state_hits_2;validity_or_gating_hits_2;strong_pose_or_ray_construction_hits_2;paired_field_refs_with_eye_source;functionality_eye_api_context_without_clear_sink_hits_2","C:\realDesktop\manifest-evaluations\summer-26\ghidra-pipeline\il2cpp-files\vrfs\general-structure-results\90_plus_framework_support_only_near_certain\03e66170_Unity.Collections.NativeArray.ReadOnly_OVRPlugin.SpaceQueryResult_$$GetEnumerator.c"
"Unity.Collections.NativeArray.ReadOnly<OVRPlugin.SpaceQueryResult>$$System.Collections.Generic.IEnumerable<T>.GetEnumerator","03e661e0","73","70_high_framework_support_only_high","uncertain","framework_support_only","framework_namespace_with_project_hint","setup_only","eye_source;weak_source_state;pose_vector","strong_eye_source_hits_2;weak_xr_or_state_hits_2;strong_pose_or_ray_construction_hits_2;functionality_eye_api_context_without_clear_sink_hits_2","C:\realDesktop\manifest-evaluations\summer-26\ghidra-pipeline\il2cpp-files\vrfs\general-structure-results\70_high_framework_support_only_high\03e661e0_Unity.Collections.NativeArray.ReadOnly_OVRPlugin.SpaceQueryResult_$$System.Collections.Generic.IEnumerable_T_.GetEnumerator.c"
"Unity.Collections.NativeArray.ReadOnly<OVRPlugin.SpaceQueryResult>$$System.Collections.IEnumerable.GetEnumerator","03e6626c","73","70_high_framework_support_only_high","uncertain","framework_support_only","framework_namespace_with_project_hint","setup_only","eye_source;weak_source_state;pose_vector","strong_eye_source_hits_2;weak_xr_or_state_hits_2;strong_pose_or_ray_construction_hits_2;functionality_eye_api_context_without_clear_sink_hits_2","C:\realDesktop\manifest-evaluations\summer-26\ghidra-pipeline\il2cpp-files\vrfs\general-structure-results\70_high_framework_support_only_high\03e6626c_Unity.Collections.NativeArray.ReadOnly_OVRPlugin.SpaceQueryResult_$$System.Collections.IEnumerable.GetEnumerator.c"
"Unity.Collections.NativeArray.ReadOnly<OVRPlugin.Vector3f>$$System.Collections.Generic.IEnumerable<T>.GetEnumerator","03e664e8","84","70_high_framework_support_only_high","uncertain","framework_support_only","framework_or_engine_namespace","setup_only","eye_source;weak_source_state;validity_gate;pose_vector;paired_state_refs","strong_eye_source_hits_2;weak_xr_or_state_hits_2;validity_or_gating_hits_3;strong_pose_or_ray_construction_hits_2;paired_field_refs_with_eye_source;negative_framework_support_context_without_confirmed_app_level_gaze_flow;functionality_eye_api_context_without_clear_sink_hits_2","C:\realDesktop\manifest-evaluations\summer-26\ghidra-pipeline\il2cpp-files\vrfs\general-structure-results\70_high_framework_support_only_high\03e664e8_Unity.Collections.NativeArray.ReadOnly_OVRPlugin.Vector3f_$$System.Collections.Generic.IEnumerable_T_.GetEnumerator.c"
"Unity.Collections.NativeArray.ReadOnly<OVRPlugin.Vector3f>$$System.Collections.IEnumerable.GetEnumerator","03e6656c","81","70_high_framework_support_only_high","uncertain","framework_support_only","framework_or_engine_namespace","setup_only","eye_source;weak_source_state;validity_gate;pose_vector;paired_state_refs","strong_eye_source_hits_2;weak_xr_or_state_hits_2;validity_or_gating_hits_2;strong_pose_or_ray_construction_hits_2;paired_field_refs_with_eye_source;negative_framework_support_context_without_confirmed_app_level_gaze_flow;functionality_eye_api_context_without_clear_sink_hits_2","C:\realDesktop\manifest-evaluations\summer-26\ghidra-pipeline\il2cpp-files\vrfs\general-structure-results\70_high_framework_support_only_high\03e6656c_Unity.Collections.NativeArray.ReadOnly_OVRPlugin.Vector3f_$$System.Collections.IEnumerable.GetEnumerator.c"
"Unity.Collections.NativeArray.ReadOnly<OVRPlugin.Vector4f>$$.ctor","03e665f0","81","70_high_framework_support_only_high","uncertain","framework_support_only","framework_or_engine_namespace","setup_only","eye_source;weak_source_state;validity_gate;pose_vector;paired_state_refs","strong_eye_source_hits_2;weak_xr_or_state_hits_2;validity_or_gating_hits_2;strong_pose_or_ray_construction_hits_2;paired_field_refs_with_eye_source;negative_framework_support_context_without_confirmed_app_level_gaze_flow;functionality_eye_api_context_without_clear_sink_hits_2","C:\realDesktop\manifest-evaluations\summer-26\ghidra-pipeline\il2cpp-files\vrfs\general-structure-results\70_high_framework_support_only_high\03e665f0_Unity.Collections.NativeArray.ReadOnly_OVRPlugin.Vector4f_$$.ctor.c"
"Unity.Collections.NativeArray.ReadOnly<OVRPlugin.Vector4f>$$get_Length","03e665fc","81","70_high_framework_support_only_high","uncertain","framework_support_only","framework_or_engine_namespace","setup_only","eye_source;weak_source_state;validity_gate;pose_vector;paired_state_refs","strong_eye_source_hits_2;weak_xr_or_state_hits_2;validity_or_gating_hits_2;strong_pose_or_ray_construction_hits_2;paired_field_refs_with_eye_source;negative_framework_support_context_without_confirmed_app_level_gaze_flow;functionality_eye_api_context_without_clear_sink_hits_2","C:\realDesktop\manifest-evaluations\summer-26\ghidra-pipeline\il2cpp-files\vrfs\general-structure-results\70_high_framework_support_only_high\03e665fc_Unity.Collections.NativeArray.ReadOnly_OVRPlugin.Vector4f_$$get_Length.c"
"Unity.Collections.NativeArray.ReadOnly<OVRPlugin.Vector4f>$$GetEnumerator","03e66604","81","70_high_framework_support_only_high","uncertain","framework_support_only","framework_or_engine_namespace","setup_only","eye_source;weak_source_state;validity_gate;pose_vector;paired_state_refs","strong_eye_source_hits_2;weak_xr_or_state_hits_2;validity_or_gating_hits_2;strong_pose_or_ray_construction_hits_2;paired_field_refs_with_eye_source;negative_framework_support_context_without_confirmed_app_level_gaze_flow;functionality_eye_api_context_without_clear_sink_hits_2","C:\realDesktop\manifest-evaluations\summer-26\ghidra-pipeline\il2cpp-files\vrfs\general-structure-results\70_high_framework_support_only_high\03e66604_Unity.Collections.NativeArray.ReadOnly_OVRPlugin.Vector4f_$$GetEnumerator.c"
"Unity.Collections.NativeArray.ReadOnly<OVRPlugin.Vector4f>$$System.Collections.Generic.IEnumerable<T>.GetEnumerator","03e66678","81","70_high_framework_support_only_high","uncertain","framework_support_only","framework_or_engine_namespace","setup_only","eye_source;weak_source_state;validity_gate;pose_vector;paired_state_refs","strong_eye_source_hits_2;weak_xr_or_state_hits_2;validity_or_gating_hits_2;strong_pose_or_ray_construction_hits_2;paired_field_refs_with_eye_source;negative_framework_support_context_without_confirmed_app_level_gaze_flow;functionality_eye_api_context_without_clear_sink_hits_2","C:\realDesktop\manifest-evaluations\summer-26\ghidra-pipeline\il2cpp-files\vrfs\general-structure-results\70_high_framework_support_only_high\03e66678_Unity.Collections.NativeArray.ReadOnly_OVRPlugin.Vector4f_$$System.Collections.Generic.IEnumerable_T_.GetEnumerator.c"
"Unity.Collections.NativeArray.ReadOnly<OVRPlugin.Vector4f>$$System.Collections.IEnumerable.GetEnumerator","03e66708","81","70_high_framework_support_only_high","uncertain","framework_support_only","framework_or_engine_namespace","setup_only","eye_source;weak_source_state;validity_gate;pose_vector;paired_state_refs","strong_eye_source_hits_2;weak_xr_or_state_hits_2;validity_or_gating_hits_2;strong_pose_or_ray_construction_hits_2;paired_field_refs_with_eye_source;negative_framework_support_context_without_confirmed_app_level_gaze_flow;functionality_eye_api_context_without_clear_sink_hits_2","C:\realDesktop\manifest-evaluations\summer-26\ghidra-pipeline\il2cpp-files\vrfs\general-structure-results\70_high_framework_support_only_high\03e66708_Unity.Collections.NativeArray.ReadOnly_OVRPlugin.Vector4f_$$System.Collections.IEnumerable.GetEnumerator.c"
"Unity.Collections.NativeArray.ReadOnly<OVRPlugin.Vector4s>$$.ctor","03e66798","78","70_high_framework_support_only_high","uncertain","framework_support_only","framework_or_engine_namespace","setup_only","eye_source;weak_source_state;validity_gate;pose_vector;paired_state_refs","strong_eye_source_hits_2;weak_xr_or_state_hits_2;validity_or_gating_hits_1;strong_pose_or_ray_construction_hits_2;paired_field_refs_with_eye_source;negative_framework_support_context_without_confirmed_app_level_gaze_flow;functionality_eye_api_context_without_clear_sink_hits_2","C:\realDesktop\manifest-evaluations\summer-26\ghidra-pipeline\il2cpp-files\vrfs\general-structure-results\70_high_framework_support_only_high\03e66798_Unity.Collections.NativeArray.ReadOnly_OVRPlugin.Vector4s_$$.ctor.c"
"Unity.Collections.NativeArray.ReadOnly<OVRPlugin.Vector4s>$$get_Length","03e667a4","81","70_high_framework_support_only_high","uncertain","framework_support_only","framework_or_engine_namespace","setup_only","eye_source;weak_source_state;validity_gate;pose_vector;paired_state_refs","strong_eye_source_hits_2;weak_xr_or_state_hits_2;validity_or_gating_hits_2;strong_pose_or_ray_construction_hits_2;paired_field_refs_with_eye_source;negative_framework_support_context_without_confirmed_app_level_gaze_flow;functionality_eye_api_context_without_clear_sink_hits_2","C:\realDesktop\manifest-evaluations\summer-26\ghidra-pipeline\il2cpp-files\vrfs\general-structure-results\70_high_framework_support_only_high\03e667a4_Unity.Collections.NativeArray.ReadOnly_OVRPlugin.Vector4s_$$get_Length.c"
"Unity.Collections.NativeArray.ReadOnly<OVRPlugin.Vector4s>$$GetEnumerator","03e667ac","81","70_high_framework_support_only_high","uncertain","framework_support_only","framework_or_engine_namespace","setup_only","eye_source;weak_source_state;validity_gate;pose_vector;paired_state_refs","strong_eye_source_hits_2;weak_xr_or_state_hits_2;validity_or_gating_hits_2;strong_pose_or_ray_construction_hits_2;paired_field_refs_with_eye_source;negative_framework_support_context_without_confirmed_app_level_gaze_flow;functionality_eye_api_context_without_clear_sink_hits_2","C:\realDesktop\manifest-evaluations\summer-26\ghidra-pipeline\il2cpp-files\vrfs\general-structure-results\70_high_framework_support_only_high\03e667ac_Unity.Collections.NativeArray.ReadOnly_OVRPlugin.Vector4s_$$GetEnumerator.c"
"FUN_03fea484","03fea484","99","90_plus_uncertain_eye_setup_near_certain","uncertain","eye_tracking_capability_present","app_or_custom_namespace","setup_only","eye_source;weak_source_state;validity_gate;pose_vector;paired_state_refs","strong_eye_source_hits_1;weak_xr_or_state_hits_1;validity_or_gating_hits_4;strong_pose_or_ray_construction_hits_2;paired_field_refs_with_eye_source;functionality_eye_api_context_without_clear_sink_hits_1","C:\realDesktop\manifest-evaluations\summer-26\ghidra-pipeline\il2cpp-files\vrfs\general-structure-results\90_plus_uncertain_eye_setup_near_certain\03fea484_FUN_03fea484.c"
"FUN_041305d4","041305d4","99","90_plus_uncertain_eye_setup_near_certain","uncertain","eye_tracking_capability_present","app_or_custom_namespace","setup_only","eye_source;weak_source_state;validity_gate;pose_vector;paired_state_refs","strong_eye_source_hits_1;weak_xr_or_state_hits_1;validity_or_gating_hits_13;strong_pose_or_ray_construction_hits_2;paired_field_refs_with_eye_source;functionality_eye_api_context_without_clear_sink_hits_1","C:\realDesktop\manifest-evaluations\summer-26\ghidra-pipeline\il2cpp-files\vrfs\general-structure-results\90_plus_uncertain_eye_setup_near_certain\041305d4_FUN_041305d4.c"
"System.Threading.Tasks.TaskFactory<ValueTuple<object,-object,-object,-object,-object>>$$CreateCanceledTask","041308f0","79","70_high_framework_support_only_high","uncertain","framework_support_only","framework_or_engine_namespace","setup_only","eye_source;weak_source_state;validity_gate;pose_vector;paired_state_refs","strong_eye_source_hits_1;weak_xr_or_state_hits_1;validity_or_gating_hits_11;strong_pose_or_ray_construction_hits_2;paired_field_refs_with_eye_source;negative_framework_support_context_without_confirmed_app_level_gaze_flow;functionality_eye_api_context_without_clear_sink_hits_1","C:\realDesktop\manifest-evaluations\summer-26\ghidra-pipeline\il2cpp-files\vrfs\general-structure-results\70_high_framework_support_only_high\041308f0_System.Threading.Tasks.TaskFactory_ValueTuple_object_-object_-object_-object_-object_$$CreateCanceledTask.c"
"FUN_042959f0","042959f0","75","70_high_general_structure_review_high","no","unrelated_or_generic_structure","app_or_custom_namespace","","validity_gate;ui_interaction;data_collection","validity_or_gating_hits_21;ui_or_gameplay_sink_hits_13;strong_file_logging_hits_13","C:\realDesktop\manifest-evaluations\summer-26\ghidra-pipeline\il2cpp-files\vrfs\general-structure-results\70_high_general_structure_review_high\042959f0_FUN_042959f0.c"
"System.Array$$InternalArray__ICollection_Add<OVRPlugin.EyeGazeState>","042a32f0","79","70_high_framework_eye_tracking_support_or_permission_path_high","uncertain","framework_eye_tracking_support_or_permission_path","framework_or_engine_namespace","gaze_retrieval;attempted_eye_tracking_use","eye_source;weak_source_state;pose_vector;attempted_use","strong_eye_source_hits_4;weak_xr_or_state_hits_2;strong_pose_or_ray_construction_hits_2;attempted_eye_tracking_permission_or_feature_enable;negative_framework_support_context_without_confirmed_app_level_gaze_flow;functionality_gaze_retrieval_or_extraction","C:\realDesktop\manifest-evaluations\summer-26\ghidra-pipeline\il2cpp-files\vrfs\general-structure-results\70_high_framework_eye_tracking_support_or_permission_path_high\042a32f0_System.Array$$InternalArray__ICollection_Add_OVRPlugin.EyeGazeState_.c"
"System.Array$$InternalArray__ICollection_Add<OVRPlugin.SpaceDiscoveryResult>","042a3390","86","70_high_framework_support_only_high","uncertain","framework_support_only","framework_namespace_with_project_hint","setup_only","eye_source;weak_source_state;validity_gate;pose_vector","strong_eye_source_hits_2;weak_xr_or_state_hits_2;validity_or_gating_hits_1;strong_pose_or_ray_construction_hits_2;functionality_eye_api_context_without_clear_sink_hits_2","C:\realDesktop\manifest-evaluations\summer-26\ghidra-pipeline\il2cpp-files\vrfs\general-structure-results\70_high_framework_support_only_high\042a3390_System.Array$$InternalArray__ICollection_Add_OVRPlugin.SpaceDiscoveryResult_.c"
"System.Array$$InternalArray__ICollection_Add<OVRPlugin.SpaceQueryResult>","042a33e0","73","70_high_framework_support_only_high","uncertain","framework_support_only","framework_namespace_with_project_hint","setup_only","eye_source;weak_source_state;pose_vector","strong_eye_source_hits_2;weak_xr_or_state_hits_2;strong_pose_or_ray_construction_hits_2;functionality_eye_api_context_without_clear_sink_hits_2","C:\realDesktop\manifest-evaluations\summer-26\ghidra-pipeline\il2cpp-files\vrfs\general-structure-results\70_high_framework_support_only_high\042a33e0_System.Array$$InternalArray__ICollection_Add_OVRPlugin.SpaceQueryResult_.c"
"System.Array$$InternalArray__ICollection_Add<XmlTextWriter.Namespace>","042a5690","70","70_high_general_structure_review_high","no","unrelated_or_generic_structure","framework_namespace_with_project_hint","","validity_gate;pose_vector;data_collection","validity_or_gating_hits_5;strong_pose_or_ray_construction_hits_2;strong_file_logging_hits_2","C:\realDesktop\manifest-evaluations\summer-26\ghidra-pipeline\il2cpp-files\vrfs\general-structure-results\70_high_general_structure_review_high\042a5690_System.Array$$InternalArray__ICollection_Add_XmlTextWriter.Namespace_.c"
"System.Array$$InternalArray__ICollection_Add<OVRPlugin.Qpl.Annotation>","042a5be0","75","70_high_framework_support_only_high","uncertain","framework_support_only","framework_or_engine_namespace","setup_only","eye_source;weak_source_state;validity_gate;pose_vector","strong_eye_source_hits_2;weak_xr_or_state_hits_2;validity_or_gating_hits_19;strong_pose_or_ray_construction_hits_2;negative_framework_support_context_without_confirmed_app_level_gaze_flow;functionality_eye_api_context_without_clear_sink_hits_2","C:\realDesktop\manifest-evaluations\summer-26\ghidra-pipeline\il2cpp-files\vrfs\general-structure-results\70_high_framework_support_only_high\042a5be0_System.Array$$InternalArray__ICollection_Add_OVRPlugin.Qpl.Annotation_.c"
"System.Array$$InternalArray__ICollection_Add<OVRPlugin.Qpl.Annotation.Builder.Entry>","042a5eb0","87","70_high_framework_support_only_high","uncertain","framework_support_only","framework_or_engine_namespace","setup_only","eye_source;weak_source_state;validity_gate;pose_vector;paired_state_refs","strong_eye_source_hits_2;weak_xr_or_state_hits_2;validity_or_gating_hits_10;strong_pose_or_ray_construction_hits_2;paired_field_refs_with_eye_source;negative_framework_support_context_without_confirmed_app_level_gaze_flow;functionality_eye_api_context_without_clear_sink_hits_2","C:\realDesktop\manifest-evaluations\summer-26\ghidra-pipeline\il2cpp-files\vrfs\general-structure-results\70_high_framework_support_only_high\042a5eb0_System.Array$$InternalArray__ICollection_Add_OVRPlugin.Qpl.Annotation.Builder.Entry_.c"
"OVREyeGaze$$get_EyeTrackingEnabled","04380a1c","103","90_plus_attempted_eye_tracking_permission_or_feature_near_certain","yes","eye_tracking_attempted_permission_or_feature","app_or_custom_namespace","gaze_retrieval;attempted_eye_tracking_use","eye_source;weak_source_state;validity_gate;attempted_use","strong_eye_source_hits_4;weak_xr_or_state_hits_4;validity_or_gating_hits_4;attempted_eye_tracking_permission_or_feature_enable;functionality_gaze_retrieval_or_extraction","C:\realDesktop\manifest-evaluations\summer-26\ghidra-pipeline\il2cpp-files\vrfs\general-structure-results\90_plus_attempted_eye_tracking_permission_or_feature_near_certain\04380a1c_OVREyeGaze$$get_EyeTrackingEnabled.c"
"OVREyeGaze$$get_Confidence","04380a6c","80","70_high_attempted_eye_tracking_permission_or_feature_high","yes","eye_tracking_attempted_permission_or_feature","app_or_custom_namespace","gaze_retrieval;attempted_eye_tracking_use","eye_source;validity_gate;attempted_use","strong_eye_source_hits_2;validity_or_gating_hits_5;attempted_eye_tracking_permission_or_feature_enable;functionality_gaze_retrieval_or_extraction","C:\realDesktop\manifest-evaluations\summer-26\ghidra-pipeline\il2cpp-files\vrfs\general-structure-results\70_high_attempted_eye_tracking_permission_or_feature_high\04380a6c_OVREyeGaze$$get_Confidence.c"
"OVREyeGaze$$set_Confidence","04380a74","80","70_high_attempted_eye_tracking_permission_or_feature_high","yes","eye_tracking_attempted_permission_or_feature","app_or_custom_namespace","gaze_retrieval;attempted_eye_tracking_use","eye_source;validity_gate;attempted_use","strong_eye_source_hits_2;validity_or_gating_hits_5;attempted_eye_tracking_permission_or_feature_enable;functionality_gaze_retrieval_or_extraction","C:\realDesktop\manifest-evaluations\summer-26\ghidra-pipeline\il2cpp-files\vrfs\general-structure-results\70_high_attempted_eye_tracking_permission_or_feature_high\04380a74_OVREyeGaze$$set_Confidence.c"
"OVREyeGaze$$Awake","04380a7c","77","70_high_attempted_eye_tracking_permission_or_feature_high","yes","eye_tracking_attempted_permission_or_feature","app_or_custom_namespace","gaze_retrieval;attempted_eye_tracking_use","eye_source;validity_gate;attempted_use","strong_eye_source_hits_2;validity_or_gating_hits_3;attempted_eye_tracking_permission_or_feature_enable;functionality_gaze_retrieval_or_extraction","C:\realDesktop\manifest-evaluations\summer-26\ghidra-pipeline\il2cpp-files\vrfs\general-structure-results\70_high_attempted_eye_tracking_permission_or_feature_high\04380a7c_OVREyeGaze$$Awake.c"
"OVREyeGaze$$Start","04380b00","86","70_high_attempted_eye_tracking_permission_or_feature_high","yes","eye_tracking_attempted_permission_or_feature","app_or_custom_namespace","gaze_retrieval;attempted_eye_tracking_use","eye_source;validity_gate;frame_behavior;attempted_use","strong_eye_source_hits_2;validity_or_gating_hits_5;frame_or_lifecycle_behavior;attempted_eye_tracking_permission_or_feature_enable;functionality_gaze_retrieval_or_extraction","C:\realDesktop\manifest-evaluations\summer-26\ghidra-pipeline\il2cpp-files\vrfs\general-structure-results\70_high_attempted_eye_tracking_permission_or_feature_high\04380b00_OVREyeGaze$$Start.c"
"OVREyeGaze$$PrepareHeadDirection","04380b04","100","90_plus_attempted_eye_tracking_permission_or_feature_near_certain","yes","eye_tracking_attempted_permission_or_feature","app_or_custom_namespace","gaze_retrieval;attempted_eye_tracking_use","eye_source;validity_gate;pose_vector;attempted_use","strong_eye_source_hits_2;validity_or_gating_hits_5;strong_pose_or_ray_construction_hits_2;attempted_eye_tracking_permission_or_feature_enable;functionality_gaze_retrieval_or_extraction","C:\realDesktop\manifest-evaluations\summer-26\ghidra-pipeline\il2cpp-files\vrfs\general-structure-results\90_plus_attempted_eye_tracking_permission_or_feature_near_certain\04380b04_OVREyeGaze$$PrepareHeadDirection.c"
"OVREyeGaze$$OnEnable","04380d98","83","70_high_attempted_eye_tracking_permission_or_feature_high","yes","eye_tracking_attempted_permission_or_feature","app_or_custom_namespace","gaze_retrieval;attempted_eye_tracking_use","eye_source;validity_gate;frame_behavior;attempted_use","strong_eye_source_hits_2;validity_or_gating_hits_3;frame_or_lifecycle_behavior;attempted_eye_tracking_permission_or_feature_enable;functionality_gaze_retrieval_or_extraction","C:\realDesktop\manifest-evaluations\summer-26\ghidra-pipeline\il2cpp-files\vrfs\general-structure-results\70_high_attempted_eye_tracking_permission_or_feature_high\04380d98_OVREyeGaze$$OnEnable.c"
"OVREyeGaze$$StartEyeTracking","04380e10","76","70_high_attempted_eye_tracking_permission_or_feature_high","yes","eye_tracking_attempted_permission_or_feature","app_or_custom_namespace","permission_setup;gaze_retrieval;attempted_eye_tracking_use","eye_source;frame_behavior;attempted_use","strong_eye_source_hits_4;frame_or_lifecycle_behavior;attempted_eye_tracking_permission_or_feature_enable;functionality_permission_setup;functionality_gaze_retrieval_or_extraction","C:\realDesktop\manifest-evaluations\summer-26\ghidra-pipeline\il2cpp-files\vrfs\general-structure-results\70_high_attempted_eye_tracking_permission_or_feature_high\04380e10_OVREyeGaze$$StartEyeTracking.c"
"OVREyeGaze$$OnPermissionGranted","04380ee8","83","70_high_attempted_eye_tracking_permission_or_feature_high","yes","eye_tracking_attempted_permission_or_feature","app_or_custom_namespace","permission_setup;gaze_retrieval;attempted_eye_tracking_use","eye_source;weak_source_state;validity_gate;attempted_use","strong_eye_source_hits_2;weak_xr_or_state_hits_2;validity_or_gating_hits_2;attempted_eye_tracking_permission_or_feature_enable;functionality_permission_setup;functionality_gaze_retrieval_or_extraction","C:\realDesktop\manifest-evaluations\summer-26\ghidra-pipeline\il2cpp-files\vrfs\general-structure-results\70_high_attempted_eye_tracking_permission_or_feature_high\04380ee8_OVREyeGaze$$OnPermissionGranted.c"
"OVREyeGaze$$CalculateEyeRotation","043811f4","78","70_high_attempted_eye_tracking_permission_or_feature_high","yes","eye_tracking_attempted_permission_or_feature","app_or_custom_namespace","gaze_retrieval;attempted_eye_tracking_use","eye_source;pose_vector;attempted_use","strong_eye_source_hits_2;strong_pose_or_ray_construction_hits_2;attempted_eye_tracking_permission_or_feature_enable;functionality_gaze_retrieval_or_extraction","C:\realDesktop\manifest-evaluations\summer-26\ghidra-pipeline\il2cpp-files\vrfs\general-structure-results\70_high_attempted_eye_tracking_permission_or_feature_high\043811f4_OVREyeGaze$$CalculateEyeRotation.c"
"OVREyeGaze$$.ctor","043813b4","80","70_high_attempted_eye_tracking_permission_or_feature_high","yes","eye_tracking_attempted_permission_or_feature","app_or_custom_namespace","gaze_retrieval;attempted_eye_tracking_use","eye_source;validity_gate;attempted_use","strong_eye_source_hits_2;validity_or_gating_hits_4;attempted_eye_tracking_permission_or_feature_enable;functionality_gaze_retrieval_or_extraction","C:\realDesktop\manifest-evaluations\summer-26\ghidra-pipeline\il2cpp-files\vrfs\general-structure-results\70_high_attempted_eye_tracking_permission_or_feature_high\043813b4_OVREyeGaze$$.ctor.c"
"Newtonsoft.Json.JsonConvert$$SerializeObject","04415654","73","70_high_general_structure_review_high","no","unrelated_or_generic_structure","app_or_custom_namespace","","validity_gate;data_collection;telemetry","validity_or_gating_hits_1;strong_file_logging_hits_2;telemetry_or_network_hits_2","C:\realDesktop\manifest-evaluations\summer-26\ghidra-pipeline\il2cpp-files\vrfs\general-structure-results\70_high_general_structure_review_high\04415654_Newtonsoft.Json.JsonConvert$$SerializeObject.c"
"Newtonsoft.Json.JsonConvert$$SerializeObject","04415794","73","70_high_general_structure_review_high","no","unrelated_or_generic_structure","app_or_custom_namespace","","validity_gate;data_collection;telemetry","validity_or_gating_hits_1;strong_file_logging_hits_2;telemetry_or_network_hits_2","C:\realDesktop\manifest-evaluations\summer-26\ghidra-pipeline\il2cpp-files\vrfs\general-structure-results\70_high_general_structure_review_high\04415794_Newtonsoft.Json.JsonConvert$$SerializeObject.c"
"Newtonsoft.Json.JsonConvert$$SerializeObject","04415804","73","70_high_general_structure_review_high","no","unrelated_or_generic_structure","app_or_custom_namespace","","validity_gate;data_collection;telemetry","validity_or_gating_hits_1;strong_file_logging_hits_2;telemetry_or_network_hits_2","C:\realDesktop\manifest-evaluations\summer-26\ghidra-pipeline\il2cpp-files\vrfs\general-structure-results\70_high_general_structure_review_high\04415804_Newtonsoft.Json.JsonConvert$$SerializeObject.c"
"Newtonsoft.Json.JsonConvert$$SerializeObject","04415b28","82","70_high_general_structure_review_high","no","unrelated_or_generic_structure","app_or_custom_namespace","","validity_gate;data_collection;telemetry","validity_or_gating_hits_7;strong_file_logging_hits_2;telemetry_or_network_hits_2","C:\realDesktop\manifest-evaluations\summer-26\ghidra-pipeline\il2cpp-files\vrfs\general-structure-results\70_high_general_structure_review_high\04415b28_Newtonsoft.Json.JsonConvert$$SerializeObject.c"
"Newtonsoft.Json.JsonSerializer$$Serialize","04415bc0","78","70_high_general_structure_review_high","no","unrelated_or_generic_structure","app_or_custom_namespace","","validity_gate;data_collection;telemetry","validity_or_gating_hits_1;strong_file_logging_hits_2;telemetry_or_network_hits_4","C:\realDesktop\manifest-evaluations\summer-26\ghidra-pipeline\il2cpp-files\vrfs\general-structure-results\70_high_general_structure_review_high\04415bc0_Newtonsoft.Json.JsonSerializer$$Serialize.c"
"Newtonsoft.Json.JsonConvert$$DeserializeObject","04415bd0","73","70_high_general_structure_review_high","no","unrelated_or_generic_structure","app_or_custom_namespace","","validity_gate;data_collection;telemetry","validity_or_gating_hits_1;strong_file_logging_hits_2;telemetry_or_network_hits_2","C:\realDesktop\manifest-evaluations\summer-26\ghidra-pipeline\il2cpp-files\vrfs\general-structure-results\70_high_general_structure_review_high\04415bd0_Newtonsoft.Json.JsonConvert$$DeserializeObject.c"
"Newtonsoft.Json.JsonSerializer$$IsCheckAdditionalContentSet","04415e20","76","70_high_general_structure_review_high","no","unrelated_or_generic_structure","app_or_custom_namespace","","validity_gate;data_collection;telemetry","validity_or_gating_hits_2;strong_file_logging_hits_2;telemetry_or_network_hits_2","C:\realDesktop\manifest-evaluations\summer-26\ghidra-pipeline\il2cpp-files\vrfs\general-structure-results\70_high_general_structure_review_high\04415e20_Newtonsoft.Json.JsonSerializer$$IsCheckAdditionalContentSet.c"
"Newtonsoft.Json.JsonSerializer$$Deserialize","04415f78","78","70_high_general_structure_review_high","no","unrelated_or_generic_structure","app_or_custom_namespace","","validity_gate;data_collection;telemetry","validity_or_gating_hits_1;strong_file_logging_hits_2;telemetry_or_network_hits_4","C:\realDesktop\manifest-evaluations\summer-26\ghidra-pipeline\il2cpp-files\vrfs\general-structure-results\70_high_general_structure_review_high\04415f78_Newtonsoft.Json.JsonSerializer$$Deserialize.c"
"Newtonsoft.Json.JsonSerializer$$add_Error","0441bd7c","73","70_high_general_structure_review_high","no","unrelated_or_generic_structure","app_or_custom_namespace","","validity_gate;data_collection;telemetry","validity_or_gating_hits_1;strong_file_logging_hits_2;telemetry_or_network_hits_2","C:\realDesktop\manifest-evaluations\summer-26\ghidra-pipeline\il2cpp-files\vrfs\general-structure-results\70_high_general_structure_review_high\0441bd7c_Newtonsoft.Json.JsonSerializer$$add_Error.c"
"Newtonsoft.Json.JsonSerializer$$set_TypeNameAssemblyFormatHandling","0441c050","79","70_high_general_structure_review_high","no","unrelated_or_generic_structure","app_or_custom_namespace","","validity_gate;data_collection;telemetry","validity_or_gating_hits_3;strong_file_logging_hits_2;telemetry_or_network_hits_2","C:\realDesktop\manifest-evaluations\summer-26\ghidra-pipeline\il2cpp-files\vrfs\general-structure-results\70_high_general_structure_review_high\0441c050_Newtonsoft.Json.JsonSerializer$$set_TypeNameAssemblyFormatHandling.c"
"Newtonsoft.Json.JsonSerializer$$set_PreserveReferencesHandling","0441c0b4","73","70_high_general_structure_review_high","no","unrelated_or_generic_structure","app_or_custom_namespace","","validity_gate;data_collection;telemetry","validity_or_gating_hits_1;strong_file_logging_hits_2;telemetry_or_network_hits_2","C:\realDesktop\manifest-evaluations\summer-26\ghidra-pipeline\il2cpp-files\vrfs\general-structure-results\70_high_general_structure_review_high\0441c0b4_Newtonsoft.Json.JsonSerializer$$set_PreserveReferencesHandling.c"
"Newtonsoft.Json.JsonSerializer$$set_MissingMemberHandling","0441c17c","82","70_high_general_structure_review_high","no","unrelated_or_generic_structure","app_or_custom_namespace","","validity_gate;data_collection;telemetry","validity_or_gating_hits_7;strong_file_logging_hits_2;telemetry_or_network_hits_2","C:\realDesktop\manifest-evaluations\summer-26\ghidra-pipeline\il2cpp-files\vrfs\general-structure-results\70_high_general_structure_review_high\0441c17c_Newtonsoft.Json.JsonSerializer$$set_MissingMemberHandling.c"
"Newtonsoft.Json.JsonSerializer$$get_NullValueHandling","0441c1e0","82","70_high_general_structure_review_high","no","unrelated_or_generic_structure","app_or_custom_namespace","","validity_gate;data_collection;telemetry","validity_or_gating_hits_6;strong_file_logging_hits_2;telemetry_or_network_hits_2","C:\realDesktop\manifest-evaluations\summer-26\ghidra-pipeline\il2cpp-files\vrfs\general-structure-results\70_high_general_structure_review_high\0441c1e0_Newtonsoft.Json.JsonSerializer$$get_NullValueHandling.c"
"Newtonsoft.Json.JsonSerializer$$set_NullValueHandling","0441c1e8","82","70_high_general_structure_review_high","no","unrelated_or_generic_structure","app_or_custom_namespace","","validity_gate;data_collection;telemetry","validity_or_gating_hits_6;strong_file_logging_hits_2;telemetry_or_network_hits_2","C:\realDesktop\manifest-evaluations\summer-26\ghidra-pipeline\il2cpp-files\vrfs\general-structure-results\70_high_general_structure_review_high\0441c1e8_Newtonsoft.Json.JsonSerializer$$set_NullValueHandling.c"
"Newtonsoft.Json.JsonSerializer$$set_DefaultValueHandling","0441c24c","73","70_high_general_structure_review_high","no","unrelated_or_generic_structure","app_or_custom_namespace","","validity_gate;data_collection;telemetry","validity_or_gating_hits_1;strong_file_logging_hits_2;telemetry_or_network_hits_2","C:\realDesktop\manifest-evaluations\summer-26\ghidra-pipeline\il2cpp-files\vrfs\general-structure-results\70_high_general_structure_review_high\0441c24c_Newtonsoft.Json.JsonSerializer$$set_DefaultValueHandling.c"
"Newtonsoft.Json.JsonSerializer$$set_ObjectCreationHandling","0441c2b0","82","70_high_general_structure_review_high","no","unrelated_or_generic_structure","app_or_custom_namespace","","validity_gate;data_collection;telemetry","validity_or_gating_hits_4;strong_file_logging_hits_2;telemetry_or_network_hits_2","C:\realDesktop\manifest-evaluations\summer-26\ghidra-pipeline\il2cpp-files\vrfs\general-structure-results\70_high_general_structure_review_high\0441c2b0_Newtonsoft.Json.JsonSerializer$$set_ObjectCreationHandling.c"
"Newtonsoft.Json.JsonSerializer$$set_ConstructorHandling","0441c314","82","70_high_general_structure_review_high","no","unrelated_or_generic_structure","app_or_custom_namespace","","validity_gate;data_collection;telemetry","validity_or_gating_hits_4;strong_file_logging_hits_2;telemetry_or_network_hits_2","C:\realDesktop\manifest-evaluations\summer-26\ghidra-pipeline\il2cpp-files\vrfs\general-structure-results\70_high_general_structure_review_high\0441c314_Newtonsoft.Json.JsonSerializer$$set_ConstructorHandling.c"
"Newtonsoft.Json.JsonSerializer$$get_MetadataPropertyHandling","0441c378","89","70_high_general_structure_review_high","no","unrelated_or_generic_structure","app_or_custom_namespace","","weak_source_state;validity_gate;data_collection;telemetry","weak_xr_or_state_hits_2;validity_or_gating_hits_4;strong_file_logging_hits_2;telemetry_or_network_hits_2;cap_below_near_certain_without_eye_anchor_or_ordered_structure","C:\realDesktop\manifest-evaluations\summer-26\ghidra-pipeline\il2cpp-files\vrfs\general-structure-results\70_high_general_structure_review_high\0441c378_Newtonsoft.Json.JsonSerializer$$get_MetadataPropertyHandling.c"
"Newtonsoft.Json.JsonSerializer$$set_MetadataPropertyHandling","0441c380","82","70_high_general_structure_review_high","no","unrelated_or_generic_structure","app_or_custom_namespace","","validity_gate;data_collection;telemetry","validity_or_gating_hits_4;strong_file_logging_hits_2;telemetry_or_network_hits_2","C:\realDesktop\manifest-evaluations\summer-26\ghidra-pipeline\il2cpp-files\vrfs\general-structure-results\70_high_general_structure_review_high\0441c380_Newtonsoft.Json.JsonSerializer$$set_MetadataPropertyHandling.c"
"Newtonsoft.Json.JsonSerializer$$get_ContractResolver","0441c458","73","70_high_general_structure_review_high","no","unrelated_or_generic_structure","app_or_custom_namespace","","validity_gate;data_collection;telemetry","validity_or_gating_hits_1;strong_file_logging_hits_2;telemetry_or_network_hits_2","C:\realDesktop\manifest-evaluations\summer-26\ghidra-pipeline\il2cpp-files\vrfs\general-structure-results\70_high_general_structure_review_high\0441c458_Newtonsoft.Json.JsonSerializer$$get_ContractResolver.c"
"Newtonsoft.Json.JsonSerializer$$set_ContractResolver","0441c460","73","70_high_general_structure_review_high","no","unrelated_or_generic_structure","app_or_custom_namespace","","validity_gate;data_collection;telemetry","validity_or_gating_hits_1;strong_file_logging_hits_2;telemetry_or_network_hits_2","C:\realDesktop\manifest-evaluations\summer-26\ghidra-pipeline\il2cpp-files\vrfs\general-structure-results\70_high_general_structure_review_high\0441c460_Newtonsoft.Json.JsonSerializer$$set_ContractResolver.c"
"Newtonsoft.Json.JsonSerializer$$get_Context","0441c510","76","70_high_general_structure_review_high","no","unrelated_or_generic_structure","app_or_custom_namespace","","validity_gate;data_collection;telemetry","validity_or_gating_hits_2;strong_file_logging_hits_2;telemetry_or_network_hits_2","C:\realDesktop\manifest-evaluations\summer-26\ghidra-pipeline\il2cpp-files\vrfs\general-structure-results\70_high_general_structure_review_high\0441c510_Newtonsoft.Json.JsonSerializer$$get_Context.c"
"Newtonsoft.Json.JsonSerializer$$set_CheckAdditionalContent","0441c60c","73","70_high_general_structure_review_high","no","unrelated_or_generic_structure","app_or_custom_namespace","","validity_gate;data_collection;telemetry","validity_or_gating_hits_1;strong_file_logging_hits_2;telemetry_or_network_hits_2","C:\realDesktop\manifest-evaluations\summer-26\ghidra-pipeline\il2cpp-files\vrfs\general-structure-results\70_high_general_structure_review_high\0441c60c_Newtonsoft.Json.JsonSerializer$$set_CheckAdditionalContent.c"
"Newtonsoft.Json.JsonSerializer$$CreateDefault","0441cf88","76","70_high_general_structure_review_high","no","unrelated_or_generic_structure","app_or_custom_namespace","","validity_gate;data_collection;telemetry","validity_or_gating_hits_2;strong_file_logging_hits_2;telemetry_or_network_hits_2","C:\realDesktop\manifest-evaluations\summer-26\ghidra-pipeline\il2cpp-files\vrfs\general-structure-results\70_high_general_structure_review_high\0441cf88_Newtonsoft.Json.JsonSerializer$$CreateDefault.c"
"Newtonsoft.Json.JsonSerializerSettings$$get_TypeNameAssemblyFormatHandling","0441d0a4","82","70_high_general_structure_review_high","no","unrelated_or_generic_structure","app_or_custom_namespace","","validity_gate;data_collection;telemetry","validity_or_gating_hits_8;strong_file_logging_hits_2;telemetry_or_network_hits_2","C:\realDesktop\manifest-evaluations\summer-26\ghidra-pipeline\il2cpp-files\vrfs\general-structure-results\70_high_general_structure_review_high\0441d0a4_Newtonsoft.Json.JsonSerializerSettings$$get_TypeNameAssemblyFormatHandling.c"
"Newtonsoft.Json.JsonSerializerSettings$$get_PreserveReferencesHandling","0441d0e0","82","70_high_general_structure_review_high","no","unrelated_or_generic_structure","app_or_custom_namespace","","validity_gate;data_collection;telemetry","validity_or_gating_hits_7;strong_file_logging_hits_2;telemetry_or_network_hits_2","C:\realDesktop\manifest-evaluations\summer-26\ghidra-pipeline\il2cpp-files\vrfs\general-structure-results\70_high_general_structure_review_high\0441d0e0_Newtonsoft.Json.JsonSerializerSettings$$get_PreserveReferencesHandling.c"
"Newtonsoft.Json.JsonSerializerSettings$$get_ReferenceLoopHandling","0441d11c","82","70_high_general_structure_review_high","no","unrelated_or_generic_structure","app_or_custom_namespace","","validity_gate;data_collection;telemetry","validity_or_gating_hits_6;strong_file_logging_hits_2;telemetry_or_network_hits_2","C:\realDesktop\manifest-evaluations\summer-26\ghidra-pipeline\il2cpp-files\vrfs\general-structure-results\70_high_general_structure_review_high\0441d11c_Newtonsoft.Json.JsonSerializerSettings$$get_ReferenceLoopHandling.c"
"Newtonsoft.Json.JsonSerializerSettings$$get_MissingMemberHandling","0441d158","82","70_high_general_structure_review_high","no","unrelated_or_generic_structure","app_or_custom_namespace","","validity_gate;data_collection;telemetry","validity_or_gating_hits_6;strong_file_logging_hits_2;telemetry_or_network_hits_2","C:\realDesktop\manifest-evaluations\summer-26\ghidra-pipeline\il2cpp-files\vrfs\general-structure-results\70_high_general_structure_review_high\0441d158_Newtonsoft.Json.JsonSerializerSettings$$get_MissingMemberHandling.c"
"Newtonsoft.Json.JsonSerializerSettings$$get_ObjectCreationHandling","0441d194","73","70_high_general_structure_review_high","no","unrelated_or_generic_structure","app_or_custom_namespace","","validity_gate;data_collection;telemetry","validity_or_gating_hits_1;strong_file_logging_hits_2;telemetry_or_network_hits_2","C:\realDesktop\manifest-evaluations\summer-26\ghidra-pipeline\il2cpp-files\vrfs\general-structure-results\70_high_general_structure_review_high\0441d194_Newtonsoft.Json.JsonSerializerSettings$$get_ObjectCreationHandling.c"
"Newtonsoft.Json.JsonSerializerSettings$$get_DefaultValueHandling","0441d20c","82","70_high_general_structure_review_high","no","unrelated_or_generic_structure","app_or_custom_namespace","","validity_gate;data_collection;telemetry","validity_or_gating_hits_4;strong_file_logging_hits_2;telemetry_or_network_hits_2","C:\realDesktop\manifest-evaluations\summer-26\ghidra-pipeline\il2cpp-files\vrfs\general-structure-results\70_high_general_structure_review_high\0441d20c_Newtonsoft.Json.JsonSerializerSettings$$get_DefaultValueHandling.c"
"Newtonsoft.Json.JsonSerializerSettings$$get_ConstructorHandling","0441d248","82","70_high_general_structure_review_high","no","unrelated_or_generic_structure","app_or_custom_namespace","","validity_gate;data_collection;telemetry","validity_or_gating_hits_4;strong_file_logging_hits_2;telemetry_or_network_hits_2","C:\realDesktop\manifest-evaluations\summer-26\ghidra-pipeline\il2cpp-files\vrfs\general-structure-results\70_high_general_structure_review_high\0441d248_Newtonsoft.Json.JsonSerializerSettings$$get_ConstructorHandling.c"
"Newtonsoft.Json.JsonSerializerSettings$$get_Context","0441d284","82","70_high_general_structure_review_high","no","unrelated_or_generic_structure","app_or_custom_namespace","","validity_gate;data_collection;telemetry","validity_or_gating_hits_4;strong_file_logging_hits_2;telemetry_or_network_hits_2","C:\realDesktop\manifest-evaluations\summer-26\ghidra-pipeline\il2cpp-files\vrfs\general-structure-results\70_high_general_structure_review_high\0441d284_Newtonsoft.Json.JsonSerializerSettings$$get_Context.c"
"Newtonsoft.Json.JsonSerializer$$SetupReader","0441d59c","73","70_high_general_structure_review_high","no","unrelated_or_generic_structure","app_or_custom_namespace","","validity_gate;data_collection;telemetry","validity_or_gating_hits_1;strong_file_logging_hits_2;telemetry_or_network_hits_2","C:\realDesktop\manifest-evaluations\summer-26\ghidra-pipeline\il2cpp-files\vrfs\general-structure-results\70_high_general_structure_review_high\0441d59c_Newtonsoft.Json.JsonSerializer$$SetupReader.c"
"Newtonsoft.Json.JsonSerializer$$ResetReader","0441d9f0","73","70_high_general_structure_review_high","no","unrelated_or_generic_structure","app_or_custom_namespace","","validity_gate;data_collection;telemetry","validity_or_gating_hits_1;strong_file_logging_hits_2;telemetry_or_network_hits_2","C:\realDesktop\manifest-evaluations\summer-26\ghidra-pipeline\il2cpp-files\vrfs\general-structure-results\70_high_general_structure_review_high\0441d9f0_Newtonsoft.Json.JsonSerializer$$ResetReader.c"
"Newtonsoft.Json.JsonSerializer$$DeserializeInternal","0441dc14","78","70_high_general_structure_review_high","no","unrelated_or_generic_structure","app_or_custom_namespace","","validity_gate;data_collection;telemetry","validity_or_gating_hits_1;strong_file_logging_hits_2;telemetry_or_network_hits_4","C:\realDesktop\manifest-evaluations\summer-26\ghidra-pipeline\il2cpp-files\vrfs\general-structure-results\70_high_general_structure_review_high\0441dc14_Newtonsoft.Json.JsonSerializer$$DeserializeInternal.c"
"Newtonsoft.Json.JsonSerializer$$Serialize","0441de88","84","70_high_general_structure_review_high","no","unrelated_or_generic_structure","app_or_custom_namespace","","validity_gate;data_collection;telemetry","validity_or_gating_hits_3;strong_file_logging_hits_2;telemetry_or_network_hits_4","C:\realDesktop\manifest-evaluations\summer-26\ghidra-pipeline\il2cpp-files\vrfs\general-structure-results\70_high_general_structure_review_high\0441de88_Newtonsoft.Json.JsonSerializer$$Serialize.c"
"Newtonsoft.Json.JsonSerializer$$SerializeInternal","0441de9c","81","70_high_general_structure_review_high","no","unrelated_or_generic_structure","app_or_custom_namespace","","validity_gate;data_collection;telemetry","validity_or_gating_hits_2;strong_file_logging_hits_2;telemetry_or_network_hits_4","C:\realDesktop\manifest-evaluations\summer-26\ghidra-pipeline\il2cpp-files\vrfs\general-structure-results\70_high_general_structure_review_high\0441de9c_Newtonsoft.Json.JsonSerializer$$SerializeInternal.c"
"Newtonsoft.Json.JsonSerializerSettings$$set_Formatting","0441e778","73","70_high_general_structure_review_high","no","unrelated_or_generic_structure","app_or_custom_namespace","","validity_gate;data_collection;telemetry","validity_or_gating_hits_1;strong_file_logging_hits_2;telemetry_or_network_hits_2","C:\realDesktop\manifest-evaluations\summer-26\ghidra-pipeline\il2cpp-files\vrfs\general-structure-results\70_high_general_structure_review_high\0441e778_Newtonsoft.Json.JsonSerializerSettings$$set_Formatting.c"
"Newtonsoft.Json.JsonSerializerSettings$$.cctor","0441e7e0","73","70_high_general_structure_review_high","no","unrelated_or_generic_structure","app_or_custom_namespace","","validity_gate;data_collection;telemetry","validity_or_gating_hits_1;strong_file_logging_hits_2;telemetry_or_network_hits_2","C:\realDesktop\manifest-evaluations\summer-26\ghidra-pipeline\il2cpp-files\vrfs\general-structure-results\70_high_general_structure_review_high\0441e7e0_Newtonsoft.Json.JsonSerializerSettings$$.cctor.c"
"Newtonsoft.Json.JsonSerializerSettings$$.ctor","0441e868","73","70_high_general_structure_review_high","no","unrelated_or_generic_structure","app_or_custom_namespace","","validity_gate;data_collection;telemetry","validity_or_gating_hits_1;strong_file_logging_hits_2;telemetry_or_network_hits_2","C:\realDesktop\manifest-evaluations\summer-26\ghidra-pipeline\il2cpp-files\vrfs\general-structure-results\70_high_general_structure_review_high\0441e868_Newtonsoft.Json.JsonSerializerSettings$$.ctor.c"
"Newtonsoft.Json.JsonTextReader.<ParsePostValueAsync>d__4$$MoveNext","04426fb8","73","70_high_general_structure_review_high","no","unrelated_or_generic_structure","app_or_custom_namespace","","validity_gate;data_collection;telemetry","validity_or_gating_hits_1;strong_file_logging_hits_2;telemetry_or_network_hits_2","C:\realDesktop\manifest-evaluations\summer-26\ghidra-pipeline\il2cpp-files\vrfs\general-structure-results\70_high_general_structure_review_high\04426fb8_Newtonsoft.Json.JsonTextReader._ParsePostValueAsync_d__4$$MoveNext.c"
"Newtonsoft.Json.JsonTextReader.<ParsePostValueAsync>d__4$$SetStateMachine","04427614","76","70_high_general_structure_review_high","no","unrelated_or_generic_structure","app_or_custom_namespace","","validity_gate;data_collection;telemetry","validity_or_gating_hits_2;strong_file_logging_hits_2;telemetry_or_network_hits_2","C:\realDesktop\manifest-evaluations\summer-26\ghidra-pipeline\il2cpp-files\vrfs\general-structure-results\70_high_general_structure_review_high\04427614_Newtonsoft.Json.JsonTextReader._ParsePostValueAsync_d__4$$SetStateMachine.c"
"System.Array$$IndexOf<OVRPassthroughLayer.SerializedSurfaceGeometry>","0442bfa4","74","70_high_general_structure_review_high","no","unrelated_or_generic_structure","framework_namespace_with_project_hint","","validity_gate;pose_vector;telemetry","validity_or_gating_hits_8;strong_pose_or_ray_construction_hits_2;telemetry_or_network_hits_2","C:\realDesktop\manifest-evaluations\summer-26\ghidra-pipeline\il2cpp-files\vrfs\general-structure-results\70_high_general_structure_review_high\0442bfa4_System.Array$$IndexOf_OVRPassthroughLayer.SerializedSurfaceGeometry_.c"
"FUN_04456298","04456298","87","70_high_uncertain_eye_setup_high","uncertain","eye_tracking_capability_present","app_or_custom_namespace","setup_only","eye_source;weak_source_state;validity_gate;pose_vector","strong_eye_source_hits_1;weak_xr_or_state_hits_1;validity_or_gating_hits_6;strong_pose_or_ray_construction_hits_2;functionality_eye_api_context_without_clear_sink_hits_1","C:\realDesktop\manifest-evaluations\summer-26\ghidra-pipeline\il2cpp-files\vrfs\general-structure-results\70_high_uncertain_eye_setup_high\04456298_FUN_04456298.c"
"FUN_04457ad8","04457ad8","87","70_high_uncertain_eye_setup_high","uncertain","eye_tracking_capability_present","app_or_custom_namespace","setup_only","eye_source;weak_source_state;validity_gate;pose_vector","strong_eye_source_hits_1;weak_xr_or_state_hits_1;validity_or_gating_hits_19;strong_pose_or_ray_construction_hits_2;functionality_eye_api_context_without_clear_sink_hits_1","C:\realDesktop\manifest-evaluations\summer-26\ghidra-pipeline\il2cpp-files\vrfs\general-structure-results\70_high_uncertain_eye_setup_high\04457ad8_FUN_04457ad8.c"
"FUN_04458d10","04458d10","85","70_high_uncertain_eye_setup_high","uncertain","eye_tracking_capability_present","app_or_custom_namespace","setup_only","eye_source;weak_source_state;validity_gate;paired_state_refs;frame_behavior","strong_eye_source_hits_1;weak_xr_or_state_hits_1;validity_or_gating_hits_21;paired_field_refs_with_eye_source;frame_or_lifecycle_behavior;functionality_eye_api_context_without_clear_sink_hits_1","C:\realDesktop\manifest-evaluations\summer-26\ghidra-pipeline\il2cpp-files\vrfs\general-structure-results\70_high_uncertain_eye_setup_high\04458d10_FUN_04458d10.c"
"FUN_044600e8","044600e8","87","70_high_uncertain_eye_setup_high","uncertain","eye_tracking_capability_present","app_or_custom_namespace","setup_only","eye_source;weak_source_state;validity_gate;pose_vector","strong_eye_source_hits_1;weak_xr_or_state_hits_1;validity_or_gating_hits_9;strong_pose_or_ray_construction_hits_2;functionality_eye_api_context_without_clear_sink_hits_1","C:\realDesktop\manifest-evaluations\summer-26\ghidra-pipeline\il2cpp-files\vrfs\general-structure-results\70_high_uncertain_eye_setup_high\044600e8_FUN_044600e8.c"
"Newtonsoft.Json.JsonConverter<Vector3>$$.ctor","047f50f4","70","70_high_general_structure_review_high","no","unrelated_or_generic_structure","app_or_custom_namespace","","validity_gate;pose_vector;data_collection","validity_or_gating_hits_6;strong_pose_or_ray_construction_hits_2;strong_file_logging_hits_2","C:\realDesktop\manifest-evaluations\summer-26\ghidra-pipeline\il2cpp-files\vrfs\general-structure-results\70_high_general_structure_review_high\047f50f4_Newtonsoft.Json.JsonConverter_Vector3_$$.ctor.c"
"Meta.XR.MRUtilityKit.MRUKAnchor$$Raycast","048284dc","74","70_high_uncertain_eye_setup_high","uncertain","eye_tracking_capability_present","app_or_custom_namespace","setup_only","eye_source;validity_gate;ray_interaction","strong_eye_source_hits_1;validity_or_gating_hits_2;ray_or_cast_sink_hits_2;functionality_eye_api_context_without_clear_sink_hits_1","C:\realDesktop\manifest-evaluations\summer-26\ghidra-pipeline\il2cpp-files\vrfs\general-structure-results\70_high_uncertain_eye_setup_high\048284dc_Meta.XR.MRUtilityKit.MRUKAnchor$$Raycast.c"
"Meta.XR.MRUtilityKit.MRUKAnchor$$GetClosestSurfacePosition","04828f8c","86","70_high_uncertain_gaze_or_xr_structure_high","uncertain","eye_tracking_capability_present","app_or_custom_namespace","data_collection_or_telemetry","eye_source;pose_vector;data_collection","strong_eye_source_hits_1;strong_pose_or_ray_construction_hits_2;strong_file_logging_hits_2;functionality_data_collection_or_telemetry_hits_2","C:\realDesktop\manifest-evaluations\summer-26\ghidra-pipeline\il2cpp-files\vrfs\general-structure-results\70_high_uncertain_gaze_or_xr_structure_high\04828f8c_Meta.XR.MRUtilityKit.MRUKAnchor$$GetClosestSurfacePosition.c"
"Meta.XR.MRUtilityKit.MRUKAnchor$$GetClosestSurfacePosition","04828fb0","86","70_high_uncertain_gaze_or_xr_structure_high","uncertain","eye_tracking_capability_present","app_or_custom_namespace","data_collection_or_telemetry","eye_source;pose_vector;data_collection","strong_eye_source_hits_1;strong_pose_or_ray_construction_hits_2;strong_file_logging_hits_2;functionality_data_collection_or_telemetry_hits_2","C:\realDesktop\manifest-evaluations\summer-26\ghidra-pipeline\il2cpp-files\vrfs\general-structure-results\70_high_uncertain_gaze_or_xr_structure_high\04828fb0_Meta.XR.MRUtilityKit.MRUKAnchor$$GetClosestSurfacePosition.c"
"Meta.XR.MRUtilityKit.MRUKAnchor$$GetAnchorCenter","04829878","72","70_high_uncertain_eye_setup_high","uncertain","eye_tracking_capability_present","app_or_custom_namespace","setup_only","eye_source;validity_gate;paired_state_refs","strong_eye_source_hits_1;validity_or_gating_hits_21;paired_field_refs_with_eye_source;functionality_eye_api_context_without_clear_sink_hits_1","C:\realDesktop\manifest-evaluations\summer-26\ghidra-pipeline\il2cpp-files\vrfs\general-structure-results\70_high_uncertain_eye_setup_high\04829878_Meta.XR.MRUtilityKit.MRUKAnchor$$GetAnchorCenter.c"
"Meta.XR.MRUtilityKit.MRUKAnchor$$GetBoundsFaceCenters","04829ad8","104","90_plus_uncertain_gaze_or_xr_structure_near_certain","uncertain","eye_tracking_capability_present","app_or_custom_namespace","data_collection_or_telemetry","eye_source;validity_gate;paired_state_refs;telemetry","strong_eye_source_hits_1;validity_or_gating_hits_4;paired_field_refs_with_eye_source;telemetry_or_network_hits_2;functionality_data_collection_or_telemetry_hits_2","C:\realDesktop\manifest-evaluations\summer-26\ghidra-pipeline\il2cpp-files\vrfs\general-structure-results\90_plus_uncertain_gaze_or_xr_structure_near_certain\04829ad8_Meta.XR.MRUtilityKit.MRUKAnchor$$GetBoundsFaceCenters.c"
"Meta.XR.MRUtilityKit.MRUKAnchor$$IsPositionInVolume","04829e54","72","70_high_uncertain_eye_setup_high","uncertain","eye_tracking_capability_present","app_or_custom_namespace","setup_only","eye_source;validity_gate;paired_state_refs","strong_eye_source_hits_1;validity_or_gating_hits_12;paired_field_refs_with_eye_source;functionality_eye_api_context_without_clear_sink_hits_1","C:\realDesktop\manifest-evaluations\summer-26\ghidra-pipeline\il2cpp-files\vrfs\general-structure-results\70_high_uncertain_eye_setup_high\04829e54_Meta.XR.MRUtilityKit.MRUKAnchor$$IsPositionInVolume.c"
"Meta.XR.MRUtilityKit.MRUKAnchor$$HasAnyLabel","04829fbc","72","70_high_uncertain_eye_setup_high","uncertain","eye_tracking_capability_present","app_or_custom_namespace","setup_only","eye_source;validity_gate;paired_state_refs","strong_eye_source_hits_1;validity_or_gating_hits_13;paired_field_refs_with_eye_source;functionality_eye_api_context_without_clear_sink_hits_1","C:\realDesktop\manifest-evaluations\summer-26\ghidra-pipeline\il2cpp-files\vrfs\general-structure-results\70_high_uncertain_eye_setup_high\04829fbc_Meta.XR.MRUtilityKit.MRUKAnchor$$HasAnyLabel.c"
"Meta.XR.MRUtilityKit.MRUKAnchor$$HasLabel","04829fcc","72","70_high_uncertain_eye_setup_high","uncertain","eye_tracking_capability_present","app_or_custom_namespace","setup_only","eye_source;validity_gate;paired_state_refs","strong_eye_source_hits_1;validity_or_gating_hits_13;paired_field_refs_with_eye_source;functionality_eye_api_context_without_clear_sink_hits_1","C:\realDesktop\manifest-evaluations\summer-26\ghidra-pipeline\il2cpp-files\vrfs\general-structure-results\70_high_uncertain_eye_setup_high\04829fcc_Meta.XR.MRUtilityKit.MRUKAnchor$$HasLabel.c"
"Meta.XR.MRUtilityKit.MRUKAnchor$$HasAnyLabel","0482a040","72","70_high_uncertain_eye_setup_high","uncertain","eye_tracking_capability_present","app_or_custom_namespace","setup_only","eye_source;validity_gate;paired_state_refs","strong_eye_source_hits_1;validity_or_gating_hits_13;paired_field_refs_with_eye_source;functionality_eye_api_context_without_clear_sink_hits_1","C:\realDesktop\manifest-evaluations\summer-26\ghidra-pipeline\il2cpp-files\vrfs\general-structure-results\70_high_uncertain_eye_setup_high\0482a040_Meta.XR.MRUtilityKit.MRUKAnchor$$HasAnyLabel.c"
"Meta.XR.MRUtilityKit.MRUKRoom$$RegisterAnchorUpdatedCallback","0482a6ac","93","90_plus_uncertain_gaze_or_xr_structure_near_certain","uncertain","eye_tracking_capability_present","app_or_custom_namespace","data_collection_or_telemetry","eye_source;validity_gate;telemetry;frame_behavior","strong_eye_source_hits_1;validity_or_gating_hits_6;telemetry_or_network_hits_1;frame_or_lifecycle_behavior;functionality_data_collection_or_telemetry_hits_1","C:\realDesktop\manifest-evaluations\summer-26\ghidra-pipeline\il2cpp-files\vrfs\general-structure-results\90_plus_uncertain_gaze_or_xr_structure_near_certain\0482a6ac_Meta.XR.MRUtilityKit.MRUKRoom$$RegisterAnchorUpdatedCallback.c"
"Meta.XR.MRUtilityKit.MRUKRoom$$RegisterAnchorRemovedCallback","0482a704","87","70_high_uncertain_gaze_or_xr_structure_high","uncertain","eye_tracking_capability_present","app_or_custom_namespace","data_collection_or_telemetry","eye_source;validity_gate;telemetry","strong_eye_source_hits_1;validity_or_gating_hits_6;telemetry_or_network_hits_1;functionality_data_collection_or_telemetry_hits_1","C:\realDesktop\manifest-evaluations\summer-26\ghidra-pipeline\il2cpp-files\vrfs\general-structure-results\70_high_uncertain_gaze_or_xr_structure_high\0482a704_Meta.XR.MRUtilityKit.MRUKRoom$$RegisterAnchorRemovedCallback.c"
"Meta.XR.MRUtilityKit.MRUKRoom$$UnRegisterAnchorCreatedCallback","0482a75c","87","70_high_uncertain_gaze_or_xr_structure_high","uncertain","eye_tracking_capability_present","app_or_custom_namespace","data_collection_or_telemetry","eye_source;validity_gate;telemetry","strong_eye_source_hits_1;validity_or_gating_hits_5;telemetry_or_network_hits_1;functionality_data_collection_or_telemetry_hits_1","C:\realDesktop\manifest-evaluations\summer-26\ghidra-pipeline\il2cpp-files\vrfs\general-structure-results\70_high_uncertain_gaze_or_xr_structure_high\0482a75c_Meta.XR.MRUtilityKit.MRUKRoom$$UnRegisterAnchorCreatedCallback.c"
"Meta.XR.MRUtilityKit.MRUKRoom$$UnRegisterAnchorUpdatedCallback","0482a7b4","78","70_high_uncertain_eye_setup_high","uncertain","eye_tracking_capability_present","app_or_custom_namespace","setup_only","eye_source;validity_gate;paired_state_refs;frame_behavior","strong_eye_source_hits_1;validity_or_gating_hits_4;paired_field_refs_with_eye_source;frame_or_lifecycle_behavior;functionality_eye_api_context_without_clear_sink_hits_1","C:\realDesktop\manifest-evaluations\summer-26\ghidra-pipeline\il2cpp-files\vrfs\general-structure-results\70_high_uncertain_eye_setup_high\0482a7b4_Meta.XR.MRUtilityKit.MRUKRoom$$UnRegisterAnchorUpdatedCallback.c"
"Meta.XR.MRUtilityKit.MRUKRoom$$pwi","0482b7a0","78","70_high_uncertain_eye_setup_high","uncertain","eye_tracking_capability_present","app_or_custom_namespace","setup_only","eye_source;validity_gate;paired_state_refs;frame_behavior","strong_eye_source_hits_1;validity_or_gating_hits_19;paired_field_refs_with_eye_source;frame_or_lifecycle_behavior;functionality_eye_api_context_without_clear_sink_hits_1","C:\realDesktop\manifest-evaluations\summer-26\ghidra-pipeline\il2cpp-files\vrfs\general-structure-results\70_high_uncertain_eye_setup_high\0482b7a0_Meta.XR.MRUtilityKit.MRUKRoom$$pwi.c"
"Meta.XR.MRUtilityKit.MRUKRoom$$GetFacingDirection","0482c300","74","70_high_uncertain_gaze_or_xr_structure_high","uncertain","eye_tracking_capability_present","app_or_custom_namespace","gaze_retrieval","eye_source;validity_gate;pose_vector","strong_eye_source_hits_1;validity_or_gating_hits_2;strong_pose_or_ray_construction_hits_2;functionality_gaze_retrieval_or_extraction","C:\realDesktop\manifest-evaluations\summer-26\ghidra-pipeline\il2cpp-files\vrfs\general-structure-results\70_high_uncertain_gaze_or_xr_structure_high\0482c300_Meta.XR.MRUtilityKit.MRUKRoom$$GetFacingDirection.c"
"Meta.XR.MRUtilityKit.MRUKRoom$$RaycastAll","0482cdd8","74","70_high_uncertain_eye_setup_high","uncertain","eye_tracking_capability_present","app_or_custom_namespace","setup_only","eye_source;validity_gate;ray_interaction","strong_eye_source_hits_1;validity_or_gating_hits_2;ray_or_cast_sink_hits_2;functionality_eye_api_context_without_clear_sink_hits_1","C:\realDesktop\manifest-evaluations\summer-26\ghidra-pipeline\il2cpp-files\vrfs\general-structure-results\70_high_uncertain_eye_setup_high\0482cdd8_Meta.XR.MRUtilityKit.MRUKRoom$$RaycastAll.c"
"Meta.XR.MRUtilityKit.MRUKRoom$$Raycast","0482d0a0","71","70_high_uncertain_eye_setup_high","uncertain","eye_tracking_capability_present","app_or_custom_namespace","setup_only","eye_source;validity_gate;ray_interaction","strong_eye_source_hits_1;validity_or_gating_hits_1;ray_or_cast_sink_hits_2;functionality_eye_api_context_without_clear_sink_hits_1","C:\realDesktop\manifest-evaluations\summer-26\ghidra-pipeline\il2cpp-files\vrfs\general-structure-results\70_high_uncertain_eye_setup_high\0482d0a0_Meta.XR.MRUtilityKit.MRUKRoom$$Raycast.c"
"Meta.XR.MRUtilityKit.MRUKRoom$$Raycast","0482d230","80","70_high_uncertain_eye_setup_high","uncertain","eye_tracking_capability_present","app_or_custom_namespace","setup_only","eye_source;validity_gate;ray_interaction","strong_eye_source_hits_1;validity_or_gating_hits_21;ray_or_cast_sink_hits_2;functionality_eye_api_context_without_clear_sink_hits_1","C:\realDesktop\manifest-evaluations\summer-26\ghidra-pipeline\il2cpp-files\vrfs\general-structure-results\70_high_uncertain_eye_setup_high\0482d230_Meta.XR.MRUtilityKit.MRUKRoom$$Raycast.c"
"Meta.XR.MRUtilityKit.MRUKRoom$$Raycast","0482d270","80","70_high_uncertain_eye_setup_high","uncertain","eye_tracking_capability_present","app_or_custom_namespace","setup_only","eye_source;validity_gate;ray_interaction","strong_eye_source_hits_1;validity_or_gating_hits_18;ray_or_cast_sink_hits_2;functionality_eye_api_context_without_clear_sink_hits_1","C:\realDesktop\manifest-evaluations\summer-26\ghidra-pipeline\il2cpp-files\vrfs\general-structure-results\70_high_uncertain_eye_setup_high\0482d270_Meta.XR.MRUtilityKit.MRUKRoom$$Raycast.c"
"Meta.XR.MRUtilityKit.MRUKRoom$$Raycast","0482d2a8","80","70_high_uncertain_eye_setup_high","uncertain","eye_tracking_capability_present","app_or_custom_namespace","setup_only","eye_source;validity_gate;ray_interaction","strong_eye_source_hits_1;validity_or_gating_hits_18;ray_or_cast_sink_hits_2;functionality_eye_api_context_without_clear_sink_hits_1","C:\realDesktop\manifest-evaluations\summer-26\ghidra-pipeline\il2cpp-files\vrfs\general-structure-results\70_high_uncertain_eye_setup_high\0482d2a8_Meta.XR.MRUtilityKit.MRUKRoom$$Raycast.c"
"Meta.XR.MRUtilityKit.MRUKRoom$$GetBestPoseFromRaycast","0482d2e8","89","70_high_uncertain_eye_setup_high","uncertain","eye_tracking_capability_present","app_or_custom_namespace","setup_only","eye_source;weak_source_state;validity_gate;ray_interaction","strong_eye_source_hits_1;weak_xr_or_state_hits_2;validity_or_gating_hits_17;ray_or_cast_sink_hits_2;functionality_eye_api_context_without_clear_sink_hits_1","C:\realDesktop\manifest-evaluations\summer-26\ghidra-pipeline\il2cpp-files\vrfs\general-structure-results\70_high_uncertain_eye_setup_high\0482d2e8_Meta.XR.MRUtilityKit.MRUKRoom$$GetBestPoseFromRaycast.c"
"Meta.XR.MRUtilityKit.MRUKRoom$$GetBestPoseFromRaycast","0482dc60","101","90_plus_uncertain_eye_setup_near_certain","uncertain","eye_tracking_capability_present","app_or_custom_namespace","setup_only","eye_source;weak_source_state;validity_gate;paired_state_refs;ray_interaction","strong_eye_source_hits_1;weak_xr_or_state_hits_2;validity_or_gating_hits_11;paired_field_refs_with_eye_source;ray_or_cast_sink_hits_2;functionality_eye_api_context_without_clear_sink_hits_1","C:\realDesktop\manifest-evaluations\summer-26\ghidra-pipeline\il2cpp-files\vrfs\general-structure-results\90_plus_uncertain_eye_setup_near_certain\0482dc60_Meta.XR.MRUtilityKit.MRUKRoom$$GetBestPoseFromRaycast.c"
"Meta.XR.MRUtilityKit.MRUKRoom$$IsPositionInRoom","0482dcb8","72","70_high_uncertain_eye_setup_high","uncertain","eye_tracking_capability_present","app_or_custom_namespace","setup_only","eye_source;validity_gate;paired_state_refs","strong_eye_source_hits_1;validity_or_gating_hits_6;paired_field_refs_with_eye_source;functionality_eye_api_context_without_clear_sink_hits_1","C:\realDesktop\manifest-evaluations\summer-26\ghidra-pipeline\il2cpp-files\vrfs\general-structure-results\70_high_uncertain_eye_setup_high\0482dcb8_Meta.XR.MRUtilityKit.MRUKRoom$$IsPositionInRoom.c"
"Meta.XR.MRUtilityKit.MRUKRoom$$IsPositionInSceneVolume","0482e270","72","70_high_uncertain_eye_setup_high","uncertain","eye_tracking_capability_present","app_or_custom_namespace","setup_only","eye_source;validity_gate;paired_state_refs","strong_eye_source_hits_1;validity_or_gating_hits_14;paired_field_refs_with_eye_source;functionality_eye_api_context_without_clear_sink_hits_1","C:\realDesktop\manifest-evaluations\summer-26\ghidra-pipeline\il2cpp-files\vrfs\general-structure-results\70_high_uncertain_eye_setup_high\0482e270_Meta.XR.MRUtilityKit.MRUKRoom$$IsPositionInSceneVolume.c"
"Meta.XR.MRUtilityKit.MRUKRoom$$IsPositionInSceneVolume","0482e290","72","70_high_uncertain_eye_setup_high","uncertain","eye_tracking_capability_present","app_or_custom_namespace","setup_only","eye_source;validity_gate;paired_state_refs","strong_eye_source_hits_1;validity_or_gating_hits_13;paired_field_refs_with_eye_source;functionality_eye_api_context_without_clear_sink_hits_1","C:\realDesktop\manifest-evaluations\summer-26\ghidra-pipeline\il2cpp-files\vrfs\general-structure-results\70_high_uncertain_eye_setup_high\0482e290_Meta.XR.MRUtilityKit.MRUKRoom$$IsPositionInSceneVolume.c"
"Meta.XR.MRUtilityKit.MRUKRoom$$TryGetClosestSeatPose","0482e2b0","172","90_plus_uncertain_gaze_or_xr_structure_near_certain","uncertain","eye_tracking_capability_present","app_or_custom_namespace","data_collection_or_telemetry","eye_source;weak_source_state;validity_gate;pose_vector;paired_state_refs;data_collection;structure_combo","strong_eye_source_hits_1;weak_xr_or_state_hits_2;validity_or_gating_hits_13;strong_pose_or_ray_construction_hits_2;paired_field_refs_with_eye_source;strong_file_logging_hits_2;source_validity_pose_sink_structure;strong_eye_source_validity_pose_sink_structure;functionality_data_collection_or_telemetry_hits_2","C:\realDesktop\manifest-evaluations\summer-26\ghidra-pipeline\il2cpp-files\vrfs\general-structure-results\90_plus_uncertain_gaze_or_xr_structure_near_certain\0482e2b0_Meta.XR.MRUtilityKit.MRUKRoom$$TryGetClosestSeatPose.c"
"Meta.XR.MRUtilityKit.MRUKRoom$$TryGetClosestSurfacePosition","0482eda8","151","90_plus_uncertain_gaze_or_xr_structure_near_certain","uncertain","eye_tracking_capability_present","app_or_custom_namespace","data_collection_or_telemetry","eye_source;validity_gate;pose_vector;data_collection;structure_combo","strong_eye_source_hits_1;validity_or_gating_hits_9;strong_pose_or_ray_construction_hits_2;strong_file_logging_hits_2;source_validity_pose_sink_structure;strong_eye_source_validity_pose_sink_structure;functionality_data_collection_or_telemetry_hits_2","C:\realDesktop\manifest-evaluations\summer-26\ghidra-pipeline\il2cpp-files\vrfs\general-structure-results\90_plus_uncertain_gaze_or_xr_structure_near_certain\0482eda8_Meta.XR.MRUtilityKit.MRUKRoom$$TryGetClosestSurfacePosition.c"
"Meta.XR.MRUtilityKit.MRUKRoom$$GenerateRandomPositionInRoom","0482f250","72","70_high_uncertain_eye_setup_high","uncertain","eye_tracking_capability_present","app_or_custom_namespace","setup_only","eye_source;validity_gate;paired_state_refs","strong_eye_source_hits_1;validity_or_gating_hits_6;paired_field_refs_with_eye_source;functionality_eye_api_context_without_clear_sink_hits_1","C:\realDesktop\manifest-evaluations\summer-26\ghidra-pipeline\il2cpp-files\vrfs\general-structure-results\70_high_uncertain_eye_setup_high\0482f250_Meta.XR.MRUtilityKit.MRUKRoom$$GenerateRandomPositionInRoom.c"
"Meta.XR.MRUtilityKit.SceneDebugger$$GetClosestSeatPoseDebugger","04834c84","75","70_high_uncertain_gaze_or_xr_structure_high","uncertain","eye_tracking_capability_present","app_or_custom_namespace","data_collection_or_telemetry","eye_source;weak_source_state;data_collection","strong_eye_source_hits_1;weak_xr_or_state_hits_2;strong_file_logging_hits_2;functionality_data_collection_or_telemetry_hits_2","C:\realDesktop\manifest-evaluations\summer-26\ghidra-pipeline\il2cpp-files\vrfs\general-structure-results\70_high_uncertain_gaze_or_xr_structure_high\04834c84_Meta.XR.MRUtilityKit.SceneDebugger$$GetClosestSeatPoseDebugger.c"
"Meta.XR.MRUtilityKit.SceneDebugger$$GetBestPoseFromRaycastDebugger","048351ec","92","90_plus_uncertain_eye_setup_near_certain","uncertain","eye_tracking_capability_present","app_or_custom_namespace","setup_only","eye_source;weak_source_state;validity_gate;paired_state_refs;ray_interaction","strong_eye_source_hits_1;weak_xr_or_state_hits_2;validity_or_gating_hits_1;paired_field_refs_with_eye_source;ray_or_cast_sink_hits_2;functionality_eye_api_context_without_clear_sink_hits_1","C:\realDesktop\manifest-evaluations\summer-26\ghidra-pipeline\il2cpp-files\vrfs\general-structure-results\90_plus_uncertain_eye_setup_near_certain\048351ec_Meta.XR.MRUtilityKit.SceneDebugger$$GetBestPoseFromRaycastDebugger.c"
"FUN_048e5804","048e5804","78","70_high_uncertain_eye_setup_high","uncertain","eye_tracking_capability_present","app_or_custom_namespace","setup_only","eye_source;weak_source_state;validity_gate;pose_vector","strong_eye_source_hits_1;weak_xr_or_state_hits_1;validity_or_gating_hits_1;strong_pose_or_ray_construction_hits_2;functionality_eye_api_context_without_clear_sink_hits_1","C:\realDesktop\manifest-evaluations\summer-26\ghidra-pipeline\il2cpp-files\vrfs\general-structure-results\70_high_uncertain_eye_setup_high\048e5804_FUN_048e5804.c"
"System.Array.InternalEnumerator<OVRPlugin.Qpl.Annotation>$$Dispose","04c147e8","74","70_high_framework_support_only_high","uncertain","framework_support_only","framework_or_engine_namespace","setup_only","eye_source;weak_source_state;validity_gate;pose_vector","strong_eye_source_hits_2;weak_xr_or_state_hits_2;validity_or_gating_hits_1;strong_pose_or_ray_construction_hits_4;negative_framework_support_context_without_confirmed_app_level_gaze_flow;functionality_eye_api_context_without_clear_sink_hits_2","C:\realDesktop\manifest-evaluations\summer-26\ghidra-pipeline\il2cpp-files\vrfs\general-structure-results\70_high_framework_support_only_high\04c147e8_System.Array.InternalEnumerator_OVRPlugin.Qpl.Annotation_$$Dispose.c"
"Meta.XR.MRUtilityKit.SerializationHelpers$$Serialize","04c22cb0","70","70_high_uncertain_eye_setup_high","uncertain","eye_tracking_capability_present","app_or_custom_namespace","setup_only","eye_source;telemetry","strong_eye_source_hits_1;telemetry_or_network_hits_2;functionality_eye_api_context_without_clear_sink_hits_1","C:\realDesktop\manifest-evaluations\summer-26\ghidra-pipeline\il2cpp-files\vrfs\general-structure-results\70_high_uncertain_eye_setup_high\04c22cb0_Meta.XR.MRUtilityKit.SerializationHelpers$$Serialize.c"
"Meta.XR.MRUtilityKit.SerializationHelpers$$Deserialize","04c24370","83","70_high_uncertain_eye_setup_high","uncertain","eye_tracking_capability_present","app_or_custom_namespace","setup_only","eye_source;validity_gate;telemetry","strong_eye_source_hits_1;validity_or_gating_hits_1;telemetry_or_network_hits_2;functionality_eye_api_context_without_clear_sink_hits_1","C:\realDesktop\manifest-evaluations\summer-26\ghidra-pipeline\il2cpp-files\vrfs\general-structure-results\70_high_uncertain_eye_setup_high\04c24370_Meta.XR.MRUtilityKit.SerializationHelpers$$Deserialize.c"
"FUN_04ca1a5c","04ca1a5c","105","90_plus_uncertain_eye_setup_near_certain","uncertain","eye_tracking_capability_present","app_or_custom_namespace","setup_only","eye_source;weak_source_state;validity_gate;pose_vector;paired_state_refs;frame_behavior","strong_eye_source_hits_1;weak_xr_or_state_hits_1;validity_or_gating_hits_21;strong_pose_or_ray_construction_hits_2;paired_field_refs_with_eye_source;frame_or_lifecycle_behavior;functionality_eye_api_context_without_clear_sink_hits_1","C:\realDesktop\manifest-evaluations\summer-26\ghidra-pipeline\il2cpp-files\vrfs\general-structure-results\90_plus_uncertain_eye_setup_near_certain\04ca1a5c_FUN_04ca1a5c.c"
"System.ComponentModel.DoWorkEventHandler$$EndInvoke","04ca1a7c","142","90_plus_framework_support_only_near_certain","uncertain","framework_support_only","framework_or_engine_namespace","gaze_interaction","eye_source;weak_source_state;validity_gate;pose_vector;paired_state_refs;ui_interaction;frame_behavior;structure_combo","strong_eye_source_hits_1;weak_xr_or_state_hits_1;validity_or_gating_hits_21;strong_pose_or_ray_construction_hits_2;paired_field_refs_with_eye_source;ui_or_gameplay_sink_hits_2;frame_or_lifecycle_behavior;source_validity_pose_sink_structure;strong_eye_source_validity_pose_sink_structure;negative_framework_support_context_without_confirmed_app_level_gaze_flow;functionality_gaze_interaction_hits_2","C:\realDesktop\manifest-evaluations\summer-26\ghidra-pipeline\il2cpp-files\vrfs\general-structure-results\90_plus_framework_support_only_near_certain\04ca1a7c_System.ComponentModel.DoWorkEventHandler$$EndInvoke.c"
"System.ComponentModel.EnumConverter$$.ctor","04ca1a88","85","70_high_framework_support_only_high","uncertain","framework_support_only","framework_or_engine_namespace","setup_only","eye_source;weak_source_state;validity_gate;pose_vector;paired_state_refs;frame_behavior","strong_eye_source_hits_1;weak_xr_or_state_hits_1;validity_or_gating_hits_21;strong_pose_or_ray_construction_hits_2;paired_field_refs_with_eye_source;frame_or_lifecycle_behavior;negative_framework_support_context_without_confirmed_app_level_gaze_flow;functionality_eye_api_context_without_clear_sink_hits_1","C:\realDesktop\manifest-evaluations\summer-26\ghidra-pipeline\il2cpp-files\vrfs\general-structure-results\70_high_framework_support_only_high\04ca1a88_System.ComponentModel.EnumConverter$$.ctor.c"
"System.ComponentModel.EnumConverter$$get_EnumType","04ca1ab8","85","70_high_framework_support_only_high","uncertain","framework_support_only","framework_or_engine_namespace","setup_only","eye_source;weak_source_state;validity_gate;pose_vector;paired_state_refs;frame_behavior","strong_eye_source_hits_1;weak_xr_or_state_hits_1;validity_or_gating_hits_21;strong_pose_or_ray_construction_hits_2;paired_field_refs_with_eye_source;frame_or_lifecycle_behavior;negative_framework_support_context_without_confirmed_app_level_gaze_flow;functionality_eye_api_context_without_clear_sink_hits_1","C:\realDesktop\manifest-evaluations\summer-26\ghidra-pipeline\il2cpp-files\vrfs\general-structure-results\70_high_framework_support_only_high\04ca1ab8_System.ComponentModel.EnumConverter$$get_EnumType.c"
"System.ComponentModel.EnumConverter$$get_Values","04ca1ac0","85","70_high_framework_support_only_high","uncertain","framework_support_only","framework_or_engine_namespace","setup_only","eye_source;weak_source_state;validity_gate;pose_vector;paired_state_refs;frame_behavior","strong_eye_source_hits_1;weak_xr_or_state_hits_1;validity_or_gating_hits_21;strong_pose_or_ray_construction_hits_2;paired_field_refs_with_eye_source;frame_or_lifecycle_behavior;negative_framework_support_context_without_confirmed_app_level_gaze_flow;functionality_eye_api_context_without_clear_sink_hits_1","C:\realDesktop\manifest-evaluations\summer-26\ghidra-pipeline\il2cpp-files\vrfs\general-structure-results\70_high_framework_support_only_high\04ca1ac0_System.ComponentModel.EnumConverter$$get_Values.c"
"System.ComponentModel.EnumConverter$$set_Values","04ca1ac8","142","90_plus_framework_support_only_near_certain","uncertain","framework_support_only","framework_or_engine_namespace","setup_only","eye_source;weak_source_state;validity_gate;pose_vector;paired_state_refs;ui_interaction;frame_behavior;structure_combo","strong_eye_source_hits_1;weak_xr_or_state_hits_1;validity_or_gating_hits_21;strong_pose_or_ray_construction_hits_2;paired_field_refs_with_eye_source;ui_or_gameplay_sink_hits_2;frame_or_lifecycle_behavior;source_validity_pose_sink_structure;strong_eye_source_validity_pose_sink_structure;negative_framework_support_context_without_confirmed_app_level_gaze_flow;functionality_eye_api_context_without_clear_sink_hits_1","C:\realDesktop\manifest-evaluations\summer-26\ghidra-pipeline\il2cpp-files\vrfs\general-structure-results\90_plus_framework_support_only_near_certain\04ca1ac8_System.ComponentModel.EnumConverter$$set_Values.c"
"System.ComponentModel.EnumConverter$$CanConvertFrom","04ca1ad0","85","70_high_framework_support_only_high","uncertain","framework_support_only","framework_or_engine_namespace","setup_only","eye_source;weak_source_state;validity_gate;pose_vector;paired_state_refs;frame_behavior","strong_eye_source_hits_1;weak_xr_or_state_hits_1;validity_or_gating_hits_21;strong_pose_or_ray_construction_hits_2;paired_field_refs_with_eye_source;frame_or_lifecycle_behavior;negative_framework_support_context_without_confirmed_app_level_gaze_flow;functionality_eye_api_context_without_clear_sink_hits_1","C:\realDesktop\manifest-evaluations\summer-26\ghidra-pipeline\il2cpp-files\vrfs\general-structure-results\70_high_framework_support_only_high\04ca1ad0_System.ComponentModel.EnumConverter$$CanConvertFrom.c"
"System.ComponentModel.EnumConverter$$CanConvertTo","04ca1be0","85","70_high_framework_support_only_high","uncertain","framework_support_only","framework_or_engine_namespace","setup_only","eye_source;weak_source_state;validity_gate;pose_vector;paired_state_refs;frame_behavior","strong_eye_source_hits_1;weak_xr_or_state_hits_1;validity_or_gating_hits_21;strong_pose_or_ray_construction_hits_2;paired_field_refs_with_eye_source;frame_or_lifecycle_behavior;negative_framework_support_context_without_confirmed_app_level_gaze_flow;functionality_eye_api_context_without_clear_sink_hits_1","C:\realDesktop\manifest-evaluations\summer-26\ghidra-pipeline\il2cpp-files\vrfs\general-structure-results\70_high_framework_support_only_high\04ca1be0_System.ComponentModel.EnumConverter$$CanConvertTo.c"
"System.ComponentModel.EnumConverter$$get_Comparer","04ca1cf0","85","70_high_framework_support_only_high","uncertain","framework_support_only","framework_or_engine_namespace","setup_only","eye_source;weak_source_state;validity_gate;pose_vector;paired_state_refs;frame_behavior","strong_eye_source_hits_1;weak_xr_or_state_hits_1;validity_or_gating_hits_21;strong_pose_or_ray_construction_hits_2;paired_field_refs_with_eye_source;frame_or_lifecycle_behavior;negative_framework_support_context_without_confirmed_app_level_gaze_flow;functionality_eye_api_context_without_clear_sink_hits_1","C:\realDesktop\manifest-evaluations\summer-26\ghidra-pipeline\il2cpp-files\vrfs\general-structure-results\70_high_framework_support_only_high\04ca1cf0_System.ComponentModel.EnumConverter$$get_Comparer.c"
"System.ComponentModel.EnumConverter$$ConvertFrom","04ca1d48","85","70_high_framework_support_only_high","uncertain","framework_support_only","framework_or_engine_namespace","setup_only","eye_source;weak_source_state;validity_gate;pose_vector;paired_state_refs;frame_behavior","strong_eye_source_hits_1;weak_xr_or_state_hits_1;validity_or_gating_hits_21;strong_pose_or_ray_construction_hits_2;paired_field_refs_with_eye_source;frame_or_lifecycle_behavior;negative_framework_support_context_without_confirmed_app_level_gaze_flow;functionality_eye_api_context_without_clear_sink_hits_1","C:\realDesktop\manifest-evaluations\summer-26\ghidra-pipeline\il2cpp-files\vrfs\general-structure-results\70_high_framework_support_only_high\04ca1d48_System.ComponentModel.EnumConverter$$ConvertFrom.c"
"System.ComponentModel.EnumConverter$$ConvertTo","04ca2254","85","70_high_framework_support_only_high","uncertain","framework_support_only","framework_or_engine_namespace","setup_only","eye_source;weak_source_state;validity_gate;pose_vector;paired_state_refs;frame_behavior","strong_eye_source_hits_1;weak_xr_or_state_hits_1;validity_or_gating_hits_21;strong_pose_or_ray_construction_hits_2;paired_field_refs_with_eye_source;frame_or_lifecycle_behavior;negative_framework_support_context_without_confirmed_app_level_gaze_flow;functionality_eye_api_context_without_clear_sink_hits_1","C:\realDesktop\manifest-evaluations\summer-26\ghidra-pipeline\il2cpp-files\vrfs\general-structure-results\70_high_framework_support_only_high\04ca2254_System.ComponentModel.EnumConverter$$ConvertTo.c"
"System.ComponentModel.EnumConverter$$GetStandardValues","04ca3054","79","70_high_framework_support_only_high","uncertain","framework_support_only","framework_or_engine_namespace","setup_only","eye_source;weak_source_state;validity_gate;pose_vector;paired_state_refs","strong_eye_source_hits_1;weak_xr_or_state_hits_1;validity_or_gating_hits_21;strong_pose_or_ray_construction_hits_2;paired_field_refs_with_eye_source;negative_framework_support_context_without_confirmed_app_level_gaze_flow;functionality_eye_api_context_without_clear_sink_hits_1","C:\realDesktop\manifest-evaluations\summer-26\ghidra-pipeline\il2cpp-files\vrfs\general-structure-results\70_high_framework_support_only_high\04ca3054_System.ComponentModel.EnumConverter$$GetStandardValues.c"
"System.ComponentModel.EnumConverter$$GetStandardValuesExclusive","04ca345c","80","70_high_framework_support_only_high","uncertain","framework_support_only","framework_or_engine_namespace","setup_only","eye_source;weak_source_state;validity_gate;pose_vector;weak_pose_support;paired_state_refs","strong_eye_source_hits_1;weak_xr_or_state_hits_1;validity_or_gating_hits_21;strong_pose_or_ray_construction_hits_2;weak_vector_component_hits_1;paired_field_refs_with_eye_source;negative_framework_support_context_without_confirmed_app_level_gaze_flow;functionality_eye_api_context_without_clear_sink_hits_1","C:\realDesktop\manifest-evaluations\summer-26\ghidra-pipeline\il2cpp-files\vrfs\general-structure-results\70_high_framework_support_only_high\04ca345c_System.ComponentModel.EnumConverter$$GetStandardValuesExclusive.c"
"System.ComponentModel.EnumConverter$$GetStandardValuesSupported","04ca3504","84","70_high_framework_support_only_high","uncertain","framework_support_only","framework_or_engine_namespace","setup_only","eye_source;weak_source_state;validity_gate;pose_vector;weak_pose_support;paired_state_refs","strong_eye_source_hits_1;weak_xr_or_state_hits_3;validity_or_gating_hits_21;strong_pose_or_ray_construction_hits_2;weak_vector_component_hits_1;paired_field_refs_with_eye_source;negative_framework_support_context_without_confirmed_app_level_gaze_flow;functionality_eye_api_context_without_clear_sink_hits_1","C:\realDesktop\manifest-evaluations\summer-26\ghidra-pipeline\il2cpp-files\vrfs\general-structure-results\70_high_framework_support_only_high\04ca3504_System.ComponentModel.EnumConverter$$GetStandardValuesSupported.c"
"System.ComponentModel.EnumConverter$$IsValid","04ca350c","80","70_high_framework_support_only_high","uncertain","framework_support_only","framework_or_engine_namespace","gaze_retrieval","eye_source;weak_source_state;validity_gate;pose_vector;weak_pose_support;paired_state_refs","strong_eye_source_hits_1;weak_xr_or_state_hits_1;validity_or_gating_hits_21;strong_pose_or_ray_construction_hits_2;weak_vector_component_hits_1;paired_field_refs_with_eye_source;negative_framework_support_context_without_confirmed_app_level_gaze_flow;functionality_gaze_retrieval_or_extraction","C:\realDesktop\manifest-evaluations\summer-26\ghidra-pipeline\il2cpp-files\vrfs\general-structure-results\70_high_framework_support_only_high\04ca350c_System.ComponentModel.EnumConverter$$IsValid.c"
"System.ComponentModel.IntSecurity$$UnsafeGetFullPath","04ca3578","80","70_high_framework_support_only_high","uncertain","framework_support_only","framework_or_engine_namespace","setup_only","eye_source;weak_source_state;validity_gate;pose_vector;weak_pose_support;paired_state_refs","strong_eye_source_hits_1;weak_xr_or_state_hits_1;validity_or_gating_hits_21;strong_pose_or_ray_construction_hits_2;weak_vector_component_hits_1;paired_field_refs_with_eye_source;negative_framework_support_context_without_confirmed_app_level_gaze_flow;functionality_eye_api_context_without_clear_sink_hits_1","C:\realDesktop\manifest-evaluations\summer-26\ghidra-pipeline\il2cpp-files\vrfs\general-structure-results\70_high_framework_support_only_high\04ca3578_System.ComponentModel.IntSecurity$$UnsafeGetFullPath.c"
"System.ComponentModel.LicenseException$$.ctor","04ca35d0","80","70_high_framework_support_only_high","uncertain","framework_support_only","framework_or_engine_namespace","setup_only","eye_source;weak_source_state;validity_gate;pose_vector;weak_pose_support;paired_state_refs","strong_eye_source_hits_1;weak_xr_or_state_hits_1;validity_or_gating_hits_21;strong_pose_or_ray_construction_hits_2;weak_vector_component_hits_1;paired_field_refs_with_eye_source;negative_framework_support_context_without_confirmed_app_level_gaze_flow;functionality_eye_api_context_without_clear_sink_hits_1","C:\realDesktop\manifest-evaluations\summer-26\ghidra-pipeline\il2cpp-files\vrfs\general-structure-results\70_high_framework_support_only_high\04ca35d0_System.ComponentModel.LicenseException$$.ctor.c"
"System.ComponentModel.LicenseException$$.ctor","04ca36c4","80","70_high_framework_support_only_high","uncertain","framework_support_only","framework_or_engine_namespace","setup_only","eye_source;weak_source_state;validity_gate;pose_vector;weak_pose_support;paired_state_refs","strong_eye_source_hits_1;weak_xr_or_state_hits_1;validity_or_gating_hits_21;strong_pose_or_ray_construction_hits_2;weak_vector_component_hits_1;paired_field_refs_with_eye_source;negative_framework_support_context_without_confirmed_app_level_gaze_flow;functionality_eye_api_context_without_clear_sink_hits_1","C:\realDesktop\manifest-evaluations\summer-26\ghidra-pipeline\il2cpp-files\vrfs\general-structure-results\70_high_framework_support_only_high\04ca36c4_System.ComponentModel.LicenseException$$.ctor.c"
"System.ComponentModel.LicenseException$$.ctor","04ca371c","80","70_high_framework_support_only_high","uncertain","framework_support_only","framework_or_engine_namespace","setup_only","eye_source;weak_source_state;validity_gate;pose_vector;weak_pose_support;paired_state_refs","strong_eye_source_hits_1;weak_xr_or_state_hits_1;validity_or_gating_hits_21;strong_pose_or_ray_construction_hits_2;weak_vector_component_hits_1;paired_field_refs_with_eye_source;negative_framework_support_context_without_confirmed_app_level_gaze_flow;functionality_eye_api_context_without_clear_sink_hits_1","C:\realDesktop\manifest-evaluations\summer-26\ghidra-pipeline\il2cpp-files\vrfs\general-structure-results\70_high_framework_support_only_high\04ca371c_System.ComponentModel.LicenseException$$.ctor.c"
"System.ComponentModel.LicenseException$$.ctor","04ca3870","79","70_high_framework_support_only_high","uncertain","framework_support_only","framework_or_engine_namespace","setup_only","eye_source;weak_source_state;validity_gate;pose_vector;paired_state_refs","strong_eye_source_hits_1;weak_xr_or_state_hits_1;validity_or_gating_hits_21;strong_pose_or_ray_construction_hits_2;paired_field_refs_with_eye_source;negative_framework_support_context_without_confirmed_app_level_gaze_flow;functionality_eye_api_context_without_clear_sink_hits_1","C:\realDesktop\manifest-evaluations\summer-26\ghidra-pipeline\il2cpp-files\vrfs\general-structure-results\70_high_framework_support_only_high\04ca3870_System.ComponentModel.LicenseException$$.ctor.c"
"System.ComponentModel.LicenseException$$.ctor","04ca38cc","79","70_high_framework_support_only_high","uncertain","framework_support_only","framework_or_engine_namespace","setup_only","eye_source;weak_source_state;validity_gate;pose_vector;paired_state_refs","strong_eye_source_hits_1;weak_xr_or_state_hits_1;validity_or_gating_hits_21;strong_pose_or_ray_construction_hits_2;paired_field_refs_with_eye_source;negative_framework_support_context_without_confirmed_app_level_gaze_flow;functionality_eye_api_context_without_clear_sink_hits_1","C:\realDesktop\manifest-evaluations\summer-26\ghidra-pipeline\il2cpp-files\vrfs\general-structure-results\70_high_framework_support_only_high\04ca38cc_System.ComponentModel.LicenseException$$.ctor.c"
"System.ComponentModel.LicenseException$$get_LicensedType","04ca3a6c","79","70_high_framework_support_only_high","uncertain","framework_support_only","framework_or_engine_namespace","setup_only","eye_source;weak_source_state;validity_gate;pose_vector;paired_state_refs","strong_eye_source_hits_1;weak_xr_or_state_hits_1;validity_or_gating_hits_21;strong_pose_or_ray_construction_hits_2;paired_field_refs_with_eye_source;negative_framework_support_context_without_confirmed_app_level_gaze_flow;functionality_eye_api_context_without_clear_sink_hits_1","C:\realDesktop\manifest-evaluations\summer-26\ghidra-pipeline\il2cpp-files\vrfs\general-structure-results\70_high_framework_support_only_high\04ca3a6c_System.ComponentModel.LicenseException$$get_LicensedType.c"
"System.ComponentModel.LicenseException$$GetObjectData","04ca3a74","83","70_high_framework_support_only_high","uncertain","framework_support_only","framework_or_engine_namespace","setup_only","eye_source;weak_source_state;validity_gate;pose_vector;paired_state_refs","strong_eye_source_hits_1;weak_xr_or_state_hits_3;validity_or_gating_hits_21;strong_pose_or_ray_construction_hits_2;paired_field_refs_with_eye_source;negative_framework_support_context_without_confirmed_app_level_gaze_flow;functionality_eye_api_context_without_clear_sink_hits_1","C:\realDesktop\manifest-evaluations\summer-26\ghidra-pipeline\il2cpp-files\vrfs\general-structure-results\70_high_framework_support_only_high\04ca3a74_System.ComponentModel.LicenseException$$GetObjectData.c"
"System.ComponentModel.MemberDescriptor$$.ctor","04ca3b68","80","70_high_framework_support_only_high","uncertain","framework_support_only","framework_or_engine_namespace","setup_only","eye_source;weak_source_state;validity_gate;pose_vector;weak_pose_support;paired_state_refs","strong_eye_source_hits_1;weak_xr_or_state_hits_1;validity_or_gating_hits_21;strong_pose_or_ray_construction_hits_2;weak_vector_component_hits_1;paired_field_refs_with_eye_source;negative_framework_support_context_without_confirmed_app_level_gaze_flow;functionality_eye_api_context_without_clear_sink_hits_1","C:\realDesktop\manifest-evaluations\summer-26\ghidra-pipeline\il2cpp-files\vrfs\general-structure-results\70_high_framework_support_only_high\04ca3b68_System.ComponentModel.MemberDescriptor$$.ctor.c"
"System.ComponentModel.MemberDescriptor$$get_AttributeArray","04ca3b70","88","70_high_framework_support_only_high","uncertain","framework_support_only","framework_or_engine_namespace","setup_only","eye_source;weak_source_state;validity_gate;pose_vector;weak_pose_support;paired_state_refs","strong_eye_source_hits_1;weak_xr_or_state_hits_1;validity_or_gating_hits_21;strong_pose_or_ray_construction_hits_6;weak_vector_component_hits_1;paired_field_refs_with_eye_source;negative_framework_support_context_without_confirmed_app_level_gaze_flow;functionality_eye_api_context_without_clear_sink_hits_1","C:\realDesktop\manifest-evaluations\summer-26\ghidra-pipeline\il2cpp-files\vrfs\general-structure-results\70_high_framework_support_only_high\04ca3b70_System.ComponentModel.MemberDescriptor$$get_AttributeArray.c"
"System.ComponentModel.MemberDescriptor$$CheckAttributesValid","04ca3b90","80","70_high_framework_support_only_high","uncertain","framework_support_only","framework_or_engine_namespace","gaze_retrieval","eye_source;weak_source_state;validity_gate;pose_vector;weak_pose_support;paired_state_refs","strong_eye_source_hits_1;weak_xr_or_state_hits_1;validity_or_gating_hits_21;strong_pose_or_ray_construction_hits_2;weak_vector_component_hits_1;paired_field_refs_with_eye_source;negative_framework_support_context_without_confirmed_app_level_gaze_flow;functionality_gaze_retrieval_or_extraction","C:\realDesktop\manifest-evaluations\summer-26\ghidra-pipeline\il2cpp-files\vrfs\general-structure-results\70_high_framework_support_only_high\04ca3b90_System.ComponentModel.MemberDescriptor$$CheckAttributesValid.c"
"System.ComponentModel.MemberDescriptor$$FilterAttributesIfNeeded","04ca3c58","80","70_high_framework_support_only_high","uncertain","framework_support_only","framework_or_engine_namespace","setup_only","eye_source;weak_source_state;validity_gate;pose_vector;weak_pose_support;paired_state_refs","strong_eye_source_hits_1;weak_xr_or_state_hits_1;validity_or_gating_hits_21;strong_pose_or_ray_construction_hits_2;weak_vector_component_hits_1;paired_field_refs_with_eye_source;negative_framework_support_context_without_confirmed_app_level_gaze_flow;functionality_eye_api_context_without_clear_sink_hits_1","C:\realDesktop\manifest-evaluations\summer-26\ghidra-pipeline\il2cpp-files\vrfs\general-structure-results\70_high_framework_support_only_high\04ca3c58_System.ComponentModel.MemberDescriptor$$FilterAttributesIfNeeded.c"
"System.ComponentModel.MemberDescriptor$$set_AttributeArray","04ca43b0","88","70_high_framework_support_only_high","uncertain","framework_support_only","framework_or_engine_namespace","setup_only","eye_source;weak_source_state;validity_gate;pose_vector;weak_pose_support;paired_state_refs","strong_eye_source_hits_1;weak_xr_or_state_hits_1;validity_or_gating_hits_21;strong_pose_or_ray_construction_hits_6;weak_vector_component_hits_1;paired_field_refs_with_eye_source;negative_framework_support_context_without_confirmed_app_level_gaze_flow;functionality_eye_api_context_without_clear_sink_hits_1","C:\realDesktop\manifest-evaluations\summer-26\ghidra-pipeline\il2cpp-files\vrfs\general-structure-results\70_high_framework_support_only_high\04ca43b0_System.ComponentModel.MemberDescriptor$$set_AttributeArray.c"
"System.ComponentModel.MemberDescriptor$$get_Attributes","04ca44a4","80","70_high_framework_support_only_high","uncertain","framework_support_only","framework_or_engine_namespace","setup_only","eye_source;weak_source_state;validity_gate;pose_vector;weak_pose_support;paired_state_refs","strong_eye_source_hits_1;weak_xr_or_state_hits_1;validity_or_gating_hits_21;strong_pose_or_ray_construction_hits_2;weak_vector_component_hits_1;paired_field_refs_with_eye_source;negative_framework_support_context_without_confirmed_app_level_gaze_flow;functionality_eye_api_context_without_clear_sink_hits_1","C:\realDesktop\manifest-evaluations\summer-26\ghidra-pipeline\il2cpp-files\vrfs\general-structure-results\70_high_framework_support_only_high\04ca44a4_System.ComponentModel.MemberDescriptor$$get_Attributes.c"
"System.ComponentModel.MemberDescriptor$$get_Category","04ca45a8","79","70_high_framework_support_only_high","uncertain","framework_support_only","framework_or_engine_namespace","setup_only","eye_source;weak_source_state;validity_gate;pose_vector;paired_state_refs","strong_eye_source_hits_1;weak_xr_or_state_hits_1;validity_or_gating_hits_21;strong_pose_or_ray_construction_hits_2;paired_field_refs_with_eye_source;negative_framework_support_context_without_confirmed_app_level_gaze_flow;functionality_eye_api_context_without_clear_sink_hits_1","C:\realDesktop\manifest-evaluations\summer-26\ghidra-pipeline\il2cpp-files\vrfs\general-structure-results\70_high_framework_support_only_high\04ca45a8_System.ComponentModel.MemberDescriptor$$get_Category.c"
"System.ComponentModel.MemberDescriptor$$get_Description","04ca46c4","79","70_high_framework_support_only_high","uncertain","framework_support_only","framework_or_engine_namespace","setup_only","eye_source;weak_source_state;validity_gate;pose_vector;paired_state_refs","strong_eye_source_hits_1;weak_xr_or_state_hits_1;validity_or_gating_hits_21;strong_pose_or_ray_construction_hits_2;paired_field_refs_with_eye_source;negative_framework_support_context_without_confirmed_app_level_gaze_flow;functionality_eye_api_context_without_clear_sink_hits_1","C:\realDesktop\manifest-evaluations\summer-26\ghidra-pipeline\il2cpp-files\vrfs\general-structure-results\70_high_framework_support_only_high\04ca46c4_System.ComponentModel.MemberDescriptor$$get_Description.c"
"System.ComponentModel.MemberDescriptor$$get_IsBrowsable","04ca480c","79","70_high_framework_support_only_high","uncertain","framework_support_only","framework_or_engine_namespace","setup_only","eye_source;weak_source_state;validity_gate;pose_vector;paired_state_refs","strong_eye_source_hits_1;weak_xr_or_state_hits_1;validity_or_gating_hits_21;strong_pose_or_ray_construction_hits_2;paired_field_refs_with_eye_source;negative_framework_support_context_without_confirmed_app_level_gaze_flow;functionality_eye_api_context_without_clear_sink_hits_1","C:\realDesktop\manifest-evaluations\summer-26\ghidra-pipeline\il2cpp-files\vrfs\general-structure-results\70_high_framework_support_only_high\04ca480c_System.ComponentModel.MemberDescriptor$$get_IsBrowsable.c"
"System.ComponentModel.MemberDescriptor$$get_Name","04ca48ec","79","70_high_framework_support_only_high","uncertain","framework_support_only","framework_or_engine_namespace","setup_only","eye_source;weak_source_state;validity_gate;pose_vector;paired_state_refs","strong_eye_source_hits_1;weak_xr_or_state_hits_1;validity_or_gating_hits_21;strong_pose_or_ray_construction_hits_2;paired_field_refs_with_eye_source;negative_framework_support_context_without_confirmed_app_level_gaze_flow;functionality_eye_api_context_without_clear_sink_hits_1","C:\realDesktop\manifest-evaluations\summer-26\ghidra-pipeline\il2cpp-files\vrfs\general-structure-results\70_high_framework_support_only_high\04ca48ec_System.ComponentModel.MemberDescriptor$$get_Name.c"
"System.ComponentModel.MemberDescriptor$$get_NameHashCode","04ca493c","79","70_high_framework_support_only_high","uncertain","framework_support_only","framework_or_engine_namespace","setup_only","eye_source;weak_source_state;validity_gate;pose_vector;paired_state_refs","strong_eye_source_hits_1;weak_xr_or_state_hits_1;validity_or_gating_hits_21;strong_pose_or_ray_construction_hits_2;paired_field_refs_with_eye_source;negative_framework_support_context_without_confirmed_app_level_gaze_flow;functionality_eye_api_context_without_clear_sink_hits_1","C:\realDesktop\manifest-evaluations\summer-26\ghidra-pipeline\il2cpp-files\vrfs\general-structure-results\70_high_framework_support_only_high\04ca493c_System.ComponentModel.MemberDescriptor$$get_NameHashCode.c"
"System.ComponentModel.MemberDescriptor$$get_DesignTimeOnly","04ca4944","79","70_high_framework_support_only_high","uncertain","framework_support_only","framework_or_engine_namespace","setup_only","eye_source;weak_source_state;validity_gate;pose_vector;paired_state_refs","strong_eye_source_hits_1;weak_xr_or_state_hits_1;validity_or_gating_hits_21;strong_pose_or_ray_construction_hits_2;paired_field_refs_with_eye_source;negative_framework_support_context_without_confirmed_app_level_gaze_flow;functionality_eye_api_context_without_clear_sink_hits_1","C:\realDesktop\manifest-evaluations\summer-26\ghidra-pipeline\il2cpp-files\vrfs\general-structure-results\70_high_framework_support_only_high\04ca4944_System.ComponentModel.MemberDescriptor$$get_DesignTimeOnly.c"
"System.ComponentModel.MemberDescriptor$$get_DisplayName","04ca4a38","80","70_high_framework_support_only_high","uncertain","framework_support_only","framework_or_engine_namespace","setup_only","eye_source;weak_source_state;validity_gate;pose_vector;weak_pose_support;paired_state_refs","strong_eye_source_hits_1;weak_xr_or_state_hits_1;validity_or_gating_hits_21;strong_pose_or_ray_construction_hits_2;weak_vector_component_hits_1;paired_field_refs_with_eye_source;negative_framework_support_context_without_confirmed_app_level_gaze_flow;functionality_eye_api_context_without_clear_sink_hits_1","C:\realDesktop\manifest-evaluations\summer-26\ghidra-pipeline\il2cpp-files\vrfs\general-structure-results\70_high_framework_support_only_high\04ca4a38_System.ComponentModel.MemberDescriptor$$get_DisplayName.c"
"System.ComponentModel.MemberDescriptor$$CreateAttributeCollection","04ca4b60","79","70_high_framework_support_only_high","uncertain","framework_support_only","framework_or_engine_namespace","setup_only","eye_source;weak_source_state;validity_gate;pose_vector;paired_state_refs","strong_eye_source_hits_1;weak_xr_or_state_hits_1;validity_or_gating_hits_21;strong_pose_or_ray_construction_hits_2;paired_field_refs_with_eye_source;negative_framework_support_context_without_confirmed_app_level_gaze_flow;functionality_eye_api_context_without_clear_sink_hits_1","C:\realDesktop\manifest-evaluations\summer-26\ghidra-pipeline\il2cpp-files\vrfs\general-structure-results\70_high_framework_support_only_high\04ca4b60_System.ComponentModel.MemberDescriptor$$CreateAttributeCollection.c"
"System.ComponentModel.MemberDescriptor$$Equals","04ca4bdc","79","70_high_framework_support_only_high","uncertain","framework_support_only","framework_or_engine_namespace","setup_only","eye_source;weak_source_state;validity_gate;pose_vector;paired_state_refs","strong_eye_source_hits_1;weak_xr_or_state_hits_1;validity_or_gating_hits_21;strong_pose_or_ray_construction_hits_2;paired_field_refs_with_eye_source;negative_framework_support_context_without_confirmed_app_level_gaze_flow;functionality_eye_api_context_without_clear_sink_hits_1","C:\realDesktop\manifest-evaluations\summer-26\ghidra-pipeline\il2cpp-files\vrfs\general-structure-results\70_high_framework_support_only_high\04ca4bdc_System.ComponentModel.MemberDescriptor$$Equals.c"
"System.ComponentModel.MemberDescriptor$$FindMethod","04ca4e40","80","70_high_framework_support_only_high","uncertain","framework_support_only","framework_or_engine_namespace","setup_only","eye_source;weak_source_state;validity_gate;pose_vector;weak_pose_support;paired_state_refs","strong_eye_source_hits_1;weak_xr_or_state_hits_1;validity_or_gating_hits_21;strong_pose_or_ray_construction_hits_2;weak_vector_component_hits_1;paired_field_refs_with_eye_source;negative_framework_support_context_without_confirmed_app_level_gaze_flow;functionality_eye_api_context_without_clear_sink_hits_1","C:\realDesktop\manifest-evaluations\summer-26\ghidra-pipeline\il2cpp-files\vrfs\general-structure-results\70_high_framework_support_only_high\04ca4e40_System.ComponentModel.MemberDescriptor$$FindMethod.c"
"System.ComponentModel.MemberDescriptor$$GetHashCode","04ca4ee4","79","70_high_framework_support_only_high","uncertain","framework_support_only","framework_or_engine_namespace","setup_only","eye_source;weak_source_state;validity_gate;pose_vector;paired_state_refs","strong_eye_source_hits_1;weak_xr_or_state_hits_1;validity_or_gating_hits_21;strong_pose_or_ray_construction_hits_2;paired_field_refs_with_eye_source;negative_framework_support_context_without_confirmed_app_level_gaze_flow;functionality_eye_api_context_without_clear_sink_hits_1","C:\realDesktop\manifest-evaluations\summer-26\ghidra-pipeline\il2cpp-files\vrfs\general-structure-results\70_high_framework_support_only_high\04ca4ee4_System.ComponentModel.MemberDescriptor$$GetHashCode.c"
"System.ComponentModel.MemberDescriptor$$GetInvokee","04ca4eec","136","90_plus_framework_support_only_near_certain","uncertain","framework_support_only","framework_or_engine_namespace","gaze_interaction","eye_source;weak_source_state;validity_gate;pose_vector;paired_state_refs;ui_interaction;structure_combo","strong_eye_source_hits_1;weak_xr_or_state_hits_1;validity_or_gating_hits_21;strong_pose_or_ray_construction_hits_2;paired_field_refs_with_eye_source;ui_or_gameplay_sink_hits_2;source_validity_pose_sink_structure;strong_eye_source_validity_pose_sink_structure;negative_framework_support_context_without_confirmed_app_level_gaze_flow;functionality_gaze_interaction_hits_2","C:\realDesktop\manifest-evaluations\summer-26\ghidra-pipeline\il2cpp-files\vrfs\general-structure-results\90_plus_framework_support_only_near_certain\04ca4eec_System.ComponentModel.MemberDescriptor$$GetInvokee.c"
"System.ComponentModel.ProgressChangedEventArgs$$.ctor","04ca5000","80","70_high_framework_support_only_high","uncertain","framework_support_only","framework_or_engine_namespace","setup_only","eye_source;weak_source_state;validity_gate;pose_vector;weak_pose_support;paired_state_refs","strong_eye_source_hits_1;weak_xr_or_state_hits_1;validity_or_gating_hits_21;strong_pose_or_ray_construction_hits_2;weak_vector_component_hits_1;paired_field_refs_with_eye_source;negative_framework_support_context_without_confirmed_app_level_gaze_flow;functionality_eye_api_context_without_clear_sink_hits_1","C:\realDesktop\manifest-evaluations\summer-26\ghidra-pipeline\il2cpp-files\vrfs\general-structure-results\70_high_framework_support_only_high\04ca5000_System.ComponentModel.ProgressChangedEventArgs$$.ctor.c"
"System.ComponentModel.ProgressChangedEventArgs$$get_ProgressPercentage","04ca507c","79","70_high_framework_support_only_high","uncertain","framework_support_only","framework_or_engine_namespace","setup_only","eye_source;weak_source_state;validity_gate;pose_vector;paired_state_refs","strong_eye_source_hits_1;weak_xr_or_state_hits_1;validity_or_gating_hits_21;strong_pose_or_ray_construction_hits_2;paired_field_refs_with_eye_source;negative_framework_support_context_without_confirmed_app_level_gaze_flow;functionality_eye_api_context_without_clear_sink_hits_1","C:\realDesktop\manifest-evaluations\summer-26\ghidra-pipeline\il2cpp-files\vrfs\general-structure-results\70_high_framework_support_only_high\04ca507c_System.ComponentModel.ProgressChangedEventArgs$$get_ProgressPercentage.c"
"System.ComponentModel.ProgressChangedEventArgs$$get_UserState","04ca5084","83","70_high_framework_support_only_high","uncertain","framework_support_only","framework_or_engine_namespace","setup_only","eye_source;weak_source_state;validity_gate;pose_vector;paired_state_refs","strong_eye_source_hits_1;weak_xr_or_state_hits_3;validity_or_gating_hits_21;strong_pose_or_ray_construction_hits_2;paired_field_refs_with_eye_source;negative_framework_support_context_without_confirmed_app_level_gaze_flow;functionality_eye_api_context_without_clear_sink_hits_1","C:\realDesktop\manifest-evaluations\summer-26\ghidra-pipeline\il2cpp-files\vrfs\general-structure-results\70_high_framework_support_only_high\04ca5084_System.ComponentModel.ProgressChangedEventArgs$$get_UserState.c"
"System.ComponentModel.ProgressChangedEventHandler$$.ctor","04ca508c","79","70_high_framework_support_only_high","uncertain","framework_support_only","framework_or_engine_namespace","setup_only","eye_source;weak_source_state;validity_gate;pose_vector;paired_state_refs","strong_eye_source_hits_1;weak_xr_or_state_hits_1;validity_or_gating_hits_21;strong_pose_or_ray_construction_hits_2;paired_field_refs_with_eye_source;negative_framework_support_context_without_confirmed_app_level_gaze_flow;functionality_eye_api_context_without_clear_sink_hits_1","C:\realDesktop\manifest-evaluations\summer-26\ghidra-pipeline\il2cpp-files\vrfs\general-structure-results\70_high_framework_support_only_high\04ca508c_System.ComponentModel.ProgressChangedEventHandler$$.ctor.c"
"System.ComponentModel.ProgressChangedEventHandler$$Invoke","04ca51cc","137","90_plus_framework_support_only_near_certain","uncertain","framework_support_only","framework_or_engine_namespace","gaze_interaction","eye_source;weak_source_state;validity_gate;pose_vector;weak_pose_support;paired_state_refs;ui_interaction;structure_combo","strong_eye_source_hits_1;weak_xr_or_state_hits_1;validity_or_gating_hits_21;strong_pose_or_ray_construction_hits_2;weak_vector_component_hits_1;paired_field_refs_with_eye_source;ui_or_gameplay_sink_hits_2;source_validity_pose_sink_structure;strong_eye_source_validity_pose_sink_structure;negative_framework_support_context_without_confirmed_app_level_gaze_flow;functionality_gaze_interaction_hits_2","C:\realDesktop\manifest-evaluations\summer-26\ghidra-pipeline\il2cpp-files\vrfs\general-structure-results\90_plus_framework_support_only_near_certain\04ca51cc_System.ComponentModel.ProgressChangedEventHandler$$Invoke.c"
"System.ComponentModel.ProgressChangedEventHandler$$BeginInvoke","04ca51e0","137","90_plus_framework_support_only_near_certain","uncertain","framework_support_only","framework_or_engine_namespace","gaze_interaction","eye_source;weak_source_state;validity_gate;pose_vector;weak_pose_support;paired_state_refs;ui_interaction;structure_combo","strong_eye_source_hits_1;weak_xr_or_state_hits_1;validity_or_gating_hits_21;strong_pose_or_ray_construction_hits_2;weak_vector_component_hits_1;paired_field_refs_with_eye_source;ui_or_gameplay_sink_hits_2;source_validity_pose_sink_structure;strong_eye_source_validity_pose_sink_structure;negative_framework_support_context_without_confirmed_app_level_gaze_flow;functionality_gaze_interaction_hits_2","C:\realDesktop\manifest-evaluations\summer-26\ghidra-pipeline\il2cpp-files\vrfs\general-structure-results\90_plus_framework_support_only_near_certain\04ca51e0_System.ComponentModel.ProgressChangedEventHandler$$BeginInvoke.c"
"System.ComponentModel.ProgressChangedEventHandler$$EndInvoke","04ca5208","137","90_plus_framework_support_only_near_certain","uncertain","framework_support_only","framework_or_engine_namespace","gaze_interaction","eye_source;weak_source_state;validity_gate;pose_vector;weak_pose_support;paired_state_refs;ui_interaction;structure_combo","strong_eye_source_hits_1;weak_xr_or_state_hits_1;validity_or_gating_hits_21;strong_pose_or_ray_construction_hits_2;weak_vector_component_hits_1;paired_field_refs_with_eye_source;ui_or_gameplay_sink_hits_2;source_validity_pose_sink_structure;strong_eye_source_validity_pose_sink_structure;negative_framework_support_context_without_confirmed_app_level_gaze_flow;functionality_gaze_interaction_hits_2","C:\realDesktop\manifest-evaluations\summer-26\ghidra-pipeline\il2cpp-files\vrfs\general-structure-results\90_plus_framework_support_only_near_certain\04ca5208_System.ComponentModel.ProgressChangedEventHandler$$EndInvoke.c"
"System.ComponentModel.ReflectPropertyDescriptor$$.ctor","04ca5214","80","70_high_framework_support_only_high","uncertain","framework_support_only","framework_or_engine_namespace","setup_only","eye_source;weak_source_state;validity_gate;pose_vector;weak_pose_support;paired_state_refs","strong_eye_source_hits_1;weak_xr_or_state_hits_1;validity_or_gating_hits_21;strong_pose_or_ray_construction_hits_2;weak_vector_component_hits_1;paired_field_refs_with_eye_source;negative_framework_support_context_without_confirmed_app_level_gaze_flow;functionality_eye_api_context_without_clear_sink_hits_1","C:\realDesktop\manifest-evaluations\summer-26\ghidra-pipeline\il2cpp-files\vrfs\general-structure-results\70_high_framework_support_only_high\04ca5214_System.ComponentModel.ReflectPropertyDescriptor$$.ctor.c"
"System.ComponentModel.ReflectPropertyDescriptor$$.ctor","04ca553c","80","70_high_framework_support_only_high","uncertain","framework_support_only","framework_or_engine_namespace","setup_only","eye_source;weak_source_state;validity_gate;pose_vector;weak_pose_support;paired_state_refs","strong_eye_source_hits_1;weak_xr_or_state_hits_1;validity_or_gating_hits_21;strong_pose_or_ray_construction_hits_2;weak_vector_component_hits_1;paired_field_refs_with_eye_source;negative_framework_support_context_without_confirmed_app_level_gaze_flow;functionality_eye_api_context_without_clear_sink_hits_1","C:\realDesktop\manifest-evaluations\summer-26\ghidra-pipeline\il2cpp-files\vrfs\general-structure-results\70_high_framework_support_only_high\04ca553c_System.ComponentModel.ReflectPropertyDescriptor$$.ctor.c"
"System.ComponentModel.ReflectPropertyDescriptor$$.ctor","04ca5684","80","70_high_framework_support_only_high","uncertain","framework_support_only","framework_or_engine_namespace","setup_only","eye_source;weak_source_state;validity_gate;pose_vector;weak_pose_support;paired_state_refs","strong_eye_source_hits_1;weak_xr_or_state_hits_1;validity_or_gating_hits_21;strong_pose_or_ray_construction_hits_2;weak_vector_component_hits_1;paired_field_refs_with_eye_source;negative_framework_support_context_without_confirmed_app_level_gaze_flow;functionality_eye_api_context_without_clear_sink_hits_1","C:\realDesktop\manifest-evaluations\summer-26\ghidra-pipeline\il2cpp-files\vrfs\general-structure-results\70_high_framework_support_only_high\04ca5684_System.ComponentModel.ReflectPropertyDescriptor$$.ctor.c"
"System.ComponentModel.ReflectPropertyDescriptor$$.ctor","04ca5778","79","70_high_framework_support_only_high","uncertain","framework_support_only","framework_or_engine_namespace","setup_only","eye_source;weak_source_state;validity_gate;pose_vector;paired_state_refs","strong_eye_source_hits_1;weak_xr_or_state_hits_1;validity_or_gating_hits_21;strong_pose_or_ray_construction_hits_2;paired_field_refs_with_eye_source;negative_framework_support_context_without_confirmed_app_level_gaze_flow;functionality_eye_api_context_without_clear_sink_hits_1","C:\realDesktop\manifest-evaluations\summer-26\ghidra-pipeline\il2cpp-files\vrfs\general-structure-results\70_high_framework_support_only_high\04ca5778_System.ComponentModel.ReflectPropertyDescriptor$$.ctor.c"
"System.ComponentModel.ReflectPropertyDescriptor$$get_AmbientValue","04ca5c3c","79","70_high_framework_support_only_high","uncertain","framework_support_only","framework_or_engine_namespace","setup_only","eye_source;weak_source_state;validity_gate;pose_vector;paired_state_refs","strong_eye_source_hits_1;weak_xr_or_state_hits_1;validity_or_gating_hits_21;strong_pose_or_ray_construction_hits_2;paired_field_refs_with_eye_source;negative_framework_support_context_without_confirmed_app_level_gaze_flow;functionality_eye_api_context_without_clear_sink_hits_1","C:\realDesktop\manifest-evaluations\summer-26\ghidra-pipeline\il2cpp-files\vrfs\general-structure-results\70_high_framework_support_only_high\04ca5c3c_System.ComponentModel.ReflectPropertyDescriptor$$get_AmbientValue.c"
"System.ComponentModel.ReflectPropertyDescriptor$$get_ChangedEventValue","04ca5dbc","79","70_high_framework_support_only_high","uncertain","framework_support_only","framework_or_engine_namespace","setup_only","eye_source;weak_source_state;validity_gate;pose_vector;paired_state_refs","strong_eye_source_hits_1;weak_xr_or_state_hits_1;validity_or_gating_hits_21;strong_pose_or_ray_construction_hits_2;paired_field_refs_with_eye_source;negative_framework_support_context_without_confirmed_app_level_gaze_flow;functionality_eye_api_context_without_clear_sink_hits_1","C:\realDesktop\manifest-evaluations\summer-26\ghidra-pipeline\il2cpp-files\vrfs\general-structure-results\70_high_framework_support_only_high\04ca5dbc_System.ComponentModel.ReflectPropertyDescriptor$$get_ChangedEventValue.c"
"System.ComponentModel.ReflectPropertyDescriptor$$get_IPropChangedEventValue","04ca5f50","79","70_high_framework_support_only_high","uncertain","framework_support_only","framework_or_engine_namespace","setup_only","eye_source;weak_source_state;validity_gate;pose_vector;paired_state_refs","strong_eye_source_hits_1;weak_xr_or_state_hits_1;validity_or_gating_hits_21;strong_pose_or_ray_construction_hits_2;paired_field_refs_with_eye_source;negative_framework_support_context_without_confirmed_app_level_gaze_flow;functionality_eye_api_context_without_clear_sink_hits_1","C:\realDesktop\manifest-evaluations\summer-26\ghidra-pipeline\il2cpp-files\vrfs\general-structure-results\70_high_framework_support_only_high\04ca5f50_System.ComponentModel.ReflectPropertyDescriptor$$get_IPropChangedEventValue.c"
"System.ComponentModel.ReflectPropertyDescriptor$$set_IPropChangedEventValue","04ca6110","79","70_high_framework_support_only_high","uncertain","framework_support_only","framework_or_engine_namespace","setup_only","eye_source;weak_source_state;validity_gate;pose_vector;paired_state_refs","strong_eye_source_hits_1;weak_xr_or_state_hits_1;validity_or_gating_hits_21;strong_pose_or_ray_construction_hits_2;paired_field_refs_with_eye_source;negative_framework_support_context_without_confirmed_app_level_gaze_flow;functionality_eye_api_context_without_clear_sink_hits_1","C:\realDesktop\manifest-evaluations\summer-26\ghidra-pipeline\il2cpp-files\vrfs\general-structure-results\70_high_framework_support_only_high\04ca6110_System.ComponentModel.ReflectPropertyDescriptor$$set_IPropChangedEventValue.c"
"System.ComponentModel.ReflectPropertyDescriptor$$get_ComponentType","04ca6198","79","70_high_framework_support_only_high","uncertain","framework_support_only","framework_or_engine_namespace","setup_only","eye_source;weak_source_state;validity_gate;pose_vector;paired_state_refs","strong_eye_source_hits_1;weak_xr_or_state_hits_1;validity_or_gating_hits_21;strong_pose_or_ray_construction_hits_2;paired_field_refs_with_eye_source;negative_framework_support_context_without_confirmed_app_level_gaze_flow;functionality_eye_api_context_without_clear_sink_hits_1","C:\realDesktop\manifest-evaluations\summer-26\ghidra-pipeline\il2cpp-files\vrfs\general-structure-results\70_high_framework_support_only_high\04ca6198_System.ComponentModel.ReflectPropertyDescriptor$$get_ComponentType.c"
"System.ComponentModel.ReflectPropertyDescriptor$$get_DefaultValue","04ca61a0","79","70_high_framework_support_only_high","uncertain","framework_support_only","framework_or_engine_namespace","setup_only","eye_source;weak_source_state;validity_gate;pose_vector;paired_state_refs","strong_eye_source_hits_1;weak_xr_or_state_hits_1;validity_or_gating_hits_21;strong_pose_or_ray_construction_hits_2;paired_field_refs_with_eye_source;negative_framework_support_context_without_confirmed_app_level_gaze_flow;functionality_eye_api_context_without_clear_sink_hits_1","C:\realDesktop\manifest-evaluations\summer-26\ghidra-pipeline\il2cpp-files\vrfs\general-structure-results\70_high_framework_support_only_high\04ca61a0_System.ComponentModel.ReflectPropertyDescriptor$$get_DefaultValue.c"
"System.ComponentModel.ReflectPropertyDescriptor$$get_GetMethodValue","04ca6454","80","70_high_framework_support_only_high","uncertain","framework_support_only","framework_or_engine_namespace","setup_only","eye_source;weak_source_state;validity_gate;pose_vector;weak_pose_support;paired_state_refs","strong_eye_source_hits_1;weak_xr_or_state_hits_1;validity_or_gating_hits_21;strong_pose_or_ray_construction_hits_2;weak_vector_component_hits_1;paired_field_refs_with_eye_source;negative_framework_support_context_without_confirmed_app_level_gaze_flow;functionality_eye_api_context_without_clear_sink_hits_1","C:\realDesktop\manifest-evaluations\summer-26\ghidra-pipeline\il2cpp-files\vrfs\general-structure-results\70_high_framework_support_only_high\04ca6454_System.ComponentModel.ReflectPropertyDescriptor$$get_GetMethodValue.c"
"System.ComponentModel.ReflectPropertyDescriptor$$get_IsExtender","04ca68cc","79","70_high_framework_support_only_high","uncertain","framework_support_only","framework_or_engine_namespace","setup_only","eye_source;weak_source_state;validity_gate;pose_vector;paired_state_refs","strong_eye_source_hits_1;weak_xr_or_state_hits_1;validity_or_gating_hits_21;strong_pose_or_ray_construction_hits_2;paired_field_refs_with_eye_source;negative_framework_support_context_without_confirmed_app_level_gaze_flow;functionality_eye_api_context_without_clear_sink_hits_1","C:\realDesktop\manifest-evaluations\summer-26\ghidra-pipeline\il2cpp-files\vrfs\general-structure-results\70_high_framework_support_only_high\04ca68cc_System.ComponentModel.ReflectPropertyDescriptor$$get_IsExtender.c"
"System.ComponentModel.ReflectPropertyDescriptor$$get_IsReadOnly","04ca692c","80","70_high_framework_support_only_high","uncertain","framework_support_only","framework_or_engine_namespace","setup_only","eye_source;weak_source_state;validity_gate;pose_vector;weak_pose_support;paired_state_refs","strong_eye_source_hits_1;weak_xr_or_state_hits_1;validity_or_gating_hits_21;strong_pose_or_ray_construction_hits_2;weak_vector_component_hits_1;paired_field_refs_with_eye_source;negative_framework_support_context_without_confirmed_app_level_gaze_flow;functionality_eye_api_context_without_clear_sink_hits_1","C:\realDesktop\manifest-evaluations\summer-26\ghidra-pipeline\il2cpp-files\vrfs\general-structure-results\70_high_framework_support_only_high\04ca692c_System.ComponentModel.ReflectPropertyDescriptor$$get_IsReadOnly.c"
"System.ComponentModel.ReflectPropertyDescriptor$$get_SetMethodValue","04ca6a2c","80","70_high_framework_support_only_high","uncertain","framework_support_only","framework_or_engine_namespace","setup_only","eye_source;weak_source_state;validity_gate;pose_vector;weak_pose_support;paired_state_refs","strong_eye_source_hits_1;weak_xr_or_state_hits_1;validity_or_gating_hits_21;strong_pose_or_ray_construction_hits_2;weak_vector_component_hits_1;paired_field_refs_with_eye_source;negative_framework_support_context_without_confirmed_app_level_gaze_flow;functionality_eye_api_context_without_clear_sink_hits_1","C:\realDesktop\manifest-evaluations\summer-26\ghidra-pipeline\il2cpp-files\vrfs\general-structure-results\70_high_framework_support_only_high\04ca6a2c_System.ComponentModel.ReflectPropertyDescriptor$$get_SetMethodValue.c"
"System.ComponentModel.ReflectPropertyDescriptor$$get_PropertyType","04ca6f7c","80","70_high_framework_support_only_high","uncertain","framework_support_only","framework_or_engine_namespace","setup_only","eye_source;weak_source_state;validity_gate;pose_vector;weak_pose_support;paired_state_refs","strong_eye_source_hits_1;weak_xr_or_state_hits_1;validity_or_gating_hits_21;strong_pose_or_ray_construction_hits_2;weak_vector_component_hits_1;paired_field_refs_with_eye_source;negative_framework_support_context_without_confirmed_app_level_gaze_flow;functionality_eye_api_context_without_clear_sink_hits_1","C:\realDesktop\manifest-evaluations\summer-26\ghidra-pipeline\il2cpp-files\vrfs\general-structure-results\70_high_framework_support_only_high\04ca6f7c_System.ComponentModel.ReflectPropertyDescriptor$$get_PropertyType.c"
"System.ComponentModel.ReflectPropertyDescriptor$$get_ResetMethodValue","04ca6f84","80","70_high_framework_support_only_high","uncertain","framework_support_only","framework_or_engine_namespace","setup_only","eye_source;weak_source_state;validity_gate;pose_vector;weak_pose_support;paired_state_refs","strong_eye_source_hits_1;weak_xr_or_state_hits_1;validity_or_gating_hits_21;strong_pose_or_ray_construction_hits_2;weak_vector_component_hits_1;paired_field_refs_with_eye_source;negative_framework_support_context_without_confirmed_app_level_gaze_flow;functionality_eye_api_context_without_clear_sink_hits_1","C:\realDesktop\manifest-evaluations\summer-26\ghidra-pipeline\il2cpp-files\vrfs\general-structure-results\70_high_framework_support_only_high\04ca6f84_System.ComponentModel.ReflectPropertyDescriptor$$get_ResetMethodValue.c"
"System.ComponentModel.ReflectPropertyDescriptor$$get_ShouldSerializeMethodValue","04ca71a0","155","90_plus_framework_support_only_near_certain","uncertain","framework_support_only","framework_or_engine_namespace","setup_only","eye_source;weak_source_state;validity_gate;pose_vector;weak_pose_support;paired_state_refs;telemetry;structure_combo","strong_eye_source_hits_1;weak_xr_or_state_hits_1;validity_or_gating_hits_21;strong_pose_or_ray_construction_hits_2;weak_vector_component_hits_1;paired_field_refs_with_eye_source;telemetry_or_network_hits_2;source_validity_pose_sink_structure;strong_eye_source_validity_pose_sink_structure;negative_framework_support_context_without_confirmed_app_level_gaze_flow;functionality_eye_api_context_without_clear_sink_hits_1","C:\realDesktop\manifest-evaluations\summer-26\ghidra-pipeline\il2cpp-files\vrfs\general-structure-results\90_plus_framework_support_only_near_certain\04ca71a0_System.ComponentModel.ReflectPropertyDescriptor$$get_ShouldSerializeMethodValue.c"
"System.ComponentModel.ReflectPropertyDescriptor$$AddValueChanged","04ca73bc","80","70_high_framework_support_only_high","uncertain","framework_support_only","framework_or_engine_namespace","setup_only","eye_source;weak_source_state;validity_gate;pose_vector;weak_pose_support;paired_state_refs","strong_eye_source_hits_1;weak_xr_or_state_hits_1;validity_or_gating_hits_21;strong_pose_or_ray_construction_hits_2;weak_vector_component_hits_1;paired_field_refs_with_eye_source;negative_framework_support_context_without_confirmed_app_level_gaze_flow;functionality_eye_api_context_without_clear_sink_hits_1","C:\realDesktop\manifest-evaluations\summer-26\ghidra-pipeline\il2cpp-files\vrfs\general-structure-results\70_high_framework_support_only_high\04ca73bc_System.ComponentModel.ReflectPropertyDescriptor$$AddValueChanged.c"
"System.ComponentModel.ReflectPropertyDescriptor$$ExtenderCanResetValue","04ca7564","80","70_high_framework_support_only_high","uncertain","framework_support_only","framework_or_engine_namespace","setup_only","eye_source;weak_source_state;validity_gate;pose_vector;weak_pose_support;paired_state_refs","strong_eye_source_hits_1;weak_xr_or_state_hits_1;validity_or_gating_hits_21;strong_pose_or_ray_construction_hits_2;weak_vector_component_hits_1;paired_field_refs_with_eye_source;negative_framework_support_context_without_confirmed_app_level_gaze_flow;functionality_eye_api_context_without_clear_sink_hits_1","C:\realDesktop\manifest-evaluations\summer-26\ghidra-pipeline\il2cpp-files\vrfs\general-structure-results\70_high_framework_support_only_high\04ca7564_System.ComponentModel.ReflectPropertyDescriptor$$ExtenderCanResetValue.c"
"Photon.Voice.IOS.AudioSessionParameters$$CategoryOptionsToInt","04f2a1a8","70","70_high_general_structure_review_high","no","unrelated_or_generic_structure","app_or_custom_namespace","","weak_source_state;validity_gate;ui_interaction;telemetry","weak_xr_or_state_hits_8;validity_or_gating_hits_1;ui_or_gameplay_sink_hits_2;telemetry_or_network_hits_2","C:\realDesktop\manifest-evaluations\summer-26\ghidra-pipeline\il2cpp-files\vrfs\general-structure-results\70_high_general_structure_review_high\04f2a1a8_Photon.Voice.IOS.AudioSessionParameters$$CategoryOptionsToInt.c"
"Sirenix.Serialization.BaseFormatter<Nullable<int>>$$get_SerializedType","04f523e0","89","70_high_general_structure_review_high","no","unrelated_or_generic_structure","app_or_custom_namespace","","validity_gate;data_collection;telemetry","validity_or_gating_hits_5;strong_file_logging_hits_4;telemetry_or_network_hits_2;cap_below_near_certain_without_eye_anchor_or_ordered_structure","C:\realDesktop\manifest-evaluations\summer-26\ghidra-pipeline\il2cpp-files\vrfs\general-structure-results\70_high_general_structure_review_high\04f523e0_Sirenix.Serialization.BaseFormatter_Nullable_int_$$get_SerializedType.c"
"Sirenix.Serialization.BaseFormatter<Nullable<int>>$$Sirenix.Serialization.IFormatter.Serialize","04f52444","89","70_high_general_structure_review_high","no","unrelated_or_generic_structure","app_or_custom_namespace","","validity_gate;data_collection;telemetry","validity_or_gating_hits_5;strong_file_logging_hits_4;telemetry_or_network_hits_2;cap_below_near_certain_without_eye_anchor_or_ordered_structure","C:\realDesktop\manifest-evaluations\summer-26\ghidra-pipeline\il2cpp-files\vrfs\general-structure-results\70_high_general_structure_review_high\04f52444_Sirenix.Serialization.BaseFormatter_Nullable_int_$$Sirenix.Serialization.IFormatter.Serialize.c"
"Sirenix.Serialization.BaseFormatter<Nullable<int>>$$Sirenix.Serialization.IFormatter.Deserialize","04f524e4","86","70_high_general_structure_review_high","no","unrelated_or_generic_structure","app_or_custom_namespace","","validity_gate;data_collection;telemetry","validity_or_gating_hits_4;strong_file_logging_hits_3;telemetry_or_network_hits_2","C:\realDesktop\manifest-evaluations\summer-26\ghidra-pipeline\il2cpp-files\vrfs\general-structure-results\70_high_general_structure_review_high\04f524e4_Sirenix.Serialization.BaseFormatter_Nullable_int_$$Sirenix.Serialization.IFormatter.Deserialize.c"
"Sirenix.Serialization.BaseFormatter<Nullable<int>>$$Deserialize","04f52534","73","70_high_general_structure_review_high","no","unrelated_or_generic_structure","app_or_custom_namespace","","validity_gate;data_collection;telemetry","validity_or_gating_hits_1;strong_file_logging_hits_2;telemetry_or_network_hits_2","C:\realDesktop\manifest-evaluations\summer-26\ghidra-pipeline\il2cpp-files\vrfs\general-structure-results\70_high_general_structure_review_high\04f52534_Sirenix.Serialization.BaseFormatter_Nullable_int_$$Deserialize.c"
"Sirenix.Serialization.BaseFormatter<Keyframe>$$Deserialize","04f54d74","86","70_high_general_structure_review_high","no","unrelated_or_generic_structure","app_or_custom_namespace","","validity_gate;data_collection;telemetry","validity_or_gating_hits_4;strong_file_logging_hits_3;telemetry_or_network_hits_2","C:\realDesktop\manifest-evaluations\summer-26\ghidra-pipeline\il2cpp-files\vrfs\general-structure-results\70_high_general_structure_review_high\04f54d74_Sirenix.Serialization.BaseFormatter_Keyframe_$$Deserialize.c"
"FUN_04f6ba2c","04f6ba2c","99","90_plus_uncertain_eye_setup_near_certain","uncertain","eye_tracking_capability_present","app_or_custom_namespace","setup_only","eye_source;weak_source_state;validity_gate;pose_vector;paired_state_refs","strong_eye_source_hits_1;weak_xr_or_state_hits_1;validity_or_gating_hits_21;strong_pose_or_ray_construction_hits_2;paired_field_refs_with_eye_source;functionality_eye_api_context_without_clear_sink_hits_1","C:\realDesktop\manifest-evaluations\summer-26\ghidra-pipeline\il2cpp-files\vrfs\general-structure-results\90_plus_uncertain_eye_setup_near_certain\04f6ba2c_FUN_04f6ba2c.c"
"System.Collections.Generic.Comparer<DiagnosticEvent>$$CreateComparer","04f6bab4","79","70_high_framework_support_only_high","uncertain","framework_support_only","framework_or_engine_namespace","setup_only","eye_source;weak_source_state;validity_gate;pose_vector;paired_state_refs","strong_eye_source_hits_1;weak_xr_or_state_hits_1;validity_or_gating_hits_21;strong_pose_or_ray_construction_hits_2;paired_field_refs_with_eye_source;negative_framework_support_context_without_confirmed_app_level_gaze_flow;functionality_eye_api_context_without_clear_sink_hits_1","C:\realDesktop\manifest-evaluations\summer-26\ghidra-pipeline\il2cpp-files\vrfs\general-structure-results\70_high_framework_support_only_high\04f6bab4_System.Collections.Generic.Comparer_DiagnosticEvent_$$CreateComparer.c"
"System.Collections.Generic.Comparer<DiagnosticEvent>$$System.Collections.IComparer.Compare","04f6bedc","79","70_high_framework_support_only_high","uncertain","framework_support_only","framework_or_engine_namespace","setup_only","eye_source;weak_source_state;validity_gate;pose_vector;paired_state_refs","strong_eye_source_hits_1;weak_xr_or_state_hits_1;validity_or_gating_hits_21;strong_pose_or_ray_construction_hits_2;paired_field_refs_with_eye_source;negative_framework_support_context_without_confirmed_app_level_gaze_flow;functionality_eye_api_context_without_clear_sink_hits_1","C:\realDesktop\manifest-evaluations\summer-26\ghidra-pipeline\il2cpp-files\vrfs\general-structure-results\70_high_framework_support_only_high\04f6bedc_System.Collections.Generic.Comparer_DiagnosticEvent_$$System.Collections.IComparer.Compare.c"
"System.Collections.Generic.Comparer<DiagnosticEvent>$$.ctor","04f6c068","79","70_high_framework_support_only_high","uncertain","framework_support_only","framework_or_engine_namespace","setup_only","eye_source;weak_source_state;validity_gate;pose_vector;paired_state_refs","strong_eye_source_hits_1;weak_xr_or_state_hits_1;validity_or_gating_hits_21;strong_pose_or_ray_construction_hits_2;paired_field_refs_with_eye_source;negative_framework_support_context_without_confirmed_app_level_gaze_flow;functionality_eye_api_context_without_clear_sink_hits_1","C:\realDesktop\manifest-evaluations\summer-26\ghidra-pipeline\il2cpp-files\vrfs\general-structure-results\70_high_framework_support_only_high\04f6c068_System.Collections.Generic.Comparer_DiagnosticEvent_$$.ctor.c"
"System.Collections.Generic.Comparer<DictionaryEntry>$$get_Default","04f6c070","79","70_high_framework_support_only_high","uncertain","framework_support_only","framework_or_engine_namespace","setup_only","eye_source;weak_source_state;validity_gate;pose_vector;paired_state_refs","strong_eye_source_hits_1;weak_xr_or_state_hits_1;validity_or_gating_hits_21;strong_pose_or_ray_construction_hits_2;paired_field_refs_with_eye_source;negative_framework_support_context_without_confirmed_app_level_gaze_flow;functionality_eye_api_context_without_clear_sink_hits_1","C:\realDesktop\manifest-evaluations\summer-26\ghidra-pipeline\il2cpp-files\vrfs\general-structure-results\70_high_framework_support_only_high\04f6c070_System.Collections.Generic.Comparer_DictionaryEntry_$$get_Default.c"
"System.Collections.Generic.Comparer<DictionaryEntry>$$CreateComparer","04f6c170","79","70_high_framework_support_only_high","uncertain","framework_support_only","framework_or_engine_namespace","setup_only","eye_source;weak_source_state;validity_gate;pose_vector;paired_state_refs","strong_eye_source_hits_1;weak_xr_or_state_hits_1;validity_or_gating_hits_21;strong_pose_or_ray_construction_hits_2;paired_field_refs_with_eye_source;negative_framework_support_context_without_confirmed_app_level_gaze_flow;functionality_eye_api_context_without_clear_sink_hits_1","C:\realDesktop\manifest-evaluations\summer-26\ghidra-pipeline\il2cpp-files\vrfs\general-structure-results\70_high_framework_support_only_high\04f6c170_System.Collections.Generic.Comparer_DictionaryEntry_$$CreateComparer.c"
"System.Collections.Generic.Comparer<DictionaryEntry>$$System.Collections.IComparer.Compare","04f6c598","79","70_high_framework_support_only_high","uncertain","framework_support_only","framework_or_engine_namespace","setup_only","eye_source;weak_source_state;validity_gate;pose_vector;paired_state_refs","strong_eye_source_hits_1;weak_xr_or_state_hits_1;validity_or_gating_hits_21;strong_pose_or_ray_construction_hits_2;paired_field_refs_with_eye_source;negative_framework_support_context_without_confirmed_app_level_gaze_flow;functionality_eye_api_context_without_clear_sink_hits_1","C:\realDesktop\manifest-evaluations\summer-26\ghidra-pipeline\il2cpp-files\vrfs\general-structure-results\70_high_framework_support_only_high\04f6c598_System.Collections.Generic.Comparer_DictionaryEntry_$$System.Collections.IComparer.Compare.c"
"System.Collections.Generic.Comparer<DictionaryEntry>$$.ctor","04f6c6f0","79","70_high_framework_support_only_high","uncertain","framework_support_only","framework_or_engine_namespace","setup_only","eye_source;weak_source_state;validity_gate;pose_vector;paired_state_refs","strong_eye_source_hits_1;weak_xr_or_state_hits_1;validity_or_gating_hits_16;strong_pose_or_ray_construction_hits_2;paired_field_refs_with_eye_source;negative_framework_support_context_without_confirmed_app_level_gaze_flow;functionality_eye_api_context_without_clear_sink_hits_1","C:\realDesktop\manifest-evaluations\summer-26\ghidra-pipeline\il2cpp-files\vrfs\general-structure-results\70_high_framework_support_only_high\04f6c6f0_System.Collections.Generic.Comparer_DictionaryEntry_$$.ctor.c"
"System.Collections.Generic.Comparer<double>$$get_Default","04f6c6f8","79","70_high_framework_support_only_high","uncertain","framework_support_only","framework_or_engine_namespace","setup_only","eye_source;weak_source_state;validity_gate;pose_vector;paired_state_refs","strong_eye_source_hits_1;weak_xr_or_state_hits_1;validity_or_gating_hits_16;strong_pose_or_ray_construction_hits_2;paired_field_refs_with_eye_source;negative_framework_support_context_without_confirmed_app_level_gaze_flow;functionality_eye_api_context_without_clear_sink_hits_1","C:\realDesktop\manifest-evaluations\summer-26\ghidra-pipeline\il2cpp-files\vrfs\general-structure-results\70_high_framework_support_only_high\04f6c6f8_System.Collections.Generic.Comparer_double_$$get_Default.c"
"System.Collections.Generic.Comparer<double>$$CreateComparer","04f6c7f8","79","70_high_framework_support_only_high","uncertain","framework_support_only","framework_or_engine_namespace","setup_only","eye_source;weak_source_state;validity_gate;pose_vector;paired_state_refs","strong_eye_source_hits_1;weak_xr_or_state_hits_1;validity_or_gating_hits_10;strong_pose_or_ray_construction_hits_2;paired_field_refs_with_eye_source;negative_framework_support_context_without_confirmed_app_level_gaze_flow;functionality_eye_api_context_without_clear_sink_hits_1","C:\realDesktop\manifest-evaluations\summer-26\ghidra-pipeline\il2cpp-files\vrfs\general-structure-results\70_high_framework_support_only_high\04f6c7f8_System.Collections.Generic.Comparer_double_$$CreateComparer.c"
"FUN_04fc799c","04fc799c","78","70_high_uncertain_eye_setup_high","uncertain","eye_tracking_capability_present","app_or_custom_namespace","setup_only","eye_source;weak_source_state;validity_gate;pose_vector","strong_eye_source_hits_1;weak_xr_or_state_hits_1;validity_or_gating_hits_1;strong_pose_or_ray_construction_hits_2;functionality_eye_api_context_without_clear_sink_hits_1","C:\realDesktop\manifest-evaluations\summer-26\ghidra-pipeline\il2cpp-files\vrfs\general-structure-results\70_high_uncertain_eye_setup_high\04fc799c_FUN_04fc799c.c"
"FUN_04fc79b8","04fc79b8","81","70_high_uncertain_eye_setup_high","uncertain","eye_tracking_capability_present","app_or_custom_namespace","setup_only","eye_source;weak_source_state;validity_gate;pose_vector","strong_eye_source_hits_1;weak_xr_or_state_hits_1;validity_or_gating_hits_2;strong_pose_or_ray_construction_hits_2;functionality_eye_api_context_without_clear_sink_hits_1","C:\realDesktop\manifest-evaluations\summer-26\ghidra-pipeline\il2cpp-files\vrfs\general-structure-results\70_high_uncertain_eye_setup_high\04fc79b8_FUN_04fc79b8.c"
"Newtonsoft.Json.Utilities.CollectionWrapper<ModStatsObject>$$System.Collections.IList.Remove","04fc7a80","78","70_high_uncertain_gaze_or_xr_structure_high","uncertain","eye_tracking_capability_present","app_or_custom_namespace","data_collection_or_telemetry","eye_source;weak_source_state;validity_gate;pose_vector","strong_eye_source_hits_1;weak_xr_or_state_hits_1;validity_or_gating_hits_1;strong_pose_or_ray_construction_hits_2;functionality_data_collection_or_telemetry_hits_1","C:\realDesktop\manifest-evaluations\summer-26\ghidra-pipeline\il2cpp-files\vrfs\general-structure-results\70_high_uncertain_gaze_or_xr_structure_high\04fc7a80_Newtonsoft.Json.Utilities.CollectionWrapper_ModStatsObject_$$System.Collections.IList.Remove.c"
"FUN_04fc8b4c","04fc8b4c","78","70_high_uncertain_eye_setup_high","uncertain","eye_tracking_capability_present","app_or_custom_namespace","setup_only","eye_source;weak_source_state;validity_gate;pose_vector","strong_eye_source_hits_1;weak_xr_or_state_hits_1;validity_or_gating_hits_1;strong_pose_or_ray_construction_hits_2;functionality_eye_api_context_without_clear_sink_hits_1","C:\realDesktop\manifest-evaluations\summer-26\ghidra-pipeline\il2cpp-files\vrfs\general-structure-results\70_high_uncertain_eye_setup_high\04fc8b4c_FUN_04fc8b4c.c"
