rank,manual_priority_score,manual_tier,function_name,entry_point,scanner_score,scanner_label,modules,evidence,priority_reasons,file_path,copied_file
1,278,A_must_review,FUN_0401e53c,0401e53c,152,90_plus_attempted_dynamic_eye_tracked_foveation_near_certain,eye_source; weak_source_state; validity_gate; telemetry; foveation_rendering; attempted_use; dynamic_foveation_possible,strong_eye_source_hits_2; weak_xr_or_state_hits_2; validity_or_gating_hits_1; telemetry_or_network_hits_1; strong_foveation_hits_1; attempted_eye_tracking_permission_or_feature_enable; attempted_eye_tracking_with_foveated_rendering_path; functionality_permission_setup; functionality_foveated_rendering; functionality_data_collection_or_telemetry_hits_1,base_scanner_score_152; module_bonus_validity_gate_8; module_bonus_telemetry_20; module_bonus_foveation_rendering_20; evidence_bonus_telemetry_or_network_hits_12; sensitive_sink_telemetry_bonus_15; sensitive_sink_foveation_bonus_12; keyword_support_eye_or_gaze_5_bonus_20; keyword_support_sdk_1_bonus_3; keyword_support_collection_or_telemetry_4_bonus_16,C:\realDesktop\manifest-evaluations\summer-26\ghidra-pipeline\il2cpp-files\Gorillavs100Men\general-structure-results\90_plus_attempted_dynamic_eye_tracked_foveation_near_certain\0401e53c_FUN_0401e53c.c,C:\realDesktop\manifest-evaluations\summer-26\ghidra-pipeline\il2cpp-files\Gorillavs100Men\manual-review-pack\A_must_review\001_p278_FUN_0401e53c.c
2,223,A_must_review,UnityEngine.XR.OpenXR.OpenXRSettings$$Internal_HasRequestedEyeTrackingPermissions,03f1e53c,105,90_plus_framework_support_only_near_certain,eye_source; weak_source_state; validity_gate; ray_interaction; telemetry,strong_eye_source_hits_2; weak_xr_or_state_hits_6; validity_or_gating_hits_9; ray_or_cast_sink_hits_1; telemetry_or_network_hits_2; negative_framework_support_context_without_confirmed_app_level_gaze_flow; functionality_permission_setup; functionality_data_collection_or_telemetry_hits_2,base_scanner_score_105; module_bonus_validity_gate_8; module_bonus_ray_interaction_15; module_bonus_telemetry_20; evidence_bonus_telemetry_or_network_hits_12; sensitive_sink_telemetry_bonus_15; keyword_support_eye_or_gaze_5_bonus_20; keyword_support_sdk_4_bonus_12; keyword_support_collection_or_telemetry_4_bonus_16,C:\realDesktop\manifest-evaluations\summer-26\ghidra-pipeline\il2cpp-files\Gorillavs100Men\general-structure-results\90_plus_framework_support_only_near_certain\03f1e53c_UnityEngine.XR.OpenXR.OpenXRSettings$$Internal_HasRequestedEyeTrackingPermissions.c,C:\realDesktop\manifest-evaluations\summer-26\ghidra-pipeline\il2cpp-files\Gorillavs100Men\manual-review-pack\A_must_review\002_p223_UnityEngine.XR.OpenXR.OpenXRSettings$$Internal_HasRequestedEyeTrackingPermissions.c
3,202,A_must_review,Unity.XR.Oculus.NativeMethods$$SetEyeTrackedFoveatedRenderingEnabled,03f151d8,137,90_plus_framework_foveated_rendering_support_or_attempt_near_certain,eye_source; weak_source_state; validity_gate; foveation_rendering; frame_behavior; attempted_use; dynamic_foveation_possible,strong_eye_source_hits_4; weak_xr_or_state_hits_2; validity_or_gating_hits_14; strong_foveation_hits_2; frame_or_lifecycle_behavior; attempted_eye_tracking_permission_or_feature_enable; attempted_eye_tracking_with_foveated_rendering_path; negative_framework_support_context_without_confirmed_app_level_gaze_flow; framework_foveation_support_not_confirmed_dynamic_eye_tracking; functionality_foveated_rendering,base_scanner_score_137; module_bonus_validity_gate_8; module_bonus_foveation_rendering_20; module_bonus_frame_behavior_5; sensitive_sink_foveation_bonus_12; keyword_support_eye_or_gaze_5_bonus_20,C:\realDesktop\manifest-evaluations\summer-26\ghidra-pipeline\il2cpp-files\Gorillavs100Men\general-structure-results\90_plus_framework_foveated_rendering_support_or_attempt_near_certain\03f151d8_Unity.XR.Oculus.NativeMethods$$SetEyeTrackedFoveatedRenderingEnabled.c,C:\realDesktop\manifest-evaluations\summer-26\ghidra-pipeline\il2cpp-files\Gorillavs100Men\manual-review-pack\A_must_review\003_p202_Unity.XR.Oculus.NativeMethods$$SetEyeTrackedFoveatedRenderingEnabled.c
4,195,A_must_review,FUN_03e97b00,03e97b00,89,70_high_general_structure_review_high,validity_gate; ray_interaction; ui_interaction; telemetry,validity_or_gating_hits_21; ray_or_cast_sink_hits_1; ui_or_gameplay_sink_hits_21; telemetry_or_network_hits_21; cap_below_near_certain_without_eye_anchor_or_ordered_structure,base_scanner_score_89; module_bonus_validity_gate_8; module_bonus_ray_interaction_15; module_bonus_ui_interaction_12; module_bonus_telemetry_20; evidence_bonus_telemetry_or_network_hits_12; sensitive_sink_telemetry_bonus_15; keyword_support_eye_or_gaze_2_bonus_8; keyword_support_collection_or_telemetry_4_bonus_16,C:\realDesktop\manifest-evaluations\summer-26\ghidra-pipeline\il2cpp-files\Gorillavs100Men\general-structure-results\70_high_general_structure_review_high\03e97b00_FUN_03e97b00.c,C:\realDesktop\manifest-evaluations\summer-26\ghidra-pipeline\il2cpp-files\Gorillavs100Men\manual-review-pack\A_must_review\004_p195_FUN_03e97b00.c
5,195,A_must_review,FUN_0397d208,0397d208,89,70_high_general_structure_review_high,validity_gate; ray_interaction; ui_interaction; telemetry,validity_or_gating_hits_17; ray_or_cast_sink_hits_2; ui_or_gameplay_sink_hits_9; telemetry_or_network_hits_9; cap_below_near_certain_without_eye_anchor_or_ordered_structure,base_scanner_score_89; module_bonus_validity_gate_8; module_bonus_ray_interaction_15; module_bonus_ui_interaction_12; module_bonus_telemetry_20; evidence_bonus_telemetry_or_network_hits_12; sensitive_sink_telemetry_bonus_15; keyword_support_eye_or_gaze_2_bonus_8; keyword_support_collection_or_telemetry_4_bonus_16,C:\realDesktop\manifest-evaluations\summer-26\ghidra-pipeline\il2cpp-files\Gorillavs100Men\general-structure-results\70_high_general_structure_review_high\0397d208_FUN_0397d208.c,C:\realDesktop\manifest-evaluations\summer-26\ghidra-pipeline\il2cpp-files\Gorillavs100Men\manual-review-pack\A_must_review\005_p195_FUN_0397d208.c
6,190,A_must_review,FUN_0401ea30,0401ea30,127,90_plus_attempted_dynamic_eye_tracked_foveation_near_certain,eye_source; weak_source_state; validity_gate; foveation_rendering; attempted_use; dynamic_foveation_possible,strong_eye_source_hits_2; weak_xr_or_state_hits_3; validity_or_gating_hits_1; strong_foveation_hits_1; attempted_eye_tracking_permission_or_feature_enable; attempted_eye_tracking_with_foveated_rendering_path; functionality_permission_setup; functionality_foveated_rendering,base_scanner_score_127; module_bonus_validity_gate_8; module_bonus_foveation_rendering_20; sensitive_sink_foveation_bonus_12; keyword_support_eye_or_gaze_5_bonus_20; keyword_support_sdk_1_bonus_3,C:\realDesktop\manifest-evaluations\summer-26\ghidra-pipeline\il2cpp-files\Gorillavs100Men\general-structure-results\90_plus_attempted_dynamic_eye_tracked_foveation_near_certain\0401ea30_FUN_0401ea30.c,C:\realDesktop\manifest-evaluations\summer-26\ghidra-pipeline\il2cpp-files\Gorillavs100Men\manual-review-pack\A_must_review\006_p190_FUN_0401ea30.c
7,189,A_must_review,FUN_03f1e3f8,03f1e3f8,92,90_plus_uncertain_gaze_or_xr_structure_near_certain,eye_source; weak_source_state; validity_gate; telemetry,strong_eye_source_hits_1; weak_xr_or_state_hits_3; validity_or_gating_hits_2; telemetry_or_network_hits_1; functionality_permission_setup; functionality_data_collection_or_telemetry_hits_1,base_scanner_score_92; module_bonus_validity_gate_8; module_bonus_telemetry_20; evidence_bonus_telemetry_or_network_hits_12; sensitive_sink_telemetry_bonus_15; keyword_support_eye_or_gaze_5_bonus_20; keyword_support_sdk_2_bonus_6; keyword_support_collection_or_telemetry_4_bonus_16,C:\realDesktop\manifest-evaluations\summer-26\ghidra-pipeline\il2cpp-files\Gorillavs100Men\general-structure-results\90_plus_uncertain_gaze_or_xr_structure_near_certain\03f1e3f8_FUN_03f1e3f8.c,C:\realDesktop\manifest-evaluations\summer-26\ghidra-pipeline\il2cpp-files\Gorillavs100Men\manual-review-pack\A_must_review\007_p189_FUN_03f1e3f8.c
8,188,A_must_review,FUN_0401da70,0401da70,125,90_plus_attempted_dynamic_eye_tracked_foveation_near_certain,eye_source; weak_source_state; validity_gate; foveation_rendering; attempted_use; dynamic_foveation_possible,strong_eye_source_hits_2; weak_xr_or_state_hits_2; validity_or_gating_hits_1; strong_foveation_hits_1; attempted_eye_tracking_permission_or_feature_enable; attempted_eye_tracking_with_foveated_rendering_path; functionality_permission_setup; functionality_foveated_rendering,base_scanner_score_125; module_bonus_validity_gate_8; module_bonus_foveation_rendering_20; sensitive_sink_foveation_bonus_12; keyword_support_eye_or_gaze_5_bonus_20; keyword_support_sdk_1_bonus_3,C:\realDesktop\manifest-evaluations\summer-26\ghidra-pipeline\il2cpp-files\Gorillavs100Men\general-structure-results\90_plus_attempted_dynamic_eye_tracked_foveation_near_certain\0401da70_FUN_0401da70.c,C:\realDesktop\manifest-evaluations\summer-26\ghidra-pipeline\il2cpp-files\Gorillavs100Men\manual-review-pack\A_must_review\008_p188_FUN_0401da70.c
9,187,A_must_review,UnityEngine.InputSystem.XR.Eyes$$set_leftEyePosition,03a440e4,149,90_plus_possible_eye_biometrics_near_certain,eye_source; weak_source_state; validity_gate; pose_vector; active_gaze_retrieval; possible_biometrics,strong_eye_source_hits_2; weak_xr_or_state_hits_2; validity_or_gating_hits_4; strong_pose_or_ray_construction_hits_2; active_gaze_state_retrieval_with_validity_and_pose; possible_biometric_feature_from_active_eye_context; functionality_possible_biometrics_hits_2,base_scanner_score_149; module_bonus_validity_gate_8; module_bonus_pose_vector_10; keyword_support_eye_or_gaze_5_bonus_20,C:\realDesktop\manifest-evaluations\summer-26\ghidra-pipeline\il2cpp-files\Gorillavs100Men\general-structure-results\90_plus_possible_eye_biometrics_near_certain\03a440e4_UnityEngine.InputSystem.XR.Eyes$$set_leftEyePosition.c,C:\realDesktop\manifest-evaluations\summer-26\ghidra-pipeline\il2cpp-files\Gorillavs100Men\manual-review-pack\A_must_review\009_p187_UnityEngine.InputSystem.XR.Eyes$$set_leftEyePosition.c
10,187,A_must_review,UnityEngine.InputSystem.XR.Eyes$$get_rightEyeRotation,03a44120,149,90_plus_possible_eye_biometrics_near_certain,eye_source; weak_source_state; validity_gate; pose_vector; active_gaze_retrieval; possible_biometrics,strong_eye_source_hits_2; weak_xr_or_state_hits_2; validity_or_gating_hits_4; strong_pose_or_ray_construction_hits_2; active_gaze_state_retrieval_with_validity_and_pose; possible_biometric_feature_from_active_eye_context; functionality_possible_biometrics_hits_2,base_scanner_score_149; module_bonus_validity_gate_8; module_bonus_pose_vector_10; keyword_support_eye_or_gaze_5_bonus_20,C:\realDesktop\manifest-evaluations\summer-26\ghidra-pipeline\il2cpp-files\Gorillavs100Men\general-structure-results\90_plus_possible_eye_biometrics_near_certain\03a44120_UnityEngine.InputSystem.XR.Eyes$$get_rightEyeRotation.c,C:\realDesktop\manifest-evaluations\summer-26\ghidra-pipeline\il2cpp-files\Gorillavs100Men\manual-review-pack\A_must_review\010_p187_UnityEngine.InputSystem.XR.Eyes$$get_rightEyeRotation.c
11,187,A_must_review,UnityEngine.InputSystem.XR.Eyes$$get_leftEyeRotation,03a440f0,149,90_plus_possible_eye_biometrics_near_certain,eye_source; weak_source_state; validity_gate; pose_vector; active_gaze_retrieval; possible_biometrics,strong_eye_source_hits_2; weak_xr_or_state_hits_2; validity_or_gating_hits_4; strong_pose_or_ray_construction_hits_2; active_gaze_state_retrieval_with_validity_and_pose; possible_biometric_feature_from_active_eye_context; functionality_possible_biometrics_hits_2,base_scanner_score_149; module_bonus_validity_gate_8; module_bonus_pose_vector_10; keyword_support_eye_or_gaze_5_bonus_20,C:\realDesktop\manifest-evaluations\summer-26\ghidra-pipeline\il2cpp-files\Gorillavs100Men\general-structure-results\90_plus_possible_eye_biometrics_near_certain\03a440f0_UnityEngine.InputSystem.XR.Eyes$$get_leftEyeRotation.c,C:\realDesktop\manifest-evaluations\summer-26\ghidra-pipeline\il2cpp-files\Gorillavs100Men\manual-review-pack\A_must_review\011_p187_UnityEngine.InputSystem.XR.Eyes$$get_leftEyeRotation.c
12,187,A_must_review,UnityEngine.InputSystem.XR.Eyes$$get_leftEyePosition,03a440d8,149,90_plus_possible_eye_biometrics_near_certain,eye_source; weak_source_state; validity_gate; pose_vector; active_gaze_retrieval; possible_biometrics,strong_eye_source_hits_2; weak_xr_or_state_hits_2; validity_or_gating_hits_4; strong_pose_or_ray_construction_hits_2; active_gaze_state_retrieval_with_validity_and_pose; possible_biometric_feature_from_active_eye_context; functionality_possible_biometrics_hits_2,base_scanner_score_149; module_bonus_validity_gate_8; module_bonus_pose_vector_10; keyword_support_eye_or_gaze_5_bonus_20,C:\realDesktop\manifest-evaluations\summer-26\ghidra-pipeline\il2cpp-files\Gorillavs100Men\general-structure-results\90_plus_possible_eye_biometrics_near_certain\03a440d8_UnityEngine.InputSystem.XR.Eyes$$get_leftEyePosition.c,C:\realDesktop\manifest-evaluations\summer-26\ghidra-pipeline\il2cpp-files\Gorillavs100Men\manual-review-pack\A_must_review\012_p187_UnityEngine.InputSystem.XR.Eyes$$get_leftEyePosition.c
13,186,A_must_review,Unity.Cinemachine.CinemachineAutoFocus$$PostPipelineStageCallback,0393fca4,84,70_high_general_structure_review_high,validity_gate; ray_interaction; ui_interaction; telemetry,validity_or_gating_hits_4; ray_or_cast_sink_hits_1; ui_or_gameplay_sink_hits_2; telemetry_or_network_hits_2,base_scanner_score_84; module_bonus_validity_gate_8; module_bonus_ray_interaction_15; module_bonus_ui_interaction_12; module_bonus_telemetry_20; evidence_bonus_telemetry_or_network_hits_12; sensitive_sink_telemetry_bonus_15; keyword_support_eye_or_gaze_1_bonus_4; keyword_support_collection_or_telemetry_4_bonus_16,C:\realDesktop\manifest-evaluations\summer-26\ghidra-pipeline\il2cpp-files\Gorillavs100Men\general-structure-results\70_high_general_structure_review_high\0393fca4_Unity.Cinemachine.CinemachineAutoFocus$$PostPipelineStageCallback.c,C:\realDesktop\manifest-evaluations\summer-26\ghidra-pipeline\il2cpp-files\Gorillavs100Men\manual-review-pack\A_must_review\013_p186_Unity.Cinemachine.CinemachineAutoFocus$$PostPipelineStageCallback.c
14,184,A_must_review,UnityEngine.InputSystem.XR.Eyes$$set_rightEyeRotation,03a4412c,146,90_plus_possible_eye_biometrics_near_certain,eye_source; weak_source_state; validity_gate; pose_vector; active_gaze_retrieval; possible_biometrics,strong_eye_source_hits_2; weak_xr_or_state_hits_2; validity_or_gating_hits_3; strong_pose_or_ray_construction_hits_2; active_gaze_state_retrieval_with_validity_and_pose; possible_biometric_feature_from_active_eye_context; functionality_possible_biometrics_hits_2,base_scanner_score_146; module_bonus_validity_gate_8; module_bonus_pose_vector_10; keyword_support_eye_or_gaze_5_bonus_20,C:\realDesktop\manifest-evaluations\summer-26\ghidra-pipeline\il2cpp-files\Gorillavs100Men\general-structure-results\90_plus_possible_eye_biometrics_near_certain\03a4412c_UnityEngine.InputSystem.XR.Eyes$$set_rightEyeRotation.c,C:\realDesktop\manifest-evaluations\summer-26\ghidra-pipeline\il2cpp-files\Gorillavs100Men\manual-review-pack\A_must_review\014_p184_UnityEngine.InputSystem.XR.Eyes$$set_rightEyeRotation.c
15,184,A_must_review,UnityEngine.InputSystem.XR.Eyes$$set_rightEyePosition,03a44114,146,90_plus_possible_eye_biometrics_near_certain,eye_source; weak_source_state; validity_gate; pose_vector; active_gaze_retrieval; possible_biometrics,strong_eye_source_hits_2; weak_xr_or_state_hits_2; validity_or_gating_hits_3; strong_pose_or_ray_construction_hits_2; active_gaze_state_retrieval_with_validity_and_pose; possible_biometric_feature_from_active_eye_context; functionality_possible_biometrics_hits_2,base_scanner_score_146; module_bonus_validity_gate_8; module_bonus_pose_vector_10; keyword_support_eye_or_gaze_5_bonus_20,C:\realDesktop\manifest-evaluations\summer-26\ghidra-pipeline\il2cpp-files\Gorillavs100Men\general-structure-results\90_plus_possible_eye_biometrics_near_certain\03a44114_UnityEngine.InputSystem.XR.Eyes$$set_rightEyePosition.c,C:\realDesktop\manifest-evaluations\summer-26\ghidra-pipeline\il2cpp-files\Gorillavs100Men\manual-review-pack\A_must_review\015_p184_UnityEngine.InputSystem.XR.Eyes$$set_rightEyePosition.c
16,184,A_must_review,UnityEngine.InputSystem.XR.Eyes$$set_leftEyeRotation,03a440fc,146,90_plus_possible_eye_biometrics_near_certain,eye_source; weak_source_state; validity_gate; pose_vector; active_gaze_retrieval; possible_biometrics,strong_eye_source_hits_2; weak_xr_or_state_hits_2; validity_or_gating_hits_3; strong_pose_or_ray_construction_hits_2; active_gaze_state_retrieval_with_validity_and_pose; possible_biometric_feature_from_active_eye_context; functionality_possible_biometrics_hits_2,base_scanner_score_146; module_bonus_validity_gate_8; module_bonus_pose_vector_10; keyword_support_eye_or_gaze_5_bonus_20,C:\realDesktop\manifest-evaluations\summer-26\ghidra-pipeline\il2cpp-files\Gorillavs100Men\general-structure-results\90_plus_possible_eye_biometrics_near_certain\03a440fc_UnityEngine.InputSystem.XR.Eyes$$set_leftEyeRotation.c,C:\realDesktop\manifest-evaluations\summer-26\ghidra-pipeline\il2cpp-files\Gorillavs100Men\manual-review-pack\A_must_review\016_p184_UnityEngine.InputSystem.XR.Eyes$$set_leftEyeRotation.c
17,184,A_must_review,UnityEngine.InputSystem.XR.Eyes$$get_rightEyePosition,03a44108,146,90_plus_possible_eye_biometrics_near_certain,eye_source; weak_source_state; validity_gate; pose_vector; active_gaze_retrieval; possible_biometrics,strong_eye_source_hits_2; weak_xr_or_state_hits_2; validity_or_gating_hits_3; strong_pose_or_ray_construction_hits_2; active_gaze_state_retrieval_with_validity_and_pose; possible_biometric_feature_from_active_eye_context; functionality_possible_biometrics_hits_2,base_scanner_score_146; module_bonus_validity_gate_8; module_bonus_pose_vector_10; keyword_support_eye_or_gaze_5_bonus_20,C:\realDesktop\manifest-evaluations\summer-26\ghidra-pipeline\il2cpp-files\Gorillavs100Men\general-structure-results\90_plus_possible_eye_biometrics_near_certain\03a44108_UnityEngine.InputSystem.XR.Eyes$$get_rightEyePosition.c,C:\realDesktop\manifest-evaluations\summer-26\ghidra-pipeline\il2cpp-files\Gorillavs100Men\manual-review-pack\A_must_review\017_p184_UnityEngine.InputSystem.XR.Eyes$$get_rightEyePosition.c
18,182,A_must_review,Unity.XR.Oculus.Utils$$set_eyeTrackedFoveatedRenderingEnabled,03f1567c,122,90_plus_framework_foveated_rendering_support_or_attempt_near_certain,eye_source; weak_source_state; validity_gate; foveation_rendering; attempted_use; dynamic_foveation_possible,strong_eye_source_hits_4; weak_xr_or_state_hits_2; validity_or_gating_hits_1; strong_foveation_hits_2; attempted_eye_tracking_permission_or_feature_enable; attempted_eye_tracking_with_foveated_rendering_path; negative_framework_support_context_without_confirmed_app_level_gaze_flow; framework_foveation_support_not_confirmed_dynamic_eye_tracking; functionality_foveated_rendering,base_scanner_score_122; module_bonus_validity_gate_8; module_bonus_foveation_rendering_20; sensitive_sink_foveation_bonus_12; keyword_support_eye_or_gaze_5_bonus_20,C:\realDesktop\manifest-evaluations\summer-26\ghidra-pipeline\il2cpp-files\Gorillavs100Men\general-structure-results\90_plus_framework_foveated_rendering_support_or_attempt_near_certain\03f1567c_Unity.XR.Oculus.Utils$$set_eyeTrackedFoveatedRenderingEnabled.c,C:\realDesktop\manifest-evaluations\summer-26\ghidra-pipeline\il2cpp-files\Gorillavs100Men\manual-review-pack\A_must_review\018_p182_Unity.XR.Oculus.Utils$$set_eyeTrackedFoveatedRenderingEnabled.c
19,178,A_must_review,UnityEngine.InputSystem.XR.XRHMD$$set_rightEyeRotation,03a40c9c,140,90_plus_possible_eye_biometrics_near_certain,eye_source; validity_gate; pose_vector; active_gaze_retrieval; possible_biometrics,strong_eye_source_hits_2; validity_or_gating_hits_18; strong_pose_or_ray_construction_hits_2; active_gaze_state_retrieval_with_validity_and_pose; possible_biometric_feature_from_active_eye_context; functionality_possible_biometrics_hits_2,base_scanner_score_140; module_bonus_validity_gate_8; module_bonus_pose_vector_10; keyword_support_eye_or_gaze_5_bonus_20,C:\realDesktop\manifest-evaluations\summer-26\ghidra-pipeline\il2cpp-files\Gorillavs100Men\general-structure-results\90_plus_possible_eye_biometrics_near_certain\03a40c9c_UnityEngine.InputSystem.XR.XRHMD$$set_rightEyeRotation.c,C:\realDesktop\manifest-evaluations\summer-26\ghidra-pipeline\il2cpp-files\Gorillavs100Men\manual-review-pack\A_must_review\019_p178_UnityEngine.InputSystem.XR.XRHMD$$set_rightEyeRotation.c
20,178,A_must_review,UnityEngine.InputSystem.XR.XRHMD$$set_rightEyePosition,03a40c84,140,90_plus_possible_eye_biometrics_near_certain,eye_source; validity_gate; pose_vector; active_gaze_retrieval; possible_biometrics,strong_eye_source_hits_2; validity_or_gating_hits_18; strong_pose_or_ray_construction_hits_2; active_gaze_state_retrieval_with_validity_and_pose; possible_biometric_feature_from_active_eye_context; functionality_possible_biometrics_hits_2,base_scanner_score_140; module_bonus_validity_gate_8; module_bonus_pose_vector_10; keyword_support_eye_or_gaze_5_bonus_20,C:\realDesktop\manifest-evaluations\summer-26\ghidra-pipeline\il2cpp-files\Gorillavs100Men\general-structure-results\90_plus_possible_eye_biometrics_near_certain\03a40c84_UnityEngine.InputSystem.XR.XRHMD$$set_rightEyePosition.c,C:\realDesktop\manifest-evaluations\summer-26\ghidra-pipeline\il2cpp-files\Gorillavs100Men\manual-review-pack\A_must_review\020_p178_UnityEngine.InputSystem.XR.XRHMD$$set_rightEyePosition.c
21,178,A_must_review,UnityEngine.InputSystem.XR.XRHMD$$set_leftEyeRotation,03a40c6c,140,90_plus_possible_eye_biometrics_near_certain,eye_source; validity_gate; pose_vector; active_gaze_retrieval; possible_biometrics,strong_eye_source_hits_2; validity_or_gating_hits_18; strong_pose_or_ray_construction_hits_2; active_gaze_state_retrieval_with_validity_and_pose; possible_biometric_feature_from_active_eye_context; functionality_possible_biometrics_hits_2,base_scanner_score_140; module_bonus_validity_gate_8; module_bonus_pose_vector_10; keyword_support_eye_or_gaze_5_bonus_20,C:\realDesktop\manifest-evaluations\summer-26\ghidra-pipeline\il2cpp-files\Gorillavs100Men\general-structure-results\90_plus_possible_eye_biometrics_near_certain\03a40c6c_UnityEngine.InputSystem.XR.XRHMD$$set_leftEyeRotation.c,C:\realDesktop\manifest-evaluations\summer-26\ghidra-pipeline\il2cpp-files\Gorillavs100Men\manual-review-pack\A_must_review\021_p178_UnityEngine.InputSystem.XR.XRHMD$$set_leftEyeRotation.c
22,178,A_must_review,UnityEngine.InputSystem.XR.XRHMD$$set_leftEyePosition,03a40c54,140,90_plus_possible_eye_biometrics_near_certain,eye_source; validity_gate; pose_vector; active_gaze_retrieval; possible_biometrics,strong_eye_source_hits_2; validity_or_gating_hits_19; strong_pose_or_ray_construction_hits_2; active_gaze_state_retrieval_with_validity_and_pose; possible_biometric_feature_from_active_eye_context; functionality_possible_biometrics_hits_2,base_scanner_score_140; module_bonus_validity_gate_8; module_bonus_pose_vector_10; keyword_support_eye_or_gaze_5_bonus_20,C:\realDesktop\manifest-evaluations\summer-26\ghidra-pipeline\il2cpp-files\Gorillavs100Men\general-structure-results\90_plus_possible_eye_biometrics_near_certain\03a40c54_UnityEngine.InputSystem.XR.XRHMD$$set_leftEyePosition.c,C:\realDesktop\manifest-evaluations\summer-26\ghidra-pipeline\il2cpp-files\Gorillavs100Men\manual-review-pack\A_must_review\022_p178_UnityEngine.InputSystem.XR.XRHMD$$set_leftEyePosition.c
23,178,A_must_review,UnityEngine.InputSystem.XR.XRHMD$$get_rightEyeRotation,03a40c94,140,90_plus_possible_eye_biometrics_near_certain,eye_source; validity_gate; pose_vector; active_gaze_retrieval; possible_biometrics,strong_eye_source_hits_2; validity_or_gating_hits_18; strong_pose_or_ray_construction_hits_2; active_gaze_state_retrieval_with_validity_and_pose; possible_biometric_feature_from_active_eye_context; functionality_possible_biometrics_hits_2,base_scanner_score_140; module_bonus_validity_gate_8; module_bonus_pose_vector_10; keyword_support_eye_or_gaze_5_bonus_20,C:\realDesktop\manifest-evaluations\summer-26\ghidra-pipeline\il2cpp-files\Gorillavs100Men\general-structure-results\90_plus_possible_eye_biometrics_near_certain\03a40c94_UnityEngine.InputSystem.XR.XRHMD$$get_rightEyeRotation.c,C:\realDesktop\manifest-evaluations\summer-26\ghidra-pipeline\il2cpp-files\Gorillavs100Men\manual-review-pack\A_must_review\023_p178_UnityEngine.InputSystem.XR.XRHMD$$get_rightEyeRotation.c
24,178,A_must_review,UnityEngine.InputSystem.XR.XRHMD$$get_rightEyePosition,03a40c7c,140,90_plus_possible_eye_biometrics_near_certain,eye_source; validity_gate; pose_vector; active_gaze_retrieval; possible_biometrics,strong_eye_source_hits_2; validity_or_gating_hits_18; strong_pose_or_ray_construction_hits_2; active_gaze_state_retrieval_with_validity_and_pose; possible_biometric_feature_from_active_eye_context; functionality_possible_biometrics_hits_2,base_scanner_score_140; module_bonus_validity_gate_8; module_bonus_pose_vector_10; keyword_support_eye_or_gaze_5_bonus_20,C:\realDesktop\manifest-evaluations\summer-26\ghidra-pipeline\il2cpp-files\Gorillavs100Men\general-structure-results\90_plus_possible_eye_biometrics_near_certain\03a40c7c_UnityEngine.InputSystem.XR.XRHMD$$get_rightEyePosition.c,C:\realDesktop\manifest-evaluations\summer-26\ghidra-pipeline\il2cpp-files\Gorillavs100Men\manual-review-pack\A_must_review\024_p178_UnityEngine.InputSystem.XR.XRHMD$$get_rightEyePosition.c
25,178,A_must_review,UnityEngine.InputSystem.XR.XRHMD$$get_leftEyeRotation,03a40c64,140,90_plus_possible_eye_biometrics_near_certain,eye_source; validity_gate; pose_vector; active_gaze_retrieval; possible_biometrics,strong_eye_source_hits_2; validity_or_gating_hits_19; strong_pose_or_ray_construction_hits_2; active_gaze_state_retrieval_with_validity_and_pose; possible_biometric_feature_from_active_eye_context; functionality_possible_biometrics_hits_2,base_scanner_score_140; module_bonus_validity_gate_8; module_bonus_pose_vector_10; keyword_support_eye_or_gaze_5_bonus_20,C:\realDesktop\manifest-evaluations\summer-26\ghidra-pipeline\il2cpp-files\Gorillavs100Men\general-structure-results\90_plus_possible_eye_biometrics_near_certain\03a40c64_UnityEngine.InputSystem.XR.XRHMD$$get_leftEyeRotation.c,C:\realDesktop\manifest-evaluations\summer-26\ghidra-pipeline\il2cpp-files\Gorillavs100Men\manual-review-pack\A_must_review\025_p178_UnityEngine.InputSystem.XR.XRHMD$$get_leftEyeRotation.c
26,178,A_must_review,UnityEngine.InputSystem.XR.XRHMD$$get_leftEyePosition,03a40c4c,140,90_plus_possible_eye_biometrics_near_certain,eye_source; validity_gate; pose_vector; active_gaze_retrieval; possible_biometrics,strong_eye_source_hits_2; validity_or_gating_hits_19; strong_pose_or_ray_construction_hits_2; active_gaze_state_retrieval_with_validity_and_pose; possible_biometric_feature_from_active_eye_context; functionality_possible_biometrics_hits_2,base_scanner_score_140; module_bonus_validity_gate_8; module_bonus_pose_vector_10; keyword_support_eye_or_gaze_5_bonus_20,C:\realDesktop\manifest-evaluations\summer-26\ghidra-pipeline\il2cpp-files\Gorillavs100Men\general-structure-results\90_plus_possible_eye_biometrics_near_certain\03a40c4c_UnityEngine.InputSystem.XR.XRHMD$$get_leftEyePosition.c,C:\realDesktop\manifest-evaluations\summer-26\ghidra-pipeline\il2cpp-files\Gorillavs100Men\manual-review-pack\A_must_review\026_p178_UnityEngine.InputSystem.XR.XRHMD$$get_leftEyePosition.c
27,178,A_must_review,UnityEngine.InputSystem.XR.EyesControl$$set_rightEyeRotation,03a444fc,140,90_plus_possible_eye_biometrics_near_certain,eye_source; validity_gate; pose_vector; active_gaze_retrieval; possible_biometrics,strong_eye_source_hits_2; validity_or_gating_hits_4; strong_pose_or_ray_construction_hits_2; active_gaze_state_retrieval_with_validity_and_pose; possible_biometric_feature_from_active_eye_context; functionality_possible_biometrics_hits_2,base_scanner_score_140; module_bonus_validity_gate_8; module_bonus_pose_vector_10; keyword_support_eye_or_gaze_5_bonus_20,C:\realDesktop\manifest-evaluations\summer-26\ghidra-pipeline\il2cpp-files\Gorillavs100Men\general-structure-results\90_plus_possible_eye_biometrics_near_certain\03a444fc_UnityEngine.InputSystem.XR.EyesControl$$set_rightEyeRotation.c,C:\realDesktop\manifest-evaluations\summer-26\ghidra-pipeline\il2cpp-files\Gorillavs100Men\manual-review-pack\A_must_review\027_p178_UnityEngine.InputSystem.XR.EyesControl$$set_rightEyeRotation.c
28,178,A_must_review,UnityEngine.InputSystem.XR.EyesControl$$set_rightEyePosition,03a444e4,140,90_plus_possible_eye_biometrics_near_certain,eye_source; validity_gate; pose_vector; active_gaze_retrieval; possible_biometrics,strong_eye_source_hits_2; validity_or_gating_hits_4; strong_pose_or_ray_construction_hits_2; active_gaze_state_retrieval_with_validity_and_pose; possible_biometric_feature_from_active_eye_context; functionality_possible_biometrics_hits_2,base_scanner_score_140; module_bonus_validity_gate_8; module_bonus_pose_vector_10; keyword_support_eye_or_gaze_5_bonus_20,C:\realDesktop\manifest-evaluations\summer-26\ghidra-pipeline\il2cpp-files\Gorillavs100Men\general-structure-results\90_plus_possible_eye_biometrics_near_certain\03a444e4_UnityEngine.InputSystem.XR.EyesControl$$set_rightEyePosition.c,C:\realDesktop\manifest-evaluations\summer-26\ghidra-pipeline\il2cpp-files\Gorillavs100Men\manual-review-pack\A_must_review\028_p178_UnityEngine.InputSystem.XR.EyesControl$$set_rightEyePosition.c
29,178,A_must_review,UnityEngine.InputSystem.XR.EyesControl$$set_leftEyeRotation,03a444cc,140,90_plus_possible_eye_biometrics_near_certain,eye_source; validity_gate; pose_vector; active_gaze_retrieval; possible_biometrics,strong_eye_source_hits_2; validity_or_gating_hits_4; strong_pose_or_ray_construction_hits_2; active_gaze_state_retrieval_with_validity_and_pose; possible_biometric_feature_from_active_eye_context; functionality_possible_biometrics_hits_2,base_scanner_score_140; module_bonus_validity_gate_8; module_bonus_pose_vector_10; keyword_support_eye_or_gaze_5_bonus_20,C:\realDesktop\manifest-evaluations\summer-26\ghidra-pipeline\il2cpp-files\Gorillavs100Men\general-structure-results\90_plus_possible_eye_biometrics_near_certain\03a444cc_UnityEngine.InputSystem.XR.EyesControl$$set_leftEyeRotation.c,C:\realDesktop\manifest-evaluations\summer-26\ghidra-pipeline\il2cpp-files\Gorillavs100Men\manual-review-pack\A_must_review\029_p178_UnityEngine.InputSystem.XR.EyesControl$$set_leftEyeRotation.c
30,178,A_must_review,UnityEngine.InputSystem.XR.EyesControl$$set_leftEyePosition,03a444b4,140,90_plus_possible_eye_biometrics_near_certain,eye_source; validity_gate; pose_vector; active_gaze_retrieval; possible_biometrics,strong_eye_source_hits_2; validity_or_gating_hits_4; strong_pose_or_ray_construction_hits_2; active_gaze_state_retrieval_with_validity_and_pose; possible_biometric_feature_from_active_eye_context; functionality_possible_biometrics_hits_2,base_scanner_score_140; module_bonus_validity_gate_8; module_bonus_pose_vector_10; keyword_support_eye_or_gaze_5_bonus_20,C:\realDesktop\manifest-evaluations\summer-26\ghidra-pipeline\il2cpp-files\Gorillavs100Men\general-structure-results\90_plus_possible_eye_biometrics_near_certain\03a444b4_UnityEngine.InputSystem.XR.EyesControl$$set_leftEyePosition.c,C:\realDesktop\manifest-evaluations\summer-26\ghidra-pipeline\il2cpp-files\Gorillavs100Men\manual-review-pack\A_must_review\030_p178_UnityEngine.InputSystem.XR.EyesControl$$set_leftEyePosition.c
31,178,A_must_review,UnityEngine.InputSystem.XR.EyesControl$$get_rightEyePosition,03a444dc,140,90_plus_possible_eye_biometrics_near_certain,eye_source; validity_gate; pose_vector; active_gaze_retrieval; possible_biometrics,strong_eye_source_hits_2; validity_or_gating_hits_4; strong_pose_or_ray_construction_hits_2; active_gaze_state_retrieval_with_validity_and_pose; possible_biometric_feature_from_active_eye_context; functionality_possible_biometrics_hits_2,base_scanner_score_140; module_bonus_validity_gate_8; module_bonus_pose_vector_10; keyword_support_eye_or_gaze_5_bonus_20,C:\realDesktop\manifest-evaluations\summer-26\ghidra-pipeline\il2cpp-files\Gorillavs100Men\general-structure-results\90_plus_possible_eye_biometrics_near_certain\03a444dc_UnityEngine.InputSystem.XR.EyesControl$$get_rightEyePosition.c,C:\realDesktop\manifest-evaluations\summer-26\ghidra-pipeline\il2cpp-files\Gorillavs100Men\manual-review-pack\A_must_review\031_p178_UnityEngine.InputSystem.XR.EyesControl$$get_rightEyePosition.c
32,178,A_must_review,UnityEngine.InputSystem.XR.EyesControl$$get_leftEyeRotation,03a444c4,140,90_plus_possible_eye_biometrics_near_certain,eye_source; validity_gate; pose_vector; active_gaze_retrieval; possible_biometrics,strong_eye_source_hits_2; validity_or_gating_hits_4; strong_pose_or_ray_construction_hits_2; active_gaze_state_retrieval_with_validity_and_pose; possible_biometric_feature_from_active_eye_context; functionality_possible_biometrics_hits_2,base_scanner_score_140; module_bonus_validity_gate_8; module_bonus_pose_vector_10; keyword_support_eye_or_gaze_5_bonus_20,C:\realDesktop\manifest-evaluations\summer-26\ghidra-pipeline\il2cpp-files\Gorillavs100Men\general-structure-results\90_plus_possible_eye_biometrics_near_certain\03a444c4_UnityEngine.InputSystem.XR.EyesControl$$get_leftEyeRotation.c,C:\realDesktop\manifest-evaluations\summer-26\ghidra-pipeline\il2cpp-files\Gorillavs100Men\manual-review-pack\A_must_review\032_p178_UnityEngine.InputSystem.XR.EyesControl$$get_leftEyeRotation.c
33,178,A_must_review,UnityEngine.InputSystem.XR.EyesControl$$get_leftEyePosition,03a444ac,140,90_plus_possible_eye_biometrics_near_certain,eye_source; validity_gate; pose_vector; active_gaze_retrieval; possible_biometrics,strong_eye_source_hits_2; validity_or_gating_hits_4; strong_pose_or_ray_construction_hits_2; active_gaze_state_retrieval_with_validity_and_pose; possible_biometric_feature_from_active_eye_context; functionality_possible_biometrics_hits_2,base_scanner_score_140; module_bonus_validity_gate_8; module_bonus_pose_vector_10; keyword_support_eye_or_gaze_5_bonus_20,C:\realDesktop\manifest-evaluations\summer-26\ghidra-pipeline\il2cpp-files\Gorillavs100Men\general-structure-results\90_plus_possible_eye_biometrics_near_certain\03a444ac_UnityEngine.InputSystem.XR.EyesControl$$get_leftEyePosition.c,C:\realDesktop\manifest-evaluations\summer-26\ghidra-pipeline\il2cpp-files\Gorillavs100Men\manual-review-pack\A_must_review\033_p178_UnityEngine.InputSystem.XR.EyesControl$$get_leftEyePosition.c
34,178,A_must_review,Unity.XR.Oculus.Input.OculusHMD$$set_rightEyePosition,03f1b4b0,140,90_plus_possible_eye_biometrics_near_certain,eye_source; validity_gate; pose_vector; active_gaze_retrieval; possible_biometrics,strong_eye_source_hits_2; validity_or_gating_hits_4; strong_pose_or_ray_construction_hits_2; active_gaze_state_retrieval_with_validity_and_pose; possible_biometric_feature_from_active_eye_context; functionality_possible_biometrics_hits_2,base_scanner_score_140; module_bonus_validity_gate_8; module_bonus_pose_vector_10; keyword_support_eye_or_gaze_5_bonus_20,C:\realDesktop\manifest-evaluations\summer-26\ghidra-pipeline\il2cpp-files\Gorillavs100Men\general-structure-results\90_plus_possible_eye_biometrics_near_certain\03f1b4b0_Unity.XR.Oculus.Input.OculusHMD$$set_rightEyePosition.c,C:\realDesktop\manifest-evaluations\summer-26\ghidra-pipeline\il2cpp-files\Gorillavs100Men\manual-review-pack\A_must_review\034_p178_Unity.XR.Oculus.Input.OculusHMD$$set_rightEyePosition.c
35,178,A_must_review,Unity.XR.Oculus.Input.OculusHMD$$get_rightEyeRotation,03f1b4c0,140,90_plus_possible_eye_biometrics_near_certain,eye_source; validity_gate; pose_vector; active_gaze_retrieval; possible_biometrics,strong_eye_source_hits_2; validity_or_gating_hits_4; strong_pose_or_ray_construction_hits_2; active_gaze_state_retrieval_with_validity_and_pose; possible_biometric_feature_from_active_eye_context; functionality_possible_biometrics_hits_2,base_scanner_score_140; module_bonus_validity_gate_8; module_bonus_pose_vector_10; keyword_support_eye_or_gaze_5_bonus_20,C:\realDesktop\manifest-evaluations\summer-26\ghidra-pipeline\il2cpp-files\Gorillavs100Men\general-structure-results\90_plus_possible_eye_biometrics_near_certain\03f1b4c0_Unity.XR.Oculus.Input.OculusHMD$$get_rightEyeRotation.c,C:\realDesktop\manifest-evaluations\summer-26\ghidra-pipeline\il2cpp-files\Gorillavs100Men\manual-review-pack\A_must_review\035_p178_Unity.XR.Oculus.Input.OculusHMD$$get_rightEyeRotation.c
36,175,A_must_review,Unity.XR.Oculus.Input.OculusHMD$$set_rightEyeRotation,03f1b4c8,137,90_plus_possible_eye_biometrics_near_certain,eye_source; validity_gate; pose_vector; active_gaze_retrieval; possible_biometrics,strong_eye_source_hits_2; validity_or_gating_hits_3; strong_pose_or_ray_construction_hits_2; active_gaze_state_retrieval_with_validity_and_pose; possible_biometric_feature_from_active_eye_context; functionality_possible_biometrics_hits_2,base_scanner_score_137; module_bonus_validity_gate_8; module_bonus_pose_vector_10; keyword_support_eye_or_gaze_5_bonus_20,C:\realDesktop\manifest-evaluations\summer-26\ghidra-pipeline\il2cpp-files\Gorillavs100Men\general-structure-results\90_plus_possible_eye_biometrics_near_certain\03f1b4c8_Unity.XR.Oculus.Input.OculusHMD$$set_rightEyeRotation.c,C:\realDesktop\manifest-evaluations\summer-26\ghidra-pipeline\il2cpp-files\Gorillavs100Men\manual-review-pack\A_must_review\036_p175_Unity.XR.Oculus.Input.OculusHMD$$set_rightEyeRotation.c
37,175,A_must_review,UnityEngine.XR.OpenXR.OpenXRSettings$$Internal_SetSymmetricProjection,03f1e444,72,70_high_framework_support_only_high,eye_source; weak_source_state; validity_gate; telemetry,strong_eye_source_hits_1; weak_xr_or_state_hits_7; validity_or_gating_hits_2; telemetry_or_network_hits_1; negative_framework_support_context_without_confirmed_app_level_gaze_flow; functionality_permission_setup; functionality_data_collection_or_telemetry_hits_1,base_scanner_score_72; module_bonus_validity_gate_8; module_bonus_telemetry_20; evidence_bonus_telemetry_or_network_hits_12; sensitive_sink_telemetry_bonus_15; keyword_support_eye_or_gaze_5_bonus_20; keyword_support_sdk_4_bonus_12; keyword_support_collection_or_telemetry_4_bonus_16,C:\realDesktop\manifest-evaluations\summer-26\ghidra-pipeline\il2cpp-files\Gorillavs100Men\general-structure-results\70_high_framework_support_only_high\03f1e444_UnityEngine.XR.OpenXR.OpenXRSettings$$Internal_SetSymmetricProjection.c,C:\realDesktop\manifest-evaluations\summer-26\ghidra-pipeline\il2cpp-files\Gorillavs100Men\manual-review-pack\A_must_review\037_p175_UnityEngine.XR.OpenXR.OpenXRSettings$$Internal_SetSymmetricProjection.c
38,171,A_must_review,Unity.AI.Navigation.Samples.GloballyUpdatedNavMeshSurface$$RequestNavMeshUpdate,038a3a88,76,70_high_general_structure_review_high,validity_gate; ray_interaction; telemetry; frame_behavior,validity_or_gating_hits_10; ray_or_cast_sink_hits_1; telemetry_or_network_hits_2; frame_or_lifecycle_behavior,base_scanner_score_76; module_bonus_validity_gate_8; module_bonus_ray_interaction_15; module_bonus_telemetry_20; module_bonus_frame_behavior_5; evidence_bonus_telemetry_or_network_hits_12; sensitive_sink_telemetry_bonus_15; keyword_support_eye_or_gaze_1_bonus_4; keyword_support_collection_or_telemetry_4_bonus_16,C:\realDesktop\manifest-evaluations\summer-26\ghidra-pipeline\il2cpp-files\Gorillavs100Men\general-structure-results\70_high_general_structure_review_high\038a3a88_Unity.AI.Navigation.Samples.GloballyUpdatedNavMeshSurface$$RequestNavMeshUpdate.c,C:\realDesktop\manifest-evaluations\summer-26\ghidra-pipeline\il2cpp-files\Gorillavs100Men\manual-review-pack\A_must_review\038_p171_Unity.AI.Navigation.Samples.GloballyUpdatedNavMeshSurface$$RequestNavMeshUpdate.c
39,169,A_must_review,Unity.XR.Oculus.Input.OculusHMD$$set_leftEyeRotation,03f1b450,131,90_plus_possible_eye_biometrics_near_certain,eye_source; validity_gate; pose_vector; active_gaze_retrieval; possible_biometrics,strong_eye_source_hits_2; validity_or_gating_hits_1; strong_pose_or_ray_construction_hits_2; active_gaze_state_retrieval_with_validity_and_pose; possible_biometric_feature_from_active_eye_context; functionality_possible_biometrics_hits_2,base_scanner_score_131; module_bonus_validity_gate_8; module_bonus_pose_vector_10; keyword_support_eye_or_gaze_5_bonus_20,C:\realDesktop\manifest-evaluations\summer-26\ghidra-pipeline\il2cpp-files\Gorillavs100Men\general-structure-results\90_plus_possible_eye_biometrics_near_certain\03f1b450_Unity.XR.Oculus.Input.OculusHMD$$set_leftEyeRotation.c,C:\realDesktop\manifest-evaluations\summer-26\ghidra-pipeline\il2cpp-files\Gorillavs100Men\manual-review-pack\A_must_review\039_p169_Unity.XR.Oculus.Input.OculusHMD$$set_leftEyeRotation.c
40,169,A_must_review,Unity.XR.Oculus.Input.OculusHMD$$get_leftEyeRotation,03f1b448,131,90_plus_possible_eye_biometrics_near_certain,eye_source; validity_gate; pose_vector; active_gaze_retrieval; possible_biometrics,strong_eye_source_hits_2; validity_or_gating_hits_1; strong_pose_or_ray_construction_hits_2; active_gaze_state_retrieval_with_validity_and_pose; possible_biometric_feature_from_active_eye_context; functionality_possible_biometrics_hits_2,base_scanner_score_131; module_bonus_validity_gate_8; module_bonus_pose_vector_10; keyword_support_eye_or_gaze_5_bonus_20,C:\realDesktop\manifest-evaluations\summer-26\ghidra-pipeline\il2cpp-files\Gorillavs100Men\general-structure-results\90_plus_possible_eye_biometrics_near_certain\03f1b448_Unity.XR.Oculus.Input.OculusHMD$$get_leftEyeRotation.c,C:\realDesktop\manifest-evaluations\summer-26\ghidra-pipeline\il2cpp-files\Gorillavs100Men\manual-review-pack\A_must_review\040_p169_Unity.XR.Oculus.Input.OculusHMD$$get_leftEyeRotation.c
41,169,A_must_review,Unity.XR.Oculus.OculusSettings$$IsEyeTrackingRequested,03f1b184,78,70_high_framework_support_only_high,eye_source; validity_gate; telemetry,strong_eye_source_hits_2; validity_or_gating_hits_6; telemetry_or_network_hits_2; negative_framework_support_context_without_confirmed_app_level_gaze_flow; functionality_data_collection_or_telemetry_hits_2,base_scanner_score_78; module_bonus_validity_gate_8; module_bonus_telemetry_20; evidence_bonus_telemetry_or_network_hits_12; sensitive_sink_telemetry_bonus_15; keyword_support_eye_or_gaze_5_bonus_20; keyword_support_collection_or_telemetry_4_bonus_16,C:\realDesktop\manifest-evaluations\summer-26\ghidra-pipeline\il2cpp-files\Gorillavs100Men\general-structure-results\70_high_framework_support_only_high\03f1b184_Unity.XR.Oculus.OculusSettings$$IsEyeTrackingRequested.c,C:\realDesktop\manifest-evaluations\summer-26\ghidra-pipeline\il2cpp-files\Gorillavs100Men\manual-review-pack\A_must_review\041_p169_Unity.XR.Oculus.OculusSettings$$IsEyeTrackingRequested.c
42,167,A_must_review,FUN_040f370c,040f370c,83,70_high_attempted_dynamic_eye_tracked_foveation_high,validity_gate; foveation_rendering; keyword_support; attempted_use; dynamic_foveation_possible,validity_or_gating_hits_2; strong_foveation_hits_1; eye_or_gaze_keyword_boost_only; attempted_eye_tracking_permission_or_feature_enable; attempted_eye_tracking_with_foveated_rendering_path; functionality_foveated_rendering,base_scanner_score_83; module_bonus_validity_gate_8; module_bonus_foveation_rendering_20; module_bonus_keyword_support_12; evidence_bonus_eye_or_gaze_keyword_boost_12; sensitive_sink_foveation_bonus_12; keyword_support_eye_or_gaze_5_bonus_20,C:\realDesktop\manifest-evaluations\summer-26\ghidra-pipeline\il2cpp-files\Gorillavs100Men\general-structure-results\70_high_attempted_dynamic_eye_tracked_foveation_high\040f370c_FUN_040f370c.c,C:\realDesktop\manifest-evaluations\summer-26\ghidra-pipeline\il2cpp-files\Gorillavs100Men\manual-review-pack\A_must_review\042_p167_FUN_040f370c.c
43,167,A_must_review,FUN_035ecc68,035ecc68,82,70_high_general_structure_review_high,validity_gate; pose_vector; telemetry,validity_or_gating_hits_9; strong_pose_or_ray_construction_hits_4; telemetry_or_network_hits_2,base_scanner_score_82; module_bonus_validity_gate_8; module_bonus_pose_vector_10; module_bonus_telemetry_20; evidence_bonus_telemetry_or_network_hits_12; sensitive_sink_telemetry_bonus_15; keyword_support_eye_or_gaze_1_bonus_4; keyword_support_collection_or_telemetry_4_bonus_16,C:\realDesktop\manifest-evaluations\summer-26\ghidra-pipeline\il2cpp-files\Gorillavs100Men\general-structure-results\70_high_general_structure_review_high\035ecc68_FUN_035ecc68.c,C:\realDesktop\manifest-evaluations\summer-26\ghidra-pipeline\il2cpp-files\Gorillavs100Men\manual-review-pack\A_must_review\043_p167_FUN_035ecc68.c
44,167,A_must_review,FUN_034a760c,034a760c,79,70_high_general_structure_review_high,weak_source_state; validity_gate; ray_interaction; telemetry,weak_xr_or_state_hits_2; validity_or_gating_hits_4; ray_or_cast_sink_hits_1; telemetry_or_network_hits_2,base_scanner_score_79; module_bonus_validity_gate_8; module_bonus_ray_interaction_15; module_bonus_telemetry_20; evidence_bonus_telemetry_or_network_hits_12; sensitive_sink_telemetry_bonus_15; keyword_support_eye_or_gaze_1_bonus_4; keyword_support_sdk_2_bonus_6; keyword_support_collection_or_telemetry_2_bonus_8,C:\realDesktop\manifest-evaluations\summer-26\ghidra-pipeline\il2cpp-files\Gorillavs100Men\general-structure-results\70_high_general_structure_review_high\034a760c_FUN_034a760c.c,C:\realDesktop\manifest-evaluations\summer-26\ghidra-pipeline\il2cpp-files\Gorillavs100Men\manual-review-pack\A_must_review\044_p167_FUN_034a760c.c
45,165,A_must_review,System.Array.InternalEnumerator<ProbeVolumeBakingSet.SerializedPerSceneCellList>$$get_Current,0324a818,80,70_high_general_structure_review_high,validity_gate; pose_vector; paired_state_refs; telemetry,validity_or_gating_hits_11; strong_pose_or_ray_construction_hits_2; paired_field_refs_with_structure_only; telemetry_or_network_hits_2,base_scanner_score_80; module_bonus_validity_gate_8; module_bonus_pose_vector_10; module_bonus_paired_state_refs_8; module_bonus_telemetry_20; evidence_bonus_telemetry_or_network_hits_12; sensitive_sink_telemetry_bonus_15; keyword_support_eye_or_gaze_1_bonus_4; keyword_support_collection_or_telemetry_2_bonus_8,C:\realDesktop\manifest-evaluations\summer-26\ghidra-pipeline\il2cpp-files\Gorillavs100Men\general-structure-results\70_high_general_structure_review_high\0324a818_System.Array.InternalEnumerator_ProbeVolumeBakingSet.SerializedPerSceneCellList_$$get_Current.c,C:\realDesktop\manifest-evaluations\summer-26\ghidra-pipeline\il2cpp-files\Gorillavs100Men\manual-review-pack\A_must_review\045_p165_System.Array.InternalEnumerator_ProbeVolumeBakingSet.SerializedPerSceneCellList_$$get_Current.c
46,165,A_must_review,System.Array$$InternalArray__get_Item<ProbeVolumeBakingSet.SerializedPerSceneCellList>,021f78bc,80,70_high_general_structure_review_high,validity_gate; pose_vector; paired_state_refs; telemetry,validity_or_gating_hits_9; strong_pose_or_ray_construction_hits_2; paired_field_refs_with_structure_only; telemetry_or_network_hits_2,base_scanner_score_80; module_bonus_validity_gate_8; module_bonus_pose_vector_10; module_bonus_paired_state_refs_8; module_bonus_telemetry_20; evidence_bonus_telemetry_or_network_hits_12; sensitive_sink_telemetry_bonus_15; keyword_support_eye_or_gaze_1_bonus_4; keyword_support_collection_or_telemetry_2_bonus_8,C:\realDesktop\manifest-evaluations\summer-26\ghidra-pipeline\il2cpp-files\Gorillavs100Men\general-structure-results\70_high_general_structure_review_high\021f78bc_System.Array$$InternalArray__get_Item_ProbeVolumeBakingSet.SerializedPerSceneCellList_.c,C:\realDesktop\manifest-evaluations\summer-26\ghidra-pipeline\il2cpp-files\Gorillavs100Men\manual-review-pack\A_must_review\046_p165_System.Array$$InternalArray__get_Item_ProbeVolumeBakingSet.SerializedPerSceneCellList_.c
47,164,A_must_review,FUN_04019ae8,04019ae8,112,90_plus_attempted_dynamic_eye_tracked_foveation_near_certain,eye_source; weak_source_state; foveation_rendering; attempted_use; dynamic_foveation_possible,strong_eye_source_hits_2; weak_xr_or_state_hits_2; strong_foveation_hits_1; attempted_eye_tracking_permission_or_feature_enable; attempted_eye_tracking_with_foveated_rendering_path; functionality_foveated_rendering,base_scanner_score_112; module_bonus_foveation_rendering_20; sensitive_sink_foveation_bonus_12; keyword_support_eye_or_gaze_5_bonus_20,C:\realDesktop\manifest-evaluations\summer-26\ghidra-pipeline\il2cpp-files\Gorillavs100Men\general-structure-results\90_plus_attempted_dynamic_eye_tracked_foveation_near_certain\04019ae8_FUN_04019ae8.c,C:\realDesktop\manifest-evaluations\summer-26\ghidra-pipeline\il2cpp-files\Gorillavs100Men\manual-review-pack\A_must_review\047_p164_FUN_04019ae8.c
48,164,A_must_review,Sirenix.Serialization.MinimalBaseFormatter<Vector3>$$Sirenix.Serialization.IFormatter.Serialize,0355ce4c,87,70_high_general_structure_review_high,validity_gate; pose_vector; telemetry,validity_or_gating_hits_6; strong_pose_or_ray_construction_hits_7; telemetry_or_network_hits_7,base_scanner_score_87; module_bonus_validity_gate_8; module_bonus_pose_vector_10; module_bonus_telemetry_20; evidence_bonus_telemetry_or_network_hits_12; sensitive_sink_telemetry_bonus_15; keyword_support_eye_or_gaze_1_bonus_4; keyword_support_collection_or_telemetry_2_bonus_8,C:\realDesktop\manifest-evaluations\summer-26\ghidra-pipeline\il2cpp-files\Gorillavs100Men\general-structure-results\70_high_general_structure_review_high\0355ce4c_Sirenix.Serialization.MinimalBaseFormatter_Vector3_$$Sirenix.Serialization.IFormatter.Serialize.c,C:\realDesktop\manifest-evaluations\summer-26\ghidra-pipeline\il2cpp-files\Gorillavs100Men\manual-review-pack\A_must_review\048_p164_Sirenix.Serialization.MinimalBaseFormatter_Vector3_$$Sirenix.Serialization.IFormatter.Serialize.c
49,164,A_must_review,Sirenix.Serialization.MinimalBaseFormatter<Vector3>$$Serialize,0355ce1c,87,70_high_general_structure_review_high,validity_gate; pose_vector; telemetry,validity_or_gating_hits_7; strong_pose_or_ray_construction_hits_7; telemetry_or_network_hits_7,base_scanner_score_87; module_bonus_validity_gate_8; module_bonus_pose_vector_10; module_bonus_telemetry_20; evidence_bonus_telemetry_or_network_hits_12; sensitive_sink_telemetry_bonus_15; keyword_support_eye_or_gaze_1_bonus_4; keyword_support_collection_or_telemetry_2_bonus_8,C:\realDesktop\manifest-evaluations\summer-26\ghidra-pipeline\il2cpp-files\Gorillavs100Men\general-structure-results\70_high_general_structure_review_high\0355ce1c_Sirenix.Serialization.MinimalBaseFormatter_Vector3_$$Serialize.c,C:\realDesktop\manifest-evaluations\summer-26\ghidra-pipeline\il2cpp-files\Gorillavs100Men\manual-review-pack\A_must_review\049_p164_Sirenix.Serialization.MinimalBaseFormatter_Vector3_$$Serialize.c
50,164,A_must_review,FUN_0355cdd0,0355cdd0,87,70_high_general_structure_review_high,validity_gate; pose_vector; telemetry,validity_or_gating_hits_8; strong_pose_or_ray_construction_hits_5; telemetry_or_network_hits_5,base_scanner_score_87; module_bonus_validity_gate_8; module_bonus_pose_vector_10; module_bonus_telemetry_20; evidence_bonus_telemetry_or_network_hits_12; sensitive_sink_telemetry_bonus_15; keyword_support_eye_or_gaze_1_bonus_4; keyword_support_collection_or_telemetry_2_bonus_8,C:\realDesktop\manifest-evaluations\summer-26\ghidra-pipeline\il2cpp-files\Gorillavs100Men\general-structure-results\70_high_general_structure_review_high\0355cdd0_FUN_0355cdd0.c,C:\realDesktop\manifest-evaluations\summer-26\ghidra-pipeline\il2cpp-files\Gorillavs100Men\manual-review-pack\A_must_review\050_p164_FUN_0355cdd0.c
51,164,A_must_review,UnityEngine.Rendering.Universal.ScreenSpaceShadows.ScreenSpaceShadowsPostPass$$ExecutePass,03d02f34,74,70_high_general_structure_review_high,validity_gate; ray_interaction; telemetry,validity_or_gating_hits_21; ray_or_cast_sink_hits_2; telemetry_or_network_hits_2,base_scanner_score_74; module_bonus_validity_gate_8; module_bonus_ray_interaction_15; module_bonus_telemetry_20; evidence_bonus_telemetry_or_network_hits_12; sensitive_sink_telemetry_bonus_15; keyword_support_eye_or_gaze_1_bonus_4; keyword_support_collection_or_telemetry_4_bonus_16,C:\realDesktop\manifest-evaluations\summer-26\ghidra-pipeline\il2cpp-files\Gorillavs100Men\general-structure-results\70_high_general_structure_review_high\03d02f34_UnityEngine.Rendering.Universal.ScreenSpaceShadows.ScreenSpaceShadowsPostPass$$ExecutePass.c,C:\realDesktop\manifest-evaluations\summer-26\ghidra-pipeline\il2cpp-files\Gorillavs100Men\manual-review-pack\A_must_review\051_p164_UnityEngine.Rendering.Universal.ScreenSpaceShadows.ScreenSpaceShadowsPostPass$$ExecutePass.c
52,164,A_must_review,UnityEngine.Rendering.Universal.ScreenSpaceShadows.ScreenSpaceShadowsPostPass$$Configure,03d02ed0,74,70_high_general_structure_review_high,validity_gate; ray_interaction; telemetry,validity_or_gating_hits_21; ray_or_cast_sink_hits_2; telemetry_or_network_hits_2,base_scanner_score_74; module_bonus_validity_gate_8; module_bonus_ray_interaction_15; module_bonus_telemetry_20; evidence_bonus_telemetry_or_network_hits_12; sensitive_sink_telemetry_bonus_15; keyword_support_eye_or_gaze_1_bonus_4; keyword_support_collection_or_telemetry_4_bonus_16,C:\realDesktop\manifest-evaluations\summer-26\ghidra-pipeline\il2cpp-files\Gorillavs100Men\general-structure-results\70_high_general_structure_review_high\03d02ed0_UnityEngine.Rendering.Universal.ScreenSpaceShadows.ScreenSpaceShadowsPostPass$$Configure.c,C:\realDesktop\manifest-evaluations\summer-26\ghidra-pipeline\il2cpp-files\Gorillavs100Men\manual-review-pack\A_must_review\052_p164_UnityEngine.Rendering.Universal.ScreenSpaceShadows.ScreenSpaceShadowsPostPass$$Configure.c
53,164,A_must_review,UnityEngine.Rendering.Universal.ScreenSpaceShadows.ScreenSpaceShadowsPostPass$$.ctor,03d01af4,74,70_high_general_structure_review_high,validity_gate; ray_interaction; telemetry,validity_or_gating_hits_21; ray_or_cast_sink_hits_2; telemetry_or_network_hits_2,base_scanner_score_74; module_bonus_validity_gate_8; module_bonus_ray_interaction_15; module_bonus_telemetry_20; evidence_bonus_telemetry_or_network_hits_12; sensitive_sink_telemetry_bonus_15; keyword_support_eye_or_gaze_1_bonus_4; keyword_support_collection_or_telemetry_4_bonus_16,C:\realDesktop\manifest-evaluations\summer-26\ghidra-pipeline\il2cpp-files\Gorillavs100Men\general-structure-results\70_high_general_structure_review_high\03d01af4_UnityEngine.Rendering.Universal.ScreenSpaceShadows.ScreenSpaceShadowsPostPass$$.ctor.c,C:\realDesktop\manifest-evaluations\summer-26\ghidra-pipeline\il2cpp-files\Gorillavs100Men\manual-review-pack\A_must_review\053_p164_UnityEngine.Rendering.Universal.ScreenSpaceShadows.ScreenSpaceShadowsPostPass$$.ctor.c
54,163,A_must_review,Unity.XR.Oculus.Utils$$get_eyeTrackedFoveatedRenderingEnabled,03f155f8,111,90_plus_framework_foveated_rendering_support_or_attempt_near_certain,eye_source; weak_source_state; foveation_rendering; attempted_use; dynamic_foveation_possible,strong_eye_source_hits_4; weak_xr_or_state_hits_4; strong_foveation_hits_2; attempted_eye_tracking_permission_or_feature_enable; attempted_eye_tracking_with_foveated_rendering_path; negative_framework_support_context_without_confirmed_app_level_gaze_flow; framework_foveation_support_not_confirmed_dynamic_eye_tracking; functionality_foveated_rendering,base_scanner_score_111; module_bonus_foveation_rendering_20; sensitive_sink_foveation_bonus_12; keyword_support_eye_or_gaze_5_bonus_20,C:\realDesktop\manifest-evaluations\summer-26\ghidra-pipeline\il2cpp-files\Gorillavs100Men\general-structure-results\90_plus_framework_foveated_rendering_support_or_attempt_near_certain\03f155f8_Unity.XR.Oculus.Utils$$get_eyeTrackedFoveatedRenderingEnabled.c,C:\realDesktop\manifest-evaluations\summer-26\ghidra-pipeline\il2cpp-files\Gorillavs100Men\manual-review-pack\A_must_review\054_p163_Unity.XR.Oculus.Utils$$get_eyeTrackedFoveatedRenderingEnabled.c
55,163,A_must_review,Unity.XR.Oculus.NativeMethods.Internal$$GetEyeTrackedFoveatedRenderingEnabled,03f19ae8,111,90_plus_framework_foveated_rendering_support_or_attempt_near_certain,eye_source; weak_source_state; foveation_rendering; attempted_use; dynamic_foveation_possible,strong_eye_source_hits_4; weak_xr_or_state_hits_4; strong_foveation_hits_2; attempted_eye_tracking_permission_or_feature_enable; attempted_eye_tracking_with_foveated_rendering_path; negative_framework_support_context_without_confirmed_app_level_gaze_flow; framework_foveation_support_not_confirmed_dynamic_eye_tracking; functionality_foveated_rendering,base_scanner_score_111; module_bonus_foveation_rendering_20; sensitive_sink_foveation_bonus_12; keyword_support_eye_or_gaze_5_bonus_20,C:\realDesktop\manifest-evaluations\summer-26\ghidra-pipeline\il2cpp-files\Gorillavs100Men\general-structure-results\90_plus_framework_foveated_rendering_support_or_attempt_near_certain\03f19ae8_Unity.XR.Oculus.NativeMethods.Internal$$GetEyeTrackedFoveatedRenderingEnabled.c,C:\realDesktop\manifest-evaluations\summer-26\ghidra-pipeline\il2cpp-files\Gorillavs100Men\manual-review-pack\A_must_review\055_p163_Unity.XR.Oculus.NativeMethods.Internal$$GetEyeTrackedFoveatedRenderingEnabled.c
56,163,A_must_review,Unity.XR.Oculus.NativeMethods$$GetEyeTrackedFoveatedRenderingEnabled,03f15618,111,90_plus_framework_foveated_rendering_support_or_attempt_near_certain,eye_source; weak_source_state; foveation_rendering; attempted_use; dynamic_foveation_possible,strong_eye_source_hits_4; weak_xr_or_state_hits_4; strong_foveation_hits_2; attempted_eye_tracking_permission_or_feature_enable; attempted_eye_tracking_with_foveated_rendering_path; negative_framework_support_context_without_confirmed_app_level_gaze_flow; framework_foveation_support_not_confirmed_dynamic_eye_tracking; functionality_foveated_rendering,base_scanner_score_111; module_bonus_foveation_rendering_20; sensitive_sink_foveation_bonus_12; keyword_support_eye_or_gaze_5_bonus_20,C:\realDesktop\manifest-evaluations\summer-26\ghidra-pipeline\il2cpp-files\Gorillavs100Men\general-structure-results\90_plus_framework_foveated_rendering_support_or_attempt_near_certain\03f15618_Unity.XR.Oculus.NativeMethods$$GetEyeTrackedFoveatedRenderingEnabled.c,C:\realDesktop\manifest-evaluations\summer-26\ghidra-pipeline\il2cpp-files\Gorillavs100Men\manual-review-pack\A_must_review\056_p163_Unity.XR.Oculus.NativeMethods$$GetEyeTrackedFoveatedRenderingEnabled.c
57,163,A_must_review,FUN_03e9a2bc,03e9a2bc,76,70_high_general_structure_review_high,validity_gate; ui_interaction; telemetry,validity_or_gating_hits_13; ui_or_gameplay_sink_hits_3; telemetry_or_network_hits_3,base_scanner_score_76; module_bonus_validity_gate_8; module_bonus_ui_interaction_12; module_bonus_telemetry_20; evidence_bonus_telemetry_or_network_hits_12; sensitive_sink_telemetry_bonus_15; keyword_support_eye_or_gaze_1_bonus_4; keyword_support_collection_or_telemetry_4_bonus_16,C:\realDesktop\manifest-evaluations\summer-26\ghidra-pipeline\il2cpp-files\Gorillavs100Men\general-structure-results\70_high_general_structure_review_high\03e9a2bc_FUN_03e9a2bc.c,C:\realDesktop\manifest-evaluations\summer-26\ghidra-pipeline\il2cpp-files\Gorillavs100Men\manual-review-pack\A_must_review\057_p163_FUN_03e9a2bc.c
58,162,A_must_review,FUN_04019b54,04019b54,110,90_plus_attempted_dynamic_eye_tracked_foveation_near_certain,eye_source; weak_source_state; foveation_rendering; attempted_use; dynamic_foveation_possible,strong_eye_source_hits_2; weak_xr_or_state_hits_1; strong_foveation_hits_1; attempted_eye_tracking_permission_or_feature_enable; attempted_eye_tracking_with_foveated_rendering_path; functionality_foveated_rendering,base_scanner_score_110; module_bonus_foveation_rendering_20; sensitive_sink_foveation_bonus_12; keyword_support_eye_or_gaze_5_bonus_20,C:\realDesktop\manifest-evaluations\summer-26\ghidra-pipeline\il2cpp-files\Gorillavs100Men\general-structure-results\90_plus_attempted_dynamic_eye_tracked_foveation_near_certain\04019b54_FUN_04019b54.c,C:\realDesktop\manifest-evaluations\summer-26\ghidra-pipeline\il2cpp-files\Gorillavs100Men\manual-review-pack\A_must_review\058_p162_FUN_04019b54.c
59,162,A_must_review,FUN_04019a7c,04019a7c,110,90_plus_attempted_dynamic_eye_tracked_foveation_near_certain,eye_source; weak_source_state; foveation_rendering; attempted_use; dynamic_foveation_possible,strong_eye_source_hits_2; weak_xr_or_state_hits_1; strong_foveation_hits_1; attempted_eye_tracking_permission_or_feature_enable; attempted_eye_tracking_with_foveated_rendering_path; functionality_foveated_rendering,base_scanner_score_110; module_bonus_foveation_rendering_20; sensitive_sink_foveation_bonus_12; keyword_support_eye_or_gaze_5_bonus_20,C:\realDesktop\manifest-evaluations\summer-26\ghidra-pipeline\il2cpp-files\Gorillavs100Men\general-structure-results\90_plus_attempted_dynamic_eye_tracked_foveation_near_certain\04019a7c_FUN_04019a7c.c,C:\realDesktop\manifest-evaluations\summer-26\ghidra-pipeline\il2cpp-files\Gorillavs100Men\manual-review-pack\A_must_review\059_p162_FUN_04019a7c.c
60,161,A_must_review,Unity.XR.Oculus.Utils$$get_eyeTrackedFoveatedRenderingSupported,03f15590,109,90_plus_framework_foveated_rendering_support_or_attempt_near_certain,eye_source; weak_source_state; foveation_rendering; attempted_use; dynamic_foveation_possible,strong_eye_source_hits_4; weak_xr_or_state_hits_2; strong_foveation_hits_2; attempted_eye_tracking_permission_or_feature_enable; attempted_eye_tracking_with_foveated_rendering_path; negative_framework_support_context_without_confirmed_app_level_gaze_flow; framework_foveation_support_not_confirmed_dynamic_eye_tracking; functionality_foveated_rendering,base_scanner_score_109; module_bonus_foveation_rendering_20; sensitive_sink_foveation_bonus_12; keyword_support_eye_or_gaze_5_bonus_20,C:\realDesktop\manifest-evaluations\summer-26\ghidra-pipeline\il2cpp-files\Gorillavs100Men\general-structure-results\90_plus_framework_foveated_rendering_support_or_attempt_near_certain\03f15590_Unity.XR.Oculus.Utils$$get_eyeTrackedFoveatedRenderingSupported.c,C:\realDesktop\manifest-evaluations\summer-26\ghidra-pipeline\il2cpp-files\Gorillavs100Men\manual-review-pack\A_must_review\060_p161_Unity.XR.Oculus.Utils$$get_eyeTrackedFoveatedRenderingSupported.c
61,161,A_must_review,Unity.XR.Oculus.NativeMethods.Internal$$SetEyeTrackedFoveatedRenderingEnabled,03f19b54,109,90_plus_framework_foveated_rendering_support_or_attempt_near_certain,eye_source; weak_source_state; foveation_rendering; attempted_use; dynamic_foveation_possible,strong_eye_source_hits_4; weak_xr_or_state_hits_2; strong_foveation_hits_2; attempted_eye_tracking_permission_or_feature_enable; attempted_eye_tracking_with_foveated_rendering_path; negative_framework_support_context_without_confirmed_app_level_gaze_flow; framework_foveation_support_not_confirmed_dynamic_eye_tracking; functionality_foveated_rendering,base_scanner_score_109; module_bonus_foveation_rendering_20; sensitive_sink_foveation_bonus_12; keyword_support_eye_or_gaze_5_bonus_20,C:\realDesktop\manifest-evaluations\summer-26\ghidra-pipeline\il2cpp-files\Gorillavs100Men\general-structure-results\90_plus_framework_foveated_rendering_support_or_attempt_near_certain\03f19b54_Unity.XR.Oculus.NativeMethods.Internal$$SetEyeTrackedFoveatedRenderingEnabled.c,C:\realDesktop\manifest-evaluations\summer-26\ghidra-pipeline\il2cpp-files\Gorillavs100Men\manual-review-pack\A_must_review\061_p161_Unity.XR.Oculus.NativeMethods.Internal$$SetEyeTrackedFoveatedRenderingEnabled.c
62,161,A_must_review,Unity.XR.Oculus.NativeMethods.Internal$$GetEyeTrackedFoveatedRenderingSupported,03f19a7c,109,90_plus_framework_foveated_rendering_support_or_attempt_near_certain,eye_source; weak_source_state; foveation_rendering; attempted_use; dynamic_foveation_possible,strong_eye_source_hits_4; weak_xr_or_state_hits_2; strong_foveation_hits_2; attempted_eye_tracking_permission_or_feature_enable; attempted_eye_tracking_with_foveated_rendering_path; negative_framework_support_context_without_confirmed_app_level_gaze_flow; framework_foveation_support_not_confirmed_dynamic_eye_tracking; functionality_foveated_rendering,base_scanner_score_109; module_bonus_foveation_rendering_20; sensitive_sink_foveation_bonus_12; keyword_support_eye_or_gaze_5_bonus_20,C:\realDesktop\manifest-evaluations\summer-26\ghidra-pipeline\il2cpp-files\Gorillavs100Men\general-structure-results\90_plus_framework_foveated_rendering_support_or_attempt_near_certain\03f19a7c_Unity.XR.Oculus.NativeMethods.Internal$$GetEyeTrackedFoveatedRenderingSupported.c,C:\realDesktop\manifest-evaluations\summer-26\ghidra-pipeline\il2cpp-files\Gorillavs100Men\manual-review-pack\A_must_review\062_p161_Unity.XR.Oculus.NativeMethods.Internal$$GetEyeTrackedFoveatedRenderingSupported.c
63,161,A_must_review,Unity.XR.Oculus.NativeMethods$$GetEyeTrackedFoveatedRenderingSupported,03f15594,109,90_plus_framework_foveated_rendering_support_or_attempt_near_certain,eye_source; weak_source_state; foveation_rendering; attempted_use; dynamic_foveation_possible,strong_eye_source_hits_4; weak_xr_or_state_hits_2; strong_foveation_hits_2; attempted_eye_tracking_permission_or_feature_enable; attempted_eye_tracking_with_foveated_rendering_path; negative_framework_support_context_without_confirmed_app_level_gaze_flow; framework_foveation_support_not_confirmed_dynamic_eye_tracking; functionality_foveated_rendering,base_scanner_score_109; module_bonus_foveation_rendering_20; sensitive_sink_foveation_bonus_12; keyword_support_eye_or_gaze_5_bonus_20,C:\realDesktop\manifest-evaluations\summer-26\ghidra-pipeline\il2cpp-files\Gorillavs100Men\general-structure-results\90_plus_framework_foveated_rendering_support_or_attempt_near_certain\03f15594_Unity.XR.Oculus.NativeMethods$$GetEyeTrackedFoveatedRenderingSupported.c,C:\realDesktop\manifest-evaluations\summer-26\ghidra-pipeline\il2cpp-files\Gorillavs100Men\manual-review-pack\A_must_review\063_p161_Unity.XR.Oculus.NativeMethods$$GetEyeTrackedFoveatedRenderingSupported.c
64,160,A_must_review,Sirenix.Serialization.UnitySerializationUtility.<>c$$<SerializePrefabModifications>b__33_0,0383b108,78,70_high_general_structure_review_high,validity_gate; ray_interaction; telemetry,validity_or_gating_hits_21; ray_or_cast_sink_hits_8; telemetry_or_network_hits_2,base_scanner_score_78; module_bonus_validity_gate_8; module_bonus_ray_interaction_15; module_bonus_telemetry_20; evidence_bonus_telemetry_or_network_hits_12; sensitive_sink_telemetry_bonus_15; keyword_support_eye_or_gaze_1_bonus_4; keyword_support_collection_or_telemetry_2_bonus_8,C:\realDesktop\manifest-evaluations\summer-26\ghidra-pipeline\il2cpp-files\Gorillavs100Men\general-structure-results\70_high_general_structure_review_high\0383b108_Sirenix.Serialization.UnitySerializationUtility._c$$_SerializePrefabModifications_b__33_0.c,C:\realDesktop\manifest-evaluations\summer-26\ghidra-pipeline\il2cpp-files\Gorillavs100Men\manual-review-pack\A_must_review\064_p160_Sirenix.Serialization.UnitySerializationUtility._c$$_SerializePrefabModifications_b__33_0.c
65,160,A_must_review,Sirenix.Serialization.StringSerializer$$ReadValue,03824770,78,70_high_general_structure_review_high,validity_gate; ray_interaction; telemetry,validity_or_gating_hits_16; ray_or_cast_sink_hits_19; telemetry_or_network_hits_2,base_scanner_score_78; module_bonus_validity_gate_8; module_bonus_ray_interaction_15; module_bonus_telemetry_20; evidence_bonus_telemetry_or_network_hits_12; sensitive_sink_telemetry_bonus_15; keyword_support_eye_or_gaze_1_bonus_4; keyword_support_collection_or_telemetry_2_bonus_8,C:\realDesktop\manifest-evaluations\summer-26\ghidra-pipeline\il2cpp-files\Gorillavs100Men\general-structure-results\70_high_general_structure_review_high\03824770_Sirenix.Serialization.StringSerializer$$ReadValue.c,C:\realDesktop\manifest-evaluations\summer-26\ghidra-pipeline\il2cpp-files\Gorillavs100Men\manual-review-pack\A_must_review\065_p160_Sirenix.Serialization.StringSerializer$$ReadValue.c
66,160,A_must_review,Sirenix.Serialization.SingleSerializer$$WriteValue,03824670,78,70_high_general_structure_review_high,validity_gate; ray_interaction; telemetry,validity_or_gating_hits_16; ray_or_cast_sink_hits_21; telemetry_or_network_hits_2,base_scanner_score_78; module_bonus_validity_gate_8; module_bonus_ray_interaction_15; module_bonus_telemetry_20; evidence_bonus_telemetry_or_network_hits_12; sensitive_sink_telemetry_bonus_15; keyword_support_eye_or_gaze_1_bonus_4; keyword_support_collection_or_telemetry_2_bonus_8,C:\realDesktop\manifest-evaluations\summer-26\ghidra-pipeline\il2cpp-files\Gorillavs100Men\general-structure-results\70_high_general_structure_review_high\03824670_Sirenix.Serialization.SingleSerializer$$WriteValue.c,C:\realDesktop\manifest-evaluations\summer-26\ghidra-pipeline\il2cpp-files\Gorillavs100Men\manual-review-pack\A_must_review\066_p160_Sirenix.Serialization.SingleSerializer$$WriteValue.c
67,160,A_must_review,Sirenix.Serialization.SingleSerializer$$.ctor,03824728,78,70_high_general_structure_review_high,validity_gate; ray_interaction; telemetry,validity_or_gating_hits_16; ray_or_cast_sink_hits_21; telemetry_or_network_hits_2,base_scanner_score_78; module_bonus_validity_gate_8; module_bonus_ray_interaction_15; module_bonus_telemetry_20; evidence_bonus_telemetry_or_network_hits_12; sensitive_sink_telemetry_bonus_15; keyword_support_eye_or_gaze_1_bonus_4; keyword_support_collection_or_telemetry_2_bonus_8,C:\realDesktop\manifest-evaluations\summer-26\ghidra-pipeline\il2cpp-files\Gorillavs100Men\general-structure-results\70_high_general_structure_review_high\03824728_Sirenix.Serialization.SingleSerializer$$.ctor.c,C:\realDesktop\manifest-evaluations\summer-26\ghidra-pipeline\il2cpp-files\Gorillavs100Men\manual-review-pack\A_must_review\067_p160_Sirenix.Serialization.SingleSerializer$$.ctor.c
68,160,A_must_review,FUN_02899124,02899124,70,70_high_general_structure_review_high,validity_gate; ray_interaction; telemetry,validity_or_gating_hits_21; ray_or_cast_sink_hits_1; telemetry_or_network_hits_2,base_scanner_score_70; module_bonus_validity_gate_8; module_bonus_ray_interaction_15; module_bonus_telemetry_20; evidence_bonus_telemetry_or_network_hits_12; sensitive_sink_telemetry_bonus_15; keyword_support_eye_or_gaze_1_bonus_4; keyword_support_collection_or_telemetry_4_bonus_16,C:\realDesktop\manifest-evaluations\summer-26\ghidra-pipeline\il2cpp-files\Gorillavs100Men\general-structure-results\70_high_general_structure_review_high\02899124_FUN_02899124.c,C:\realDesktop\manifest-evaluations\summer-26\ghidra-pipeline\il2cpp-files\Gorillavs100Men\manual-review-pack\A_must_review\068_p160_FUN_02899124.c
69,159,B_high_priority,FUN_0401e864,0401e864,104,90_plus_attempted_dynamic_eye_tracked_foveation_near_certain,eye_source; weak_source_state; foveation_rendering; attempted_use; dynamic_foveation_possible,strong_eye_source_hits_1; weak_xr_or_state_hits_1; strong_foveation_hits_1; attempted_eye_tracking_permission_or_feature_enable; attempted_eye_tracking_with_foveated_rendering_path; functionality_foveated_rendering,base_scanner_score_104; module_bonus_foveation_rendering_20; sensitive_sink_foveation_bonus_12; keyword_support_eye_or_gaze_5_bonus_20; keyword_support_sdk_1_bonus_3,C:\realDesktop\manifest-evaluations\summer-26\ghidra-pipeline\il2cpp-files\Gorillavs100Men\general-structure-results\90_plus_attempted_dynamic_eye_tracked_foveation_near_certain\0401e864_FUN_0401e864.c,C:\realDesktop\manifest-evaluations\summer-26\ghidra-pipeline\il2cpp-files\Gorillavs100Men\manual-review-pack\B_high_priority\069_p159_FUN_0401e864.c
70,159,B_high_priority,FUN_0401e4c0,0401e4c0,104,90_plus_attempted_dynamic_eye_tracked_foveation_near_certain,eye_source; weak_source_state; foveation_rendering; attempted_use; dynamic_foveation_possible,strong_eye_source_hits_1; weak_xr_or_state_hits_1; strong_foveation_hits_1; attempted_eye_tracking_permission_or_feature_enable; attempted_eye_tracking_with_foveated_rendering_path; functionality_foveated_rendering,base_scanner_score_104; module_bonus_foveation_rendering_20; sensitive_sink_foveation_bonus_12; keyword_support_eye_or_gaze_5_bonus_20; keyword_support_sdk_1_bonus_3,C:\realDesktop\manifest-evaluations\summer-26\ghidra-pipeline\il2cpp-files\Gorillavs100Men\general-structure-results\90_plus_attempted_dynamic_eye_tracked_foveation_near_certain\0401e4c0_FUN_0401e4c0.c,C:\realDesktop\manifest-evaluations\summer-26\ghidra-pipeline\il2cpp-files\Gorillavs100Men\manual-review-pack\B_high_priority\070_p159_FUN_0401e4c0.c
71,158,B_high_priority,FUN_0297f7fc,0297f7fc,73,70_high_general_structure_review_high,validity_gate; pose_vector; telemetry,validity_or_gating_hits_1; strong_pose_or_ray_construction_hits_4; telemetry_or_network_hits_2,base_scanner_score_73; module_bonus_validity_gate_8; module_bonus_pose_vector_10; module_bonus_telemetry_20; evidence_bonus_telemetry_or_network_hits_12; sensitive_sink_telemetry_bonus_15; keyword_support_eye_or_gaze_1_bonus_4; keyword_support_collection_or_telemetry_4_bonus_16,C:\realDesktop\manifest-evaluations\summer-26\ghidra-pipeline\il2cpp-files\Gorillavs100Men\general-structure-results\70_high_general_structure_review_high\0297f7fc_FUN_0297f7fc.c,C:\realDesktop\manifest-evaluations\summer-26\ghidra-pipeline\il2cpp-files\Gorillavs100Men\manual-review-pack\B_high_priority\071_p158_FUN_0297f7fc.c
72,156,B_high_priority,Sirenix.Serialization.Serializer$$Get<int>,024a6eec,74,70_high_general_structure_review_high,validity_gate; ray_interaction; telemetry,validity_or_gating_hits_14; ray_or_cast_sink_hits_2; telemetry_or_network_hits_2,base_scanner_score_74; module_bonus_validity_gate_8; module_bonus_ray_interaction_15; module_bonus_telemetry_20; evidence_bonus_telemetry_or_network_hits_12; sensitive_sink_telemetry_bonus_15; keyword_support_eye_or_gaze_1_bonus_4; keyword_support_collection_or_telemetry_2_bonus_8,C:\realDesktop\manifest-evaluations\summer-26\ghidra-pipeline\il2cpp-files\Gorillavs100Men\general-structure-results\70_high_general_structure_review_high\024a6eec_Sirenix.Serialization.Serializer$$Get_int_.c,C:\realDesktop\manifest-evaluations\summer-26\ghidra-pipeline\il2cpp-files\Gorillavs100Men\manual-review-pack\B_high_priority\072_p156_Sirenix.Serialization.Serializer$$Get_int_.c
73,156,B_high_priority,Sirenix.Serialization.Serializer$$Get<byte>,024a6d04,74,70_high_general_structure_review_high,validity_gate; ray_interaction; telemetry,validity_or_gating_hits_10; ray_or_cast_sink_hits_2; telemetry_or_network_hits_2,base_scanner_score_74; module_bonus_validity_gate_8; module_bonus_ray_interaction_15; module_bonus_telemetry_20; evidence_bonus_telemetry_or_network_hits_12; sensitive_sink_telemetry_bonus_15; keyword_support_eye_or_gaze_1_bonus_4; keyword_support_collection_or_telemetry_2_bonus_8,C:\realDesktop\manifest-evaluations\summer-26\ghidra-pipeline\il2cpp-files\Gorillavs100Men\general-structure-results\70_high_general_structure_review_high\024a6d04_Sirenix.Serialization.Serializer$$Get_byte_.c,C:\realDesktop\manifest-evaluations\summer-26\ghidra-pipeline\il2cpp-files\Gorillavs100Men\manual-review-pack\B_high_priority\073_p156_Sirenix.Serialization.Serializer$$Get_byte_.c
74,156,B_high_priority,Sirenix.Serialization.Serializer$$Get<Color>,024a6df8,74,70_high_general_structure_review_high,validity_gate; ray_interaction; telemetry,validity_or_gating_hits_6; ray_or_cast_sink_hits_2; telemetry_or_network_hits_2,base_scanner_score_74; module_bonus_validity_gate_8; module_bonus_ray_interaction_15; module_bonus_telemetry_20; evidence_bonus_telemetry_or_network_hits_12; sensitive_sink_telemetry_bonus_15; keyword_support_eye_or_gaze_1_bonus_4; keyword_support_collection_or_telemetry_2_bonus_8,C:\realDesktop\manifest-evaluations\summer-26\ghidra-pipeline\il2cpp-files\Gorillavs100Men\general-structure-results\70_high_general_structure_review_high\024a6df8_Sirenix.Serialization.Serializer$$Get_Color_.c,C:\realDesktop\manifest-evaluations\summer-26\ghidra-pipeline\il2cpp-files\Gorillavs100Men\manual-review-pack\B_high_priority\074_p156_Sirenix.Serialization.Serializer$$Get_Color_.c
75,156,B_high_priority,Sirenix.Serialization.SerializationUtility$$SerializeValue<object>,024a654c,74,70_high_general_structure_review_high,validity_gate; ray_interaction; telemetry,validity_or_gating_hits_10; ray_or_cast_sink_hits_2; telemetry_or_network_hits_2,base_scanner_score_74; module_bonus_validity_gate_8; module_bonus_ray_interaction_15; module_bonus_telemetry_20; evidence_bonus_telemetry_or_network_hits_12; sensitive_sink_telemetry_bonus_15; keyword_support_eye_or_gaze_1_bonus_4; keyword_support_collection_or_telemetry_2_bonus_8,C:\realDesktop\manifest-evaluations\summer-26\ghidra-pipeline\il2cpp-files\Gorillavs100Men\general-structure-results\70_high_general_structure_review_high\024a654c_Sirenix.Serialization.SerializationUtility$$SerializeValue_object_.c,C:\realDesktop\manifest-evaluations\summer-26\ghidra-pipeline\il2cpp-files\Gorillavs100Men\manual-review-pack\B_high_priority\075_p156_Sirenix.Serialization.SerializationUtility$$SerializeValue_object_.c
76,156,B_high_priority,System.Array$$IndexOf<ProbeVolumeBakingSet.SerializedPerSceneCellList>,023ce424,71,70_high_general_structure_review_high,validity_gate; pose_vector; paired_state_refs; telemetry,validity_or_gating_hits_1; strong_pose_or_ray_construction_hits_2; paired_field_refs_with_structure_only; telemetry_or_network_hits_2,base_scanner_score_71; module_bonus_validity_gate_8; module_bonus_pose_vector_10; module_bonus_paired_state_refs_8; module_bonus_telemetry_20; evidence_bonus_telemetry_or_network_hits_12; sensitive_sink_telemetry_bonus_15; keyword_support_eye_or_gaze_1_bonus_4; keyword_support_collection_or_telemetry_2_bonus_8,C:\realDesktop\manifest-evaluations\summer-26\ghidra-pipeline\il2cpp-files\Gorillavs100Men\general-structure-results\70_high_general_structure_review_high\023ce424_System.Array$$IndexOf_ProbeVolumeBakingSet.SerializedPerSceneCellList_.c,C:\realDesktop\manifest-evaluations\summer-26\ghidra-pipeline\il2cpp-files\Gorillavs100Men\manual-review-pack\B_high_priority\076_p156_System.Array$$IndexOf_ProbeVolumeBakingSet.SerializedPerSceneCellList_.c
77,155,B_high_priority,UnityEngine.GUI$$DoButton,0401e888,91,90_plus_framework_foveated_rendering_support_or_attempt_near_certain,eye_source; ui_interaction; foveation_rendering; attempted_use; dynamic_foveation_possible,strong_eye_source_hits_1; ui_or_gameplay_sink_hits_2; strong_foveation_hits_1; attempted_eye_tracking_permission_or_feature_enable; attempted_eye_tracking_with_foveated_rendering_path; negative_framework_support_context_without_confirmed_app_level_gaze_flow; framework_foveation_support_not_confirmed_dynamic_eye_tracking; functionality_foveated_rendering,base_scanner_score_91; module_bonus_ui_interaction_12; module_bonus_foveation_rendering_20; sensitive_sink_foveation_bonus_12; keyword_support_eye_or_gaze_5_bonus_20,C:\realDesktop\manifest-evaluations\summer-26\ghidra-pipeline\il2cpp-files\Gorillavs100Men\general-structure-results\90_plus_framework_foveated_rendering_support_or_attempt_near_certain\0401e888_UnityEngine.GUI$$DoButton.c,C:\realDesktop\manifest-evaluations\summer-26\ghidra-pipeline\il2cpp-files\Gorillavs100Men\manual-review-pack\B_high_priority\077_p155_UnityEngine.GUI$$DoButton.c
78,153,B_high_priority,Sirenix.OdinInspector.ShowOdinSerializedPropertiesInInspectorAttribute$$.ctor,037ce978,71,70_high_general_structure_review_high,validity_gate; ray_interaction; telemetry,validity_or_gating_hits_3; ray_or_cast_sink_hits_2; telemetry_or_network_hits_2,base_scanner_score_71; module_bonus_validity_gate_8; module_bonus_ray_interaction_15; module_bonus_telemetry_20; evidence_bonus_telemetry_or_network_hits_12; sensitive_sink_telemetry_bonus_15; keyword_support_eye_or_gaze_1_bonus_4; keyword_support_collection_or_telemetry_2_bonus_8,C:\realDesktop\manifest-evaluations\summer-26\ghidra-pipeline\il2cpp-files\Gorillavs100Men\general-structure-results\70_high_general_structure_review_high\037ce978_Sirenix.OdinInspector.ShowOdinSerializedPropertiesInInspectorAttribute$$.ctor.c,C:\realDesktop\manifest-evaluations\summer-26\ghidra-pipeline\il2cpp-files\Gorillavs100Men\manual-review-pack\B_high_priority\078_p153_Sirenix.OdinInspector.ShowOdinSerializedPropertiesInInspectorAttribute$$.ctor.c
79,152,B_high_priority,Sirenix.Serialization.UnitySerializationUtility$$CalculateOdinWillSerialize,03831588,70,70_high_general_structure_review_high,validity_gate; ray_interaction; telemetry,validity_or_gating_hits_21; ray_or_cast_sink_hits_1; telemetry_or_network_hits_2,base_scanner_score_70; module_bonus_validity_gate_8; module_bonus_ray_interaction_15; module_bonus_telemetry_20; evidence_bonus_telemetry_or_network_hits_12; sensitive_sink_telemetry_bonus_15; keyword_support_eye_or_gaze_1_bonus_4; keyword_support_collection_or_telemetry_2_bonus_8,C:\realDesktop\manifest-evaluations\summer-26\ghidra-pipeline\il2cpp-files\Gorillavs100Men\general-structure-results\70_high_general_structure_review_high\03831588_Sirenix.Serialization.UnitySerializationUtility$$CalculateOdinWillSerialize.c,C:\realDesktop\manifest-evaluations\summer-26\ghidra-pipeline\il2cpp-files\Gorillavs100Men\manual-review-pack\B_high_priority\079_p152_Sirenix.Serialization.UnitySerializationUtility$$CalculateOdinWillSerialize.c
80,152,B_high_priority,Sirenix.Serialization.MinimalBaseFormatter<Bounds>$$Sirenix.Serialization.IFormatter.Deserialize,03556c88,70,70_high_general_structure_review_high,validity_gate; ray_interaction; telemetry,validity_or_gating_hits_4; ray_or_cast_sink_hits_1; telemetry_or_network_hits_2,base_scanner_score_70; module_bonus_validity_gate_8; module_bonus_ray_interaction_15; module_bonus_telemetry_20; evidence_bonus_telemetry_or_network_hits_12; sensitive_sink_telemetry_bonus_15; keyword_support_eye_or_gaze_1_bonus_4; keyword_support_collection_or_telemetry_2_bonus_8,C:\realDesktop\manifest-evaluations\summer-26\ghidra-pipeline\il2cpp-files\Gorillavs100Men\general-structure-results\70_high_general_structure_review_high\03556c88_Sirenix.Serialization.MinimalBaseFormatter_Bounds_$$Sirenix.Serialization.IFormatter.Deserialize.c,C:\realDesktop\manifest-evaluations\summer-26\ghidra-pipeline\il2cpp-files\Gorillavs100Men\manual-review-pack\B_high_priority\080_p152_Sirenix.Serialization.MinimalBaseFormatter_Bounds_$$Sirenix.Serialization.IFormatter.Deserialize.c
81,152,B_high_priority,Sirenix.Serialization.BinaryDataReader$$PrepareNewSerializationSession,037d74c4,70,70_high_general_structure_review_high,validity_gate; ray_interaction; telemetry,validity_or_gating_hits_18; ray_or_cast_sink_hits_1; telemetry_or_network_hits_2,base_scanner_score_70; module_bonus_validity_gate_8; module_bonus_ray_interaction_15; module_bonus_telemetry_20; evidence_bonus_telemetry_or_network_hits_12; sensitive_sink_telemetry_bonus_15; keyword_support_eye_or_gaze_1_bonus_4; keyword_support_collection_or_telemetry_2_bonus_8,C:\realDesktop\manifest-evaluations\summer-26\ghidra-pipeline\il2cpp-files\Gorillavs100Men\general-structure-results\70_high_general_structure_review_high\037d74c4_Sirenix.Serialization.BinaryDataReader$$PrepareNewSerializationSession.c,C:\realDesktop\manifest-evaluations\summer-26\ghidra-pipeline\il2cpp-files\Gorillavs100Men\manual-review-pack\B_high_priority\081_p152_Sirenix.Serialization.BinaryDataReader$$PrepareNewSerializationSession.c
82,151,B_high_priority,System.Collections.Generic.List.Enumerator<ProbeVolumeBakingSet.SerializedPerSceneCellList>$$Dispose,02f52f8c,74,70_high_general_structure_review_high,validity_gate; pose_vector; telemetry,validity_or_gating_hits_6; strong_pose_or_ray_construction_hits_2; telemetry_or_network_hits_2,base_scanner_score_74; module_bonus_validity_gate_8; module_bonus_pose_vector_10; module_bonus_telemetry_20; evidence_bonus_telemetry_or_network_hits_12; sensitive_sink_telemetry_bonus_15; keyword_support_eye_or_gaze_1_bonus_4; keyword_support_collection_or_telemetry_2_bonus_8,C:\realDesktop\manifest-evaluations\summer-26\ghidra-pipeline\il2cpp-files\Gorillavs100Men\general-structure-results\70_high_general_structure_review_high\02f52f8c_System.Collections.Generic.List.Enumerator_ProbeVolumeBakingSet.SerializedPerSceneCellList_$$Dispose.c,C:\realDesktop\manifest-evaluations\summer-26\ghidra-pipeline\il2cpp-files\Gorillavs100Men\manual-review-pack\B_high_priority\082_p151_System.Collections.Generic.List.Enumerator_ProbeVolumeBakingSet.SerializedPerSceneCellList_$$Dispose.c
83,151,B_high_priority,System.Array.InternalEnumerator<ProbeVolumeBakingSet.SerializedPerSceneCellList>$$System.Collections.IEnumerator.get_Current,0324a900,74,70_high_general_structure_review_high,validity_gate; pose_vector; telemetry,validity_or_gating_hits_8; strong_pose_or_ray_construction_hits_2; telemetry_or_network_hits_2,base_scanner_score_74; module_bonus_validity_gate_8; module_bonus_pose_vector_10; module_bonus_telemetry_20; evidence_bonus_telemetry_or_network_hits_12; sensitive_sink_telemetry_bonus_15; keyword_support_eye_or_gaze_1_bonus_4; keyword_support_collection_or_telemetry_2_bonus_8,C:\realDesktop\manifest-evaluations\summer-26\ghidra-pipeline\il2cpp-files\Gorillavs100Men\general-structure-results\70_high_general_structure_review_high\0324a900_System.Array.InternalEnumerator_ProbeVolumeBakingSet.SerializedPerSceneCellList_$$System.Collections.IEnumerator.get_Current.c,C:\realDesktop\manifest-evaluations\summer-26\ghidra-pipeline\il2cpp-files\Gorillavs100Men\manual-review-pack\B_high_priority\083_p151_System.Array.InternalEnumerator_ProbeVolumeBakingSet.SerializedPerSceneCellList_$$System.Collections.IEnumerator.get_Current.c
84,151,B_high_priority,System.Array.InternalEnumerator<ProbeVolumeBakingSet.SerializedPerSceneCellList>$$System.Collections.IEnumerator.Reset,0324a8f4,74,70_high_general_structure_review_high,validity_gate; pose_vector; telemetry,validity_or_gating_hits_7; strong_pose_or_ray_construction_hits_2; telemetry_or_network_hits_2,base_scanner_score_74; module_bonus_validity_gate_8; module_bonus_pose_vector_10; module_bonus_telemetry_20; evidence_bonus_telemetry_or_network_hits_12; sensitive_sink_telemetry_bonus_15; keyword_support_eye_or_gaze_1_bonus_4; keyword_support_collection_or_telemetry_2_bonus_8,C:\realDesktop\manifest-evaluations\summer-26\ghidra-pipeline\il2cpp-files\Gorillavs100Men\general-structure-results\70_high_general_structure_review_high\0324a8f4_System.Array.InternalEnumerator_ProbeVolumeBakingSet.SerializedPerSceneCellList_$$System.Collections.IEnumerator.Reset.c,C:\realDesktop\manifest-evaluations\summer-26\ghidra-pipeline\il2cpp-files\Gorillavs100Men\manual-review-pack\B_high_priority\084_p151_System.Array.InternalEnumerator_ProbeVolumeBakingSet.SerializedPerSceneCellList_$$System.Collections.IEnumerator.Reset.c
85,151,B_high_priority,System.Array$$InternalArray__ICollection_Contains<ProbeVolumeBakingSet.SerializedPerSceneCellList>,025b8f50,74,70_high_general_structure_review_high,validity_gate; pose_vector; telemetry,validity_or_gating_hits_4; strong_pose_or_ray_construction_hits_2; telemetry_or_network_hits_2,base_scanner_score_74; module_bonus_validity_gate_8; module_bonus_pose_vector_10; module_bonus_telemetry_20; evidence_bonus_telemetry_or_network_hits_12; sensitive_sink_telemetry_bonus_15; keyword_support_eye_or_gaze_1_bonus_4; keyword_support_collection_or_telemetry_2_bonus_8,C:\realDesktop\manifest-evaluations\summer-26\ghidra-pipeline\il2cpp-files\Gorillavs100Men\general-structure-results\70_high_general_structure_review_high\025b8f50_System.Array$$InternalArray__ICollection_Contains_ProbeVolumeBakingSet.SerializedPerSceneCellList_.c,C:\realDesktop\manifest-evaluations\summer-26\ghidra-pipeline\il2cpp-files\Gorillavs100Men\manual-review-pack\B_high_priority\085_p151_System.Array$$InternalArray__ICollection_Contains_ProbeVolumeBakingSet.SerializedPerSceneCellList_.c
86,151,B_high_priority,System.Array$$InternalArray__ICollection_Add<ProbeVolumeBakingSet.SerializedPerSceneCellList>,0250fe60,74,70_high_general_structure_review_high,validity_gate; pose_vector; telemetry,validity_or_gating_hits_10; strong_pose_or_ray_construction_hits_2; telemetry_or_network_hits_2,base_scanner_score_74; module_bonus_validity_gate_8; module_bonus_pose_vector_10; module_bonus_telemetry_20; evidence_bonus_telemetry_or_network_hits_12; sensitive_sink_telemetry_bonus_15; keyword_support_eye_or_gaze_1_bonus_4; keyword_support_collection_or_telemetry_2_bonus_8,C:\realDesktop\manifest-evaluations\summer-26\ghidra-pipeline\il2cpp-files\Gorillavs100Men\general-structure-results\70_high_general_structure_review_high\0250fe60_System.Array$$InternalArray__ICollection_Add_ProbeVolumeBakingSet.SerializedPerSceneCellList_.c,C:\realDesktop\manifest-evaluations\summer-26\ghidra-pipeline\il2cpp-files\Gorillavs100Men\manual-review-pack\B_high_priority\086_p151_System.Array$$InternalArray__ICollection_Add_ProbeVolumeBakingSet.SerializedPerSceneCellList_.c
87,151,B_high_priority,Sirenix.Serialization.SerializationNodeDataReader$$PrepareNewSerializationSession,037ec0b8,74,70_high_general_structure_review_high,validity_gate; pose_vector; telemetry,validity_or_gating_hits_21; strong_pose_or_ray_construction_hits_2; telemetry_or_network_hits_2,base_scanner_score_74; module_bonus_validity_gate_8; module_bonus_pose_vector_10; module_bonus_telemetry_20; evidence_bonus_telemetry_or_network_hits_12; sensitive_sink_telemetry_bonus_15; keyword_support_eye_or_gaze_1_bonus_4; keyword_support_collection_or_telemetry_2_bonus_8,C:\realDesktop\manifest-evaluations\summer-26\ghidra-pipeline\il2cpp-files\Gorillavs100Men\general-structure-results\70_high_general_structure_review_high\037ec0b8_Sirenix.Serialization.SerializationNodeDataReader$$PrepareNewSerializationSession.c,C:\realDesktop\manifest-evaluations\summer-26\ghidra-pipeline\il2cpp-files\Gorillavs100Men\manual-review-pack\B_high_priority\087_p151_Sirenix.Serialization.SerializationNodeDataReader$$PrepareNewSerializationSession.c
88,151,B_high_priority,Sirenix.Serialization.MinimalBaseFormatter<Vector4>$$Sirenix.Serialization.IFormatter.Deserialize,0355dcc0,74,70_high_general_structure_review_high,validity_gate; pose_vector; telemetry,validity_or_gating_hits_4; strong_pose_or_ray_construction_hits_2; telemetry_or_network_hits_2,base_scanner_score_74; module_bonus_validity_gate_8; module_bonus_pose_vector_10; module_bonus_telemetry_20; evidence_bonus_telemetry_or_network_hits_12; sensitive_sink_telemetry_bonus_15; keyword_support_eye_or_gaze_1_bonus_4; keyword_support_collection_or_telemetry_2_bonus_8,C:\realDesktop\manifest-evaluations\summer-26\ghidra-pipeline\il2cpp-files\Gorillavs100Men\general-structure-results\70_high_general_structure_review_high\0355dcc0_Sirenix.Serialization.MinimalBaseFormatter_Vector4_$$Sirenix.Serialization.IFormatter.Deserialize.c,C:\realDesktop\manifest-evaluations\summer-26\ghidra-pipeline\il2cpp-files\Gorillavs100Men\manual-review-pack\B_high_priority\088_p151_Sirenix.Serialization.MinimalBaseFormatter_Vector4_$$Sirenix.Serialization.IFormatter.Deserialize.c
89,145,B_high_priority,FUN_020d438c,020d438c,70,70_high_general_structure_review_high,weak_source_state; validity_gate; telemetry,weak_xr_or_state_hits_4; validity_or_gating_hits_21; telemetry_or_network_hits_3,base_scanner_score_70; module_bonus_validity_gate_8; module_bonus_telemetry_20; evidence_bonus_telemetry_or_network_hits_12; sensitive_sink_telemetry_bonus_15; keyword_support_eye_or_gaze_1_bonus_4; keyword_support_collection_or_telemetry_4_bonus_16,C:\realDesktop\manifest-evaluations\summer-26\ghidra-pipeline\il2cpp-files\Gorillavs100Men\general-structure-results\70_high_general_structure_review_high\020d438c_FUN_020d438c.c,C:\realDesktop\manifest-evaluations\summer-26\ghidra-pipeline\il2cpp-files\Gorillavs100Men\manual-review-pack\B_high_priority\089_p145_FUN_020d438c.c
90,142,B_high_priority,UnityEngine.Event$$set_modifiers_Injected,04019a90,90,90_plus_framework_foveated_rendering_support_or_attempt_near_certain,eye_source; weak_source_state; foveation_rendering; attempted_use; dynamic_foveation_possible,strong_eye_source_hits_2; weak_xr_or_state_hits_1; strong_foveation_hits_1; attempted_eye_tracking_permission_or_feature_enable; attempted_eye_tracking_with_foveated_rendering_path; negative_framework_support_context_without_confirmed_app_level_gaze_flow; framework_foveation_support_not_confirmed_dynamic_eye_tracking; functionality_foveated_rendering,base_scanner_score_90; module_bonus_foveation_rendering_20; sensitive_sink_foveation_bonus_12; keyword_support_eye_or_gaze_5_bonus_20,C:\realDesktop\manifest-evaluations\summer-26\ghidra-pipeline\il2cpp-files\Gorillavs100Men\general-structure-results\90_plus_framework_foveated_rendering_support_or_attempt_near_certain\04019a90_UnityEngine.Event$$set_modifiers_Injected.c,C:\realDesktop\manifest-evaluations\summer-26\ghidra-pipeline\il2cpp-files\Gorillavs100Men\manual-review-pack\B_high_priority\090_p142_UnityEngine.Event$$set_modifiers_Injected.c
91,137,B_high_priority,UnityEngine.XR.OpenXR.Features.Interactions.EyeGazeInteraction.EyeGazeDevice$$get_pose,03f3085c,101,90_plus_attempted_eye_tracking_permission_or_feature_near_certain,eye_source; weak_source_state; pose_vector; attempted_use,strong_eye_source_hits_4; weak_xr_or_state_hits_4; strong_pose_or_ray_construction_hits_2; attempted_eye_tracking_permission_or_feature_enable; functionality_gaze_retrieval_or_extraction,base_scanner_score_101; module_bonus_pose_vector_10; keyword_support_eye_or_gaze_5_bonus_20; keyword_support_sdk_2_bonus_6,C:\realDesktop\manifest-evaluations\summer-26\ghidra-pipeline\il2cpp-files\Gorillavs100Men\general-structure-results\90_plus_attempted_eye_tracking_permission_or_feature_near_certain\03f3085c_UnityEngine.XR.OpenXR.Features.Interactions.EyeGazeInteraction.EyeGazeDevice$$get_pose.c,C:\realDesktop\manifest-evaluations\summer-26\ghidra-pipeline\il2cpp-files\Gorillavs100Men\manual-review-pack\B_high_priority\091_p137_UnityEngine.XR.OpenXR.Features.Interactions.EyeGazeInteraction.EyeGazeDevice$$get_pose.c
92,136,B_high_priority,UnityEngine.XR.Interaction.Toolkit.Inputs.XRInputTrackingAggregator.Characteristics$$get_eyeGaze,03eed3e4,93,90_plus_framework_eye_tracking_support_or_permission_path_near_certain,eye_source; weak_source_state; validity_gate; ray_interaction; attempted_use,strong_eye_source_hits_2; weak_xr_or_state_hits_2; validity_or_gating_hits_21; ray_or_cast_sink_hits_7; attempted_eye_tracking_permission_or_feature_enable; negative_framework_support_context_without_confirmed_app_level_gaze_flow; functionality_gaze_retrieval_or_extraction,base_scanner_score_93; module_bonus_validity_gate_8; module_bonus_ray_interaction_15; keyword_support_eye_or_gaze_5_bonus_20,C:\realDesktop\manifest-evaluations\summer-26\ghidra-pipeline\il2cpp-files\Gorillavs100Men\general-structure-results\90_plus_framework_eye_tracking_support_or_permission_path_near_certain\03eed3e4_UnityEngine.XR.Interaction.Toolkit.Inputs.XRInputTrackingAggregator.Characteristics$$get_eyeGaze.c,C:\realDesktop\manifest-evaluations\summer-26\ghidra-pipeline\il2cpp-files\Gorillavs100Men\manual-review-pack\B_high_priority\092_p136_UnityEngine.XR.Interaction.Toolkit.Inputs.XRInputTrackingAggregator.Characteristics$$get_eyeGaze.c
93,135,B_high_priority,UnityEngine.XR.OpenXR.Features.Interactions.EyeGazeInteraction.EyeGazeDevice$$set_pose,03f30864,99,90_plus_attempted_eye_tracking_permission_or_feature_near_certain,eye_source; weak_source_state; pose_vector; attempted_use,strong_eye_source_hits_4; weak_xr_or_state_hits_2; strong_pose_or_ray_construction_hits_2; attempted_eye_tracking_permission_or_feature_enable; functionality_gaze_retrieval_or_extraction,base_scanner_score_99; module_bonus_pose_vector_10; keyword_support_eye_or_gaze_5_bonus_20; keyword_support_sdk_2_bonus_6,C:\realDesktop\manifest-evaluations\summer-26\ghidra-pipeline\il2cpp-files\Gorillavs100Men\general-structure-results\90_plus_attempted_eye_tracking_permission_or_feature_near_certain\03f30864_UnityEngine.XR.OpenXR.Features.Interactions.EyeGazeInteraction.EyeGazeDevice$$set_pose.c,C:\realDesktop\manifest-evaluations\summer-26\ghidra-pipeline\il2cpp-files\Gorillavs100Men\manual-review-pack\B_high_priority\093_p135_UnityEngine.XR.OpenXR.Features.Interactions.EyeGazeInteraction.EyeGazeDevice$$set_pose.c
94,133,B_high_priority,Unity.XR.OpenVR.OpenVRHMD$$set_rightEyeVelocity,03986688,82,70_high_framework_support_only_high,eye_source; validity_gate; paired_state_refs; ray_interaction,strong_eye_source_hits_2; validity_or_gating_hits_21; paired_field_refs_with_eye_source; ray_or_cast_sink_hits_21; negative_framework_support_context_without_confirmed_app_level_gaze_flow; functionality_possible_biometrics_hits_2,base_scanner_score_82; module_bonus_validity_gate_8; module_bonus_paired_state_refs_8; module_bonus_ray_interaction_15; keyword_support_eye_or_gaze_5_bonus_20,C:\realDesktop\manifest-evaluations\summer-26\ghidra-pipeline\il2cpp-files\Gorillavs100Men\general-structure-results\70_high_framework_support_only_high\03986688_Unity.XR.OpenVR.OpenVRHMD$$set_rightEyeVelocity.c,C:\realDesktop\manifest-evaluations\summer-26\ghidra-pipeline\il2cpp-files\Gorillavs100Men\manual-review-pack\B_high_priority\094_p133_Unity.XR.OpenVR.OpenVRHMD$$set_rightEyeVelocity.c
95,133,B_high_priority,Unity.XR.OpenVR.OpenVRHMD$$set_rightEyeAngularVelocity,039866a0,82,70_high_framework_support_only_high,eye_source; validity_gate; paired_state_refs; ray_interaction,strong_eye_source_hits_2; validity_or_gating_hits_21; paired_field_refs_with_eye_source; ray_or_cast_sink_hits_21; negative_framework_support_context_without_confirmed_app_level_gaze_flow; functionality_possible_biometrics_hits_2,base_scanner_score_82; module_bonus_validity_gate_8; module_bonus_paired_state_refs_8; module_bonus_ray_interaction_15; keyword_support_eye_or_gaze_5_bonus_20,C:\realDesktop\manifest-evaluations\summer-26\ghidra-pipeline\il2cpp-files\Gorillavs100Men\general-structure-results\70_high_framework_support_only_high\039866a0_Unity.XR.OpenVR.OpenVRHMD$$set_rightEyeAngularVelocity.c,C:\realDesktop\manifest-evaluations\summer-26\ghidra-pipeline\il2cpp-files\Gorillavs100Men\manual-review-pack\B_high_priority\095_p133_Unity.XR.OpenVR.OpenVRHMD$$set_rightEyeAngularVelocity.c
96,133,B_high_priority,Unity.XR.OpenVR.OpenVRHMD$$set_leftEyeVelocity,03986658,82,70_high_framework_support_only_high,eye_source; validity_gate; paired_state_refs; ray_interaction,strong_eye_source_hits_2; validity_or_gating_hits_21; paired_field_refs_with_eye_source; ray_or_cast_sink_hits_21; negative_framework_support_context_without_confirmed_app_level_gaze_flow; functionality_possible_biometrics_hits_2,base_scanner_score_82; module_bonus_validity_gate_8; module_bonus_paired_state_refs_8; module_bonus_ray_interaction_15; keyword_support_eye_or_gaze_5_bonus_20,C:\realDesktop\manifest-evaluations\summer-26\ghidra-pipeline\il2cpp-files\Gorillavs100Men\general-structure-results\70_high_framework_support_only_high\03986658_Unity.XR.OpenVR.OpenVRHMD$$set_leftEyeVelocity.c,C:\realDesktop\manifest-evaluations\summer-26\ghidra-pipeline\il2cpp-files\Gorillavs100Men\manual-review-pack\B_high_priority\096_p133_Unity.XR.OpenVR.OpenVRHMD$$set_leftEyeVelocity.c
97,133,B_high_priority,Unity.XR.OpenVR.OpenVRHMD$$set_leftEyeAngularVelocity,03986670,82,70_high_framework_support_only_high,eye_source; validity_gate; paired_state_refs; ray_interaction,strong_eye_source_hits_2; validity_or_gating_hits_21; paired_field_refs_with_eye_source; ray_or_cast_sink_hits_21; negative_framework_support_context_without_confirmed_app_level_gaze_flow; functionality_possible_biometrics_hits_2,base_scanner_score_82; module_bonus_validity_gate_8; module_bonus_paired_state_refs_8; module_bonus_ray_interaction_15; keyword_support_eye_or_gaze_5_bonus_20,C:\realDesktop\manifest-evaluations\summer-26\ghidra-pipeline\il2cpp-files\Gorillavs100Men\general-structure-results\70_high_framework_support_only_high\03986670_Unity.XR.OpenVR.OpenVRHMD$$set_leftEyeAngularVelocity.c,C:\realDesktop\manifest-evaluations\summer-26\ghidra-pipeline\il2cpp-files\Gorillavs100Men\manual-review-pack\B_high_priority\097_p133_Unity.XR.OpenVR.OpenVRHMD$$set_leftEyeAngularVelocity.c
98,133,B_high_priority,Unity.XR.OpenVR.OpenVRHMD$$get_rightEyeVelocity,03986680,82,70_high_framework_support_only_high,eye_source; validity_gate; paired_state_refs; ray_interaction,strong_eye_source_hits_2; validity_or_gating_hits_21; paired_field_refs_with_eye_source; ray_or_cast_sink_hits_21; negative_framework_support_context_without_confirmed_app_level_gaze_flow; functionality_possible_biometrics_hits_2,base_scanner_score_82; module_bonus_validity_gate_8; module_bonus_paired_state_refs_8; module_bonus_ray_interaction_15; keyword_support_eye_or_gaze_5_bonus_20,C:\realDesktop\manifest-evaluations\summer-26\ghidra-pipeline\il2cpp-files\Gorillavs100Men\general-structure-results\70_high_framework_support_only_high\03986680_Unity.XR.OpenVR.OpenVRHMD$$get_rightEyeVelocity.c,C:\realDesktop\manifest-evaluations\summer-26\ghidra-pipeline\il2cpp-files\Gorillavs100Men\manual-review-pack\B_high_priority\098_p133_Unity.XR.OpenVR.OpenVRHMD$$get_rightEyeVelocity.c
99,133,B_high_priority,Unity.XR.OpenVR.OpenVRHMD$$get_rightEyeAngularVelocity,03986698,82,70_high_framework_support_only_high,eye_source; validity_gate; paired_state_refs; ray_interaction,strong_eye_source_hits_2; validity_or_gating_hits_21; paired_field_refs_with_eye_source; ray_or_cast_sink_hits_21; negative_framework_support_context_without_confirmed_app_level_gaze_flow; functionality_possible_biometrics_hits_2,base_scanner_score_82; module_bonus_validity_gate_8; module_bonus_paired_state_refs_8; module_bonus_ray_interaction_15; keyword_support_eye_or_gaze_5_bonus_20,C:\realDesktop\manifest-evaluations\summer-26\ghidra-pipeline\il2cpp-files\Gorillavs100Men\general-structure-results\70_high_framework_support_only_high\03986698_Unity.XR.OpenVR.OpenVRHMD$$get_rightEyeAngularVelocity.c,C:\realDesktop\manifest-evaluations\summer-26\ghidra-pipeline\il2cpp-files\Gorillavs100Men\manual-review-pack\B_high_priority\099_p133_Unity.XR.OpenVR.OpenVRHMD$$get_rightEyeAngularVelocity.c
100,133,B_high_priority,Unity.XR.OpenVR.OpenVRHMD$$get_leftEyeVelocity,03986650,82,70_high_framework_support_only_high,eye_source; validity_gate; paired_state_refs; ray_interaction,strong_eye_source_hits_2; validity_or_gating_hits_21; paired_field_refs_with_eye_source; ray_or_cast_sink_hits_21; negative_framework_support_context_without_confirmed_app_level_gaze_flow; functionality_possible_biometrics_hits_2,base_scanner_score_82; module_bonus_validity_gate_8; module_bonus_paired_state_refs_8; module_bonus_ray_interaction_15; keyword_support_eye_or_gaze_5_bonus_20,C:\realDesktop\manifest-evaluations\summer-26\ghidra-pipeline\il2cpp-files\Gorillavs100Men\general-structure-results\70_high_framework_support_only_high\03986650_Unity.XR.OpenVR.OpenVRHMD$$get_leftEyeVelocity.c,C:\realDesktop\manifest-evaluations\summer-26\ghidra-pipeline\il2cpp-files\Gorillavs100Men\manual-review-pack\B_high_priority\100_p133_Unity.XR.OpenVR.OpenVRHMD$$get_leftEyeVelocity.c
