rank,manual_priority_score,manual_tier,function_name,entry_point,scanner_score,scanner_label,modules,evidence,priority_reasons,file_path,copied_file
1,297,A_must_review,Meta.XR.EnvironmentDepthRaycaster$$ClosestPointOnFirstRay,05aceea4,173,90_plus_uncertain_gaze_interaction_near_certain,eye_source; validity_gate; pose_vector; ray_interaction; data_collection; structure_combo,strong_eye_source_hits_1; validity_or_gating_hits_2; strong_pose_or_ray_construction_hits_4; ray_or_cast_sink_hits_2; strong_file_logging_hits_2; source_validity_pose_sink_structure; strong_eye_source_validity_pose_sink_structure; functionality_gaze_interaction_hits_2; functionality_data_collection_or_telemetry_hits_2,base_scanner_score_173; module_bonus_validity_gate_8; module_bonus_pose_vector_10; module_bonus_ray_interaction_15; module_bonus_data_collection_22; module_bonus_structure_combo_18; sensitive_sink_data_collection_bonus_15; keyword_support_eye_or_gaze_5_bonus_20; keyword_support_collection_or_telemetry_4_bonus_16,C:\realDesktop\manifest-evaluations\summer-26\ghidra-pipeline\il2cpp-files\vandalizer\general-structure-results\90_plus_uncertain_gaze_interaction_near_certain\05aceea4_Meta.XR.EnvironmentDepthRaycaster$$ClosestPointOnFirstRay.c,C:\realDesktop\manifest-evaluations\summer-26\ghidra-pipeline\il2cpp-files\vandalizer\manual-review-pack\A_must_review\001_p297_Meta.XR.EnvironmentDepthRaycaster$$ClosestPointOnFirstRay.c
2,278,A_must_review,FUN_06d6127c,06d6127c,152,90_plus_attempted_dynamic_eye_tracked_foveation_near_certain,eye_source; weak_source_state; validity_gate; telemetry; foveation_rendering; attempted_use; dynamic_foveation_possible,strong_eye_source_hits_2; weak_xr_or_state_hits_2; validity_or_gating_hits_1; telemetry_or_network_hits_1; strong_foveation_hits_1; attempted_eye_tracking_permission_or_feature_enable; attempted_eye_tracking_with_foveated_rendering_path; functionality_permission_setup; functionality_foveated_rendering; functionality_data_collection_or_telemetry_hits_1,base_scanner_score_152; module_bonus_validity_gate_8; module_bonus_telemetry_20; module_bonus_foveation_rendering_20; evidence_bonus_telemetry_or_network_hits_12; sensitive_sink_telemetry_bonus_15; sensitive_sink_foveation_bonus_12; keyword_support_eye_or_gaze_5_bonus_20; keyword_support_sdk_1_bonus_3; keyword_support_collection_or_telemetry_4_bonus_16,C:\realDesktop\manifest-evaluations\summer-26\ghidra-pipeline\il2cpp-files\vandalizer\general-structure-results\90_plus_attempted_dynamic_eye_tracked_foveation_near_certain\06d6127c_FUN_06d6127c.c,C:\realDesktop\manifest-evaluations\summer-26\ghidra-pipeline\il2cpp-files\vandalizer\manual-review-pack\A_must_review\002_p278_FUN_06d6127c.c
3,277,A_must_review,"System.Runtime.CompilerServices.Unsafe$$As<OVRPlugin.SpaceQueryResult,-char>",03ed1744,200,90_plus_framework_support_only_near_certain,eye_source; weak_source_state; validity_gate; pose_vector; ray_interaction; structure_combo; ordered_structure,strong_eye_source_hits_2; weak_xr_or_state_hits_2; validity_or_gating_hits_5; strong_pose_or_ray_construction_hits_5; ray_or_cast_sink_hits_4; source_validity_pose_sink_structure; strong_eye_source_validity_pose_sink_structure; ordered_eye_source_validity_pose_interaction_sink; functionality_gaze_interaction_hits_2,base_scanner_score_200; module_bonus_validity_gate_8; module_bonus_pose_vector_10; module_bonus_ray_interaction_15; module_bonus_structure_combo_18; keyword_support_eye_or_gaze_5_bonus_20; keyword_support_sdk_2_bonus_6,C:\realDesktop\manifest-evaluations\summer-26\ghidra-pipeline\il2cpp-files\vandalizer\general-structure-results\90_plus_framework_support_only_near_certain\03ed1744_System.Runtime.CompilerServices.Unsafe$$As_OVRPlugin.SpaceQueryResult_-char_.c,C:\realDesktop\manifest-evaluations\summer-26\ghidra-pipeline\il2cpp-files\vandalizer\manual-review-pack\A_must_review\003_p277_System.Runtime.CompilerServices.Unsafe$$As_OVRPlugin.SpaceQueryResult_-char_.c
4,277,A_must_review,"System.Runtime.CompilerServices.Unsafe$$As<OVRPlugin.SpaceQueryResult,-byte>",03ed1740,200,90_plus_framework_support_only_near_certain,eye_source; weak_source_state; validity_gate; pose_vector; ray_interaction; structure_combo; ordered_structure,strong_eye_source_hits_2; weak_xr_or_state_hits_2; validity_or_gating_hits_5; strong_pose_or_ray_construction_hits_5; ray_or_cast_sink_hits_4; source_validity_pose_sink_structure; strong_eye_source_validity_pose_sink_structure; ordered_eye_source_validity_pose_interaction_sink; functionality_gaze_interaction_hits_2,base_scanner_score_200; module_bonus_validity_gate_8; module_bonus_pose_vector_10; module_bonus_ray_interaction_15; module_bonus_structure_combo_18; keyword_support_eye_or_gaze_5_bonus_20; keyword_support_sdk_2_bonus_6,C:\realDesktop\manifest-evaluations\summer-26\ghidra-pipeline\il2cpp-files\vandalizer\general-structure-results\90_plus_framework_support_only_near_certain\03ed1740_System.Runtime.CompilerServices.Unsafe$$As_OVRPlugin.SpaceQueryResult_-byte_.c,C:\realDesktop\manifest-evaluations\summer-26\ghidra-pipeline\il2cpp-files\vandalizer\manual-review-pack\A_must_review\004_p277_System.Runtime.CompilerServices.Unsafe$$As_OVRPlugin.SpaceQueryResult_-byte_.c
5,277,A_must_review,"System.Runtime.CompilerServices.Unsafe$$As<OVRPlugin.SpaceQueryResult,-IntPtr>",03ed1748,200,90_plus_framework_support_only_near_certain,eye_source; weak_source_state; validity_gate; pose_vector; ray_interaction; structure_combo; ordered_structure,strong_eye_source_hits_2; weak_xr_or_state_hits_2; validity_or_gating_hits_5; strong_pose_or_ray_construction_hits_5; ray_or_cast_sink_hits_4; source_validity_pose_sink_structure; strong_eye_source_validity_pose_sink_structure; ordered_eye_source_validity_pose_interaction_sink; functionality_gaze_interaction_hits_2,base_scanner_score_200; module_bonus_validity_gate_8; module_bonus_pose_vector_10; module_bonus_ray_interaction_15; module_bonus_structure_combo_18; keyword_support_eye_or_gaze_5_bonus_20; keyword_support_sdk_2_bonus_6,C:\realDesktop\manifest-evaluations\summer-26\ghidra-pipeline\il2cpp-files\vandalizer\general-structure-results\90_plus_framework_support_only_near_certain\03ed1748_System.Runtime.CompilerServices.Unsafe$$As_OVRPlugin.SpaceQueryResult_-IntPtr_.c,C:\realDesktop\manifest-evaluations\summer-26\ghidra-pipeline\il2cpp-files\vandalizer\manual-review-pack\A_must_review\005_p277_System.Runtime.CompilerServices.Unsafe$$As_OVRPlugin.SpaceQueryResult_-IntPtr_.c
6,277,A_must_review,"System.Runtime.CompilerServices.Unsafe$$As<OVRPlugin.SpaceDiscoveryResult,-char>",03ed1738,200,90_plus_framework_support_only_near_certain,eye_source; weak_source_state; validity_gate; pose_vector; ray_interaction; structure_combo; ordered_structure,strong_eye_source_hits_2; weak_xr_or_state_hits_2; validity_or_gating_hits_6; strong_pose_or_ray_construction_hits_5; ray_or_cast_sink_hits_4; source_validity_pose_sink_structure; strong_eye_source_validity_pose_sink_structure; ordered_eye_source_validity_pose_interaction_sink; functionality_gaze_interaction_hits_2,base_scanner_score_200; module_bonus_validity_gate_8; module_bonus_pose_vector_10; module_bonus_ray_interaction_15; module_bonus_structure_combo_18; keyword_support_eye_or_gaze_5_bonus_20; keyword_support_sdk_2_bonus_6,C:\realDesktop\manifest-evaluations\summer-26\ghidra-pipeline\il2cpp-files\vandalizer\general-structure-results\90_plus_framework_support_only_near_certain\03ed1738_System.Runtime.CompilerServices.Unsafe$$As_OVRPlugin.SpaceDiscoveryResult_-char_.c,C:\realDesktop\manifest-evaluations\summer-26\ghidra-pipeline\il2cpp-files\vandalizer\manual-review-pack\A_must_review\006_p277_System.Runtime.CompilerServices.Unsafe$$As_OVRPlugin.SpaceDiscoveryResult_-char_.c
7,277,A_must_review,"System.Runtime.CompilerServices.Unsafe$$As<OVRPlugin.SpaceDiscoveryResult,-byte>",03ed1734,200,90_plus_framework_support_only_near_certain,eye_source; weak_source_state; validity_gate; pose_vector; ray_interaction; structure_combo; ordered_structure,strong_eye_source_hits_2; weak_xr_or_state_hits_2; validity_or_gating_hits_6; strong_pose_or_ray_construction_hits_5; ray_or_cast_sink_hits_4; source_validity_pose_sink_structure; strong_eye_source_validity_pose_sink_structure; ordered_eye_source_validity_pose_interaction_sink; functionality_gaze_interaction_hits_2,base_scanner_score_200; module_bonus_validity_gate_8; module_bonus_pose_vector_10; module_bonus_ray_interaction_15; module_bonus_structure_combo_18; keyword_support_eye_or_gaze_5_bonus_20; keyword_support_sdk_2_bonus_6,C:\realDesktop\manifest-evaluations\summer-26\ghidra-pipeline\il2cpp-files\vandalizer\general-structure-results\90_plus_framework_support_only_near_certain\03ed1734_System.Runtime.CompilerServices.Unsafe$$As_OVRPlugin.SpaceDiscoveryResult_-byte_.c,C:\realDesktop\manifest-evaluations\summer-26\ghidra-pipeline\il2cpp-files\vandalizer\manual-review-pack\A_must_review\007_p277_System.Runtime.CompilerServices.Unsafe$$As_OVRPlugin.SpaceDiscoveryResult_-byte_.c
8,277,A_must_review,"System.Runtime.CompilerServices.Unsafe$$As<OVRPlugin.SpaceDiscoveryResult,-IntPtr>",03ed173c,200,90_plus_framework_support_only_near_certain,eye_source; weak_source_state; validity_gate; pose_vector; ray_interaction; structure_combo; ordered_structure,strong_eye_source_hits_2; weak_xr_or_state_hits_2; validity_or_gating_hits_5; strong_pose_or_ray_construction_hits_5; ray_or_cast_sink_hits_4; source_validity_pose_sink_structure; strong_eye_source_validity_pose_sink_structure; ordered_eye_source_validity_pose_interaction_sink; functionality_gaze_interaction_hits_2,base_scanner_score_200; module_bonus_validity_gate_8; module_bonus_pose_vector_10; module_bonus_ray_interaction_15; module_bonus_structure_combo_18; keyword_support_eye_or_gaze_5_bonus_20; keyword_support_sdk_2_bonus_6,C:\realDesktop\manifest-evaluations\summer-26\ghidra-pipeline\il2cpp-files\vandalizer\general-structure-results\90_plus_framework_support_only_near_certain\03ed173c_System.Runtime.CompilerServices.Unsafe$$As_OVRPlugin.SpaceDiscoveryResult_-IntPtr_.c,C:\realDesktop\manifest-evaluations\summer-26\ghidra-pipeline\il2cpp-files\vandalizer\manual-review-pack\A_must_review\008_p277_System.Runtime.CompilerServices.Unsafe$$As_OVRPlugin.SpaceDiscoveryResult_-IntPtr_.c
9,273,A_must_review,FUN_06f4f360,06f4f360,138,90_plus_uncertain_foveated_rendering_near_certain,eye_source; weak_source_state; validity_gate; telemetry; foveation_rendering,strong_eye_source_hits_2; weak_xr_or_state_hits_12; validity_or_gating_hits_3; telemetry_or_network_hits_2; strong_foveation_hits_2; functionality_foveated_rendering; functionality_data_collection_or_telemetry_hits_2,base_scanner_score_138; module_bonus_validity_gate_8; module_bonus_telemetry_20; module_bonus_foveation_rendering_20; evidence_bonus_telemetry_or_network_hits_12; sensitive_sink_telemetry_bonus_15; sensitive_sink_foveation_bonus_12; keyword_support_eye_or_gaze_5_bonus_20; keyword_support_sdk_4_bonus_12; keyword_support_collection_or_telemetry_4_bonus_16,C:\realDesktop\manifest-evaluations\summer-26\ghidra-pipeline\il2cpp-files\vandalizer\general-structure-results\90_plus_uncertain_foveated_rendering_near_certain\06f4f360_FUN_06f4f360.c,C:\realDesktop\manifest-evaluations\summer-26\ghidra-pipeline\il2cpp-files\vandalizer\manual-review-pack\A_must_review\009_p273_FUN_06f4f360.c
10,273,A_must_review,UnityEngine.Rendering.CommandBuffer$$ConfigureFoveatedRendering_Injected,06d89a14,118,90_plus_framework_foveated_rendering_support_or_attempt_near_certain,validity_gate; ui_interaction; telemetry; foveation_rendering; keyword_support; attempted_use; dynamic_foveation_possible,validity_or_gating_hits_21; ui_or_gameplay_sink_hits_5; telemetry_or_network_hits_1; strong_foveation_hits_2; eye_or_gaze_keyword_boost_only; attempted_eye_tracking_permission_or_feature_enable; attempted_eye_tracking_with_foveated_rendering_path; negative_framework_support_context_without_confirmed_app_level_gaze_flow; framework_foveation_support_not_confirmed_dynamic_eye_tracking; functionality_foveated_rendering; functionality_possible_biometrics_hits_7,base_scanner_score_118; module_bonus_validity_gate_8; module_bonus_ui_interaction_12; module_bonus_telemetry_20; module_bonus_foveation_rendering_20; module_bonus_keyword_support_12; evidence_bonus_telemetry_or_network_hits_12; evidence_bonus_eye_or_gaze_keyword_boost_12; sensitive_sink_telemetry_bonus_15; sensitive_sink_foveation_bonus_12; keyword_support_eye_or_gaze_5_bonus_20; keyword_support_collection_or_telemetry_3_bonus_12,C:\realDesktop\manifest-evaluations\summer-26\ghidra-pipeline\il2cpp-files\vandalizer\general-structure-results\90_plus_framework_foveated_rendering_support_or_attempt_near_certain\06d89a14_UnityEngine.Rendering.CommandBuffer$$ConfigureFoveatedRendering_Injected.c,C:\realDesktop\manifest-evaluations\summer-26\ghidra-pipeline\il2cpp-files\vandalizer\manual-review-pack\A_must_review\010_p273_UnityEngine.Rendering.CommandBuffer$$ConfigureFoveatedRendering_Injected.c
11,273,A_must_review,UnityEngine.Rendering.CommandBuffer$$ConfigureFoveatedRendering,06d899bc,118,90_plus_framework_foveated_rendering_support_or_attempt_near_certain,validity_gate; ui_interaction; telemetry; foveation_rendering; keyword_support; attempted_use; dynamic_foveation_possible,validity_or_gating_hits_21; ui_or_gameplay_sink_hits_5; telemetry_or_network_hits_1; strong_foveation_hits_2; eye_or_gaze_keyword_boost_only; attempted_eye_tracking_permission_or_feature_enable; attempted_eye_tracking_with_foveated_rendering_path; negative_framework_support_context_without_confirmed_app_level_gaze_flow; framework_foveation_support_not_confirmed_dynamic_eye_tracking; functionality_foveated_rendering; functionality_possible_biometrics_hits_7,base_scanner_score_118; module_bonus_validity_gate_8; module_bonus_ui_interaction_12; module_bonus_telemetry_20; module_bonus_foveation_rendering_20; module_bonus_keyword_support_12; evidence_bonus_telemetry_or_network_hits_12; evidence_bonus_eye_or_gaze_keyword_boost_12; sensitive_sink_telemetry_bonus_15; sensitive_sink_foveation_bonus_12; keyword_support_eye_or_gaze_5_bonus_20; keyword_support_collection_or_telemetry_3_bonus_12,C:\realDesktop\manifest-evaluations\summer-26\ghidra-pipeline\il2cpp-files\vandalizer\general-structure-results\90_plus_framework_foveated_rendering_support_or_attempt_near_certain\06d899bc_UnityEngine.Rendering.CommandBuffer$$ConfigureFoveatedRendering.c,C:\realDesktop\manifest-evaluations\summer-26\ghidra-pipeline\il2cpp-files\vandalizer\manual-review-pack\A_must_review\011_p273_UnityEngine.Rendering.CommandBuffer$$ConfigureFoveatedRendering.c
12,272,A_must_review,UnityEngine.XR.Interaction.Toolkit.Interactors.Casters.CurveInteractionCaster$$UpdatePhysicscastHits,06bf5800,141,90_plus_framework_support_only_near_certain,eye_source; weak_source_state; validity_gate; ray_interaction; ui_interaction; telemetry; frame_behavior,strong_eye_source_hits_4; weak_xr_or_state_hits_10; validity_or_gating_hits_21; ray_or_cast_sink_hits_2; ui_or_gameplay_sink_hits_2; telemetry_or_network_hits_2; frame_or_lifecycle_behavior; negative_framework_support_context_without_confirmed_app_level_gaze_flow; functionality_data_collection_or_telemetry_hits_2,base_scanner_score_141; module_bonus_validity_gate_8; module_bonus_ray_interaction_15; module_bonus_ui_interaction_12; module_bonus_telemetry_20; module_bonus_frame_behavior_5; evidence_bonus_telemetry_or_network_hits_12; sensitive_sink_telemetry_bonus_15; keyword_support_eye_or_gaze_4_bonus_16; keyword_support_sdk_4_bonus_12; keyword_support_collection_or_telemetry_4_bonus_16,C:\realDesktop\manifest-evaluations\summer-26\ghidra-pipeline\il2cpp-files\vandalizer\general-structure-results\90_plus_framework_support_only_near_certain\06bf5800_UnityEngine.XR.Interaction.Toolkit.Interactors.Casters.CurveInteractionCaster$$UpdatePhysicscastHits.c,C:\realDesktop\manifest-evaluations\summer-26\ghidra-pipeline\il2cpp-files\vandalizer\manual-review-pack\A_must_review\012_p272_UnityEngine.XR.Interaction.Toolkit.Interactors.Casters.CurveInteractionCaster$$UpdatePhysicscastHits.c
13,264,A_must_review,FUN_06f4f7f8,06f4f7f8,105,90_plus_uncertain_foveated_rendering_near_certain,weak_source_state; validity_gate; telemetry; foveation_rendering; keyword_support,weak_xr_or_state_hits_8; validity_or_gating_hits_4; telemetry_or_network_hits_2; strong_foveation_hits_2; eye_or_gaze_keyword_boost_only; functionality_foveated_rendering,base_scanner_score_105; module_bonus_validity_gate_8; module_bonus_telemetry_20; module_bonus_foveation_rendering_20; module_bonus_keyword_support_12; evidence_bonus_telemetry_or_network_hits_12; evidence_bonus_eye_or_gaze_keyword_boost_12; sensitive_sink_telemetry_bonus_15; sensitive_sink_foveation_bonus_12; keyword_support_eye_or_gaze_5_bonus_20; keyword_support_sdk_4_bonus_12; keyword_support_collection_or_telemetry_4_bonus_16,C:\realDesktop\manifest-evaluations\summer-26\ghidra-pipeline\il2cpp-files\vandalizer\general-structure-results\90_plus_uncertain_foveated_rendering_near_certain\06f4f7f8_FUN_06f4f7f8.c,C:\realDesktop\manifest-evaluations\summer-26\ghidra-pipeline\il2cpp-files\vandalizer\manual-review-pack\A_must_review\013_p264_FUN_06f4f7f8.c
14,261,A_must_review,FUN_06f4f63c,06f4f63c,102,90_plus_uncertain_foveated_rendering_near_certain,weak_source_state; validity_gate; telemetry; foveation_rendering; keyword_support,weak_xr_or_state_hits_4; validity_or_gating_hits_3; telemetry_or_network_hits_2; strong_foveation_hits_2; eye_or_gaze_keyword_boost_only; functionality_foveated_rendering,base_scanner_score_102; module_bonus_validity_gate_8; module_bonus_telemetry_20; module_bonus_foveation_rendering_20; module_bonus_keyword_support_12; evidence_bonus_telemetry_or_network_hits_12; evidence_bonus_eye_or_gaze_keyword_boost_12; sensitive_sink_telemetry_bonus_15; sensitive_sink_foveation_bonus_12; keyword_support_eye_or_gaze_5_bonus_20; keyword_support_sdk_4_bonus_12; keyword_support_collection_or_telemetry_4_bonus_16,C:\realDesktop\manifest-evaluations\summer-26\ghidra-pipeline\il2cpp-files\vandalizer\general-structure-results\90_plus_uncertain_foveated_rendering_near_certain\06f4f63c_FUN_06f4f63c.c,C:\realDesktop\manifest-evaluations\summer-26\ghidra-pipeline\il2cpp-files\vandalizer\manual-review-pack\A_must_review\014_p261_FUN_06f4f63c.c
15,257,A_must_review,"System.Runtime.CompilerServices.Unsafe$$As<OVRPlugin.Vector4s,-char>",03ed1774,180,90_plus_framework_support_only_near_certain,eye_source; weak_source_state; validity_gate; pose_vector; ray_interaction; structure_combo; ordered_structure,strong_eye_source_hits_2; weak_xr_or_state_hits_2; validity_or_gating_hits_6; strong_pose_or_ray_construction_hits_5; ray_or_cast_sink_hits_4; source_validity_pose_sink_structure; strong_eye_source_validity_pose_sink_structure; ordered_eye_source_validity_pose_interaction_sink; negative_framework_support_context_without_confirmed_app_level_gaze_flow; functionality_gaze_interaction_hits_2,base_scanner_score_180; module_bonus_validity_gate_8; module_bonus_pose_vector_10; module_bonus_ray_interaction_15; module_bonus_structure_combo_18; keyword_support_eye_or_gaze_5_bonus_20; keyword_support_sdk_2_bonus_6,C:\realDesktop\manifest-evaluations\summer-26\ghidra-pipeline\il2cpp-files\vandalizer\general-structure-results\90_plus_framework_support_only_near_certain\03ed1774_System.Runtime.CompilerServices.Unsafe$$As_OVRPlugin.Vector4s_-char_.c,C:\realDesktop\manifest-evaluations\summer-26\ghidra-pipeline\il2cpp-files\vandalizer\manual-review-pack\A_must_review\015_p257_System.Runtime.CompilerServices.Unsafe$$As_OVRPlugin.Vector4s_-char_.c
16,257,A_must_review,"System.Runtime.CompilerServices.Unsafe$$As<OVRPlugin.Vector4s,-byte>",03ed1770,180,90_plus_framework_support_only_near_certain,eye_source; weak_source_state; validity_gate; pose_vector; ray_interaction; structure_combo; ordered_structure,strong_eye_source_hits_2; weak_xr_or_state_hits_2; validity_or_gating_hits_6; strong_pose_or_ray_construction_hits_5; ray_or_cast_sink_hits_4; source_validity_pose_sink_structure; strong_eye_source_validity_pose_sink_structure; ordered_eye_source_validity_pose_interaction_sink; negative_framework_support_context_without_confirmed_app_level_gaze_flow; functionality_gaze_interaction_hits_2,base_scanner_score_180; module_bonus_validity_gate_8; module_bonus_pose_vector_10; module_bonus_ray_interaction_15; module_bonus_structure_combo_18; keyword_support_eye_or_gaze_5_bonus_20; keyword_support_sdk_2_bonus_6,C:\realDesktop\manifest-evaluations\summer-26\ghidra-pipeline\il2cpp-files\vandalizer\general-structure-results\90_plus_framework_support_only_near_certain\03ed1770_System.Runtime.CompilerServices.Unsafe$$As_OVRPlugin.Vector4s_-byte_.c,C:\realDesktop\manifest-evaluations\summer-26\ghidra-pipeline\il2cpp-files\vandalizer\manual-review-pack\A_must_review\016_p257_System.Runtime.CompilerServices.Unsafe$$As_OVRPlugin.Vector4s_-byte_.c
17,257,A_must_review,"System.Runtime.CompilerServices.Unsafe$$As<OVRPlugin.Vector4s,-IntPtr>",03ed1778,180,90_plus_framework_support_only_near_certain,eye_source; weak_source_state; validity_gate; pose_vector; ray_interaction; structure_combo; ordered_structure,strong_eye_source_hits_2; weak_xr_or_state_hits_2; validity_or_gating_hits_6; strong_pose_or_ray_construction_hits_5; ray_or_cast_sink_hits_4; source_validity_pose_sink_structure; strong_eye_source_validity_pose_sink_structure; ordered_eye_source_validity_pose_interaction_sink; negative_framework_support_context_without_confirmed_app_level_gaze_flow; functionality_gaze_interaction_hits_2,base_scanner_score_180; module_bonus_validity_gate_8; module_bonus_pose_vector_10; module_bonus_ray_interaction_15; module_bonus_structure_combo_18; keyword_support_eye_or_gaze_5_bonus_20; keyword_support_sdk_2_bonus_6,C:\realDesktop\manifest-evaluations\summer-26\ghidra-pipeline\il2cpp-files\vandalizer\general-structure-results\90_plus_framework_support_only_near_certain\03ed1778_System.Runtime.CompilerServices.Unsafe$$As_OVRPlugin.Vector4s_-IntPtr_.c,C:\realDesktop\manifest-evaluations\summer-26\ghidra-pipeline\il2cpp-files\vandalizer\manual-review-pack\A_must_review\017_p257_System.Runtime.CompilerServices.Unsafe$$As_OVRPlugin.Vector4s_-IntPtr_.c
18,257,A_must_review,"System.Runtime.CompilerServices.Unsafe$$As<OVRPlugin.Vector4f,-char>",03ed1768,180,90_plus_framework_support_only_near_certain,eye_source; weak_source_state; validity_gate; pose_vector; ray_interaction; structure_combo; ordered_structure,strong_eye_source_hits_2; weak_xr_or_state_hits_2; validity_or_gating_hits_5; strong_pose_or_ray_construction_hits_5; ray_or_cast_sink_hits_4; source_validity_pose_sink_structure; strong_eye_source_validity_pose_sink_structure; ordered_eye_source_validity_pose_interaction_sink; negative_framework_support_context_without_confirmed_app_level_gaze_flow; functionality_gaze_interaction_hits_2,base_scanner_score_180; module_bonus_validity_gate_8; module_bonus_pose_vector_10; module_bonus_ray_interaction_15; module_bonus_structure_combo_18; keyword_support_eye_or_gaze_5_bonus_20; keyword_support_sdk_2_bonus_6,C:\realDesktop\manifest-evaluations\summer-26\ghidra-pipeline\il2cpp-files\vandalizer\general-structure-results\90_plus_framework_support_only_near_certain\03ed1768_System.Runtime.CompilerServices.Unsafe$$As_OVRPlugin.Vector4f_-char_.c,C:\realDesktop\manifest-evaluations\summer-26\ghidra-pipeline\il2cpp-files\vandalizer\manual-review-pack\A_must_review\018_p257_System.Runtime.CompilerServices.Unsafe$$As_OVRPlugin.Vector4f_-char_.c
19,257,A_must_review,"System.Runtime.CompilerServices.Unsafe$$As<OVRPlugin.Vector4f,-byte>",03ed1764,180,90_plus_framework_support_only_near_certain,eye_source; weak_source_state; validity_gate; pose_vector; ray_interaction; structure_combo; ordered_structure,strong_eye_source_hits_2; weak_xr_or_state_hits_2; validity_or_gating_hits_5; strong_pose_or_ray_construction_hits_5; ray_or_cast_sink_hits_4; source_validity_pose_sink_structure; strong_eye_source_validity_pose_sink_structure; ordered_eye_source_validity_pose_interaction_sink; negative_framework_support_context_without_confirmed_app_level_gaze_flow; functionality_gaze_interaction_hits_2,base_scanner_score_180; module_bonus_validity_gate_8; module_bonus_pose_vector_10; module_bonus_ray_interaction_15; module_bonus_structure_combo_18; keyword_support_eye_or_gaze_5_bonus_20; keyword_support_sdk_2_bonus_6,C:\realDesktop\manifest-evaluations\summer-26\ghidra-pipeline\il2cpp-files\vandalizer\general-structure-results\90_plus_framework_support_only_near_certain\03ed1764_System.Runtime.CompilerServices.Unsafe$$As_OVRPlugin.Vector4f_-byte_.c,C:\realDesktop\manifest-evaluations\summer-26\ghidra-pipeline\il2cpp-files\vandalizer\manual-review-pack\A_must_review\019_p257_System.Runtime.CompilerServices.Unsafe$$As_OVRPlugin.Vector4f_-byte_.c
20,257,A_must_review,"System.Runtime.CompilerServices.Unsafe$$As<OVRPlugin.Vector4f,-IntPtr>",03ed176c,180,90_plus_framework_support_only_near_certain,eye_source; weak_source_state; validity_gate; pose_vector; ray_interaction; structure_combo; ordered_structure,strong_eye_source_hits_2; weak_xr_or_state_hits_2; validity_or_gating_hits_5; strong_pose_or_ray_construction_hits_5; ray_or_cast_sink_hits_4; source_validity_pose_sink_structure; strong_eye_source_validity_pose_sink_structure; ordered_eye_source_validity_pose_interaction_sink; negative_framework_support_context_without_confirmed_app_level_gaze_flow; functionality_gaze_interaction_hits_2,base_scanner_score_180; module_bonus_validity_gate_8; module_bonus_pose_vector_10; module_bonus_ray_interaction_15; module_bonus_structure_combo_18; keyword_support_eye_or_gaze_5_bonus_20; keyword_support_sdk_2_bonus_6,C:\realDesktop\manifest-evaluations\summer-26\ghidra-pipeline\il2cpp-files\vandalizer\general-structure-results\90_plus_framework_support_only_near_certain\03ed176c_System.Runtime.CompilerServices.Unsafe$$As_OVRPlugin.Vector4f_-IntPtr_.c,C:\realDesktop\manifest-evaluations\summer-26\ghidra-pipeline\il2cpp-files\vandalizer\manual-review-pack\A_must_review\020_p257_System.Runtime.CompilerServices.Unsafe$$As_OVRPlugin.Vector4f_-IntPtr_.c
21,257,A_must_review,"System.Runtime.CompilerServices.Unsafe$$As<OVRPlugin.Vector3f,-char>",03ed175c,180,90_plus_framework_support_only_near_certain,eye_source; weak_source_state; validity_gate; pose_vector; ray_interaction; structure_combo; ordered_structure,strong_eye_source_hits_2; weak_xr_or_state_hits_2; validity_or_gating_hits_5; strong_pose_or_ray_construction_hits_5; ray_or_cast_sink_hits_4; source_validity_pose_sink_structure; strong_eye_source_validity_pose_sink_structure; ordered_eye_source_validity_pose_interaction_sink; negative_framework_support_context_without_confirmed_app_level_gaze_flow; functionality_gaze_interaction_hits_2,base_scanner_score_180; module_bonus_validity_gate_8; module_bonus_pose_vector_10; module_bonus_ray_interaction_15; module_bonus_structure_combo_18; keyword_support_eye_or_gaze_5_bonus_20; keyword_support_sdk_2_bonus_6,C:\realDesktop\manifest-evaluations\summer-26\ghidra-pipeline\il2cpp-files\vandalizer\general-structure-results\90_plus_framework_support_only_near_certain\03ed175c_System.Runtime.CompilerServices.Unsafe$$As_OVRPlugin.Vector3f_-char_.c,C:\realDesktop\manifest-evaluations\summer-26\ghidra-pipeline\il2cpp-files\vandalizer\manual-review-pack\A_must_review\021_p257_System.Runtime.CompilerServices.Unsafe$$As_OVRPlugin.Vector3f_-char_.c
22,257,A_must_review,"System.Runtime.CompilerServices.Unsafe$$As<OVRPlugin.Vector3f,-byte>",03ed1758,180,90_plus_framework_support_only_near_certain,eye_source; weak_source_state; validity_gate; pose_vector; ray_interaction; structure_combo; ordered_structure,strong_eye_source_hits_2; weak_xr_or_state_hits_2; validity_or_gating_hits_5; strong_pose_or_ray_construction_hits_5; ray_or_cast_sink_hits_4; source_validity_pose_sink_structure; strong_eye_source_validity_pose_sink_structure; ordered_eye_source_validity_pose_interaction_sink; negative_framework_support_context_without_confirmed_app_level_gaze_flow; functionality_gaze_interaction_hits_2,base_scanner_score_180; module_bonus_validity_gate_8; module_bonus_pose_vector_10; module_bonus_ray_interaction_15; module_bonus_structure_combo_18; keyword_support_eye_or_gaze_5_bonus_20; keyword_support_sdk_2_bonus_6,C:\realDesktop\manifest-evaluations\summer-26\ghidra-pipeline\il2cpp-files\vandalizer\general-structure-results\90_plus_framework_support_only_near_certain\03ed1758_System.Runtime.CompilerServices.Unsafe$$As_OVRPlugin.Vector3f_-byte_.c,C:\realDesktop\manifest-evaluations\summer-26\ghidra-pipeline\il2cpp-files\vandalizer\manual-review-pack\A_must_review\022_p257_System.Runtime.CompilerServices.Unsafe$$As_OVRPlugin.Vector3f_-byte_.c
23,257,A_must_review,"System.Runtime.CompilerServices.Unsafe$$As<OVRPlugin.Vector3f,-IntPtr>",03ed1760,180,90_plus_framework_support_only_near_certain,eye_source; weak_source_state; validity_gate; pose_vector; ray_interaction; structure_combo; ordered_structure,strong_eye_source_hits_2; weak_xr_or_state_hits_2; validity_or_gating_hits_5; strong_pose_or_ray_construction_hits_5; ray_or_cast_sink_hits_4; source_validity_pose_sink_structure; strong_eye_source_validity_pose_sink_structure; ordered_eye_source_validity_pose_interaction_sink; negative_framework_support_context_without_confirmed_app_level_gaze_flow; functionality_gaze_interaction_hits_2,base_scanner_score_180; module_bonus_validity_gate_8; module_bonus_pose_vector_10; module_bonus_ray_interaction_15; module_bonus_structure_combo_18; keyword_support_eye_or_gaze_5_bonus_20; keyword_support_sdk_2_bonus_6,C:\realDesktop\manifest-evaluations\summer-26\ghidra-pipeline\il2cpp-files\vandalizer\general-structure-results\90_plus_framework_support_only_near_certain\03ed1760_System.Runtime.CompilerServices.Unsafe$$As_OVRPlugin.Vector3f_-IntPtr_.c,C:\realDesktop\manifest-evaluations\summer-26\ghidra-pipeline\il2cpp-files\vandalizer\manual-review-pack\A_must_review\023_p257_System.Runtime.CompilerServices.Unsafe$$As_OVRPlugin.Vector3f_-IntPtr_.c
24,257,A_must_review,"System.Runtime.CompilerServices.Unsafe$$As<OVRPlugin.Vector2f,-char>",03ed1750,180,90_plus_framework_support_only_near_certain,eye_source; weak_source_state; validity_gate; pose_vector; ray_interaction; structure_combo; ordered_structure,strong_eye_source_hits_2; weak_xr_or_state_hits_2; validity_or_gating_hits_5; strong_pose_or_ray_construction_hits_5; ray_or_cast_sink_hits_4; source_validity_pose_sink_structure; strong_eye_source_validity_pose_sink_structure; ordered_eye_source_validity_pose_interaction_sink; negative_framework_support_context_without_confirmed_app_level_gaze_flow; functionality_gaze_interaction_hits_2,base_scanner_score_180; module_bonus_validity_gate_8; module_bonus_pose_vector_10; module_bonus_ray_interaction_15; module_bonus_structure_combo_18; keyword_support_eye_or_gaze_5_bonus_20; keyword_support_sdk_2_bonus_6,C:\realDesktop\manifest-evaluations\summer-26\ghidra-pipeline\il2cpp-files\vandalizer\general-structure-results\90_plus_framework_support_only_near_certain\03ed1750_System.Runtime.CompilerServices.Unsafe$$As_OVRPlugin.Vector2f_-char_.c,C:\realDesktop\manifest-evaluations\summer-26\ghidra-pipeline\il2cpp-files\vandalizer\manual-review-pack\A_must_review\024_p257_System.Runtime.CompilerServices.Unsafe$$As_OVRPlugin.Vector2f_-char_.c
25,257,A_must_review,"System.Runtime.CompilerServices.Unsafe$$As<OVRPlugin.Vector2f,-byte>",03ed174c,180,90_plus_framework_support_only_near_certain,eye_source; weak_source_state; validity_gate; pose_vector; ray_interaction; structure_combo; ordered_structure,strong_eye_source_hits_2; weak_xr_or_state_hits_2; validity_or_gating_hits_5; strong_pose_or_ray_construction_hits_5; ray_or_cast_sink_hits_4; source_validity_pose_sink_structure; strong_eye_source_validity_pose_sink_structure; ordered_eye_source_validity_pose_interaction_sink; negative_framework_support_context_without_confirmed_app_level_gaze_flow; functionality_gaze_interaction_hits_2,base_scanner_score_180; module_bonus_validity_gate_8; module_bonus_pose_vector_10; module_bonus_ray_interaction_15; module_bonus_structure_combo_18; keyword_support_eye_or_gaze_5_bonus_20; keyword_support_sdk_2_bonus_6,C:\realDesktop\manifest-evaluations\summer-26\ghidra-pipeline\il2cpp-files\vandalizer\general-structure-results\90_plus_framework_support_only_near_certain\03ed174c_System.Runtime.CompilerServices.Unsafe$$As_OVRPlugin.Vector2f_-byte_.c,C:\realDesktop\manifest-evaluations\summer-26\ghidra-pipeline\il2cpp-files\vandalizer\manual-review-pack\A_must_review\025_p257_System.Runtime.CompilerServices.Unsafe$$As_OVRPlugin.Vector2f_-byte_.c
26,257,A_must_review,"System.Runtime.CompilerServices.Unsafe$$As<OVRPlugin.Vector2f,-IntPtr>",03ed1754,180,90_plus_framework_support_only_near_certain,eye_source; weak_source_state; validity_gate; pose_vector; ray_interaction; structure_combo; ordered_structure,strong_eye_source_hits_2; weak_xr_or_state_hits_2; validity_or_gating_hits_5; strong_pose_or_ray_construction_hits_5; ray_or_cast_sink_hits_4; source_validity_pose_sink_structure; strong_eye_source_validity_pose_sink_structure; ordered_eye_source_validity_pose_interaction_sink; negative_framework_support_context_without_confirmed_app_level_gaze_flow; functionality_gaze_interaction_hits_2,base_scanner_score_180; module_bonus_validity_gate_8; module_bonus_pose_vector_10; module_bonus_ray_interaction_15; module_bonus_structure_combo_18; keyword_support_eye_or_gaze_5_bonus_20; keyword_support_sdk_2_bonus_6,C:\realDesktop\manifest-evaluations\summer-26\ghidra-pipeline\il2cpp-files\vandalizer\general-structure-results\90_plus_framework_support_only_near_certain\03ed1754_System.Runtime.CompilerServices.Unsafe$$As_OVRPlugin.Vector2f_-IntPtr_.c,C:\realDesktop\manifest-evaluations\summer-26\ghidra-pipeline\il2cpp-files\vandalizer\manual-review-pack\A_must_review\026_p257_System.Runtime.CompilerServices.Unsafe$$As_OVRPlugin.Vector2f_-IntPtr_.c
27,257,A_must_review,"System.Runtime.CompilerServices.Unsafe$$As<OVRPlugin.Qpl.Annotation,-char>",03ed17f8,180,90_plus_framework_support_only_near_certain,eye_source; weak_source_state; validity_gate; pose_vector; ray_interaction; structure_combo; ordered_structure,strong_eye_source_hits_2; weak_xr_or_state_hits_2; validity_or_gating_hits_4; strong_pose_or_ray_construction_hits_4; ray_or_cast_sink_hits_4; source_validity_pose_sink_structure; strong_eye_source_validity_pose_sink_structure; ordered_eye_source_validity_pose_interaction_sink; negative_framework_support_context_without_confirmed_app_level_gaze_flow; functionality_gaze_interaction_hits_2,base_scanner_score_180; module_bonus_validity_gate_8; module_bonus_pose_vector_10; module_bonus_ray_interaction_15; module_bonus_structure_combo_18; keyword_support_eye_or_gaze_5_bonus_20; keyword_support_sdk_2_bonus_6,C:\realDesktop\manifest-evaluations\summer-26\ghidra-pipeline\il2cpp-files\vandalizer\general-structure-results\90_plus_framework_support_only_near_certain\03ed17f8_System.Runtime.CompilerServices.Unsafe$$As_OVRPlugin.Qpl.Annotation_-char_.c,C:\realDesktop\manifest-evaluations\summer-26\ghidra-pipeline\il2cpp-files\vandalizer\manual-review-pack\A_must_review\027_p257_System.Runtime.CompilerServices.Unsafe$$As_OVRPlugin.Qpl.Annotation_-char_.c
28,257,A_must_review,"System.Runtime.CompilerServices.Unsafe$$As<OVRPlugin.Qpl.Annotation,-byte>",03ed17f4,180,90_plus_framework_support_only_near_certain,eye_source; weak_source_state; validity_gate; pose_vector; ray_interaction; structure_combo; ordered_structure,strong_eye_source_hits_2; weak_xr_or_state_hits_2; validity_or_gating_hits_4; strong_pose_or_ray_construction_hits_4; ray_or_cast_sink_hits_4; source_validity_pose_sink_structure; strong_eye_source_validity_pose_sink_structure; ordered_eye_source_validity_pose_interaction_sink; negative_framework_support_context_without_confirmed_app_level_gaze_flow; functionality_gaze_interaction_hits_2,base_scanner_score_180; module_bonus_validity_gate_8; module_bonus_pose_vector_10; module_bonus_ray_interaction_15; module_bonus_structure_combo_18; keyword_support_eye_or_gaze_5_bonus_20; keyword_support_sdk_2_bonus_6,C:\realDesktop\manifest-evaluations\summer-26\ghidra-pipeline\il2cpp-files\vandalizer\general-structure-results\90_plus_framework_support_only_near_certain\03ed17f4_System.Runtime.CompilerServices.Unsafe$$As_OVRPlugin.Qpl.Annotation_-byte_.c,C:\realDesktop\manifest-evaluations\summer-26\ghidra-pipeline\il2cpp-files\vandalizer\manual-review-pack\A_must_review\028_p257_System.Runtime.CompilerServices.Unsafe$$As_OVRPlugin.Qpl.Annotation_-byte_.c
29,257,A_must_review,"System.Runtime.CompilerServices.Unsafe$$As<OVRPlugin.Qpl.Annotation,-IntPtr>",03ed17fc,180,90_plus_framework_support_only_near_certain,eye_source; weak_source_state; validity_gate; pose_vector; ray_interaction; structure_combo; ordered_structure,strong_eye_source_hits_2; weak_xr_or_state_hits_2; validity_or_gating_hits_4; strong_pose_or_ray_construction_hits_4; ray_or_cast_sink_hits_4; source_validity_pose_sink_structure; strong_eye_source_validity_pose_sink_structure; ordered_eye_source_validity_pose_interaction_sink; negative_framework_support_context_without_confirmed_app_level_gaze_flow; functionality_gaze_interaction_hits_2,base_scanner_score_180; module_bonus_validity_gate_8; module_bonus_pose_vector_10; module_bonus_ray_interaction_15; module_bonus_structure_combo_18; keyword_support_eye_or_gaze_5_bonus_20; keyword_support_sdk_2_bonus_6,C:\realDesktop\manifest-evaluations\summer-26\ghidra-pipeline\il2cpp-files\vandalizer\general-structure-results\90_plus_framework_support_only_near_certain\03ed17fc_System.Runtime.CompilerServices.Unsafe$$As_OVRPlugin.Qpl.Annotation_-IntPtr_.c,C:\realDesktop\manifest-evaluations\summer-26\ghidra-pipeline\il2cpp-files\vandalizer\manual-review-pack\A_must_review\029_p257_System.Runtime.CompilerServices.Unsafe$$As_OVRPlugin.Qpl.Annotation_-IntPtr_.c
30,257,A_must_review,Meta.XR.MRUtilityKit.MRUKRoom$$TryGetClosestSurfacePosition,05b014d0,148,90_plus_uncertain_gaze_or_xr_structure_near_certain,eye_source; validity_gate; pose_vector; data_collection; structure_combo,strong_eye_source_hits_1; validity_or_gating_hits_3; strong_pose_or_ray_construction_hits_2; strong_file_logging_hits_2; source_validity_pose_sink_structure; strong_eye_source_validity_pose_sink_structure; functionality_data_collection_or_telemetry_hits_2,base_scanner_score_148; module_bonus_validity_gate_8; module_bonus_pose_vector_10; module_bonus_data_collection_22; module_bonus_structure_combo_18; sensitive_sink_data_collection_bonus_15; keyword_support_eye_or_gaze_5_bonus_20; keyword_support_collection_or_telemetry_4_bonus_16,C:\realDesktop\manifest-evaluations\summer-26\ghidra-pipeline\il2cpp-files\vandalizer\general-structure-results\90_plus_uncertain_gaze_or_xr_structure_near_certain\05b014d0_Meta.XR.MRUtilityKit.MRUKRoom$$TryGetClosestSurfacePosition.c,C:\realDesktop\manifest-evaluations\summer-26\ghidra-pipeline\il2cpp-files\vandalizer\manual-review-pack\A_must_review\030_p257_Meta.XR.MRUtilityKit.MRUKRoom$$TryGetClosestSurfacePosition.c
31,254,A_must_review,UnityEngine.UI.Selectable$$get_allSelectablesArray,0705affc,89,70_high_likely_false_positive_high,weak_source_state; validity_gate; pose_vector; ui_interaction; data_collection; telemetry; frame_behavior; structure_combo,weak_xr_or_state_hits_2; validity_or_gating_hits_3; strong_pose_or_ray_construction_hits_4; ui_or_gameplay_sink_hits_5; strong_file_logging_hits_2; telemetry_or_network_hits_10; frame_or_lifecycle_behavior; source_validity_pose_sink_structure; negative_framework_namespace_without_eye_use_flow; cap_below_near_certain_without_eye_anchor_or_ordered_structure,base_scanner_score_89; module_bonus_validity_gate_8; module_bonus_pose_vector_10; module_bonus_ui_interaction_12; module_bonus_data_collection_22; module_bonus_telemetry_20; module_bonus_frame_behavior_5; module_bonus_structure_combo_18; evidence_bonus_telemetry_or_network_hits_12; sensitive_sink_data_collection_bonus_15; sensitive_sink_telemetry_bonus_15; keyword_support_eye_or_gaze_3_bonus_12; keyword_support_collection_or_telemetry_4_bonus_16,C:\realDesktop\manifest-evaluations\summer-26\ghidra-pipeline\il2cpp-files\vandalizer\general-structure-results\70_high_likely_false_positive_high\0705affc_UnityEngine.UI.Selectable$$get_allSelectablesArray.c,C:\realDesktop\manifest-evaluations\summer-26\ghidra-pipeline\il2cpp-files\vandalizer\manual-review-pack\A_must_review\031_p254_UnityEngine.UI.Selectable$$get_allSelectablesArray.c
32,252,A_must_review,FUN_06c249a0,06c249a0,134,90_plus_uncertain_gaze_or_xr_structure_near_certain,eye_source; weak_source_state; validity_gate; ray_interaction; telemetry,strong_eye_source_hits_2; weak_xr_or_state_hits_15; validity_or_gating_hits_21; ray_or_cast_sink_hits_2; telemetry_or_network_hits_8; functionality_data_collection_or_telemetry_hits_6,base_scanner_score_134; module_bonus_validity_gate_8; module_bonus_ray_interaction_15; module_bonus_telemetry_20; evidence_bonus_telemetry_or_network_hits_12; sensitive_sink_telemetry_bonus_15; keyword_support_eye_or_gaze_5_bonus_20; keyword_support_sdk_4_bonus_12; keyword_support_collection_or_telemetry_4_bonus_16,C:\realDesktop\manifest-evaluations\summer-26\ghidra-pipeline\il2cpp-files\vandalizer\general-structure-results\90_plus_uncertain_gaze_or_xr_structure_near_certain\06c249a0_FUN_06c249a0.c,C:\realDesktop\manifest-evaluations\summer-26\ghidra-pipeline\il2cpp-files\vandalizer\manual-review-pack\A_must_review\032_p252_FUN_06c249a0.c
33,250,A_must_review,FUN_06bf5784,06bf5784,135,90_plus_uncertain_gaze_or_xr_structure_near_certain,eye_source; weak_source_state; validity_gate; ui_interaction; telemetry,strong_eye_source_hits_4; weak_xr_or_state_hits_11; validity_or_gating_hits_21; ui_or_gameplay_sink_hits_2; telemetry_or_network_hits_2; functionality_data_collection_or_telemetry_hits_2,base_scanner_score_135; module_bonus_validity_gate_8; module_bonus_ui_interaction_12; module_bonus_telemetry_20; evidence_bonus_telemetry_or_network_hits_12; sensitive_sink_telemetry_bonus_15; keyword_support_eye_or_gaze_5_bonus_20; keyword_support_sdk_4_bonus_12; keyword_support_collection_or_telemetry_4_bonus_16,C:\realDesktop\manifest-evaluations\summer-26\ghidra-pipeline\il2cpp-files\vandalizer\general-structure-results\90_plus_uncertain_gaze_or_xr_structure_near_certain\06bf5784_FUN_06bf5784.c,C:\realDesktop\manifest-evaluations\summer-26\ghidra-pipeline\il2cpp-files\vandalizer\manual-review-pack\A_must_review\033_p250_FUN_06bf5784.c
34,250,A_must_review,Meta.XR.MetaXREyeTrackedFoveationFeature$$OnSessionCreate,05fdac08,127,90_plus_uncertain_foveated_rendering_near_certain,eye_source; validity_gate; telemetry; foveation_rendering,strong_eye_source_hits_3; validity_or_gating_hits_1; telemetry_or_network_hits_2; strong_foveation_hits_2; functionality_foveated_rendering; functionality_data_collection_or_telemetry_hits_2,base_scanner_score_127; module_bonus_validity_gate_8; module_bonus_telemetry_20; module_bonus_foveation_rendering_20; evidence_bonus_telemetry_or_network_hits_12; sensitive_sink_telemetry_bonus_15; sensitive_sink_foveation_bonus_12; keyword_support_eye_or_gaze_5_bonus_20; keyword_support_collection_or_telemetry_4_bonus_16,C:\realDesktop\manifest-evaluations\summer-26\ghidra-pipeline\il2cpp-files\vandalizer\general-structure-results\90_plus_uncertain_foveated_rendering_near_certain\05fdac08_Meta.XR.MetaXREyeTrackedFoveationFeature$$OnSessionCreate.c,C:\realDesktop\manifest-evaluations\summer-26\ghidra-pipeline\il2cpp-files\vandalizer\manual-review-pack\A_must_review\034_p250_Meta.XR.MetaXREyeTrackedFoveationFeature$$OnSessionCreate.c
35,248,A_must_review,UnityEngine.XR.Interaction.Toolkit.Interactors.XRGazeInteractor$$GetHoverTimeToSelect,06bd7030,89,70_high_framework_eye_tracking_support_or_permission_path_high,weak_source_state; validity_gate; ray_interaction; ui_interaction; telemetry; frame_behavior; keyword_support; attempted_use,weak_xr_or_state_hits_18; validity_or_gating_hits_21; ray_or_cast_sink_hits_1; ui_or_gameplay_sink_hits_2; telemetry_or_network_hits_1; frame_or_lifecycle_behavior; eye_or_gaze_keyword_boost_only; attempted_eye_tracking_permission_or_feature_enable; negative_framework_support_context_without_confirmed_app_level_gaze_flow; cap_below_near_certain_without_eye_anchor_or_ordered_structure; functionality_data_collection_or_telemetry_hits_1,base_scanner_score_89; module_bonus_validity_gate_8; module_bonus_ray_interaction_15; module_bonus_ui_interaction_12; module_bonus_telemetry_20; module_bonus_frame_behavior_5; module_bonus_keyword_support_12; evidence_bonus_telemetry_or_network_hits_12; evidence_bonus_eye_or_gaze_keyword_boost_12; sensitive_sink_telemetry_bonus_15; keyword_support_eye_or_gaze_5_bonus_20; keyword_support_sdk_4_bonus_12; keyword_support_collection_or_telemetry_4_bonus_16,C:\realDesktop\manifest-evaluations\summer-26\ghidra-pipeline\il2cpp-files\vandalizer\general-structure-results\70_high_framework_eye_tracking_support_or_permission_path_high\06bd7030_UnityEngine.XR.Interaction.Toolkit.Interactors.XRGazeInteractor$$GetHoverTimeToSelect.c,C:\realDesktop\manifest-evaluations\summer-26\ghidra-pipeline\il2cpp-files\vandalizer\manual-review-pack\A_must_review\035_p248_UnityEngine.XR.Interaction.Toolkit.Interactors.XRGazeInteractor$$GetHoverTimeToSelect.c
36,241,A_must_review,UnityEngine.Rendering.CommandBuffer$$SetFoveatedRenderingMode_Injected,06d898dc,86,70_high_framework_support_only_high,validity_gate; ui_interaction; telemetry; foveation_rendering; keyword_support,validity_or_gating_hits_21; ui_or_gameplay_sink_hits_5; telemetry_or_network_hits_1; strong_foveation_hits_2; eye_or_gaze_keyword_boost_only; negative_framework_support_context_without_confirmed_app_level_gaze_flow; framework_foveation_support_not_confirmed_dynamic_eye_tracking; functionality_foveated_rendering; functionality_possible_biometrics_hits_9,base_scanner_score_86; module_bonus_validity_gate_8; module_bonus_ui_interaction_12; module_bonus_telemetry_20; module_bonus_foveation_rendering_20; module_bonus_keyword_support_12; evidence_bonus_telemetry_or_network_hits_12; evidence_bonus_eye_or_gaze_keyword_boost_12; sensitive_sink_telemetry_bonus_15; sensitive_sink_foveation_bonus_12; keyword_support_eye_or_gaze_5_bonus_20; keyword_support_collection_or_telemetry_3_bonus_12,C:\realDesktop\manifest-evaluations\summer-26\ghidra-pipeline\il2cpp-files\vandalizer\general-structure-results\70_high_framework_support_only_high\06d898dc_UnityEngine.Rendering.CommandBuffer$$SetFoveatedRenderingMode_Injected.c,C:\realDesktop\manifest-evaluations\summer-26\ghidra-pipeline\il2cpp-files\vandalizer\manual-review-pack\A_must_review\036_p241_UnityEngine.Rendering.CommandBuffer$$SetFoveatedRenderingMode_Injected.c
37,241,A_must_review,UnityEngine.Rendering.CommandBuffer$$SetFoveatedRenderingMode,06d89884,86,70_high_framework_support_only_high,validity_gate; ui_interaction; telemetry; foveation_rendering; keyword_support,validity_or_gating_hits_21; ui_or_gameplay_sink_hits_5; telemetry_or_network_hits_1; strong_foveation_hits_2; eye_or_gaze_keyword_boost_only; negative_framework_support_context_without_confirmed_app_level_gaze_flow; framework_foveation_support_not_confirmed_dynamic_eye_tracking; functionality_foveated_rendering; functionality_possible_biometrics_hits_11,base_scanner_score_86; module_bonus_validity_gate_8; module_bonus_ui_interaction_12; module_bonus_telemetry_20; module_bonus_foveation_rendering_20; module_bonus_keyword_support_12; evidence_bonus_telemetry_or_network_hits_12; evidence_bonus_eye_or_gaze_keyword_boost_12; sensitive_sink_telemetry_bonus_15; sensitive_sink_foveation_bonus_12; keyword_support_eye_or_gaze_5_bonus_20; keyword_support_collection_or_telemetry_3_bonus_12,C:\realDesktop\manifest-evaluations\summer-26\ghidra-pipeline\il2cpp-files\vandalizer\general-structure-results\70_high_framework_support_only_high\06d89884_UnityEngine.Rendering.CommandBuffer$$SetFoveatedRenderingMode.c,C:\realDesktop\manifest-evaluations\summer-26\ghidra-pipeline\il2cpp-files\vandalizer\manual-review-pack\A_must_review\037_p241_UnityEngine.Rendering.CommandBuffer$$SetFoveatedRenderingMode.c
38,240,A_must_review,Unity.Jobs.LowLevel.Unsafe.JobsUtility.PanicFunction_$$Invoke,06cd0f80,131,90_plus_uncertain_gaze_or_xr_structure_near_certain,eye_source; weak_source_state; validity_gate; ui_interaction; telemetry,strong_eye_source_hits_2; weak_xr_or_state_hits_6; validity_or_gating_hits_6; ui_or_gameplay_sink_hits_4; telemetry_or_network_hits_3; functionality_permission_setup; functionality_data_collection_or_telemetry_hits_3; functionality_possible_biometrics_hits_4,base_scanner_score_131; module_bonus_validity_gate_8; module_bonus_ui_interaction_12; module_bonus_telemetry_20; evidence_bonus_telemetry_or_network_hits_12; sensitive_sink_telemetry_bonus_15; keyword_support_eye_or_gaze_5_bonus_20; keyword_support_sdk_2_bonus_6; keyword_support_collection_or_telemetry_4_bonus_16,C:\realDesktop\manifest-evaluations\summer-26\ghidra-pipeline\il2cpp-files\vandalizer\general-structure-results\90_plus_uncertain_gaze_or_xr_structure_near_certain\06cd0f80_Unity.Jobs.LowLevel.Unsafe.JobsUtility.PanicFunction_$$Invoke.c,C:\realDesktop\manifest-evaluations\summer-26\ghidra-pipeline\il2cpp-files\vandalizer\manual-review-pack\A_must_review\038_p240_Unity.Jobs.LowLevel.Unsafe.JobsUtility.PanicFunction_$$Invoke.c
39,240,A_must_review,FUN_06cd0f0c,06cd0f0c,131,90_plus_uncertain_gaze_or_xr_structure_near_certain,eye_source; weak_source_state; validity_gate; ui_interaction; telemetry,strong_eye_source_hits_2; weak_xr_or_state_hits_6; validity_or_gating_hits_6; ui_or_gameplay_sink_hits_4; telemetry_or_network_hits_4; functionality_permission_setup; functionality_data_collection_or_telemetry_hits_4; functionality_possible_biometrics_hits_4,base_scanner_score_131; module_bonus_validity_gate_8; module_bonus_ui_interaction_12; module_bonus_telemetry_20; evidence_bonus_telemetry_or_network_hits_12; sensitive_sink_telemetry_bonus_15; keyword_support_eye_or_gaze_5_bonus_20; keyword_support_sdk_2_bonus_6; keyword_support_collection_or_telemetry_4_bonus_16,C:\realDesktop\manifest-evaluations\summer-26\ghidra-pipeline\il2cpp-files\vandalizer\general-structure-results\90_plus_uncertain_gaze_or_xr_structure_near_certain\06cd0f0c_FUN_06cd0f0c.c,C:\realDesktop\manifest-evaluations\summer-26\ghidra-pipeline\il2cpp-files\vandalizer\manual-review-pack\A_must_review\039_p240_FUN_06cd0f0c.c
40,239,A_must_review,OVRManager$$get_eyeTrackedFoveatedRenderingEnabled,05ff22fc,165,90_plus_attempted_dynamic_eye_tracked_foveation_near_certain,eye_source; weak_source_state; validity_gate; paired_state_refs; foveation_rendering; attempted_use; dynamic_foveation_possible,strong_eye_source_hits_6; weak_xr_or_state_hits_6; validity_or_gating_hits_4; paired_field_refs_with_eye_source; strong_foveation_hits_2; attempted_eye_tracking_permission_or_feature_enable; attempted_eye_tracking_with_foveated_rendering_path; functionality_foveated_rendering,base_scanner_score_165; module_bonus_validity_gate_8; module_bonus_paired_state_refs_8; module_bonus_foveation_rendering_20; sensitive_sink_foveation_bonus_12; keyword_support_eye_or_gaze_5_bonus_20; keyword_support_sdk_2_bonus_6,C:\realDesktop\manifest-evaluations\summer-26\ghidra-pipeline\il2cpp-files\vandalizer\general-structure-results\90_plus_attempted_dynamic_eye_tracked_foveation_near_certain\05ff22fc_OVRManager$$get_eyeTrackedFoveatedRenderingEnabled.c,C:\realDesktop\manifest-evaluations\summer-26\ghidra-pipeline\il2cpp-files\vandalizer\manual-review-pack\A_must_review\040_p239_OVRManager$$get_eyeTrackedFoveatedRenderingEnabled.c
41,239,A_must_review,UnityEngine.UIElements.Layout.LayoutManager$$DestroyNode,06f4f840,80,70_high_framework_support_only_high,weak_source_state; validity_gate; telemetry; foveation_rendering; keyword_support,weak_xr_or_state_hits_6; validity_or_gating_hits_4; telemetry_or_network_hits_2; strong_foveation_hits_1; eye_or_gaze_keyword_boost_only; negative_framework_support_context_without_confirmed_app_level_gaze_flow; framework_foveation_support_not_confirmed_dynamic_eye_tracking; functionality_foveated_rendering,base_scanner_score_80; module_bonus_validity_gate_8; module_bonus_telemetry_20; module_bonus_foveation_rendering_20; module_bonus_keyword_support_12; evidence_bonus_telemetry_or_network_hits_12; evidence_bonus_eye_or_gaze_keyword_boost_12; sensitive_sink_telemetry_bonus_15; sensitive_sink_foveation_bonus_12; keyword_support_eye_or_gaze_5_bonus_20; keyword_support_sdk_4_bonus_12; keyword_support_collection_or_telemetry_4_bonus_16,C:\realDesktop\manifest-evaluations\summer-26\ghidra-pipeline\il2cpp-files\vandalizer\general-structure-results\70_high_framework_support_only_high\06f4f840_UnityEngine.UIElements.Layout.LayoutManager$$DestroyNode.c,C:\realDesktop\manifest-evaluations\summer-26\ghidra-pipeline\il2cpp-files\vandalizer\manual-review-pack\A_must_review\041_p239_UnityEngine.UIElements.Layout.LayoutManager$$DestroyNode.c
42,238,A_must_review,Meta.XR.MetaXRFoveationFeature$$OnSessionCreate,05fdb8c4,115,90_plus_uncertain_foveated_rendering_near_certain,eye_source; validity_gate; telemetry; foveation_rendering,strong_eye_source_hits_1; validity_or_gating_hits_1; telemetry_or_network_hits_2; strong_foveation_hits_2; functionality_foveated_rendering; functionality_data_collection_or_telemetry_hits_2,base_scanner_score_115; module_bonus_validity_gate_8; module_bonus_telemetry_20; module_bonus_foveation_rendering_20; evidence_bonus_telemetry_or_network_hits_12; sensitive_sink_telemetry_bonus_15; sensitive_sink_foveation_bonus_12; keyword_support_eye_or_gaze_5_bonus_20; keyword_support_collection_or_telemetry_4_bonus_16,C:\realDesktop\manifest-evaluations\summer-26\ghidra-pipeline\il2cpp-files\vandalizer\general-structure-results\90_plus_uncertain_foveated_rendering_near_certain\05fdb8c4_Meta.XR.MetaXRFoveationFeature$$OnSessionCreate.c,C:\realDesktop\manifest-evaluations\summer-26\ghidra-pipeline\il2cpp-files\vandalizer\manual-review-pack\A_must_review\042_p238_Meta.XR.MetaXRFoveationFeature$$OnSessionCreate.c
43,236,A_must_review,FUN_070d4840,070d4840,133,90_plus_uncertain_eye_setup_near_certain,eye_source; weak_source_state; validity_gate; paired_state_refs; telemetry,strong_eye_source_hits_6; weak_xr_or_state_hits_10; validity_or_gating_hits_21; paired_field_refs_with_eye_source; telemetry_or_network_hits_2; functionality_eye_api_context_without_clear_sink_hits_6,base_scanner_score_133; module_bonus_validity_gate_8; module_bonus_paired_state_refs_8; module_bonus_telemetry_20; evidence_bonus_telemetry_or_network_hits_12; sensitive_sink_telemetry_bonus_15; keyword_support_eye_or_gaze_5_bonus_20; keyword_support_sdk_4_bonus_12; keyword_support_collection_or_telemetry_2_bonus_8,C:\realDesktop\manifest-evaluations\summer-26\ghidra-pipeline\il2cpp-files\vandalizer\general-structure-results\90_plus_uncertain_eye_setup_near_certain\070d4840_FUN_070d4840.c,C:\realDesktop\manifest-evaluations\summer-26\ghidra-pipeline\il2cpp-files\vandalizer\manual-review-pack\A_must_review\043_p236_FUN_070d4840.c
44,235,A_must_review,Meta.XR.EnvironmentDepthRaycaster$$WorldPosToLinearDepth,05ace620,121,90_plus_uncertain_gaze_or_xr_structure_near_certain,eye_source; validity_gate; paired_state_refs; ray_interaction; telemetry,strong_eye_source_hits_1; validity_or_gating_hits_3; paired_field_refs_with_eye_source; ray_or_cast_sink_hits_2; telemetry_or_network_hits_2; functionality_data_collection_or_telemetry_hits_2,base_scanner_score_121; module_bonus_validity_gate_8; module_bonus_paired_state_refs_8; module_bonus_ray_interaction_15; module_bonus_telemetry_20; evidence_bonus_telemetry_or_network_hits_12; sensitive_sink_telemetry_bonus_15; keyword_support_eye_or_gaze_5_bonus_20; keyword_support_collection_or_telemetry_4_bonus_16,C:\realDesktop\manifest-evaluations\summer-26\ghidra-pipeline\il2cpp-files\vandalizer\general-structure-results\90_plus_uncertain_gaze_or_xr_structure_near_certain\05ace620_Meta.XR.EnvironmentDepthRaycaster$$WorldPosToLinearDepth.c,C:\realDesktop\manifest-evaluations\summer-26\ghidra-pipeline\il2cpp-files\vandalizer\manual-review-pack\A_must_review\044_p235_Meta.XR.EnvironmentDepthRaycaster$$WorldPosToLinearDepth.c
45,234,A_must_review,FUN_06f8af60,06f8af60,89,70_high_uncertain_gaze_or_xr_structure_high,validity_gate; pose_vector; paired_state_refs; ui_interaction; telemetry; keyword_support,validity_or_gating_hits_21; strong_pose_or_ray_construction_hits_2; paired_field_refs_with_structure_only; ui_or_gameplay_sink_hits_4; telemetry_or_network_hits_2; eye_or_gaze_keyword_boost_only; cap_below_near_certain_without_eye_anchor_or_ordered_structure,base_scanner_score_89; module_bonus_validity_gate_8; module_bonus_pose_vector_10; module_bonus_paired_state_refs_8; module_bonus_ui_interaction_12; module_bonus_telemetry_20; module_bonus_keyword_support_12; evidence_bonus_telemetry_or_network_hits_12; evidence_bonus_eye_or_gaze_keyword_boost_12; sensitive_sink_telemetry_bonus_15; keyword_support_eye_or_gaze_5_bonus_20; keyword_support_collection_or_telemetry_4_bonus_16,C:\realDesktop\manifest-evaluations\summer-26\ghidra-pipeline\il2cpp-files\vandalizer\general-structure-results\70_high_uncertain_gaze_or_xr_structure_high\06f8af60_FUN_06f8af60.c,C:\realDesktop\manifest-evaluations\summer-26\ghidra-pipeline\il2cpp-files\vandalizer\manual-review-pack\A_must_review\045_p234_FUN_06f8af60.c
46,231,A_must_review,FUN_06d950e8,06d950e8,76,70_high_likely_false_positive_high,weak_source_state; validity_gate; pose_vector; ui_interaction; telemetry; structure_combo; keyword_support,weak_xr_or_state_hits_2; validity_or_gating_hits_21; strong_pose_or_ray_construction_hits_2; ui_or_gameplay_sink_hits_4; telemetry_or_network_hits_5; source_validity_pose_sink_structure; eye_or_gaze_keyword_boost_only; negative_generic_rendering_without_foveation_or_eye_source; functionality_possible_biometrics_hits_12,base_scanner_score_76; module_bonus_validity_gate_8; module_bonus_pose_vector_10; module_bonus_ui_interaction_12; module_bonus_telemetry_20; module_bonus_structure_combo_18; module_bonus_keyword_support_12; evidence_bonus_telemetry_or_network_hits_12; evidence_bonus_eye_or_gaze_keyword_boost_12; sensitive_sink_telemetry_bonus_15; keyword_support_eye_or_gaze_5_bonus_20; keyword_support_collection_or_telemetry_4_bonus_16,C:\realDesktop\manifest-evaluations\summer-26\ghidra-pipeline\il2cpp-files\vandalizer\general-structure-results\70_high_likely_false_positive_high\06d950e8_FUN_06d950e8.c,C:\realDesktop\manifest-evaluations\summer-26\ghidra-pipeline\il2cpp-files\vandalizer\manual-review-pack\A_must_review\046_p231_FUN_06d950e8.c
47,230,A_must_review,OVRManager$$set_suggestedGpuPerfLevel,05ff1e28,158,90_plus_attempted_dynamic_eye_tracked_foveation_near_certain,eye_source; weak_source_state; validity_gate; foveation_rendering; attempted_use; dynamic_foveation_possible,strong_eye_source_hits_17; weak_xr_or_state_hits_12; validity_or_gating_hits_11; strong_foveation_hits_5; attempted_eye_tracking_permission_or_feature_enable; attempted_eye_tracking_with_foveated_rendering_path; functionality_foveated_rendering,base_scanner_score_158; module_bonus_validity_gate_8; module_bonus_foveation_rendering_20; sensitive_sink_foveation_bonus_12; keyword_support_eye_or_gaze_5_bonus_20; keyword_support_sdk_4_bonus_12,C:\realDesktop\manifest-evaluations\summer-26\ghidra-pipeline\il2cpp-files\vandalizer\general-structure-results\90_plus_attempted_dynamic_eye_tracked_foveation_near_certain\05ff1e28_OVRManager$$set_suggestedGpuPerfLevel.c,C:\realDesktop\manifest-evaluations\summer-26\ghidra-pipeline\il2cpp-files\vandalizer\manual-review-pack\A_must_review\047_p230_OVRManager$$set_suggestedGpuPerfLevel.c
48,230,A_must_review,OVRManager$$set_suggestedCpuPerfLevel,05ff1d0c,158,90_plus_attempted_dynamic_eye_tracked_foveation_near_certain,eye_source; weak_source_state; validity_gate; foveation_rendering; attempted_use; dynamic_foveation_possible,strong_eye_source_hits_17; weak_xr_or_state_hits_12; validity_or_gating_hits_12; strong_foveation_hits_5; attempted_eye_tracking_permission_or_feature_enable; attempted_eye_tracking_with_foveated_rendering_path; functionality_foveated_rendering,base_scanner_score_158; module_bonus_validity_gate_8; module_bonus_foveation_rendering_20; sensitive_sink_foveation_bonus_12; keyword_support_eye_or_gaze_5_bonus_20; keyword_support_sdk_4_bonus_12,C:\realDesktop\manifest-evaluations\summer-26\ghidra-pipeline\il2cpp-files\vandalizer\general-structure-results\90_plus_attempted_dynamic_eye_tracked_foveation_near_certain\05ff1d0c_OVRManager$$set_suggestedCpuPerfLevel.c,C:\realDesktop\manifest-evaluations\summer-26\ghidra-pipeline\il2cpp-files\vandalizer\manual-review-pack\A_must_review\048_p230_OVRManager$$set_suggestedCpuPerfLevel.c
49,230,A_must_review,OVRManager$$set_gpuLevel,05ff2060,158,90_plus_attempted_dynamic_eye_tracked_foveation_near_certain,eye_source; weak_source_state; validity_gate; foveation_rendering; attempted_use; dynamic_foveation_possible,strong_eye_source_hits_14; weak_xr_or_state_hits_10; validity_or_gating_hits_6; strong_foveation_hits_4; attempted_eye_tracking_permission_or_feature_enable; attempted_eye_tracking_with_foveated_rendering_path; functionality_foveated_rendering,base_scanner_score_158; module_bonus_validity_gate_8; module_bonus_foveation_rendering_20; sensitive_sink_foveation_bonus_12; keyword_support_eye_or_gaze_5_bonus_20; keyword_support_sdk_4_bonus_12,C:\realDesktop\manifest-evaluations\summer-26\ghidra-pipeline\il2cpp-files\vandalizer\general-structure-results\90_plus_attempted_dynamic_eye_tracked_foveation_near_certain\05ff2060_OVRManager$$set_gpuLevel.c,C:\realDesktop\manifest-evaluations\summer-26\ghidra-pipeline\il2cpp-files\vandalizer\manual-review-pack\A_must_review\049_p230_OVRManager$$set_gpuLevel.c
50,230,A_must_review,OVRManager$$set_cpuLevel,05ff1f44,158,90_plus_attempted_dynamic_eye_tracked_foveation_near_certain,eye_source; weak_source_state; validity_gate; foveation_rendering; attempted_use; dynamic_foveation_possible,strong_eye_source_hits_14; weak_xr_or_state_hits_10; validity_or_gating_hits_7; strong_foveation_hits_4; attempted_eye_tracking_permission_or_feature_enable; attempted_eye_tracking_with_foveated_rendering_path; functionality_foveated_rendering,base_scanner_score_158; module_bonus_validity_gate_8; module_bonus_foveation_rendering_20; sensitive_sink_foveation_bonus_12; keyword_support_eye_or_gaze_5_bonus_20; keyword_support_sdk_4_bonus_12,C:\realDesktop\manifest-evaluations\summer-26\ghidra-pipeline\il2cpp-files\vandalizer\general-structure-results\90_plus_attempted_dynamic_eye_tracked_foveation_near_certain\05ff1f44_OVRManager$$set_cpuLevel.c,C:\realDesktop\manifest-evaluations\summer-26\ghidra-pipeline\il2cpp-files\vandalizer\manual-review-pack\A_must_review\050_p230_OVRManager$$set_cpuLevel.c
51,230,A_must_review,OVRManager$$get_suggestedGpuPerfLevel,05ff1d9c,158,90_plus_attempted_dynamic_eye_tracked_foveation_near_certain,eye_source; weak_source_state; validity_gate; foveation_rendering; attempted_use; dynamic_foveation_possible,strong_eye_source_hits_17; weak_xr_or_state_hits_12; validity_or_gating_hits_12; strong_foveation_hits_5; attempted_eye_tracking_permission_or_feature_enable; attempted_eye_tracking_with_foveated_rendering_path; functionality_foveated_rendering,base_scanner_score_158; module_bonus_validity_gate_8; module_bonus_foveation_rendering_20; sensitive_sink_foveation_bonus_12; keyword_support_eye_or_gaze_5_bonus_20; keyword_support_sdk_4_bonus_12,C:\realDesktop\manifest-evaluations\summer-26\ghidra-pipeline\il2cpp-files\vandalizer\general-structure-results\90_plus_attempted_dynamic_eye_tracked_foveation_near_certain\05ff1d9c_OVRManager$$get_suggestedGpuPerfLevel.c,C:\realDesktop\manifest-evaluations\summer-26\ghidra-pipeline\il2cpp-files\vandalizer\manual-review-pack\A_must_review\051_p230_OVRManager$$get_suggestedGpuPerfLevel.c
52,230,A_must_review,OVRManager$$get_suggestedCpuPerfLevel,05ff1c80,158,90_plus_attempted_dynamic_eye_tracked_foveation_near_certain,eye_source; weak_source_state; validity_gate; foveation_rendering; attempted_use; dynamic_foveation_possible,strong_eye_source_hits_17; weak_xr_or_state_hits_12; validity_or_gating_hits_13; strong_foveation_hits_5; attempted_eye_tracking_permission_or_feature_enable; attempted_eye_tracking_with_foveated_rendering_path; functionality_foveated_rendering,base_scanner_score_158; module_bonus_validity_gate_8; module_bonus_foveation_rendering_20; sensitive_sink_foveation_bonus_12; keyword_support_eye_or_gaze_5_bonus_20; keyword_support_sdk_4_bonus_12,C:\realDesktop\manifest-evaluations\summer-26\ghidra-pipeline\il2cpp-files\vandalizer\general-structure-results\90_plus_attempted_dynamic_eye_tracked_foveation_near_certain\05ff1c80_OVRManager$$get_suggestedCpuPerfLevel.c,C:\realDesktop\manifest-evaluations\summer-26\ghidra-pipeline\il2cpp-files\vandalizer\manual-review-pack\A_must_review\052_p230_OVRManager$$get_suggestedCpuPerfLevel.c
53,230,A_must_review,OVRManager$$get_isPowerSavingActive,05ff20f0,158,90_plus_attempted_dynamic_eye_tracked_foveation_near_certain,eye_source; weak_source_state; validity_gate; foveation_rendering; attempted_use; dynamic_foveation_possible,strong_eye_source_hits_14; weak_xr_or_state_hits_12; validity_or_gating_hits_6; strong_foveation_hits_4; attempted_eye_tracking_permission_or_feature_enable; attempted_eye_tracking_with_foveated_rendering_path; functionality_foveated_rendering,base_scanner_score_158; module_bonus_validity_gate_8; module_bonus_foveation_rendering_20; sensitive_sink_foveation_bonus_12; keyword_support_eye_or_gaze_5_bonus_20; keyword_support_sdk_4_bonus_12,C:\realDesktop\manifest-evaluations\summer-26\ghidra-pipeline\il2cpp-files\vandalizer\general-structure-results\90_plus_attempted_dynamic_eye_tracked_foveation_near_certain\05ff20f0_OVRManager$$get_isPowerSavingActive.c,C:\realDesktop\manifest-evaluations\summer-26\ghidra-pipeline\il2cpp-files\vandalizer\manual-review-pack\A_must_review\053_p230_OVRManager$$get_isPowerSavingActive.c
54,230,A_must_review,OVRManager$$get_gpuLevel,05ff1fd4,158,90_plus_attempted_dynamic_eye_tracked_foveation_near_certain,eye_source; weak_source_state; validity_gate; foveation_rendering; attempted_use; dynamic_foveation_possible,strong_eye_source_hits_11; weak_xr_or_state_hits_8; validity_or_gating_hits_7; strong_foveation_hits_3; attempted_eye_tracking_permission_or_feature_enable; attempted_eye_tracking_with_foveated_rendering_path; functionality_foveated_rendering,base_scanner_score_158; module_bonus_validity_gate_8; module_bonus_foveation_rendering_20; sensitive_sink_foveation_bonus_12; keyword_support_eye_or_gaze_5_bonus_20; keyword_support_sdk_4_bonus_12,C:\realDesktop\manifest-evaluations\summer-26\ghidra-pipeline\il2cpp-files\vandalizer\general-structure-results\90_plus_attempted_dynamic_eye_tracked_foveation_near_certain\05ff1fd4_OVRManager$$get_gpuLevel.c,C:\realDesktop\manifest-evaluations\summer-26\ghidra-pipeline\il2cpp-files\vandalizer\manual-review-pack\A_must_review\054_p230_OVRManager$$get_gpuLevel.c
55,230,A_must_review,OVRManager$$get_cpuLevel,05ff1eb8,158,90_plus_attempted_dynamic_eye_tracked_foveation_near_certain,eye_source; weak_source_state; validity_gate; foveation_rendering; attempted_use; dynamic_foveation_possible,strong_eye_source_hits_17; weak_xr_or_state_hits_12; validity_or_gating_hits_11; strong_foveation_hits_5; attempted_eye_tracking_permission_or_feature_enable; attempted_eye_tracking_with_foveated_rendering_path; functionality_foveated_rendering,base_scanner_score_158; module_bonus_validity_gate_8; module_bonus_foveation_rendering_20; sensitive_sink_foveation_bonus_12; keyword_support_eye_or_gaze_5_bonus_20; keyword_support_sdk_4_bonus_12,C:\realDesktop\manifest-evaluations\summer-26\ghidra-pipeline\il2cpp-files\vandalizer\general-structure-results\90_plus_attempted_dynamic_eye_tracked_foveation_near_certain\05ff1eb8_OVRManager$$get_cpuLevel.c,C:\realDesktop\manifest-evaluations\summer-26\ghidra-pipeline\il2cpp-files\vandalizer\manual-review-pack\A_must_review\055_p230_OVRManager$$get_cpuLevel.c
56,230,A_must_review,FUN_05ff1c4c,05ff1c4c,158,90_plus_attempted_dynamic_eye_tracked_foveation_near_certain,eye_source; weak_source_state; validity_gate; foveation_rendering; attempted_use; dynamic_foveation_possible,strong_eye_source_hits_15; weak_xr_or_state_hits_10; validity_or_gating_hits_13; strong_foveation_hits_5; attempted_eye_tracking_permission_or_feature_enable; attempted_eye_tracking_with_foveated_rendering_path; functionality_foveated_rendering,base_scanner_score_158; module_bonus_validity_gate_8; module_bonus_foveation_rendering_20; sensitive_sink_foveation_bonus_12; keyword_support_eye_or_gaze_5_bonus_20; keyword_support_sdk_4_bonus_12,C:\realDesktop\manifest-evaluations\summer-26\ghidra-pipeline\il2cpp-files\vandalizer\general-structure-results\90_plus_attempted_dynamic_eye_tracked_foveation_near_certain\05ff1c4c_FUN_05ff1c4c.c,C:\realDesktop\manifest-evaluations\summer-26\ghidra-pipeline\il2cpp-files\vandalizer\manual-review-pack\A_must_review\056_p230_FUN_05ff1c4c.c
57,228,A_must_review,Unity.IntegerTime.DiscreteTime$$.ctor,06cd0f94,122,90_plus_uncertain_gaze_or_xr_structure_near_certain,eye_source; weak_source_state; validity_gate; ui_interaction; telemetry,strong_eye_source_hits_1; weak_xr_or_state_hits_5; validity_or_gating_hits_6; ui_or_gameplay_sink_hits_2; telemetry_or_network_hits_3; functionality_permission_setup; functionality_data_collection_or_telemetry_hits_3; functionality_possible_biometrics_hits_4,base_scanner_score_122; module_bonus_validity_gate_8; module_bonus_ui_interaction_12; module_bonus_telemetry_20; evidence_bonus_telemetry_or_network_hits_12; sensitive_sink_telemetry_bonus_15; keyword_support_eye_or_gaze_5_bonus_20; keyword_support_sdk_1_bonus_3; keyword_support_collection_or_telemetry_4_bonus_16,C:\realDesktop\manifest-evaluations\summer-26\ghidra-pipeline\il2cpp-files\vandalizer\general-structure-results\90_plus_uncertain_gaze_or_xr_structure_near_certain\06cd0f94_Unity.IntegerTime.DiscreteTime$$.ctor.c,C:\realDesktop\manifest-evaluations\summer-26\ghidra-pipeline\il2cpp-files\vandalizer\manual-review-pack\A_must_review\057_p228_Unity.IntegerTime.DiscreteTime$$.ctor.c
58,228,A_must_review,Unity.IO.LowLevel.Unsafe.AsyncReadManager$$CloseFileAsync_Injected,06cd42bc,105,90_plus_uncertain_gaze_or_xr_structure_near_certain,eye_source; weak_source_state; data_collection; telemetry,strong_eye_source_hits_1; weak_xr_or_state_hits_1; strong_file_logging_hits_2; telemetry_or_network_hits_2; functionality_data_collection_or_telemetry_hits_2,base_scanner_score_105; module_bonus_data_collection_22; module_bonus_telemetry_20; evidence_bonus_telemetry_or_network_hits_12; sensitive_sink_data_collection_bonus_15; sensitive_sink_telemetry_bonus_15; keyword_support_eye_or_gaze_5_bonus_20; keyword_support_sdk_1_bonus_3; keyword_support_collection_or_telemetry_4_bonus_16,C:\realDesktop\manifest-evaluations\summer-26\ghidra-pipeline\il2cpp-files\vandalizer\general-structure-results\90_plus_uncertain_gaze_or_xr_structure_near_certain\06cd42bc_Unity.IO.LowLevel.Unsafe.AsyncReadManager$$CloseFileAsync_Injected.c,C:\realDesktop\manifest-evaluations\summer-26\ghidra-pipeline\il2cpp-files\vandalizer\manual-review-pack\A_must_review\058_p228_Unity.IO.LowLevel.Unsafe.AsyncReadManager$$CloseFileAsync_Injected.c
59,228,A_must_review,FUN_06cd7f00,06cd7f00,89,70_high_general_structure_review_high,weak_source_state; validity_gate; pose_vector; paired_state_refs; ray_interaction; telemetry; frame_behavior; structure_combo,weak_xr_or_state_hits_6; validity_or_gating_hits_9; strong_pose_or_ray_construction_hits_2; paired_field_refs_with_structure_only; ray_or_cast_sink_hits_4; telemetry_or_network_hits_2; frame_or_lifecycle_behavior; source_validity_pose_sink_structure; negative_generic_transform_raycast_without_eye_source_or_attempt; cap_below_near_certain_without_eye_anchor_or_ordered_structure; functionality_data_collection_or_telemetry_hits_2,base_scanner_score_89; module_bonus_validity_gate_8; module_bonus_pose_vector_10; module_bonus_paired_state_refs_8; module_bonus_ray_interaction_15; module_bonus_telemetry_20; module_bonus_frame_behavior_5; module_bonus_structure_combo_18; evidence_bonus_telemetry_or_network_hits_12; sensitive_sink_telemetry_bonus_15; keyword_support_eye_or_gaze_3_bonus_12; keyword_support_collection_or_telemetry_4_bonus_16,C:\realDesktop\manifest-evaluations\summer-26\ghidra-pipeline\il2cpp-files\vandalizer\general-structure-results\70_high_general_structure_review_high\06cd7f00_FUN_06cd7f00.c,C:\realDesktop\manifest-evaluations\summer-26\ghidra-pipeline\il2cpp-files\vandalizer\manual-review-pack\A_must_review\059_p228_FUN_06cd7f00.c
60,228,A_must_review,FUN_06bd6fd8,06bd6fd8,89,70_high_general_structure_review_high,weak_source_state; validity_gate; ray_interaction; telemetry; frame_behavior; keyword_support,weak_xr_or_state_hits_21; validity_or_gating_hits_21; ray_or_cast_sink_hits_2; telemetry_or_network_hits_1; frame_or_lifecycle_behavior; eye_or_gaze_keyword_boost_only; cap_below_near_certain_without_eye_anchor_or_ordered_structure,base_scanner_score_89; module_bonus_validity_gate_8; module_bonus_ray_interaction_15; module_bonus_telemetry_20; module_bonus_frame_behavior_5; module_bonus_keyword_support_12; evidence_bonus_telemetry_or_network_hits_12; evidence_bonus_eye_or_gaze_keyword_boost_12; sensitive_sink_telemetry_bonus_15; keyword_support_eye_or_gaze_5_bonus_20; keyword_support_sdk_4_bonus_12; keyword_support_collection_or_telemetry_2_bonus_8,C:\realDesktop\manifest-evaluations\summer-26\ghidra-pipeline\il2cpp-files\vandalizer\general-structure-results\70_high_general_structure_review_high\06bd6fd8_FUN_06bd6fd8.c,C:\realDesktop\manifest-evaluations\summer-26\ghidra-pipeline\il2cpp-files\vandalizer\manual-review-pack\A_must_review\060_p228_FUN_06bd6fd8.c
61,224,A_must_review,OVRPlugin$$StopColocationSessionDiscovery,060214d4,121,90_plus_uncertain_gaze_or_xr_structure_near_certain,eye_source; weak_source_state; validity_gate; telemetry,strong_eye_source_hits_4; weak_xr_or_state_hits_4; validity_or_gating_hits_4; telemetry_or_network_hits_2; functionality_data_collection_or_telemetry_hits_2,base_scanner_score_121; module_bonus_validity_gate_8; module_bonus_telemetry_20; evidence_bonus_telemetry_or_network_hits_12; sensitive_sink_telemetry_bonus_15; keyword_support_eye_or_gaze_5_bonus_20; keyword_support_sdk_4_bonus_12; keyword_support_collection_or_telemetry_4_bonus_16,C:\realDesktop\manifest-evaluations\summer-26\ghidra-pipeline\il2cpp-files\vandalizer\general-structure-results\90_plus_uncertain_gaze_or_xr_structure_near_certain\060214d4_OVRPlugin$$StopColocationSessionDiscovery.c,C:\realDesktop\manifest-evaluations\summer-26\ghidra-pipeline\il2cpp-files\vandalizer\manual-review-pack\A_must_review\061_p224_OVRPlugin$$StopColocationSessionDiscovery.c
62,224,A_must_review,UnityEngine.SceneManagement.LoadSceneParameters$$get_localPhysicsMode,06d75c9c,89,70_high_general_structure_review_high,validity_gate; ray_interaction; telemetry; frame_behavior; keyword_support,validity_or_gating_hits_21; ray_or_cast_sink_hits_2; telemetry_or_network_hits_7; frame_or_lifecycle_behavior; eye_or_gaze_keyword_boost_only; cap_below_near_certain_without_eye_anchor_or_ordered_structure,base_scanner_score_89; module_bonus_validity_gate_8; module_bonus_ray_interaction_15; module_bonus_telemetry_20; module_bonus_frame_behavior_5; module_bonus_keyword_support_12; evidence_bonus_telemetry_or_network_hits_12; evidence_bonus_eye_or_gaze_keyword_boost_12; sensitive_sink_telemetry_bonus_15; keyword_support_eye_or_gaze_5_bonus_20; keyword_support_collection_or_telemetry_4_bonus_16,C:\realDesktop\manifest-evaluations\summer-26\ghidra-pipeline\il2cpp-files\vandalizer\general-structure-results\70_high_general_structure_review_high\06d75c9c_UnityEngine.SceneManagement.LoadSceneParameters$$get_localPhysicsMode.c,C:\realDesktop\manifest-evaluations\summer-26\ghidra-pipeline\il2cpp-files\vandalizer\manual-review-pack\A_must_review\062_p224_UnityEngine.SceneManagement.LoadSceneParameters$$get_localPhysicsMode.c
63,224,A_must_review,FUN_0714e62c,0714e62c,89,70_high_general_structure_review_high,validity_gate; ray_interaction; telemetry; frame_behavior; keyword_support,validity_or_gating_hits_4; ray_or_cast_sink_hits_3; telemetry_or_network_hits_4; frame_or_lifecycle_behavior; eye_or_gaze_keyword_boost_only; cap_below_near_certain_without_eye_anchor_or_ordered_structure,base_scanner_score_89; module_bonus_validity_gate_8; module_bonus_ray_interaction_15; module_bonus_telemetry_20; module_bonus_frame_behavior_5; module_bonus_keyword_support_12; evidence_bonus_telemetry_or_network_hits_12; evidence_bonus_eye_or_gaze_keyword_boost_12; sensitive_sink_telemetry_bonus_15; keyword_support_eye_or_gaze_5_bonus_20; keyword_support_collection_or_telemetry_4_bonus_16,C:\realDesktop\manifest-evaluations\summer-26\ghidra-pipeline\il2cpp-files\vandalizer\general-structure-results\70_high_general_structure_review_high\0714e62c_FUN_0714e62c.c,C:\realDesktop\manifest-evaluations\summer-26\ghidra-pipeline\il2cpp-files\vandalizer\manual-review-pack\A_must_review\063_p224_FUN_0714e62c.c
64,223,A_must_review,UnityEngine.XR.Interaction.Toolkit.Inputs.Simulation.XRDeviceSimulator$$OnEnable,06c24e1c,110,90_plus_framework_support_only_near_certain,eye_source; weak_source_state; validity_gate; ray_interaction; telemetry; frame_behavior,strong_eye_source_hits_1; weak_xr_or_state_hits_8; validity_or_gating_hits_21; ray_or_cast_sink_hits_1; telemetry_or_network_hits_4; frame_or_lifecycle_behavior; negative_framework_support_context_without_confirmed_app_level_gaze_flow; functionality_data_collection_or_telemetry_hits_3,base_scanner_score_110; module_bonus_validity_gate_8; module_bonus_ray_interaction_15; module_bonus_telemetry_20; module_bonus_frame_behavior_5; evidence_bonus_telemetry_or_network_hits_12; sensitive_sink_telemetry_bonus_15; keyword_support_eye_or_gaze_4_bonus_16; keyword_support_sdk_2_bonus_6; keyword_support_collection_or_telemetry_4_bonus_16,C:\realDesktop\manifest-evaluations\summer-26\ghidra-pipeline\il2cpp-files\vandalizer\general-structure-results\90_plus_framework_support_only_near_certain\06c24e1c_UnityEngine.XR.Interaction.Toolkit.Inputs.Simulation.XRDeviceSimulator$$OnEnable.c,C:\realDesktop\manifest-evaluations\summer-26\ghidra-pipeline\il2cpp-files\vandalizer\manual-review-pack\A_must_review\064_p223_UnityEngine.XR.Interaction.Toolkit.Inputs.Simulation.XRDeviceSimulator$$OnEnable.c
65,222,A_must_review,OVRManager$$set_eyeTextureFormat,05ff21cc,150,90_plus_attempted_dynamic_eye_tracked_foveation_near_certain,eye_source; weak_source_state; validity_gate; foveation_rendering; attempted_use; dynamic_foveation_possible,strong_eye_source_hits_8; weak_xr_or_state_hits_6; validity_or_gating_hits_3; strong_foveation_hits_2; attempted_eye_tracking_permission_or_feature_enable; attempted_eye_tracking_with_foveated_rendering_path; functionality_foveated_rendering,base_scanner_score_150; module_bonus_validity_gate_8; module_bonus_foveation_rendering_20; sensitive_sink_foveation_bonus_12; keyword_support_eye_or_gaze_5_bonus_20; keyword_support_sdk_4_bonus_12,C:\realDesktop\manifest-evaluations\summer-26\ghidra-pipeline\il2cpp-files\vandalizer\general-structure-results\90_plus_attempted_dynamic_eye_tracked_foveation_near_certain\05ff21cc_OVRManager$$set_eyeTextureFormat.c,C:\realDesktop\manifest-evaluations\summer-26\ghidra-pipeline\il2cpp-files\vandalizer\manual-review-pack\A_must_review\065_p222_OVRManager$$set_eyeTextureFormat.c
66,222,A_must_review,FUN_0705a8d4,0705a8d4,89,70_high_likely_false_positive_high,weak_source_state; validity_gate; ui_interaction; data_collection; telemetry; frame_behavior,weak_xr_or_state_hits_4; validity_or_gating_hits_4; ui_or_gameplay_sink_hits_2; strong_file_logging_hits_4; telemetry_or_network_hits_19; frame_or_lifecycle_behavior; cap_below_near_certain_without_eye_anchor_or_ordered_structure,base_scanner_score_89; module_bonus_validity_gate_8; module_bonus_ui_interaction_12; module_bonus_data_collection_22; module_bonus_telemetry_20; module_bonus_frame_behavior_5; evidence_bonus_telemetry_or_network_hits_12; sensitive_sink_data_collection_bonus_15; sensitive_sink_telemetry_bonus_15; keyword_support_eye_or_gaze_2_bonus_8; keyword_support_collection_or_telemetry_4_bonus_16,C:\realDesktop\manifest-evaluations\summer-26\ghidra-pipeline\il2cpp-files\vandalizer\general-structure-results\70_high_likely_false_positive_high\0705a8d4_FUN_0705a8d4.c,C:\realDesktop\manifest-evaluations\summer-26\ghidra-pipeline\il2cpp-files\vandalizer\manual-review-pack\A_must_review\066_p222_FUN_0705a8d4.c
67,221,A_must_review,FUN_06effa28,06effa28,89,70_high_likely_false_positive_high,weak_source_state; validity_gate; ui_interaction; telemetry; frame_behavior; keyword_support,weak_xr_or_state_hits_4; validity_or_gating_hits_21; ui_or_gameplay_sink_hits_16; telemetry_or_network_hits_2; frame_or_lifecycle_behavior; eye_or_gaze_keyword_boost_only; cap_below_near_certain_without_eye_anchor_or_ordered_structure,base_scanner_score_89; module_bonus_validity_gate_8; module_bonus_ui_interaction_12; module_bonus_telemetry_20; module_bonus_frame_behavior_5; module_bonus_keyword_support_12; evidence_bonus_telemetry_or_network_hits_12; evidence_bonus_eye_or_gaze_keyword_boost_12; sensitive_sink_telemetry_bonus_15; keyword_support_eye_or_gaze_5_bonus_20; keyword_support_collection_or_telemetry_4_bonus_16,C:\realDesktop\manifest-evaluations\summer-26\ghidra-pipeline\il2cpp-files\vandalizer\general-structure-results\70_high_likely_false_positive_high\06effa28_FUN_06effa28.c,C:\realDesktop\manifest-evaluations\summer-26\ghidra-pipeline\il2cpp-files\vandalizer\manual-review-pack\A_must_review\067_p221_FUN_06effa28.c
68,220,A_must_review,Newtonsoft.Json.Serialization.JsonSerializerInternalWriter$$WriteStartArray,05dede64,89,70_high_general_structure_review_high,validity_gate; pose_vector; data_collection; telemetry; frame_behavior,validity_or_gating_hits_17; strong_pose_or_ray_construction_hits_4; strong_file_logging_hits_2; telemetry_or_network_hits_2; frame_or_lifecycle_behavior; cap_below_near_certain_without_eye_anchor_or_ordered_structure,base_scanner_score_89; module_bonus_validity_gate_8; module_bonus_pose_vector_10; module_bonus_data_collection_22; module_bonus_telemetry_20; module_bonus_frame_behavior_5; evidence_bonus_telemetry_or_network_hits_12; sensitive_sink_data_collection_bonus_15; sensitive_sink_telemetry_bonus_15; keyword_support_eye_or_gaze_2_bonus_8; keyword_support_collection_or_telemetry_4_bonus_16,C:\realDesktop\manifest-evaluations\summer-26\ghidra-pipeline\il2cpp-files\vandalizer\general-structure-results\70_high_general_structure_review_high\05dede64_Newtonsoft.Json.Serialization.JsonSerializerInternalWriter$$WriteStartArray.c,C:\realDesktop\manifest-evaluations\summer-26\ghidra-pipeline\il2cpp-files\vandalizer\manual-review-pack\A_must_review\068_p220_Newtonsoft.Json.Serialization.JsonSerializerInternalWriter$$WriteStartArray.c
69,219,A_must_review,System.Array.InternalEnumerator<OVRPlugin.EyeGazeState>$$System.Collections.IEnumerator.get_Current,04421970,167,90_plus_confirmed_gaze_retrieval_near_certain,eye_source; weak_source_state; validity_gate; pose_vector; paired_state_refs; attempted_use; active_gaze_retrieval,strong_eye_source_hits_4; weak_xr_or_state_hits_2; validity_or_gating_hits_7; strong_pose_or_ray_construction_hits_2; paired_field_refs_with_eye_source; attempted_eye_tracking_permission_or_feature_enable; active_gaze_state_retrieval_with_validity_and_pose; functionality_gaze_retrieval_or_extraction,base_scanner_score_167; module_bonus_validity_gate_8; module_bonus_pose_vector_10; module_bonus_paired_state_refs_8; keyword_support_eye_or_gaze_5_bonus_20; keyword_support_sdk_2_bonus_6,C:\realDesktop\manifest-evaluations\summer-26\ghidra-pipeline\il2cpp-files\vandalizer\general-structure-results\90_plus_confirmed_gaze_retrieval_near_certain\04421970_System.Array.InternalEnumerator_OVRPlugin.EyeGazeState_$$System.Collections.IEnumerator.get_Current.c,C:\realDesktop\manifest-evaluations\summer-26\ghidra-pipeline\il2cpp-files\vandalizer\manual-review-pack\A_must_review\069_p219_System.Array.InternalEnumerator_OVRPlugin.EyeGazeState_$$System.Collections.IEnumerator.get_Current.c
70,219,A_must_review,System.Array.InternalEnumerator<OVRPlugin.EyeGazeState>$$System.Collections.IEnumerator.Reset,04421964,167,90_plus_confirmed_gaze_retrieval_near_certain,eye_source; weak_source_state; validity_gate; pose_vector; paired_state_refs; attempted_use; active_gaze_retrieval,strong_eye_source_hits_4; weak_xr_or_state_hits_2; validity_or_gating_hits_7; strong_pose_or_ray_construction_hits_2; paired_field_refs_with_eye_source; attempted_eye_tracking_permission_or_feature_enable; active_gaze_state_retrieval_with_validity_and_pose; functionality_gaze_retrieval_or_extraction,base_scanner_score_167; module_bonus_validity_gate_8; module_bonus_pose_vector_10; module_bonus_paired_state_refs_8; keyword_support_eye_or_gaze_5_bonus_20; keyword_support_sdk_2_bonus_6,C:\realDesktop\manifest-evaluations\summer-26\ghidra-pipeline\il2cpp-files\vandalizer\general-structure-results\90_plus_confirmed_gaze_retrieval_near_certain\04421964_System.Array.InternalEnumerator_OVRPlugin.EyeGazeState_$$System.Collections.IEnumerator.Reset.c,C:\realDesktop\manifest-evaluations\summer-26\ghidra-pipeline\il2cpp-files\vandalizer\manual-review-pack\A_must_review\070_p219_System.Array.InternalEnumerator_OVRPlugin.EyeGazeState_$$System.Collections.IEnumerator.Reset.c
71,219,A_must_review,OVRPlugin$$set_eyeTrackedFoveatedRenderingEnabled,0600fd9c,153,90_plus_attempted_dynamic_eye_tracked_foveation_near_certain,eye_source; weak_source_state; validity_gate; foveation_rendering; attempted_use; dynamic_foveation_possible,strong_eye_source_hits_6; weak_xr_or_state_hits_4; validity_or_gating_hits_5; strong_foveation_hits_2; attempted_eye_tracking_permission_or_feature_enable; attempted_eye_tracking_with_foveated_rendering_path; functionality_foveated_rendering,base_scanner_score_153; module_bonus_validity_gate_8; module_bonus_foveation_rendering_20; sensitive_sink_foveation_bonus_12; keyword_support_eye_or_gaze_5_bonus_20; keyword_support_sdk_2_bonus_6,C:\realDesktop\manifest-evaluations\summer-26\ghidra-pipeline\il2cpp-files\vandalizer\general-structure-results\90_plus_attempted_dynamic_eye_tracked_foveation_near_certain\0600fd9c_OVRPlugin$$set_eyeTrackedFoveatedRenderingEnabled.c,C:\realDesktop\manifest-evaluations\summer-26\ghidra-pipeline\il2cpp-files\vandalizer\manual-review-pack\A_must_review\071_p219_OVRPlugin$$set_eyeTrackedFoveatedRenderingEnabled.c
72,217,A_must_review,UnityEngine.UIElements.TextElement$$set_cursorColor,06effd48,89,70_high_likely_false_positive_high,weak_source_state; validity_gate; ui_interaction; telemetry; frame_behavior; keyword_support,weak_xr_or_state_hits_2; validity_or_gating_hits_21; ui_or_gameplay_sink_hits_10; telemetry_or_network_hits_1; frame_or_lifecycle_behavior; eye_or_gaze_keyword_boost_only,base_scanner_score_89; module_bonus_validity_gate_8; module_bonus_ui_interaction_12; module_bonus_telemetry_20; module_bonus_frame_behavior_5; module_bonus_keyword_support_12; evidence_bonus_telemetry_or_network_hits_12; evidence_bonus_eye_or_gaze_keyword_boost_12; sensitive_sink_telemetry_bonus_15; keyword_support_eye_or_gaze_5_bonus_20; keyword_support_collection_or_telemetry_3_bonus_12,C:\realDesktop\manifest-evaluations\summer-26\ghidra-pipeline\il2cpp-files\vandalizer\general-structure-results\70_high_likely_false_positive_high\06effd48_UnityEngine.UIElements.TextElement$$set_cursorColor.c,C:\realDesktop\manifest-evaluations\summer-26\ghidra-pipeline\il2cpp-files\vandalizer\manual-review-pack\A_must_review\072_p217_UnityEngine.UIElements.TextElement$$set_cursorColor.c
73,217,A_must_review,UnityEngine.UIElements.TextElement$$get_cursorColor,06effca8,89,70_high_likely_false_positive_high,weak_source_state; validity_gate; ui_interaction; telemetry; frame_behavior; keyword_support,weak_xr_or_state_hits_2; validity_or_gating_hits_21; ui_or_gameplay_sink_hits_10; telemetry_or_network_hits_1; frame_or_lifecycle_behavior; eye_or_gaze_keyword_boost_only,base_scanner_score_89; module_bonus_validity_gate_8; module_bonus_ui_interaction_12; module_bonus_telemetry_20; module_bonus_frame_behavior_5; module_bonus_keyword_support_12; evidence_bonus_telemetry_or_network_hits_12; evidence_bonus_eye_or_gaze_keyword_boost_12; sensitive_sink_telemetry_bonus_15; keyword_support_eye_or_gaze_5_bonus_20; keyword_support_collection_or_telemetry_3_bonus_12,C:\realDesktop\manifest-evaluations\summer-26\ghidra-pipeline\il2cpp-files\vandalizer\general-structure-results\70_high_likely_false_positive_high\06effca8_UnityEngine.UIElements.TextElement$$get_cursorColor.c,C:\realDesktop\manifest-evaluations\summer-26\ghidra-pipeline\il2cpp-files\vandalizer\manual-review-pack\A_must_review\073_p217_UnityEngine.UIElements.TextElement$$get_cursorColor.c
74,217,A_must_review,UnityEngine.UIElements.TextElement$$UnityEngine.UIElements.ITextSelection.set_cursorColor,06effba8,89,70_high_likely_false_positive_high,weak_source_state; validity_gate; ui_interaction; telemetry; frame_behavior; keyword_support,weak_xr_or_state_hits_4; validity_or_gating_hits_21; ui_or_gameplay_sink_hits_18; telemetry_or_network_hits_1; frame_or_lifecycle_behavior; eye_or_gaze_keyword_boost_only; cap_below_near_certain_without_eye_anchor_or_ordered_structure,base_scanner_score_89; module_bonus_validity_gate_8; module_bonus_ui_interaction_12; module_bonus_telemetry_20; module_bonus_frame_behavior_5; module_bonus_keyword_support_12; evidence_bonus_telemetry_or_network_hits_12; evidence_bonus_eye_or_gaze_keyword_boost_12; sensitive_sink_telemetry_bonus_15; keyword_support_eye_or_gaze_5_bonus_20; keyword_support_collection_or_telemetry_3_bonus_12,C:\realDesktop\manifest-evaluations\summer-26\ghidra-pipeline\il2cpp-files\vandalizer\general-structure-results\70_high_likely_false_positive_high\06effba8_UnityEngine.UIElements.TextElement$$UnityEngine.UIElements.ITextSelection.set_cursorColor.c,C:\realDesktop\manifest-evaluations\summer-26\ghidra-pipeline\il2cpp-files\vandalizer\manual-review-pack\A_must_review\074_p217_UnityEngine.UIElements.TextElement$$UnityEngine.UIElements.ITextSelection.set_cursorColor.c
75,217,A_must_review,UnityEngine.UIElements.TextElement$$UnityEngine.UIElements.ITextSelection.get_cursorWidth,06effe18,89,70_high_likely_false_positive_high,weak_source_state; validity_gate; ui_interaction; telemetry; frame_behavior; keyword_support,weak_xr_or_state_hits_2; validity_or_gating_hits_21; ui_or_gameplay_sink_hits_12; telemetry_or_network_hits_1; frame_or_lifecycle_behavior; eye_or_gaze_keyword_boost_only,base_scanner_score_89; module_bonus_validity_gate_8; module_bonus_ui_interaction_12; module_bonus_telemetry_20; module_bonus_frame_behavior_5; module_bonus_keyword_support_12; evidence_bonus_telemetry_or_network_hits_12; evidence_bonus_eye_or_gaze_keyword_boost_12; sensitive_sink_telemetry_bonus_15; keyword_support_eye_or_gaze_5_bonus_20; keyword_support_collection_or_telemetry_3_bonus_12,C:\realDesktop\manifest-evaluations\summer-26\ghidra-pipeline\il2cpp-files\vandalizer\general-structure-results\70_high_likely_false_positive_high\06effe18_UnityEngine.UIElements.TextElement$$UnityEngine.UIElements.ITextSelection.get_cursorWidth.c,C:\realDesktop\manifest-evaluations\summer-26\ghidra-pipeline\il2cpp-files\vandalizer\manual-review-pack\A_must_review\075_p217_UnityEngine.UIElements.TextElement$$UnityEngine.UIElements.ITextSelection.get_cursorWidth.c
76,217,A_must_review,UnityEngine.UIElements.TextElement$$UnityEngine.UIElements.ITextSelection.get_cursorColor,06effb94,89,70_high_likely_false_positive_high,weak_source_state; validity_gate; ui_interaction; telemetry; frame_behavior; keyword_support,weak_xr_or_state_hits_4; validity_or_gating_hits_21; ui_or_gameplay_sink_hits_18; telemetry_or_network_hits_1; frame_or_lifecycle_behavior; eye_or_gaze_keyword_boost_only; cap_below_near_certain_without_eye_anchor_or_ordered_structure,base_scanner_score_89; module_bonus_validity_gate_8; module_bonus_ui_interaction_12; module_bonus_telemetry_20; module_bonus_frame_behavior_5; module_bonus_keyword_support_12; evidence_bonus_telemetry_or_network_hits_12; evidence_bonus_eye_or_gaze_keyword_boost_12; sensitive_sink_telemetry_bonus_15; keyword_support_eye_or_gaze_5_bonus_20; keyword_support_collection_or_telemetry_3_bonus_12,C:\realDesktop\manifest-evaluations\summer-26\ghidra-pipeline\il2cpp-files\vandalizer\general-structure-results\70_high_likely_false_positive_high\06effb94_UnityEngine.UIElements.TextElement$$UnityEngine.UIElements.ITextSelection.get_cursorColor.c,C:\realDesktop\manifest-evaluations\summer-26\ghidra-pipeline\il2cpp-files\vandalizer\manual-review-pack\A_must_review\076_p217_UnityEngine.UIElements.TextElement$$UnityEngine.UIElements.ITextSelection.get_cursorColor.c
77,217,A_must_review,Newtonsoft.Json.Serialization.JsonContract$$InvokeOnSerialized,05dd7944,89,70_high_general_structure_review_high,validity_gate; ui_interaction; data_collection; telemetry,validity_or_gating_hits_7; ui_or_gameplay_sink_hits_2; strong_file_logging_hits_2; telemetry_or_network_hits_2; cap_below_near_certain_without_eye_anchor_or_ordered_structure,base_scanner_score_89; module_bonus_validity_gate_8; module_bonus_ui_interaction_12; module_bonus_data_collection_22; module_bonus_telemetry_20; evidence_bonus_telemetry_or_network_hits_12; sensitive_sink_data_collection_bonus_15; sensitive_sink_telemetry_bonus_15; keyword_support_eye_or_gaze_2_bonus_8; keyword_support_collection_or_telemetry_4_bonus_16,C:\realDesktop\manifest-evaluations\summer-26\ghidra-pipeline\il2cpp-files\vandalizer\general-structure-results\70_high_general_structure_review_high\05dd7944_Newtonsoft.Json.Serialization.JsonContract$$InvokeOnSerialized.c,C:\realDesktop\manifest-evaluations\summer-26\ghidra-pipeline\il2cpp-files\vandalizer\manual-review-pack\A_must_review\077_p217_Newtonsoft.Json.Serialization.JsonContract$$InvokeOnSerialized.c
78,217,A_must_review,FUN_06ec46c4,06ec46c4,89,70_high_general_structure_review_high,validity_gate; ui_interaction; data_collection; telemetry,validity_or_gating_hits_5; ui_or_gameplay_sink_hits_2; strong_file_logging_hits_4; telemetry_or_network_hits_2; cap_below_near_certain_without_eye_anchor_or_ordered_structure,base_scanner_score_89; module_bonus_validity_gate_8; module_bonus_ui_interaction_12; module_bonus_data_collection_22; module_bonus_telemetry_20; evidence_bonus_telemetry_or_network_hits_12; sensitive_sink_data_collection_bonus_15; sensitive_sink_telemetry_bonus_15; keyword_support_eye_or_gaze_2_bonus_8; keyword_support_collection_or_telemetry_4_bonus_16,C:\realDesktop\manifest-evaluations\summer-26\ghidra-pipeline\il2cpp-files\vandalizer\general-structure-results\70_high_general_structure_review_high\06ec46c4_FUN_06ec46c4.c,C:\realDesktop\manifest-evaluations\summer-26\ghidra-pipeline\il2cpp-files\vandalizer\manual-review-pack\A_must_review\078_p217_FUN_06ec46c4.c
79,215,A_must_review,Newtonsoft.Json.Serialization.JsonSerializerInternalWriter$$SerializeMultidimensionalArray,05dea708,89,70_high_general_structure_review_high,validity_gate; pose_vector; data_collection; telemetry,validity_or_gating_hits_1; strong_pose_or_ray_construction_hits_4; strong_file_logging_hits_2; telemetry_or_network_hits_4; cap_below_near_certain_without_eye_anchor_or_ordered_structure,base_scanner_score_89; module_bonus_validity_gate_8; module_bonus_pose_vector_10; module_bonus_data_collection_22; module_bonus_telemetry_20; evidence_bonus_telemetry_or_network_hits_12; sensitive_sink_data_collection_bonus_15; sensitive_sink_telemetry_bonus_15; keyword_support_eye_or_gaze_2_bonus_8; keyword_support_collection_or_telemetry_4_bonus_16,C:\realDesktop\manifest-evaluations\summer-26\ghidra-pipeline\il2cpp-files\vandalizer\general-structure-results\70_high_general_structure_review_high\05dea708_Newtonsoft.Json.Serialization.JsonSerializerInternalWriter$$SerializeMultidimensionalArray.c,C:\realDesktop\manifest-evaluations\summer-26\ghidra-pipeline\il2cpp-files\vandalizer\manual-review-pack\A_must_review\079_p215_Newtonsoft.Json.Serialization.JsonSerializerInternalWriter$$SerializeMultidimensionalArray.c
80,215,A_must_review,Newtonsoft.Json.Serialization.JsonSerializerInternalWriter$$SerializeMultidimensionalArray,05dee0f4,89,70_high_general_structure_review_high,validity_gate; pose_vector; data_collection; telemetry,validity_or_gating_hits_16; strong_pose_or_ray_construction_hits_4; strong_file_logging_hits_2; telemetry_or_network_hits_4; cap_below_near_certain_without_eye_anchor_or_ordered_structure,base_scanner_score_89; module_bonus_validity_gate_8; module_bonus_pose_vector_10; module_bonus_data_collection_22; module_bonus_telemetry_20; evidence_bonus_telemetry_or_network_hits_12; sensitive_sink_data_collection_bonus_15; sensitive_sink_telemetry_bonus_15; keyword_support_eye_or_gaze_2_bonus_8; keyword_support_collection_or_telemetry_4_bonus_16,C:\realDesktop\manifest-evaluations\summer-26\ghidra-pipeline\il2cpp-files\vandalizer\general-structure-results\70_high_general_structure_review_high\05dee0f4_Newtonsoft.Json.Serialization.JsonSerializerInternalWriter$$SerializeMultidimensionalArray.c,C:\realDesktop\manifest-evaluations\summer-26\ghidra-pipeline\il2cpp-files\vandalizer\manual-review-pack\A_must_review\080_p215_Newtonsoft.Json.Serialization.JsonSerializerInternalWriter$$SerializeMultidimensionalArray.c
81,215,A_must_review,Newtonsoft.Json.Serialization.JsonSerializerInternalWriter$$SerializeISerializable,05deb9b4,89,70_high_general_structure_review_high,validity_gate; pose_vector; data_collection; telemetry,validity_or_gating_hits_21; strong_pose_or_ray_construction_hits_2; strong_file_logging_hits_2; telemetry_or_network_hits_6; cap_below_near_certain_without_eye_anchor_or_ordered_structure,base_scanner_score_89; module_bonus_validity_gate_8; module_bonus_pose_vector_10; module_bonus_data_collection_22; module_bonus_telemetry_20; evidence_bonus_telemetry_or_network_hits_12; sensitive_sink_data_collection_bonus_15; sensitive_sink_telemetry_bonus_15; keyword_support_eye_or_gaze_2_bonus_8; keyword_support_collection_or_telemetry_4_bonus_16,C:\realDesktop\manifest-evaluations\summer-26\ghidra-pipeline\il2cpp-files\vandalizer\general-structure-results\70_high_general_structure_review_high\05deb9b4_Newtonsoft.Json.Serialization.JsonSerializerInternalWriter$$SerializeISerializable.c,C:\realDesktop\manifest-evaluations\summer-26\ghidra-pipeline\il2cpp-files\vandalizer\manual-review-pack\A_must_review\081_p215_Newtonsoft.Json.Serialization.JsonSerializerInternalWriter$$SerializeISerializable.c
82,215,A_must_review,Newtonsoft.Json.Serialization.JsonSerializerInternalWriter$$SerializeDynamic,05deb218,89,70_high_general_structure_review_high,validity_gate; pose_vector; data_collection; telemetry,validity_or_gating_hits_21; strong_pose_or_ray_construction_hits_2; strong_file_logging_hits_2; telemetry_or_network_hits_6; cap_below_near_certain_without_eye_anchor_or_ordered_structure,base_scanner_score_89; module_bonus_validity_gate_8; module_bonus_pose_vector_10; module_bonus_data_collection_22; module_bonus_telemetry_20; evidence_bonus_telemetry_or_network_hits_12; sensitive_sink_data_collection_bonus_15; sensitive_sink_telemetry_bonus_15; keyword_support_eye_or_gaze_2_bonus_8; keyword_support_collection_or_telemetry_4_bonus_16,C:\realDesktop\manifest-evaluations\summer-26\ghidra-pipeline\il2cpp-files\vandalizer\general-structure-results\70_high_general_structure_review_high\05deb218_Newtonsoft.Json.Serialization.JsonSerializerInternalWriter$$SerializeDynamic.c,C:\realDesktop\manifest-evaluations\summer-26\ghidra-pipeline\il2cpp-files\vandalizer\manual-review-pack\A_must_review\082_p215_Newtonsoft.Json.Serialization.JsonSerializerInternalWriter$$SerializeDynamic.c
83,215,A_must_review,Newtonsoft.Json.Serialization.JsonSerializerInternalReader$$PopulateMultidimensionalArray,05de33f8,89,70_high_general_structure_review_high,validity_gate; pose_vector; data_collection; telemetry,validity_or_gating_hits_1; strong_pose_or_ray_construction_hits_4; strong_file_logging_hits_2; telemetry_or_network_hits_2; cap_below_near_certain_without_eye_anchor_or_ordered_structure,base_scanner_score_89; module_bonus_validity_gate_8; module_bonus_pose_vector_10; module_bonus_data_collection_22; module_bonus_telemetry_20; evidence_bonus_telemetry_or_network_hits_12; sensitive_sink_data_collection_bonus_15; sensitive_sink_telemetry_bonus_15; keyword_support_eye_or_gaze_2_bonus_8; keyword_support_collection_or_telemetry_4_bonus_16,C:\realDesktop\manifest-evaluations\summer-26\ghidra-pipeline\il2cpp-files\vandalizer\general-structure-results\70_high_general_structure_review_high\05de33f8_Newtonsoft.Json.Serialization.JsonSerializerInternalReader$$PopulateMultidimensionalArray.c,C:\realDesktop\manifest-evaluations\summer-26\ghidra-pipeline\il2cpp-files\vandalizer\manual-review-pack\A_must_review\083_p215_Newtonsoft.Json.Serialization.JsonSerializerInternalReader$$PopulateMultidimensionalArray.c
84,215,A_must_review,UnityEngine.LowLevel.PlayerLoopSystem.UpdateFunction$$Invoke,06d75fe4,87,70_high_general_structure_review_high,validity_gate; ui_interaction; telemetry; frame_behavior; keyword_support,validity_or_gating_hits_21; ui_or_gameplay_sink_hits_2; telemetry_or_network_hits_5; frame_or_lifecycle_behavior; eye_or_gaze_keyword_boost_only,base_scanner_score_87; module_bonus_validity_gate_8; module_bonus_ui_interaction_12; module_bonus_telemetry_20; module_bonus_frame_behavior_5; module_bonus_keyword_support_12; evidence_bonus_telemetry_or_network_hits_12; evidence_bonus_eye_or_gaze_keyword_boost_12; sensitive_sink_telemetry_bonus_15; keyword_support_eye_or_gaze_4_bonus_16; keyword_support_collection_or_telemetry_4_bonus_16,C:\realDesktop\manifest-evaluations\summer-26\ghidra-pipeline\il2cpp-files\vandalizer\general-structure-results\70_high_general_structure_review_high\06d75fe4_UnityEngine.LowLevel.PlayerLoopSystem.UpdateFunction$$Invoke.c,C:\realDesktop\manifest-evaluations\summer-26\ghidra-pipeline\il2cpp-files\vandalizer\manual-review-pack\A_must_review\084_p215_UnityEngine.LowLevel.PlayerLoopSystem.UpdateFunction$$Invoke.c
85,214,A_must_review,UnityEngine.UI.ScrollRect$$UpdateScrollbarLayout,0705a94c,81,70_high_likely_false_positive_high,weak_source_state; validity_gate; ui_interaction; data_collection; telemetry; frame_behavior,weak_xr_or_state_hits_4; validity_or_gating_hits_4; ui_or_gameplay_sink_hits_2; strong_file_logging_hits_4; telemetry_or_network_hits_19; frame_or_lifecycle_behavior; negative_framework_namespace_without_eye_use_flow,base_scanner_score_81; module_bonus_validity_gate_8; module_bonus_ui_interaction_12; module_bonus_data_collection_22; module_bonus_telemetry_20; module_bonus_frame_behavior_5; evidence_bonus_telemetry_or_network_hits_12; sensitive_sink_data_collection_bonus_15; sensitive_sink_telemetry_bonus_15; keyword_support_eye_or_gaze_2_bonus_8; keyword_support_collection_or_telemetry_4_bonus_16,C:\realDesktop\manifest-evaluations\summer-26\ghidra-pipeline\il2cpp-files\vandalizer\general-structure-results\70_high_likely_false_positive_high\0705a94c_UnityEngine.UI.ScrollRect$$UpdateScrollbarLayout.c,C:\realDesktop\manifest-evaluations\summer-26\ghidra-pipeline\il2cpp-files\vandalizer\manual-review-pack\A_must_review\085_p214_UnityEngine.UI.ScrollRect$$UpdateScrollbarLayout.c
86,213,A_must_review,OVRManager$$get_eyeTrackedFoveatedRenderingSupported,05ff2224,147,90_plus_attempted_dynamic_eye_tracked_foveation_near_certain,eye_source; weak_source_state; validity_gate; foveation_rendering; attempted_use; dynamic_foveation_possible,strong_eye_source_hits_6; weak_xr_or_state_hits_4; validity_or_gating_hits_2; strong_foveation_hits_2; attempted_eye_tracking_permission_or_feature_enable; attempted_eye_tracking_with_foveated_rendering_path; functionality_foveated_rendering,base_scanner_score_147; module_bonus_validity_gate_8; module_bonus_foveation_rendering_20; sensitive_sink_foveation_bonus_12; keyword_support_eye_or_gaze_5_bonus_20; keyword_support_sdk_2_bonus_6,C:\realDesktop\manifest-evaluations\summer-26\ghidra-pipeline\il2cpp-files\vandalizer\general-structure-results\90_plus_attempted_dynamic_eye_tracked_foveation_near_certain\05ff2224_OVRManager$$get_eyeTrackedFoveatedRenderingSupported.c,C:\realDesktop\manifest-evaluations\summer-26\ghidra-pipeline\il2cpp-files\vandalizer\manual-review-pack\A_must_review\086_p213_OVRManager$$get_eyeTrackedFoveatedRenderingSupported.c
87,213,A_must_review,Meta.XR.ImmersiveDebugger.UserInterface.Generic.Slider$$UpdatePillPosition,05ab881c,140,90_plus_uncertain_eye_setup_near_certain,eye_source; validity_gate; pose_vector; ui_interaction; frame_behavior; structure_combo,strong_eye_source_hits_1; validity_or_gating_hits_3; strong_pose_or_ray_construction_hits_2; ui_or_gameplay_sink_hits_2; frame_or_lifecycle_behavior; source_validity_pose_sink_structure; strong_eye_source_validity_pose_sink_structure; functionality_eye_api_context_without_clear_sink_hits_1,base_scanner_score_140; module_bonus_validity_gate_8; module_bonus_pose_vector_10; module_bonus_ui_interaction_12; module_bonus_frame_behavior_5; module_bonus_structure_combo_18; keyword_support_eye_or_gaze_5_bonus_20,C:\realDesktop\manifest-evaluations\summer-26\ghidra-pipeline\il2cpp-files\vandalizer\general-structure-results\90_plus_uncertain_eye_setup_near_certain\05ab881c_Meta.XR.ImmersiveDebugger.UserInterface.Generic.Slider$$UpdatePillPosition.c,C:\realDesktop\manifest-evaluations\summer-26\ghidra-pipeline\il2cpp-files\vandalizer\manual-review-pack\A_must_review\087_p213_Meta.XR.ImmersiveDebugger.UserInterface.Generic.Slider$$UpdatePillPosition.c
88,213,A_must_review,FUN_070d7f34,070d7f34,89,70_high_general_structure_review_high,weak_source_state; validity_gate; pose_vector; telemetry; frame_behavior; structure_combo,weak_xr_or_state_hits_21; validity_or_gating_hits_8; strong_pose_or_ray_construction_hits_16; telemetry_or_network_hits_4; frame_or_lifecycle_behavior; source_validity_pose_sink_structure; cap_below_near_certain_without_eye_anchor_or_ordered_structure,base_scanner_score_89; module_bonus_validity_gate_8; module_bonus_pose_vector_10; module_bonus_telemetry_20; module_bonus_frame_behavior_5; module_bonus_structure_combo_18; evidence_bonus_telemetry_or_network_hits_12; sensitive_sink_telemetry_bonus_15; keyword_support_eye_or_gaze_2_bonus_8; keyword_support_sdk_4_bonus_12; keyword_support_collection_or_telemetry_4_bonus_16,C:\realDesktop\manifest-evaluations\summer-26\ghidra-pipeline\il2cpp-files\vandalizer\general-structure-results\70_high_general_structure_review_high\070d7f34_FUN_070d7f34.c,C:\realDesktop\manifest-evaluations\summer-26\ghidra-pipeline\il2cpp-files\vandalizer\manual-review-pack\A_must_review\088_p213_FUN_070d7f34.c
89,212,A_must_review,UnityEngine.XR.Interaction.Toolkit.Interactors.Casters.CurveInteractionCaster$$CheckCollidersBetweenPoints,06bf5a98,104,90_plus_framework_support_only_near_certain,eye_source; weak_source_state; validity_gate; ray_interaction; telemetry,strong_eye_source_hits_2; weak_xr_or_state_hits_6; validity_or_gating_hits_21; ray_or_cast_sink_hits_2; telemetry_or_network_hits_1; negative_framework_support_context_without_confirmed_app_level_gaze_flow; functionality_data_collection_or_telemetry_hits_1,base_scanner_score_104; module_bonus_validity_gate_8; module_bonus_ray_interaction_15; module_bonus_telemetry_20; evidence_bonus_telemetry_or_network_hits_12; sensitive_sink_telemetry_bonus_15; keyword_support_eye_or_gaze_4_bonus_16; keyword_support_sdk_2_bonus_6; keyword_support_collection_or_telemetry_4_bonus_16,C:\realDesktop\manifest-evaluations\summer-26\ghidra-pipeline\il2cpp-files\vandalizer\general-structure-results\90_plus_framework_support_only_near_certain\06bf5a98_UnityEngine.XR.Interaction.Toolkit.Interactors.Casters.CurveInteractionCaster$$CheckCollidersBetweenPoints.c,C:\realDesktop\manifest-evaluations\summer-26\ghidra-pipeline\il2cpp-files\vandalizer\manual-review-pack\A_must_review\089_p212_UnityEngine.XR.Interaction.Toolkit.Interactors.Casters.CurveInteractionCaster$$CheckCollidersBetweenPoints.c
90,212,A_must_review,UnityEngine.XR.Interaction.Toolkit.Inputs.Simulation.XRSimulatedHMDState$$Reset,06c24c78,104,90_plus_framework_support_only_near_certain,eye_source; weak_source_state; validity_gate; ray_interaction; telemetry,strong_eye_source_hits_1; weak_xr_or_state_hits_8; validity_or_gating_hits_21; ray_or_cast_sink_hits_1; telemetry_or_network_hits_4; negative_framework_support_context_without_confirmed_app_level_gaze_flow; functionality_data_collection_or_telemetry_hits_3,base_scanner_score_104; module_bonus_validity_gate_8; module_bonus_ray_interaction_15; module_bonus_telemetry_20; evidence_bonus_telemetry_or_network_hits_12; sensitive_sink_telemetry_bonus_15; keyword_support_eye_or_gaze_4_bonus_16; keyword_support_sdk_2_bonus_6; keyword_support_collection_or_telemetry_4_bonus_16,C:\realDesktop\manifest-evaluations\summer-26\ghidra-pipeline\il2cpp-files\vandalizer\general-structure-results\90_plus_framework_support_only_near_certain\06c24c78_UnityEngine.XR.Interaction.Toolkit.Inputs.Simulation.XRSimulatedHMDState$$Reset.c,C:\realDesktop\manifest-evaluations\summer-26\ghidra-pipeline\il2cpp-files\vandalizer\manual-review-pack\A_must_review\090_p212_UnityEngine.XR.Interaction.Toolkit.Inputs.Simulation.XRSimulatedHMDState$$Reset.c
91,212,A_must_review,UnityEngine.XR.Interaction.Toolkit.Inputs.Simulation.XRSimulatedControllerState$$Reset,06c24d10,104,90_plus_framework_support_only_near_certain,eye_source; weak_source_state; validity_gate; ray_interaction; telemetry,strong_eye_source_hits_1; weak_xr_or_state_hits_6; validity_or_gating_hits_21; ray_or_cast_sink_hits_1; telemetry_or_network_hits_4; negative_framework_support_context_without_confirmed_app_level_gaze_flow; functionality_data_collection_or_telemetry_hits_3,base_scanner_score_104; module_bonus_validity_gate_8; module_bonus_ray_interaction_15; module_bonus_telemetry_20; evidence_bonus_telemetry_or_network_hits_12; sensitive_sink_telemetry_bonus_15; keyword_support_eye_or_gaze_4_bonus_16; keyword_support_sdk_2_bonus_6; keyword_support_collection_or_telemetry_4_bonus_16,C:\realDesktop\manifest-evaluations\summer-26\ghidra-pipeline\il2cpp-files\vandalizer\general-structure-results\90_plus_framework_support_only_near_certain\06c24d10_UnityEngine.XR.Interaction.Toolkit.Inputs.Simulation.XRSimulatedControllerState$$Reset.c,C:\realDesktop\manifest-evaluations\summer-26\ghidra-pipeline\il2cpp-files\vandalizer\manual-review-pack\A_must_review\091_p212_UnityEngine.XR.Interaction.Toolkit.Inputs.Simulation.XRSimulatedControllerState$$Reset.c
92,212,A_must_review,UnityEngine.XR.Interaction.Toolkit.Inputs.Simulation.Hands.XRSimulatedHandState$$Reset,06c24d6c,104,90_plus_framework_support_only_near_certain,eye_source; weak_source_state; validity_gate; ray_interaction; telemetry,strong_eye_source_hits_1; weak_xr_or_state_hits_8; validity_or_gating_hits_21; ray_or_cast_sink_hits_1; telemetry_or_network_hits_4; negative_framework_support_context_without_confirmed_app_level_gaze_flow; functionality_data_collection_or_telemetry_hits_3,base_scanner_score_104; module_bonus_validity_gate_8; module_bonus_ray_interaction_15; module_bonus_telemetry_20; evidence_bonus_telemetry_or_network_hits_12; sensitive_sink_telemetry_bonus_15; keyword_support_eye_or_gaze_4_bonus_16; keyword_support_sdk_2_bonus_6; keyword_support_collection_or_telemetry_4_bonus_16,C:\realDesktop\manifest-evaluations\summer-26\ghidra-pipeline\il2cpp-files\vandalizer\general-structure-results\90_plus_framework_support_only_near_certain\06c24d6c_UnityEngine.XR.Interaction.Toolkit.Inputs.Simulation.Hands.XRSimulatedHandState$$Reset.c,C:\realDesktop\manifest-evaluations\summer-26\ghidra-pipeline\il2cpp-files\vandalizer\manual-review-pack\A_must_review\092_p212_UnityEngine.XR.Interaction.Toolkit.Inputs.Simulation.Hands.XRSimulatedHandState$$Reset.c
93,211,A_must_review,Newtonsoft.Json.Serialization.JsonContract$$InvokeOnDeserialized,05dd7c04,87,70_high_general_structure_review_high,validity_gate; ui_interaction; data_collection; telemetry,validity_or_gating_hits_1; ui_or_gameplay_sink_hits_2; strong_file_logging_hits_2; telemetry_or_network_hits_2,base_scanner_score_87; module_bonus_validity_gate_8; module_bonus_ui_interaction_12; module_bonus_data_collection_22; module_bonus_telemetry_20; evidence_bonus_telemetry_or_network_hits_12; sensitive_sink_data_collection_bonus_15; sensitive_sink_telemetry_bonus_15; keyword_support_eye_or_gaze_1_bonus_4; keyword_support_collection_or_telemetry_4_bonus_16,C:\realDesktop\manifest-evaluations\summer-26\ghidra-pipeline\il2cpp-files\vandalizer\general-structure-results\70_high_general_structure_review_high\05dd7c04_Newtonsoft.Json.Serialization.JsonContract$$InvokeOnDeserialized.c,C:\realDesktop\manifest-evaluations\summer-26\ghidra-pipeline\il2cpp-files\vandalizer\manual-review-pack\A_must_review\093_p211_Newtonsoft.Json.Serialization.JsonContract$$InvokeOnDeserialized.c
94,210,A_must_review,OVRPlugin$$get_eyeTrackedFoveatedRenderingSupported,0600fbe4,144,90_plus_attempted_dynamic_eye_tracked_foveation_near_certain,eye_source; weak_source_state; validity_gate; foveation_rendering; attempted_use; dynamic_foveation_possible,strong_eye_source_hits_6; weak_xr_or_state_hits_4; validity_or_gating_hits_1; strong_foveation_hits_2; attempted_eye_tracking_permission_or_feature_enable; attempted_eye_tracking_with_foveated_rendering_path; functionality_foveated_rendering,base_scanner_score_144; module_bonus_validity_gate_8; module_bonus_foveation_rendering_20; sensitive_sink_foveation_bonus_12; keyword_support_eye_or_gaze_5_bonus_20; keyword_support_sdk_2_bonus_6,C:\realDesktop\manifest-evaluations\summer-26\ghidra-pipeline\il2cpp-files\vandalizer\general-structure-results\90_plus_attempted_dynamic_eye_tracked_foveation_near_certain\0600fbe4_OVRPlugin$$get_eyeTrackedFoveatedRenderingSupported.c,C:\realDesktop\manifest-evaluations\summer-26\ghidra-pipeline\il2cpp-files\vandalizer\manual-review-pack\A_must_review\094_p210_OVRPlugin$$get_eyeTrackedFoveatedRenderingSupported.c
95,210,A_must_review,OVRPlugin$$get_eyeTrackedFoveatedRenderingEnabled,0600fcb0,144,90_plus_attempted_dynamic_eye_tracked_foveation_near_certain,eye_source; weak_source_state; validity_gate; foveation_rendering; attempted_use; dynamic_foveation_possible,strong_eye_source_hits_6; weak_xr_or_state_hits_6; validity_or_gating_hits_1; strong_foveation_hits_2; attempted_eye_tracking_permission_or_feature_enable; attempted_eye_tracking_with_foveated_rendering_path; functionality_foveated_rendering,base_scanner_score_144; module_bonus_validity_gate_8; module_bonus_foveation_rendering_20; sensitive_sink_foveation_bonus_12; keyword_support_eye_or_gaze_5_bonus_20; keyword_support_sdk_2_bonus_6,C:\realDesktop\manifest-evaluations\summer-26\ghidra-pipeline\il2cpp-files\vandalizer\general-structure-results\90_plus_attempted_dynamic_eye_tracked_foveation_near_certain\0600fcb0_OVRPlugin$$get_eyeTrackedFoveatedRenderingEnabled.c,C:\realDesktop\manifest-evaluations\summer-26\ghidra-pipeline\il2cpp-files\vandalizer\manual-review-pack\A_must_review\095_p210_OVRPlugin$$get_eyeTrackedFoveatedRenderingEnabled.c
96,210,A_must_review,OVRManager$$GetEyeTrackedFoveatedRenderingEnabled,05ff2348,144,90_plus_attempted_dynamic_eye_tracked_foveation_near_certain,eye_source; weak_source_state; validity_gate; foveation_rendering; attempted_use; dynamic_foveation_possible,strong_eye_source_hits_6; weak_xr_or_state_hits_6; validity_or_gating_hits_1; strong_foveation_hits_2; attempted_eye_tracking_permission_or_feature_enable; attempted_eye_tracking_with_foveated_rendering_path; functionality_foveated_rendering,base_scanner_score_144; module_bonus_validity_gate_8; module_bonus_foveation_rendering_20; sensitive_sink_foveation_bonus_12; keyword_support_eye_or_gaze_5_bonus_20; keyword_support_sdk_2_bonus_6,C:\realDesktop\manifest-evaluations\summer-26\ghidra-pipeline\il2cpp-files\vandalizer\general-structure-results\90_plus_attempted_dynamic_eye_tracked_foveation_near_certain\05ff2348_OVRManager$$GetEyeTrackedFoveatedRenderingEnabled.c,C:\realDesktop\manifest-evaluations\summer-26\ghidra-pipeline\il2cpp-files\vandalizer\manual-review-pack\A_must_review\096_p210_OVRManager$$GetEyeTrackedFoveatedRenderingEnabled.c
97,210,A_must_review,UnityEngine.XR.Interaction.Toolkit.Filtering.XRPokeLogic.IsVelocitySufficient_00000FC8$PostfixBurstDelegate$$EndInvoke,06c0ec10,86,70_high_general_structure_review_high,weak_source_state; validity_gate; pose_vector; ui_interaction; telemetry; frame_behavior; structure_combo,weak_xr_or_state_hits_2; validity_or_gating_hits_3; strong_pose_or_ray_construction_hits_6; ui_or_gameplay_sink_hits_2; telemetry_or_network_hits_4; frame_or_lifecycle_behavior; source_validity_pose_sink_structure; negative_framework_namespace_without_eye_use_flow,base_scanner_score_86; module_bonus_validity_gate_8; module_bonus_pose_vector_10; module_bonus_ui_interaction_12; module_bonus_telemetry_20; module_bonus_frame_behavior_5; module_bonus_structure_combo_18; evidence_bonus_telemetry_or_network_hits_12; sensitive_sink_telemetry_bonus_15; keyword_support_eye_or_gaze_2_bonus_8; keyword_support_collection_or_telemetry_4_bonus_16,C:\realDesktop\manifest-evaluations\summer-26\ghidra-pipeline\il2cpp-files\vandalizer\general-structure-results\70_high_general_structure_review_high\06c0ec10_UnityEngine.XR.Interaction.Toolkit.Filtering.XRPokeLogic.IsVelocitySufficient_00000FC8$PostfixBurstDelegate$$EndInvoke.c,C:\realDesktop\manifest-evaluations\summer-26\ghidra-pipeline\il2cpp-files\vandalizer\manual-review-pack\A_must_review\097_p210_UnityEngine.XR.Interaction.Toolkit.Filtering.XRPokeLogic.IsVelocitySufficient_00000FC8$PostfixBurstDelegate$$EndInvoke.c
98,210,A_must_review,UnityEngine.Vector3$$get_zero,06d454d0,78,70_high_likely_false_positive_high,weak_source_state; validity_gate; pose_vector; paired_state_refs; ui_interaction; telemetry; frame_behavior; structure_combo,weak_xr_or_state_hits_2; validity_or_gating_hits_5; strong_pose_or_ray_construction_hits_1; paired_field_refs_with_structure_only; ui_or_gameplay_sink_hits_2; telemetry_or_network_hits_2; frame_or_lifecycle_behavior; source_validity_pose_sink_structure; negative_framework_namespace_without_eye_use_flow,base_scanner_score_78; module_bonus_validity_gate_8; module_bonus_pose_vector_10; module_bonus_paired_state_refs_8; module_bonus_ui_interaction_12; module_bonus_telemetry_20; module_bonus_frame_behavior_5; module_bonus_structure_combo_18; evidence_bonus_telemetry_or_network_hits_12; sensitive_sink_telemetry_bonus_15; keyword_support_eye_or_gaze_2_bonus_8; keyword_support_collection_or_telemetry_4_bonus_16,C:\realDesktop\manifest-evaluations\summer-26\ghidra-pipeline\il2cpp-files\vandalizer\general-structure-results\70_high_likely_false_positive_high\06d454d0_UnityEngine.Vector3$$get_zero.c,C:\realDesktop\manifest-evaluations\summer-26\ghidra-pipeline\il2cpp-files\vandalizer\manual-review-pack\A_must_review\098_p210_UnityEngine.Vector3$$get_zero.c
99,210,A_must_review,UnityEngine.Vector3$$Min,06d45498,78,70_high_likely_false_positive_high,weak_source_state; validity_gate; pose_vector; paired_state_refs; ui_interaction; telemetry; frame_behavior; structure_combo,weak_xr_or_state_hits_2; validity_or_gating_hits_5; strong_pose_or_ray_construction_hits_1; paired_field_refs_with_structure_only; ui_or_gameplay_sink_hits_2; telemetry_or_network_hits_2; frame_or_lifecycle_behavior; source_validity_pose_sink_structure; negative_framework_namespace_without_eye_use_flow,base_scanner_score_78; module_bonus_validity_gate_8; module_bonus_pose_vector_10; module_bonus_paired_state_refs_8; module_bonus_ui_interaction_12; module_bonus_telemetry_20; module_bonus_frame_behavior_5; module_bonus_structure_combo_18; evidence_bonus_telemetry_or_network_hits_12; sensitive_sink_telemetry_bonus_15; keyword_support_eye_or_gaze_2_bonus_8; keyword_support_collection_or_telemetry_4_bonus_16,C:\realDesktop\manifest-evaluations\summer-26\ghidra-pipeline\il2cpp-files\vandalizer\general-structure-results\70_high_likely_false_positive_high\06d45498_UnityEngine.Vector3$$Min.c,C:\realDesktop\manifest-evaluations\summer-26\ghidra-pipeline\il2cpp-files\vandalizer\manual-review-pack\A_must_review\099_p210_UnityEngine.Vector3$$Min.c
100,210,A_must_review,UnityEngine.Vector3$$Max,06d454b4,78,70_high_likely_false_positive_high,weak_source_state; validity_gate; pose_vector; paired_state_refs; ui_interaction; telemetry; frame_behavior; structure_combo,weak_xr_or_state_hits_2; validity_or_gating_hits_5; strong_pose_or_ray_construction_hits_1; paired_field_refs_with_structure_only; ui_or_gameplay_sink_hits_2; telemetry_or_network_hits_2; frame_or_lifecycle_behavior; source_validity_pose_sink_structure; negative_framework_namespace_without_eye_use_flow,base_scanner_score_78; module_bonus_validity_gate_8; module_bonus_pose_vector_10; module_bonus_paired_state_refs_8; module_bonus_ui_interaction_12; module_bonus_telemetry_20; module_bonus_frame_behavior_5; module_bonus_structure_combo_18; evidence_bonus_telemetry_or_network_hits_12; sensitive_sink_telemetry_bonus_15; keyword_support_eye_or_gaze_2_bonus_8; keyword_support_collection_or_telemetry_4_bonus_16,C:\realDesktop\manifest-evaluations\summer-26\ghidra-pipeline\il2cpp-files\vandalizer\general-structure-results\70_high_likely_false_positive_high\06d454b4_UnityEngine.Vector3$$Max.c,C:\realDesktop\manifest-evaluations\summer-26\ghidra-pipeline\il2cpp-files\vandalizer\manual-review-pack\A_must_review\100_p210_UnityEngine.Vector3$$Max.c
