rank,manual_priority_score,manual_tier,function_name,entry_point,scanner_score,scanner_label,modules,evidence,priority_reasons,file_path,copied_file
1,406,A_must_review,OVRPlugin$$SetTrackingCalibratedOrigin,03155d94,243,90_plus_attempted_dynamic_eye_tracked_foveation_near_certain,eye_source; weak_source_state; validity_gate; pose_vector; telemetry; foveation_rendering; structure_combo; attempted_use; dynamic_foveation_possible,strong_eye_source_hits_8; weak_xr_or_state_hits_10; validity_or_gating_hits_21; strong_pose_or_ray_construction_hits_2; telemetry_or_network_hits_1; strong_foveation_hits_2; source_validity_pose_sink_structure; strong_eye_source_validity_pose_sink_structure; attempted_eye_tracking_permission_or_feature_enable; attempted_eye_tracking_with_foveated_rendering_path; functionality_permission_setup; functionality_foveated_rendering; functionality_gaze_retrieval_or_extraction; functionality_data_collection_or_telemetry_hits_1,base_scanner_score_243; module_bonus_validity_gate_8; module_bonus_pose_vector_10; module_bonus_telemetry_20; module_bonus_foveation_rendering_20; module_bonus_structure_combo_18; evidence_bonus_telemetry_or_network_hits_12; sensitive_sink_telemetry_bonus_15; sensitive_sink_foveation_bonus_12; keyword_support_eye_or_gaze_5_bonus_20; keyword_support_sdk_4_bonus_12; keyword_support_collection_or_telemetry_4_bonus_16,C:\realDesktop\manifest-evaluations\summer-26\ghidra-pipeline\il2cpp-files\SmashRoomVR\general-structure-results\90_plus_attempted_dynamic_eye_tracked_foveation_near_certain\03155d94_OVRPlugin$$SetTrackingCalibratedOrigin.c,C:\realDesktop\manifest-evaluations\summer-26\ghidra-pipeline\il2cpp-files\SmashRoomVR\manual-review-pack\A_must_review\001_p406_OVRPlugin$$SetTrackingCalibratedOrigin.c
2,406,A_must_review,OVRPlugin$$GetTrackingCalibratedOrigin,03155d20,243,90_plus_attempted_dynamic_eye_tracked_foveation_near_certain,eye_source; weak_source_state; validity_gate; pose_vector; telemetry; foveation_rendering; structure_combo; attempted_use; dynamic_foveation_possible,strong_eye_source_hits_8; weak_xr_or_state_hits_12; validity_or_gating_hits_21; strong_pose_or_ray_construction_hits_2; telemetry_or_network_hits_1; strong_foveation_hits_2; source_validity_pose_sink_structure; strong_eye_source_validity_pose_sink_structure; attempted_eye_tracking_permission_or_feature_enable; attempted_eye_tracking_with_foveated_rendering_path; functionality_permission_setup; functionality_foveated_rendering; functionality_gaze_retrieval_or_extraction; functionality_data_collection_or_telemetry_hits_1,base_scanner_score_243; module_bonus_validity_gate_8; module_bonus_pose_vector_10; module_bonus_telemetry_20; module_bonus_foveation_rendering_20; module_bonus_structure_combo_18; evidence_bonus_telemetry_or_network_hits_12; sensitive_sink_telemetry_bonus_15; sensitive_sink_foveation_bonus_12; keyword_support_eye_or_gaze_5_bonus_20; keyword_support_sdk_4_bonus_12; keyword_support_collection_or_telemetry_4_bonus_16,C:\realDesktop\manifest-evaluations\summer-26\ghidra-pipeline\il2cpp-files\SmashRoomVR\general-structure-results\90_plus_attempted_dynamic_eye_tracked_foveation_near_certain\03155d20_OVRPlugin$$GetTrackingCalibratedOrigin.c,C:\realDesktop\manifest-evaluations\summer-26\ghidra-pipeline\il2cpp-files\SmashRoomVR\manual-review-pack\A_must_review\002_p406_OVRPlugin$$GetTrackingCalibratedOrigin.c
3,345,A_must_review,OVRPlugin$$GetPassthroughCapabilities,03155704,202,90_plus_attempted_dynamic_eye_tracked_foveation_near_certain,eye_source; weak_source_state; validity_gate; paired_state_refs; telemetry; foveation_rendering; attempted_use; dynamic_foveation_possible,strong_eye_source_hits_8; weak_xr_or_state_hits_16; validity_or_gating_hits_21; paired_field_refs_with_eye_source; telemetry_or_network_hits_3; strong_foveation_hits_2; attempted_eye_tracking_permission_or_feature_enable; attempted_eye_tracking_with_foveated_rendering_path; functionality_permission_setup; functionality_foveated_rendering; functionality_data_collection_or_telemetry_hits_3,base_scanner_score_202; module_bonus_validity_gate_8; module_bonus_paired_state_refs_8; module_bonus_telemetry_20; module_bonus_foveation_rendering_20; evidence_bonus_telemetry_or_network_hits_12; sensitive_sink_telemetry_bonus_15; sensitive_sink_foveation_bonus_12; keyword_support_eye_or_gaze_5_bonus_20; keyword_support_sdk_4_bonus_12; keyword_support_collection_or_telemetry_4_bonus_16,C:\realDesktop\manifest-evaluations\summer-26\ghidra-pipeline\il2cpp-files\SmashRoomVR\general-structure-results\90_plus_attempted_dynamic_eye_tracked_foveation_near_certain\03155704_OVRPlugin$$GetPassthroughCapabilities.c,C:\realDesktop\manifest-evaluations\summer-26\ghidra-pipeline\il2cpp-files\SmashRoomVR\manual-review-pack\A_must_review\003_p345_OVRPlugin$$GetPassthroughCapabilities.c
4,345,A_must_review,FUN_03155660,03155660,202,90_plus_attempted_dynamic_eye_tracked_foveation_near_certain,eye_source; weak_source_state; validity_gate; paired_state_refs; telemetry; foveation_rendering; attempted_use; dynamic_foveation_possible,strong_eye_source_hits_6; weak_xr_or_state_hits_14; validity_or_gating_hits_21; paired_field_refs_with_eye_source; telemetry_or_network_hits_3; strong_foveation_hits_2; attempted_eye_tracking_permission_or_feature_enable; attempted_eye_tracking_with_foveated_rendering_path; functionality_permission_setup; functionality_foveated_rendering; functionality_data_collection_or_telemetry_hits_3,base_scanner_score_202; module_bonus_validity_gate_8; module_bonus_paired_state_refs_8; module_bonus_telemetry_20; module_bonus_foveation_rendering_20; evidence_bonus_telemetry_or_network_hits_12; sensitive_sink_telemetry_bonus_15; sensitive_sink_foveation_bonus_12; keyword_support_eye_or_gaze_5_bonus_20; keyword_support_sdk_4_bonus_12; keyword_support_collection_or_telemetry_4_bonus_16,C:\realDesktop\manifest-evaluations\summer-26\ghidra-pipeline\il2cpp-files\SmashRoomVR\general-structure-results\90_plus_attempted_dynamic_eye_tracked_foveation_near_certain\03155660_FUN_03155660.c,C:\realDesktop\manifest-evaluations\summer-26\ghidra-pipeline\il2cpp-files\SmashRoomVR\manual-review-pack\A_must_review\004_p345_FUN_03155660.c
5,340,A_must_review,OVRPlugin$$GetBoundaryVisible,03155894,197,90_plus_attempted_dynamic_eye_tracked_foveation_near_certain,eye_source; weak_source_state; validity_gate; paired_state_refs; telemetry; foveation_rendering; attempted_use; dynamic_foveation_possible,strong_eye_source_hits_8; weak_xr_or_state_hits_12; validity_or_gating_hits_21; paired_field_refs_with_eye_source; telemetry_or_network_hits_2; strong_foveation_hits_2; attempted_eye_tracking_permission_or_feature_enable; attempted_eye_tracking_with_foveated_rendering_path; functionality_permission_setup; functionality_foveated_rendering; functionality_data_collection_or_telemetry_hits_2,base_scanner_score_197; module_bonus_validity_gate_8; module_bonus_paired_state_refs_8; module_bonus_telemetry_20; module_bonus_foveation_rendering_20; evidence_bonus_telemetry_or_network_hits_12; sensitive_sink_telemetry_bonus_15; sensitive_sink_foveation_bonus_12; keyword_support_eye_or_gaze_5_bonus_20; keyword_support_sdk_4_bonus_12; keyword_support_collection_or_telemetry_4_bonus_16,C:\realDesktop\manifest-evaluations\summer-26\ghidra-pipeline\il2cpp-files\SmashRoomVR\general-structure-results\90_plus_attempted_dynamic_eye_tracked_foveation_near_certain\03155894_OVRPlugin$$GetBoundaryVisible.c,C:\realDesktop\manifest-evaluations\summer-26\ghidra-pipeline\il2cpp-files\SmashRoomVR\manual-review-pack\A_must_review\005_p340_OVRPlugin$$GetBoundaryVisible.c
6,340,A_must_review,OVRPlugin$$GetBoundaryDimensions,031557d0,197,90_plus_attempted_dynamic_eye_tracked_foveation_near_certain,eye_source; weak_source_state; validity_gate; paired_state_refs; telemetry; foveation_rendering; attempted_use; dynamic_foveation_possible,strong_eye_source_hits_8; weak_xr_or_state_hits_12; validity_or_gating_hits_21; paired_field_refs_with_eye_source; telemetry_or_network_hits_2; strong_foveation_hits_2; attempted_eye_tracking_permission_or_feature_enable; attempted_eye_tracking_with_foveated_rendering_path; functionality_permission_setup; functionality_foveated_rendering; functionality_data_collection_or_telemetry_hits_2,base_scanner_score_197; module_bonus_validity_gate_8; module_bonus_paired_state_refs_8; module_bonus_telemetry_20; module_bonus_foveation_rendering_20; evidence_bonus_telemetry_or_network_hits_12; sensitive_sink_telemetry_bonus_15; sensitive_sink_foveation_bonus_12; keyword_support_eye_or_gaze_5_bonus_20; keyword_support_sdk_4_bonus_12; keyword_support_collection_or_telemetry_4_bonus_16,C:\realDesktop\manifest-evaluations\summer-26\ghidra-pipeline\il2cpp-files\SmashRoomVR\general-structure-results\90_plus_attempted_dynamic_eye_tracked_foveation_near_certain\031557d0_OVRPlugin$$GetBoundaryDimensions.c,C:\realDesktop\manifest-evaluations\summer-26\ghidra-pipeline\il2cpp-files\SmashRoomVR\manual-review-pack\A_must_review\006_p340_OVRPlugin$$GetBoundaryDimensions.c
7,320,A_must_review,OVRPlugin$$SetBoundaryVisible,03155954,185,90_plus_attempted_dynamic_eye_tracked_foveation_near_certain,eye_source; weak_source_state; validity_gate; telemetry; foveation_rendering; attempted_use; dynamic_foveation_possible,strong_eye_source_hits_8; weak_xr_or_state_hits_12; validity_or_gating_hits_21; telemetry_or_network_hits_2; strong_foveation_hits_2; attempted_eye_tracking_permission_or_feature_enable; attempted_eye_tracking_with_foveated_rendering_path; functionality_permission_setup; functionality_foveated_rendering; functionality_data_collection_or_telemetry_hits_2,base_scanner_score_185; module_bonus_validity_gate_8; module_bonus_telemetry_20; module_bonus_foveation_rendering_20; evidence_bonus_telemetry_or_network_hits_12; sensitive_sink_telemetry_bonus_15; sensitive_sink_foveation_bonus_12; keyword_support_eye_or_gaze_5_bonus_20; keyword_support_sdk_4_bonus_12; keyword_support_collection_or_telemetry_4_bonus_16,C:\realDesktop\manifest-evaluations\summer-26\ghidra-pipeline\il2cpp-files\SmashRoomVR\general-structure-results\90_plus_attempted_dynamic_eye_tracked_foveation_near_certain\03155954_OVRPlugin$$SetBoundaryVisible.c,C:\realDesktop\manifest-evaluations\summer-26\ghidra-pipeline\il2cpp-files\SmashRoomVR\manual-review-pack\A_must_review\007_p320_OVRPlugin$$SetBoundaryVisible.c
8,316,A_must_review,OVRPlugin$$RecenterTrackingOrigin,03155df0,216,90_plus_attempted_dynamic_eye_tracked_foveation_near_certain,eye_source; weak_source_state; validity_gate; pose_vector; foveation_rendering; structure_combo; attempted_use; dynamic_foveation_possible,strong_eye_source_hits_8; weak_xr_or_state_hits_10; validity_or_gating_hits_10; strong_pose_or_ray_construction_hits_2; strong_foveation_hits_2; source_validity_pose_sink_structure; strong_eye_source_validity_pose_sink_structure; attempted_eye_tracking_permission_or_feature_enable; attempted_eye_tracking_with_foveated_rendering_path; functionality_foveated_rendering; functionality_gaze_retrieval_or_extraction,base_scanner_score_216; module_bonus_validity_gate_8; module_bonus_pose_vector_10; module_bonus_foveation_rendering_20; module_bonus_structure_combo_18; sensitive_sink_foveation_bonus_12; keyword_support_eye_or_gaze_5_bonus_20; keyword_support_sdk_4_bonus_12,C:\realDesktop\manifest-evaluations\summer-26\ghidra-pipeline\il2cpp-files\SmashRoomVR\general-structure-results\90_plus_attempted_dynamic_eye_tracked_foveation_near_certain\03155df0_OVRPlugin$$RecenterTrackingOrigin.c,C:\realDesktop\manifest-evaluations\summer-26\ghidra-pipeline\il2cpp-files\SmashRoomVR\manual-review-pack\A_must_review\008_p316_OVRPlugin$$RecenterTrackingOrigin.c
9,315,A_must_review,OVRPlugin$$SetTrackingOriginType,03155cbc,180,90_plus_attempted_dynamic_eye_tracked_foveation_near_certain,eye_source; weak_source_state; validity_gate; telemetry; foveation_rendering; attempted_use; dynamic_foveation_possible,strong_eye_source_hits_8; weak_xr_or_state_hits_12; validity_or_gating_hits_21; telemetry_or_network_hits_1; strong_foveation_hits_2; attempted_eye_tracking_permission_or_feature_enable; attempted_eye_tracking_with_foveated_rendering_path; functionality_permission_setup; functionality_foveated_rendering; functionality_gaze_retrieval_or_extraction; functionality_data_collection_or_telemetry_hits_1,base_scanner_score_180; module_bonus_validity_gate_8; module_bonus_telemetry_20; module_bonus_foveation_rendering_20; evidence_bonus_telemetry_or_network_hits_12; sensitive_sink_telemetry_bonus_15; sensitive_sink_foveation_bonus_12; keyword_support_eye_or_gaze_5_bonus_20; keyword_support_sdk_4_bonus_12; keyword_support_collection_or_telemetry_4_bonus_16,C:\realDesktop\manifest-evaluations\summer-26\ghidra-pipeline\il2cpp-files\SmashRoomVR\general-structure-results\90_plus_attempted_dynamic_eye_tracked_foveation_near_certain\03155cbc_OVRPlugin$$SetTrackingOriginType.c,C:\realDesktop\manifest-evaluations\summer-26\ghidra-pipeline\il2cpp-files\SmashRoomVR\manual-review-pack\A_must_review\009_p315_OVRPlugin$$SetTrackingOriginType.c
10,315,A_must_review,OVRPlugin$$GetTrackingOriginType,03155c6c,180,90_plus_attempted_dynamic_eye_tracked_foveation_near_certain,eye_source; weak_source_state; validity_gate; telemetry; foveation_rendering; attempted_use; dynamic_foveation_possible,strong_eye_source_hits_8; weak_xr_or_state_hits_14; validity_or_gating_hits_21; telemetry_or_network_hits_1; strong_foveation_hits_2; attempted_eye_tracking_permission_or_feature_enable; attempted_eye_tracking_with_foveated_rendering_path; functionality_permission_setup; functionality_foveated_rendering; functionality_gaze_retrieval_or_extraction; functionality_data_collection_or_telemetry_hits_1,base_scanner_score_180; module_bonus_validity_gate_8; module_bonus_telemetry_20; module_bonus_foveation_rendering_20; evidence_bonus_telemetry_or_network_hits_12; sensitive_sink_telemetry_bonus_15; sensitive_sink_foveation_bonus_12; keyword_support_eye_or_gaze_5_bonus_20; keyword_support_sdk_4_bonus_12; keyword_support_collection_or_telemetry_4_bonus_16,C:\realDesktop\manifest-evaluations\summer-26\ghidra-pipeline\il2cpp-files\SmashRoomVR\general-structure-results\90_plus_attempted_dynamic_eye_tracked_foveation_near_certain\03155c6c_OVRPlugin$$GetTrackingOriginType.c,C:\realDesktop\manifest-evaluations\summer-26\ghidra-pipeline\il2cpp-files\SmashRoomVR\manual-review-pack\A_must_review\010_p315_OVRPlugin$$GetTrackingOriginType.c
11,315,A_must_review,OVRPlugin$$GetSystemHeadsetType,03155a38,180,90_plus_attempted_dynamic_eye_tracked_foveation_near_certain,eye_source; weak_source_state; validity_gate; telemetry; foveation_rendering; attempted_use; dynamic_foveation_possible,strong_eye_source_hits_8; weak_xr_or_state_hits_10; validity_or_gating_hits_21; telemetry_or_network_hits_1; strong_foveation_hits_2; attempted_eye_tracking_permission_or_feature_enable; attempted_eye_tracking_with_foveated_rendering_path; functionality_permission_setup; functionality_foveated_rendering; functionality_data_collection_or_telemetry_hits_1,base_scanner_score_180; module_bonus_validity_gate_8; module_bonus_telemetry_20; module_bonus_foveation_rendering_20; evidence_bonus_telemetry_or_network_hits_12; sensitive_sink_telemetry_bonus_15; sensitive_sink_foveation_bonus_12; keyword_support_eye_or_gaze_5_bonus_20; keyword_support_sdk_4_bonus_12; keyword_support_collection_or_telemetry_4_bonus_16,C:\realDesktop\manifest-evaluations\summer-26\ghidra-pipeline\il2cpp-files\SmashRoomVR\general-structure-results\90_plus_attempted_dynamic_eye_tracked_foveation_near_certain\03155a38_OVRPlugin$$GetSystemHeadsetType.c,C:\realDesktop\manifest-evaluations\summer-26\ghidra-pipeline\il2cpp-files\SmashRoomVR\manual-review-pack\A_must_review\011_p315_OVRPlugin$$GetSystemHeadsetType.c
12,315,A_must_review,OVRPlugin$$GetConnectedControllers,03155bb0,180,90_plus_attempted_dynamic_eye_tracked_foveation_near_certain,eye_source; weak_source_state; validity_gate; telemetry; foveation_rendering; attempted_use; dynamic_foveation_possible,strong_eye_source_hits_8; weak_xr_or_state_hits_10; validity_or_gating_hits_21; telemetry_or_network_hits_1; strong_foveation_hits_2; attempted_eye_tracking_permission_or_feature_enable; attempted_eye_tracking_with_foveated_rendering_path; functionality_permission_setup; functionality_foveated_rendering; functionality_data_collection_or_telemetry_hits_1,base_scanner_score_180; module_bonus_validity_gate_8; module_bonus_telemetry_20; module_bonus_foveation_rendering_20; evidence_bonus_telemetry_or_network_hits_12; sensitive_sink_telemetry_bonus_15; sensitive_sink_foveation_bonus_12; keyword_support_eye_or_gaze_5_bonus_20; keyword_support_sdk_4_bonus_12; keyword_support_collection_or_telemetry_4_bonus_16,C:\realDesktop\manifest-evaluations\summer-26\ghidra-pipeline\il2cpp-files\SmashRoomVR\general-structure-results\90_plus_attempted_dynamic_eye_tracked_foveation_near_certain\03155bb0_OVRPlugin$$GetConnectedControllers.c,C:\realDesktop\manifest-evaluations\summer-26\ghidra-pipeline\il2cpp-files\SmashRoomVR\manual-review-pack\A_must_review\012_p315_OVRPlugin$$GetConnectedControllers.c
13,315,A_must_review,OVRPlugin$$GetActiveController,03155af4,180,90_plus_attempted_dynamic_eye_tracked_foveation_near_certain,eye_source; weak_source_state; validity_gate; telemetry; foveation_rendering; attempted_use; dynamic_foveation_possible,strong_eye_source_hits_8; weak_xr_or_state_hits_12; validity_or_gating_hits_21; telemetry_or_network_hits_1; strong_foveation_hits_2; attempted_eye_tracking_permission_or_feature_enable; attempted_eye_tracking_with_foveated_rendering_path; functionality_permission_setup; functionality_foveated_rendering; functionality_data_collection_or_telemetry_hits_1,base_scanner_score_180; module_bonus_validity_gate_8; module_bonus_telemetry_20; module_bonus_foveation_rendering_20; evidence_bonus_telemetry_or_network_hits_12; sensitive_sink_telemetry_bonus_15; sensitive_sink_foveation_bonus_12; keyword_support_eye_or_gaze_5_bonus_20; keyword_support_sdk_4_bonus_12; keyword_support_collection_or_telemetry_4_bonus_16,C:\realDesktop\manifest-evaluations\summer-26\ghidra-pipeline\il2cpp-files\SmashRoomVR\general-structure-results\90_plus_attempted_dynamic_eye_tracked_foveation_near_certain\03155af4_OVRPlugin$$GetActiveController.c,C:\realDesktop\manifest-evaluations\summer-26\ghidra-pipeline\il2cpp-files\SmashRoomVR\manual-review-pack\A_must_review\013_p315_OVRPlugin$$GetActiveController.c
14,250,A_must_review,OVREyeGaze$$StartEyeTracking,03117eb4,146,90_plus_attempted_eye_tracking_permission_or_feature_near_certain,eye_source; weak_source_state; validity_gate; paired_state_refs; telemetry; frame_behavior; attempted_use,strong_eye_source_hits_4; weak_xr_or_state_hits_2; validity_or_gating_hits_12; paired_field_refs_with_eye_source; telemetry_or_network_hits_1; frame_or_lifecycle_behavior; attempted_eye_tracking_permission_or_feature_enable; functionality_permission_setup; functionality_gaze_retrieval_or_extraction; functionality_data_collection_or_telemetry_hits_1,base_scanner_score_146; module_bonus_validity_gate_8; module_bonus_paired_state_refs_8; module_bonus_telemetry_20; module_bonus_frame_behavior_5; evidence_bonus_telemetry_or_network_hits_12; sensitive_sink_telemetry_bonus_15; keyword_support_eye_or_gaze_5_bonus_20; keyword_support_collection_or_telemetry_4_bonus_16,C:\realDesktop\manifest-evaluations\summer-26\ghidra-pipeline\il2cpp-files\SmashRoomVR\general-structure-results\90_plus_attempted_eye_tracking_permission_or_feature_near_certain\03117eb4_OVREyeGaze$$StartEyeTracking.c,C:\realDesktop\manifest-evaluations\summer-26\ghidra-pipeline\il2cpp-files\SmashRoomVR\manual-review-pack\A_must_review\014_p250_OVREyeGaze$$StartEyeTracking.c
15,246,A_must_review,Meta.XR.MetaXRFoveationFeature$$OnSessionCreate,031f1e34,123,90_plus_uncertain_foveated_rendering_near_certain,eye_source; validity_gate; telemetry; foveation_rendering,strong_eye_source_hits_1; validity_or_gating_hits_2; telemetry_or_network_hits_3; strong_foveation_hits_2; functionality_foveated_rendering; functionality_data_collection_or_telemetry_hits_3,base_scanner_score_123; module_bonus_validity_gate_8; module_bonus_telemetry_20; module_bonus_foveation_rendering_20; evidence_bonus_telemetry_or_network_hits_12; sensitive_sink_telemetry_bonus_15; sensitive_sink_foveation_bonus_12; keyword_support_eye_or_gaze_5_bonus_20; keyword_support_collection_or_telemetry_4_bonus_16,C:\realDesktop\manifest-evaluations\summer-26\ghidra-pipeline\il2cpp-files\SmashRoomVR\general-structure-results\90_plus_uncertain_foveated_rendering_near_certain\031f1e34_Meta.XR.MetaXRFoveationFeature$$OnSessionCreate.c,C:\realDesktop\manifest-evaluations\summer-26\ghidra-pipeline\il2cpp-files\SmashRoomVR\manual-review-pack\A_must_review\015_p246_Meta.XR.MetaXRFoveationFeature$$OnSessionCreate.c
16,245,A_must_review,OVREyeGaze$$OnEnable,03117e3c,141,90_plus_attempted_eye_tracking_permission_or_feature_near_certain,eye_source; weak_source_state; validity_gate; paired_state_refs; telemetry; frame_behavior; attempted_use,strong_eye_source_hits_2; weak_xr_or_state_hits_4; validity_or_gating_hits_14; paired_field_refs_with_eye_source; telemetry_or_network_hits_2; frame_or_lifecycle_behavior; attempted_eye_tracking_permission_or_feature_enable; functionality_permission_setup; functionality_gaze_retrieval_or_extraction; functionality_data_collection_or_telemetry_hits_2,base_scanner_score_141; module_bonus_validity_gate_8; module_bonus_paired_state_refs_8; module_bonus_telemetry_20; module_bonus_frame_behavior_5; evidence_bonus_telemetry_or_network_hits_12; sensitive_sink_telemetry_bonus_15; keyword_support_eye_or_gaze_5_bonus_20; keyword_support_collection_or_telemetry_4_bonus_16,C:\realDesktop\manifest-evaluations\summer-26\ghidra-pipeline\il2cpp-files\SmashRoomVR\general-structure-results\90_plus_attempted_eye_tracking_permission_or_feature_near_certain\03117e3c_OVREyeGaze$$OnEnable.c,C:\realDesktop\manifest-evaluations\summer-26\ghidra-pipeline\il2cpp-files\SmashRoomVR\manual-review-pack\A_must_review\016_p245_OVREyeGaze$$OnEnable.c
17,239,A_must_review,System.Array$$InternalArray__get_Item<OVRPlugin.BodyJointLocation>,01cc5140,154,90_plus_framework_support_only_near_certain,eye_source; weak_source_state; validity_gate; pose_vector; paired_state_refs; ray_interaction; structure_combo,strong_eye_source_hits_2; weak_xr_or_state_hits_2; validity_or_gating_hits_18; strong_pose_or_ray_construction_hits_2; paired_field_refs_with_eye_source; ray_or_cast_sink_hits_4; source_validity_pose_sink_structure; strong_eye_source_validity_pose_sink_structure; negative_framework_support_context_without_confirmed_app_level_gaze_flow; functionality_gaze_interaction_hits_4,base_scanner_score_154; module_bonus_validity_gate_8; module_bonus_pose_vector_10; module_bonus_paired_state_refs_8; module_bonus_ray_interaction_15; module_bonus_structure_combo_18; keyword_support_eye_or_gaze_5_bonus_20; keyword_support_sdk_2_bonus_6,C:\realDesktop\manifest-evaluations\summer-26\ghidra-pipeline\il2cpp-files\SmashRoomVR\general-structure-results\90_plus_framework_support_only_near_certain\01cc5140_System.Array$$InternalArray__get_Item_OVRPlugin.BodyJointLocation_.c,C:\realDesktop\manifest-evaluations\summer-26\ghidra-pipeline\il2cpp-files\SmashRoomVR\manual-review-pack\A_must_review\017_p239_System.Array$$InternalArray__get_Item_OVRPlugin.BodyJointLocation_.c
18,239,A_must_review,System.Array$$InternalArray__get_Item<OVRPlugin.AppPerfFrameStats>,01cc507c,154,90_plus_framework_support_only_near_certain,eye_source; weak_source_state; validity_gate; pose_vector; paired_state_refs; ray_interaction; structure_combo,strong_eye_source_hits_2; weak_xr_or_state_hits_2; validity_or_gating_hits_18; strong_pose_or_ray_construction_hits_2; paired_field_refs_with_eye_source; ray_or_cast_sink_hits_4; source_validity_pose_sink_structure; strong_eye_source_validity_pose_sink_structure; negative_framework_support_context_without_confirmed_app_level_gaze_flow; functionality_gaze_interaction_hits_4,base_scanner_score_154; module_bonus_validity_gate_8; module_bonus_pose_vector_10; module_bonus_paired_state_refs_8; module_bonus_ray_interaction_15; module_bonus_structure_combo_18; keyword_support_eye_or_gaze_5_bonus_20; keyword_support_sdk_2_bonus_6,C:\realDesktop\manifest-evaluations\summer-26\ghidra-pipeline\il2cpp-files\SmashRoomVR\general-structure-results\90_plus_framework_support_only_near_certain\01cc507c_System.Array$$InternalArray__get_Item_OVRPlugin.AppPerfFrameStats_.c,C:\realDesktop\manifest-evaluations\summer-26\ghidra-pipeline\il2cpp-files\SmashRoomVR\manual-review-pack\A_must_review\018_p239_System.Array$$InternalArray__get_Item_OVRPlugin.AppPerfFrameStats_.c
19,236,A_must_review,OVRPlugin.OVRP_1_78_0$$ovrp_GetFoveationEyeTrackedSupported,031746fc,162,90_plus_attempted_dynamic_eye_tracked_foveation_near_certain,eye_source; weak_source_state; validity_gate; paired_state_refs; foveation_rendering; attempted_use; dynamic_foveation_possible,strong_eye_source_hits_6; weak_xr_or_state_hits_4; validity_or_gating_hits_3; paired_field_refs_with_eye_source; strong_foveation_hits_2; attempted_eye_tracking_permission_or_feature_enable; attempted_eye_tracking_with_foveated_rendering_path; functionality_foveated_rendering,base_scanner_score_162; module_bonus_validity_gate_8; module_bonus_paired_state_refs_8; module_bonus_foveation_rendering_20; sensitive_sink_foveation_bonus_12; keyword_support_eye_or_gaze_5_bonus_20; keyword_support_sdk_2_bonus_6,C:\realDesktop\manifest-evaluations\summer-26\ghidra-pipeline\il2cpp-files\SmashRoomVR\general-structure-results\90_plus_attempted_dynamic_eye_tracked_foveation_near_certain\031746fc_OVRPlugin.OVRP_1_78_0$$ovrp_GetFoveationEyeTrackedSupported.c,C:\realDesktop\manifest-evaluations\summer-26\ghidra-pipeline\il2cpp-files\SmashRoomVR\manual-review-pack\A_must_review\019_p236_OVRPlugin.OVRP_1_78_0$$ovrp_GetFoveationEyeTrackedSupported.c
20,235,A_must_review,System.Array$$InternalArray__get_Item<OVRPlugin.BoneCapsule>,01cc52b0,150,90_plus_framework_support_only_near_certain,eye_source; weak_source_state; validity_gate; pose_vector; paired_state_refs; ray_interaction; structure_combo,strong_eye_source_hits_2; weak_xr_or_state_hits_2; validity_or_gating_hits_16; strong_pose_or_ray_construction_hits_2; paired_field_refs_with_eye_source; ray_or_cast_sink_hits_2; source_validity_pose_sink_structure; strong_eye_source_validity_pose_sink_structure; negative_framework_support_context_without_confirmed_app_level_gaze_flow; functionality_gaze_interaction_hits_2,base_scanner_score_150; module_bonus_validity_gate_8; module_bonus_pose_vector_10; module_bonus_paired_state_refs_8; module_bonus_ray_interaction_15; module_bonus_structure_combo_18; keyword_support_eye_or_gaze_5_bonus_20; keyword_support_sdk_2_bonus_6,C:\realDesktop\manifest-evaluations\summer-26\ghidra-pipeline\il2cpp-files\SmashRoomVR\general-structure-results\90_plus_framework_support_only_near_certain\01cc52b0_System.Array$$InternalArray__get_Item_OVRPlugin.BoneCapsule_.c,C:\realDesktop\manifest-evaluations\summer-26\ghidra-pipeline\il2cpp-files\SmashRoomVR\manual-review-pack\A_must_review\020_p235_System.Array$$InternalArray__get_Item_OVRPlugin.BoneCapsule_.c
21,235,A_must_review,System.Array$$InternalArray__get_Item<OVRPlugin.Bone>,01cc51f8,150,90_plus_framework_support_only_near_certain,eye_source; weak_source_state; validity_gate; pose_vector; paired_state_refs; ray_interaction; structure_combo,strong_eye_source_hits_2; weak_xr_or_state_hits_2; validity_or_gating_hits_17; strong_pose_or_ray_construction_hits_2; paired_field_refs_with_eye_source; ray_or_cast_sink_hits_2; source_validity_pose_sink_structure; strong_eye_source_validity_pose_sink_structure; negative_framework_support_context_without_confirmed_app_level_gaze_flow; functionality_gaze_interaction_hits_2,base_scanner_score_150; module_bonus_validity_gate_8; module_bonus_pose_vector_10; module_bonus_paired_state_refs_8; module_bonus_ray_interaction_15; module_bonus_structure_combo_18; keyword_support_eye_or_gaze_5_bonus_20; keyword_support_sdk_2_bonus_6,C:\realDesktop\manifest-evaluations\summer-26\ghidra-pipeline\il2cpp-files\SmashRoomVR\general-structure-results\90_plus_framework_support_only_near_certain\01cc51f8_System.Array$$InternalArray__get_Item_OVRPlugin.Bone_.c,C:\realDesktop\manifest-evaluations\summer-26\ghidra-pipeline\il2cpp-files\SmashRoomVR\manual-review-pack\A_must_review\021_p235_System.Array$$InternalArray__get_Item_OVRPlugin.Bone_.c
22,232,A_must_review,OVRPlugin$$get_hasVrFocus,0314ed5c,123,90_plus_uncertain_gaze_or_xr_structure_near_certain,eye_source; weak_source_state; validity_gate; ui_interaction; telemetry,strong_eye_source_hits_2; weak_xr_or_state_hits_6; validity_or_gating_hits_4; ui_or_gameplay_sink_hits_2; telemetry_or_network_hits_2; functionality_permission_setup; functionality_data_collection_or_telemetry_hits_2,base_scanner_score_123; module_bonus_validity_gate_8; module_bonus_ui_interaction_12; module_bonus_telemetry_20; evidence_bonus_telemetry_or_network_hits_12; sensitive_sink_telemetry_bonus_15; keyword_support_eye_or_gaze_5_bonus_20; keyword_support_sdk_2_bonus_6; keyword_support_collection_or_telemetry_4_bonus_16,C:\realDesktop\manifest-evaluations\summer-26\ghidra-pipeline\il2cpp-files\SmashRoomVR\general-structure-results\90_plus_uncertain_gaze_or_xr_structure_near_certain\0314ed5c_OVRPlugin$$get_hasVrFocus.c,C:\realDesktop\manifest-evaluations\summer-26\ghidra-pipeline\il2cpp-files\SmashRoomVR\manual-review-pack\A_must_review\022_p232_OVRPlugin$$get_hasVrFocus.c
23,232,A_must_review,OVRPlugin.UnityOpenXR$$OnSessionCreate,03168ef8,121,90_plus_uncertain_gaze_or_xr_structure_near_certain,eye_source; weak_source_state; validity_gate; paired_state_refs; telemetry,strong_eye_source_hits_2; weak_xr_or_state_hits_4; validity_or_gating_hits_5; paired_field_refs_with_eye_source; telemetry_or_network_hits_2; functionality_data_collection_or_telemetry_hits_2,base_scanner_score_121; module_bonus_validity_gate_8; module_bonus_paired_state_refs_8; module_bonus_telemetry_20; evidence_bonus_telemetry_or_network_hits_12; sensitive_sink_telemetry_bonus_15; keyword_support_eye_or_gaze_5_bonus_20; keyword_support_sdk_4_bonus_12; keyword_support_collection_or_telemetry_4_bonus_16,C:\realDesktop\manifest-evaluations\summer-26\ghidra-pipeline\il2cpp-files\SmashRoomVR\general-structure-results\90_plus_uncertain_gaze_or_xr_structure_near_certain\03168ef8_OVRPlugin.UnityOpenXR$$OnSessionCreate.c,C:\realDesktop\manifest-evaluations\summer-26\ghidra-pipeline\il2cpp-files\SmashRoomVR\manual-review-pack\A_must_review\023_p232_OVRPlugin.UnityOpenXR$$OnSessionCreate.c
24,232,A_must_review,UnityEngine.UIElements.FocusChangeDirection$$System.IDisposable.Dispose,03983868,89,70_high_general_structure_review_high,weak_source_state; validity_gate; pose_vector; paired_state_refs; ui_interaction; telemetry; structure_combo,weak_xr_or_state_hits_21; validity_or_gating_hits_21; strong_pose_or_ray_construction_hits_3; paired_field_refs_with_structure_only; ui_or_gameplay_sink_hits_12; telemetry_or_network_hits_4; source_validity_pose_sink_structure; negative_framework_namespace_without_eye_use_flow; cap_below_near_certain_without_eye_anchor_or_ordered_structure; functionality_data_collection_or_telemetry_hits_4,base_scanner_score_89; module_bonus_validity_gate_8; module_bonus_pose_vector_10; module_bonus_paired_state_refs_8; module_bonus_ui_interaction_12; module_bonus_telemetry_20; module_bonus_structure_combo_18; evidence_bonus_telemetry_or_network_hits_12; sensitive_sink_telemetry_bonus_15; keyword_support_eye_or_gaze_3_bonus_12; keyword_support_sdk_4_bonus_12; keyword_support_collection_or_telemetry_4_bonus_16,C:\realDesktop\manifest-evaluations\summer-26\ghidra-pipeline\il2cpp-files\SmashRoomVR\general-structure-results\70_high_general_structure_review_high\03983868_UnityEngine.UIElements.FocusChangeDirection$$System.IDisposable.Dispose.c,C:\realDesktop\manifest-evaluations\summer-26\ghidra-pipeline\il2cpp-files\SmashRoomVR\manual-review-pack\A_must_review\024_p232_UnityEngine.UIElements.FocusChangeDirection$$System.IDisposable.Dispose.c
25,232,A_must_review,UnityEngine.UIElements.FocusChangeDirection$$Dispose,03983874,89,70_high_general_structure_review_high,weak_source_state; validity_gate; pose_vector; paired_state_refs; ui_interaction; telemetry; structure_combo,weak_xr_or_state_hits_21; validity_or_gating_hits_21; strong_pose_or_ray_construction_hits_3; paired_field_refs_with_structure_only; ui_or_gameplay_sink_hits_12; telemetry_or_network_hits_4; source_validity_pose_sink_structure; negative_framework_namespace_without_eye_use_flow; cap_below_near_certain_without_eye_anchor_or_ordered_structure; functionality_data_collection_or_telemetry_hits_4,base_scanner_score_89; module_bonus_validity_gate_8; module_bonus_pose_vector_10; module_bonus_paired_state_refs_8; module_bonus_ui_interaction_12; module_bonus_telemetry_20; module_bonus_structure_combo_18; evidence_bonus_telemetry_or_network_hits_12; sensitive_sink_telemetry_bonus_15; keyword_support_eye_or_gaze_3_bonus_12; keyword_support_sdk_4_bonus_12; keyword_support_collection_or_telemetry_4_bonus_16,C:\realDesktop\manifest-evaluations\summer-26\ghidra-pipeline\il2cpp-files\SmashRoomVR\general-structure-results\70_high_general_structure_review_high\03983874_UnityEngine.UIElements.FocusChangeDirection$$Dispose.c,C:\realDesktop\manifest-evaluations\summer-26\ghidra-pipeline\il2cpp-files\SmashRoomVR\manual-review-pack\A_must_review\025_p232_UnityEngine.UIElements.FocusChangeDirection$$Dispose.c
26,231,A_must_review,OVRPlugin$$set_eyeFovPremultipliedAlphaModeEnabled,03156f54,126,90_plus_uncertain_gaze_or_xr_structure_near_certain,eye_source; weak_source_state; validity_gate; paired_state_refs; telemetry,strong_eye_source_hits_2; weak_xr_or_state_hits_10; validity_or_gating_hits_21; paired_field_refs_with_eye_source; telemetry_or_network_hits_3; functionality_permission_setup; functionality_data_collection_or_telemetry_hits_3,base_scanner_score_126; module_bonus_validity_gate_8; module_bonus_paired_state_refs_8; module_bonus_telemetry_20; evidence_bonus_telemetry_or_network_hits_12; sensitive_sink_telemetry_bonus_15; keyword_support_eye_or_gaze_5_bonus_20; keyword_support_sdk_2_bonus_6; keyword_support_collection_or_telemetry_4_bonus_16,C:\realDesktop\manifest-evaluations\summer-26\ghidra-pipeline\il2cpp-files\SmashRoomVR\general-structure-results\90_plus_uncertain_gaze_or_xr_structure_near_certain\03156f54_OVRPlugin$$set_eyeFovPremultipliedAlphaModeEnabled.c,C:\realDesktop\manifest-evaluations\summer-26\ghidra-pipeline\il2cpp-files\SmashRoomVR\manual-review-pack\A_must_review\026_p231_OVRPlugin$$set_eyeFovPremultipliedAlphaModeEnabled.c
27,230,A_must_review,OVRPlugin$$get_foveatedRenderingSupported,03155e54,158,90_plus_attempted_dynamic_eye_tracked_foveation_near_certain,eye_source; weak_source_state; validity_gate; foveation_rendering; attempted_use; dynamic_foveation_possible,strong_eye_source_hits_8; weak_xr_or_state_hits_10; validity_or_gating_hits_8; strong_foveation_hits_4; attempted_eye_tracking_permission_or_feature_enable; attempted_eye_tracking_with_foveated_rendering_path; functionality_foveated_rendering,base_scanner_score_158; module_bonus_validity_gate_8; module_bonus_foveation_rendering_20; sensitive_sink_foveation_bonus_12; keyword_support_eye_or_gaze_5_bonus_20; keyword_support_sdk_4_bonus_12,C:\realDesktop\manifest-evaluations\summer-26\ghidra-pipeline\il2cpp-files\SmashRoomVR\general-structure-results\90_plus_attempted_dynamic_eye_tracked_foveation_near_certain\03155e54_OVRPlugin$$get_foveatedRenderingSupported.c,C:\realDesktop\manifest-evaluations\summer-26\ghidra-pipeline\il2cpp-files\SmashRoomVR\manual-review-pack\A_must_review\027_p230_OVRPlugin$$get_foveatedRenderingSupported.c
28,230,A_must_review,OVRPlugin$$get_fixedFoveatedRenderingSupported,03155ec8,158,90_plus_attempted_dynamic_eye_tracked_foveation_near_certain,eye_source; weak_source_state; validity_gate; foveation_rendering; attempted_use; dynamic_foveation_possible,strong_eye_source_hits_8; weak_xr_or_state_hits_8; validity_or_gating_hits_6; strong_foveation_hits_4; attempted_eye_tracking_permission_or_feature_enable; attempted_eye_tracking_with_foveated_rendering_path; functionality_foveated_rendering,base_scanner_score_158; module_bonus_validity_gate_8; module_bonus_foveation_rendering_20; sensitive_sink_foveation_bonus_12; keyword_support_eye_or_gaze_5_bonus_20; keyword_support_sdk_4_bonus_12,C:\realDesktop\manifest-evaluations\summer-26\ghidra-pipeline\il2cpp-files\SmashRoomVR\general-structure-results\90_plus_attempted_dynamic_eye_tracked_foveation_near_certain\03155ec8_OVRPlugin$$get_fixedFoveatedRenderingSupported.c,C:\realDesktop\manifest-evaluations\summer-26\ghidra-pipeline\il2cpp-files\SmashRoomVR\manual-review-pack\A_must_review\028_p230_OVRPlugin$$get_fixedFoveatedRenderingSupported.c
29,230,A_must_review,UnityEngine.UIElements.RadioButtonGroup$$UpdateRadioButtons,03950078,79,70_high_likely_false_positive_high,weak_source_state; validity_gate; pose_vector; paired_state_refs; ray_interaction; ui_interaction; telemetry; frame_behavior; structure_combo,weak_xr_or_state_hits_4; validity_or_gating_hits_21; strong_pose_or_ray_construction_hits_4; paired_field_refs_with_structure_only; ray_or_cast_sink_hits_4; ui_or_gameplay_sink_hits_4; telemetry_or_network_hits_2; frame_or_lifecycle_behavior; source_validity_pose_sink_structure; negative_framework_namespace_without_eye_use_flow; negative_generic_transform_raycast_without_eye_source_or_attempt,base_scanner_score_79; module_bonus_validity_gate_8; module_bonus_pose_vector_10; module_bonus_paired_state_refs_8; module_bonus_ray_interaction_15; module_bonus_ui_interaction_12; module_bonus_telemetry_20; module_bonus_frame_behavior_5; module_bonus_structure_combo_18; evidence_bonus_telemetry_or_network_hits_12; sensitive_sink_telemetry_bonus_15; keyword_support_eye_or_gaze_3_bonus_12; keyword_support_collection_or_telemetry_4_bonus_16,C:\realDesktop\manifest-evaluations\summer-26\ghidra-pipeline\il2cpp-files\SmashRoomVR\general-structure-results\70_high_likely_false_positive_high\03950078_UnityEngine.UIElements.RadioButtonGroup$$UpdateRadioButtons.c,C:\realDesktop\manifest-evaluations\summer-26\ghidra-pipeline\il2cpp-files\SmashRoomVR\manual-review-pack\A_must_review\029_p230_UnityEngine.UIElements.RadioButtonGroup$$UpdateRadioButtons.c
30,228,A_must_review,System.Security.Cryptography.KeyedHashAlgorithm$$Dispose,02e12c74,77,70_high_uncertain_gaze_or_xr_structure_high,weak_source_state; validity_gate; pose_vector; paired_state_refs; telemetry; structure_combo; keyword_support,weak_xr_or_state_hits_6; validity_or_gating_hits_21; strong_pose_or_ray_construction_hits_2; paired_field_refs_with_structure_only; telemetry_or_network_hits_3; source_validity_pose_sink_structure; eye_or_gaze_keyword_boost_only; negative_framework_namespace_without_eye_use_flow,base_scanner_score_77; module_bonus_validity_gate_8; module_bonus_pose_vector_10; module_bonus_paired_state_refs_8; module_bonus_telemetry_20; module_bonus_structure_combo_18; module_bonus_keyword_support_12; evidence_bonus_telemetry_or_network_hits_12; evidence_bonus_eye_or_gaze_keyword_boost_12; sensitive_sink_telemetry_bonus_15; keyword_support_eye_or_gaze_5_bonus_20; keyword_support_collection_or_telemetry_4_bonus_16,C:\realDesktop\manifest-evaluations\summer-26\ghidra-pipeline\il2cpp-files\SmashRoomVR\general-structure-results\70_high_uncertain_gaze_or_xr_structure_high\02e12c74_System.Security.Cryptography.KeyedHashAlgorithm$$Dispose.c,C:\realDesktop\manifest-evaluations\summer-26\ghidra-pipeline\il2cpp-files\SmashRoomVR\manual-review-pack\A_must_review\030_p228_System.Security.Cryptography.KeyedHashAlgorithm$$Dispose.c
31,226,A_must_review,OVRPlugin.OVRP_1_78_0$$ovrp_GetFaceTrackingEnabled,03174d64,121,90_plus_uncertain_gaze_or_xr_structure_near_certain,eye_source; weak_source_state; validity_gate; paired_state_refs; telemetry,strong_eye_source_hits_2; weak_xr_or_state_hits_10; validity_or_gating_hits_20; paired_field_refs_with_eye_source; telemetry_or_network_hits_2; functionality_permission_setup; functionality_gaze_retrieval_or_extraction; functionality_data_collection_or_telemetry_hits_2,base_scanner_score_121; module_bonus_validity_gate_8; module_bonus_paired_state_refs_8; module_bonus_telemetry_20; evidence_bonus_telemetry_or_network_hits_12; sensitive_sink_telemetry_bonus_15; keyword_support_eye_or_gaze_5_bonus_20; keyword_support_sdk_2_bonus_6; keyword_support_collection_or_telemetry_4_bonus_16,C:\realDesktop\manifest-evaluations\summer-26\ghidra-pipeline\il2cpp-files\SmashRoomVR\general-structure-results\90_plus_uncertain_gaze_or_xr_structure_near_certain\03174d64_OVRPlugin.OVRP_1_78_0$$ovrp_GetFaceTrackingEnabled.c,C:\realDesktop\manifest-evaluations\summer-26\ghidra-pipeline\il2cpp-files\SmashRoomVR\manual-review-pack\A_must_review\031_p226_OVRPlugin.OVRP_1_78_0$$ovrp_GetFaceTrackingEnabled.c
32,226,A_must_review,OVRPlugin.OVRP_1_78_0$$ovrp_GetBodyTrackingSupported,03174c54,121,90_plus_uncertain_gaze_or_xr_structure_near_certain,eye_source; weak_source_state; validity_gate; paired_state_refs; telemetry,strong_eye_source_hits_2; weak_xr_or_state_hits_10; validity_or_gating_hits_19; paired_field_refs_with_eye_source; telemetry_or_network_hits_2; functionality_permission_setup; functionality_data_collection_or_telemetry_hits_2,base_scanner_score_121; module_bonus_validity_gate_8; module_bonus_paired_state_refs_8; module_bonus_telemetry_20; evidence_bonus_telemetry_or_network_hits_12; sensitive_sink_telemetry_bonus_15; keyword_support_eye_or_gaze_5_bonus_20; keyword_support_sdk_2_bonus_6; keyword_support_collection_or_telemetry_4_bonus_16,C:\realDesktop\manifest-evaluations\summer-26\ghidra-pipeline\il2cpp-files\SmashRoomVR\general-structure-results\90_plus_uncertain_gaze_or_xr_structure_near_certain\03174c54_OVRPlugin.OVRP_1_78_0$$ovrp_GetBodyTrackingSupported.c,C:\realDesktop\manifest-evaluations\summer-26\ghidra-pipeline\il2cpp-files\SmashRoomVR\manual-review-pack\A_must_review\032_p226_OVRPlugin.OVRP_1_78_0$$ovrp_GetBodyTrackingSupported.c
33,226,A_must_review,OVRPlugin.OVRP_1_78_0$$ovrp_GetBodyState,03174cd0,121,90_plus_uncertain_gaze_or_xr_structure_near_certain,eye_source; weak_source_state; validity_gate; paired_state_refs; telemetry,strong_eye_source_hits_2; weak_xr_or_state_hits_8; validity_or_gating_hits_19; paired_field_refs_with_eye_source; telemetry_or_network_hits_2; functionality_permission_setup; functionality_data_collection_or_telemetry_hits_2,base_scanner_score_121; module_bonus_validity_gate_8; module_bonus_paired_state_refs_8; module_bonus_telemetry_20; evidence_bonus_telemetry_or_network_hits_12; sensitive_sink_telemetry_bonus_15; keyword_support_eye_or_gaze_5_bonus_20; keyword_support_sdk_2_bonus_6; keyword_support_collection_or_telemetry_4_bonus_16,C:\realDesktop\manifest-evaluations\summer-26\ghidra-pipeline\il2cpp-files\SmashRoomVR\general-structure-results\90_plus_uncertain_gaze_or_xr_structure_near_certain\03174cd0_OVRPlugin.OVRP_1_78_0$$ovrp_GetBodyState.c,C:\realDesktop\manifest-evaluations\summer-26\ghidra-pipeline\il2cpp-files\SmashRoomVR\manual-review-pack\A_must_review\033_p226_OVRPlugin.OVRP_1_78_0$$ovrp_GetBodyState.c
34,226,A_must_review,OVRPlugin.OVRP_1_68_0$$ovrp_LoadRenderModel,03172a4c,121,90_plus_uncertain_gaze_or_xr_structure_near_certain,eye_source; weak_source_state; validity_gate; paired_state_refs; telemetry,strong_eye_source_hits_2; weak_xr_or_state_hits_6; validity_or_gating_hits_11; paired_field_refs_with_eye_source; telemetry_or_network_hits_2; functionality_permission_setup; functionality_data_collection_or_telemetry_hits_2,base_scanner_score_121; module_bonus_validity_gate_8; module_bonus_paired_state_refs_8; module_bonus_telemetry_20; evidence_bonus_telemetry_or_network_hits_12; sensitive_sink_telemetry_bonus_15; keyword_support_eye_or_gaze_5_bonus_20; keyword_support_sdk_2_bonus_6; keyword_support_collection_or_telemetry_4_bonus_16,C:\realDesktop\manifest-evaluations\summer-26\ghidra-pipeline\il2cpp-files\SmashRoomVR\general-structure-results\90_plus_uncertain_gaze_or_xr_structure_near_certain\03172a4c_OVRPlugin.OVRP_1_68_0$$ovrp_LoadRenderModel.c,C:\realDesktop\manifest-evaluations\summer-26\ghidra-pipeline\il2cpp-files\SmashRoomVR\manual-review-pack\A_must_review\034_p226_OVRPlugin.OVRP_1_68_0$$ovrp_LoadRenderModel.c
35,226,A_must_review,OVRPlugin.OVRP_1_1_0$$ovrp_GetUserEyeHeight,0316bd64,121,90_plus_uncertain_gaze_or_xr_structure_near_certain,eye_source; weak_source_state; validity_gate; paired_state_refs; telemetry,strong_eye_source_hits_2; weak_xr_or_state_hits_8; validity_or_gating_hits_8; paired_field_refs_with_eye_source; telemetry_or_network_hits_2; functionality_permission_setup; functionality_data_collection_or_telemetry_hits_2,base_scanner_score_121; module_bonus_validity_gate_8; module_bonus_paired_state_refs_8; module_bonus_telemetry_20; evidence_bonus_telemetry_or_network_hits_12; sensitive_sink_telemetry_bonus_15; keyword_support_eye_or_gaze_5_bonus_20; keyword_support_sdk_2_bonus_6; keyword_support_collection_or_telemetry_4_bonus_16,C:\realDesktop\manifest-evaluations\summer-26\ghidra-pipeline\il2cpp-files\SmashRoomVR\general-structure-results\90_plus_uncertain_gaze_or_xr_structure_near_certain\0316bd64_OVRPlugin.OVRP_1_1_0$$ovrp_GetUserEyeHeight.c,C:\realDesktop\manifest-evaluations\summer-26\ghidra-pipeline\il2cpp-files\SmashRoomVR\manual-review-pack\A_must_review\035_p226_OVRPlugin.OVRP_1_1_0$$ovrp_GetUserEyeHeight.c
36,226,A_must_review,OVRPlugin$$GetNodeFrustum2,03157034,121,90_plus_uncertain_gaze_or_xr_structure_near_certain,eye_source; weak_source_state; validity_gate; paired_state_refs; telemetry,strong_eye_source_hits_2; weak_xr_or_state_hits_6; validity_or_gating_hits_20; paired_field_refs_with_eye_source; telemetry_or_network_hits_2; functionality_permission_setup; functionality_data_collection_or_telemetry_hits_2,base_scanner_score_121; module_bonus_validity_gate_8; module_bonus_paired_state_refs_8; module_bonus_telemetry_20; evidence_bonus_telemetry_or_network_hits_12; sensitive_sink_telemetry_bonus_15; keyword_support_eye_or_gaze_5_bonus_20; keyword_support_sdk_2_bonus_6; keyword_support_collection_or_telemetry_4_bonus_16,C:\realDesktop\manifest-evaluations\summer-26\ghidra-pipeline\il2cpp-files\SmashRoomVR\general-structure-results\90_plus_uncertain_gaze_or_xr_structure_near_certain\03157034_OVRPlugin$$GetNodeFrustum2.c,C:\realDesktop\manifest-evaluations\summer-26\ghidra-pipeline\il2cpp-files\SmashRoomVR\manual-review-pack\A_must_review\036_p226_OVRPlugin$$GetNodeFrustum2.c
37,225,A_must_review,UnityEngine.UIElements.StylePropertyNameCollection.Enumerator$$Dispose,0398240c,86,70_high_general_structure_review_high,weak_source_state; validity_gate; pose_vector; paired_state_refs; ui_interaction; telemetry; structure_combo,weak_xr_or_state_hits_21; validity_or_gating_hits_21; strong_pose_or_ray_construction_hits_2; paired_field_refs_with_structure_only; ui_or_gameplay_sink_hits_12; telemetry_or_network_hits_4; source_validity_pose_sink_structure; negative_framework_namespace_without_eye_use_flow,base_scanner_score_86; module_bonus_validity_gate_8; module_bonus_pose_vector_10; module_bonus_paired_state_refs_8; module_bonus_ui_interaction_12; module_bonus_telemetry_20; module_bonus_structure_combo_18; evidence_bonus_telemetry_or_network_hits_12; sensitive_sink_telemetry_bonus_15; keyword_support_eye_or_gaze_2_bonus_8; keyword_support_sdk_4_bonus_12; keyword_support_collection_or_telemetry_4_bonus_16,C:\realDesktop\manifest-evaluations\summer-26\ghidra-pipeline\il2cpp-files\SmashRoomVR\general-structure-results\70_high_general_structure_review_high\0398240c_UnityEngine.UIElements.StylePropertyNameCollection.Enumerator$$Dispose.c,C:\realDesktop\manifest-evaluations\summer-26\ghidra-pipeline\il2cpp-files\SmashRoomVR\manual-review-pack\A_must_review\037_p225_UnityEngine.UIElements.StylePropertyNameCollection.Enumerator$$Dispose.c
38,225,A_must_review,UnityEngine.UIElements.NavigateFocusRing$$GetFocusChangeDirection,0398520c,86,70_high_general_structure_review_high,weak_source_state; validity_gate; pose_vector; paired_state_refs; ui_interaction; telemetry; structure_combo,weak_xr_or_state_hits_21; validity_or_gating_hits_21; strong_pose_or_ray_construction_hits_2; paired_field_refs_with_structure_only; ui_or_gameplay_sink_hits_12; telemetry_or_network_hits_4; source_validity_pose_sink_structure; negative_framework_namespace_without_eye_use_flow; functionality_data_collection_or_telemetry_hits_4,base_scanner_score_86; module_bonus_validity_gate_8; module_bonus_pose_vector_10; module_bonus_paired_state_refs_8; module_bonus_ui_interaction_12; module_bonus_telemetry_20; module_bonus_structure_combo_18; evidence_bonus_telemetry_or_network_hits_12; sensitive_sink_telemetry_bonus_15; keyword_support_eye_or_gaze_2_bonus_8; keyword_support_sdk_4_bonus_12; keyword_support_collection_or_telemetry_4_bonus_16,C:\realDesktop\manifest-evaluations\summer-26\ghidra-pipeline\il2cpp-files\SmashRoomVR\general-structure-results\70_high_general_structure_review_high\0398520c_UnityEngine.UIElements.NavigateFocusRing$$GetFocusChangeDirection.c,C:\realDesktop\manifest-evaluations\summer-26\ghidra-pipeline\il2cpp-files\SmashRoomVR\manual-review-pack\A_must_review\038_p225_UnityEngine.UIElements.NavigateFocusRing$$GetFocusChangeDirection.c
39,225,A_must_review,UnityEngine.UIElements.FocusController$$FocusNextInDirection,039845a8,86,70_high_general_structure_review_high,weak_source_state; validity_gate; pose_vector; paired_state_refs; ui_interaction; telemetry; structure_combo,weak_xr_or_state_hits_21; validity_or_gating_hits_21; strong_pose_or_ray_construction_hits_2; paired_field_refs_with_structure_only; ui_or_gameplay_sink_hits_12; telemetry_or_network_hits_4; source_validity_pose_sink_structure; negative_framework_namespace_without_eye_use_flow; functionality_data_collection_or_telemetry_hits_4,base_scanner_score_86; module_bonus_validity_gate_8; module_bonus_pose_vector_10; module_bonus_paired_state_refs_8; module_bonus_ui_interaction_12; module_bonus_telemetry_20; module_bonus_structure_combo_18; evidence_bonus_telemetry_or_network_hits_12; sensitive_sink_telemetry_bonus_15; keyword_support_eye_or_gaze_2_bonus_8; keyword_support_sdk_4_bonus_12; keyword_support_collection_or_telemetry_4_bonus_16,C:\realDesktop\manifest-evaluations\summer-26\ghidra-pipeline\il2cpp-files\SmashRoomVR\general-structure-results\70_high_general_structure_review_high\039845a8_UnityEngine.UIElements.FocusController$$FocusNextInDirection.c,C:\realDesktop\manifest-evaluations\summer-26\ghidra-pipeline\il2cpp-files\SmashRoomVR\manual-review-pack\A_must_review\039_p225_UnityEngine.UIElements.FocusController$$FocusNextInDirection.c
40,223,A_must_review,"System.Collections.Generic.Dictionary.ValueCollection<object,-PokeInteractor.SurfaceHitCache.HitInfo>$$System.Collections.Generic.ICollection<TValue>.get_IsReadOnly",02155768,89,70_high_general_structure_review_high,weak_source_state; validity_gate; pose_vector; paired_state_refs; ray_interaction; telemetry; structure_combo,weak_xr_or_state_hits_6; validity_or_gating_hits_9; strong_pose_or_ray_construction_hits_1; paired_field_refs_with_structure_only; ray_or_cast_sink_hits_2; telemetry_or_network_hits_3; source_validity_pose_sink_structure; negative_generic_transform_raycast_without_eye_source_or_attempt; cap_below_near_certain_without_eye_anchor_or_ordered_structure,base_scanner_score_89; module_bonus_validity_gate_8; module_bonus_pose_vector_10; module_bonus_paired_state_refs_8; module_bonus_ray_interaction_15; module_bonus_telemetry_20; module_bonus_structure_combo_18; evidence_bonus_telemetry_or_network_hits_12; sensitive_sink_telemetry_bonus_15; keyword_support_eye_or_gaze_3_bonus_12; keyword_support_collection_or_telemetry_4_bonus_16,C:\realDesktop\manifest-evaluations\summer-26\ghidra-pipeline\il2cpp-files\SmashRoomVR\general-structure-results\70_high_general_structure_review_high\02155768_System.Collections.Generic.Dictionary.ValueCollection_object_-PokeInteractor.SurfaceHitCache.HitInfo_$$System.Collections.Generic.ICollection_TValue_.get_IsReadOnly.c,C:\realDesktop\manifest-evaluations\summer-26\ghidra-pipeline\il2cpp-files\SmashRoomVR\manual-review-pack\A_must_review\040_p223_System.Collections.Generic.Dictionary.ValueCollection_object_-PokeInteractor.SurfaceHitCache.HitInfo_$$System.Collections.Generic.ICollection_TValue_.get_IsRead.c
41,223,A_must_review,"System.Collections.Generic.Dictionary.ValueCollection<object,-PokeInteractor.SurfaceHitCache.HitInfo>$$System.Collections.Generic.ICollection<TValue>.Remove",0215577c,89,70_high_general_structure_review_high,weak_source_state; validity_gate; pose_vector; paired_state_refs; ray_interaction; telemetry; structure_combo,weak_xr_or_state_hits_6; validity_or_gating_hits_9; strong_pose_or_ray_construction_hits_1; paired_field_refs_with_structure_only; ray_or_cast_sink_hits_2; telemetry_or_network_hits_3; source_validity_pose_sink_structure; negative_generic_transform_raycast_without_eye_source_or_attempt; cap_below_near_certain_without_eye_anchor_or_ordered_structure,base_scanner_score_89; module_bonus_validity_gate_8; module_bonus_pose_vector_10; module_bonus_paired_state_refs_8; module_bonus_ray_interaction_15; module_bonus_telemetry_20; module_bonus_structure_combo_18; evidence_bonus_telemetry_or_network_hits_12; sensitive_sink_telemetry_bonus_15; keyword_support_eye_or_gaze_3_bonus_12; keyword_support_collection_or_telemetry_4_bonus_16,C:\realDesktop\manifest-evaluations\summer-26\ghidra-pipeline\il2cpp-files\SmashRoomVR\general-structure-results\70_high_general_structure_review_high\0215577c_System.Collections.Generic.Dictionary.ValueCollection_object_-PokeInteractor.SurfaceHitCache.HitInfo_$$System.Collections.Generic.ICollection_TValue_.Remove.c,C:\realDesktop\manifest-evaluations\summer-26\ghidra-pipeline\il2cpp-files\SmashRoomVR\manual-review-pack\A_must_review\041_p223_System.Collections.Generic.Dictionary.ValueCollection_object_-PokeInteractor.SurfaceHitCache.HitInfo_$$System.Collections.Generic.ICollection_TValue_.Remove.c
42,223,A_must_review,"System.Collections.Generic.Dictionary.ValueCollection<object,-PokeInteractor.SurfaceHitCache.HitInfo>$$System.Collections.Generic.ICollection<TValue>.Add",02155770,89,70_high_general_structure_review_high,weak_source_state; validity_gate; pose_vector; paired_state_refs; ray_interaction; telemetry; structure_combo,weak_xr_or_state_hits_6; validity_or_gating_hits_9; strong_pose_or_ray_construction_hits_1; paired_field_refs_with_structure_only; ray_or_cast_sink_hits_2; telemetry_or_network_hits_3; source_validity_pose_sink_structure; negative_generic_transform_raycast_without_eye_source_or_attempt; cap_below_near_certain_without_eye_anchor_or_ordered_structure,base_scanner_score_89; module_bonus_validity_gate_8; module_bonus_pose_vector_10; module_bonus_paired_state_refs_8; module_bonus_ray_interaction_15; module_bonus_telemetry_20; module_bonus_structure_combo_18; evidence_bonus_telemetry_or_network_hits_12; sensitive_sink_telemetry_bonus_15; keyword_support_eye_or_gaze_3_bonus_12; keyword_support_collection_or_telemetry_4_bonus_16,C:\realDesktop\manifest-evaluations\summer-26\ghidra-pipeline\il2cpp-files\SmashRoomVR\general-structure-results\70_high_general_structure_review_high\02155770_System.Collections.Generic.Dictionary.ValueCollection_object_-PokeInteractor.SurfaceHitCache.HitInfo_$$System.Collections.Generic.ICollection_TValue_.Add.c,C:\realDesktop\manifest-evaluations\summer-26\ghidra-pipeline\il2cpp-files\SmashRoomVR\manual-review-pack\A_must_review\042_p223_System.Collections.Generic.Dictionary.ValueCollection_object_-PokeInteractor.SurfaceHitCache.HitInfo_$$System.Collections.Generic.ICollection_TValue_.Add.c
43,223,A_must_review,FUN_0395002c,0395002c,89,70_high_general_structure_review_high,weak_source_state; validity_gate; pose_vector; paired_state_refs; ray_interaction; telemetry; structure_combo,weak_xr_or_state_hits_4; validity_or_gating_hits_21; strong_pose_or_ray_construction_hits_4; paired_field_refs_with_structure_only; ray_or_cast_sink_hits_4; telemetry_or_network_hits_2; source_validity_pose_sink_structure; negative_generic_transform_raycast_without_eye_source_or_attempt; cap_below_near_certain_without_eye_anchor_or_ordered_structure,base_scanner_score_89; module_bonus_validity_gate_8; module_bonus_pose_vector_10; module_bonus_paired_state_refs_8; module_bonus_ray_interaction_15; module_bonus_telemetry_20; module_bonus_structure_combo_18; evidence_bonus_telemetry_or_network_hits_12; sensitive_sink_telemetry_bonus_15; keyword_support_eye_or_gaze_3_bonus_12; keyword_support_collection_or_telemetry_4_bonus_16,C:\realDesktop\manifest-evaluations\summer-26\ghidra-pipeline\il2cpp-files\SmashRoomVR\general-structure-results\70_high_general_structure_review_high\0395002c_FUN_0395002c.c,C:\realDesktop\manifest-evaluations\summer-26\ghidra-pipeline\il2cpp-files\SmashRoomVR\manual-review-pack\A_must_review\043_p223_FUN_0395002c.c
44,221,A_must_review,OVRPlugin.OVRP_1_68_0$$ovrp_GetRenderModelPaths,03172ae8,116,90_plus_uncertain_gaze_or_xr_structure_near_certain,eye_source; weak_source_state; validity_gate; paired_state_refs; telemetry,strong_eye_source_hits_2; weak_xr_or_state_hits_4; validity_or_gating_hits_8; paired_field_refs_with_eye_source; telemetry_or_network_hits_1; functionality_permission_setup; functionality_data_collection_or_telemetry_hits_1,base_scanner_score_116; module_bonus_validity_gate_8; module_bonus_paired_state_refs_8; module_bonus_telemetry_20; evidence_bonus_telemetry_or_network_hits_12; sensitive_sink_telemetry_bonus_15; keyword_support_eye_or_gaze_5_bonus_20; keyword_support_sdk_2_bonus_6; keyword_support_collection_or_telemetry_4_bonus_16,C:\realDesktop\manifest-evaluations\summer-26\ghidra-pipeline\il2cpp-files\SmashRoomVR\general-structure-results\90_plus_uncertain_gaze_or_xr_structure_near_certain\03172ae8_OVRPlugin.OVRP_1_68_0$$ovrp_GetRenderModelPaths.c,C:\realDesktop\manifest-evaluations\summer-26\ghidra-pipeline\il2cpp-files\SmashRoomVR\manual-review-pack\A_must_review\044_p221_OVRPlugin.OVRP_1_68_0$$ovrp_GetRenderModelPaths.c
45,221,A_must_review,OVRPlugin.OVRP_1_65_0$$ovrp_KtxTextureSize,031685a8,116,90_plus_uncertain_gaze_or_xr_structure_near_certain,eye_source; weak_source_state; validity_gate; paired_state_refs; telemetry,strong_eye_source_hits_2; weak_xr_or_state_hits_4; validity_or_gating_hits_12; paired_field_refs_with_eye_source; telemetry_or_network_hits_1; functionality_permission_setup; functionality_data_collection_or_telemetry_hits_1,base_scanner_score_116; module_bonus_validity_gate_8; module_bonus_paired_state_refs_8; module_bonus_telemetry_20; evidence_bonus_telemetry_or_network_hits_12; sensitive_sink_telemetry_bonus_15; keyword_support_eye_or_gaze_5_bonus_20; keyword_support_sdk_2_bonus_6; keyword_support_collection_or_telemetry_4_bonus_16,C:\realDesktop\manifest-evaluations\summer-26\ghidra-pipeline\il2cpp-files\SmashRoomVR\general-structure-results\90_plus_uncertain_gaze_or_xr_structure_near_certain\031685a8_OVRPlugin.OVRP_1_65_0$$ovrp_KtxTextureSize.c,C:\realDesktop\manifest-evaluations\summer-26\ghidra-pipeline\il2cpp-files\SmashRoomVR\manual-review-pack\A_must_review\045_p221_OVRPlugin.OVRP_1_65_0$$ovrp_KtxTextureSize.c
46,221,A_must_review,OVRManager$$remove_SpaceEraseComplete,031353d0,116,90_plus_uncertain_gaze_or_xr_structure_near_certain,eye_source; weak_source_state; validity_gate; paired_state_refs; telemetry,strong_eye_source_hits_2; weak_xr_or_state_hits_4; validity_or_gating_hits_4; paired_field_refs_with_eye_source; telemetry_or_network_hits_1; functionality_permission_setup; functionality_data_collection_or_telemetry_hits_1,base_scanner_score_116; module_bonus_validity_gate_8; module_bonus_paired_state_refs_8; module_bonus_telemetry_20; evidence_bonus_telemetry_or_network_hits_12; sensitive_sink_telemetry_bonus_15; keyword_support_eye_or_gaze_5_bonus_20; keyword_support_sdk_2_bonus_6; keyword_support_collection_or_telemetry_4_bonus_16,C:\realDesktop\manifest-evaluations\summer-26\ghidra-pipeline\il2cpp-files\SmashRoomVR\general-structure-results\90_plus_uncertain_gaze_or_xr_structure_near_certain\031353d0_OVRManager$$remove_SpaceEraseComplete.c,C:\realDesktop\manifest-evaluations\summer-26\ghidra-pipeline\il2cpp-files\SmashRoomVR\manual-review-pack\A_must_review\046_p221_OVRManager$$remove_SpaceEraseComplete.c
47,221,A_must_review,OVRManager$$get_sdkVersion,03138d3c,116,90_plus_uncertain_gaze_or_xr_structure_near_certain,eye_source; weak_source_state; validity_gate; paired_state_refs; telemetry,strong_eye_source_hits_2; weak_xr_or_state_hits_4; validity_or_gating_hits_5; paired_field_refs_with_eye_source; telemetry_or_network_hits_1; functionality_permission_setup; functionality_data_collection_or_telemetry_hits_1,base_scanner_score_116; module_bonus_validity_gate_8; module_bonus_paired_state_refs_8; module_bonus_telemetry_20; evidence_bonus_telemetry_or_network_hits_12; sensitive_sink_telemetry_bonus_15; keyword_support_eye_or_gaze_5_bonus_20; keyword_support_sdk_2_bonus_6; keyword_support_collection_or_telemetry_4_bonus_16,C:\realDesktop\manifest-evaluations\summer-26\ghidra-pipeline\il2cpp-files\SmashRoomVR\general-structure-results\90_plus_uncertain_gaze_or_xr_structure_near_certain\03138d3c_OVRManager$$get_sdkVersion.c,C:\realDesktop\manifest-evaluations\summer-26\ghidra-pipeline\il2cpp-files\SmashRoomVR\manual-review-pack\A_must_review\047_p221_OVRManager$$get_sdkVersion.c
48,221,A_must_review,OVRManager$$get_pluginVersion,03138cec,116,90_plus_uncertain_gaze_or_xr_structure_near_certain,eye_source; weak_source_state; validity_gate; paired_state_refs; telemetry,strong_eye_source_hits_2; weak_xr_or_state_hits_4; validity_or_gating_hits_6; paired_field_refs_with_eye_source; telemetry_or_network_hits_1; functionality_permission_setup; functionality_data_collection_or_telemetry_hits_1,base_scanner_score_116; module_bonus_validity_gate_8; module_bonus_paired_state_refs_8; module_bonus_telemetry_20; evidence_bonus_telemetry_or_network_hits_12; sensitive_sink_telemetry_bonus_15; keyword_support_eye_or_gaze_5_bonus_20; keyword_support_sdk_2_bonus_6; keyword_support_collection_or_telemetry_4_bonus_16,C:\realDesktop\manifest-evaluations\summer-26\ghidra-pipeline\il2cpp-files\SmashRoomVR\general-structure-results\90_plus_uncertain_gaze_or_xr_structure_near_certain\03138cec_OVRManager$$get_pluginVersion.c,C:\realDesktop\manifest-evaluations\summer-26\ghidra-pipeline\il2cpp-files\SmashRoomVR\manual-review-pack\A_must_review\048_p221_OVRManager$$get_pluginVersion.c
49,221,A_must_review,OVRManager$$UseExternalCompositionFromCmd,03138efc,116,90_plus_uncertain_gaze_or_xr_structure_near_certain,eye_source; weak_source_state; validity_gate; paired_state_refs; telemetry,strong_eye_source_hits_2; weak_xr_or_state_hits_4; validity_or_gating_hits_21; paired_field_refs_with_eye_source; telemetry_or_network_hits_1; functionality_permission_setup; functionality_data_collection_or_telemetry_hits_1,base_scanner_score_116; module_bonus_validity_gate_8; module_bonus_paired_state_refs_8; module_bonus_telemetry_20; evidence_bonus_telemetry_or_network_hits_12; sensitive_sink_telemetry_bonus_15; keyword_support_eye_or_gaze_5_bonus_20; keyword_support_sdk_2_bonus_6; keyword_support_collection_or_telemetry_4_bonus_16,C:\realDesktop\manifest-evaluations\summer-26\ghidra-pipeline\il2cpp-files\SmashRoomVR\general-structure-results\90_plus_uncertain_gaze_or_xr_structure_near_certain\03138efc_OVRManager$$UseExternalCompositionFromCmd.c,C:\realDesktop\manifest-evaluations\summer-26\ghidra-pipeline\il2cpp-files\SmashRoomVR\manual-review-pack\A_must_review\049_p221_OVRManager$$UseExternalCompositionFromCmd.c
50,221,A_must_review,OVRManager$$LoadMixedRealityCaptureConfigurationFileFromCmd,0313906c,116,90_plus_uncertain_gaze_or_xr_structure_near_certain,eye_source; weak_source_state; validity_gate; paired_state_refs; telemetry,strong_eye_source_hits_2; weak_xr_or_state_hits_4; validity_or_gating_hits_16; paired_field_refs_with_eye_source; telemetry_or_network_hits_1; functionality_permission_setup; functionality_data_collection_or_telemetry_hits_1,base_scanner_score_116; module_bonus_validity_gate_8; module_bonus_paired_state_refs_8; module_bonus_telemetry_20; evidence_bonus_telemetry_or_network_hits_12; sensitive_sink_telemetry_bonus_15; keyword_support_eye_or_gaze_5_bonus_20; keyword_support_sdk_2_bonus_6; keyword_support_collection_or_telemetry_4_bonus_16,C:\realDesktop\manifest-evaluations\summer-26\ghidra-pipeline\il2cpp-files\SmashRoomVR\general-structure-results\90_plus_uncertain_gaze_or_xr_structure_near_certain\0313906c_OVRManager$$LoadMixedRealityCaptureConfigurationFileFromCmd.c,C:\realDesktop\manifest-evaluations\summer-26\ghidra-pipeline\il2cpp-files\SmashRoomVR\manual-review-pack\A_must_review\050_p221_OVRManager$$LoadMixedRealityCaptureConfigurationFileFromCmd.c
51,221,A_must_review,OVRManager$$IsUnityAlphaOrBetaVersion,03139124,116,90_plus_uncertain_gaze_or_xr_structure_near_certain,eye_source; weak_source_state; validity_gate; paired_state_refs; telemetry,strong_eye_source_hits_2; weak_xr_or_state_hits_4; validity_or_gating_hits_14; paired_field_refs_with_eye_source; telemetry_or_network_hits_1; functionality_permission_setup; functionality_data_collection_or_telemetry_hits_1,base_scanner_score_116; module_bonus_validity_gate_8; module_bonus_paired_state_refs_8; module_bonus_telemetry_20; evidence_bonus_telemetry_or_network_hits_12; sensitive_sink_telemetry_bonus_15; keyword_support_eye_or_gaze_5_bonus_20; keyword_support_sdk_2_bonus_6; keyword_support_collection_or_telemetry_4_bonus_16,C:\realDesktop\manifest-evaluations\summer-26\ghidra-pipeline\il2cpp-files\SmashRoomVR\general-structure-results\90_plus_uncertain_gaze_or_xr_structure_near_certain\03139124_OVRManager$$IsUnityAlphaOrBetaVersion.c,C:\realDesktop\manifest-evaluations\summer-26\ghidra-pipeline\il2cpp-files\SmashRoomVR\manual-review-pack\A_must_review\051_p221_OVRManager$$IsUnityAlphaOrBetaVersion.c
52,221,A_must_review,OVRManager$$CreateMixedRealityCaptureConfigurationFileFromCmd,03138fb4,116,90_plus_uncertain_gaze_or_xr_structure_near_certain,eye_source; weak_source_state; validity_gate; paired_state_refs; telemetry,strong_eye_source_hits_2; weak_xr_or_state_hits_4; validity_or_gating_hits_17; paired_field_refs_with_eye_source; telemetry_or_network_hits_1; functionality_permission_setup; functionality_data_collection_or_telemetry_hits_1,base_scanner_score_116; module_bonus_validity_gate_8; module_bonus_paired_state_refs_8; module_bonus_telemetry_20; evidence_bonus_telemetry_or_network_hits_12; sensitive_sink_telemetry_bonus_15; keyword_support_eye_or_gaze_5_bonus_20; keyword_support_sdk_2_bonus_6; keyword_support_collection_or_telemetry_4_bonus_16,C:\realDesktop\manifest-evaluations\summer-26\ghidra-pipeline\il2cpp-files\SmashRoomVR\general-structure-results\90_plus_uncertain_gaze_or_xr_structure_near_certain\03138fb4_OVRManager$$CreateMixedRealityCaptureConfigurationFileFromCmd.c,C:\realDesktop\manifest-evaluations\summer-26\ghidra-pipeline\il2cpp-files\SmashRoomVR\manual-review-pack\A_must_review\052_p221_OVRManager$$CreateMixedRealityCaptureConfigurationFileFromCmd.c
53,221,A_must_review,OVRInput.OVRControllerGamepadPC$$ConfigureButtonMap,03132980,89,70_high_likely_false_positive_high,weak_source_state; validity_gate; pose_vector; paired_state_refs; ui_interaction; telemetry; frame_behavior; structure_combo,weak_xr_or_state_hits_4; validity_or_gating_hits_16; strong_pose_or_ray_construction_hits_1; paired_field_refs_with_structure_only; ui_or_gameplay_sink_hits_2; telemetry_or_network_hits_2; frame_or_lifecycle_behavior; source_validity_pose_sink_structure; cap_below_near_certain_without_eye_anchor_or_ordered_structure,base_scanner_score_89; module_bonus_validity_gate_8; module_bonus_pose_vector_10; module_bonus_paired_state_refs_8; module_bonus_ui_interaction_12; module_bonus_telemetry_20; module_bonus_frame_behavior_5; module_bonus_structure_combo_18; evidence_bonus_telemetry_or_network_hits_12; sensitive_sink_telemetry_bonus_15; keyword_support_eye_or_gaze_2_bonus_8; keyword_support_collection_or_telemetry_4_bonus_16,C:\realDesktop\manifest-evaluations\summer-26\ghidra-pipeline\il2cpp-files\SmashRoomVR\general-structure-results\70_high_likely_false_positive_high\03132980_OVRInput.OVRControllerGamepadPC$$ConfigureButtonMap.c,C:\realDesktop\manifest-evaluations\summer-26\ghidra-pipeline\il2cpp-files\SmashRoomVR\manual-review-pack\A_must_review\053_p221_OVRInput.OVRControllerGamepadPC$$ConfigureButtonMap.c
54,221,A_must_review,FUN_033b5bcc,033b5bcc,89,70_high_general_structure_review_high,weak_source_state; validity_gate; pose_vector; paired_state_refs; ui_interaction; telemetry; frame_behavior; structure_combo,weak_xr_or_state_hits_4; validity_or_gating_hits_21; strong_pose_or_ray_construction_hits_4; paired_field_refs_with_structure_only; ui_or_gameplay_sink_hits_2; telemetry_or_network_hits_2; frame_or_lifecycle_behavior; source_validity_pose_sink_structure; cap_below_near_certain_without_eye_anchor_or_ordered_structure,base_scanner_score_89; module_bonus_validity_gate_8; module_bonus_pose_vector_10; module_bonus_paired_state_refs_8; module_bonus_ui_interaction_12; module_bonus_telemetry_20; module_bonus_frame_behavior_5; module_bonus_structure_combo_18; evidence_bonus_telemetry_or_network_hits_12; sensitive_sink_telemetry_bonus_15; keyword_support_eye_or_gaze_2_bonus_8; keyword_support_collection_or_telemetry_4_bonus_16,C:\realDesktop\manifest-evaluations\summer-26\ghidra-pipeline\il2cpp-files\SmashRoomVR\general-structure-results\70_high_general_structure_review_high\033b5bcc_FUN_033b5bcc.c,C:\realDesktop\manifest-evaluations\summer-26\ghidra-pipeline\il2cpp-files\SmashRoomVR\manual-review-pack\A_must_review\054_p221_FUN_033b5bcc.c
55,221,A_must_review,UnityEngine.UIElements.FocusChangeDirection$$op_Implicit,0398385c,82,70_high_general_structure_review_high,weak_source_state; validity_gate; pose_vector; paired_state_refs; ui_interaction; telemetry; structure_combo,weak_xr_or_state_hits_21; validity_or_gating_hits_21; strong_pose_or_ray_construction_hits_1; paired_field_refs_with_structure_only; ui_or_gameplay_sink_hits_12; telemetry_or_network_hits_4; source_validity_pose_sink_structure; negative_framework_namespace_without_eye_use_flow; functionality_data_collection_or_telemetry_hits_4,base_scanner_score_82; module_bonus_validity_gate_8; module_bonus_pose_vector_10; module_bonus_paired_state_refs_8; module_bonus_ui_interaction_12; module_bonus_telemetry_20; module_bonus_structure_combo_18; evidence_bonus_telemetry_or_network_hits_12; sensitive_sink_telemetry_bonus_15; keyword_support_eye_or_gaze_2_bonus_8; keyword_support_sdk_4_bonus_12; keyword_support_collection_or_telemetry_4_bonus_16,C:\realDesktop\manifest-evaluations\summer-26\ghidra-pipeline\il2cpp-files\SmashRoomVR\general-structure-results\70_high_general_structure_review_high\0398385c_UnityEngine.UIElements.FocusChangeDirection$$op_Implicit.c,C:\realDesktop\manifest-evaluations\summer-26\ghidra-pipeline\il2cpp-files\SmashRoomVR\manual-review-pack\A_must_review\055_p221_UnityEngine.UIElements.FocusChangeDirection$$op_Implicit.c
56,221,A_must_review,UnityEngine.UIElements.FocusChangeDirection$$get_unspecified,0398372c,82,70_high_general_structure_review_high,weak_source_state; validity_gate; pose_vector; paired_state_refs; ui_interaction; telemetry; structure_combo,weak_xr_or_state_hits_21; validity_or_gating_hits_21; strong_pose_or_ray_construction_hits_1; paired_field_refs_with_structure_only; ui_or_gameplay_sink_hits_10; telemetry_or_network_hits_4; source_validity_pose_sink_structure; negative_framework_namespace_without_eye_use_flow; functionality_data_collection_or_telemetry_hits_4,base_scanner_score_82; module_bonus_validity_gate_8; module_bonus_pose_vector_10; module_bonus_paired_state_refs_8; module_bonus_ui_interaction_12; module_bonus_telemetry_20; module_bonus_structure_combo_18; evidence_bonus_telemetry_or_network_hits_12; sensitive_sink_telemetry_bonus_15; keyword_support_eye_or_gaze_2_bonus_8; keyword_support_sdk_4_bonus_12; keyword_support_collection_or_telemetry_4_bonus_16,C:\realDesktop\manifest-evaluations\summer-26\ghidra-pipeline\il2cpp-files\SmashRoomVR\general-structure-results\70_high_general_structure_review_high\0398372c_UnityEngine.UIElements.FocusChangeDirection$$get_unspecified.c,C:\realDesktop\manifest-evaluations\summer-26\ghidra-pipeline\il2cpp-files\SmashRoomVR\manual-review-pack\A_must_review\056_p221_UnityEngine.UIElements.FocusChangeDirection$$get_unspecified.c
57,221,A_must_review,UnityEngine.UIElements.FocusChangeDirection$$get_none,03983784,82,70_high_general_structure_review_high,weak_source_state; validity_gate; pose_vector; paired_state_refs; ui_interaction; telemetry; structure_combo,weak_xr_or_state_hits_21; validity_or_gating_hits_21; strong_pose_or_ray_construction_hits_1; paired_field_refs_with_structure_only; ui_or_gameplay_sink_hits_16; telemetry_or_network_hits_4; source_validity_pose_sink_structure; negative_framework_namespace_without_eye_use_flow; functionality_data_collection_or_telemetry_hits_4,base_scanner_score_82; module_bonus_validity_gate_8; module_bonus_pose_vector_10; module_bonus_paired_state_refs_8; module_bonus_ui_interaction_12; module_bonus_telemetry_20; module_bonus_structure_combo_18; evidence_bonus_telemetry_or_network_hits_12; sensitive_sink_telemetry_bonus_15; keyword_support_eye_or_gaze_2_bonus_8; keyword_support_sdk_4_bonus_12; keyword_support_collection_or_telemetry_4_bonus_16,C:\realDesktop\manifest-evaluations\summer-26\ghidra-pipeline\il2cpp-files\SmashRoomVR\general-structure-results\70_high_general_structure_review_high\03983784_UnityEngine.UIElements.FocusChangeDirection$$get_none.c,C:\realDesktop\manifest-evaluations\summer-26\ghidra-pipeline\il2cpp-files\SmashRoomVR\manual-review-pack\A_must_review\057_p221_UnityEngine.UIElements.FocusChangeDirection$$get_none.c
58,221,A_must_review,UnityEngine.UIElements.FocusChangeDirection$$get_lastValue,039837dc,82,70_high_general_structure_review_high,weak_source_state; validity_gate; pose_vector; paired_state_refs; ui_interaction; telemetry; structure_combo,weak_xr_or_state_hits_21; validity_or_gating_hits_21; strong_pose_or_ray_construction_hits_1; paired_field_refs_with_structure_only; ui_or_gameplay_sink_hits_16; telemetry_or_network_hits_4; source_validity_pose_sink_structure; negative_framework_namespace_without_eye_use_flow; functionality_data_collection_or_telemetry_hits_4,base_scanner_score_82; module_bonus_validity_gate_8; module_bonus_pose_vector_10; module_bonus_paired_state_refs_8; module_bonus_ui_interaction_12; module_bonus_telemetry_20; module_bonus_structure_combo_18; evidence_bonus_telemetry_or_network_hits_12; sensitive_sink_telemetry_bonus_15; keyword_support_eye_or_gaze_2_bonus_8; keyword_support_sdk_4_bonus_12; keyword_support_collection_or_telemetry_4_bonus_16,C:\realDesktop\manifest-evaluations\summer-26\ghidra-pipeline\il2cpp-files\SmashRoomVR\general-structure-results\70_high_general_structure_review_high\039837dc_UnityEngine.UIElements.FocusChangeDirection$$get_lastValue.c,C:\realDesktop\manifest-evaluations\summer-26\ghidra-pipeline\il2cpp-files\SmashRoomVR\manual-review-pack\A_must_review\058_p221_UnityEngine.UIElements.FocusChangeDirection$$get_lastValue.c
59,221,A_must_review,UnityEngine.UIElements.FocusChangeDirection$$ApplyTo,03983878,82,70_high_general_structure_review_high,weak_source_state; validity_gate; pose_vector; paired_state_refs; ui_interaction; telemetry; structure_combo,weak_xr_or_state_hits_21; validity_or_gating_hits_21; strong_pose_or_ray_construction_hits_1; paired_field_refs_with_structure_only; ui_or_gameplay_sink_hits_12; telemetry_or_network_hits_4; source_validity_pose_sink_structure; negative_framework_namespace_without_eye_use_flow; functionality_data_collection_or_telemetry_hits_4,base_scanner_score_82; module_bonus_validity_gate_8; module_bonus_pose_vector_10; module_bonus_paired_state_refs_8; module_bonus_ui_interaction_12; module_bonus_telemetry_20; module_bonus_structure_combo_18; evidence_bonus_telemetry_or_network_hits_12; sensitive_sink_telemetry_bonus_15; keyword_support_eye_or_gaze_2_bonus_8; keyword_support_sdk_4_bonus_12; keyword_support_collection_or_telemetry_4_bonus_16,C:\realDesktop\manifest-evaluations\summer-26\ghidra-pipeline\il2cpp-files\SmashRoomVR\general-structure-results\70_high_general_structure_review_high\03983878_UnityEngine.UIElements.FocusChangeDirection$$ApplyTo.c,C:\realDesktop\manifest-evaluations\summer-26\ghidra-pipeline\il2cpp-files\SmashRoomVR\manual-review-pack\A_must_review\059_p221_UnityEngine.UIElements.FocusChangeDirection$$ApplyTo.c
60,221,A_must_review,UnityEngine.UIElements.FocusChangeDirection$$.ctor,03983834,82,70_high_general_structure_review_high,weak_source_state; validity_gate; pose_vector; paired_state_refs; ui_interaction; telemetry; structure_combo,weak_xr_or_state_hits_21; validity_or_gating_hits_21; strong_pose_or_ray_construction_hits_1; paired_field_refs_with_structure_only; ui_or_gameplay_sink_hits_10; telemetry_or_network_hits_4; source_validity_pose_sink_structure; negative_framework_namespace_without_eye_use_flow; functionality_data_collection_or_telemetry_hits_4,base_scanner_score_82; module_bonus_validity_gate_8; module_bonus_pose_vector_10; module_bonus_paired_state_refs_8; module_bonus_ui_interaction_12; module_bonus_telemetry_20; module_bonus_structure_combo_18; evidence_bonus_telemetry_or_network_hits_12; sensitive_sink_telemetry_bonus_15; keyword_support_eye_or_gaze_2_bonus_8; keyword_support_sdk_4_bonus_12; keyword_support_collection_or_telemetry_4_bonus_16,C:\realDesktop\manifest-evaluations\summer-26\ghidra-pipeline\il2cpp-files\SmashRoomVR\general-structure-results\70_high_general_structure_review_high\03983834_UnityEngine.UIElements.FocusChangeDirection$$.ctor.c,C:\realDesktop\manifest-evaluations\summer-26\ghidra-pipeline\il2cpp-files\SmashRoomVR\manual-review-pack\A_must_review\060_p221_UnityEngine.UIElements.FocusChangeDirection$$.ctor.c
61,221,A_must_review,UnityEngine.UIElements.FocusChangeDirection$$.cctor,03983b60,82,70_high_general_structure_review_high,weak_source_state; validity_gate; pose_vector; paired_state_refs; ui_interaction; telemetry; structure_combo,weak_xr_or_state_hits_21; validity_or_gating_hits_21; strong_pose_or_ray_construction_hits_1; paired_field_refs_with_structure_only; ui_or_gameplay_sink_hits_14; telemetry_or_network_hits_4; source_validity_pose_sink_structure; negative_framework_namespace_without_eye_use_flow; functionality_data_collection_or_telemetry_hits_4,base_scanner_score_82; module_bonus_validity_gate_8; module_bonus_pose_vector_10; module_bonus_paired_state_refs_8; module_bonus_ui_interaction_12; module_bonus_telemetry_20; module_bonus_structure_combo_18; evidence_bonus_telemetry_or_network_hits_12; sensitive_sink_telemetry_bonus_15; keyword_support_eye_or_gaze_2_bonus_8; keyword_support_sdk_4_bonus_12; keyword_support_collection_or_telemetry_4_bonus_16,C:\realDesktop\manifest-evaluations\summer-26\ghidra-pipeline\il2cpp-files\SmashRoomVR\general-structure-results\70_high_general_structure_review_high\03983b60_UnityEngine.UIElements.FocusChangeDirection$$.cctor.c,C:\realDesktop\manifest-evaluations\summer-26\ghidra-pipeline\il2cpp-files\SmashRoomVR\manual-review-pack\A_must_review\061_p221_UnityEngine.UIElements.FocusChangeDirection$$.cctor.c
62,219,A_must_review,System.Array$$InternalArray__get_Item<OVRPlugin.EyeGazeState>,01cc535c,167,90_plus_confirmed_gaze_retrieval_near_certain,eye_source; weak_source_state; validity_gate; pose_vector; paired_state_refs; attempted_use; active_gaze_retrieval,strong_eye_source_hits_4; weak_xr_or_state_hits_2; validity_or_gating_hits_10; strong_pose_or_ray_construction_hits_2; paired_field_refs_with_eye_source; attempted_eye_tracking_permission_or_feature_enable; active_gaze_state_retrieval_with_validity_and_pose; functionality_gaze_retrieval_or_extraction,base_scanner_score_167; module_bonus_validity_gate_8; module_bonus_pose_vector_10; module_bonus_paired_state_refs_8; keyword_support_eye_or_gaze_5_bonus_20; keyword_support_sdk_2_bonus_6,C:\realDesktop\manifest-evaluations\summer-26\ghidra-pipeline\il2cpp-files\SmashRoomVR\general-structure-results\90_plus_confirmed_gaze_retrieval_near_certain\01cc535c_System.Array$$InternalArray__get_Item_OVRPlugin.EyeGazeState_.c,C:\realDesktop\manifest-evaluations\summer-26\ghidra-pipeline\il2cpp-files\SmashRoomVR\manual-review-pack\A_must_review\062_p219_System.Array$$InternalArray__get_Item_OVRPlugin.EyeGazeState_.c
63,219,A_must_review,OVRPlugin$$get_eyeTrackedFoveatedRenderingSupported,03155f98,153,90_plus_attempted_dynamic_eye_tracked_foveation_near_certain,eye_source; weak_source_state; validity_gate; foveation_rendering; attempted_use; dynamic_foveation_possible,strong_eye_source_hits_6; weak_xr_or_state_hits_4; validity_or_gating_hits_6; strong_foveation_hits_2; attempted_eye_tracking_permission_or_feature_enable; attempted_eye_tracking_with_foveated_rendering_path; functionality_foveated_rendering,base_scanner_score_153; module_bonus_validity_gate_8; module_bonus_foveation_rendering_20; sensitive_sink_foveation_bonus_12; keyword_support_eye_or_gaze_5_bonus_20; keyword_support_sdk_2_bonus_6,C:\realDesktop\manifest-evaluations\summer-26\ghidra-pipeline\il2cpp-files\SmashRoomVR\general-structure-results\90_plus_attempted_dynamic_eye_tracked_foveation_near_certain\03155f98_OVRPlugin$$get_eyeTrackedFoveatedRenderingSupported.c,C:\realDesktop\manifest-evaluations\summer-26\ghidra-pipeline\il2cpp-files\SmashRoomVR\manual-review-pack\A_must_review\063_p219_OVRPlugin$$get_eyeTrackedFoveatedRenderingSupported.c
64,217,A_must_review,OVRPlugin.UnityOpenXR$$OnSessionEnd,03169404,114,90_plus_uncertain_gaze_or_xr_structure_near_certain,eye_source; weak_source_state; validity_gate; telemetry,strong_eye_source_hits_2; weak_xr_or_state_hits_8; validity_or_gating_hits_4; telemetry_or_network_hits_4; functionality_permission_setup; functionality_data_collection_or_telemetry_hits_4,base_scanner_score_114; module_bonus_validity_gate_8; module_bonus_telemetry_20; evidence_bonus_telemetry_or_network_hits_12; sensitive_sink_telemetry_bonus_15; keyword_support_eye_or_gaze_5_bonus_20; keyword_support_sdk_4_bonus_12; keyword_support_collection_or_telemetry_4_bonus_16,C:\realDesktop\manifest-evaluations\summer-26\ghidra-pipeline\il2cpp-files\SmashRoomVR\general-structure-results\90_plus_uncertain_gaze_or_xr_structure_near_certain\03169404_OVRPlugin.UnityOpenXR$$OnSessionEnd.c,C:\realDesktop\manifest-evaluations\summer-26\ghidra-pipeline\il2cpp-files\SmashRoomVR\manual-review-pack\A_must_review\064_p217_OVRPlugin.UnityOpenXR$$OnSessionEnd.c
65,217,A_must_review,OVRInput.OVRControllerGamepadAndroid$$ConfigureButtonMap,03132ab0,89,70_high_likely_false_positive_high,weak_source_state; validity_gate; pose_vector; paired_state_refs; ui_interaction; telemetry; frame_behavior; structure_combo,weak_xr_or_state_hits_2; validity_or_gating_hits_11; strong_pose_or_ray_construction_hits_1; paired_field_refs_with_structure_only; ui_or_gameplay_sink_hits_2; telemetry_or_network_hits_1; frame_or_lifecycle_behavior; source_validity_pose_sink_structure; cap_below_near_certain_without_eye_anchor_or_ordered_structure,base_scanner_score_89; module_bonus_validity_gate_8; module_bonus_pose_vector_10; module_bonus_paired_state_refs_8; module_bonus_ui_interaction_12; module_bonus_telemetry_20; module_bonus_frame_behavior_5; module_bonus_structure_combo_18; evidence_bonus_telemetry_or_network_hits_12; sensitive_sink_telemetry_bonus_15; keyword_support_eye_or_gaze_2_bonus_8; keyword_support_collection_or_telemetry_3_bonus_12,C:\realDesktop\manifest-evaluations\summer-26\ghidra-pipeline\il2cpp-files\SmashRoomVR\general-structure-results\70_high_likely_false_positive_high\03132ab0_OVRInput.OVRControllerGamepadAndroid$$ConfigureButtonMap.c,C:\realDesktop\manifest-evaluations\summer-26\ghidra-pipeline\il2cpp-files\SmashRoomVR\manual-review-pack\A_must_review\065_p217_OVRInput.OVRControllerGamepadAndroid$$ConfigureButtonMap.c
66,216,A_must_review,thunk_FUN_038d3c10,038d3c0c,89,70_high_general_structure_review_high,weak_source_state; validity_gate; pose_vector; paired_state_refs; telemetry; structure_combo,weak_xr_or_state_hits_4; validity_or_gating_hits_18; strong_pose_or_ray_construction_hits_2; paired_field_refs_with_structure_only; telemetry_or_network_hits_6; source_validity_pose_sink_structure; cap_below_near_certain_without_eye_anchor_or_ordered_structure,base_scanner_score_89; module_bonus_validity_gate_8; module_bonus_pose_vector_10; module_bonus_paired_state_refs_8; module_bonus_telemetry_20; module_bonus_structure_combo_18; evidence_bonus_telemetry_or_network_hits_12; sensitive_sink_telemetry_bonus_15; keyword_support_eye_or_gaze_2_bonus_8; keyword_support_sdk_4_bonus_12; keyword_support_collection_or_telemetry_4_bonus_16,C:\realDesktop\manifest-evaluations\summer-26\ghidra-pipeline\il2cpp-files\SmashRoomVR\general-structure-results\70_high_general_structure_review_high\038d3c0c_thunk_FUN_038d3c10.c,C:\realDesktop\manifest-evaluations\summer-26\ghidra-pipeline\il2cpp-files\SmashRoomVR\manual-review-pack\A_must_review\066_p216_thunk_FUN_038d3c10.c
67,216,A_must_review,FUN_03a116b8,03a116b8,89,70_high_general_structure_review_high,weak_source_state; validity_gate; pose_vector; paired_state_refs; telemetry; structure_combo,weak_xr_or_state_hits_10; validity_or_gating_hits_15; strong_pose_or_ray_construction_hits_7; paired_field_refs_with_structure_only; telemetry_or_network_hits_2; source_validity_pose_sink_structure; cap_below_near_certain_without_eye_anchor_or_ordered_structure; functionality_data_collection_or_telemetry_hits_2,base_scanner_score_89; module_bonus_validity_gate_8; module_bonus_pose_vector_10; module_bonus_paired_state_refs_8; module_bonus_telemetry_20; module_bonus_structure_combo_18; evidence_bonus_telemetry_or_network_hits_12; sensitive_sink_telemetry_bonus_15; keyword_support_eye_or_gaze_2_bonus_8; keyword_support_sdk_4_bonus_12; keyword_support_collection_or_telemetry_4_bonus_16,C:\realDesktop\manifest-evaluations\summer-26\ghidra-pipeline\il2cpp-files\SmashRoomVR\general-structure-results\70_high_general_structure_review_high\03a116b8_FUN_03a116b8.c,C:\realDesktop\manifest-evaluations\summer-26\ghidra-pipeline\il2cpp-files\SmashRoomVR\manual-review-pack\A_must_review\067_p216_FUN_03a116b8.c
68,216,A_must_review,FUN_038d3c10,038d3c10,89,70_high_general_structure_review_high,weak_source_state; validity_gate; pose_vector; paired_state_refs; telemetry; structure_combo,weak_xr_or_state_hits_4; validity_or_gating_hits_18; strong_pose_or_ray_construction_hits_2; paired_field_refs_with_structure_only; telemetry_or_network_hits_6; source_validity_pose_sink_structure; cap_below_near_certain_without_eye_anchor_or_ordered_structure,base_scanner_score_89; module_bonus_validity_gate_8; module_bonus_pose_vector_10; module_bonus_paired_state_refs_8; module_bonus_telemetry_20; module_bonus_structure_combo_18; evidence_bonus_telemetry_or_network_hits_12; sensitive_sink_telemetry_bonus_15; keyword_support_eye_or_gaze_2_bonus_8; keyword_support_sdk_4_bonus_12; keyword_support_collection_or_telemetry_4_bonus_16,C:\realDesktop\manifest-evaluations\summer-26\ghidra-pipeline\il2cpp-files\SmashRoomVR\general-structure-results\70_high_general_structure_review_high\038d3c10_FUN_038d3c10.c,C:\realDesktop\manifest-evaluations\summer-26\ghidra-pipeline\il2cpp-files\SmashRoomVR\manual-review-pack\A_must_review\068_p216_FUN_038d3c10.c
69,215,A_must_review,"System.Collections.Generic.Dictionary.ValueCollection<object,-PokeInteractor.SurfaceHitCache.HitInfo>$$System.Collections.Generic.ICollection<TValue>.Contains",021557a4,85,70_high_general_structure_review_high,weak_source_state; validity_gate; pose_vector; paired_state_refs; ray_interaction; telemetry; structure_combo,weak_xr_or_state_hits_4; validity_or_gating_hits_7; strong_pose_or_ray_construction_hits_1; paired_field_refs_with_structure_only; ray_or_cast_sink_hits_2; telemetry_or_network_hits_2; source_validity_pose_sink_structure; negative_generic_transform_raycast_without_eye_source_or_attempt,base_scanner_score_85; module_bonus_validity_gate_8; module_bonus_pose_vector_10; module_bonus_paired_state_refs_8; module_bonus_ray_interaction_15; module_bonus_telemetry_20; module_bonus_structure_combo_18; evidence_bonus_telemetry_or_network_hits_12; sensitive_sink_telemetry_bonus_15; keyword_support_eye_or_gaze_2_bonus_8; keyword_support_collection_or_telemetry_4_bonus_16,C:\realDesktop\manifest-evaluations\summer-26\ghidra-pipeline\il2cpp-files\SmashRoomVR\general-structure-results\70_high_general_structure_review_high\021557a4_System.Collections.Generic.Dictionary.ValueCollection_object_-PokeInteractor.SurfaceHitCache.HitInfo_$$System.Collections.Generic.ICollection_TValue_.Contains.c,C:\realDesktop\manifest-evaluations\summer-26\ghidra-pipeline\il2cpp-files\SmashRoomVR\manual-review-pack\A_must_review\069_p215_System.Collections.Generic.Dictionary.ValueCollection_object_-PokeInteractor.SurfaceHitCache.HitInfo_$$System.Collections.Generic.ICollection_TValue_.Contains.c
70,215,A_must_review,"System.Collections.Generic.Dictionary.ValueCollection<object,-PokeInteractor.SurfaceHitCache.HitInfo>$$System.Collections.Generic.ICollection<TValue>.Clear",02155798,85,70_high_general_structure_review_high,weak_source_state; validity_gate; pose_vector; paired_state_refs; ray_interaction; telemetry; structure_combo,weak_xr_or_state_hits_4; validity_or_gating_hits_7; strong_pose_or_ray_construction_hits_1; paired_field_refs_with_structure_only; ray_or_cast_sink_hits_2; telemetry_or_network_hits_2; source_validity_pose_sink_structure; negative_generic_transform_raycast_without_eye_source_or_attempt,base_scanner_score_85; module_bonus_validity_gate_8; module_bonus_pose_vector_10; module_bonus_paired_state_refs_8; module_bonus_ray_interaction_15; module_bonus_telemetry_20; module_bonus_structure_combo_18; evidence_bonus_telemetry_or_network_hits_12; sensitive_sink_telemetry_bonus_15; keyword_support_eye_or_gaze_2_bonus_8; keyword_support_collection_or_telemetry_4_bonus_16,C:\realDesktop\manifest-evaluations\summer-26\ghidra-pipeline\il2cpp-files\SmashRoomVR\general-structure-results\70_high_general_structure_review_high\02155798_System.Collections.Generic.Dictionary.ValueCollection_object_-PokeInteractor.SurfaceHitCache.HitInfo_$$System.Collections.Generic.ICollection_TValue_.Clear.c,C:\realDesktop\manifest-evaluations\summer-26\ghidra-pipeline\il2cpp-files\SmashRoomVR\manual-review-pack\A_must_review\070_p215_System.Collections.Generic.Dictionary.ValueCollection_object_-PokeInteractor.SurfaceHitCache.HitInfo_$$System.Collections.Generic.ICollection_TValue_.Clear.c
71,213,A_must_review,System.Array$$InternalArray__IndexOf<InputUser.UserData>,01c8e2e4,86,70_high_likely_false_positive_high,weak_source_state; validity_gate; pose_vector; paired_state_refs; ui_interaction; telemetry; structure_combo,weak_xr_or_state_hits_6; validity_or_gating_hits_21; strong_pose_or_ray_construction_hits_2; paired_field_refs_with_structure_only; ui_or_gameplay_sink_hits_4; telemetry_or_network_hits_3; source_validity_pose_sink_structure; negative_framework_namespace_without_eye_use_flow,base_scanner_score_86; module_bonus_validity_gate_8; module_bonus_pose_vector_10; module_bonus_paired_state_refs_8; module_bonus_ui_interaction_12; module_bonus_telemetry_20; module_bonus_structure_combo_18; evidence_bonus_telemetry_or_network_hits_12; sensitive_sink_telemetry_bonus_15; keyword_support_eye_or_gaze_2_bonus_8; keyword_support_collection_or_telemetry_4_bonus_16,C:\realDesktop\manifest-evaluations\summer-26\ghidra-pipeline\il2cpp-files\SmashRoomVR\general-structure-results\70_high_likely_false_positive_high\01c8e2e4_System.Array$$InternalArray__IndexOf_InputUser.UserData_.c,C:\realDesktop\manifest-evaluations\summer-26\ghidra-pipeline\il2cpp-files\SmashRoomVR\manual-review-pack\A_must_review\071_p213_System.Array$$InternalArray__IndexOf_InputUser.UserData_.c
72,212,A_must_review,OVRPlugin.UnityOpenXR$$OnSessionStateChange,03169170,109,90_plus_uncertain_gaze_or_xr_structure_near_certain,eye_source; weak_source_state; validity_gate; telemetry,strong_eye_source_hits_2; weak_xr_or_state_hits_4; validity_or_gating_hits_9; telemetry_or_network_hits_2; functionality_data_collection_or_telemetry_hits_2,base_scanner_score_109; module_bonus_validity_gate_8; module_bonus_telemetry_20; evidence_bonus_telemetry_or_network_hits_12; sensitive_sink_telemetry_bonus_15; keyword_support_eye_or_gaze_5_bonus_20; keyword_support_sdk_4_bonus_12; keyword_support_collection_or_telemetry_4_bonus_16,C:\realDesktop\manifest-evaluations\summer-26\ghidra-pipeline\il2cpp-files\SmashRoomVR\general-structure-results\90_plus_uncertain_gaze_or_xr_structure_near_certain\03169170_OVRPlugin.UnityOpenXR$$OnSessionStateChange.c,C:\realDesktop\manifest-evaluations\summer-26\ghidra-pipeline\il2cpp-files\SmashRoomVR\manual-review-pack\A_must_review\072_p212_OVRPlugin.UnityOpenXR$$OnSessionStateChange.c
73,212,A_must_review,FUN_03239214,03239214,89,70_high_general_structure_review_high,weak_source_state; validity_gate; ray_interaction; ui_interaction; telemetry; frame_behavior,weak_xr_or_state_hits_16; validity_or_gating_hits_21; ray_or_cast_sink_hits_2; ui_or_gameplay_sink_hits_3; telemetry_or_network_hits_5; frame_or_lifecycle_behavior; cap_below_near_certain_without_eye_anchor_or_ordered_structure,base_scanner_score_89; module_bonus_validity_gate_8; module_bonus_ray_interaction_15; module_bonus_ui_interaction_12; module_bonus_telemetry_20; module_bonus_frame_behavior_5; evidence_bonus_telemetry_or_network_hits_12; sensitive_sink_telemetry_bonus_15; keyword_support_eye_or_gaze_2_bonus_8; keyword_support_sdk_4_bonus_12; keyword_support_collection_or_telemetry_4_bonus_16,C:\realDesktop\manifest-evaluations\summer-26\ghidra-pipeline\il2cpp-files\SmashRoomVR\general-structure-results\70_high_general_structure_review_high\03239214_FUN_03239214.c,C:\realDesktop\manifest-evaluations\summer-26\ghidra-pipeline\il2cpp-files\SmashRoomVR\manual-review-pack\A_must_review\073_p212_FUN_03239214.c
74,211,A_must_review,OVRPlugin$$SendEvent,03157618,114,90_plus_uncertain_gaze_or_xr_structure_near_certain,eye_source; weak_source_state; validity_gate; telemetry,strong_eye_source_hits_2; weak_xr_or_state_hits_4; validity_or_gating_hits_18; telemetry_or_network_hits_3; functionality_permission_setup; functionality_data_collection_or_telemetry_hits_3,base_scanner_score_114; module_bonus_validity_gate_8; module_bonus_telemetry_20; evidence_bonus_telemetry_or_network_hits_12; sensitive_sink_telemetry_bonus_15; keyword_support_eye_or_gaze_5_bonus_20; keyword_support_sdk_2_bonus_6; keyword_support_collection_or_telemetry_4_bonus_16,C:\realDesktop\manifest-evaluations\summer-26\ghidra-pipeline\il2cpp-files\SmashRoomVR\general-structure-results\90_plus_uncertain_gaze_or_xr_structure_near_certain\03157618_OVRPlugin$$SendEvent.c,C:\realDesktop\manifest-evaluations\summer-26\ghidra-pipeline\il2cpp-files\SmashRoomVR\manual-review-pack\A_must_review\074_p211_OVRPlugin$$SendEvent.c
75,211,A_must_review,OVRManager$$remove_AudioOutChanged,03134168,114,90_plus_uncertain_gaze_or_xr_structure_near_certain,eye_source; weak_source_state; validity_gate; telemetry,strong_eye_source_hits_2; weak_xr_or_state_hits_12; validity_or_gating_hits_11; telemetry_or_network_hits_5; functionality_permission_setup; functionality_data_collection_or_telemetry_hits_5,base_scanner_score_114; module_bonus_validity_gate_8; module_bonus_telemetry_20; evidence_bonus_telemetry_or_network_hits_12; sensitive_sink_telemetry_bonus_15; keyword_support_eye_or_gaze_5_bonus_20; keyword_support_sdk_2_bonus_6; keyword_support_collection_or_telemetry_4_bonus_16,C:\realDesktop\manifest-evaluations\summer-26\ghidra-pipeline\il2cpp-files\SmashRoomVR\general-structure-results\90_plus_uncertain_gaze_or_xr_structure_near_certain\03134168_OVRManager$$remove_AudioOutChanged.c,C:\realDesktop\manifest-evaluations\summer-26\ghidra-pipeline\il2cpp-files\SmashRoomVR\manual-review-pack\A_must_review\075_p211_OVRManager$$remove_AudioOutChanged.c
76,211,A_must_review,OVRManager$$remove_AudioInChanged,03134320,114,90_plus_uncertain_gaze_or_xr_structure_near_certain,eye_source; weak_source_state; validity_gate; telemetry,strong_eye_source_hits_2; weak_xr_or_state_hits_8; validity_or_gating_hits_6; telemetry_or_network_hits_3; functionality_permission_setup; functionality_data_collection_or_telemetry_hits_3,base_scanner_score_114; module_bonus_validity_gate_8; module_bonus_telemetry_20; evidence_bonus_telemetry_or_network_hits_12; sensitive_sink_telemetry_bonus_15; keyword_support_eye_or_gaze_5_bonus_20; keyword_support_sdk_2_bonus_6; keyword_support_collection_or_telemetry_4_bonus_16,C:\realDesktop\manifest-evaluations\summer-26\ghidra-pipeline\il2cpp-files\SmashRoomVR\general-structure-results\90_plus_uncertain_gaze_or_xr_structure_near_certain\03134320_OVRManager$$remove_AudioInChanged.c,C:\realDesktop\manifest-evaluations\summer-26\ghidra-pipeline\il2cpp-files\SmashRoomVR\manual-review-pack\A_must_review\076_p211_OVRManager$$remove_AudioInChanged.c
77,211,A_must_review,OVRManager$$add_TrackingAcquired,031343fc,114,90_plus_uncertain_gaze_or_xr_structure_near_certain,eye_source; weak_source_state; validity_gate; telemetry,strong_eye_source_hits_2; weak_xr_or_state_hits_8; validity_or_gating_hits_6; telemetry_or_network_hits_3; functionality_permission_setup; functionality_data_collection_or_telemetry_hits_3,base_scanner_score_114; module_bonus_validity_gate_8; module_bonus_telemetry_20; evidence_bonus_telemetry_or_network_hits_12; sensitive_sink_telemetry_bonus_15; keyword_support_eye_or_gaze_5_bonus_20; keyword_support_sdk_2_bonus_6; keyword_support_collection_or_telemetry_4_bonus_16,C:\realDesktop\manifest-evaluations\summer-26\ghidra-pipeline\il2cpp-files\SmashRoomVR\general-structure-results\90_plus_uncertain_gaze_or_xr_structure_near_certain\031343fc_OVRManager$$add_TrackingAcquired.c,C:\realDesktop\manifest-evaluations\summer-26\ghidra-pipeline\il2cpp-files\SmashRoomVR\manual-review-pack\A_must_review\077_p211_OVRManager$$add_TrackingAcquired.c
78,211,A_must_review,OVRManager$$add_AudioOutChanged,0313408c,114,90_plus_uncertain_gaze_or_xr_structure_near_certain,eye_source; weak_source_state; validity_gate; telemetry,strong_eye_source_hits_2; weak_xr_or_state_hits_14; validity_or_gating_hits_14; telemetry_or_network_hits_6; functionality_permission_setup; functionality_data_collection_or_telemetry_hits_6,base_scanner_score_114; module_bonus_validity_gate_8; module_bonus_telemetry_20; evidence_bonus_telemetry_or_network_hits_12; sensitive_sink_telemetry_bonus_15; keyword_support_eye_or_gaze_5_bonus_20; keyword_support_sdk_2_bonus_6; keyword_support_collection_or_telemetry_4_bonus_16,C:\realDesktop\manifest-evaluations\summer-26\ghidra-pipeline\il2cpp-files\SmashRoomVR\general-structure-results\90_plus_uncertain_gaze_or_xr_structure_near_certain\0313408c_OVRManager$$add_AudioOutChanged.c,C:\realDesktop\manifest-evaluations\summer-26\ghidra-pipeline\il2cpp-files\SmashRoomVR\manual-review-pack\A_must_review\078_p211_OVRManager$$add_AudioOutChanged.c
79,211,A_must_review,OVRManager$$add_AudioInChanged,03134244,114,90_plus_uncertain_gaze_or_xr_structure_near_certain,eye_source; weak_source_state; validity_gate; telemetry,strong_eye_source_hits_2; weak_xr_or_state_hits_8; validity_or_gating_hits_7; telemetry_or_network_hits_3; functionality_permission_setup; functionality_data_collection_or_telemetry_hits_3,base_scanner_score_114; module_bonus_validity_gate_8; module_bonus_telemetry_20; evidence_bonus_telemetry_or_network_hits_12; sensitive_sink_telemetry_bonus_15; keyword_support_eye_or_gaze_5_bonus_20; keyword_support_sdk_2_bonus_6; keyword_support_collection_or_telemetry_4_bonus_16,C:\realDesktop\manifest-evaluations\summer-26\ghidra-pipeline\il2cpp-files\SmashRoomVR\general-structure-results\90_plus_uncertain_gaze_or_xr_structure_near_certain\03134244_OVRManager$$add_AudioInChanged.c,C:\realDesktop\manifest-evaluations\summer-26\ghidra-pipeline\il2cpp-files\SmashRoomVR\manual-review-pack\A_must_review\079_p211_OVRManager$$add_AudioInChanged.c
80,211,A_must_review,FUN_0313498c,0313498c,114,90_plus_uncertain_gaze_or_xr_structure_near_certain,eye_source; weak_source_state; validity_gate; telemetry,strong_eye_source_hits_2; weak_xr_or_state_hits_8; validity_or_gating_hits_11; telemetry_or_network_hits_3; functionality_permission_setup; functionality_data_collection_or_telemetry_hits_3,base_scanner_score_114; module_bonus_validity_gate_8; module_bonus_telemetry_20; evidence_bonus_telemetry_or_network_hits_12; sensitive_sink_telemetry_bonus_15; keyword_support_eye_or_gaze_5_bonus_20; keyword_support_sdk_2_bonus_6; keyword_support_collection_or_telemetry_4_bonus_16,C:\realDesktop\manifest-evaluations\summer-26\ghidra-pipeline\il2cpp-files\SmashRoomVR\general-structure-results\90_plus_uncertain_gaze_or_xr_structure_near_certain\0313498c_FUN_0313498c.c,C:\realDesktop\manifest-evaluations\summer-26\ghidra-pipeline\il2cpp-files\SmashRoomVR\manual-review-pack\A_must_review\080_p211_FUN_0313498c.c
81,210,A_must_review,System.Array$$InternalArray__IndexOf<OVRPlugin.EyeGazeState>,01c8ffe0,161,90_plus_confirmed_gaze_retrieval_near_certain,eye_source; weak_source_state; validity_gate; pose_vector; frame_behavior; attempted_use; active_gaze_retrieval,strong_eye_source_hits_4; weak_xr_or_state_hits_2; validity_or_gating_hits_4; strong_pose_or_ray_construction_hits_2; frame_or_lifecycle_behavior; attempted_eye_tracking_permission_or_feature_enable; active_gaze_state_retrieval_with_validity_and_pose; functionality_gaze_retrieval_or_extraction,base_scanner_score_161; module_bonus_validity_gate_8; module_bonus_pose_vector_10; module_bonus_frame_behavior_5; keyword_support_eye_or_gaze_5_bonus_20; keyword_support_sdk_2_bonus_6,C:\realDesktop\manifest-evaluations\summer-26\ghidra-pipeline\il2cpp-files\SmashRoomVR\general-structure-results\90_plus_confirmed_gaze_retrieval_near_certain\01c8ffe0_System.Array$$InternalArray__IndexOf_OVRPlugin.EyeGazeState_.c,C:\realDesktop\manifest-evaluations\summer-26\ghidra-pipeline\il2cpp-files\SmashRoomVR\manual-review-pack\A_must_review\081_p210_System.Array$$InternalArray__IndexOf_OVRPlugin.EyeGazeState_.c
82,210,A_must_review,OVRManager$$get_eyeTrackedFoveatedRenderingEnabled,03137204,144,90_plus_attempted_dynamic_eye_tracked_foveation_near_certain,eye_source; weak_source_state; validity_gate; foveation_rendering; attempted_use; dynamic_foveation_possible,strong_eye_source_hits_6; weak_xr_or_state_hits_6; validity_or_gating_hits_1; strong_foveation_hits_2; attempted_eye_tracking_permission_or_feature_enable; attempted_eye_tracking_with_foveated_rendering_path; functionality_foveated_rendering,base_scanner_score_144; module_bonus_validity_gate_8; module_bonus_foveation_rendering_20; sensitive_sink_foveation_bonus_12; keyword_support_eye_or_gaze_5_bonus_20; keyword_support_sdk_2_bonus_6,C:\realDesktop\manifest-evaluations\summer-26\ghidra-pipeline\il2cpp-files\SmashRoomVR\general-structure-results\90_plus_attempted_dynamic_eye_tracked_foveation_near_certain\03137204_OVRManager$$get_eyeTrackedFoveatedRenderingEnabled.c,C:\realDesktop\manifest-evaluations\summer-26\ghidra-pipeline\il2cpp-files\SmashRoomVR\manual-review-pack\A_must_review\082_p210_OVRManager$$get_eyeTrackedFoveatedRenderingEnabled.c
83,210,A_must_review,System.Array$$InternalArray__IndexOf<dr>,01c87a04,83,70_high_likely_false_positive_high,weak_source_state; validity_gate; pose_vector; paired_state_refs; ui_interaction; telemetry; structure_combo,weak_xr_or_state_hits_8; validity_or_gating_hits_21; strong_pose_or_ray_construction_hits_2; paired_field_refs_with_structure_only; ui_or_gameplay_sink_hits_2; telemetry_or_network_hits_10; source_validity_pose_sink_structure; negative_framework_namespace_without_eye_use_flow,base_scanner_score_83; module_bonus_validity_gate_8; module_bonus_pose_vector_10; module_bonus_paired_state_refs_8; module_bonus_ui_interaction_12; module_bonus_telemetry_20; module_bonus_structure_combo_18; evidence_bonus_telemetry_or_network_hits_12; sensitive_sink_telemetry_bonus_15; keyword_support_eye_or_gaze_2_bonus_8; keyword_support_collection_or_telemetry_4_bonus_16,C:\realDesktop\manifest-evaluations\summer-26\ghidra-pipeline\il2cpp-files\SmashRoomVR\general-structure-results\70_high_likely_false_positive_high\01c87a04_System.Array$$InternalArray__IndexOf_dr_.c,C:\realDesktop\manifest-evaluations\summer-26\ghidra-pipeline\il2cpp-files\SmashRoomVR\manual-review-pack\A_must_review\083_p210_System.Array$$InternalArray__IndexOf_dr_.c
84,210,A_must_review,System.Array$$InternalArray__IndexOf<InteractableGroup.InteractableLimits>,01c8e480,83,70_high_likely_false_positive_high,weak_source_state; validity_gate; pose_vector; paired_state_refs; ui_interaction; telemetry; structure_combo,weak_xr_or_state_hits_6; validity_or_gating_hits_21; strong_pose_or_ray_construction_hits_2; paired_field_refs_with_structure_only; ui_or_gameplay_sink_hits_2; telemetry_or_network_hits_3; source_validity_pose_sink_structure; negative_framework_namespace_without_eye_use_flow,base_scanner_score_83; module_bonus_validity_gate_8; module_bonus_pose_vector_10; module_bonus_paired_state_refs_8; module_bonus_ui_interaction_12; module_bonus_telemetry_20; module_bonus_structure_combo_18; evidence_bonus_telemetry_or_network_hits_12; sensitive_sink_telemetry_bonus_15; keyword_support_eye_or_gaze_2_bonus_8; keyword_support_collection_or_telemetry_4_bonus_16,C:\realDesktop\manifest-evaluations\summer-26\ghidra-pipeline\il2cpp-files\SmashRoomVR\general-structure-results\70_high_likely_false_positive_high\01c8e480_System.Array$$InternalArray__IndexOf_InteractableGroup.InteractableLimits_.c,C:\realDesktop\manifest-evaluations\summer-26\ghidra-pipeline\il2cpp-files\SmashRoomVR\manual-review-pack\A_must_review\084_p210_System.Array$$InternalArray__IndexOf_InteractableGroup.InteractableLimits_.c
85,209,A_must_review,OVRManager$$get_eyeTrackedFoveatedRenderingSupported,031371b4,143,90_plus_attempted_dynamic_eye_tracked_foveation_near_certain,eye_source; weak_source_state; paired_state_refs; foveation_rendering; attempted_use; dynamic_foveation_possible,strong_eye_source_hits_6; weak_xr_or_state_hits_4; paired_field_refs_with_eye_source; strong_foveation_hits_2; attempted_eye_tracking_permission_or_feature_enable; attempted_eye_tracking_with_foveated_rendering_path; functionality_foveated_rendering,base_scanner_score_143; module_bonus_paired_state_refs_8; module_bonus_foveation_rendering_20; sensitive_sink_foveation_bonus_12; keyword_support_eye_or_gaze_5_bonus_20; keyword_support_sdk_2_bonus_6,C:\realDesktop\manifest-evaluations\summer-26\ghidra-pipeline\il2cpp-files\SmashRoomVR\general-structure-results\90_plus_attempted_dynamic_eye_tracked_foveation_near_certain\031371b4_OVRManager$$get_eyeTrackedFoveatedRenderingSupported.c,C:\realDesktop\manifest-evaluations\summer-26\ghidra-pipeline\il2cpp-files\SmashRoomVR\manual-review-pack\A_must_review\085_p209_OVRManager$$get_eyeTrackedFoveatedRenderingSupported.c
86,209,A_must_review,OVRInput.OVRControllerRemote$$ConfigureAxis2DMap,03132940,89,70_high_general_structure_review_high,weak_source_state; validity_gate; pose_vector; paired_state_refs; telemetry; frame_behavior; structure_combo,weak_xr_or_state_hits_4; validity_or_gating_hits_16; strong_pose_or_ray_construction_hits_1; paired_field_refs_with_structure_only; telemetry_or_network_hits_2; frame_or_lifecycle_behavior; source_validity_pose_sink_structure; cap_below_near_certain_without_eye_anchor_or_ordered_structure,base_scanner_score_89; module_bonus_validity_gate_8; module_bonus_pose_vector_10; module_bonus_paired_state_refs_8; module_bonus_telemetry_20; module_bonus_frame_behavior_5; module_bonus_structure_combo_18; evidence_bonus_telemetry_or_network_hits_12; sensitive_sink_telemetry_bonus_15; keyword_support_eye_or_gaze_2_bonus_8; keyword_support_collection_or_telemetry_4_bonus_16,C:\realDesktop\manifest-evaluations\summer-26\ghidra-pipeline\il2cpp-files\SmashRoomVR\general-structure-results\70_high_general_structure_review_high\03132940_OVRInput.OVRControllerRemote$$ConfigureAxis2DMap.c,C:\realDesktop\manifest-evaluations\summer-26\ghidra-pipeline\il2cpp-files\SmashRoomVR\manual-review-pack\A_must_review\086_p209_OVRInput.OVRControllerRemote$$ConfigureAxis2DMap.c
87,209,A_must_review,OVRInput.OVRControllerGamepadPC$$ConfigureTouchMap,031329f0,89,70_high_general_structure_review_high,weak_source_state; validity_gate; pose_vector; paired_state_refs; telemetry; frame_behavior; structure_combo,weak_xr_or_state_hits_4; validity_or_gating_hits_16; strong_pose_or_ray_construction_hits_1; paired_field_refs_with_structure_only; telemetry_or_network_hits_2; frame_or_lifecycle_behavior; source_validity_pose_sink_structure; cap_below_near_certain_without_eye_anchor_or_ordered_structure,base_scanner_score_89; module_bonus_validity_gate_8; module_bonus_pose_vector_10; module_bonus_paired_state_refs_8; module_bonus_telemetry_20; module_bonus_frame_behavior_5; module_bonus_structure_combo_18; evidence_bonus_telemetry_or_network_hits_12; sensitive_sink_telemetry_bonus_15; keyword_support_eye_or_gaze_2_bonus_8; keyword_support_collection_or_telemetry_4_bonus_16,C:\realDesktop\manifest-evaluations\summer-26\ghidra-pipeline\il2cpp-files\SmashRoomVR\general-structure-results\70_high_general_structure_review_high\031329f0_OVRInput.OVRControllerGamepadPC$$ConfigureTouchMap.c,C:\realDesktop\manifest-evaluations\summer-26\ghidra-pipeline\il2cpp-files\SmashRoomVR\manual-review-pack\A_must_review\087_p209_OVRInput.OVRControllerGamepadPC$$ConfigureTouchMap.c
88,209,A_must_review,OVRInput.OVRControllerGamepadPC$$.ctor,03132960,89,70_high_general_structure_review_high,weak_source_state; validity_gate; pose_vector; paired_state_refs; telemetry; frame_behavior; structure_combo,weak_xr_or_state_hits_4; validity_or_gating_hits_16; strong_pose_or_ray_construction_hits_1; paired_field_refs_with_structure_only; telemetry_or_network_hits_2; frame_or_lifecycle_behavior; source_validity_pose_sink_structure; cap_below_near_certain_without_eye_anchor_or_ordered_structure,base_scanner_score_89; module_bonus_validity_gate_8; module_bonus_pose_vector_10; module_bonus_paired_state_refs_8; module_bonus_telemetry_20; module_bonus_frame_behavior_5; module_bonus_structure_combo_18; evidence_bonus_telemetry_or_network_hits_12; sensitive_sink_telemetry_bonus_15; keyword_support_eye_or_gaze_2_bonus_8; keyword_support_collection_or_telemetry_4_bonus_16,C:\realDesktop\manifest-evaluations\summer-26\ghidra-pipeline\il2cpp-files\SmashRoomVR\general-structure-results\70_high_general_structure_review_high\03132960_OVRInput.OVRControllerGamepadPC$$.ctor.c,C:\realDesktop\manifest-evaluations\summer-26\ghidra-pipeline\il2cpp-files\SmashRoomVR\manual-review-pack\A_must_review\088_p209_OVRInput.OVRControllerGamepadPC$$.ctor.c
89,209,A_must_review,FUN_03132934,03132934,89,70_high_general_structure_review_high,weak_source_state; validity_gate; pose_vector; paired_state_refs; telemetry; frame_behavior; structure_combo,weak_xr_or_state_hits_4; validity_or_gating_hits_16; strong_pose_or_ray_construction_hits_1; paired_field_refs_with_structure_only; telemetry_or_network_hits_2; frame_or_lifecycle_behavior; source_validity_pose_sink_structure; cap_below_near_certain_without_eye_anchor_or_ordered_structure,base_scanner_score_89; module_bonus_validity_gate_8; module_bonus_pose_vector_10; module_bonus_paired_state_refs_8; module_bonus_telemetry_20; module_bonus_frame_behavior_5; module_bonus_structure_combo_18; evidence_bonus_telemetry_or_network_hits_12; sensitive_sink_telemetry_bonus_15; keyword_support_eye_or_gaze_2_bonus_8; keyword_support_collection_or_telemetry_4_bonus_16,C:\realDesktop\manifest-evaluations\summer-26\ghidra-pipeline\il2cpp-files\SmashRoomVR\general-structure-results\70_high_general_structure_review_high\03132934_FUN_03132934.c,C:\realDesktop\manifest-evaluations\summer-26\ghidra-pipeline\il2cpp-files\SmashRoomVR\manual-review-pack\A_must_review\089_p209_FUN_03132934.c
90,209,A_must_review,FUN_02e6fe48,02e6fe48,89,70_high_general_structure_review_high,weak_source_state; validity_gate; pose_vector; paired_state_refs; telemetry; frame_behavior; structure_combo,weak_xr_or_state_hits_4; validity_or_gating_hits_8; strong_pose_or_ray_construction_hits_1; paired_field_refs_with_structure_only; telemetry_or_network_hits_2; frame_or_lifecycle_behavior; source_validity_pose_sink_structure; cap_below_near_certain_without_eye_anchor_or_ordered_structure,base_scanner_score_89; module_bonus_validity_gate_8; module_bonus_pose_vector_10; module_bonus_paired_state_refs_8; module_bonus_telemetry_20; module_bonus_frame_behavior_5; module_bonus_structure_combo_18; evidence_bonus_telemetry_or_network_hits_12; sensitive_sink_telemetry_bonus_15; keyword_support_eye_or_gaze_2_bonus_8; keyword_support_collection_or_telemetry_4_bonus_16,C:\realDesktop\manifest-evaluations\summer-26\ghidra-pipeline\il2cpp-files\SmashRoomVR\general-structure-results\70_high_general_structure_review_high\02e6fe48_FUN_02e6fe48.c,C:\realDesktop\manifest-evaluations\summer-26\ghidra-pipeline\il2cpp-files\SmashRoomVR\manual-review-pack\A_must_review\090_p209_FUN_02e6fe48.c
91,208,A_must_review,UnityEngine.UIElements.TextElement$$UnityEngine.UIElements.ITextSelection.get_lineHeightAtCursorPosition,039e8d30,89,70_high_general_structure_review_high,weak_source_state; validity_gate; pose_vector; ui_interaction; telemetry; structure_combo,weak_xr_or_state_hits_2; validity_or_gating_hits_13; strong_pose_or_ray_construction_hits_2; ui_or_gameplay_sink_hits_4; telemetry_or_network_hits_1; source_validity_pose_sink_structure; cap_below_near_certain_without_eye_anchor_or_ordered_structure; functionality_data_collection_or_telemetry_hits_1,base_scanner_score_89; module_bonus_validity_gate_8; module_bonus_pose_vector_10; module_bonus_ui_interaction_12; module_bonus_telemetry_20; module_bonus_structure_combo_18; evidence_bonus_telemetry_or_network_hits_12; sensitive_sink_telemetry_bonus_15; keyword_support_eye_or_gaze_2_bonus_8; keyword_support_collection_or_telemetry_4_bonus_16,C:\realDesktop\manifest-evaluations\summer-26\ghidra-pipeline\il2cpp-files\SmashRoomVR\general-structure-results\70_high_general_structure_review_high\039e8d30_UnityEngine.UIElements.TextElement$$UnityEngine.UIElements.ITextSelection.get_lineHeightAtCursorPosition.c,C:\realDesktop\manifest-evaluations\summer-26\ghidra-pipeline\il2cpp-files\SmashRoomVR\manual-review-pack\A_must_review\091_p208_UnityEngine.UIElements.TextElement$$UnityEngine.UIElements.ITextSelection.get_lineHeightAtCursorPosition.c
92,208,A_must_review,UnityEngine.UIElements.TextElement$$UnityEngine.UIElements.ITextSelection.get_cursorPosition,039e8c4c,89,70_high_general_structure_review_high,weak_source_state; validity_gate; pose_vector; ui_interaction; telemetry; structure_combo,weak_xr_or_state_hits_2; validity_or_gating_hits_13; strong_pose_or_ray_construction_hits_2; ui_or_gameplay_sink_hits_4; telemetry_or_network_hits_1; source_validity_pose_sink_structure; cap_below_near_certain_without_eye_anchor_or_ordered_structure; functionality_data_collection_or_telemetry_hits_1,base_scanner_score_89; module_bonus_validity_gate_8; module_bonus_pose_vector_10; module_bonus_ui_interaction_12; module_bonus_telemetry_20; module_bonus_structure_combo_18; evidence_bonus_telemetry_or_network_hits_12; sensitive_sink_telemetry_bonus_15; keyword_support_eye_or_gaze_2_bonus_8; keyword_support_collection_or_telemetry_4_bonus_16,C:\realDesktop\manifest-evaluations\summer-26\ghidra-pipeline\il2cpp-files\SmashRoomVR\general-structure-results\70_high_general_structure_review_high\039e8c4c_UnityEngine.UIElements.TextElement$$UnityEngine.UIElements.ITextSelection.get_cursorPosition.c,C:\realDesktop\manifest-evaluations\summer-26\ghidra-pipeline\il2cpp-files\SmashRoomVR\manual-review-pack\A_must_review\092_p208_UnityEngine.UIElements.TextElement$$UnityEngine.UIElements.ITextSelection.get_cursorPosition.c
93,208,A_must_review,FUN_037cd2b8,037cd2b8,89,70_high_general_structure_review_high,weak_source_state; validity_gate; pose_vector; telemetry; structure_combo,weak_xr_or_state_hits_8; validity_or_gating_hits_11; strong_pose_or_ray_construction_hits_1; telemetry_or_network_hits_2; source_validity_pose_sink_structure; cap_below_near_certain_without_eye_anchor_or_ordered_structure,base_scanner_score_89; module_bonus_validity_gate_8; module_bonus_pose_vector_10; module_bonus_telemetry_20; module_bonus_structure_combo_18; evidence_bonus_telemetry_or_network_hits_12; sensitive_sink_telemetry_bonus_15; keyword_support_eye_or_gaze_2_bonus_8; keyword_support_sdk_4_bonus_12; keyword_support_collection_or_telemetry_4_bonus_16,C:\realDesktop\manifest-evaluations\summer-26\ghidra-pipeline\il2cpp-files\SmashRoomVR\general-structure-results\70_high_general_structure_review_high\037cd2b8_FUN_037cd2b8.c,C:\realDesktop\manifest-evaluations\summer-26\ghidra-pipeline\il2cpp-files\SmashRoomVR\manual-review-pack\A_must_review\093_p208_FUN_037cd2b8.c
94,207,A_must_review,System.Array$$InternalArray__ICollection_Contains<OVRPlugin.EyeGazeState>,01eee2a4,157,90_plus_confirmed_gaze_retrieval_near_certain,eye_source; weak_source_state; validity_gate; pose_vector; attempted_use; active_gaze_retrieval,strong_eye_source_hits_6; weak_xr_or_state_hits_4; validity_or_gating_hits_15; strong_pose_or_ray_construction_hits_2; attempted_eye_tracking_permission_or_feature_enable; active_gaze_state_retrieval_with_validity_and_pose; functionality_gaze_retrieval_or_extraction,base_scanner_score_157; module_bonus_validity_gate_8; module_bonus_pose_vector_10; keyword_support_eye_or_gaze_5_bonus_20; keyword_support_sdk_4_bonus_12,C:\realDesktop\manifest-evaluations\summer-26\ghidra-pipeline\il2cpp-files\SmashRoomVR\general-structure-results\90_plus_confirmed_gaze_retrieval_near_certain\01eee2a4_System.Array$$InternalArray__ICollection_Contains_OVRPlugin.EyeGazeState_.c,C:\realDesktop\manifest-evaluations\summer-26\ghidra-pipeline\il2cpp-files\SmashRoomVR\manual-review-pack\A_must_review\094_p207_System.Array$$InternalArray__ICollection_Contains_OVRPlugin.EyeGazeState_.c
95,207,A_must_review,Unity.VisualScripting.RuntimeCodebase.<GetAssemblyAttributes>d__15$$System.IDisposable.Dispose,036b60bc,89,70_high_general_structure_review_high,weak_source_state; validity_gate; pose_vector; telemetry; frame_behavior; structure_combo,weak_xr_or_state_hits_14; validity_or_gating_hits_21; strong_pose_or_ray_construction_hits_2; telemetry_or_network_hits_5; frame_or_lifecycle_behavior; source_validity_pose_sink_structure; cap_below_near_certain_without_eye_anchor_or_ordered_structure,base_scanner_score_89; module_bonus_validity_gate_8; module_bonus_pose_vector_10; module_bonus_telemetry_20; module_bonus_frame_behavior_5; module_bonus_structure_combo_18; evidence_bonus_telemetry_or_network_hits_12; sensitive_sink_telemetry_bonus_15; keyword_support_eye_or_gaze_2_bonus_8; keyword_support_sdk_2_bonus_6; keyword_support_collection_or_telemetry_4_bonus_16,C:\realDesktop\manifest-evaluations\summer-26\ghidra-pipeline\il2cpp-files\SmashRoomVR\general-structure-results\70_high_general_structure_review_high\036b60bc_Unity.VisualScripting.RuntimeCodebase._GetAssemblyAttributes_d__15$$System.IDisposable.Dispose.c,C:\realDesktop\manifest-evaluations\summer-26\ghidra-pipeline\il2cpp-files\SmashRoomVR\manual-review-pack\A_must_review\095_p207_Unity.VisualScripting.RuntimeCodebase._GetAssemblyAttributes_d__15$$System.IDisposable.Dispose.c
96,206,A_must_review,OVRPlugin.OVRP_1_83_0$$ovrp_GetVirtualKeyboardDirtyTextures,03175bc4,109,90_plus_uncertain_gaze_or_xr_structure_near_certain,eye_source; weak_source_state; validity_gate; telemetry,strong_eye_source_hits_2; weak_xr_or_state_hits_6; validity_or_gating_hits_11; telemetry_or_network_hits_2; functionality_permission_setup; functionality_data_collection_or_telemetry_hits_2,base_scanner_score_109; module_bonus_validity_gate_8; module_bonus_telemetry_20; evidence_bonus_telemetry_or_network_hits_12; sensitive_sink_telemetry_bonus_15; keyword_support_eye_or_gaze_5_bonus_20; keyword_support_sdk_2_bonus_6; keyword_support_collection_or_telemetry_4_bonus_16,C:\realDesktop\manifest-evaluations\summer-26\ghidra-pipeline\il2cpp-files\SmashRoomVR\general-structure-results\90_plus_uncertain_gaze_or_xr_structure_near_certain\03175bc4_OVRPlugin.OVRP_1_83_0$$ovrp_GetVirtualKeyboardDirtyTextures.c,C:\realDesktop\manifest-evaluations\summer-26\ghidra-pipeline\il2cpp-files\SmashRoomVR\manual-review-pack\A_must_review\096_p206_OVRPlugin.OVRP_1_83_0$$ovrp_GetVirtualKeyboardDirtyTextures.c
97,206,A_must_review,OVRPlugin.OVRP_1_74_0$$ovrp_ChangeVirtualKeyboardTextContext,03174120,109,90_plus_uncertain_gaze_or_xr_structure_near_certain,eye_source; weak_source_state; validity_gate; telemetry,strong_eye_source_hits_2; weak_xr_or_state_hits_6; validity_or_gating_hits_5; telemetry_or_network_hits_2; functionality_permission_setup; functionality_data_collection_or_telemetry_hits_2,base_scanner_score_109; module_bonus_validity_gate_8; module_bonus_telemetry_20; evidence_bonus_telemetry_or_network_hits_12; sensitive_sink_telemetry_bonus_15; keyword_support_eye_or_gaze_5_bonus_20; keyword_support_sdk_2_bonus_6; keyword_support_collection_or_telemetry_4_bonus_16,C:\realDesktop\manifest-evaluations\summer-26\ghidra-pipeline\il2cpp-files\SmashRoomVR\general-structure-results\90_plus_uncertain_gaze_or_xr_structure_near_certain\03174120_OVRPlugin.OVRP_1_74_0$$ovrp_ChangeVirtualKeyboardTextContext.c,C:\realDesktop\manifest-evaluations\summer-26\ghidra-pipeline\il2cpp-files\SmashRoomVR\manual-review-pack\A_must_review\097_p206_OVRPlugin.OVRP_1_74_0$$ovrp_ChangeVirtualKeyboardTextContext.c
98,206,A_must_review,OVRPlugin$$get_AsymmetricFovEnabled,03157114,109,90_plus_uncertain_gaze_or_xr_structure_near_certain,eye_source; weak_source_state; validity_gate; telemetry,strong_eye_source_hits_2; weak_xr_or_state_hits_10; validity_or_gating_hits_18; telemetry_or_network_hits_2; functionality_permission_setup; functionality_data_collection_or_telemetry_hits_2,base_scanner_score_109; module_bonus_validity_gate_8; module_bonus_telemetry_20; evidence_bonus_telemetry_or_network_hits_12; sensitive_sink_telemetry_bonus_15; keyword_support_eye_or_gaze_5_bonus_20; keyword_support_sdk_2_bonus_6; keyword_support_collection_or_telemetry_4_bonus_16,C:\realDesktop\manifest-evaluations\summer-26\ghidra-pipeline\il2cpp-files\SmashRoomVR\general-structure-results\90_plus_uncertain_gaze_or_xr_structure_near_certain\03157114_OVRPlugin$$get_AsymmetricFovEnabled.c,C:\realDesktop\manifest-evaluations\summer-26\ghidra-pipeline\il2cpp-files\SmashRoomVR\manual-review-pack\A_must_review\098_p206_OVRPlugin$$get_AsymmetricFovEnabled.c
99,206,A_must_review,OVRPlugin$$SaveSpaceList,03160ccc,109,90_plus_uncertain_gaze_or_xr_structure_near_certain,eye_source; weak_source_state; validity_gate; telemetry,strong_eye_source_hits_2; weak_xr_or_state_hits_6; validity_or_gating_hits_4; telemetry_or_network_hits_2; functionality_permission_setup; functionality_data_collection_or_telemetry_hits_2,base_scanner_score_109; module_bonus_validity_gate_8; module_bonus_telemetry_20; evidence_bonus_telemetry_or_network_hits_12; sensitive_sink_telemetry_bonus_15; keyword_support_eye_or_gaze_5_bonus_20; keyword_support_sdk_2_bonus_6; keyword_support_collection_or_telemetry_4_bonus_16,C:\realDesktop\manifest-evaluations\summer-26\ghidra-pipeline\il2cpp-files\SmashRoomVR\general-structure-results\90_plus_uncertain_gaze_or_xr_structure_near_certain\03160ccc_OVRPlugin$$SaveSpaceList.c,C:\realDesktop\manifest-evaluations\summer-26\ghidra-pipeline\il2cpp-files\SmashRoomVR\manual-review-pack\A_must_review\099_p206_OVRPlugin$$SaveSpaceList.c
100,206,A_must_review,OVRPlugin$$IsMixedRealityInitialized,03154064,109,90_plus_uncertain_gaze_or_xr_structure_near_certain,eye_source; weak_source_state; validity_gate; telemetry,strong_eye_source_hits_2; weak_xr_or_state_hits_6; validity_or_gating_hits_9; telemetry_or_network_hits_2; functionality_permission_setup; functionality_data_collection_or_telemetry_hits_2,base_scanner_score_109; module_bonus_validity_gate_8; module_bonus_telemetry_20; evidence_bonus_telemetry_or_network_hits_12; sensitive_sink_telemetry_bonus_15; keyword_support_eye_or_gaze_5_bonus_20; keyword_support_sdk_2_bonus_6; keyword_support_collection_or_telemetry_4_bonus_16,C:\realDesktop\manifest-evaluations\summer-26\ghidra-pipeline\il2cpp-files\SmashRoomVR\general-structure-results\90_plus_uncertain_gaze_or_xr_structure_near_certain\03154064_OVRPlugin$$IsMixedRealityInitialized.c,C:\realDesktop\manifest-evaluations\summer-26\ghidra-pipeline\il2cpp-files\SmashRoomVR\manual-review-pack\A_must_review\100_p206_OVRPlugin$$IsMixedRealityInitialized.c
