rank,manual_priority_score,manual_tier,function_name,entry_point,scanner_score,scanner_label,modules,evidence,priority_reasons,file_path,copied_file
1,459,A_must_review,FUN_09732b64,09732b64,296,90_plus_uncertain_gaze_interaction_near_certain,eye_source; weak_source_state; validity_gate; pose_vector; ray_interaction; ui_interaction; telemetry; frame_behavior; structure_combo; ordered_structure,strong_eye_source_hits_4; weak_xr_or_state_hits_18; validity_or_gating_hits_1; strong_pose_or_ray_construction_hits_13; ray_or_cast_sink_hits_2; ui_or_gameplay_sink_hits_4; telemetry_or_network_hits_12; frame_or_lifecycle_behavior; source_validity_pose_sink_structure; strong_eye_source_validity_pose_sink_structure; ordered_eye_source_validity_pose_collection_sink; ordered_eye_source_validity_pose_interaction_sink; functionality_gaze_retrieval_or_extraction; functionality_gaze_interaction_hits_4; functionality_data_collection_or_telemetry_hits_12; functionality_possible_biometrics_hits_4,base_scanner_score_296; module_bonus_validity_gate_8; module_bonus_pose_vector_10; module_bonus_ray_interaction_15; module_bonus_ui_interaction_12; module_bonus_telemetry_20; module_bonus_frame_behavior_5; module_bonus_structure_combo_18; evidence_bonus_telemetry_or_network_hits_12; sensitive_sink_telemetry_bonus_15; keyword_support_eye_or_gaze_5_bonus_20; keyword_support_sdk_4_bonus_12; keyword_support_collection_or_telemetry_4_bonus_16,C:\realDesktop\manifest-evaluations\summer-26\ghidra-pipeline\il2cpp-files\MatchPointTennis\general-structure-results\90_plus_uncertain_gaze_interaction_near_certain\09732b64_FUN_09732b64.c,C:\realDesktop\manifest-evaluations\summer-26\ghidra-pipeline\il2cpp-files\MatchPointTennis\manual-review-pack\A_must_review\001_p459_FUN_09732b64.c
2,439,A_must_review,UnityEngine.UIElements.PanelEventHandler$$OnScroll,09732edc,276,90_plus_framework_support_only_near_certain,eye_source; weak_source_state; validity_gate; pose_vector; ray_interaction; ui_interaction; telemetry; frame_behavior; structure_combo; ordered_structure,strong_eye_source_hits_4; weak_xr_or_state_hits_18; validity_or_gating_hits_1; strong_pose_or_ray_construction_hits_9; ray_or_cast_sink_hits_2; ui_or_gameplay_sink_hits_3; telemetry_or_network_hits_7; frame_or_lifecycle_behavior; source_validity_pose_sink_structure; strong_eye_source_validity_pose_sink_structure; ordered_eye_source_validity_pose_collection_sink; ordered_eye_source_validity_pose_interaction_sink; negative_framework_support_context_without_confirmed_app_level_gaze_flow; functionality_gaze_retrieval_or_extraction; functionality_gaze_interaction_hits_4; functionality_data_collection_or_telemetry_hits_7; functionality_possible_biometrics_hits_4,base_scanner_score_276; module_bonus_validity_gate_8; module_bonus_pose_vector_10; module_bonus_ray_interaction_15; module_bonus_ui_interaction_12; module_bonus_telemetry_20; module_bonus_frame_behavior_5; module_bonus_structure_combo_18; evidence_bonus_telemetry_or_network_hits_12; sensitive_sink_telemetry_bonus_15; keyword_support_eye_or_gaze_5_bonus_20; keyword_support_sdk_4_bonus_12; keyword_support_collection_or_telemetry_4_bonus_16,C:\realDesktop\manifest-evaluations\summer-26\ghidra-pipeline\il2cpp-files\MatchPointTennis\general-structure-results\90_plus_framework_support_only_near_certain\09732edc_UnityEngine.UIElements.PanelEventHandler$$OnScroll.c,C:\realDesktop\manifest-evaluations\summer-26\ghidra-pipeline\il2cpp-files\MatchPointTennis\manual-review-pack\A_must_review\002_p439_UnityEngine.UIElements.PanelEventHandler$$OnScroll.c
3,439,A_must_review,UnityEngine.UIElements.PanelEventHandler$$OnMove,09732ca8,276,90_plus_framework_support_only_near_certain,eye_source; weak_source_state; validity_gate; pose_vector; ray_interaction; ui_interaction; telemetry; frame_behavior; structure_combo; ordered_structure,strong_eye_source_hits_4; weak_xr_or_state_hits_18; validity_or_gating_hits_1; strong_pose_or_ray_construction_hits_11; ray_or_cast_sink_hits_2; ui_or_gameplay_sink_hits_4; telemetry_or_network_hits_11; frame_or_lifecycle_behavior; source_validity_pose_sink_structure; strong_eye_source_validity_pose_sink_structure; ordered_eye_source_validity_pose_collection_sink; ordered_eye_source_validity_pose_interaction_sink; negative_framework_support_context_without_confirmed_app_level_gaze_flow; functionality_gaze_retrieval_or_extraction; functionality_gaze_interaction_hits_4; functionality_data_collection_or_telemetry_hits_11; functionality_possible_biometrics_hits_4,base_scanner_score_276; module_bonus_validity_gate_8; module_bonus_pose_vector_10; module_bonus_ray_interaction_15; module_bonus_ui_interaction_12; module_bonus_telemetry_20; module_bonus_frame_behavior_5; module_bonus_structure_combo_18; evidence_bonus_telemetry_or_network_hits_12; sensitive_sink_telemetry_bonus_15; keyword_support_eye_or_gaze_5_bonus_20; keyword_support_sdk_4_bonus_12; keyword_support_collection_or_telemetry_4_bonus_16,C:\realDesktop\manifest-evaluations\summer-26\ghidra-pipeline\il2cpp-files\MatchPointTennis\general-structure-results\90_plus_framework_support_only_near_certain\09732ca8_UnityEngine.UIElements.PanelEventHandler$$OnMove.c,C:\realDesktop\manifest-evaluations\summer-26\ghidra-pipeline\il2cpp-files\MatchPointTennis\manual-review-pack\A_must_review\003_p439_UnityEngine.UIElements.PanelEventHandler$$OnMove.c
4,359,A_must_review,UnityEngine.UIElements.PanelEventHandler$$Update,09733118,196,90_plus_framework_support_only_near_certain,eye_source; weak_source_state; validity_gate; pose_vector; ray_interaction; ui_interaction; telemetry; frame_behavior; structure_combo,strong_eye_source_hits_2; weak_xr_or_state_hits_12; validity_or_gating_hits_1; strong_pose_or_ray_construction_hits_9; ray_or_cast_sink_hits_2; ui_or_gameplay_sink_hits_2; telemetry_or_network_hits_6; frame_or_lifecycle_behavior; source_validity_pose_sink_structure; strong_eye_source_validity_pose_sink_structure; negative_framework_support_context_without_confirmed_app_level_gaze_flow; functionality_gaze_retrieval_or_extraction; functionality_gaze_interaction_hits_3; functionality_data_collection_or_telemetry_hits_6; functionality_possible_biometrics_hits_2,base_scanner_score_196; module_bonus_validity_gate_8; module_bonus_pose_vector_10; module_bonus_ray_interaction_15; module_bonus_ui_interaction_12; module_bonus_telemetry_20; module_bonus_frame_behavior_5; module_bonus_structure_combo_18; evidence_bonus_telemetry_or_network_hits_12; sensitive_sink_telemetry_bonus_15; keyword_support_eye_or_gaze_5_bonus_20; keyword_support_sdk_4_bonus_12; keyword_support_collection_or_telemetry_4_bonus_16,C:\realDesktop\manifest-evaluations\summer-26\ghidra-pipeline\il2cpp-files\MatchPointTennis\general-structure-results\90_plus_framework_support_only_near_certain\09733118_UnityEngine.UIElements.PanelEventHandler$$Update.c,C:\realDesktop\manifest-evaluations\summer-26\ghidra-pipeline\il2cpp-files\MatchPointTennis\manual-review-pack\A_must_review\004_p359_UnityEngine.UIElements.PanelEventHandler$$Update.c
5,359,A_must_review,UnityEngine.UIElements.PanelEventHandler$$SendKeyUpEvent,09733264,196,90_plus_framework_support_only_near_certain,eye_source; weak_source_state; validity_gate; pose_vector; ray_interaction; ui_interaction; telemetry; frame_behavior; structure_combo,strong_eye_source_hits_2; weak_xr_or_state_hits_9; validity_or_gating_hits_1; strong_pose_or_ray_construction_hits_7; ray_or_cast_sink_hits_2; ui_or_gameplay_sink_hits_2; telemetry_or_network_hits_6; frame_or_lifecycle_behavior; source_validity_pose_sink_structure; strong_eye_source_validity_pose_sink_structure; negative_framework_support_context_without_confirmed_app_level_gaze_flow; functionality_gaze_retrieval_or_extraction; functionality_gaze_interaction_hits_3; functionality_data_collection_or_telemetry_hits_6; functionality_possible_biometrics_hits_2,base_scanner_score_196; module_bonus_validity_gate_8; module_bonus_pose_vector_10; module_bonus_ray_interaction_15; module_bonus_ui_interaction_12; module_bonus_telemetry_20; module_bonus_frame_behavior_5; module_bonus_structure_combo_18; evidence_bonus_telemetry_or_network_hits_12; sensitive_sink_telemetry_bonus_15; keyword_support_eye_or_gaze_5_bonus_20; keyword_support_sdk_4_bonus_12; keyword_support_collection_or_telemetry_4_bonus_16,C:\realDesktop\manifest-evaluations\summer-26\ghidra-pipeline\il2cpp-files\MatchPointTennis\general-structure-results\90_plus_framework_support_only_near_certain\09733264_UnityEngine.UIElements.PanelEventHandler$$SendKeyUpEvent.c,C:\realDesktop\manifest-evaluations\summer-26\ghidra-pipeline\il2cpp-files\MatchPointTennis\manual-review-pack\A_must_review\005_p359_UnityEngine.UIElements.PanelEventHandler$$SendKeyUpEvent.c
6,359,A_must_review,UnityEngine.UIElements.PanelEventHandler$$SendEvent,097330f8,196,90_plus_framework_support_only_near_certain,eye_source; weak_source_state; validity_gate; pose_vector; ray_interaction; ui_interaction; telemetry; frame_behavior; structure_combo,strong_eye_source_hits_2; weak_xr_or_state_hits_12; validity_or_gating_hits_1; strong_pose_or_ray_construction_hits_9; ray_or_cast_sink_hits_2; ui_or_gameplay_sink_hits_2; telemetry_or_network_hits_8; frame_or_lifecycle_behavior; source_validity_pose_sink_structure; strong_eye_source_validity_pose_sink_structure; negative_framework_support_context_without_confirmed_app_level_gaze_flow; functionality_gaze_retrieval_or_extraction; functionality_gaze_interaction_hits_3; functionality_data_collection_or_telemetry_hits_8; functionality_possible_biometrics_hits_2,base_scanner_score_196; module_bonus_validity_gate_8; module_bonus_pose_vector_10; module_bonus_ray_interaction_15; module_bonus_ui_interaction_12; module_bonus_telemetry_20; module_bonus_frame_behavior_5; module_bonus_structure_combo_18; evidence_bonus_telemetry_or_network_hits_12; sensitive_sink_telemetry_bonus_15; keyword_support_eye_or_gaze_5_bonus_20; keyword_support_sdk_4_bonus_12; keyword_support_collection_or_telemetry_4_bonus_16,C:\realDesktop\manifest-evaluations\summer-26\ghidra-pipeline\il2cpp-files\MatchPointTennis\general-structure-results\90_plus_framework_support_only_near_certain\097330f8_UnityEngine.UIElements.PanelEventHandler$$SendEvent.c,C:\realDesktop\manifest-evaluations\summer-26\ghidra-pipeline\il2cpp-files\MatchPointTennis\manual-review-pack\A_must_review\006_p359_UnityEngine.UIElements.PanelEventHandler$$SendEvent.c
7,359,A_must_review,UnityEngine.UIElements.PanelEventHandler$$ProcessTabEvent,097331fc,196,90_plus_framework_support_only_near_certain,eye_source; weak_source_state; validity_gate; pose_vector; ray_interaction; ui_interaction; telemetry; frame_behavior; structure_combo,strong_eye_source_hits_2; weak_xr_or_state_hits_9; validity_or_gating_hits_1; strong_pose_or_ray_construction_hits_8; ray_or_cast_sink_hits_2; ui_or_gameplay_sink_hits_2; telemetry_or_network_hits_6; frame_or_lifecycle_behavior; source_validity_pose_sink_structure; strong_eye_source_validity_pose_sink_structure; negative_framework_support_context_without_confirmed_app_level_gaze_flow; functionality_gaze_retrieval_or_extraction; functionality_gaze_interaction_hits_3; functionality_data_collection_or_telemetry_hits_6; functionality_possible_biometrics_hits_2,base_scanner_score_196; module_bonus_validity_gate_8; module_bonus_pose_vector_10; module_bonus_ray_interaction_15; module_bonus_ui_interaction_12; module_bonus_telemetry_20; module_bonus_frame_behavior_5; module_bonus_structure_combo_18; evidence_bonus_telemetry_or_network_hits_12; sensitive_sink_telemetry_bonus_15; keyword_support_eye_or_gaze_5_bonus_20; keyword_support_sdk_4_bonus_12; keyword_support_collection_or_telemetry_4_bonus_16,C:\realDesktop\manifest-evaluations\summer-26\ghidra-pipeline\il2cpp-files\MatchPointTennis\general-structure-results\90_plus_framework_support_only_near_certain\097331fc_UnityEngine.UIElements.PanelEventHandler$$ProcessTabEvent.c,C:\realDesktop\manifest-evaluations\summer-26\ghidra-pipeline\il2cpp-files\MatchPointTennis\manual-review-pack\A_must_review\007_p359_UnityEngine.UIElements.PanelEventHandler$$ProcessTabEvent.c
8,359,A_must_review,UnityEngine.UIElements.PanelEventHandler$$ProcessKeyboardEvent,0973317c,196,90_plus_framework_support_only_near_certain,eye_source; weak_source_state; validity_gate; pose_vector; ray_interaction; ui_interaction; telemetry; frame_behavior; structure_combo,strong_eye_source_hits_2; weak_xr_or_state_hits_9; validity_or_gating_hits_1; strong_pose_or_ray_construction_hits_9; ray_or_cast_sink_hits_2; ui_or_gameplay_sink_hits_2; telemetry_or_network_hits_6; frame_or_lifecycle_behavior; source_validity_pose_sink_structure; strong_eye_source_validity_pose_sink_structure; negative_framework_support_context_without_confirmed_app_level_gaze_flow; functionality_gaze_retrieval_or_extraction; functionality_gaze_interaction_hits_3; functionality_data_collection_or_telemetry_hits_6; functionality_possible_biometrics_hits_2,base_scanner_score_196; module_bonus_validity_gate_8; module_bonus_pose_vector_10; module_bonus_ray_interaction_15; module_bonus_ui_interaction_12; module_bonus_telemetry_20; module_bonus_frame_behavior_5; module_bonus_structure_combo_18; evidence_bonus_telemetry_or_network_hits_12; sensitive_sink_telemetry_bonus_15; keyword_support_eye_or_gaze_5_bonus_20; keyword_support_sdk_4_bonus_12; keyword_support_collection_or_telemetry_4_bonus_16,C:\realDesktop\manifest-evaluations\summer-26\ghidra-pipeline\il2cpp-files\MatchPointTennis\general-structure-results\90_plus_framework_support_only_near_certain\0973317c_UnityEngine.UIElements.PanelEventHandler$$ProcessKeyboardEvent.c,C:\realDesktop\manifest-evaluations\summer-26\ghidra-pipeline\il2cpp-files\MatchPointTennis\manual-review-pack\A_must_review\008_p359_UnityEngine.UIElements.PanelEventHandler$$ProcessKeyboardEvent.c
9,359,A_must_review,UnityEngine.UIElements.PanelEventHandler$$LateUpdate,09733174,196,90_plus_framework_support_only_near_certain,eye_source; weak_source_state; validity_gate; pose_vector; ray_interaction; ui_interaction; telemetry; frame_behavior; structure_combo,strong_eye_source_hits_2; weak_xr_or_state_hits_9; validity_or_gating_hits_1; strong_pose_or_ray_construction_hits_9; ray_or_cast_sink_hits_2; ui_or_gameplay_sink_hits_2; telemetry_or_network_hits_6; frame_or_lifecycle_behavior; source_validity_pose_sink_structure; strong_eye_source_validity_pose_sink_structure; negative_framework_support_context_without_confirmed_app_level_gaze_flow; functionality_gaze_retrieval_or_extraction; functionality_gaze_interaction_hits_3; functionality_data_collection_or_telemetry_hits_6; functionality_possible_biometrics_hits_2,base_scanner_score_196; module_bonus_validity_gate_8; module_bonus_pose_vector_10; module_bonus_ray_interaction_15; module_bonus_ui_interaction_12; module_bonus_telemetry_20; module_bonus_frame_behavior_5; module_bonus_structure_combo_18; evidence_bonus_telemetry_or_network_hits_12; sensitive_sink_telemetry_bonus_15; keyword_support_eye_or_gaze_5_bonus_20; keyword_support_sdk_4_bonus_12; keyword_support_collection_or_telemetry_4_bonus_16,C:\realDesktop\manifest-evaluations\summer-26\ghidra-pipeline\il2cpp-files\MatchPointTennis\general-structure-results\90_plus_framework_support_only_near_certain\09733174_UnityEngine.UIElements.PanelEventHandler$$LateUpdate.c,C:\realDesktop\manifest-evaluations\summer-26\ghidra-pipeline\il2cpp-files\MatchPointTennis\manual-review-pack\A_must_review\009_p359_UnityEngine.UIElements.PanelEventHandler$$LateUpdate.c
10,323,A_must_review,Meta.XR.EnvironmentDepthRaycaster$$ClosestPointOnFirstRay,07703910,191,90_plus_uncertain_gaze_interaction_near_certain,eye_source; validity_gate; pose_vector; paired_state_refs; ray_interaction; data_collection; structure_combo,strong_eye_source_hits_1; validity_or_gating_hits_4; strong_pose_or_ray_construction_hits_4; paired_field_refs_with_eye_source; ray_or_cast_sink_hits_2; strong_file_logging_hits_2; source_validity_pose_sink_structure; strong_eye_source_validity_pose_sink_structure; functionality_gaze_interaction_hits_2; functionality_data_collection_or_telemetry_hits_2,base_scanner_score_191; module_bonus_validity_gate_8; module_bonus_pose_vector_10; module_bonus_paired_state_refs_8; module_bonus_ray_interaction_15; module_bonus_data_collection_22; module_bonus_structure_combo_18; sensitive_sink_data_collection_bonus_15; keyword_support_eye_or_gaze_5_bonus_20; keyword_support_collection_or_telemetry_4_bonus_16,C:\realDesktop\manifest-evaluations\summer-26\ghidra-pipeline\il2cpp-files\MatchPointTennis\general-structure-results\90_plus_uncertain_gaze_interaction_near_certain\07703910_Meta.XR.EnvironmentDepthRaycaster$$ClosestPointOnFirstRay.c,C:\realDesktop\manifest-evaluations\summer-26\ghidra-pipeline\il2cpp-files\MatchPointTennis\manual-review-pack\A_must_review\010_p323_Meta.XR.EnvironmentDepthRaycaster$$ClosestPointOnFirstRay.c
11,309,A_must_review,Meta.XR.BuildingBlocks.SpatialAnchorCoreBuildingBlock.<WaitForInit>d__22$$MoveNext,076caafc,190,90_plus_uncertain_gaze_or_xr_structure_near_certain,eye_source; validity_gate; pose_vector; telemetry; structure_combo; ordered_structure,strong_eye_source_hits_1; validity_or_gating_hits_21; strong_pose_or_ray_construction_hits_2; telemetry_or_network_hits_2; source_validity_pose_sink_structure; strong_eye_source_validity_pose_sink_structure; ordered_eye_source_validity_pose_collection_sink; functionality_data_collection_or_telemetry_hits_2,base_scanner_score_190; module_bonus_validity_gate_8; module_bonus_pose_vector_10; module_bonus_telemetry_20; module_bonus_structure_combo_18; evidence_bonus_telemetry_or_network_hits_12; sensitive_sink_telemetry_bonus_15; keyword_support_eye_or_gaze_5_bonus_20; keyword_support_collection_or_telemetry_4_bonus_16,C:\realDesktop\manifest-evaluations\summer-26\ghidra-pipeline\il2cpp-files\MatchPointTennis\general-structure-results\90_plus_uncertain_gaze_or_xr_structure_near_certain\076caafc_Meta.XR.BuildingBlocks.SpatialAnchorCoreBuildingBlock._WaitForInit_d__22$$MoveNext.c,C:\realDesktop\manifest-evaluations\summer-26\ghidra-pipeline\il2cpp-files\MatchPointTennis\manual-review-pack\A_must_review\011_p309_Meta.XR.BuildingBlocks.SpatialAnchorCoreBuildingBlock._WaitForInit_d__22$$MoveNext.c
12,309,A_must_review,Meta.XR.BuildingBlocks.SpatialAnchorCoreBuildingBlock.<SaveAsync>d__23$$SetStateMachine,076caa94,190,90_plus_uncertain_gaze_or_xr_structure_near_certain,eye_source; validity_gate; pose_vector; telemetry; structure_combo; ordered_structure,strong_eye_source_hits_1; validity_or_gating_hits_21; strong_pose_or_ray_construction_hits_2; telemetry_or_network_hits_2; source_validity_pose_sink_structure; strong_eye_source_validity_pose_sink_structure; ordered_eye_source_validity_pose_collection_sink; functionality_data_collection_or_telemetry_hits_2,base_scanner_score_190; module_bonus_validity_gate_8; module_bonus_pose_vector_10; module_bonus_telemetry_20; module_bonus_structure_combo_18; evidence_bonus_telemetry_or_network_hits_12; sensitive_sink_telemetry_bonus_15; keyword_support_eye_or_gaze_5_bonus_20; keyword_support_collection_or_telemetry_4_bonus_16,C:\realDesktop\manifest-evaluations\summer-26\ghidra-pipeline\il2cpp-files\MatchPointTennis\general-structure-results\90_plus_uncertain_gaze_or_xr_structure_near_certain\076caa94_Meta.XR.BuildingBlocks.SpatialAnchorCoreBuildingBlock._SaveAsync_d__23$$SetStateMachine.c,C:\realDesktop\manifest-evaluations\summer-26\ghidra-pipeline\il2cpp-files\MatchPointTennis\manual-review-pack\A_must_review\012_p309_Meta.XR.BuildingBlocks.SpatialAnchorCoreBuildingBlock._SaveAsync_d__23$$SetStateMachine.c
13,274,A_must_review,Meta.XR.BuildingBlocks.Telemetry$$AddSceneInfo,076cb35c,155,90_plus_uncertain_gaze_or_xr_structure_near_certain,eye_source; validity_gate; pose_vector; telemetry; structure_combo,strong_eye_source_hits_1; validity_or_gating_hits_21; strong_pose_or_ray_construction_hits_2; telemetry_or_network_hits_2; source_validity_pose_sink_structure; strong_eye_source_validity_pose_sink_structure; functionality_data_collection_or_telemetry_hits_2,base_scanner_score_155; module_bonus_validity_gate_8; module_bonus_pose_vector_10; module_bonus_telemetry_20; module_bonus_structure_combo_18; evidence_bonus_telemetry_or_network_hits_12; sensitive_sink_telemetry_bonus_15; keyword_support_eye_or_gaze_5_bonus_20; keyword_support_collection_or_telemetry_4_bonus_16,C:\realDesktop\manifest-evaluations\summer-26\ghidra-pipeline\il2cpp-files\MatchPointTennis\general-structure-results\90_plus_uncertain_gaze_or_xr_structure_near_certain\076cb35c_Meta.XR.BuildingBlocks.Telemetry$$AddSceneInfo.c,C:\realDesktop\manifest-evaluations\summer-26\ghidra-pipeline\il2cpp-files\MatchPointTennis\manual-review-pack\A_must_review\013_p274_Meta.XR.BuildingBlocks.Telemetry$$AddSceneInfo.c
14,274,A_must_review,Meta.XR.BuildingBlocks.Telemetry$$AddInstallationRoutineInfo,076cafd8,155,90_plus_uncertain_gaze_or_xr_structure_near_certain,eye_source; validity_gate; pose_vector; telemetry; structure_combo,strong_eye_source_hits_1; validity_or_gating_hits_21; strong_pose_or_ray_construction_hits_2; telemetry_or_network_hits_2; source_validity_pose_sink_structure; strong_eye_source_validity_pose_sink_structure; functionality_data_collection_or_telemetry_hits_2,base_scanner_score_155; module_bonus_validity_gate_8; module_bonus_pose_vector_10; module_bonus_telemetry_20; module_bonus_structure_combo_18; evidence_bonus_telemetry_or_network_hits_12; sensitive_sink_telemetry_bonus_15; keyword_support_eye_or_gaze_5_bonus_20; keyword_support_collection_or_telemetry_4_bonus_16,C:\realDesktop\manifest-evaluations\summer-26\ghidra-pipeline\il2cpp-files\MatchPointTennis\general-structure-results\90_plus_uncertain_gaze_or_xr_structure_near_certain\076cafd8_Meta.XR.BuildingBlocks.Telemetry$$AddInstallationRoutineInfo.c,C:\realDesktop\manifest-evaluations\summer-26\ghidra-pipeline\il2cpp-files\MatchPointTennis\manual-review-pack\A_must_review\014_p274_Meta.XR.BuildingBlocks.Telemetry$$AddInstallationRoutineInfo.c
15,274,A_must_review,Meta.XR.BuildingBlocks.Telemetry$$AddBlockVariantInfo,076caf04,155,90_plus_uncertain_gaze_or_xr_structure_near_certain,eye_source; validity_gate; pose_vector; telemetry; structure_combo,strong_eye_source_hits_1; validity_or_gating_hits_21; strong_pose_or_ray_construction_hits_2; telemetry_or_network_hits_2; source_validity_pose_sink_structure; strong_eye_source_validity_pose_sink_structure; functionality_data_collection_or_telemetry_hits_2,base_scanner_score_155; module_bonus_validity_gate_8; module_bonus_pose_vector_10; module_bonus_telemetry_20; module_bonus_structure_combo_18; evidence_bonus_telemetry_or_network_hits_12; sensitive_sink_telemetry_bonus_15; keyword_support_eye_or_gaze_5_bonus_20; keyword_support_collection_or_telemetry_4_bonus_16,C:\realDesktop\manifest-evaluations\summer-26\ghidra-pipeline\il2cpp-files\MatchPointTennis\general-structure-results\90_plus_uncertain_gaze_or_xr_structure_near_certain\076caf04_Meta.XR.BuildingBlocks.Telemetry$$AddBlockVariantInfo.c,C:\realDesktop\manifest-evaluations\summer-26\ghidra-pipeline\il2cpp-files\MatchPointTennis\manual-review-pack\A_must_review\015_p274_Meta.XR.BuildingBlocks.Telemetry$$AddBlockVariantInfo.c
16,274,A_must_review,Meta.XR.BuildingBlocks.SpatialAnchorCoreBuildingBlock.<WaitForInit>d__22$$SetStateMachine,076cae9c,155,90_plus_uncertain_gaze_or_xr_structure_near_certain,eye_source; validity_gate; pose_vector; telemetry; structure_combo,strong_eye_source_hits_1; validity_or_gating_hits_21; strong_pose_or_ray_construction_hits_2; telemetry_or_network_hits_2; source_validity_pose_sink_structure; strong_eye_source_validity_pose_sink_structure; functionality_data_collection_or_telemetry_hits_2,base_scanner_score_155; module_bonus_validity_gate_8; module_bonus_pose_vector_10; module_bonus_telemetry_20; module_bonus_structure_combo_18; evidence_bonus_telemetry_or_network_hits_12; sensitive_sink_telemetry_bonus_15; keyword_support_eye_or_gaze_5_bonus_20; keyword_support_collection_or_telemetry_4_bonus_16,C:\realDesktop\manifest-evaluations\summer-26\ghidra-pipeline\il2cpp-files\MatchPointTennis\general-structure-results\90_plus_uncertain_gaze_or_xr_structure_near_certain\076cae9c_Meta.XR.BuildingBlocks.SpatialAnchorCoreBuildingBlock._WaitForInit_d__22$$SetStateMachine.c,C:\realDesktop\manifest-evaluations\summer-26\ghidra-pipeline\il2cpp-files\MatchPointTennis\manual-review-pack\A_must_review\016_p274_Meta.XR.BuildingBlocks.SpatialAnchorCoreBuildingBlock._WaitForInit_d__22$$SetStateMachine.c
17,269,A_must_review,Meta.XR.MRUtilityKit.MRUKRoom$$TryGetClosestSeatPose,077379bc,160,90_plus_uncertain_gaze_or_xr_structure_near_certain,eye_source; weak_source_state; validity_gate; pose_vector; data_collection; structure_combo,strong_eye_source_hits_1; weak_xr_or_state_hits_2; validity_or_gating_hits_21; strong_pose_or_ray_construction_hits_2; strong_file_logging_hits_2; source_validity_pose_sink_structure; strong_eye_source_validity_pose_sink_structure; functionality_data_collection_or_telemetry_hits_2,base_scanner_score_160; module_bonus_validity_gate_8; module_bonus_pose_vector_10; module_bonus_data_collection_22; module_bonus_structure_combo_18; sensitive_sink_data_collection_bonus_15; keyword_support_eye_or_gaze_5_bonus_20; keyword_support_collection_or_telemetry_4_bonus_16,C:\realDesktop\manifest-evaluations\summer-26\ghidra-pipeline\il2cpp-files\MatchPointTennis\general-structure-results\90_plus_uncertain_gaze_or_xr_structure_near_certain\077379bc_Meta.XR.MRUtilityKit.MRUKRoom$$TryGetClosestSeatPose.c,C:\realDesktop\manifest-evaluations\summer-26\ghidra-pipeline\il2cpp-files\MatchPointTennis\manual-review-pack\A_must_review\017_p269_Meta.XR.MRUtilityKit.MRUKRoom$$TryGetClosestSeatPose.c
18,269,A_must_review,Meta.XR.MRUtilityKit.ImmersiveSceneDebugger$$GetClosestSeatPose,0771c7b8,160,90_plus_uncertain_gaze_or_xr_structure_near_certain,eye_source; weak_source_state; validity_gate; pose_vector; data_collection; structure_combo,strong_eye_source_hits_1; weak_xr_or_state_hits_2; validity_or_gating_hits_10; strong_pose_or_ray_construction_hits_2; strong_file_logging_hits_2; source_validity_pose_sink_structure; strong_eye_source_validity_pose_sink_structure; functionality_data_collection_or_telemetry_hits_2,base_scanner_score_160; module_bonus_validity_gate_8; module_bonus_pose_vector_10; module_bonus_data_collection_22; module_bonus_structure_combo_18; sensitive_sink_data_collection_bonus_15; keyword_support_eye_or_gaze_5_bonus_20; keyword_support_collection_or_telemetry_4_bonus_16,C:\realDesktop\manifest-evaluations\summer-26\ghidra-pipeline\il2cpp-files\MatchPointTennis\general-structure-results\90_plus_uncertain_gaze_or_xr_structure_near_certain\0771c7b8_Meta.XR.MRUtilityKit.ImmersiveSceneDebugger$$GetClosestSeatPose.c,C:\realDesktop\manifest-evaluations\summer-26\ghidra-pipeline\il2cpp-files\MatchPointTennis\manual-review-pack\A_must_review\018_p269_Meta.XR.MRUtilityKit.ImmersiveSceneDebugger$$GetClosestSeatPose.c
19,260,A_must_review,Meta.XR.MRUtilityKit.MRUKRoom$$TryGetClosestSurfacePosition,077384e0,151,90_plus_uncertain_gaze_or_xr_structure_near_certain,eye_source; validity_gate; pose_vector; data_collection; structure_combo,strong_eye_source_hits_1; validity_or_gating_hits_11; strong_pose_or_ray_construction_hits_2; strong_file_logging_hits_2; source_validity_pose_sink_structure; strong_eye_source_validity_pose_sink_structure; functionality_data_collection_or_telemetry_hits_2,base_scanner_score_151; module_bonus_validity_gate_8; module_bonus_pose_vector_10; module_bonus_data_collection_22; module_bonus_structure_combo_18; sensitive_sink_data_collection_bonus_15; keyword_support_eye_or_gaze_5_bonus_20; keyword_support_collection_or_telemetry_4_bonus_16,C:\realDesktop\manifest-evaluations\summer-26\ghidra-pipeline\il2cpp-files\MatchPointTennis\general-structure-results\90_plus_uncertain_gaze_or_xr_structure_near_certain\077384e0_Meta.XR.MRUtilityKit.MRUKRoom$$TryGetClosestSurfacePosition.c,C:\realDesktop\manifest-evaluations\summer-26\ghidra-pipeline\il2cpp-files\MatchPointTennis\manual-review-pack\A_must_review\019_p260_Meta.XR.MRUtilityKit.MRUKRoom$$TryGetClosestSurfacePosition.c
20,260,A_must_review,Meta.XR.MRUtilityKit.MRUKRoom$$TryGetClosestSurfacePosition,0773850c,151,90_plus_uncertain_gaze_or_xr_structure_near_certain,eye_source; validity_gate; pose_vector; data_collection; structure_combo,strong_eye_source_hits_1; validity_or_gating_hits_11; strong_pose_or_ray_construction_hits_2; strong_file_logging_hits_2; source_validity_pose_sink_structure; strong_eye_source_validity_pose_sink_structure; functionality_data_collection_or_telemetry_hits_2,base_scanner_score_151; module_bonus_validity_gate_8; module_bonus_pose_vector_10; module_bonus_data_collection_22; module_bonus_structure_combo_18; sensitive_sink_data_collection_bonus_15; keyword_support_eye_or_gaze_5_bonus_20; keyword_support_collection_or_telemetry_4_bonus_16,C:\realDesktop\manifest-evaluations\summer-26\ghidra-pipeline\il2cpp-files\MatchPointTennis\general-structure-results\90_plus_uncertain_gaze_or_xr_structure_near_certain\0773850c_Meta.XR.MRUtilityKit.MRUKRoom$$TryGetClosestSurfacePosition.c,C:\realDesktop\manifest-evaluations\summer-26\ghidra-pipeline\il2cpp-files\MatchPointTennis\manual-review-pack\A_must_review\020_p260_Meta.XR.MRUtilityKit.MRUKRoom$$TryGetClosestSurfacePosition.c
21,260,A_must_review,Meta.XR.MRUtilityKit.MRUKAnchor$$GetClosestSurfacePosition,07731f78,151,90_plus_uncertain_gaze_or_xr_structure_near_certain,eye_source; validity_gate; pose_vector; data_collection; structure_combo,strong_eye_source_hits_1; validity_or_gating_hits_10; strong_pose_or_ray_construction_hits_2; strong_file_logging_hits_2; source_validity_pose_sink_structure; strong_eye_source_validity_pose_sink_structure; functionality_data_collection_or_telemetry_hits_2,base_scanner_score_151; module_bonus_validity_gate_8; module_bonus_pose_vector_10; module_bonus_data_collection_22; module_bonus_structure_combo_18; sensitive_sink_data_collection_bonus_15; keyword_support_eye_or_gaze_5_bonus_20; keyword_support_collection_or_telemetry_4_bonus_16,C:\realDesktop\manifest-evaluations\summer-26\ghidra-pipeline\il2cpp-files\MatchPointTennis\general-structure-results\90_plus_uncertain_gaze_or_xr_structure_near_certain\07731f78_Meta.XR.MRUtilityKit.MRUKAnchor$$GetClosestSurfacePosition.c,C:\realDesktop\manifest-evaluations\summer-26\ghidra-pipeline\il2cpp-files\MatchPointTennis\manual-review-pack\A_must_review\021_p260_Meta.XR.MRUtilityKit.MRUKAnchor$$GetClosestSurfacePosition.c
22,260,A_must_review,Meta.XR.MRUtilityKit.ImmersiveSceneDebugger$$GetClosestSurfacePosition,0771c7e8,151,90_plus_uncertain_gaze_or_xr_structure_near_certain,eye_source; validity_gate; pose_vector; data_collection; structure_combo,strong_eye_source_hits_1; validity_or_gating_hits_10; strong_pose_or_ray_construction_hits_2; strong_file_logging_hits_2; source_validity_pose_sink_structure; strong_eye_source_validity_pose_sink_structure; functionality_data_collection_or_telemetry_hits_2,base_scanner_score_151; module_bonus_validity_gate_8; module_bonus_pose_vector_10; module_bonus_data_collection_22; module_bonus_structure_combo_18; sensitive_sink_data_collection_bonus_15; keyword_support_eye_or_gaze_5_bonus_20; keyword_support_collection_or_telemetry_4_bonus_16,C:\realDesktop\manifest-evaluations\summer-26\ghidra-pipeline\il2cpp-files\MatchPointTennis\general-structure-results\90_plus_uncertain_gaze_or_xr_structure_near_certain\0771c7e8_Meta.XR.MRUtilityKit.ImmersiveSceneDebugger$$GetClosestSurfacePosition.c,C:\realDesktop\manifest-evaluations\summer-26\ghidra-pipeline\il2cpp-files\MatchPointTennis\manual-review-pack\A_must_review\022_p260_Meta.XR.MRUtilityKit.ImmersiveSceneDebugger$$GetClosestSurfacePosition.c
23,247,A_must_review,Meta.XR.ImmersiveDebugger.UserInterface.Generic.Cursor$$SetCursorRay,076ee778,166,90_plus_uncertain_gaze_interaction_near_certain,eye_source; validity_gate; pose_vector; paired_state_refs; ui_interaction; frame_behavior; structure_combo,strong_eye_source_hits_1; validity_or_gating_hits_18; strong_pose_or_ray_construction_hits_4; paired_field_refs_with_eye_source; ui_or_gameplay_sink_hits_6; frame_or_lifecycle_behavior; source_validity_pose_sink_structure; strong_eye_source_validity_pose_sink_structure; functionality_gaze_interaction_hits_6,base_scanner_score_166; module_bonus_validity_gate_8; module_bonus_pose_vector_10; module_bonus_paired_state_refs_8; module_bonus_ui_interaction_12; module_bonus_frame_behavior_5; module_bonus_structure_combo_18; keyword_support_eye_or_gaze_5_bonus_20,C:\realDesktop\manifest-evaluations\summer-26\ghidra-pipeline\il2cpp-files\MatchPointTennis\general-structure-results\90_plus_uncertain_gaze_interaction_near_certain\076ee778_Meta.XR.ImmersiveDebugger.UserInterface.Generic.Cursor$$SetCursorRay.c,C:\realDesktop\manifest-evaluations\summer-26\ghidra-pipeline\il2cpp-files\MatchPointTennis\manual-review-pack\A_must_review\023_p247_Meta.XR.ImmersiveDebugger.UserInterface.Generic.Cursor$$SetCursorRay.c
24,243,A_must_review,System.Array.EmptyInternalEnumerator<OVRPlugin.Qpl.Annotation>$$Dispose,07530ec0,158,90_plus_framework_support_only_near_certain,eye_source; weak_source_state; validity_gate; pose_vector; paired_state_refs; ray_interaction; structure_combo,strong_eye_source_hits_2; weak_xr_or_state_hits_2; validity_or_gating_hits_7; strong_pose_or_ray_construction_hits_4; paired_field_refs_with_eye_source; ray_or_cast_sink_hits_2; source_validity_pose_sink_structure; strong_eye_source_validity_pose_sink_structure; negative_framework_support_context_without_confirmed_app_level_gaze_flow; functionality_gaze_interaction_hits_2,base_scanner_score_158; module_bonus_validity_gate_8; module_bonus_pose_vector_10; module_bonus_paired_state_refs_8; module_bonus_ray_interaction_15; module_bonus_structure_combo_18; keyword_support_eye_or_gaze_5_bonus_20; keyword_support_sdk_2_bonus_6,C:\realDesktop\manifest-evaluations\summer-26\ghidra-pipeline\il2cpp-files\MatchPointTennis\general-structure-results\90_plus_framework_support_only_near_certain\07530ec0_System.Array.EmptyInternalEnumerator_OVRPlugin.Qpl.Annotation_$$Dispose.c,C:\realDesktop\manifest-evaluations\summer-26\ghidra-pipeline\il2cpp-files\MatchPointTennis\manual-review-pack\A_must_review\024_p243_System.Array.EmptyInternalEnumerator_OVRPlugin.Qpl.Annotation_$$Dispose.c
25,242,A_must_review,Meta.XR.MRUtilityKit.BuildingBlocks.PointAndLocate$$GetRaycastRay,0775a7c4,163,90_plus_uncertain_gaze_interaction_near_certain,eye_source; validity_gate; pose_vector; paired_state_refs; ray_interaction; structure_combo,strong_eye_source_hits_1; validity_or_gating_hits_17; strong_pose_or_ray_construction_hits_4; paired_field_refs_with_eye_source; ray_or_cast_sink_hits_2; source_validity_pose_sink_structure; strong_eye_source_validity_pose_sink_structure; functionality_gaze_interaction_hits_2,base_scanner_score_163; module_bonus_validity_gate_8; module_bonus_pose_vector_10; module_bonus_paired_state_refs_8; module_bonus_ray_interaction_15; module_bonus_structure_combo_18; keyword_support_eye_or_gaze_5_bonus_20,C:\realDesktop\manifest-evaluations\summer-26\ghidra-pipeline\il2cpp-files\MatchPointTennis\general-structure-results\90_plus_uncertain_gaze_interaction_near_certain\0775a7c4_Meta.XR.MRUtilityKit.BuildingBlocks.PointAndLocate$$GetRaycastRay.c,C:\realDesktop\manifest-evaluations\summer-26\ghidra-pipeline\il2cpp-files\MatchPointTennis\manual-review-pack\A_must_review\025_p242_Meta.XR.MRUtilityKit.BuildingBlocks.PointAndLocate$$GetRaycastRay.c
26,242,A_must_review,Meta.XR.MRUtilityKit.BuildingBlocks.GrabAndLocate$$GetRaycastRay,07759fec,163,90_plus_uncertain_gaze_interaction_near_certain,eye_source; validity_gate; pose_vector; paired_state_refs; ray_interaction; structure_combo,strong_eye_source_hits_1; validity_or_gating_hits_21; strong_pose_or_ray_construction_hits_4; paired_field_refs_with_eye_source; ray_or_cast_sink_hits_2; source_validity_pose_sink_structure; strong_eye_source_validity_pose_sink_structure; functionality_gaze_interaction_hits_2,base_scanner_score_163; module_bonus_validity_gate_8; module_bonus_pose_vector_10; module_bonus_paired_state_refs_8; module_bonus_ray_interaction_15; module_bonus_structure_combo_18; keyword_support_eye_or_gaze_5_bonus_20,C:\realDesktop\manifest-evaluations\summer-26\ghidra-pipeline\il2cpp-files\MatchPointTennis\general-structure-results\90_plus_uncertain_gaze_interaction_near_certain\07759fec_Meta.XR.MRUtilityKit.BuildingBlocks.GrabAndLocate$$GetRaycastRay.c,C:\realDesktop\manifest-evaluations\summer-26\ghidra-pipeline\il2cpp-files\MatchPointTennis\manual-review-pack\A_must_review\026_p242_Meta.XR.MRUtilityKit.BuildingBlocks.GrabAndLocate$$GetRaycastRay.c
27,235,A_must_review,System.Array.EmptyInternalEnumerator<OVRPlugin.Qpl.Annotation>$$get_Current,07530ecc,150,90_plus_framework_support_only_near_certain,eye_source; weak_source_state; validity_gate; pose_vector; paired_state_refs; ray_interaction; structure_combo,strong_eye_source_hits_2; weak_xr_or_state_hits_2; validity_or_gating_hits_7; strong_pose_or_ray_construction_hits_2; paired_field_refs_with_eye_source; ray_or_cast_sink_hits_2; source_validity_pose_sink_structure; strong_eye_source_validity_pose_sink_structure; negative_framework_support_context_without_confirmed_app_level_gaze_flow; functionality_gaze_interaction_hits_2,base_scanner_score_150; module_bonus_validity_gate_8; module_bonus_pose_vector_10; module_bonus_paired_state_refs_8; module_bonus_ray_interaction_15; module_bonus_structure_combo_18; keyword_support_eye_or_gaze_5_bonus_20; keyword_support_sdk_2_bonus_6,C:\realDesktop\manifest-evaluations\summer-26\ghidra-pipeline\il2cpp-files\MatchPointTennis\general-structure-results\90_plus_framework_support_only_near_certain\07530ecc_System.Array.EmptyInternalEnumerator_OVRPlugin.Qpl.Annotation_$$get_Current.c,C:\realDesktop\manifest-evaluations\summer-26\ghidra-pipeline\il2cpp-files\MatchPointTennis\manual-review-pack\A_must_review\027_p235_System.Array.EmptyInternalEnumerator_OVRPlugin.Qpl.Annotation_$$get_Current.c
28,235,A_must_review,System.Array.EmptyInternalEnumerator<OVRPlugin.Qpl.Annotation>$$System.Collections.IEnumerator.get_Current,07530f14,150,90_plus_framework_support_only_near_certain,eye_source; weak_source_state; validity_gate; pose_vector; paired_state_refs; ray_interaction; structure_combo,strong_eye_source_hits_2; weak_xr_or_state_hits_2; validity_or_gating_hits_7; strong_pose_or_ray_construction_hits_2; paired_field_refs_with_eye_source; ray_or_cast_sink_hits_2; source_validity_pose_sink_structure; strong_eye_source_validity_pose_sink_structure; negative_framework_support_context_without_confirmed_app_level_gaze_flow; functionality_gaze_interaction_hits_2,base_scanner_score_150; module_bonus_validity_gate_8; module_bonus_pose_vector_10; module_bonus_paired_state_refs_8; module_bonus_ray_interaction_15; module_bonus_structure_combo_18; keyword_support_eye_or_gaze_5_bonus_20; keyword_support_sdk_2_bonus_6,C:\realDesktop\manifest-evaluations\summer-26\ghidra-pipeline\il2cpp-files\MatchPointTennis\general-structure-results\90_plus_framework_support_only_near_certain\07530f14_System.Array.EmptyInternalEnumerator_OVRPlugin.Qpl.Annotation_$$System.Collections.IEnumerator.get_Current.c,C:\realDesktop\manifest-evaluations\summer-26\ghidra-pipeline\il2cpp-files\MatchPointTennis\manual-review-pack\A_must_review\028_p235_System.Array.EmptyInternalEnumerator_OVRPlugin.Qpl.Annotation_$$System.Collections.IEnumerator.get_Current.c
29,235,A_must_review,System.Array.EmptyInternalEnumerator<OVRPlugin.Qpl.Annotation>$$System.Collections.IEnumerator.Reset,07530f28,150,90_plus_framework_support_only_near_certain,eye_source; weak_source_state; validity_gate; pose_vector; paired_state_refs; ray_interaction; structure_combo,strong_eye_source_hits_2; weak_xr_or_state_hits_2; validity_or_gating_hits_7; strong_pose_or_ray_construction_hits_2; paired_field_refs_with_eye_source; ray_or_cast_sink_hits_2; source_validity_pose_sink_structure; strong_eye_source_validity_pose_sink_structure; negative_framework_support_context_without_confirmed_app_level_gaze_flow; functionality_gaze_interaction_hits_2,base_scanner_score_150; module_bonus_validity_gate_8; module_bonus_pose_vector_10; module_bonus_paired_state_refs_8; module_bonus_ray_interaction_15; module_bonus_structure_combo_18; keyword_support_eye_or_gaze_5_bonus_20; keyword_support_sdk_2_bonus_6,C:\realDesktop\manifest-evaluations\summer-26\ghidra-pipeline\il2cpp-files\MatchPointTennis\general-structure-results\90_plus_framework_support_only_near_certain\07530f28_System.Array.EmptyInternalEnumerator_OVRPlugin.Qpl.Annotation_$$System.Collections.IEnumerator.Reset.c,C:\realDesktop\manifest-evaluations\summer-26\ghidra-pipeline\il2cpp-files\MatchPointTennis\manual-review-pack\A_must_review\029_p235_System.Array.EmptyInternalEnumerator_OVRPlugin.Qpl.Annotation_$$System.Collections.IEnumerator.Reset.c
30,235,A_must_review,System.Array.EmptyInternalEnumerator<OVRPlugin.Qpl.Annotation>$$MoveNext,07530ec4,150,90_plus_framework_support_only_near_certain,eye_source; weak_source_state; validity_gate; pose_vector; paired_state_refs; ray_interaction; structure_combo,strong_eye_source_hits_2; weak_xr_or_state_hits_2; validity_or_gating_hits_7; strong_pose_or_ray_construction_hits_2; paired_field_refs_with_eye_source; ray_or_cast_sink_hits_2; source_validity_pose_sink_structure; strong_eye_source_validity_pose_sink_structure; negative_framework_support_context_without_confirmed_app_level_gaze_flow; functionality_gaze_interaction_hits_2,base_scanner_score_150; module_bonus_validity_gate_8; module_bonus_pose_vector_10; module_bonus_paired_state_refs_8; module_bonus_ray_interaction_15; module_bonus_structure_combo_18; keyword_support_eye_or_gaze_5_bonus_20; keyword_support_sdk_2_bonus_6,C:\realDesktop\manifest-evaluations\summer-26\ghidra-pipeline\il2cpp-files\MatchPointTennis\general-structure-results\90_plus_framework_support_only_near_certain\07530ec4_System.Array.EmptyInternalEnumerator_OVRPlugin.Qpl.Annotation_$$MoveNext.c,C:\realDesktop\manifest-evaluations\summer-26\ghidra-pipeline\il2cpp-files\MatchPointTennis\manual-review-pack\A_must_review\030_p235_System.Array.EmptyInternalEnumerator_OVRPlugin.Qpl.Annotation_$$MoveNext.c
31,235,A_must_review,System.Array.EmptyInternalEnumerator<OVRPlugin.Qpl.Annotation>$$.ctor,07530f2c,150,90_plus_framework_support_only_near_certain,eye_source; weak_source_state; validity_gate; pose_vector; paired_state_refs; ray_interaction; structure_combo,strong_eye_source_hits_2; weak_xr_or_state_hits_2; validity_or_gating_hits_7; strong_pose_or_ray_construction_hits_2; paired_field_refs_with_eye_source; ray_or_cast_sink_hits_2; source_validity_pose_sink_structure; strong_eye_source_validity_pose_sink_structure; negative_framework_support_context_without_confirmed_app_level_gaze_flow; functionality_gaze_interaction_hits_2,base_scanner_score_150; module_bonus_validity_gate_8; module_bonus_pose_vector_10; module_bonus_paired_state_refs_8; module_bonus_ray_interaction_15; module_bonus_structure_combo_18; keyword_support_eye_or_gaze_5_bonus_20; keyword_support_sdk_2_bonus_6,C:\realDesktop\manifest-evaluations\summer-26\ghidra-pipeline\il2cpp-files\MatchPointTennis\general-structure-results\90_plus_framework_support_only_near_certain\07530f2c_System.Array.EmptyInternalEnumerator_OVRPlugin.Qpl.Annotation_$$.ctor.c,C:\realDesktop\manifest-evaluations\summer-26\ghidra-pipeline\il2cpp-files\MatchPointTennis\manual-review-pack\A_must_review\031_p235_System.Array.EmptyInternalEnumerator_OVRPlugin.Qpl.Annotation_$$.ctor.c
32,235,A_must_review,System.Array.EmptyInternalEnumerator<OVRPlugin.Qpl.Annotation>$$.cctor,07530f34,150,90_plus_framework_support_only_near_certain,eye_source; weak_source_state; validity_gate; pose_vector; paired_state_refs; ray_interaction; structure_combo,strong_eye_source_hits_2; weak_xr_or_state_hits_2; validity_or_gating_hits_7; strong_pose_or_ray_construction_hits_2; paired_field_refs_with_eye_source; ray_or_cast_sink_hits_2; source_validity_pose_sink_structure; strong_eye_source_validity_pose_sink_structure; negative_framework_support_context_without_confirmed_app_level_gaze_flow; functionality_gaze_interaction_hits_2,base_scanner_score_150; module_bonus_validity_gate_8; module_bonus_pose_vector_10; module_bonus_paired_state_refs_8; module_bonus_ray_interaction_15; module_bonus_structure_combo_18; keyword_support_eye_or_gaze_5_bonus_20; keyword_support_sdk_2_bonus_6,C:\realDesktop\manifest-evaluations\summer-26\ghidra-pipeline\il2cpp-files\MatchPointTennis\general-structure-results\90_plus_framework_support_only_near_certain\07530f34_System.Array.EmptyInternalEnumerator_OVRPlugin.Qpl.Annotation_$$.cctor.c,C:\realDesktop\manifest-evaluations\summer-26\ghidra-pipeline\il2cpp-files\MatchPointTennis\manual-review-pack\A_must_review\032_p235_System.Array.EmptyInternalEnumerator_OVRPlugin.Qpl.Annotation_$$.cctor.c
33,234,A_must_review,Meta.XR.MRUtilityKit.BuildingBlocks.PointAndLocate$$get_RaycastOrigin,0775a78c,155,90_plus_uncertain_gaze_interaction_near_certain,eye_source; validity_gate; pose_vector; paired_state_refs; ray_interaction; structure_combo,strong_eye_source_hits_1; validity_or_gating_hits_21; strong_pose_or_ray_construction_hits_2; paired_field_refs_with_eye_source; ray_or_cast_sink_hits_2; source_validity_pose_sink_structure; strong_eye_source_validity_pose_sink_structure; functionality_gaze_retrieval_or_extraction; functionality_gaze_interaction_hits_2,base_scanner_score_155; module_bonus_validity_gate_8; module_bonus_pose_vector_10; module_bonus_paired_state_refs_8; module_bonus_ray_interaction_15; module_bonus_structure_combo_18; keyword_support_eye_or_gaze_5_bonus_20,C:\realDesktop\manifest-evaluations\summer-26\ghidra-pipeline\il2cpp-files\MatchPointTennis\general-structure-results\90_plus_uncertain_gaze_interaction_near_certain\0775a78c_Meta.XR.MRUtilityKit.BuildingBlocks.PointAndLocate$$get_RaycastOrigin.c,C:\realDesktop\manifest-evaluations\summer-26\ghidra-pipeline\il2cpp-files\MatchPointTennis\manual-review-pack\A_must_review\033_p234_Meta.XR.MRUtilityKit.BuildingBlocks.PointAndLocate$$get_RaycastOrigin.c
34,233,A_must_review,UnityEngine.XR.Interaction.Toolkit.Utilities.XRInteractableUtility$$TryGetClosestPointOnCollider,092bcf0c,85,70_high_general_structure_review_high,validity_gate; ray_interaction; ui_interaction; data_collection; telemetry; frame_behavior,validity_or_gating_hits_21; ray_or_cast_sink_hits_2; ui_or_gameplay_sink_hits_4; strong_file_logging_hits_2; telemetry_or_network_hits_4; frame_or_lifecycle_behavior; negative_framework_namespace_without_eye_use_flow,base_scanner_score_85; module_bonus_validity_gate_8; module_bonus_ray_interaction_15; module_bonus_ui_interaction_12; module_bonus_data_collection_22; module_bonus_telemetry_20; module_bonus_frame_behavior_5; evidence_bonus_telemetry_or_network_hits_12; sensitive_sink_data_collection_bonus_15; sensitive_sink_telemetry_bonus_15; keyword_support_eye_or_gaze_2_bonus_8; keyword_support_collection_or_telemetry_4_bonus_16,C:\realDesktop\manifest-evaluations\summer-26\ghidra-pipeline\il2cpp-files\MatchPointTennis\general-structure-results\70_high_general_structure_review_high\092bcf0c_UnityEngine.XR.Interaction.Toolkit.Utilities.XRInteractableUtility$$TryGetClosestPointOnCollider.c,C:\realDesktop\manifest-evaluations\summer-26\ghidra-pipeline\il2cpp-files\MatchPointTennis\manual-review-pack\A_must_review\034_p233_UnityEngine.XR.Interaction.Toolkit.Utilities.XRInteractableUtility$$TryGetClosestPointOnCollider.c
35,233,A_must_review,UnityEngine.XR.Interaction.Toolkit.SortingHelpers.ClosestPointOnColliderEvaluator$$EvaluateDistance,092bce24,85,70_high_general_structure_review_high,validity_gate; ray_interaction; ui_interaction; data_collection; telemetry; frame_behavior,validity_or_gating_hits_21; ray_or_cast_sink_hits_2; ui_or_gameplay_sink_hits_4; strong_file_logging_hits_2; telemetry_or_network_hits_4; frame_or_lifecycle_behavior; negative_framework_namespace_without_eye_use_flow,base_scanner_score_85; module_bonus_validity_gate_8; module_bonus_ray_interaction_15; module_bonus_ui_interaction_12; module_bonus_data_collection_22; module_bonus_telemetry_20; module_bonus_frame_behavior_5; evidence_bonus_telemetry_or_network_hits_12; sensitive_sink_data_collection_bonus_15; sensitive_sink_telemetry_bonus_15; keyword_support_eye_or_gaze_2_bonus_8; keyword_support_collection_or_telemetry_4_bonus_16,C:\realDesktop\manifest-evaluations\summer-26\ghidra-pipeline\il2cpp-files\MatchPointTennis\general-structure-results\70_high_general_structure_review_high\092bce24_UnityEngine.XR.Interaction.Toolkit.SortingHelpers.ClosestPointOnColliderEvaluator$$EvaluateDistance.c,C:\realDesktop\manifest-evaluations\summer-26\ghidra-pipeline\il2cpp-files\MatchPointTennis\manual-review-pack\A_must_review\035_p233_UnityEngine.XR.Interaction.Toolkit.SortingHelpers.ClosestPointOnColliderEvaluator$$EvaluateDistance.c
36,233,A_must_review,UnityEngine.XR.Interaction.Toolkit.SortingHelpers.ClosestPointOnColliderEvaluator$$.ctor,092bcd74,85,70_high_general_structure_review_high,validity_gate; ray_interaction; ui_interaction; data_collection; telemetry; frame_behavior,validity_or_gating_hits_21; ray_or_cast_sink_hits_2; ui_or_gameplay_sink_hits_4; strong_file_logging_hits_2; telemetry_or_network_hits_4; frame_or_lifecycle_behavior; negative_framework_namespace_without_eye_use_flow,base_scanner_score_85; module_bonus_validity_gate_8; module_bonus_ray_interaction_15; module_bonus_ui_interaction_12; module_bonus_data_collection_22; module_bonus_telemetry_20; module_bonus_frame_behavior_5; evidence_bonus_telemetry_or_network_hits_12; sensitive_sink_data_collection_bonus_15; sensitive_sink_telemetry_bonus_15; keyword_support_eye_or_gaze_2_bonus_8; keyword_support_collection_or_telemetry_4_bonus_16,C:\realDesktop\manifest-evaluations\summer-26\ghidra-pipeline\il2cpp-files\MatchPointTennis\general-structure-results\70_high_general_structure_review_high\092bcd74_UnityEngine.XR.Interaction.Toolkit.SortingHelpers.ClosestPointOnColliderEvaluator$$.ctor.c,C:\realDesktop\manifest-evaluations\summer-26\ghidra-pipeline\il2cpp-files\MatchPointTennis\manual-review-pack\A_must_review\036_p233_UnityEngine.XR.Interaction.Toolkit.SortingHelpers.ClosestPointOnColliderEvaluator$$.ctor.c
37,224,A_must_review,OVRPlugin$$RequestBodyTrackingFidelity,07c86d98,119,90_plus_uncertain_gaze_or_xr_structure_near_certain,eye_source; weak_source_state; validity_gate; paired_state_refs; telemetry,strong_eye_source_hits_2; weak_xr_or_state_hits_2; validity_or_gating_hits_18; paired_field_refs_with_eye_source; telemetry_or_network_hits_2; functionality_data_collection_or_telemetry_hits_2,base_scanner_score_119; module_bonus_validity_gate_8; module_bonus_paired_state_refs_8; module_bonus_telemetry_20; evidence_bonus_telemetry_or_network_hits_12; sensitive_sink_telemetry_bonus_15; keyword_support_eye_or_gaze_5_bonus_20; keyword_support_sdk_2_bonus_6; keyword_support_collection_or_telemetry_4_bonus_16,C:\realDesktop\manifest-evaluations\summer-26\ghidra-pipeline\il2cpp-files\MatchPointTennis\general-structure-results\90_plus_uncertain_gaze_or_xr_structure_near_certain\07c86d98_OVRPlugin$$RequestBodyTrackingFidelity.c,C:\realDesktop\manifest-evaluations\summer-26\ghidra-pipeline\il2cpp-files\MatchPointTennis\manual-review-pack\A_must_review\037_p224_OVRPlugin$$RequestBodyTrackingFidelity.c
38,224,A_must_review,FUN_096e20e4,096e20e4,89,70_high_general_structure_review_high,validity_gate; ray_interaction; telemetry; frame_behavior; keyword_support,validity_or_gating_hits_7; ray_or_cast_sink_hits_3; telemetry_or_network_hits_4; frame_or_lifecycle_behavior; eye_or_gaze_keyword_boost_only; cap_below_near_certain_without_eye_anchor_or_ordered_structure,base_scanner_score_89; module_bonus_validity_gate_8; module_bonus_ray_interaction_15; module_bonus_telemetry_20; module_bonus_frame_behavior_5; module_bonus_keyword_support_12; evidence_bonus_telemetry_or_network_hits_12; evidence_bonus_eye_or_gaze_keyword_boost_12; sensitive_sink_telemetry_bonus_15; keyword_support_eye_or_gaze_5_bonus_20; keyword_support_collection_or_telemetry_4_bonus_16,C:\realDesktop\manifest-evaluations\summer-26\ghidra-pipeline\il2cpp-files\MatchPointTennis\general-structure-results\70_high_general_structure_review_high\096e20e4_FUN_096e20e4.c,C:\realDesktop\manifest-evaluations\summer-26\ghidra-pipeline\il2cpp-files\MatchPointTennis\manual-review-pack\A_must_review\038_p224_FUN_096e20e4.c
39,221,A_must_review,OVRManager$$get_xrSession,07c5aa7c,116,90_plus_uncertain_gaze_or_xr_structure_near_certain,eye_source; weak_source_state; validity_gate; paired_state_refs; telemetry,strong_eye_source_hits_2; weak_xr_or_state_hits_2; validity_or_gating_hits_3; paired_field_refs_with_eye_source; telemetry_or_network_hits_2; functionality_data_collection_or_telemetry_hits_2,base_scanner_score_116; module_bonus_validity_gate_8; module_bonus_paired_state_refs_8; module_bonus_telemetry_20; evidence_bonus_telemetry_or_network_hits_12; sensitive_sink_telemetry_bonus_15; keyword_support_eye_or_gaze_5_bonus_20; keyword_support_sdk_2_bonus_6; keyword_support_collection_or_telemetry_4_bonus_16,C:\realDesktop\manifest-evaluations\summer-26\ghidra-pipeline\il2cpp-files\MatchPointTennis\general-structure-results\90_plus_uncertain_gaze_or_xr_structure_near_certain\07c5aa7c_OVRManager$$get_xrSession.c,C:\realDesktop\manifest-evaluations\summer-26\ghidra-pipeline\il2cpp-files\MatchPointTennis\manual-review-pack\A_must_review\039_p221_OVRManager$$get_xrSession.c
40,221,A_must_review,UnityEngine.XR.Interaction.Toolkit.Utilities.BurstGazeUtility$$IsAlignedToGazeForward,092bda28,71,70_high_uncertain_gaze_interaction_high,validity_gate; pose_vector; paired_state_refs; ui_interaction; telemetry; frame_behavior; keyword_support,validity_or_gating_hits_21; strong_pose_or_ray_construction_hits_2; paired_field_refs_with_structure_only; ui_or_gameplay_sink_hits_4; telemetry_or_network_hits_4; frame_or_lifecycle_behavior; eye_or_gaze_keyword_boost_only; negative_framework_namespace_without_eye_use_flow; functionality_gaze_interaction_hits_4; functionality_data_collection_or_telemetry_hits_4,base_scanner_score_71; module_bonus_validity_gate_8; module_bonus_pose_vector_10; module_bonus_paired_state_refs_8; module_bonus_ui_interaction_12; module_bonus_telemetry_20; module_bonus_frame_behavior_5; module_bonus_keyword_support_12; evidence_bonus_telemetry_or_network_hits_12; evidence_bonus_eye_or_gaze_keyword_boost_12; sensitive_sink_telemetry_bonus_15; keyword_support_eye_or_gaze_5_bonus_20; keyword_support_collection_or_telemetry_4_bonus_16,C:\realDesktop\manifest-evaluations\summer-26\ghidra-pipeline\il2cpp-files\MatchPointTennis\general-structure-results\70_high_uncertain_gaze_interaction_high\092bda28_UnityEngine.XR.Interaction.Toolkit.Utilities.BurstGazeUtility$$IsAlignedToGazeForward.c,C:\realDesktop\manifest-evaluations\summer-26\ghidra-pipeline\il2cpp-files\MatchPointTennis\manual-review-pack\A_must_review\040_p221_UnityEngine.XR.Interaction.Toolkit.Utilities.BurstGazeUtility$$IsAlignedToGazeForward.c
41,220,A_must_review,Newtonsoft.Json.Serialization.JsonSerializerInternalWriter$$WriteStartArray,07a4edd4,89,70_high_general_structure_review_high,validity_gate; pose_vector; data_collection; telemetry; frame_behavior,validity_or_gating_hits_10; strong_pose_or_ray_construction_hits_4; strong_file_logging_hits_2; telemetry_or_network_hits_2; frame_or_lifecycle_behavior; cap_below_near_certain_without_eye_anchor_or_ordered_structure,base_scanner_score_89; module_bonus_validity_gate_8; module_bonus_pose_vector_10; module_bonus_data_collection_22; module_bonus_telemetry_20; module_bonus_frame_behavior_5; evidence_bonus_telemetry_or_network_hits_12; sensitive_sink_data_collection_bonus_15; sensitive_sink_telemetry_bonus_15; keyword_support_eye_or_gaze_2_bonus_8; keyword_support_collection_or_telemetry_4_bonus_16,C:\realDesktop\manifest-evaluations\summer-26\ghidra-pipeline\il2cpp-files\MatchPointTennis\general-structure-results\70_high_general_structure_review_high\07a4edd4_Newtonsoft.Json.Serialization.JsonSerializerInternalWriter$$WriteStartArray.c,C:\realDesktop\manifest-evaluations\summer-26\ghidra-pipeline\il2cpp-files\MatchPointTennis\manual-review-pack\A_must_review\041_p220_Newtonsoft.Json.Serialization.JsonSerializerInternalWriter$$WriteStartArray.c
42,217,A_must_review,OVRPlugin$$RequestSceneCapture,07c8ac88,117,90_plus_uncertain_gaze_or_xr_structure_near_certain,eye_source; weak_source_state; validity_gate; telemetry,strong_eye_source_hits_3; weak_xr_or_state_hits_3; validity_or_gating_hits_3; telemetry_or_network_hits_3; functionality_data_collection_or_telemetry_hits_3,base_scanner_score_117; module_bonus_validity_gate_8; module_bonus_telemetry_20; evidence_bonus_telemetry_or_network_hits_12; sensitive_sink_telemetry_bonus_15; keyword_support_eye_or_gaze_5_bonus_20; keyword_support_sdk_3_bonus_9; keyword_support_collection_or_telemetry_4_bonus_16,C:\realDesktop\manifest-evaluations\summer-26\ghidra-pipeline\il2cpp-files\MatchPointTennis\general-structure-results\90_plus_uncertain_gaze_or_xr_structure_near_certain\07c8ac88_OVRPlugin$$RequestSceneCapture.c,C:\realDesktop\manifest-evaluations\summer-26\ghidra-pipeline\il2cpp-files\MatchPointTennis\manual-review-pack\A_must_review\042_p217_OVRPlugin$$RequestSceneCapture.c
43,217,A_must_review,Unity.Services.Analytics.AdImpressionEvent$$set_AdTimeCloseButtonShownMs,08de9bf0,89,70_high_likely_false_positive_high,validity_gate; ui_interaction; data_collection; telemetry,validity_or_gating_hits_7; ui_or_gameplay_sink_hits_2; strong_file_logging_hits_2; telemetry_or_network_hits_2; cap_below_near_certain_without_eye_anchor_or_ordered_structure,base_scanner_score_89; module_bonus_validity_gate_8; module_bonus_ui_interaction_12; module_bonus_data_collection_22; module_bonus_telemetry_20; evidence_bonus_telemetry_or_network_hits_12; sensitive_sink_data_collection_bonus_15; sensitive_sink_telemetry_bonus_15; keyword_support_eye_or_gaze_2_bonus_8; keyword_support_collection_or_telemetry_4_bonus_16,C:\realDesktop\manifest-evaluations\summer-26\ghidra-pipeline\il2cpp-files\MatchPointTennis\general-structure-results\70_high_likely_false_positive_high\08de9bf0_Unity.Services.Analytics.AdImpressionEvent$$set_AdTimeCloseButtonShownMs.c,C:\realDesktop\manifest-evaluations\summer-26\ghidra-pipeline\il2cpp-files\MatchPointTennis\manual-review-pack\A_must_review\043_p217_Unity.Services.Analytics.AdImpressionEvent$$set_AdTimeCloseButtonShownMs.c
44,216,A_must_review,Meta.XR.MRUtilityKit.BuildingBlocks.VisualizeEnvRaycast$$VisualizeRay,0775b310,145,90_plus_uncertain_gaze_interaction_near_certain,eye_source; validity_gate; pose_vector; ray_interaction; structure_combo,strong_eye_source_hits_1; validity_or_gating_hits_2; strong_pose_or_ray_construction_hits_4; ray_or_cast_sink_hits_2; source_validity_pose_sink_structure; strong_eye_source_validity_pose_sink_structure; functionality_gaze_interaction_hits_2,base_scanner_score_145; module_bonus_validity_gate_8; module_bonus_pose_vector_10; module_bonus_ray_interaction_15; module_bonus_structure_combo_18; keyword_support_eye_or_gaze_5_bonus_20,C:\realDesktop\manifest-evaluations\summer-26\ghidra-pipeline\il2cpp-files\MatchPointTennis\general-structure-results\90_plus_uncertain_gaze_interaction_near_certain\0775b310_Meta.XR.MRUtilityKit.BuildingBlocks.VisualizeEnvRaycast$$VisualizeRay.c,C:\realDesktop\manifest-evaluations\summer-26\ghidra-pipeline\il2cpp-files\MatchPointTennis\manual-review-pack\A_must_review\044_p216_Meta.XR.MRUtilityKit.BuildingBlocks.VisualizeEnvRaycast$$VisualizeRay.c
45,215,A_must_review,OVRPlugin$$StopColocationSessionDiscovery,07c8baec,115,90_plus_uncertain_gaze_or_xr_structure_near_certain,eye_source; weak_source_state; validity_gate; telemetry,strong_eye_source_hits_3; weak_xr_or_state_hits_3; validity_or_gating_hits_7; telemetry_or_network_hits_2; functionality_data_collection_or_telemetry_hits_2,base_scanner_score_115; module_bonus_validity_gate_8; module_bonus_telemetry_20; evidence_bonus_telemetry_or_network_hits_12; sensitive_sink_telemetry_bonus_15; keyword_support_eye_or_gaze_5_bonus_20; keyword_support_sdk_3_bonus_9; keyword_support_collection_or_telemetry_4_bonus_16,C:\realDesktop\manifest-evaluations\summer-26\ghidra-pipeline\il2cpp-files\MatchPointTennis\general-structure-results\90_plus_uncertain_gaze_or_xr_structure_near_certain\07c8baec_OVRPlugin$$StopColocationSessionDiscovery.c,C:\realDesktop\manifest-evaluations\summer-26\ghidra-pipeline\il2cpp-files\MatchPointTennis\manual-review-pack\A_must_review\045_p215_OVRPlugin$$StopColocationSessionDiscovery.c
46,215,A_must_review,Newtonsoft.Json.Serialization.JsonSerializerInternalWriter$$SerializeMultidimensionalArray,07a4b45c,89,70_high_general_structure_review_high,validity_gate; pose_vector; data_collection; telemetry,validity_or_gating_hits_1; strong_pose_or_ray_construction_hits_4; strong_file_logging_hits_2; telemetry_or_network_hits_4; cap_below_near_certain_without_eye_anchor_or_ordered_structure,base_scanner_score_89; module_bonus_validity_gate_8; module_bonus_pose_vector_10; module_bonus_data_collection_22; module_bonus_telemetry_20; evidence_bonus_telemetry_or_network_hits_12; sensitive_sink_data_collection_bonus_15; sensitive_sink_telemetry_bonus_15; keyword_support_eye_or_gaze_2_bonus_8; keyword_support_collection_or_telemetry_4_bonus_16,C:\realDesktop\manifest-evaluations\summer-26\ghidra-pipeline\il2cpp-files\MatchPointTennis\general-structure-results\70_high_general_structure_review_high\07a4b45c_Newtonsoft.Json.Serialization.JsonSerializerInternalWriter$$SerializeMultidimensionalArray.c,C:\realDesktop\manifest-evaluations\summer-26\ghidra-pipeline\il2cpp-files\MatchPointTennis\manual-review-pack\A_must_review\046_p215_Newtonsoft.Json.Serialization.JsonSerializerInternalWriter$$SerializeMultidimensionalArray.c
47,214,A_must_review,Meta.XR.MRUtilityKit.BuildingBlocks.SpaceLocator$$set_RaycastOrigin,0775a914,143,90_plus_uncertain_gaze_interaction_near_certain,eye_source; validity_gate; pose_vector; ray_interaction; structure_combo,strong_eye_source_hits_1; validity_or_gating_hits_7; strong_pose_or_ray_construction_hits_2; ray_or_cast_sink_hits_2; source_validity_pose_sink_structure; strong_eye_source_validity_pose_sink_structure; functionality_gaze_retrieval_or_extraction; functionality_gaze_interaction_hits_2,base_scanner_score_143; module_bonus_validity_gate_8; module_bonus_pose_vector_10; module_bonus_ray_interaction_15; module_bonus_structure_combo_18; keyword_support_eye_or_gaze_5_bonus_20,C:\realDesktop\manifest-evaluations\summer-26\ghidra-pipeline\il2cpp-files\MatchPointTennis\general-structure-results\90_plus_uncertain_gaze_interaction_near_certain\0775a914_Meta.XR.MRUtilityKit.BuildingBlocks.SpaceLocator$$set_RaycastOrigin.c,C:\realDesktop\manifest-evaluations\summer-26\ghidra-pipeline\il2cpp-files\MatchPointTennis\manual-review-pack\A_must_review\047_p214_Meta.XR.MRUtilityKit.BuildingBlocks.SpaceLocator$$set_RaycastOrigin.c
48,214,A_must_review,Meta.XR.MRUtilityKit.BuildingBlocks.SpaceLocator$$get_RaycastOrigin,0775a90c,143,90_plus_uncertain_gaze_interaction_near_certain,eye_source; validity_gate; pose_vector; ray_interaction; structure_combo,strong_eye_source_hits_1; validity_or_gating_hits_8; strong_pose_or_ray_construction_hits_2; ray_or_cast_sink_hits_2; source_validity_pose_sink_structure; strong_eye_source_validity_pose_sink_structure; functionality_gaze_retrieval_or_extraction; functionality_gaze_interaction_hits_2,base_scanner_score_143; module_bonus_validity_gate_8; module_bonus_pose_vector_10; module_bonus_ray_interaction_15; module_bonus_structure_combo_18; keyword_support_eye_or_gaze_5_bonus_20,C:\realDesktop\manifest-evaluations\summer-26\ghidra-pipeline\il2cpp-files\MatchPointTennis\general-structure-results\90_plus_uncertain_gaze_interaction_near_certain\0775a90c_Meta.XR.MRUtilityKit.BuildingBlocks.SpaceLocator$$get_RaycastOrigin.c,C:\realDesktop\manifest-evaluations\summer-26\ghidra-pipeline\il2cpp-files\MatchPointTennis\manual-review-pack\A_must_review\048_p214_Meta.XR.MRUtilityKit.BuildingBlocks.SpaceLocator$$get_RaycastOrigin.c
49,214,A_must_review,Meta.XR.MRUtilityKit.BuildingBlocks.GrabAndLocate$$get_RaycastOrigin,07759cb4,143,90_plus_uncertain_gaze_interaction_near_certain,eye_source; validity_gate; pose_vector; ray_interaction; structure_combo,strong_eye_source_hits_1; validity_or_gating_hits_17; strong_pose_or_ray_construction_hits_2; ray_or_cast_sink_hits_2; source_validity_pose_sink_structure; strong_eye_source_validity_pose_sink_structure; functionality_gaze_retrieval_or_extraction; functionality_gaze_interaction_hits_2,base_scanner_score_143; module_bonus_validity_gate_8; module_bonus_pose_vector_10; module_bonus_ray_interaction_15; module_bonus_structure_combo_18; keyword_support_eye_or_gaze_5_bonus_20,C:\realDesktop\manifest-evaluations\summer-26\ghidra-pipeline\il2cpp-files\MatchPointTennis\general-structure-results\90_plus_uncertain_gaze_interaction_near_certain\07759cb4_Meta.XR.MRUtilityKit.BuildingBlocks.GrabAndLocate$$get_RaycastOrigin.c,C:\realDesktop\manifest-evaluations\summer-26\ghidra-pipeline\il2cpp-files\MatchPointTennis\manual-review-pack\A_must_review\049_p214_Meta.XR.MRUtilityKit.BuildingBlocks.GrabAndLocate$$get_RaycastOrigin.c
50,214,A_must_review,FUN_07bf982c,07bf982c,114,90_plus_uncertain_gaze_or_xr_structure_near_certain,eye_source; weak_source_state; validity_gate; telemetry,strong_eye_source_hits_3; weak_xr_or_state_hits_3; validity_or_gating_hits_2; telemetry_or_network_hits_3; functionality_data_collection_or_telemetry_hits_3,base_scanner_score_114; module_bonus_validity_gate_8; module_bonus_telemetry_20; evidence_bonus_telemetry_or_network_hits_12; sensitive_sink_telemetry_bonus_15; keyword_support_eye_or_gaze_5_bonus_20; keyword_support_sdk_3_bonus_9; keyword_support_collection_or_telemetry_4_bonus_16,C:\realDesktop\manifest-evaluations\summer-26\ghidra-pipeline\il2cpp-files\MatchPointTennis\general-structure-results\90_plus_uncertain_gaze_or_xr_structure_near_certain\07bf982c_FUN_07bf982c.c,C:\realDesktop\manifest-evaluations\summer-26\ghidra-pipeline\il2cpp-files\MatchPointTennis\manual-review-pack\A_must_review\050_p214_FUN_07bf982c.c
51,214,A_must_review,Meta.XR.MultiplayerBlocks.Shared.LocalMatchmaking.<StartDiscoveringColocationSessions>d__21$$SetStateMachine,07766208,110,90_plus_uncertain_gaze_or_xr_structure_near_certain,eye_source; validity_gate; paired_state_refs; telemetry; frame_behavior,strong_eye_source_hits_1; validity_or_gating_hits_21; paired_field_refs_with_eye_source; telemetry_or_network_hits_2; frame_or_lifecycle_behavior; functionality_data_collection_or_telemetry_hits_2,base_scanner_score_110; module_bonus_validity_gate_8; module_bonus_paired_state_refs_8; module_bonus_telemetry_20; module_bonus_frame_behavior_5; evidence_bonus_telemetry_or_network_hits_12; sensitive_sink_telemetry_bonus_15; keyword_support_eye_or_gaze_5_bonus_20; keyword_support_collection_or_telemetry_4_bonus_16,C:\realDesktop\manifest-evaluations\summer-26\ghidra-pipeline\il2cpp-files\MatchPointTennis\general-structure-results\90_plus_uncertain_gaze_or_xr_structure_near_certain\07766208_Meta.XR.MultiplayerBlocks.Shared.LocalMatchmaking._StartDiscoveringColocationSessions_d__21$$SetStateMachine.c,C:\realDesktop\manifest-evaluations\summer-26\ghidra-pipeline\il2cpp-files\MatchPointTennis\manual-review-pack\A_must_review\051_p214_Meta.XR.MultiplayerBlocks.Shared.LocalMatchmaking._StartDiscoveringColocationSessions_d__21$$SetStateMachine.c
52,213,A_must_review,OVRManager$$GetEyeTrackedFoveatedRenderingSupported,07c5b408,147,90_plus_attempted_dynamic_eye_tracked_foveation_near_certain,eye_source; weak_source_state; validity_gate; foveation_rendering; attempted_use; dynamic_foveation_possible,strong_eye_source_hits_6; weak_xr_or_state_hits_4; validity_or_gating_hits_2; strong_foveation_hits_2; attempted_eye_tracking_permission_or_feature_enable; attempted_eye_tracking_with_foveated_rendering_path; functionality_foveated_rendering,base_scanner_score_147; module_bonus_validity_gate_8; module_bonus_foveation_rendering_20; sensitive_sink_foveation_bonus_12; keyword_support_eye_or_gaze_5_bonus_20; keyword_support_sdk_2_bonus_6,C:\realDesktop\manifest-evaluations\summer-26\ghidra-pipeline\il2cpp-files\MatchPointTennis\general-structure-results\90_plus_attempted_dynamic_eye_tracked_foveation_near_certain\07c5b408_OVRManager$$GetEyeTrackedFoveatedRenderingSupported.c,C:\realDesktop\manifest-evaluations\summer-26\ghidra-pipeline\il2cpp-files\MatchPointTennis\manual-review-pack\A_must_review\052_p213_OVRManager$$GetEyeTrackedFoveatedRenderingSupported.c
53,212,A_must_review,Meta.XR.EnvironmentDepthRaycaster$$WorldPosToNonNormalizedTextureCoords,07702e98,106,90_plus_uncertain_gaze_or_xr_structure_near_certain,eye_source; validity_gate; ray_interaction; telemetry,strong_eye_source_hits_1; validity_or_gating_hits_2; ray_or_cast_sink_hits_2; telemetry_or_network_hits_2; functionality_data_collection_or_telemetry_hits_2,base_scanner_score_106; module_bonus_validity_gate_8; module_bonus_ray_interaction_15; module_bonus_telemetry_20; evidence_bonus_telemetry_or_network_hits_12; sensitive_sink_telemetry_bonus_15; keyword_support_eye_or_gaze_5_bonus_20; keyword_support_collection_or_telemetry_4_bonus_16,C:\realDesktop\manifest-evaluations\summer-26\ghidra-pipeline\il2cpp-files\MatchPointTennis\general-structure-results\90_plus_uncertain_gaze_or_xr_structure_near_certain\07702e98_Meta.XR.EnvironmentDepthRaycaster$$WorldPosToNonNormalizedTextureCoords.c,C:\realDesktop\manifest-evaluations\summer-26\ghidra-pipeline\il2cpp-files\MatchPointTennis\manual-review-pack\A_must_review\053_p212_Meta.XR.EnvironmentDepthRaycaster$$WorldPosToNonNormalizedTextureCoords.c
54,212,A_must_review,Meta.XR.EnvironmentDepthRaycaster$$WorldPosToLinearDepth,0770308c,106,90_plus_uncertain_gaze_or_xr_structure_near_certain,eye_source; validity_gate; ray_interaction; telemetry,strong_eye_source_hits_1; validity_or_gating_hits_2; ray_or_cast_sink_hits_2; telemetry_or_network_hits_2; functionality_data_collection_or_telemetry_hits_2,base_scanner_score_106; module_bonus_validity_gate_8; module_bonus_ray_interaction_15; module_bonus_telemetry_20; evidence_bonus_telemetry_or_network_hits_12; sensitive_sink_telemetry_bonus_15; keyword_support_eye_or_gaze_5_bonus_20; keyword_support_collection_or_telemetry_4_bonus_16,C:\realDesktop\manifest-evaluations\summer-26\ghidra-pipeline\il2cpp-files\MatchPointTennis\general-structure-results\90_plus_uncertain_gaze_or_xr_structure_near_certain\0770308c_Meta.XR.EnvironmentDepthRaycaster$$WorldPosToLinearDepth.c,C:\realDesktop\manifest-evaluations\summer-26\ghidra-pipeline\il2cpp-files\MatchPointTennis\manual-review-pack\A_must_review\054_p212_Meta.XR.EnvironmentDepthRaycaster$$WorldPosToLinearDepth.c
55,211,A_must_review,FUN_096dc394,096dc394,89,70_high_likely_false_positive_high,weak_source_state; validity_gate; pose_vector; ui_interaction; telemetry; frame_behavior; structure_combo,weak_xr_or_state_hits_3; validity_or_gating_hits_21; strong_pose_or_ray_construction_hits_4; ui_or_gameplay_sink_hits_2; telemetry_or_network_hits_2; frame_or_lifecycle_behavior; source_validity_pose_sink_structure; cap_below_near_certain_without_eye_anchor_or_ordered_structure,base_scanner_score_89; module_bonus_validity_gate_8; module_bonus_pose_vector_10; module_bonus_ui_interaction_12; module_bonus_telemetry_20; module_bonus_frame_behavior_5; module_bonus_structure_combo_18; evidence_bonus_telemetry_or_network_hits_12; sensitive_sink_telemetry_bonus_15; keyword_support_eye_or_gaze_2_bonus_8; keyword_support_sdk_2_bonus_6; keyword_support_collection_or_telemetry_2_bonus_8,C:\realDesktop\manifest-evaluations\summer-26\ghidra-pipeline\il2cpp-files\MatchPointTennis\general-structure-results\70_high_likely_false_positive_high\096dc394_FUN_096dc394.c,C:\realDesktop\manifest-evaluations\summer-26\ghidra-pipeline\il2cpp-files\MatchPointTennis\manual-review-pack\A_must_review\055_p211_FUN_096dc394.c
56,210,A_must_review,OVRPlugin$$set_eyeTrackedFoveatedRenderingEnabled,07c7a230,144,90_plus_attempted_dynamic_eye_tracked_foveation_near_certain,eye_source; weak_source_state; validity_gate; foveation_rendering; attempted_use; dynamic_foveation_possible,strong_eye_source_hits_6; weak_xr_or_state_hits_4; validity_or_gating_hits_1; strong_foveation_hits_2; attempted_eye_tracking_permission_or_feature_enable; attempted_eye_tracking_with_foveated_rendering_path; functionality_foveated_rendering,base_scanner_score_144; module_bonus_validity_gate_8; module_bonus_foveation_rendering_20; sensitive_sink_foveation_bonus_12; keyword_support_eye_or_gaze_5_bonus_20; keyword_support_sdk_2_bonus_6,C:\realDesktop\manifest-evaluations\summer-26\ghidra-pipeline\il2cpp-files\MatchPointTennis\general-structure-results\90_plus_attempted_dynamic_eye_tracked_foveation_near_certain\07c7a230_OVRPlugin$$set_eyeTrackedFoveatedRenderingEnabled.c,C:\realDesktop\manifest-evaluations\summer-26\ghidra-pipeline\il2cpp-files\MatchPointTennis\manual-review-pack\A_must_review\056_p210_OVRPlugin$$set_eyeTrackedFoveatedRenderingEnabled.c
57,210,A_must_review,Meta.XR.ImmersiveDebugger.UserInterface.Generic.Slider$$UpdatePillPosition,076ed0e0,137,90_plus_uncertain_eye_setup_near_certain,eye_source; validity_gate; pose_vector; ui_interaction; frame_behavior; structure_combo,strong_eye_source_hits_1; validity_or_gating_hits_2; strong_pose_or_ray_construction_hits_2; ui_or_gameplay_sink_hits_2; frame_or_lifecycle_behavior; source_validity_pose_sink_structure; strong_eye_source_validity_pose_sink_structure; functionality_eye_api_context_without_clear_sink_hits_1,base_scanner_score_137; module_bonus_validity_gate_8; module_bonus_pose_vector_10; module_bonus_ui_interaction_12; module_bonus_frame_behavior_5; module_bonus_structure_combo_18; keyword_support_eye_or_gaze_5_bonus_20,C:\realDesktop\manifest-evaluations\summer-26\ghidra-pipeline\il2cpp-files\MatchPointTennis\general-structure-results\90_plus_uncertain_eye_setup_near_certain\076ed0e0_Meta.XR.ImmersiveDebugger.UserInterface.Generic.Slider$$UpdatePillPosition.c,C:\realDesktop\manifest-evaluations\summer-26\ghidra-pipeline\il2cpp-files\MatchPointTennis\manual-review-pack\A_must_review\057_p210_Meta.XR.ImmersiveDebugger.UserInterface.Generic.Slider$$UpdatePillPosition.c
58,210,A_must_review,FUN_09712848,09712848,115,90_plus_uncertain_eye_setup_near_certain,eye_source; weak_source_state; validity_gate; telemetry,strong_eye_source_hits_4; weak_xr_or_state_hits_4; validity_or_gating_hits_2; telemetry_or_network_hits_2; functionality_eye_api_context_without_clear_sink_hits_4,base_scanner_score_115; module_bonus_validity_gate_8; module_bonus_telemetry_20; evidence_bonus_telemetry_or_network_hits_12; sensitive_sink_telemetry_bonus_15; keyword_support_eye_or_gaze_5_bonus_20; keyword_support_sdk_4_bonus_12; keyword_support_collection_or_telemetry_2_bonus_8,C:\realDesktop\manifest-evaluations\summer-26\ghidra-pipeline\il2cpp-files\MatchPointTennis\general-structure-results\90_plus_uncertain_eye_setup_near_certain\09712848_FUN_09712848.c,C:\realDesktop\manifest-evaluations\summer-26\ghidra-pipeline\il2cpp-files\MatchPointTennis\manual-review-pack\A_must_review\058_p210_FUN_09712848.c
59,210,A_must_review,Meta.XR.MultiplayerBlocks.Colocation.SharedAnchorManager.<ShareAnchorsWithUser>d__27$$SetStateMachine,0776f710,111,90_plus_uncertain_gaze_or_xr_structure_near_certain,eye_source; weak_source_state; validity_gate; paired_state_refs; telemetry,strong_eye_source_hits_1; weak_xr_or_state_hits_1; validity_or_gating_hits_6; paired_field_refs_with_eye_source; telemetry_or_network_hits_2; functionality_permission_setup; functionality_data_collection_or_telemetry_hits_2,base_scanner_score_111; module_bonus_validity_gate_8; module_bonus_paired_state_refs_8; module_bonus_telemetry_20; evidence_bonus_telemetry_or_network_hits_12; sensitive_sink_telemetry_bonus_15; keyword_support_eye_or_gaze_5_bonus_20; keyword_support_collection_or_telemetry_4_bonus_16,C:\realDesktop\manifest-evaluations\summer-26\ghidra-pipeline\il2cpp-files\MatchPointTennis\general-structure-results\90_plus_uncertain_gaze_or_xr_structure_near_certain\0776f710_Meta.XR.MultiplayerBlocks.Colocation.SharedAnchorManager._ShareAnchorsWithUser_d__27$$SetStateMachine.c,C:\realDesktop\manifest-evaluations\summer-26\ghidra-pipeline\il2cpp-files\MatchPointTennis\manual-review-pack\A_must_review\059_p210_Meta.XR.MultiplayerBlocks.Colocation.SharedAnchorManager._ShareAnchorsWithUser_d__27$$SetStateMachine.c
60,210,A_must_review,FUN_098ee670,098ee670,110,90_plus_uncertain_gaze_or_xr_structure_near_certain,eye_source; weak_source_state; validity_gate; telemetry,strong_eye_source_hits_3; weak_xr_or_state_hits_3; validity_or_gating_hits_9; telemetry_or_network_hits_1; functionality_data_collection_or_telemetry_hits_1,base_scanner_score_110; module_bonus_validity_gate_8; module_bonus_telemetry_20; evidence_bonus_telemetry_or_network_hits_12; sensitive_sink_telemetry_bonus_15; keyword_support_eye_or_gaze_5_bonus_20; keyword_support_sdk_3_bonus_9; keyword_support_collection_or_telemetry_4_bonus_16,C:\realDesktop\manifest-evaluations\summer-26\ghidra-pipeline\il2cpp-files\MatchPointTennis\general-structure-results\90_plus_uncertain_gaze_or_xr_structure_near_certain\098ee670_FUN_098ee670.c,C:\realDesktop\manifest-evaluations\summer-26\ghidra-pipeline\il2cpp-files\MatchPointTennis\manual-review-pack\A_must_review\060_p210_FUN_098ee670.c
61,210,A_must_review,Newtonsoft.Json.Serialization.JsonSerializerInternalWriter$$WriteObjectStart,07a4dba0,89,70_high_general_structure_review_high,validity_gate; data_collection; telemetry; frame_behavior,validity_or_gating_hits_15; strong_file_logging_hits_2; telemetry_or_network_hits_4; frame_or_lifecycle_behavior; cap_below_near_certain_without_eye_anchor_or_ordered_structure,base_scanner_score_89; module_bonus_validity_gate_8; module_bonus_data_collection_22; module_bonus_telemetry_20; module_bonus_frame_behavior_5; evidence_bonus_telemetry_or_network_hits_12; sensitive_sink_data_collection_bonus_15; sensitive_sink_telemetry_bonus_15; keyword_support_eye_or_gaze_2_bonus_8; keyword_support_collection_or_telemetry_4_bonus_16,C:\realDesktop\manifest-evaluations\summer-26\ghidra-pipeline\il2cpp-files\MatchPointTennis\general-structure-results\70_high_general_structure_review_high\07a4dba0_Newtonsoft.Json.Serialization.JsonSerializerInternalWriter$$WriteObjectStart.c,C:\realDesktop\manifest-evaluations\summer-26\ghidra-pipeline\il2cpp-files\MatchPointTennis\manual-review-pack\A_must_review\061_p210_Newtonsoft.Json.Serialization.JsonSerializerInternalWriter$$WriteObjectStart.c
62,208,A_must_review,OVRPlugin.OVRP_1_78_0$$ovrp_SetFoveationEyeTracked,07cadfb0,142,90_plus_attempted_dynamic_eye_tracked_foveation_near_certain,eye_source; weak_source_state; validity_gate; foveation_rendering; attempted_use; dynamic_foveation_possible,strong_eye_source_hits_6; weak_xr_or_state_hits_2; validity_or_gating_hits_1; strong_foveation_hits_2; attempted_eye_tracking_permission_or_feature_enable; attempted_eye_tracking_with_foveated_rendering_path; functionality_foveated_rendering,base_scanner_score_142; module_bonus_validity_gate_8; module_bonus_foveation_rendering_20; sensitive_sink_foveation_bonus_12; keyword_support_eye_or_gaze_5_bonus_20; keyword_support_sdk_2_bonus_6,C:\realDesktop\manifest-evaluations\summer-26\ghidra-pipeline\il2cpp-files\MatchPointTennis\general-structure-results\90_plus_attempted_dynamic_eye_tracked_foveation_near_certain\07cadfb0_OVRPlugin.OVRP_1_78_0$$ovrp_SetFoveationEyeTracked.c,C:\realDesktop\manifest-evaluations\summer-26\ghidra-pipeline\il2cpp-files\MatchPointTennis\manual-review-pack\A_must_review\062_p208_OVRPlugin.OVRP_1_78_0$$ovrp_SetFoveationEyeTracked.c
63,208,A_must_review,Meta.XR.MultiplayerBlocks.Shared.ColocationSessionEventHandler.<OnSessionDiscoveredWithSpatialAnchor>d__11$$MoveNext,0775e1e4,109,90_plus_uncertain_gaze_or_xr_structure_near_certain,eye_source; validity_gate; paired_state_refs; telemetry,strong_eye_source_hits_1; validity_or_gating_hits_6; paired_field_refs_with_eye_source; telemetry_or_network_hits_4; functionality_data_collection_or_telemetry_hits_4,base_scanner_score_109; module_bonus_validity_gate_8; module_bonus_paired_state_refs_8; module_bonus_telemetry_20; evidence_bonus_telemetry_or_network_hits_12; sensitive_sink_telemetry_bonus_15; keyword_support_eye_or_gaze_5_bonus_20; keyword_support_collection_or_telemetry_4_bonus_16,C:\realDesktop\manifest-evaluations\summer-26\ghidra-pipeline\il2cpp-files\MatchPointTennis\general-structure-results\90_plus_uncertain_gaze_or_xr_structure_near_certain\0775e1e4_Meta.XR.MultiplayerBlocks.Shared.ColocationSessionEventHandler._OnSessionDiscoveredWithSpatialAnchor_d__11$$MoveNext.c,C:\realDesktop\manifest-evaluations\summer-26\ghidra-pipeline\il2cpp-files\MatchPointTennis\manual-review-pack\A_must_review\063_p208_Meta.XR.MultiplayerBlocks.Shared.ColocationSessionEventHandler._OnSessionDiscoveredWithSpatialAnchor_d__11$$MoveNext.c
64,208,A_must_review,Meta.XR.MultiplayerBlocks.Shared.ColocationSessionEventHandler.<OnSessionDiscoveredWithSpaceSharing>d__16$$SetStateMachine,0775e1d8,109,90_plus_uncertain_gaze_or_xr_structure_near_certain,eye_source; validity_gate; paired_state_refs; telemetry,strong_eye_source_hits_1; validity_or_gating_hits_6; paired_field_refs_with_eye_source; telemetry_or_network_hits_4; functionality_data_collection_or_telemetry_hits_4,base_scanner_score_109; module_bonus_validity_gate_8; module_bonus_paired_state_refs_8; module_bonus_telemetry_20; evidence_bonus_telemetry_or_network_hits_12; sensitive_sink_telemetry_bonus_15; keyword_support_eye_or_gaze_5_bonus_20; keyword_support_collection_or_telemetry_4_bonus_16,C:\realDesktop\manifest-evaluations\summer-26\ghidra-pipeline\il2cpp-files\MatchPointTennis\general-structure-results\90_plus_uncertain_gaze_or_xr_structure_near_certain\0775e1d8_Meta.XR.MultiplayerBlocks.Shared.ColocationSessionEventHandler._OnSessionDiscoveredWithSpaceSharing_d__16$$SetStateMachine.c,C:\realDesktop\manifest-evaluations\summer-26\ghidra-pipeline\il2cpp-files\MatchPointTennis\manual-review-pack\A_must_review\064_p208_Meta.XR.MultiplayerBlocks.Shared.ColocationSessionEventHandler._OnSessionDiscoveredWithSpaceSharing_d__16$$SetStateMachine.c
65,208,A_must_review,UnityEngine.UIElements.ComputedStyle$$ApplyCustomStyleProperty,096dc3c8,86,70_high_likely_false_positive_high,weak_source_state; validity_gate; pose_vector; ui_interaction; telemetry; frame_behavior; structure_combo,weak_xr_or_state_hits_3; validity_or_gating_hits_21; strong_pose_or_ray_construction_hits_4; ui_or_gameplay_sink_hits_2; telemetry_or_network_hits_2; frame_or_lifecycle_behavior; source_validity_pose_sink_structure; negative_framework_namespace_without_eye_use_flow,base_scanner_score_86; module_bonus_validity_gate_8; module_bonus_pose_vector_10; module_bonus_ui_interaction_12; module_bonus_telemetry_20; module_bonus_frame_behavior_5; module_bonus_structure_combo_18; evidence_bonus_telemetry_or_network_hits_12; sensitive_sink_telemetry_bonus_15; keyword_support_eye_or_gaze_2_bonus_8; keyword_support_sdk_2_bonus_6; keyword_support_collection_or_telemetry_2_bonus_8,C:\realDesktop\manifest-evaluations\summer-26\ghidra-pipeline\il2cpp-files\MatchPointTennis\general-structure-results\70_high_likely_false_positive_high\096dc3c8_UnityEngine.UIElements.ComputedStyle$$ApplyCustomStyleProperty.c,C:\realDesktop\manifest-evaluations\summer-26\ghidra-pipeline\il2cpp-files\MatchPointTennis\manual-review-pack\A_must_review\065_p208_UnityEngine.UIElements.ComputedStyle$$ApplyCustomStyleProperty.c
66,207,A_must_review,Newtonsoft.Json.Serialization.JsonSerializerInternalWriter$$SerializeMultidimensionalArray,07a4f06c,89,70_high_general_structure_review_high,pose_vector; data_collection; telemetry,strong_pose_or_ray_construction_hits_4; strong_file_logging_hits_2; telemetry_or_network_hits_4; cap_below_near_certain_without_eye_anchor_or_ordered_structure,base_scanner_score_89; module_bonus_pose_vector_10; module_bonus_data_collection_22; module_bonus_telemetry_20; evidence_bonus_telemetry_or_network_hits_12; sensitive_sink_data_collection_bonus_15; sensitive_sink_telemetry_bonus_15; keyword_support_eye_or_gaze_2_bonus_8; keyword_support_collection_or_telemetry_4_bonus_16,C:\realDesktop\manifest-evaluations\summer-26\ghidra-pipeline\il2cpp-files\MatchPointTennis\general-structure-results\70_high_general_structure_review_high\07a4f06c_Newtonsoft.Json.Serialization.JsonSerializerInternalWriter$$SerializeMultidimensionalArray.c,C:\realDesktop\manifest-evaluations\summer-26\ghidra-pipeline\il2cpp-files\MatchPointTennis\manual-review-pack\A_must_review\066_p207_Newtonsoft.Json.Serialization.JsonSerializerInternalWriter$$SerializeMultidimensionalArray.c
67,206,A_must_review,OVRPlugin$$StartColocationSessionAdvertisement,07c8b888,104,90_plus_uncertain_gaze_or_xr_structure_near_certain,eye_source; weak_source_state; validity_gate; telemetry; frame_behavior,strong_eye_source_hits_2; weak_xr_or_state_hits_2; validity_or_gating_hits_1; telemetry_or_network_hits_2; frame_or_lifecycle_behavior; functionality_data_collection_or_telemetry_hits_2,base_scanner_score_104; module_bonus_validity_gate_8; module_bonus_telemetry_20; module_bonus_frame_behavior_5; evidence_bonus_telemetry_or_network_hits_12; sensitive_sink_telemetry_bonus_15; keyword_support_eye_or_gaze_5_bonus_20; keyword_support_sdk_2_bonus_6; keyword_support_collection_or_telemetry_4_bonus_16,C:\realDesktop\manifest-evaluations\summer-26\ghidra-pipeline\il2cpp-files\MatchPointTennis\general-structure-results\90_plus_uncertain_gaze_or_xr_structure_near_certain\07c8b888_OVRPlugin$$StartColocationSessionAdvertisement.c,C:\realDesktop\manifest-evaluations\summer-26\ghidra-pipeline\il2cpp-files\MatchPointTennis\manual-review-pack\A_must_review\067_p206_OVRPlugin$$StartColocationSessionAdvertisement.c
68,206,A_must_review,OVRPlugin$$GetNativeOpenXRSession,07c877ec,103,90_plus_uncertain_gaze_or_xr_structure_near_certain,eye_source; weak_source_state; validity_gate; telemetry,strong_eye_source_hits_2; weak_xr_or_state_hits_4; validity_or_gating_hits_2; telemetry_or_network_hits_2; functionality_data_collection_or_telemetry_hits_2,base_scanner_score_103; module_bonus_validity_gate_8; module_bonus_telemetry_20; evidence_bonus_telemetry_or_network_hits_12; sensitive_sink_telemetry_bonus_15; keyword_support_eye_or_gaze_5_bonus_20; keyword_support_sdk_4_bonus_12; keyword_support_collection_or_telemetry_4_bonus_16,C:\realDesktop\manifest-evaluations\summer-26\ghidra-pipeline\il2cpp-files\MatchPointTennis\general-structure-results\90_plus_uncertain_gaze_or_xr_structure_near_certain\07c877ec_OVRPlugin$$GetNativeOpenXRSession.c,C:\realDesktop\manifest-evaluations\summer-26\ghidra-pipeline\il2cpp-files\MatchPointTennis\manual-review-pack\A_must_review\068_p206_OVRPlugin$$GetNativeOpenXRSession.c
69,206,A_must_review,Meta.XR.ImmersiveDebugger.Telemetry$$OnButtonClicked,076d3024,103,90_plus_uncertain_gaze_or_xr_structure_near_certain,eye_source; validity_gate; ui_interaction; telemetry,strong_eye_source_hits_1; validity_or_gating_hits_3; ui_or_gameplay_sink_hits_2; telemetry_or_network_hits_2; functionality_data_collection_or_telemetry_hits_2,base_scanner_score_103; module_bonus_validity_gate_8; module_bonus_ui_interaction_12; module_bonus_telemetry_20; evidence_bonus_telemetry_or_network_hits_12; sensitive_sink_telemetry_bonus_15; keyword_support_eye_or_gaze_5_bonus_20; keyword_support_collection_or_telemetry_4_bonus_16,C:\realDesktop\manifest-evaluations\summer-26\ghidra-pipeline\il2cpp-files\MatchPointTennis\general-structure-results\90_plus_uncertain_gaze_or_xr_structure_near_certain\076d3024_Meta.XR.ImmersiveDebugger.Telemetry$$OnButtonClicked.c,C:\realDesktop\manifest-evaluations\summer-26\ghidra-pipeline\il2cpp-files\MatchPointTennis\manual-review-pack\A_must_review\069_p206_Meta.XR.ImmersiveDebugger.Telemetry$$OnButtonClicked.c
70,206,A_must_review,WebSocketSharp.WebSocketFrame$$CreateCloseFrame,097e4094,84,70_high_general_structure_review_high,validity_gate; pose_vector; data_collection; telemetry,validity_or_gating_hits_1; strong_pose_or_ray_construction_hits_1; strong_file_logging_hits_2; telemetry_or_network_hits_1,base_scanner_score_84; module_bonus_validity_gate_8; module_bonus_pose_vector_10; module_bonus_data_collection_22; module_bonus_telemetry_20; evidence_bonus_telemetry_or_network_hits_12; sensitive_sink_data_collection_bonus_15; sensitive_sink_telemetry_bonus_15; keyword_support_eye_or_gaze_1_bonus_4; keyword_support_collection_or_telemetry_4_bonus_16,C:\realDesktop\manifest-evaluations\summer-26\ghidra-pipeline\il2cpp-files\MatchPointTennis\general-structure-results\70_high_general_structure_review_high\097e4094_WebSocketSharp.WebSocketFrame$$CreateCloseFrame.c,C:\realDesktop\manifest-evaluations\summer-26\ghidra-pipeline\il2cpp-files\MatchPointTennis\manual-review-pack\A_must_review\070_p206_WebSocketSharp.WebSocketFrame$$CreateCloseFrame.c
71,205,A_must_review,Newtonsoft.Json.Serialization.JsonSerializerInternalReader$$ReadMetadataPropertiesToken,07a415bc,89,70_high_general_structure_review_high,weak_source_state; validity_gate; data_collection; telemetry,weak_xr_or_state_hits_2; validity_or_gating_hits_21; strong_file_logging_hits_2; telemetry_or_network_hits_2; cap_below_near_certain_without_eye_anchor_or_ordered_structure,base_scanner_score_89; module_bonus_validity_gate_8; module_bonus_data_collection_22; module_bonus_telemetry_20; evidence_bonus_telemetry_or_network_hits_12; sensitive_sink_data_collection_bonus_15; sensitive_sink_telemetry_bonus_15; keyword_support_eye_or_gaze_2_bonus_8; keyword_support_collection_or_telemetry_4_bonus_16,C:\realDesktop\manifest-evaluations\summer-26\ghidra-pipeline\il2cpp-files\MatchPointTennis\general-structure-results\70_high_general_structure_review_high\07a415bc_Newtonsoft.Json.Serialization.JsonSerializerInternalReader$$ReadMetadataPropertiesToken.c,C:\realDesktop\manifest-evaluations\summer-26\ghidra-pipeline\il2cpp-files\MatchPointTennis\manual-review-pack\A_must_review\071_p205_Newtonsoft.Json.Serialization.JsonSerializerInternalReader$$ReadMetadataPropertiesToken.c
72,205,A_must_review,Newtonsoft.Json.Serialization.JsonSerializerInternalReader$$ReadMetadataProperties,07a41d24,89,70_high_general_structure_review_high,weak_source_state; validity_gate; data_collection; telemetry,weak_xr_or_state_hits_2; validity_or_gating_hits_21; strong_file_logging_hits_2; telemetry_or_network_hits_2; cap_below_near_certain_without_eye_anchor_or_ordered_structure,base_scanner_score_89; module_bonus_validity_gate_8; module_bonus_data_collection_22; module_bonus_telemetry_20; evidence_bonus_telemetry_or_network_hits_12; sensitive_sink_data_collection_bonus_15; sensitive_sink_telemetry_bonus_15; keyword_support_eye_or_gaze_2_bonus_8; keyword_support_collection_or_telemetry_4_bonus_16,C:\realDesktop\manifest-evaluations\summer-26\ghidra-pipeline\il2cpp-files\MatchPointTennis\general-structure-results\70_high_general_structure_review_high\07a41d24_Newtonsoft.Json.Serialization.JsonSerializerInternalReader$$ReadMetadataProperties.c,C:\realDesktop\manifest-evaluations\summer-26\ghidra-pipeline\il2cpp-files\MatchPointTennis\manual-review-pack\A_must_review\072_p205_Newtonsoft.Json.Serialization.JsonSerializerInternalReader$$ReadMetadataProperties.c
73,205,A_must_review,Newtonsoft.Json.Serialization.JsonSerializerInternalReader$$ReadExtensionDataValue,07a48440,89,70_high_general_structure_review_high,weak_source_state; validity_gate; data_collection; telemetry,weak_xr_or_state_hits_2; validity_or_gating_hits_21; strong_file_logging_hits_2; telemetry_or_network_hits_2; cap_below_near_certain_without_eye_anchor_or_ordered_structure,base_scanner_score_89; module_bonus_validity_gate_8; module_bonus_data_collection_22; module_bonus_telemetry_20; evidence_bonus_telemetry_or_network_hits_12; sensitive_sink_data_collection_bonus_15; sensitive_sink_telemetry_bonus_15; keyword_support_eye_or_gaze_2_bonus_8; keyword_support_collection_or_telemetry_4_bonus_16,C:\realDesktop\manifest-evaluations\summer-26\ghidra-pipeline\il2cpp-files\MatchPointTennis\general-structure-results\70_high_general_structure_review_high\07a48440_Newtonsoft.Json.Serialization.JsonSerializerInternalReader$$ReadExtensionDataValue.c,C:\realDesktop\manifest-evaluations\summer-26\ghidra-pipeline\il2cpp-files\MatchPointTennis\manual-review-pack\A_must_review\073_p205_Newtonsoft.Json.Serialization.JsonSerializerInternalReader$$ReadExtensionDataValue.c
74,205,A_must_review,Newtonsoft.Json.JsonReader$$ValidateEnd,079d2650,89,70_high_general_structure_review_high,weak_source_state; validity_gate; data_collection; telemetry,weak_xr_or_state_hits_2; validity_or_gating_hits_10; strong_file_logging_hits_3; telemetry_or_network_hits_2; cap_below_near_certain_without_eye_anchor_or_ordered_structure,base_scanner_score_89; module_bonus_validity_gate_8; module_bonus_data_collection_22; module_bonus_telemetry_20; evidence_bonus_telemetry_or_network_hits_12; sensitive_sink_data_collection_bonus_15; sensitive_sink_telemetry_bonus_15; keyword_support_eye_or_gaze_2_bonus_8; keyword_support_collection_or_telemetry_4_bonus_16,C:\realDesktop\manifest-evaluations\summer-26\ghidra-pipeline\il2cpp-files\MatchPointTennis\general-structure-results\70_high_general_structure_review_high\079d2650_Newtonsoft.Json.JsonReader$$ValidateEnd.c,C:\realDesktop\manifest-evaluations\summer-26\ghidra-pipeline\il2cpp-files\MatchPointTennis\manual-review-pack\A_must_review\074_p205_Newtonsoft.Json.JsonReader$$ValidateEnd.c
75,205,A_must_review,Newtonsoft.Json.JsonReader$$SetToken,079d2648,89,70_high_general_structure_review_high,weak_source_state; validity_gate; data_collection; telemetry,weak_xr_or_state_hits_2; validity_or_gating_hits_8; strong_file_logging_hits_3; telemetry_or_network_hits_2; cap_below_near_certain_without_eye_anchor_or_ordered_structure,base_scanner_score_89; module_bonus_validity_gate_8; module_bonus_data_collection_22; module_bonus_telemetry_20; evidence_bonus_telemetry_or_network_hits_12; sensitive_sink_data_collection_bonus_15; sensitive_sink_telemetry_bonus_15; keyword_support_eye_or_gaze_2_bonus_8; keyword_support_collection_or_telemetry_4_bonus_16,C:\realDesktop\manifest-evaluations\summer-26\ghidra-pipeline\il2cpp-files\MatchPointTennis\general-structure-results\70_high_general_structure_review_high\079d2648_Newtonsoft.Json.JsonReader$$SetToken.c,C:\realDesktop\manifest-evaluations\summer-26\ghidra-pipeline\il2cpp-files\MatchPointTennis\manual-review-pack\A_must_review\075_p205_Newtonsoft.Json.JsonReader$$SetToken.c
76,205,A_must_review,Newtonsoft.Json.JsonReader$$SetPostValueState,079d274c,89,70_high_general_structure_review_high,weak_source_state; validity_gate; data_collection; telemetry,weak_xr_or_state_hits_2; validity_or_gating_hits_8; strong_file_logging_hits_3; telemetry_or_network_hits_2; cap_below_near_certain_without_eye_anchor_or_ordered_structure,base_scanner_score_89; module_bonus_validity_gate_8; module_bonus_data_collection_22; module_bonus_telemetry_20; evidence_bonus_telemetry_or_network_hits_12; sensitive_sink_data_collection_bonus_15; sensitive_sink_telemetry_bonus_15; keyword_support_eye_or_gaze_2_bonus_8; keyword_support_collection_or_telemetry_4_bonus_16,C:\realDesktop\manifest-evaluations\summer-26\ghidra-pipeline\il2cpp-files\MatchPointTennis\general-structure-results\70_high_general_structure_review_high\079d274c_Newtonsoft.Json.JsonReader$$SetPostValueState.c,C:\realDesktop\manifest-evaluations\summer-26\ghidra-pipeline\il2cpp-files\MatchPointTennis\manual-review-pack\A_must_review\076_p205_Newtonsoft.Json.JsonReader$$SetPostValueState.c
77,205,A_must_review,FUN_09756524,09756524,89,70_high_general_structure_review_high,validity_gate; data_collection; telemetry,validity_or_gating_hits_9; strong_file_logging_hits_4; telemetry_or_network_hits_6; cap_below_near_certain_without_eye_anchor_or_ordered_structure,base_scanner_score_89; module_bonus_validity_gate_8; module_bonus_data_collection_22; module_bonus_telemetry_20; evidence_bonus_telemetry_or_network_hits_12; sensitive_sink_data_collection_bonus_15; sensitive_sink_telemetry_bonus_15; keyword_support_eye_or_gaze_2_bonus_8; keyword_support_collection_or_telemetry_4_bonus_16,C:\realDesktop\manifest-evaluations\summer-26\ghidra-pipeline\il2cpp-files\MatchPointTennis\general-structure-results\70_high_general_structure_review_high\09756524_FUN_09756524.c,C:\realDesktop\manifest-evaluations\summer-26\ghidra-pipeline\il2cpp-files\MatchPointTennis\manual-review-pack\A_must_review\077_p205_FUN_09756524.c
78,205,A_must_review,Unity.Services.Analytics.Internal.Dispatcher$$remove_FlushStarted,08df4be8,88,70_high_general_structure_review_high,validity_gate; data_collection; telemetry; frame_behavior,validity_or_gating_hits_4; strong_file_logging_hits_2; telemetry_or_network_hits_2; frame_or_lifecycle_behavior,base_scanner_score_88; module_bonus_validity_gate_8; module_bonus_data_collection_22; module_bonus_telemetry_20; module_bonus_frame_behavior_5; evidence_bonus_telemetry_or_network_hits_12; sensitive_sink_data_collection_bonus_15; sensitive_sink_telemetry_bonus_15; keyword_support_eye_or_gaze_1_bonus_4; keyword_support_collection_or_telemetry_4_bonus_16,C:\realDesktop\manifest-evaluations\summer-26\ghidra-pipeline\il2cpp-files\MatchPointTennis\general-structure-results\70_high_general_structure_review_high\08df4be8_Unity.Services.Analytics.Internal.Dispatcher$$remove_FlushStarted.c,C:\realDesktop\manifest-evaluations\summer-26\ghidra-pipeline\il2cpp-files\MatchPointTennis\manual-review-pack\A_must_review\078_p205_Unity.Services.Analytics.Internal.Dispatcher$$remove_FlushStarted.c
79,205,A_must_review,Unity.Services.Analytics.Internal.Dispatcher$$add_FlushStarted,08df4b38,88,70_high_general_structure_review_high,validity_gate; data_collection; telemetry; frame_behavior,validity_or_gating_hits_4; strong_file_logging_hits_2; telemetry_or_network_hits_2; frame_or_lifecycle_behavior,base_scanner_score_88; module_bonus_validity_gate_8; module_bonus_data_collection_22; module_bonus_telemetry_20; module_bonus_frame_behavior_5; evidence_bonus_telemetry_or_network_hits_12; sensitive_sink_data_collection_bonus_15; sensitive_sink_telemetry_bonus_15; keyword_support_eye_or_gaze_1_bonus_4; keyword_support_collection_or_telemetry_4_bonus_16,C:\realDesktop\manifest-evaluations\summer-26\ghidra-pipeline\il2cpp-files\MatchPointTennis\general-structure-results\70_high_general_structure_review_high\08df4b38_Unity.Services.Analytics.Internal.Dispatcher$$add_FlushStarted.c,C:\realDesktop\manifest-evaluations\summer-26\ghidra-pipeline\il2cpp-files\MatchPointTennis\manual-review-pack\A_must_review\079_p205_Unity.Services.Analytics.Internal.Dispatcher$$add_FlushStarted.c
80,205,A_must_review,Newtonsoft.Json.Serialization.JsonSerializerInternalReader$$CreateISerializable,07a42fa8,88,70_high_general_structure_review_high,validity_gate; data_collection; telemetry; frame_behavior,validity_or_gating_hits_8; strong_file_logging_hits_2; telemetry_or_network_hits_2; frame_or_lifecycle_behavior,base_scanner_score_88; module_bonus_validity_gate_8; module_bonus_data_collection_22; module_bonus_telemetry_20; module_bonus_frame_behavior_5; evidence_bonus_telemetry_or_network_hits_12; sensitive_sink_data_collection_bonus_15; sensitive_sink_telemetry_bonus_15; keyword_support_eye_or_gaze_1_bonus_4; keyword_support_collection_or_telemetry_4_bonus_16,C:\realDesktop\manifest-evaluations\summer-26\ghidra-pipeline\il2cpp-files\MatchPointTennis\general-structure-results\70_high_general_structure_review_high\07a42fa8_Newtonsoft.Json.Serialization.JsonSerializerInternalReader$$CreateISerializable.c,C:\realDesktop\manifest-evaluations\summer-26\ghidra-pipeline\il2cpp-files\MatchPointTennis\manual-review-pack\A_must_review\080_p205_Newtonsoft.Json.Serialization.JsonSerializerInternalReader$$CreateISerializable.c
81,204,A_must_review,OVRPlugin.OVRP_1_30_0$$ovrp_SendEvent2,07ca8d14,107,90_plus_uncertain_gaze_or_xr_structure_near_certain,eye_source; weak_source_state; validity_gate; telemetry,strong_eye_source_hits_2; weak_xr_or_state_hits_2; validity_or_gating_hits_12; telemetry_or_network_hits_2; functionality_data_collection_or_telemetry_hits_2,base_scanner_score_107; module_bonus_validity_gate_8; module_bonus_telemetry_20; evidence_bonus_telemetry_or_network_hits_12; sensitive_sink_telemetry_bonus_15; keyword_support_eye_or_gaze_5_bonus_20; keyword_support_sdk_2_bonus_6; keyword_support_collection_or_telemetry_4_bonus_16,C:\realDesktop\manifest-evaluations\summer-26\ghidra-pipeline\il2cpp-files\MatchPointTennis\general-structure-results\90_plus_uncertain_gaze_or_xr_structure_near_certain\07ca8d14_OVRPlugin.OVRP_1_30_0$$ovrp_SendEvent2.c,C:\realDesktop\manifest-evaluations\summer-26\ghidra-pipeline\il2cpp-files\MatchPointTennis\manual-review-pack\A_must_review\081_p204_OVRPlugin.OVRP_1_30_0$$ovrp_SendEvent2.c
82,204,A_must_review,OVRPlugin.OVRP_1_28_0$$ovrp_SendEvent,07ca879c,107,90_plus_uncertain_gaze_or_xr_structure_near_certain,eye_source; weak_source_state; validity_gate; telemetry,strong_eye_source_hits_2; weak_xr_or_state_hits_2; validity_or_gating_hits_21; telemetry_or_network_hits_2; functionality_data_collection_or_telemetry_hits_2,base_scanner_score_107; module_bonus_validity_gate_8; module_bonus_telemetry_20; evidence_bonus_telemetry_or_network_hits_12; sensitive_sink_telemetry_bonus_15; keyword_support_eye_or_gaze_5_bonus_20; keyword_support_sdk_2_bonus_6; keyword_support_collection_or_telemetry_4_bonus_16,C:\realDesktop\manifest-evaluations\summer-26\ghidra-pipeline\il2cpp-files\MatchPointTennis\general-structure-results\90_plus_uncertain_gaze_or_xr_structure_near_certain\07ca879c_OVRPlugin.OVRP_1_28_0$$ovrp_SendEvent.c,C:\realDesktop\manifest-evaluations\summer-26\ghidra-pipeline\il2cpp-files\MatchPointTennis\manual-review-pack\A_must_review\082_p204_OVRPlugin.OVRP_1_28_0$$ovrp_SendEvent.c
83,204,A_must_review,OVRPlugin.OVRP_1_106_0$$ovrp_ShouldShowTelemetryNotification,07ca3810,107,90_plus_uncertain_gaze_or_xr_structure_near_certain,eye_source; weak_source_state; validity_gate; telemetry,strong_eye_source_hits_2; weak_xr_or_state_hits_2; validity_or_gating_hits_4; telemetry_or_network_hits_2; functionality_data_collection_or_telemetry_hits_2,base_scanner_score_107; module_bonus_validity_gate_8; module_bonus_telemetry_20; evidence_bonus_telemetry_or_network_hits_12; sensitive_sink_telemetry_bonus_15; keyword_support_eye_or_gaze_5_bonus_20; keyword_support_sdk_2_bonus_6; keyword_support_collection_or_telemetry_4_bonus_16,C:\realDesktop\manifest-evaluations\summer-26\ghidra-pipeline\il2cpp-files\MatchPointTennis\general-structure-results\90_plus_uncertain_gaze_or_xr_structure_near_certain\07ca3810_OVRPlugin.OVRP_1_106_0$$ovrp_ShouldShowTelemetryNotification.c,C:\realDesktop\manifest-evaluations\summer-26\ghidra-pipeline\il2cpp-files\MatchPointTennis\manual-review-pack\A_must_review\083_p204_OVRPlugin.OVRP_1_106_0$$ovrp_ShouldShowTelemetryNotification.c
84,204,A_must_review,MetaXRAcousticNativeInterface.UnityNativeInterface$$ovrAudio_AudioGeometryUploadSimplifiedMeshArrays,076b11bc,105,90_plus_uncertain_gaze_or_xr_structure_near_certain,eye_source; weak_source_state; validity_gate; telemetry; frame_behavior,strong_eye_source_hits_1; weak_xr_or_state_hits_1; validity_or_gating_hits_21; telemetry_or_network_hits_2; frame_or_lifecycle_behavior; functionality_data_collection_or_telemetry_hits_2,base_scanner_score_105; module_bonus_validity_gate_8; module_bonus_telemetry_20; module_bonus_frame_behavior_5; evidence_bonus_telemetry_or_network_hits_12; sensitive_sink_telemetry_bonus_15; keyword_support_eye_or_gaze_5_bonus_20; keyword_support_sdk_1_bonus_3; keyword_support_collection_or_telemetry_4_bonus_16,C:\realDesktop\manifest-evaluations\summer-26\ghidra-pipeline\il2cpp-files\MatchPointTennis\general-structure-results\90_plus_uncertain_gaze_or_xr_structure_near_certain\076b11bc_MetaXRAcousticNativeInterface.UnityNativeInterface$$ovrAudio_AudioGeometryUploadSimplifiedMeshArrays.c,C:\realDesktop\manifest-evaluations\summer-26\ghidra-pipeline\il2cpp-files\MatchPointTennis\manual-review-pack\A_must_review\084_p204_MetaXRAcousticNativeInterface.UnityNativeInterface$$ovrAudio_AudioGeometryUploadSimplifiedMeshArrays.c
85,204,A_must_review,MetaXRAcousticNativeInterface.UnityNativeInterface$$AudioGeometryUploadSimplifiedMeshArrays,076b12d8,105,90_plus_uncertain_gaze_or_xr_structure_near_certain,eye_source; weak_source_state; validity_gate; telemetry; frame_behavior,strong_eye_source_hits_1; weak_xr_or_state_hits_1; validity_or_gating_hits_21; telemetry_or_network_hits_2; frame_or_lifecycle_behavior; functionality_data_collection_or_telemetry_hits_2,base_scanner_score_105; module_bonus_validity_gate_8; module_bonus_telemetry_20; module_bonus_frame_behavior_5; evidence_bonus_telemetry_or_network_hits_12; sensitive_sink_telemetry_bonus_15; keyword_support_eye_or_gaze_5_bonus_20; keyword_support_sdk_1_bonus_3; keyword_support_collection_or_telemetry_4_bonus_16,C:\realDesktop\manifest-evaluations\summer-26\ghidra-pipeline\il2cpp-files\MatchPointTennis\general-structure-results\90_plus_uncertain_gaze_or_xr_structure_near_certain\076b12d8_MetaXRAcousticNativeInterface.UnityNativeInterface$$AudioGeometryUploadSimplifiedMeshArrays.c,C:\realDesktop\manifest-evaluations\summer-26\ghidra-pipeline\il2cpp-files\MatchPointTennis\manual-review-pack\A_must_review\085_p204_MetaXRAcousticNativeInterface.UnityNativeInterface$$AudioGeometryUploadSimplifiedMeshArrays.c
86,204,A_must_review,MetaXRAcousticNativeInterface.UnityNativeInterface$$AudioGeometryUploadMeshArrays,076b1118,105,90_plus_uncertain_gaze_or_xr_structure_near_certain,eye_source; weak_source_state; validity_gate; telemetry; frame_behavior,strong_eye_source_hits_1; weak_xr_or_state_hits_1; validity_or_gating_hits_21; telemetry_or_network_hits_2; frame_or_lifecycle_behavior; functionality_data_collection_or_telemetry_hits_2,base_scanner_score_105; module_bonus_validity_gate_8; module_bonus_telemetry_20; module_bonus_frame_behavior_5; evidence_bonus_telemetry_or_network_hits_12; sensitive_sink_telemetry_bonus_15; keyword_support_eye_or_gaze_5_bonus_20; keyword_support_sdk_1_bonus_3; keyword_support_collection_or_telemetry_4_bonus_16,C:\realDesktop\manifest-evaluations\summer-26\ghidra-pipeline\il2cpp-files\MatchPointTennis\general-structure-results\90_plus_uncertain_gaze_or_xr_structure_near_certain\076b1118_MetaXRAcousticNativeInterface.UnityNativeInterface$$AudioGeometryUploadMeshArrays.c,C:\realDesktop\manifest-evaluations\summer-26\ghidra-pipeline\il2cpp-files\MatchPointTennis\manual-review-pack\A_must_review\086_p204_MetaXRAcousticNativeInterface.UnityNativeInterface$$AudioGeometryUploadMeshArrays.c
87,204,A_must_review,Meta.XR.ImmersiveDebugger.UserInterface.Generic.InteractableController$$OnHoverChanged,076e8950,101,90_plus_uncertain_gaze_or_xr_structure_near_certain,eye_source; validity_gate; ui_interaction; telemetry,strong_eye_source_hits_1; validity_or_gating_hits_4; ui_or_gameplay_sink_hits_2; telemetry_or_network_hits_1; functionality_data_collection_or_telemetry_hits_1,base_scanner_score_101; module_bonus_validity_gate_8; module_bonus_ui_interaction_12; module_bonus_telemetry_20; evidence_bonus_telemetry_or_network_hits_12; sensitive_sink_telemetry_bonus_15; keyword_support_eye_or_gaze_5_bonus_20; keyword_support_collection_or_telemetry_4_bonus_16,C:\realDesktop\manifest-evaluations\summer-26\ghidra-pipeline\il2cpp-files\MatchPointTennis\general-structure-results\90_plus_uncertain_gaze_or_xr_structure_near_certain\076e8950_Meta.XR.ImmersiveDebugger.UserInterface.Generic.InteractableController$$OnHoverChanged.c,C:\realDesktop\manifest-evaluations\summer-26\ghidra-pipeline\il2cpp-files\MatchPointTennis\manual-review-pack\A_must_review\087_p204_Meta.XR.ImmersiveDebugger.UserInterface.Generic.InteractableController$$OnHoverChanged.c
88,204,A_must_review,Meta.XR.ImmersiveDebugger.UserInterface.Generic.Button$$OnPointerClick,076e88bc,101,90_plus_uncertain_gaze_or_xr_structure_near_certain,eye_source; validity_gate; ui_interaction; telemetry,strong_eye_source_hits_1; validity_or_gating_hits_5; ui_or_gameplay_sink_hits_2; telemetry_or_network_hits_1; functionality_data_collection_or_telemetry_hits_1,base_scanner_score_101; module_bonus_validity_gate_8; module_bonus_ui_interaction_12; module_bonus_telemetry_20; evidence_bonus_telemetry_or_network_hits_12; sensitive_sink_telemetry_bonus_15; keyword_support_eye_or_gaze_5_bonus_20; keyword_support_collection_or_telemetry_4_bonus_16,C:\realDesktop\manifest-evaluations\summer-26\ghidra-pipeline\il2cpp-files\MatchPointTennis\general-structure-results\90_plus_uncertain_gaze_or_xr_structure_near_certain\076e88bc_Meta.XR.ImmersiveDebugger.UserInterface.Generic.Button$$OnPointerClick.c,C:\realDesktop\manifest-evaluations\summer-26\ghidra-pipeline\il2cpp-files\MatchPointTennis\manual-review-pack\A_must_review\088_p204_Meta.XR.ImmersiveDebugger.UserInterface.Generic.Button$$OnPointerClick.c
89,204,A_must_review,OVRHand$$get_PointerPose,07cf1b94,89,70_high_general_structure_review_high,weak_source_state; validity_gate; pose_vector; paired_state_refs; telemetry; structure_combo,weak_xr_or_state_hits_2; validity_or_gating_hits_21; strong_pose_or_ray_construction_hits_2; paired_field_refs_with_structure_only; telemetry_or_network_hits_2; source_validity_pose_sink_structure; cap_below_near_certain_without_eye_anchor_or_ordered_structure,base_scanner_score_89; module_bonus_validity_gate_8; module_bonus_pose_vector_10; module_bonus_paired_state_refs_8; module_bonus_telemetry_20; module_bonus_structure_combo_18; evidence_bonus_telemetry_or_network_hits_12; sensitive_sink_telemetry_bonus_15; keyword_support_eye_or_gaze_2_bonus_8; keyword_support_collection_or_telemetry_4_bonus_16,C:\realDesktop\manifest-evaluations\summer-26\ghidra-pipeline\il2cpp-files\MatchPointTennis\general-structure-results\70_high_general_structure_review_high\07cf1b94_OVRHand$$get_PointerPose.c,C:\realDesktop\manifest-evaluations\summer-26\ghidra-pipeline\il2cpp-files\MatchPointTennis\manual-review-pack\A_must_review\089_p204_OVRHand$$get_PointerPose.c
90,204,A_must_review,FUN_0979e538,0979e538,89,70_high_general_structure_review_high,weak_source_state; validity_gate; pose_vector; paired_state_refs; telemetry; structure_combo,weak_xr_or_state_hits_18; validity_or_gating_hits_13; strong_pose_or_ray_construction_hits_2; paired_field_refs_with_structure_only; telemetry_or_network_hits_2; source_validity_pose_sink_structure; cap_below_near_certain_without_eye_anchor_or_ordered_structure,base_scanner_score_89; module_bonus_validity_gate_8; module_bonus_pose_vector_10; module_bonus_paired_state_refs_8; module_bonus_telemetry_20; module_bonus_structure_combo_18; evidence_bonus_telemetry_or_network_hits_12; sensitive_sink_telemetry_bonus_15; keyword_support_eye_or_gaze_2_bonus_8; keyword_support_collection_or_telemetry_4_bonus_16,C:\realDesktop\manifest-evaluations\summer-26\ghidra-pipeline\il2cpp-files\MatchPointTennis\general-structure-results\70_high_general_structure_review_high\0979e538_FUN_0979e538.c,C:\realDesktop\manifest-evaluations\summer-26\ghidra-pipeline\il2cpp-files\MatchPointTennis\manual-review-pack\A_must_review\090_p204_FUN_0979e538.c
91,203,A_must_review,Meta.XR.MultiplayerBlocks.Shared.LocalMatchmaking.<StopDiscoveringColocationSessions>d__22$$MoveNext,077664d8,104,90_plus_uncertain_gaze_or_xr_structure_near_certain,eye_source; validity_gate; paired_state_refs; telemetry,strong_eye_source_hits_1; validity_or_gating_hits_21; paired_field_refs_with_eye_source; telemetry_or_network_hits_2; functionality_data_collection_or_telemetry_hits_2,base_scanner_score_104; module_bonus_validity_gate_8; module_bonus_paired_state_refs_8; module_bonus_telemetry_20; evidence_bonus_telemetry_or_network_hits_12; sensitive_sink_telemetry_bonus_15; keyword_support_eye_or_gaze_5_bonus_20; keyword_support_collection_or_telemetry_4_bonus_16,C:\realDesktop\manifest-evaluations\summer-26\ghidra-pipeline\il2cpp-files\MatchPointTennis\general-structure-results\90_plus_uncertain_gaze_or_xr_structure_near_certain\077664d8_Meta.XR.MultiplayerBlocks.Shared.LocalMatchmaking._StopDiscoveringColocationSessions_d__22$$MoveNext.c,C:\realDesktop\manifest-evaluations\summer-26\ghidra-pipeline\il2cpp-files\MatchPointTennis\manual-review-pack\A_must_review\091_p203_Meta.XR.MultiplayerBlocks.Shared.LocalMatchmaking._StopDiscoveringColocationSessions_d__22$$MoveNext.c
92,203,A_must_review,Meta.XR.MultiplayerBlocks.Shared.LocalMatchmaking.<StopAdvertisingColocationSession>d__20$$SetStateMachine,077664cc,104,90_plus_uncertain_gaze_or_xr_structure_near_certain,eye_source; validity_gate; paired_state_refs; telemetry,strong_eye_source_hits_1; validity_or_gating_hits_21; paired_field_refs_with_eye_source; telemetry_or_network_hits_2; functionality_data_collection_or_telemetry_hits_2,base_scanner_score_104; module_bonus_validity_gate_8; module_bonus_paired_state_refs_8; module_bonus_telemetry_20; evidence_bonus_telemetry_or_network_hits_12; sensitive_sink_telemetry_bonus_15; keyword_support_eye_or_gaze_5_bonus_20; keyword_support_collection_or_telemetry_4_bonus_16,C:\realDesktop\manifest-evaluations\summer-26\ghidra-pipeline\il2cpp-files\MatchPointTennis\general-structure-results\90_plus_uncertain_gaze_or_xr_structure_near_certain\077664cc_Meta.XR.MultiplayerBlocks.Shared.LocalMatchmaking._StopAdvertisingColocationSession_d__20$$SetStateMachine.c,C:\realDesktop\manifest-evaluations\summer-26\ghidra-pipeline\il2cpp-files\MatchPointTennis\manual-review-pack\A_must_review\092_p203_Meta.XR.MultiplayerBlocks.Shared.LocalMatchmaking._StopAdvertisingColocationSession_d__20$$SetStateMachine.c
93,203,A_must_review,Meta.XR.MultiplayerBlocks.Shared.LocalMatchmaking.<StopAdvertisingColocationSession>d__20$$MoveNext,07766214,104,90_plus_uncertain_gaze_or_xr_structure_near_certain,eye_source; validity_gate; paired_state_refs; telemetry,strong_eye_source_hits_1; validity_or_gating_hits_21; paired_field_refs_with_eye_source; telemetry_or_network_hits_2; functionality_data_collection_or_telemetry_hits_2,base_scanner_score_104; module_bonus_validity_gate_8; module_bonus_paired_state_refs_8; module_bonus_telemetry_20; evidence_bonus_telemetry_or_network_hits_12; sensitive_sink_telemetry_bonus_15; keyword_support_eye_or_gaze_5_bonus_20; keyword_support_collection_or_telemetry_4_bonus_16,C:\realDesktop\manifest-evaluations\summer-26\ghidra-pipeline\il2cpp-files\MatchPointTennis\general-structure-results\90_plus_uncertain_gaze_or_xr_structure_near_certain\07766214_Meta.XR.MultiplayerBlocks.Shared.LocalMatchmaking._StopAdvertisingColocationSession_d__20$$MoveNext.c,C:\realDesktop\manifest-evaluations\summer-26\ghidra-pipeline\il2cpp-files\MatchPointTennis\manual-review-pack\A_must_review\093_p203_Meta.XR.MultiplayerBlocks.Shared.LocalMatchmaking._StopAdvertisingColocationSession_d__20$$MoveNext.c
94,203,A_must_review,Meta.XR.MRUtilityKit.BuildingBlocks.PlaceWithAnchor$$RequestMove,0775a388,104,90_plus_uncertain_gaze_or_xr_structure_near_certain,eye_source; validity_gate; paired_state_refs; telemetry,strong_eye_source_hits_1; validity_or_gating_hits_21; paired_field_refs_with_eye_source; telemetry_or_network_hits_2; functionality_data_collection_or_telemetry_hits_2,base_scanner_score_104; module_bonus_validity_gate_8; module_bonus_paired_state_refs_8; module_bonus_telemetry_20; evidence_bonus_telemetry_or_network_hits_12; sensitive_sink_telemetry_bonus_15; keyword_support_eye_or_gaze_5_bonus_20; keyword_support_collection_or_telemetry_4_bonus_16,C:\realDesktop\manifest-evaluations\summer-26\ghidra-pipeline\il2cpp-files\MatchPointTennis\general-structure-results\90_plus_uncertain_gaze_or_xr_structure_near_certain\0775a388_Meta.XR.MRUtilityKit.BuildingBlocks.PlaceWithAnchor$$RequestMove.c,C:\realDesktop\manifest-evaluations\summer-26\ghidra-pipeline\il2cpp-files\MatchPointTennis\manual-review-pack\A_must_review\094_p203_Meta.XR.MRUtilityKit.BuildingBlocks.PlaceWithAnchor$$RequestMove.c
95,203,A_must_review,Meta.XR.ImmersiveDebugger.UserInterface.Generic.Flex$$RefreshLayoutPostChildren,076eb290,104,90_plus_uncertain_gaze_or_xr_structure_near_certain,eye_source; validity_gate; paired_state_refs; telemetry,strong_eye_source_hits_1; validity_or_gating_hits_8; paired_field_refs_with_eye_source; telemetry_or_network_hits_2; functionality_data_collection_or_telemetry_hits_2,base_scanner_score_104; module_bonus_validity_gate_8; module_bonus_paired_state_refs_8; module_bonus_telemetry_20; evidence_bonus_telemetry_or_network_hits_12; sensitive_sink_telemetry_bonus_15; keyword_support_eye_or_gaze_5_bonus_20; keyword_support_collection_or_telemetry_4_bonus_16,C:\realDesktop\manifest-evaluations\summer-26\ghidra-pipeline\il2cpp-files\MatchPointTennis\general-structure-results\90_plus_uncertain_gaze_or_xr_structure_near_certain\076eb290_Meta.XR.ImmersiveDebugger.UserInterface.Generic.Flex$$RefreshLayoutPostChildren.c,C:\realDesktop\manifest-evaluations\summer-26\ghidra-pipeline\il2cpp-files\MatchPointTennis\manual-review-pack\A_must_review\095_p203_Meta.XR.ImmersiveDebugger.UserInterface.Generic.Flex$$RefreshLayoutPostChildren.c
96,203,A_must_review,Meta.XR.ImmersiveDebugger.UserInterface.Generic.Controller$$RefreshLayoutPostChildren,076e7a04,104,90_plus_uncertain_gaze_or_xr_structure_near_certain,eye_source; validity_gate; paired_state_refs; telemetry,strong_eye_source_hits_1; validity_or_gating_hits_21; paired_field_refs_with_eye_source; telemetry_or_network_hits_2; functionality_data_collection_or_telemetry_hits_2,base_scanner_score_104; module_bonus_validity_gate_8; module_bonus_paired_state_refs_8; module_bonus_telemetry_20; evidence_bonus_telemetry_or_network_hits_12; sensitive_sink_telemetry_bonus_15; keyword_support_eye_or_gaze_5_bonus_20; keyword_support_collection_or_telemetry_4_bonus_16,C:\realDesktop\manifest-evaluations\summer-26\ghidra-pipeline\il2cpp-files\MatchPointTennis\general-structure-results\90_plus_uncertain_gaze_or_xr_structure_near_certain\076e7a04_Meta.XR.ImmersiveDebugger.UserInterface.Generic.Controller$$RefreshLayoutPostChildren.c,C:\realDesktop\manifest-evaluations\summer-26\ghidra-pipeline\il2cpp-files\MatchPointTennis\manual-review-pack\A_must_review\096_p203_Meta.XR.ImmersiveDebugger.UserInterface.Generic.Controller$$RefreshLayoutPostChildren.c
97,203,A_must_review,OVRPlugin.UnityOpenXR$$OnSessionCreate,07ca0378,100,90_plus_uncertain_gaze_or_xr_structure_near_certain,eye_source; weak_source_state; validity_gate; telemetry,strong_eye_source_hits_2; weak_xr_or_state_hits_4; validity_or_gating_hits_1; telemetry_or_network_hits_2; functionality_data_collection_or_telemetry_hits_2,base_scanner_score_100; module_bonus_validity_gate_8; module_bonus_telemetry_20; evidence_bonus_telemetry_or_network_hits_12; sensitive_sink_telemetry_bonus_15; keyword_support_eye_or_gaze_5_bonus_20; keyword_support_sdk_4_bonus_12; keyword_support_collection_or_telemetry_4_bonus_16,C:\realDesktop\manifest-evaluations\summer-26\ghidra-pipeline\il2cpp-files\MatchPointTennis\general-structure-results\90_plus_uncertain_gaze_or_xr_structure_near_certain\07ca0378_OVRPlugin.UnityOpenXR$$OnSessionCreate.c,C:\realDesktop\manifest-evaluations\summer-26\ghidra-pipeline\il2cpp-files\MatchPointTennis\manual-review-pack\A_must_review\097_p203_OVRPlugin.UnityOpenXR$$OnSessionCreate.c
98,203,A_must_review,OVRPlugin.OVRP_1_71_0$$ovrp_UnityOpenXR_OnSessionExiting,07ca0d18,100,90_plus_uncertain_gaze_or_xr_structure_near_certain,eye_source; weak_source_state; validity_gate; telemetry,strong_eye_source_hits_2; weak_xr_or_state_hits_4; validity_or_gating_hits_1; telemetry_or_network_hits_2; functionality_data_collection_or_telemetry_hits_2,base_scanner_score_100; module_bonus_validity_gate_8; module_bonus_telemetry_20; evidence_bonus_telemetry_or_network_hits_12; sensitive_sink_telemetry_bonus_15; keyword_support_eye_or_gaze_5_bonus_20; keyword_support_sdk_4_bonus_12; keyword_support_collection_or_telemetry_4_bonus_16,C:\realDesktop\manifest-evaluations\summer-26\ghidra-pipeline\il2cpp-files\MatchPointTennis\general-structure-results\90_plus_uncertain_gaze_or_xr_structure_near_certain\07ca0d18_OVRPlugin.OVRP_1_71_0$$ovrp_UnityOpenXR_OnSessionExiting.c,C:\realDesktop\manifest-evaluations\summer-26\ghidra-pipeline\il2cpp-files\MatchPointTennis\manual-review-pack\A_must_review\098_p203_OVRPlugin.OVRP_1_71_0$$ovrp_UnityOpenXR_OnSessionExiting.c
99,203,A_must_review,OVRPlugin.OVRP_1_71_0$$ovrp_UnityOpenXR_OnSessionDestroy,07ca0e54,100,90_plus_uncertain_gaze_or_xr_structure_near_certain,eye_source; weak_source_state; validity_gate; telemetry,strong_eye_source_hits_2; weak_xr_or_state_hits_4; validity_or_gating_hits_1; telemetry_or_network_hits_2; functionality_data_collection_or_telemetry_hits_2,base_scanner_score_100; module_bonus_validity_gate_8; module_bonus_telemetry_20; evidence_bonus_telemetry_or_network_hits_12; sensitive_sink_telemetry_bonus_15; keyword_support_eye_or_gaze_5_bonus_20; keyword_support_sdk_4_bonus_12; keyword_support_collection_or_telemetry_4_bonus_16,C:\realDesktop\manifest-evaluations\summer-26\ghidra-pipeline\il2cpp-files\MatchPointTennis\general-structure-results\90_plus_uncertain_gaze_or_xr_structure_near_certain\07ca0e54_OVRPlugin.OVRP_1_71_0$$ovrp_UnityOpenXR_OnSessionDestroy.c,C:\realDesktop\manifest-evaluations\summer-26\ghidra-pipeline\il2cpp-files\MatchPointTennis\manual-review-pack\A_must_review\099_p203_OVRPlugin.OVRP_1_71_0$$ovrp_UnityOpenXR_OnSessionDestroy.c
100,203,A_must_review,OVRPlugin.OVRP_1_71_0$$ovrp_UnityOpenXR_OnSessionBegin,07ca0aa0,100,90_plus_uncertain_gaze_or_xr_structure_near_certain,eye_source; weak_source_state; validity_gate; telemetry,strong_eye_source_hits_2; weak_xr_or_state_hits_4; validity_or_gating_hits_1; telemetry_or_network_hits_2; functionality_data_collection_or_telemetry_hits_2,base_scanner_score_100; module_bonus_validity_gate_8; module_bonus_telemetry_20; evidence_bonus_telemetry_or_network_hits_12; sensitive_sink_telemetry_bonus_15; keyword_support_eye_or_gaze_5_bonus_20; keyword_support_sdk_4_bonus_12; keyword_support_collection_or_telemetry_4_bonus_16,C:\realDesktop\manifest-evaluations\summer-26\ghidra-pipeline\il2cpp-files\MatchPointTennis\general-structure-results\90_plus_uncertain_gaze_or_xr_structure_near_certain\07ca0aa0_OVRPlugin.OVRP_1_71_0$$ovrp_UnityOpenXR_OnSessionBegin.c,C:\realDesktop\manifest-evaluations\summer-26\ghidra-pipeline\il2cpp-files\MatchPointTennis\manual-review-pack\A_must_review\100_p203_OVRPlugin.OVRP_1_71_0$$ovrp_UnityOpenXR_OnSessionBegin.c
