rank,manual_priority_score,manual_tier,function_name,entry_point,scanner_score,scanner_label,modules,evidence,priority_reasons,file_path,copied_file
1,552,A_must_review,System.Xml.XmlEncodedRawTextWriter$$WriteRaw,060f2c54,358,90_plus_confirmed_eye_data_collection_near_certain,eye_source; weak_source_state; validity_gate; pose_vector; ray_interaction; ui_interaction; data_collection; telemetry; frame_behavior; structure_combo; active_gaze_retrieval; active_gaze_interaction; active_gaze_collection; possible_biometrics,strong_eye_source_hits_2; weak_xr_or_state_hits_6; validity_or_gating_hits_21; strong_pose_or_ray_construction_hits_2; ray_or_cast_sink_hits_14; ui_or_gameplay_sink_hits_4; strong_file_logging_hits_2; telemetry_or_network_hits_4; frame_or_lifecycle_behavior; source_validity_pose_sink_structure; strong_eye_source_validity_pose_sink_structure; active_gaze_state_retrieval_with_validity_and_pose; active_gaze_values_flow_to_interaction_sink; active_gaze_values_flow_to_collection_or_telemetry_sink; possible_biometric_feature_from_active_eye_context; functionality_permission_setup; functionality_gaze_retrieval_or_extraction; functionality_gaze_interaction_hits_18; functionality_data_collection_or_telemetry_hits_6; functionality_possible_biometrics_hits_4,base_scanner_score_358; module_bonus_validity_gate_8; module_bonus_pose_vector_10; module_bonus_ray_interaction_15; module_bonus_ui_interaction_12; module_bonus_data_collection_22; module_bonus_telemetry_20; module_bonus_frame_behavior_5; module_bonus_structure_combo_18; evidence_bonus_telemetry_or_network_hits_12; sensitive_sink_data_collection_bonus_15; sensitive_sink_telemetry_bonus_15; keyword_support_eye_or_gaze_5_bonus_20; keyword_support_sdk_2_bonus_6; keyword_support_collection_or_telemetry_4_bonus_16,C:\realDesktop\manifest-evaluations\summer-26\ghidra-pipeline\il2cpp-files\BowlingAlley\general-structure-results\90_plus_confirmed_eye_data_collection_near_certain\060f2c54_System.Xml.XmlEncodedRawTextWriter$$WriteRaw.c,C:\realDesktop\manifest-evaluations\summer-26\ghidra-pipeline\il2cpp-files\BowlingAlley\manual-review-pack\A_must_review\001_p552_System.Xml.XmlEncodedRawTextWriter$$WriteRaw.c
2,552,A_must_review,System.Xml.TextEncodedRawTextWriter$$WriteWhitespace,060f2c24,358,90_plus_confirmed_eye_data_collection_near_certain,eye_source; weak_source_state; validity_gate; pose_vector; ray_interaction; ui_interaction; data_collection; telemetry; frame_behavior; structure_combo; active_gaze_retrieval; active_gaze_interaction; active_gaze_collection; possible_biometrics,strong_eye_source_hits_2; weak_xr_or_state_hits_6; validity_or_gating_hits_21; strong_pose_or_ray_construction_hits_2; ray_or_cast_sink_hits_14; ui_or_gameplay_sink_hits_4; strong_file_logging_hits_2; telemetry_or_network_hits_4; frame_or_lifecycle_behavior; source_validity_pose_sink_structure; strong_eye_source_validity_pose_sink_structure; active_gaze_state_retrieval_with_validity_and_pose; active_gaze_values_flow_to_interaction_sink; active_gaze_values_flow_to_collection_or_telemetry_sink; possible_biometric_feature_from_active_eye_context; functionality_permission_setup; functionality_gaze_retrieval_or_extraction; functionality_gaze_interaction_hits_18; functionality_data_collection_or_telemetry_hits_6; functionality_possible_biometrics_hits_4,base_scanner_score_358; module_bonus_validity_gate_8; module_bonus_pose_vector_10; module_bonus_ray_interaction_15; module_bonus_ui_interaction_12; module_bonus_data_collection_22; module_bonus_telemetry_20; module_bonus_frame_behavior_5; module_bonus_structure_combo_18; evidence_bonus_telemetry_or_network_hits_12; sensitive_sink_data_collection_bonus_15; sensitive_sink_telemetry_bonus_15; keyword_support_eye_or_gaze_5_bonus_20; keyword_support_sdk_2_bonus_6; keyword_support_collection_or_telemetry_4_bonus_16,C:\realDesktop\manifest-evaluations\summer-26\ghidra-pipeline\il2cpp-files\BowlingAlley\general-structure-results\90_plus_confirmed_eye_data_collection_near_certain\060f2c24_System.Xml.TextEncodedRawTextWriter$$WriteWhitespace.c,C:\realDesktop\manifest-evaluations\summer-26\ghidra-pipeline\il2cpp-files\BowlingAlley\manual-review-pack\A_must_review\002_p552_System.Xml.TextEncodedRawTextWriter$$WriteWhitespace.c
3,552,A_must_review,System.Xml.TextEncodedRawTextWriter$$WriteSurrogateCharEntity,060f2c20,358,90_plus_confirmed_eye_data_collection_near_certain,eye_source; weak_source_state; validity_gate; pose_vector; ray_interaction; ui_interaction; data_collection; telemetry; frame_behavior; structure_combo; active_gaze_retrieval; active_gaze_interaction; active_gaze_collection; possible_biometrics,strong_eye_source_hits_2; weak_xr_or_state_hits_6; validity_or_gating_hits_21; strong_pose_or_ray_construction_hits_2; ray_or_cast_sink_hits_14; ui_or_gameplay_sink_hits_4; strong_file_logging_hits_2; telemetry_or_network_hits_4; frame_or_lifecycle_behavior; source_validity_pose_sink_structure; strong_eye_source_validity_pose_sink_structure; active_gaze_state_retrieval_with_validity_and_pose; active_gaze_values_flow_to_interaction_sink; active_gaze_values_flow_to_collection_or_telemetry_sink; possible_biometric_feature_from_active_eye_context; functionality_permission_setup; functionality_gaze_retrieval_or_extraction; functionality_gaze_interaction_hits_18; functionality_data_collection_or_telemetry_hits_6; functionality_possible_biometrics_hits_4,base_scanner_score_358; module_bonus_validity_gate_8; module_bonus_pose_vector_10; module_bonus_ray_interaction_15; module_bonus_ui_interaction_12; module_bonus_data_collection_22; module_bonus_telemetry_20; module_bonus_frame_behavior_5; module_bonus_structure_combo_18; evidence_bonus_telemetry_or_network_hits_12; sensitive_sink_data_collection_bonus_15; sensitive_sink_telemetry_bonus_15; keyword_support_eye_or_gaze_5_bonus_20; keyword_support_sdk_2_bonus_6; keyword_support_collection_or_telemetry_4_bonus_16,C:\realDesktop\manifest-evaluations\summer-26\ghidra-pipeline\il2cpp-files\BowlingAlley\general-structure-results\90_plus_confirmed_eye_data_collection_near_certain\060f2c20_System.Xml.TextEncodedRawTextWriter$$WriteSurrogateCharEntity.c,C:\realDesktop\manifest-evaluations\summer-26\ghidra-pipeline\il2cpp-files\BowlingAlley\manual-review-pack\A_must_review\003_p552_System.Xml.TextEncodedRawTextWriter$$WriteSurrogateCharEntity.c
4,552,A_must_review,System.Xml.TextEncodedRawTextWriter$$WriteString,060f2c34,358,90_plus_confirmed_eye_data_collection_near_certain,eye_source; weak_source_state; validity_gate; pose_vector; ray_interaction; ui_interaction; data_collection; telemetry; frame_behavior; structure_combo; active_gaze_retrieval; active_gaze_interaction; active_gaze_collection; possible_biometrics,strong_eye_source_hits_2; weak_xr_or_state_hits_6; validity_or_gating_hits_21; strong_pose_or_ray_construction_hits_2; ray_or_cast_sink_hits_14; ui_or_gameplay_sink_hits_4; strong_file_logging_hits_2; telemetry_or_network_hits_4; frame_or_lifecycle_behavior; source_validity_pose_sink_structure; strong_eye_source_validity_pose_sink_structure; active_gaze_state_retrieval_with_validity_and_pose; active_gaze_values_flow_to_interaction_sink; active_gaze_values_flow_to_collection_or_telemetry_sink; possible_biometric_feature_from_active_eye_context; functionality_permission_setup; functionality_gaze_retrieval_or_extraction; functionality_gaze_interaction_hits_18; functionality_data_collection_or_telemetry_hits_6; functionality_possible_biometrics_hits_4,base_scanner_score_358; module_bonus_validity_gate_8; module_bonus_pose_vector_10; module_bonus_ray_interaction_15; module_bonus_ui_interaction_12; module_bonus_data_collection_22; module_bonus_telemetry_20; module_bonus_frame_behavior_5; module_bonus_structure_combo_18; evidence_bonus_telemetry_or_network_hits_12; sensitive_sink_data_collection_bonus_15; sensitive_sink_telemetry_bonus_15; keyword_support_eye_or_gaze_5_bonus_20; keyword_support_sdk_2_bonus_6; keyword_support_collection_or_telemetry_4_bonus_16,C:\realDesktop\manifest-evaluations\summer-26\ghidra-pipeline\il2cpp-files\BowlingAlley\general-structure-results\90_plus_confirmed_eye_data_collection_near_certain\060f2c34_System.Xml.TextEncodedRawTextWriter$$WriteString.c,C:\realDesktop\manifest-evaluations\summer-26\ghidra-pipeline\il2cpp-files\BowlingAlley\manual-review-pack\A_must_review\004_p552_System.Xml.TextEncodedRawTextWriter$$WriteString.c
5,552,A_must_review,System.Xml.TextEncodedRawTextWriter$$WriteProcessingInstruction,060f2c14,358,90_plus_confirmed_eye_data_collection_near_certain,eye_source; weak_source_state; validity_gate; pose_vector; ray_interaction; ui_interaction; data_collection; telemetry; frame_behavior; structure_combo; active_gaze_retrieval; active_gaze_interaction; active_gaze_collection; possible_biometrics,strong_eye_source_hits_2; weak_xr_or_state_hits_6; validity_or_gating_hits_21; strong_pose_or_ray_construction_hits_2; ray_or_cast_sink_hits_14; ui_or_gameplay_sink_hits_4; strong_file_logging_hits_2; telemetry_or_network_hits_4; frame_or_lifecycle_behavior; source_validity_pose_sink_structure; strong_eye_source_validity_pose_sink_structure; active_gaze_state_retrieval_with_validity_and_pose; active_gaze_values_flow_to_interaction_sink; active_gaze_values_flow_to_collection_or_telemetry_sink; possible_biometric_feature_from_active_eye_context; functionality_permission_setup; functionality_gaze_retrieval_or_extraction; functionality_gaze_interaction_hits_18; functionality_data_collection_or_telemetry_hits_6; functionality_possible_biometrics_hits_4,base_scanner_score_358; module_bonus_validity_gate_8; module_bonus_pose_vector_10; module_bonus_ray_interaction_15; module_bonus_ui_interaction_12; module_bonus_data_collection_22; module_bonus_telemetry_20; module_bonus_frame_behavior_5; module_bonus_structure_combo_18; evidence_bonus_telemetry_or_network_hits_12; sensitive_sink_data_collection_bonus_15; sensitive_sink_telemetry_bonus_15; keyword_support_eye_or_gaze_5_bonus_20; keyword_support_sdk_2_bonus_6; keyword_support_collection_or_telemetry_4_bonus_16,C:\realDesktop\manifest-evaluations\summer-26\ghidra-pipeline\il2cpp-files\BowlingAlley\general-structure-results\90_plus_confirmed_eye_data_collection_near_certain\060f2c14_System.Xml.TextEncodedRawTextWriter$$WriteProcessingInstruction.c,C:\realDesktop\manifest-evaluations\summer-26\ghidra-pipeline\il2cpp-files\BowlingAlley\manual-review-pack\A_must_review\005_p552_System.Xml.TextEncodedRawTextWriter$$WriteProcessingInstruction.c
6,552,A_must_review,System.Xml.TextEncodedRawTextWriter$$WriteEntityRef,060f2c18,358,90_plus_confirmed_eye_data_collection_near_certain,eye_source; weak_source_state; validity_gate; pose_vector; ray_interaction; ui_interaction; data_collection; telemetry; frame_behavior; structure_combo; active_gaze_retrieval; active_gaze_interaction; active_gaze_collection; possible_biometrics,strong_eye_source_hits_2; weak_xr_or_state_hits_6; validity_or_gating_hits_21; strong_pose_or_ray_construction_hits_2; ray_or_cast_sink_hits_14; ui_or_gameplay_sink_hits_4; strong_file_logging_hits_2; telemetry_or_network_hits_4; frame_or_lifecycle_behavior; source_validity_pose_sink_structure; strong_eye_source_validity_pose_sink_structure; active_gaze_state_retrieval_with_validity_and_pose; active_gaze_values_flow_to_interaction_sink; active_gaze_values_flow_to_collection_or_telemetry_sink; possible_biometric_feature_from_active_eye_context; functionality_permission_setup; functionality_gaze_retrieval_or_extraction; functionality_gaze_interaction_hits_18; functionality_data_collection_or_telemetry_hits_6; functionality_possible_biometrics_hits_4,base_scanner_score_358; module_bonus_validity_gate_8; module_bonus_pose_vector_10; module_bonus_ray_interaction_15; module_bonus_ui_interaction_12; module_bonus_data_collection_22; module_bonus_telemetry_20; module_bonus_frame_behavior_5; module_bonus_structure_combo_18; evidence_bonus_telemetry_or_network_hits_12; sensitive_sink_data_collection_bonus_15; sensitive_sink_telemetry_bonus_15; keyword_support_eye_or_gaze_5_bonus_20; keyword_support_sdk_2_bonus_6; keyword_support_collection_or_telemetry_4_bonus_16,C:\realDesktop\manifest-evaluations\summer-26\ghidra-pipeline\il2cpp-files\BowlingAlley\general-structure-results\90_plus_confirmed_eye_data_collection_near_certain\060f2c18_System.Xml.TextEncodedRawTextWriter$$WriteEntityRef.c,C:\realDesktop\manifest-evaluations\summer-26\ghidra-pipeline\il2cpp-files\BowlingAlley\manual-review-pack\A_must_review\006_p552_System.Xml.TextEncodedRawTextWriter$$WriteEntityRef.c
7,552,A_must_review,System.Xml.TextEncodedRawTextWriter$$WriteChars,060f2c44,358,90_plus_confirmed_eye_data_collection_near_certain,eye_source; weak_source_state; validity_gate; pose_vector; ray_interaction; ui_interaction; data_collection; telemetry; frame_behavior; structure_combo; active_gaze_retrieval; active_gaze_interaction; active_gaze_collection; possible_biometrics,strong_eye_source_hits_2; weak_xr_or_state_hits_6; validity_or_gating_hits_21; strong_pose_or_ray_construction_hits_2; ray_or_cast_sink_hits_14; ui_or_gameplay_sink_hits_4; strong_file_logging_hits_2; telemetry_or_network_hits_4; frame_or_lifecycle_behavior; source_validity_pose_sink_structure; strong_eye_source_validity_pose_sink_structure; active_gaze_state_retrieval_with_validity_and_pose; active_gaze_values_flow_to_interaction_sink; active_gaze_values_flow_to_collection_or_telemetry_sink; possible_biometric_feature_from_active_eye_context; functionality_permission_setup; functionality_gaze_retrieval_or_extraction; functionality_gaze_interaction_hits_18; functionality_data_collection_or_telemetry_hits_6; functionality_possible_biometrics_hits_4,base_scanner_score_358; module_bonus_validity_gate_8; module_bonus_pose_vector_10; module_bonus_ray_interaction_15; module_bonus_ui_interaction_12; module_bonus_data_collection_22; module_bonus_telemetry_20; module_bonus_frame_behavior_5; module_bonus_structure_combo_18; evidence_bonus_telemetry_or_network_hits_12; sensitive_sink_data_collection_bonus_15; sensitive_sink_telemetry_bonus_15; keyword_support_eye_or_gaze_5_bonus_20; keyword_support_sdk_2_bonus_6; keyword_support_collection_or_telemetry_4_bonus_16,C:\realDesktop\manifest-evaluations\summer-26\ghidra-pipeline\il2cpp-files\BowlingAlley\general-structure-results\90_plus_confirmed_eye_data_collection_near_certain\060f2c44_System.Xml.TextEncodedRawTextWriter$$WriteChars.c,C:\realDesktop\manifest-evaluations\summer-26\ghidra-pipeline\il2cpp-files\BowlingAlley\manual-review-pack\A_must_review\007_p552_System.Xml.TextEncodedRawTextWriter$$WriteChars.c
8,552,A_must_review,System.Xml.TextEncodedRawTextWriter$$WriteCharEntity,060f2c1c,358,90_plus_confirmed_eye_data_collection_near_certain,eye_source; weak_source_state; validity_gate; pose_vector; ray_interaction; ui_interaction; data_collection; telemetry; frame_behavior; structure_combo; active_gaze_retrieval; active_gaze_interaction; active_gaze_collection; possible_biometrics,strong_eye_source_hits_2; weak_xr_or_state_hits_6; validity_or_gating_hits_21; strong_pose_or_ray_construction_hits_2; ray_or_cast_sink_hits_14; ui_or_gameplay_sink_hits_4; strong_file_logging_hits_2; telemetry_or_network_hits_4; frame_or_lifecycle_behavior; source_validity_pose_sink_structure; strong_eye_source_validity_pose_sink_structure; active_gaze_state_retrieval_with_validity_and_pose; active_gaze_values_flow_to_interaction_sink; active_gaze_values_flow_to_collection_or_telemetry_sink; possible_biometric_feature_from_active_eye_context; functionality_permission_setup; functionality_gaze_retrieval_or_extraction; functionality_gaze_interaction_hits_18; functionality_data_collection_or_telemetry_hits_6; functionality_possible_biometrics_hits_4,base_scanner_score_358; module_bonus_validity_gate_8; module_bonus_pose_vector_10; module_bonus_ray_interaction_15; module_bonus_ui_interaction_12; module_bonus_data_collection_22; module_bonus_telemetry_20; module_bonus_frame_behavior_5; module_bonus_structure_combo_18; evidence_bonus_telemetry_or_network_hits_12; sensitive_sink_data_collection_bonus_15; sensitive_sink_telemetry_bonus_15; keyword_support_eye_or_gaze_5_bonus_20; keyword_support_sdk_2_bonus_6; keyword_support_collection_or_telemetry_4_bonus_16,C:\realDesktop\manifest-evaluations\summer-26\ghidra-pipeline\il2cpp-files\BowlingAlley\general-structure-results\90_plus_confirmed_eye_data_collection_near_certain\060f2c1c_System.Xml.TextEncodedRawTextWriter$$WriteCharEntity.c,C:\realDesktop\manifest-evaluations\summer-26\ghidra-pipeline\il2cpp-files\BowlingAlley\manual-review-pack\A_must_review\008_p552_System.Xml.TextEncodedRawTextWriter$$WriteCharEntity.c
9,548,A_must_review,System.Xml.TextUtf8RawTextWriter$$get_SupportsNamespaceDeclarationInChunks,060f2d2c,354,90_plus_confirmed_eye_data_collection_near_certain,eye_source; weak_source_state; validity_gate; pose_vector; ray_interaction; ui_interaction; data_collection; telemetry; frame_behavior; structure_combo; active_gaze_retrieval; active_gaze_interaction; active_gaze_collection; possible_biometrics,strong_eye_source_hits_2; weak_xr_or_state_hits_6; validity_or_gating_hits_21; strong_pose_or_ray_construction_hits_1; ray_or_cast_sink_hits_8; ui_or_gameplay_sink_hits_4; strong_file_logging_hits_2; telemetry_or_network_hits_4; frame_or_lifecycle_behavior; source_validity_pose_sink_structure; strong_eye_source_validity_pose_sink_structure; active_gaze_state_retrieval_with_validity_and_pose; active_gaze_values_flow_to_interaction_sink; active_gaze_values_flow_to_collection_or_telemetry_sink; possible_biometric_feature_from_active_eye_context; functionality_permission_setup; functionality_gaze_retrieval_or_extraction; functionality_gaze_interaction_hits_12; functionality_data_collection_or_telemetry_hits_6; functionality_possible_biometrics_hits_4,base_scanner_score_354; module_bonus_validity_gate_8; module_bonus_pose_vector_10; module_bonus_ray_interaction_15; module_bonus_ui_interaction_12; module_bonus_data_collection_22; module_bonus_telemetry_20; module_bonus_frame_behavior_5; module_bonus_structure_combo_18; evidence_bonus_telemetry_or_network_hits_12; sensitive_sink_data_collection_bonus_15; sensitive_sink_telemetry_bonus_15; keyword_support_eye_or_gaze_5_bonus_20; keyword_support_sdk_2_bonus_6; keyword_support_collection_or_telemetry_4_bonus_16,C:\realDesktop\manifest-evaluations\summer-26\ghidra-pipeline\il2cpp-files\BowlingAlley\general-structure-results\90_plus_confirmed_eye_data_collection_near_certain\060f2d2c_System.Xml.TextUtf8RawTextWriter$$get_SupportsNamespaceDeclarationInChunks.c,C:\realDesktop\manifest-evaluations\summer-26\ghidra-pipeline\il2cpp-files\BowlingAlley\manual-review-pack\A_must_review\009_p548_System.Xml.TextUtf8RawTextWriter$$get_SupportsNamespaceDeclarationInChunks.c
10,548,A_must_review,System.Xml.TextUtf8RawTextWriter$$WriteXmlDeclaration,060f2cf8,354,90_plus_confirmed_eye_data_collection_near_certain,eye_source; weak_source_state; validity_gate; pose_vector; ray_interaction; ui_interaction; data_collection; telemetry; frame_behavior; structure_combo; active_gaze_retrieval; active_gaze_interaction; active_gaze_collection; possible_biometrics,strong_eye_source_hits_2; weak_xr_or_state_hits_6; validity_or_gating_hits_21; strong_pose_or_ray_construction_hits_1; ray_or_cast_sink_hits_14; ui_or_gameplay_sink_hits_4; strong_file_logging_hits_2; telemetry_or_network_hits_4; frame_or_lifecycle_behavior; source_validity_pose_sink_structure; strong_eye_source_validity_pose_sink_structure; active_gaze_state_retrieval_with_validity_and_pose; active_gaze_values_flow_to_interaction_sink; active_gaze_values_flow_to_collection_or_telemetry_sink; possible_biometric_feature_from_active_eye_context; functionality_permission_setup; functionality_gaze_retrieval_or_extraction; functionality_gaze_interaction_hits_18; functionality_data_collection_or_telemetry_hits_6; functionality_possible_biometrics_hits_4,base_scanner_score_354; module_bonus_validity_gate_8; module_bonus_pose_vector_10; module_bonus_ray_interaction_15; module_bonus_ui_interaction_12; module_bonus_data_collection_22; module_bonus_telemetry_20; module_bonus_frame_behavior_5; module_bonus_structure_combo_18; evidence_bonus_telemetry_or_network_hits_12; sensitive_sink_data_collection_bonus_15; sensitive_sink_telemetry_bonus_15; keyword_support_eye_or_gaze_5_bonus_20; keyword_support_sdk_2_bonus_6; keyword_support_collection_or_telemetry_4_bonus_16,C:\realDesktop\manifest-evaluations\summer-26\ghidra-pipeline\il2cpp-files\BowlingAlley\general-structure-results\90_plus_confirmed_eye_data_collection_near_certain\060f2cf8_System.Xml.TextUtf8RawTextWriter$$WriteXmlDeclaration.c,C:\realDesktop\manifest-evaluations\summer-26\ghidra-pipeline\il2cpp-files\BowlingAlley\manual-review-pack\A_must_review\010_p548_System.Xml.TextUtf8RawTextWriter$$WriteXmlDeclaration.c
11,548,A_must_review,System.Xml.TextUtf8RawTextWriter$$WriteXmlDeclaration,060f2cfc,354,90_plus_confirmed_eye_data_collection_near_certain,eye_source; weak_source_state; validity_gate; pose_vector; ray_interaction; ui_interaction; data_collection; telemetry; frame_behavior; structure_combo; active_gaze_retrieval; active_gaze_interaction; active_gaze_collection; possible_biometrics,strong_eye_source_hits_2; weak_xr_or_state_hits_6; validity_or_gating_hits_21; strong_pose_or_ray_construction_hits_1; ray_or_cast_sink_hits_14; ui_or_gameplay_sink_hits_4; strong_file_logging_hits_2; telemetry_or_network_hits_4; frame_or_lifecycle_behavior; source_validity_pose_sink_structure; strong_eye_source_validity_pose_sink_structure; active_gaze_state_retrieval_with_validity_and_pose; active_gaze_values_flow_to_interaction_sink; active_gaze_values_flow_to_collection_or_telemetry_sink; possible_biometric_feature_from_active_eye_context; functionality_permission_setup; functionality_gaze_retrieval_or_extraction; functionality_gaze_interaction_hits_18; functionality_data_collection_or_telemetry_hits_6; functionality_possible_biometrics_hits_4,base_scanner_score_354; module_bonus_validity_gate_8; module_bonus_pose_vector_10; module_bonus_ray_interaction_15; module_bonus_ui_interaction_12; module_bonus_data_collection_22; module_bonus_telemetry_20; module_bonus_frame_behavior_5; module_bonus_structure_combo_18; evidence_bonus_telemetry_or_network_hits_12; sensitive_sink_data_collection_bonus_15; sensitive_sink_telemetry_bonus_15; keyword_support_eye_or_gaze_5_bonus_20; keyword_support_sdk_2_bonus_6; keyword_support_collection_or_telemetry_4_bonus_16,C:\realDesktop\manifest-evaluations\summer-26\ghidra-pipeline\il2cpp-files\BowlingAlley\general-structure-results\90_plus_confirmed_eye_data_collection_near_certain\060f2cfc_System.Xml.TextUtf8RawTextWriter$$WriteXmlDeclaration.c,C:\realDesktop\manifest-evaluations\summer-26\ghidra-pipeline\il2cpp-files\BowlingAlley\manual-review-pack\A_must_review\011_p548_System.Xml.TextUtf8RawTextWriter$$WriteXmlDeclaration.c
12,548,A_must_review,System.Xml.TextUtf8RawTextWriter$$WriteWhitespace,060f2d50,354,90_plus_confirmed_eye_data_collection_near_certain,eye_source; weak_source_state; validity_gate; pose_vector; ray_interaction; ui_interaction; data_collection; telemetry; frame_behavior; structure_combo; active_gaze_retrieval; active_gaze_interaction; active_gaze_collection; possible_biometrics,strong_eye_source_hits_2; weak_xr_or_state_hits_6; validity_or_gating_hits_21; strong_pose_or_ray_construction_hits_1; ray_or_cast_sink_hits_8; ui_or_gameplay_sink_hits_4; strong_file_logging_hits_2; telemetry_or_network_hits_4; frame_or_lifecycle_behavior; source_validity_pose_sink_structure; strong_eye_source_validity_pose_sink_structure; active_gaze_state_retrieval_with_validity_and_pose; active_gaze_values_flow_to_interaction_sink; active_gaze_values_flow_to_collection_or_telemetry_sink; possible_biometric_feature_from_active_eye_context; functionality_permission_setup; functionality_gaze_retrieval_or_extraction; functionality_gaze_interaction_hits_12; functionality_data_collection_or_telemetry_hits_6; functionality_possible_biometrics_hits_4,base_scanner_score_354; module_bonus_validity_gate_8; module_bonus_pose_vector_10; module_bonus_ray_interaction_15; module_bonus_ui_interaction_12; module_bonus_data_collection_22; module_bonus_telemetry_20; module_bonus_frame_behavior_5; module_bonus_structure_combo_18; evidence_bonus_telemetry_or_network_hits_12; sensitive_sink_data_collection_bonus_15; sensitive_sink_telemetry_bonus_15; keyword_support_eye_or_gaze_5_bonus_20; keyword_support_sdk_2_bonus_6; keyword_support_collection_or_telemetry_4_bonus_16,C:\realDesktop\manifest-evaluations\summer-26\ghidra-pipeline\il2cpp-files\BowlingAlley\general-structure-results\90_plus_confirmed_eye_data_collection_near_certain\060f2d50_System.Xml.TextUtf8RawTextWriter$$WriteWhitespace.c,C:\realDesktop\manifest-evaluations\summer-26\ghidra-pipeline\il2cpp-files\BowlingAlley\manual-review-pack\A_must_review\012_p548_System.Xml.TextUtf8RawTextWriter$$WriteWhitespace.c
13,548,A_must_review,System.Xml.TextUtf8RawTextWriter$$WriteSurrogateCharEntity,060f2d4c,354,90_plus_confirmed_eye_data_collection_near_certain,eye_source; weak_source_state; validity_gate; pose_vector; ray_interaction; ui_interaction; data_collection; telemetry; frame_behavior; structure_combo; active_gaze_retrieval; active_gaze_interaction; active_gaze_collection; possible_biometrics,strong_eye_source_hits_2; weak_xr_or_state_hits_6; validity_or_gating_hits_21; strong_pose_or_ray_construction_hits_1; ray_or_cast_sink_hits_8; ui_or_gameplay_sink_hits_4; strong_file_logging_hits_2; telemetry_or_network_hits_4; frame_or_lifecycle_behavior; source_validity_pose_sink_structure; strong_eye_source_validity_pose_sink_structure; active_gaze_state_retrieval_with_validity_and_pose; active_gaze_values_flow_to_interaction_sink; active_gaze_values_flow_to_collection_or_telemetry_sink; possible_biometric_feature_from_active_eye_context; functionality_permission_setup; functionality_gaze_retrieval_or_extraction; functionality_gaze_interaction_hits_12; functionality_data_collection_or_telemetry_hits_6; functionality_possible_biometrics_hits_4,base_scanner_score_354; module_bonus_validity_gate_8; module_bonus_pose_vector_10; module_bonus_ray_interaction_15; module_bonus_ui_interaction_12; module_bonus_data_collection_22; module_bonus_telemetry_20; module_bonus_frame_behavior_5; module_bonus_structure_combo_18; evidence_bonus_telemetry_or_network_hits_12; sensitive_sink_data_collection_bonus_15; sensitive_sink_telemetry_bonus_15; keyword_support_eye_or_gaze_5_bonus_20; keyword_support_sdk_2_bonus_6; keyword_support_collection_or_telemetry_4_bonus_16,C:\realDesktop\manifest-evaluations\summer-26\ghidra-pipeline\il2cpp-files\BowlingAlley\general-structure-results\90_plus_confirmed_eye_data_collection_near_certain\060f2d4c_System.Xml.TextUtf8RawTextWriter$$WriteSurrogateCharEntity.c,C:\realDesktop\manifest-evaluations\summer-26\ghidra-pipeline\il2cpp-files\BowlingAlley\manual-review-pack\A_must_review\013_p548_System.Xml.TextUtf8RawTextWriter$$WriteSurrogateCharEntity.c
14,548,A_must_review,System.Xml.TextUtf8RawTextWriter$$WriteString,060f2d64,354,90_plus_confirmed_eye_data_collection_near_certain,eye_source; weak_source_state; validity_gate; pose_vector; ray_interaction; ui_interaction; data_collection; telemetry; frame_behavior; structure_combo; active_gaze_retrieval; active_gaze_interaction; active_gaze_collection; possible_biometrics,strong_eye_source_hits_2; weak_xr_or_state_hits_6; validity_or_gating_hits_21; strong_pose_or_ray_construction_hits_1; ray_or_cast_sink_hits_8; ui_or_gameplay_sink_hits_4; strong_file_logging_hits_2; telemetry_or_network_hits_4; frame_or_lifecycle_behavior; source_validity_pose_sink_structure; strong_eye_source_validity_pose_sink_structure; active_gaze_state_retrieval_with_validity_and_pose; active_gaze_values_flow_to_interaction_sink; active_gaze_values_flow_to_collection_or_telemetry_sink; possible_biometric_feature_from_active_eye_context; functionality_permission_setup; functionality_gaze_retrieval_or_extraction; functionality_gaze_interaction_hits_12; functionality_data_collection_or_telemetry_hits_6; functionality_possible_biometrics_hits_4,base_scanner_score_354; module_bonus_validity_gate_8; module_bonus_pose_vector_10; module_bonus_ray_interaction_15; module_bonus_ui_interaction_12; module_bonus_data_collection_22; module_bonus_telemetry_20; module_bonus_frame_behavior_5; module_bonus_structure_combo_18; evidence_bonus_telemetry_or_network_hits_12; sensitive_sink_data_collection_bonus_15; sensitive_sink_telemetry_bonus_15; keyword_support_eye_or_gaze_5_bonus_20; keyword_support_sdk_2_bonus_6; keyword_support_collection_or_telemetry_4_bonus_16,C:\realDesktop\manifest-evaluations\summer-26\ghidra-pipeline\il2cpp-files\BowlingAlley\general-structure-results\90_plus_confirmed_eye_data_collection_near_certain\060f2d64_System.Xml.TextUtf8RawTextWriter$$WriteString.c,C:\realDesktop\manifest-evaluations\summer-26\ghidra-pipeline\il2cpp-files\BowlingAlley\manual-review-pack\A_must_review\014_p548_System.Xml.TextUtf8RawTextWriter$$WriteString.c
15,548,A_must_review,System.Xml.TextUtf8RawTextWriter$$WriteStartElement,060f2d04,354,90_plus_confirmed_eye_data_collection_near_certain,eye_source; weak_source_state; validity_gate; pose_vector; ray_interaction; ui_interaction; data_collection; telemetry; frame_behavior; structure_combo; active_gaze_retrieval; active_gaze_interaction; active_gaze_collection; possible_biometrics,strong_eye_source_hits_2; weak_xr_or_state_hits_6; validity_or_gating_hits_21; strong_pose_or_ray_construction_hits_1; ray_or_cast_sink_hits_14; ui_or_gameplay_sink_hits_4; strong_file_logging_hits_2; telemetry_or_network_hits_4; frame_or_lifecycle_behavior; source_validity_pose_sink_structure; strong_eye_source_validity_pose_sink_structure; active_gaze_state_retrieval_with_validity_and_pose; active_gaze_values_flow_to_interaction_sink; active_gaze_values_flow_to_collection_or_telemetry_sink; possible_biometric_feature_from_active_eye_context; functionality_permission_setup; functionality_gaze_retrieval_or_extraction; functionality_gaze_interaction_hits_18; functionality_data_collection_or_telemetry_hits_6; functionality_possible_biometrics_hits_4,base_scanner_score_354; module_bonus_validity_gate_8; module_bonus_pose_vector_10; module_bonus_ray_interaction_15; module_bonus_ui_interaction_12; module_bonus_data_collection_22; module_bonus_telemetry_20; module_bonus_frame_behavior_5; module_bonus_structure_combo_18; evidence_bonus_telemetry_or_network_hits_12; sensitive_sink_data_collection_bonus_15; sensitive_sink_telemetry_bonus_15; keyword_support_eye_or_gaze_5_bonus_20; keyword_support_sdk_2_bonus_6; keyword_support_collection_or_telemetry_4_bonus_16,C:\realDesktop\manifest-evaluations\summer-26\ghidra-pipeline\il2cpp-files\BowlingAlley\general-structure-results\90_plus_confirmed_eye_data_collection_near_certain\060f2d04_System.Xml.TextUtf8RawTextWriter$$WriteStartElement.c,C:\realDesktop\manifest-evaluations\summer-26\ghidra-pipeline\il2cpp-files\BowlingAlley\manual-review-pack\A_must_review\015_p548_System.Xml.TextUtf8RawTextWriter$$WriteStartElement.c
16,548,A_must_review,System.Xml.TextUtf8RawTextWriter$$WriteStartAttribute,060f2d14,354,90_plus_confirmed_eye_data_collection_near_certain,eye_source; weak_source_state; validity_gate; pose_vector; ray_interaction; ui_interaction; data_collection; telemetry; frame_behavior; structure_combo; active_gaze_retrieval; active_gaze_interaction; active_gaze_collection; possible_biometrics,strong_eye_source_hits_2; weak_xr_or_state_hits_6; validity_or_gating_hits_21; strong_pose_or_ray_construction_hits_1; ray_or_cast_sink_hits_8; ui_or_gameplay_sink_hits_4; strong_file_logging_hits_2; telemetry_or_network_hits_4; frame_or_lifecycle_behavior; source_validity_pose_sink_structure; strong_eye_source_validity_pose_sink_structure; active_gaze_state_retrieval_with_validity_and_pose; active_gaze_values_flow_to_interaction_sink; active_gaze_values_flow_to_collection_or_telemetry_sink; possible_biometric_feature_from_active_eye_context; functionality_permission_setup; functionality_gaze_retrieval_or_extraction; functionality_gaze_interaction_hits_12; functionality_data_collection_or_telemetry_hits_6; functionality_possible_biometrics_hits_4,base_scanner_score_354; module_bonus_validity_gate_8; module_bonus_pose_vector_10; module_bonus_ray_interaction_15; module_bonus_ui_interaction_12; module_bonus_data_collection_22; module_bonus_telemetry_20; module_bonus_frame_behavior_5; module_bonus_structure_combo_18; evidence_bonus_telemetry_or_network_hits_12; sensitive_sink_data_collection_bonus_15; sensitive_sink_telemetry_bonus_15; keyword_support_eye_or_gaze_5_bonus_20; keyword_support_sdk_2_bonus_6; keyword_support_collection_or_telemetry_4_bonus_16,C:\realDesktop\manifest-evaluations\summer-26\ghidra-pipeline\il2cpp-files\BowlingAlley\general-structure-results\90_plus_confirmed_eye_data_collection_near_certain\060f2d14_System.Xml.TextUtf8RawTextWriter$$WriteStartAttribute.c,C:\realDesktop\manifest-evaluations\summer-26\ghidra-pipeline\il2cpp-files\BowlingAlley\manual-review-pack\A_must_review\016_p548_System.Xml.TextUtf8RawTextWriter$$WriteStartAttribute.c
17,548,A_must_review,System.Xml.TextUtf8RawTextWriter$$WriteRaw,060f2d8c,354,90_plus_confirmed_eye_data_collection_near_certain,eye_source; weak_source_state; validity_gate; pose_vector; ray_interaction; ui_interaction; data_collection; telemetry; frame_behavior; structure_combo; active_gaze_retrieval; active_gaze_interaction; active_gaze_collection; possible_biometrics,strong_eye_source_hits_2; weak_xr_or_state_hits_6; validity_or_gating_hits_21; strong_pose_or_ray_construction_hits_1; ray_or_cast_sink_hits_8; ui_or_gameplay_sink_hits_4; strong_file_logging_hits_2; telemetry_or_network_hits_4; frame_or_lifecycle_behavior; source_validity_pose_sink_structure; strong_eye_source_validity_pose_sink_structure; active_gaze_state_retrieval_with_validity_and_pose; active_gaze_values_flow_to_interaction_sink; active_gaze_values_flow_to_collection_or_telemetry_sink; possible_biometric_feature_from_active_eye_context; functionality_permission_setup; functionality_gaze_retrieval_or_extraction; functionality_gaze_interaction_hits_12; functionality_data_collection_or_telemetry_hits_6; functionality_possible_biometrics_hits_4,base_scanner_score_354; module_bonus_validity_gate_8; module_bonus_pose_vector_10; module_bonus_ray_interaction_15; module_bonus_ui_interaction_12; module_bonus_data_collection_22; module_bonus_telemetry_20; module_bonus_frame_behavior_5; module_bonus_structure_combo_18; evidence_bonus_telemetry_or_network_hits_12; sensitive_sink_data_collection_bonus_15; sensitive_sink_telemetry_bonus_15; keyword_support_eye_or_gaze_5_bonus_20; keyword_support_sdk_2_bonus_6; keyword_support_collection_or_telemetry_4_bonus_16,C:\realDesktop\manifest-evaluations\summer-26\ghidra-pipeline\il2cpp-files\BowlingAlley\general-structure-results\90_plus_confirmed_eye_data_collection_near_certain\060f2d8c_System.Xml.TextUtf8RawTextWriter$$WriteRaw.c,C:\realDesktop\manifest-evaluations\summer-26\ghidra-pipeline\il2cpp-files\BowlingAlley\manual-review-pack\A_must_review\017_p548_System.Xml.TextUtf8RawTextWriter$$WriteRaw.c
18,548,A_must_review,System.Xml.TextUtf8RawTextWriter$$WriteRaw,060f2da0,354,90_plus_confirmed_eye_data_collection_near_certain,eye_source; weak_source_state; validity_gate; pose_vector; ray_interaction; ui_interaction; data_collection; telemetry; frame_behavior; structure_combo; active_gaze_retrieval; active_gaze_interaction; active_gaze_collection; possible_biometrics,strong_eye_source_hits_2; weak_xr_or_state_hits_6; validity_or_gating_hits_21; strong_pose_or_ray_construction_hits_1; ray_or_cast_sink_hits_8; ui_or_gameplay_sink_hits_4; strong_file_logging_hits_2; telemetry_or_network_hits_4; frame_or_lifecycle_behavior; source_validity_pose_sink_structure; strong_eye_source_validity_pose_sink_structure; active_gaze_state_retrieval_with_validity_and_pose; active_gaze_values_flow_to_interaction_sink; active_gaze_values_flow_to_collection_or_telemetry_sink; possible_biometric_feature_from_active_eye_context; functionality_permission_setup; functionality_gaze_retrieval_or_extraction; functionality_gaze_interaction_hits_12; functionality_data_collection_or_telemetry_hits_6; functionality_possible_biometrics_hits_4,base_scanner_score_354; module_bonus_validity_gate_8; module_bonus_pose_vector_10; module_bonus_ray_interaction_15; module_bonus_ui_interaction_12; module_bonus_data_collection_22; module_bonus_telemetry_20; module_bonus_frame_behavior_5; module_bonus_structure_combo_18; evidence_bonus_telemetry_or_network_hits_12; sensitive_sink_data_collection_bonus_15; sensitive_sink_telemetry_bonus_15; keyword_support_eye_or_gaze_5_bonus_20; keyword_support_sdk_2_bonus_6; keyword_support_collection_or_telemetry_4_bonus_16,C:\realDesktop\manifest-evaluations\summer-26\ghidra-pipeline\il2cpp-files\BowlingAlley\general-structure-results\90_plus_confirmed_eye_data_collection_near_certain\060f2da0_System.Xml.TextUtf8RawTextWriter$$WriteRaw.c,C:\realDesktop\manifest-evaluations\summer-26\ghidra-pipeline\il2cpp-files\BowlingAlley\manual-review-pack\A_must_review\018_p548_System.Xml.TextUtf8RawTextWriter$$WriteRaw.c
19,548,A_must_review,System.Xml.TextUtf8RawTextWriter$$WriteProcessingInstruction,060f2d40,354,90_plus_confirmed_eye_data_collection_near_certain,eye_source; weak_source_state; validity_gate; pose_vector; ray_interaction; ui_interaction; data_collection; telemetry; frame_behavior; structure_combo; active_gaze_retrieval; active_gaze_interaction; active_gaze_collection; possible_biometrics,strong_eye_source_hits_2; weak_xr_or_state_hits_6; validity_or_gating_hits_21; strong_pose_or_ray_construction_hits_1; ray_or_cast_sink_hits_8; ui_or_gameplay_sink_hits_4; strong_file_logging_hits_2; telemetry_or_network_hits_4; frame_or_lifecycle_behavior; source_validity_pose_sink_structure; strong_eye_source_validity_pose_sink_structure; active_gaze_state_retrieval_with_validity_and_pose; active_gaze_values_flow_to_interaction_sink; active_gaze_values_flow_to_collection_or_telemetry_sink; possible_biometric_feature_from_active_eye_context; functionality_permission_setup; functionality_gaze_retrieval_or_extraction; functionality_gaze_interaction_hits_12; functionality_data_collection_or_telemetry_hits_6; functionality_possible_biometrics_hits_4,base_scanner_score_354; module_bonus_validity_gate_8; module_bonus_pose_vector_10; module_bonus_ray_interaction_15; module_bonus_ui_interaction_12; module_bonus_data_collection_22; module_bonus_telemetry_20; module_bonus_frame_behavior_5; module_bonus_structure_combo_18; evidence_bonus_telemetry_or_network_hits_12; sensitive_sink_data_collection_bonus_15; sensitive_sink_telemetry_bonus_15; keyword_support_eye_or_gaze_5_bonus_20; keyword_support_sdk_2_bonus_6; keyword_support_collection_or_telemetry_4_bonus_16,C:\realDesktop\manifest-evaluations\summer-26\ghidra-pipeline\il2cpp-files\BowlingAlley\general-structure-results\90_plus_confirmed_eye_data_collection_near_certain\060f2d40_System.Xml.TextUtf8RawTextWriter$$WriteProcessingInstruction.c,C:\realDesktop\manifest-evaluations\summer-26\ghidra-pipeline\il2cpp-files\BowlingAlley\manual-review-pack\A_must_review\019_p548_System.Xml.TextUtf8RawTextWriter$$WriteProcessingInstruction.c
20,548,A_must_review,System.Xml.TextUtf8RawTextWriter$$WriteNamespaceDeclaration,060f2d28,354,90_plus_confirmed_eye_data_collection_near_certain,eye_source; weak_source_state; validity_gate; pose_vector; ray_interaction; ui_interaction; data_collection; telemetry; frame_behavior; structure_combo; active_gaze_retrieval; active_gaze_interaction; active_gaze_collection; possible_biometrics,strong_eye_source_hits_2; weak_xr_or_state_hits_6; validity_or_gating_hits_21; strong_pose_or_ray_construction_hits_1; ray_or_cast_sink_hits_8; ui_or_gameplay_sink_hits_4; strong_file_logging_hits_2; telemetry_or_network_hits_4; frame_or_lifecycle_behavior; source_validity_pose_sink_structure; strong_eye_source_validity_pose_sink_structure; active_gaze_state_retrieval_with_validity_and_pose; active_gaze_values_flow_to_interaction_sink; active_gaze_values_flow_to_collection_or_telemetry_sink; possible_biometric_feature_from_active_eye_context; functionality_permission_setup; functionality_gaze_retrieval_or_extraction; functionality_gaze_interaction_hits_12; functionality_data_collection_or_telemetry_hits_6; functionality_possible_biometrics_hits_4,base_scanner_score_354; module_bonus_validity_gate_8; module_bonus_pose_vector_10; module_bonus_ray_interaction_15; module_bonus_ui_interaction_12; module_bonus_data_collection_22; module_bonus_telemetry_20; module_bonus_frame_behavior_5; module_bonus_structure_combo_18; evidence_bonus_telemetry_or_network_hits_12; sensitive_sink_data_collection_bonus_15; sensitive_sink_telemetry_bonus_15; keyword_support_eye_or_gaze_5_bonus_20; keyword_support_sdk_2_bonus_6; keyword_support_collection_or_telemetry_4_bonus_16,C:\realDesktop\manifest-evaluations\summer-26\ghidra-pipeline\il2cpp-files\BowlingAlley\general-structure-results\90_plus_confirmed_eye_data_collection_near_certain\060f2d28_System.Xml.TextUtf8RawTextWriter$$WriteNamespaceDeclaration.c,C:\realDesktop\manifest-evaluations\summer-26\ghidra-pipeline\il2cpp-files\BowlingAlley\manual-review-pack\A_must_review\020_p548_System.Xml.TextUtf8RawTextWriter$$WriteNamespaceDeclaration.c
21,548,A_must_review,System.Xml.TextUtf8RawTextWriter$$WriteFullEndElement,060f2d0c,354,90_plus_confirmed_eye_data_collection_near_certain,eye_source; weak_source_state; validity_gate; pose_vector; ray_interaction; ui_interaction; data_collection; telemetry; frame_behavior; structure_combo; active_gaze_retrieval; active_gaze_interaction; active_gaze_collection; possible_biometrics,strong_eye_source_hits_2; weak_xr_or_state_hits_6; validity_or_gating_hits_21; strong_pose_or_ray_construction_hits_1; ray_or_cast_sink_hits_8; ui_or_gameplay_sink_hits_4; strong_file_logging_hits_2; telemetry_or_network_hits_4; frame_or_lifecycle_behavior; source_validity_pose_sink_structure; strong_eye_source_validity_pose_sink_structure; active_gaze_state_retrieval_with_validity_and_pose; active_gaze_values_flow_to_interaction_sink; active_gaze_values_flow_to_collection_or_telemetry_sink; possible_biometric_feature_from_active_eye_context; functionality_permission_setup; functionality_gaze_retrieval_or_extraction; functionality_gaze_interaction_hits_12; functionality_data_collection_or_telemetry_hits_6; functionality_possible_biometrics_hits_4,base_scanner_score_354; module_bonus_validity_gate_8; module_bonus_pose_vector_10; module_bonus_ray_interaction_15; module_bonus_ui_interaction_12; module_bonus_data_collection_22; module_bonus_telemetry_20; module_bonus_frame_behavior_5; module_bonus_structure_combo_18; evidence_bonus_telemetry_or_network_hits_12; sensitive_sink_data_collection_bonus_15; sensitive_sink_telemetry_bonus_15; keyword_support_eye_or_gaze_5_bonus_20; keyword_support_sdk_2_bonus_6; keyword_support_collection_or_telemetry_4_bonus_16,C:\realDesktop\manifest-evaluations\summer-26\ghidra-pipeline\il2cpp-files\BowlingAlley\general-structure-results\90_plus_confirmed_eye_data_collection_near_certain\060f2d0c_System.Xml.TextUtf8RawTextWriter$$WriteFullEndElement.c,C:\realDesktop\manifest-evaluations\summer-26\ghidra-pipeline\il2cpp-files\BowlingAlley\manual-review-pack\A_must_review\021_p548_System.Xml.TextUtf8RawTextWriter$$WriteFullEndElement.c
22,548,A_must_review,System.Xml.TextUtf8RawTextWriter$$WriteEntityRef,060f2d44,354,90_plus_confirmed_eye_data_collection_near_certain,eye_source; weak_source_state; validity_gate; pose_vector; ray_interaction; ui_interaction; data_collection; telemetry; frame_behavior; structure_combo; active_gaze_retrieval; active_gaze_interaction; active_gaze_collection; possible_biometrics,strong_eye_source_hits_2; weak_xr_or_state_hits_6; validity_or_gating_hits_21; strong_pose_or_ray_construction_hits_1; ray_or_cast_sink_hits_8; ui_or_gameplay_sink_hits_4; strong_file_logging_hits_2; telemetry_or_network_hits_4; frame_or_lifecycle_behavior; source_validity_pose_sink_structure; strong_eye_source_validity_pose_sink_structure; active_gaze_state_retrieval_with_validity_and_pose; active_gaze_values_flow_to_interaction_sink; active_gaze_values_flow_to_collection_or_telemetry_sink; possible_biometric_feature_from_active_eye_context; functionality_permission_setup; functionality_gaze_retrieval_or_extraction; functionality_gaze_interaction_hits_12; functionality_data_collection_or_telemetry_hits_6; functionality_possible_biometrics_hits_4,base_scanner_score_354; module_bonus_validity_gate_8; module_bonus_pose_vector_10; module_bonus_ray_interaction_15; module_bonus_ui_interaction_12; module_bonus_data_collection_22; module_bonus_telemetry_20; module_bonus_frame_behavior_5; module_bonus_structure_combo_18; evidence_bonus_telemetry_or_network_hits_12; sensitive_sink_data_collection_bonus_15; sensitive_sink_telemetry_bonus_15; keyword_support_eye_or_gaze_5_bonus_20; keyword_support_sdk_2_bonus_6; keyword_support_collection_or_telemetry_4_bonus_16,C:\realDesktop\manifest-evaluations\summer-26\ghidra-pipeline\il2cpp-files\BowlingAlley\general-structure-results\90_plus_confirmed_eye_data_collection_near_certain\060f2d44_System.Xml.TextUtf8RawTextWriter$$WriteEntityRef.c,C:\realDesktop\manifest-evaluations\summer-26\ghidra-pipeline\il2cpp-files\BowlingAlley\manual-review-pack\A_must_review\022_p548_System.Xml.TextUtf8RawTextWriter$$WriteEntityRef.c
23,548,A_must_review,System.Xml.TextUtf8RawTextWriter$$WriteEndElement,060f2d08,354,90_plus_confirmed_eye_data_collection_near_certain,eye_source; weak_source_state; validity_gate; pose_vector; ray_interaction; ui_interaction; data_collection; telemetry; frame_behavior; structure_combo; active_gaze_retrieval; active_gaze_interaction; active_gaze_collection; possible_biometrics,strong_eye_source_hits_2; weak_xr_or_state_hits_6; validity_or_gating_hits_21; strong_pose_or_ray_construction_hits_1; ray_or_cast_sink_hits_14; ui_or_gameplay_sink_hits_4; strong_file_logging_hits_2; telemetry_or_network_hits_4; frame_or_lifecycle_behavior; source_validity_pose_sink_structure; strong_eye_source_validity_pose_sink_structure; active_gaze_state_retrieval_with_validity_and_pose; active_gaze_values_flow_to_interaction_sink; active_gaze_values_flow_to_collection_or_telemetry_sink; possible_biometric_feature_from_active_eye_context; functionality_permission_setup; functionality_gaze_retrieval_or_extraction; functionality_gaze_interaction_hits_18; functionality_data_collection_or_telemetry_hits_6; functionality_possible_biometrics_hits_4,base_scanner_score_354; module_bonus_validity_gate_8; module_bonus_pose_vector_10; module_bonus_ray_interaction_15; module_bonus_ui_interaction_12; module_bonus_data_collection_22; module_bonus_telemetry_20; module_bonus_frame_behavior_5; module_bonus_structure_combo_18; evidence_bonus_telemetry_or_network_hits_12; sensitive_sink_data_collection_bonus_15; sensitive_sink_telemetry_bonus_15; keyword_support_eye_or_gaze_5_bonus_20; keyword_support_sdk_2_bonus_6; keyword_support_collection_or_telemetry_4_bonus_16,C:\realDesktop\manifest-evaluations\summer-26\ghidra-pipeline\il2cpp-files\BowlingAlley\general-structure-results\90_plus_confirmed_eye_data_collection_near_certain\060f2d08_System.Xml.TextUtf8RawTextWriter$$WriteEndElement.c,C:\realDesktop\manifest-evaluations\summer-26\ghidra-pipeline\il2cpp-files\BowlingAlley\manual-review-pack\A_must_review\023_p548_System.Xml.TextUtf8RawTextWriter$$WriteEndElement.c
24,548,A_must_review,System.Xml.TextUtf8RawTextWriter$$WriteEndAttribute,060f2d20,354,90_plus_confirmed_eye_data_collection_near_certain,eye_source; weak_source_state; validity_gate; pose_vector; ray_interaction; ui_interaction; data_collection; telemetry; frame_behavior; structure_combo; active_gaze_retrieval; active_gaze_interaction; active_gaze_collection; possible_biometrics,strong_eye_source_hits_2; weak_xr_or_state_hits_6; validity_or_gating_hits_21; strong_pose_or_ray_construction_hits_1; ray_or_cast_sink_hits_8; ui_or_gameplay_sink_hits_4; strong_file_logging_hits_2; telemetry_or_network_hits_4; frame_or_lifecycle_behavior; source_validity_pose_sink_structure; strong_eye_source_validity_pose_sink_structure; active_gaze_state_retrieval_with_validity_and_pose; active_gaze_values_flow_to_interaction_sink; active_gaze_values_flow_to_collection_or_telemetry_sink; possible_biometric_feature_from_active_eye_context; functionality_permission_setup; functionality_gaze_retrieval_or_extraction; functionality_gaze_interaction_hits_12; functionality_data_collection_or_telemetry_hits_6; functionality_possible_biometrics_hits_4,base_scanner_score_354; module_bonus_validity_gate_8; module_bonus_pose_vector_10; module_bonus_ray_interaction_15; module_bonus_ui_interaction_12; module_bonus_data_collection_22; module_bonus_telemetry_20; module_bonus_frame_behavior_5; module_bonus_structure_combo_18; evidence_bonus_telemetry_or_network_hits_12; sensitive_sink_data_collection_bonus_15; sensitive_sink_telemetry_bonus_15; keyword_support_eye_or_gaze_5_bonus_20; keyword_support_sdk_2_bonus_6; keyword_support_collection_or_telemetry_4_bonus_16,C:\realDesktop\manifest-evaluations\summer-26\ghidra-pipeline\il2cpp-files\BowlingAlley\general-structure-results\90_plus_confirmed_eye_data_collection_near_certain\060f2d20_System.Xml.TextUtf8RawTextWriter$$WriteEndAttribute.c,C:\realDesktop\manifest-evaluations\summer-26\ghidra-pipeline\il2cpp-files\BowlingAlley\manual-review-pack\A_must_review\024_p548_System.Xml.TextUtf8RawTextWriter$$WriteEndAttribute.c
25,548,A_must_review,System.Xml.TextUtf8RawTextWriter$$WriteDocType,060f2d00,354,90_plus_confirmed_eye_data_collection_near_certain,eye_source; weak_source_state; validity_gate; pose_vector; ray_interaction; ui_interaction; data_collection; telemetry; frame_behavior; structure_combo; active_gaze_retrieval; active_gaze_interaction; active_gaze_collection; possible_biometrics,strong_eye_source_hits_2; weak_xr_or_state_hits_6; validity_or_gating_hits_21; strong_pose_or_ray_construction_hits_1; ray_or_cast_sink_hits_14; ui_or_gameplay_sink_hits_4; strong_file_logging_hits_2; telemetry_or_network_hits_4; frame_or_lifecycle_behavior; source_validity_pose_sink_structure; strong_eye_source_validity_pose_sink_structure; active_gaze_state_retrieval_with_validity_and_pose; active_gaze_values_flow_to_interaction_sink; active_gaze_values_flow_to_collection_or_telemetry_sink; possible_biometric_feature_from_active_eye_context; functionality_permission_setup; functionality_gaze_retrieval_or_extraction; functionality_gaze_interaction_hits_18; functionality_data_collection_or_telemetry_hits_6; functionality_possible_biometrics_hits_4,base_scanner_score_354; module_bonus_validity_gate_8; module_bonus_pose_vector_10; module_bonus_ray_interaction_15; module_bonus_ui_interaction_12; module_bonus_data_collection_22; module_bonus_telemetry_20; module_bonus_frame_behavior_5; module_bonus_structure_combo_18; evidence_bonus_telemetry_or_network_hits_12; sensitive_sink_data_collection_bonus_15; sensitive_sink_telemetry_bonus_15; keyword_support_eye_or_gaze_5_bonus_20; keyword_support_sdk_2_bonus_6; keyword_support_collection_or_telemetry_4_bonus_16,C:\realDesktop\manifest-evaluations\summer-26\ghidra-pipeline\il2cpp-files\BowlingAlley\general-structure-results\90_plus_confirmed_eye_data_collection_near_certain\060f2d00_System.Xml.TextUtf8RawTextWriter$$WriteDocType.c,C:\realDesktop\manifest-evaluations\summer-26\ghidra-pipeline\il2cpp-files\BowlingAlley\manual-review-pack\A_must_review\025_p548_System.Xml.TextUtf8RawTextWriter$$WriteDocType.c
26,548,A_must_review,System.Xml.TextUtf8RawTextWriter$$WriteComment,060f2d3c,354,90_plus_confirmed_eye_data_collection_near_certain,eye_source; weak_source_state; validity_gate; pose_vector; ray_interaction; ui_interaction; data_collection; telemetry; frame_behavior; structure_combo; active_gaze_retrieval; active_gaze_interaction; active_gaze_collection; possible_biometrics,strong_eye_source_hits_2; weak_xr_or_state_hits_6; validity_or_gating_hits_21; strong_pose_or_ray_construction_hits_1; ray_or_cast_sink_hits_8; ui_or_gameplay_sink_hits_4; strong_file_logging_hits_2; telemetry_or_network_hits_4; frame_or_lifecycle_behavior; source_validity_pose_sink_structure; strong_eye_source_validity_pose_sink_structure; active_gaze_state_retrieval_with_validity_and_pose; active_gaze_values_flow_to_interaction_sink; active_gaze_values_flow_to_collection_or_telemetry_sink; possible_biometric_feature_from_active_eye_context; functionality_permission_setup; functionality_gaze_retrieval_or_extraction; functionality_gaze_interaction_hits_12; functionality_data_collection_or_telemetry_hits_6; functionality_possible_biometrics_hits_4,base_scanner_score_354; module_bonus_validity_gate_8; module_bonus_pose_vector_10; module_bonus_ray_interaction_15; module_bonus_ui_interaction_12; module_bonus_data_collection_22; module_bonus_telemetry_20; module_bonus_frame_behavior_5; module_bonus_structure_combo_18; evidence_bonus_telemetry_or_network_hits_12; sensitive_sink_data_collection_bonus_15; sensitive_sink_telemetry_bonus_15; keyword_support_eye_or_gaze_5_bonus_20; keyword_support_sdk_2_bonus_6; keyword_support_collection_or_telemetry_4_bonus_16,C:\realDesktop\manifest-evaluations\summer-26\ghidra-pipeline\il2cpp-files\BowlingAlley\general-structure-results\90_plus_confirmed_eye_data_collection_near_certain\060f2d3c_System.Xml.TextUtf8RawTextWriter$$WriteComment.c,C:\realDesktop\manifest-evaluations\summer-26\ghidra-pipeline\il2cpp-files\BowlingAlley\manual-review-pack\A_must_review\026_p548_System.Xml.TextUtf8RawTextWriter$$WriteComment.c
27,548,A_must_review,System.Xml.TextUtf8RawTextWriter$$WriteChars,060f2d78,354,90_plus_confirmed_eye_data_collection_near_certain,eye_source; weak_source_state; validity_gate; pose_vector; ray_interaction; ui_interaction; data_collection; telemetry; frame_behavior; structure_combo; active_gaze_retrieval; active_gaze_interaction; active_gaze_collection; possible_biometrics,strong_eye_source_hits_2; weak_xr_or_state_hits_6; validity_or_gating_hits_21; strong_pose_or_ray_construction_hits_1; ray_or_cast_sink_hits_8; ui_or_gameplay_sink_hits_4; strong_file_logging_hits_2; telemetry_or_network_hits_4; frame_or_lifecycle_behavior; source_validity_pose_sink_structure; strong_eye_source_validity_pose_sink_structure; active_gaze_state_retrieval_with_validity_and_pose; active_gaze_values_flow_to_interaction_sink; active_gaze_values_flow_to_collection_or_telemetry_sink; possible_biometric_feature_from_active_eye_context; functionality_permission_setup; functionality_gaze_retrieval_or_extraction; functionality_gaze_interaction_hits_12; functionality_data_collection_or_telemetry_hits_6; functionality_possible_biometrics_hits_4,base_scanner_score_354; module_bonus_validity_gate_8; module_bonus_pose_vector_10; module_bonus_ray_interaction_15; module_bonus_ui_interaction_12; module_bonus_data_collection_22; module_bonus_telemetry_20; module_bonus_frame_behavior_5; module_bonus_structure_combo_18; evidence_bonus_telemetry_or_network_hits_12; sensitive_sink_data_collection_bonus_15; sensitive_sink_telemetry_bonus_15; keyword_support_eye_or_gaze_5_bonus_20; keyword_support_sdk_2_bonus_6; keyword_support_collection_or_telemetry_4_bonus_16,C:\realDesktop\manifest-evaluations\summer-26\ghidra-pipeline\il2cpp-files\BowlingAlley\general-structure-results\90_plus_confirmed_eye_data_collection_near_certain\060f2d78_System.Xml.TextUtf8RawTextWriter$$WriteChars.c,C:\realDesktop\manifest-evaluations\summer-26\ghidra-pipeline\il2cpp-files\BowlingAlley\manual-review-pack\A_must_review\027_p548_System.Xml.TextUtf8RawTextWriter$$WriteChars.c
28,548,A_must_review,System.Xml.TextUtf8RawTextWriter$$WriteCharEntity,060f2d48,354,90_plus_confirmed_eye_data_collection_near_certain,eye_source; weak_source_state; validity_gate; pose_vector; ray_interaction; ui_interaction; data_collection; telemetry; frame_behavior; structure_combo; active_gaze_retrieval; active_gaze_interaction; active_gaze_collection; possible_biometrics,strong_eye_source_hits_2; weak_xr_or_state_hits_6; validity_or_gating_hits_21; strong_pose_or_ray_construction_hits_1; ray_or_cast_sink_hits_8; ui_or_gameplay_sink_hits_4; strong_file_logging_hits_2; telemetry_or_network_hits_4; frame_or_lifecycle_behavior; source_validity_pose_sink_structure; strong_eye_source_validity_pose_sink_structure; active_gaze_state_retrieval_with_validity_and_pose; active_gaze_values_flow_to_interaction_sink; active_gaze_values_flow_to_collection_or_telemetry_sink; possible_biometric_feature_from_active_eye_context; functionality_permission_setup; functionality_gaze_retrieval_or_extraction; functionality_gaze_interaction_hits_12; functionality_data_collection_or_telemetry_hits_6; functionality_possible_biometrics_hits_4,base_scanner_score_354; module_bonus_validity_gate_8; module_bonus_pose_vector_10; module_bonus_ray_interaction_15; module_bonus_ui_interaction_12; module_bonus_data_collection_22; module_bonus_telemetry_20; module_bonus_frame_behavior_5; module_bonus_structure_combo_18; evidence_bonus_telemetry_or_network_hits_12; sensitive_sink_data_collection_bonus_15; sensitive_sink_telemetry_bonus_15; keyword_support_eye_or_gaze_5_bonus_20; keyword_support_sdk_2_bonus_6; keyword_support_collection_or_telemetry_4_bonus_16,C:\realDesktop\manifest-evaluations\summer-26\ghidra-pipeline\il2cpp-files\BowlingAlley\general-structure-results\90_plus_confirmed_eye_data_collection_near_certain\060f2d48_System.Xml.TextUtf8RawTextWriter$$WriteCharEntity.c,C:\realDesktop\manifest-evaluations\summer-26\ghidra-pipeline\il2cpp-files\BowlingAlley\manual-review-pack\A_must_review\028_p548_System.Xml.TextUtf8RawTextWriter$$WriteCharEntity.c
29,548,A_must_review,System.Xml.TextUtf8RawTextWriter$$WriteCData,060f2d34,354,90_plus_confirmed_eye_data_collection_near_certain,eye_source; weak_source_state; validity_gate; pose_vector; ray_interaction; ui_interaction; data_collection; telemetry; frame_behavior; structure_combo; active_gaze_retrieval; active_gaze_interaction; active_gaze_collection; possible_biometrics,strong_eye_source_hits_2; weak_xr_or_state_hits_6; validity_or_gating_hits_21; strong_pose_or_ray_construction_hits_1; ray_or_cast_sink_hits_8; ui_or_gameplay_sink_hits_4; strong_file_logging_hits_2; telemetry_or_network_hits_4; frame_or_lifecycle_behavior; source_validity_pose_sink_structure; strong_eye_source_validity_pose_sink_structure; active_gaze_state_retrieval_with_validity_and_pose; active_gaze_values_flow_to_interaction_sink; active_gaze_values_flow_to_collection_or_telemetry_sink; possible_biometric_feature_from_active_eye_context; functionality_permission_setup; functionality_gaze_retrieval_or_extraction; functionality_gaze_interaction_hits_12; functionality_data_collection_or_telemetry_hits_6; functionality_possible_biometrics_hits_4,base_scanner_score_354; module_bonus_validity_gate_8; module_bonus_pose_vector_10; module_bonus_ray_interaction_15; module_bonus_ui_interaction_12; module_bonus_data_collection_22; module_bonus_telemetry_20; module_bonus_frame_behavior_5; module_bonus_structure_combo_18; evidence_bonus_telemetry_or_network_hits_12; sensitive_sink_data_collection_bonus_15; sensitive_sink_telemetry_bonus_15; keyword_support_eye_or_gaze_5_bonus_20; keyword_support_sdk_2_bonus_6; keyword_support_collection_or_telemetry_4_bonus_16,C:\realDesktop\manifest-evaluations\summer-26\ghidra-pipeline\il2cpp-files\BowlingAlley\general-structure-results\90_plus_confirmed_eye_data_collection_near_certain\060f2d34_System.Xml.TextUtf8RawTextWriter$$WriteCData.c,C:\realDesktop\manifest-evaluations\summer-26\ghidra-pipeline\il2cpp-files\BowlingAlley\manual-review-pack\A_must_review\029_p548_System.Xml.TextUtf8RawTextWriter$$WriteCData.c
30,548,A_must_review,System.Xml.TextUtf8RawTextWriter$$StartElementContent,060f2d10,354,90_plus_confirmed_eye_data_collection_near_certain,eye_source; weak_source_state; validity_gate; pose_vector; ray_interaction; ui_interaction; data_collection; telemetry; frame_behavior; structure_combo; active_gaze_retrieval; active_gaze_interaction; active_gaze_collection; possible_biometrics,strong_eye_source_hits_2; weak_xr_or_state_hits_6; validity_or_gating_hits_21; strong_pose_or_ray_construction_hits_1; ray_or_cast_sink_hits_8; ui_or_gameplay_sink_hits_4; strong_file_logging_hits_2; telemetry_or_network_hits_4; frame_or_lifecycle_behavior; source_validity_pose_sink_structure; strong_eye_source_validity_pose_sink_structure; active_gaze_state_retrieval_with_validity_and_pose; active_gaze_values_flow_to_interaction_sink; active_gaze_values_flow_to_collection_or_telemetry_sink; possible_biometric_feature_from_active_eye_context; functionality_permission_setup; functionality_gaze_retrieval_or_extraction; functionality_gaze_interaction_hits_12; functionality_data_collection_or_telemetry_hits_6; functionality_possible_biometrics_hits_4,base_scanner_score_354; module_bonus_validity_gate_8; module_bonus_pose_vector_10; module_bonus_ray_interaction_15; module_bonus_ui_interaction_12; module_bonus_data_collection_22; module_bonus_telemetry_20; module_bonus_frame_behavior_5; module_bonus_structure_combo_18; evidence_bonus_telemetry_or_network_hits_12; sensitive_sink_data_collection_bonus_15; sensitive_sink_telemetry_bonus_15; keyword_support_eye_or_gaze_5_bonus_20; keyword_support_sdk_2_bonus_6; keyword_support_collection_or_telemetry_4_bonus_16,C:\realDesktop\manifest-evaluations\summer-26\ghidra-pipeline\il2cpp-files\BowlingAlley\general-structure-results\90_plus_confirmed_eye_data_collection_near_certain\060f2d10_System.Xml.TextUtf8RawTextWriter$$StartElementContent.c,C:\realDesktop\manifest-evaluations\summer-26\ghidra-pipeline\il2cpp-files\BowlingAlley\manual-review-pack\A_must_review\030_p548_System.Xml.TextUtf8RawTextWriter$$StartElementContent.c
31,548,A_must_review,System.Xml.TextUtf8RawTextWriter$$.ctor,060f2cf0,354,90_plus_confirmed_eye_data_collection_near_certain,eye_source; weak_source_state; validity_gate; pose_vector; ray_interaction; ui_interaction; data_collection; telemetry; frame_behavior; structure_combo; active_gaze_retrieval; active_gaze_interaction; active_gaze_collection; possible_biometrics,strong_eye_source_hits_2; weak_xr_or_state_hits_6; validity_or_gating_hits_21; strong_pose_or_ray_construction_hits_1; ray_or_cast_sink_hits_14; ui_or_gameplay_sink_hits_4; strong_file_logging_hits_2; telemetry_or_network_hits_4; frame_or_lifecycle_behavior; source_validity_pose_sink_structure; strong_eye_source_validity_pose_sink_structure; active_gaze_state_retrieval_with_validity_and_pose; active_gaze_values_flow_to_interaction_sink; active_gaze_values_flow_to_collection_or_telemetry_sink; possible_biometric_feature_from_active_eye_context; functionality_permission_setup; functionality_gaze_retrieval_or_extraction; functionality_gaze_interaction_hits_18; functionality_data_collection_or_telemetry_hits_6; functionality_possible_biometrics_hits_4,base_scanner_score_354; module_bonus_validity_gate_8; module_bonus_pose_vector_10; module_bonus_ray_interaction_15; module_bonus_ui_interaction_12; module_bonus_data_collection_22; module_bonus_telemetry_20; module_bonus_frame_behavior_5; module_bonus_structure_combo_18; evidence_bonus_telemetry_or_network_hits_12; sensitive_sink_data_collection_bonus_15; sensitive_sink_telemetry_bonus_15; keyword_support_eye_or_gaze_5_bonus_20; keyword_support_sdk_2_bonus_6; keyword_support_collection_or_telemetry_4_bonus_16,C:\realDesktop\manifest-evaluations\summer-26\ghidra-pipeline\il2cpp-files\BowlingAlley\general-structure-results\90_plus_confirmed_eye_data_collection_near_certain\060f2cf0_System.Xml.TextUtf8RawTextWriter$$.ctor.c,C:\realDesktop\manifest-evaluations\summer-26\ghidra-pipeline\il2cpp-files\BowlingAlley\manual-review-pack\A_must_review\031_p548_System.Xml.TextUtf8RawTextWriter$$.ctor.c
32,548,A_must_review,System.Xml.TextEncodedRawTextWriter$$WriteRaw,060f2cd0,354,90_plus_confirmed_eye_data_collection_near_certain,eye_source; weak_source_state; validity_gate; pose_vector; ray_interaction; ui_interaction; data_collection; telemetry; frame_behavior; structure_combo; active_gaze_retrieval; active_gaze_interaction; active_gaze_collection; possible_biometrics,strong_eye_source_hits_2; weak_xr_or_state_hits_6; validity_or_gating_hits_21; strong_pose_or_ray_construction_hits_1; ray_or_cast_sink_hits_14; ui_or_gameplay_sink_hits_4; strong_file_logging_hits_2; telemetry_or_network_hits_4; frame_or_lifecycle_behavior; source_validity_pose_sink_structure; strong_eye_source_validity_pose_sink_structure; active_gaze_state_retrieval_with_validity_and_pose; active_gaze_values_flow_to_interaction_sink; active_gaze_values_flow_to_collection_or_telemetry_sink; possible_biometric_feature_from_active_eye_context; functionality_permission_setup; functionality_gaze_retrieval_or_extraction; functionality_gaze_interaction_hits_18; functionality_data_collection_or_telemetry_hits_6; functionality_possible_biometrics_hits_4,base_scanner_score_354; module_bonus_validity_gate_8; module_bonus_pose_vector_10; module_bonus_ray_interaction_15; module_bonus_ui_interaction_12; module_bonus_data_collection_22; module_bonus_telemetry_20; module_bonus_frame_behavior_5; module_bonus_structure_combo_18; evidence_bonus_telemetry_or_network_hits_12; sensitive_sink_data_collection_bonus_15; sensitive_sink_telemetry_bonus_15; keyword_support_eye_or_gaze_5_bonus_20; keyword_support_sdk_2_bonus_6; keyword_support_collection_or_telemetry_4_bonus_16,C:\realDesktop\manifest-evaluations\summer-26\ghidra-pipeline\il2cpp-files\BowlingAlley\general-structure-results\90_plus_confirmed_eye_data_collection_near_certain\060f2cd0_System.Xml.TextEncodedRawTextWriter$$WriteRaw.c,C:\realDesktop\manifest-evaluations\summer-26\ghidra-pipeline\il2cpp-files\BowlingAlley\manual-review-pack\A_must_review\032_p548_System.Xml.TextEncodedRawTextWriter$$WriteRaw.c
33,548,A_must_review,System.Xml.TextEncodedRawTextWriter$$WriteRaw,060f2ce0,354,90_plus_confirmed_eye_data_collection_near_certain,eye_source; weak_source_state; validity_gate; pose_vector; ray_interaction; ui_interaction; data_collection; telemetry; frame_behavior; structure_combo; active_gaze_retrieval; active_gaze_interaction; active_gaze_collection; possible_biometrics,strong_eye_source_hits_2; weak_xr_or_state_hits_6; validity_or_gating_hits_21; strong_pose_or_ray_construction_hits_1; ray_or_cast_sink_hits_14; ui_or_gameplay_sink_hits_4; strong_file_logging_hits_2; telemetry_or_network_hits_4; frame_or_lifecycle_behavior; source_validity_pose_sink_structure; strong_eye_source_validity_pose_sink_structure; active_gaze_state_retrieval_with_validity_and_pose; active_gaze_values_flow_to_interaction_sink; active_gaze_values_flow_to_collection_or_telemetry_sink; possible_biometric_feature_from_active_eye_context; functionality_permission_setup; functionality_gaze_retrieval_or_extraction; functionality_gaze_interaction_hits_18; functionality_data_collection_or_telemetry_hits_6; functionality_possible_biometrics_hits_4,base_scanner_score_354; module_bonus_validity_gate_8; module_bonus_pose_vector_10; module_bonus_ray_interaction_15; module_bonus_ui_interaction_12; module_bonus_data_collection_22; module_bonus_telemetry_20; module_bonus_frame_behavior_5; module_bonus_structure_combo_18; evidence_bonus_telemetry_or_network_hits_12; sensitive_sink_data_collection_bonus_15; sensitive_sink_telemetry_bonus_15; keyword_support_eye_or_gaze_5_bonus_20; keyword_support_sdk_2_bonus_6; keyword_support_collection_or_telemetry_4_bonus_16,C:\realDesktop\manifest-evaluations\summer-26\ghidra-pipeline\il2cpp-files\BowlingAlley\general-structure-results\90_plus_confirmed_eye_data_collection_near_certain\060f2ce0_System.Xml.TextEncodedRawTextWriter$$WriteRaw.c,C:\realDesktop\manifest-evaluations\summer-26\ghidra-pipeline\il2cpp-files\BowlingAlley\manual-review-pack\A_must_review\033_p548_System.Xml.TextEncodedRawTextWriter$$WriteRaw.c
34,500,A_must_review,System.Xml.XmlAsyncCheckReader$$Close,060f3de8,321,90_plus_confirmed_eye_data_collection_near_certain,eye_source; weak_source_state; validity_gate; pose_vector; ray_interaction; data_collection; telemetry; frame_behavior; structure_combo; active_gaze_retrieval; active_gaze_interaction; active_gaze_collection; possible_biometrics,strong_eye_source_hits_1; weak_xr_or_state_hits_3; validity_or_gating_hits_21; strong_pose_or_ray_construction_hits_1; ray_or_cast_sink_hits_7; strong_file_logging_hits_2; telemetry_or_network_hits_1; frame_or_lifecycle_behavior; source_validity_pose_sink_structure; strong_eye_source_validity_pose_sink_structure; active_gaze_state_retrieval_with_validity_and_pose; active_gaze_values_flow_to_interaction_sink; active_gaze_values_flow_to_collection_or_telemetry_sink; possible_biometric_feature_from_active_eye_context; functionality_permission_setup; functionality_gaze_retrieval_or_extraction; functionality_gaze_interaction_hits_8; functionality_data_collection_or_telemetry_hits_3; functionality_possible_biometrics_hits_2,base_scanner_score_321; module_bonus_validity_gate_8; module_bonus_pose_vector_10; module_bonus_ray_interaction_15; module_bonus_data_collection_22; module_bonus_telemetry_20; module_bonus_frame_behavior_5; module_bonus_structure_combo_18; evidence_bonus_telemetry_or_network_hits_12; sensitive_sink_data_collection_bonus_15; sensitive_sink_telemetry_bonus_15; keyword_support_eye_or_gaze_5_bonus_20; keyword_support_sdk_1_bonus_3; keyword_support_collection_or_telemetry_4_bonus_16,C:\realDesktop\manifest-evaluations\summer-26\ghidra-pipeline\il2cpp-files\BowlingAlley\general-structure-results\90_plus_confirmed_eye_data_collection_near_certain\060f3de8_System.Xml.XmlAsyncCheckReader$$Close.c,C:\realDesktop\manifest-evaluations\summer-26\ghidra-pipeline\il2cpp-files\BowlingAlley\manual-review-pack\A_must_review\034_p500_System.Xml.XmlAsyncCheckReader$$Close.c
35,488,A_must_review,System.Xml.ValidatingReaderNodeData$$get_LinePosition,060f2ffc,331,90_plus_confirmed_eye_data_collection_near_certain,eye_source; weak_source_state; validity_gate; pose_vector; ray_interaction; ui_interaction; telemetry; frame_behavior; structure_combo; active_gaze_retrieval; active_gaze_interaction; active_gaze_collection; possible_biometrics,strong_eye_source_hits_2; weak_xr_or_state_hits_8; validity_or_gating_hits_21; strong_pose_or_ray_construction_hits_3; ray_or_cast_sink_hits_7; ui_or_gameplay_sink_hits_2; telemetry_or_network_hits_4; frame_or_lifecycle_behavior; source_validity_pose_sink_structure; strong_eye_source_validity_pose_sink_structure; active_gaze_state_retrieval_with_validity_and_pose; active_gaze_values_flow_to_interaction_sink; active_gaze_values_flow_to_collection_or_telemetry_sink; possible_biometric_feature_from_active_eye_context; functionality_permission_setup; functionality_gaze_retrieval_or_extraction; functionality_gaze_interaction_hits_9; functionality_data_collection_or_telemetry_hits_4; functionality_possible_biometrics_hits_4,base_scanner_score_331; module_bonus_validity_gate_8; module_bonus_pose_vector_10; module_bonus_ray_interaction_15; module_bonus_ui_interaction_12; module_bonus_telemetry_20; module_bonus_frame_behavior_5; module_bonus_structure_combo_18; evidence_bonus_telemetry_or_network_hits_12; sensitive_sink_telemetry_bonus_15; keyword_support_eye_or_gaze_5_bonus_20; keyword_support_sdk_2_bonus_6; keyword_support_collection_or_telemetry_4_bonus_16,C:\realDesktop\manifest-evaluations\summer-26\ghidra-pipeline\il2cpp-files\BowlingAlley\general-structure-results\90_plus_confirmed_eye_data_collection_near_certain\060f2ffc_System.Xml.ValidatingReaderNodeData$$get_LinePosition.c,C:\realDesktop\manifest-evaluations\summer-26\ghidra-pipeline\il2cpp-files\BowlingAlley\manual-review-pack\A_must_review\035_p488_System.Xml.ValidatingReaderNodeData$$get_LinePosition.c
36,483,A_must_review,System.Xml.ValidatingReaderNodeData$$Clear,060f2dd4,326,90_plus_confirmed_eye_data_collection_near_certain,eye_source; weak_source_state; validity_gate; pose_vector; ray_interaction; ui_interaction; telemetry; frame_behavior; structure_combo; active_gaze_retrieval; active_gaze_interaction; active_gaze_collection; possible_biometrics,strong_eye_source_hits_2; weak_xr_or_state_hits_8; validity_or_gating_hits_21; strong_pose_or_ray_construction_hits_1; ray_or_cast_sink_hits_8; ui_or_gameplay_sink_hits_4; telemetry_or_network_hits_4; frame_or_lifecycle_behavior; source_validity_pose_sink_structure; strong_eye_source_validity_pose_sink_structure; active_gaze_state_retrieval_with_validity_and_pose; active_gaze_values_flow_to_interaction_sink; active_gaze_values_flow_to_collection_or_telemetry_sink; possible_biometric_feature_from_active_eye_context; functionality_permission_setup; functionality_gaze_retrieval_or_extraction; functionality_gaze_interaction_hits_12; functionality_data_collection_or_telemetry_hits_4; functionality_possible_biometrics_hits_4,base_scanner_score_326; module_bonus_validity_gate_8; module_bonus_pose_vector_10; module_bonus_ray_interaction_15; module_bonus_ui_interaction_12; module_bonus_telemetry_20; module_bonus_frame_behavior_5; module_bonus_structure_combo_18; evidence_bonus_telemetry_or_network_hits_12; sensitive_sink_telemetry_bonus_15; keyword_support_eye_or_gaze_5_bonus_20; keyword_support_sdk_2_bonus_6; keyword_support_collection_or_telemetry_4_bonus_16,C:\realDesktop\manifest-evaluations\summer-26\ghidra-pipeline\il2cpp-files\BowlingAlley\general-structure-results\90_plus_confirmed_eye_data_collection_near_certain\060f2dd4_System.Xml.ValidatingReaderNodeData$$Clear.c,C:\realDesktop\manifest-evaluations\summer-26\ghidra-pipeline\il2cpp-files\BowlingAlley\manual-review-pack\A_must_review\036_p483_System.Xml.ValidatingReaderNodeData$$Clear.c
37,483,A_must_review,System.Xml.ValidatingReaderNodeData$$.ctor,060f2db4,326,90_plus_confirmed_eye_data_collection_near_certain,eye_source; weak_source_state; validity_gate; pose_vector; ray_interaction; ui_interaction; telemetry; frame_behavior; structure_combo; active_gaze_retrieval; active_gaze_interaction; active_gaze_collection; possible_biometrics,strong_eye_source_hits_2; weak_xr_or_state_hits_8; validity_or_gating_hits_21; strong_pose_or_ray_construction_hits_1; ray_or_cast_sink_hits_8; ui_or_gameplay_sink_hits_4; telemetry_or_network_hits_4; frame_or_lifecycle_behavior; source_validity_pose_sink_structure; strong_eye_source_validity_pose_sink_structure; active_gaze_state_retrieval_with_validity_and_pose; active_gaze_values_flow_to_interaction_sink; active_gaze_values_flow_to_collection_or_telemetry_sink; possible_biometric_feature_from_active_eye_context; functionality_permission_setup; functionality_gaze_retrieval_or_extraction; functionality_gaze_interaction_hits_12; functionality_data_collection_or_telemetry_hits_4; functionality_possible_biometrics_hits_4,base_scanner_score_326; module_bonus_validity_gate_8; module_bonus_pose_vector_10; module_bonus_ray_interaction_15; module_bonus_ui_interaction_12; module_bonus_telemetry_20; module_bonus_frame_behavior_5; module_bonus_structure_combo_18; evidence_bonus_telemetry_or_network_hits_12; sensitive_sink_telemetry_bonus_15; keyword_support_eye_or_gaze_5_bonus_20; keyword_support_sdk_2_bonus_6; keyword_support_collection_or_telemetry_4_bonus_16,C:\realDesktop\manifest-evaluations\summer-26\ghidra-pipeline\il2cpp-files\BowlingAlley\general-structure-results\90_plus_confirmed_eye_data_collection_near_certain\060f2db4_System.Xml.ValidatingReaderNodeData$$.ctor.c,C:\realDesktop\manifest-evaluations\summer-26\ghidra-pipeline\il2cpp-files\BowlingAlley\manual-review-pack\A_must_review\037_p483_System.Xml.ValidatingReaderNodeData$$.ctor.c
38,480,A_must_review,System.Xml.ValidatingReaderNodeData$$set_RawValue,060f2fc4,323,90_plus_confirmed_eye_data_collection_near_certain,eye_source; weak_source_state; validity_gate; pose_vector; ray_interaction; ui_interaction; telemetry; frame_behavior; structure_combo; active_gaze_retrieval; active_gaze_interaction; active_gaze_collection; possible_biometrics,strong_eye_source_hits_2; weak_xr_or_state_hits_8; validity_or_gating_hits_21; strong_pose_or_ray_construction_hits_1; ray_or_cast_sink_hits_7; ui_or_gameplay_sink_hits_2; telemetry_or_network_hits_4; frame_or_lifecycle_behavior; source_validity_pose_sink_structure; strong_eye_source_validity_pose_sink_structure; active_gaze_state_retrieval_with_validity_and_pose; active_gaze_values_flow_to_interaction_sink; active_gaze_values_flow_to_collection_or_telemetry_sink; possible_biometric_feature_from_active_eye_context; functionality_permission_setup; functionality_gaze_retrieval_or_extraction; functionality_gaze_interaction_hits_9; functionality_data_collection_or_telemetry_hits_4; functionality_possible_biometrics_hits_4,base_scanner_score_323; module_bonus_validity_gate_8; module_bonus_pose_vector_10; module_bonus_ray_interaction_15; module_bonus_ui_interaction_12; module_bonus_telemetry_20; module_bonus_frame_behavior_5; module_bonus_structure_combo_18; evidence_bonus_telemetry_or_network_hits_12; sensitive_sink_telemetry_bonus_15; keyword_support_eye_or_gaze_5_bonus_20; keyword_support_sdk_2_bonus_6; keyword_support_collection_or_telemetry_4_bonus_16,C:\realDesktop\manifest-evaluations\summer-26\ghidra-pipeline\il2cpp-files\BowlingAlley\general-structure-results\90_plus_confirmed_eye_data_collection_near_certain\060f2fc4_System.Xml.ValidatingReaderNodeData$$set_RawValue.c,C:\realDesktop\manifest-evaluations\summer-26\ghidra-pipeline\il2cpp-files\BowlingAlley\manual-review-pack\A_must_review\038_p480_System.Xml.ValidatingReaderNodeData$$set_RawValue.c
39,480,A_must_review,System.Xml.ValidatingReaderNodeData$$set_Prefix,060f2f00,323,90_plus_confirmed_eye_data_collection_near_certain,eye_source; weak_source_state; validity_gate; pose_vector; ray_interaction; ui_interaction; telemetry; frame_behavior; structure_combo; active_gaze_retrieval; active_gaze_interaction; active_gaze_collection; possible_biometrics,strong_eye_source_hits_2; weak_xr_or_state_hits_8; validity_or_gating_hits_21; strong_pose_or_ray_construction_hits_1; ray_or_cast_sink_hits_7; ui_or_gameplay_sink_hits_2; telemetry_or_network_hits_4; frame_or_lifecycle_behavior; source_validity_pose_sink_structure; strong_eye_source_validity_pose_sink_structure; active_gaze_state_retrieval_with_validity_and_pose; active_gaze_values_flow_to_interaction_sink; active_gaze_values_flow_to_collection_or_telemetry_sink; possible_biometric_feature_from_active_eye_context; functionality_permission_setup; functionality_gaze_retrieval_or_extraction; functionality_gaze_interaction_hits_9; functionality_data_collection_or_telemetry_hits_4; functionality_possible_biometrics_hits_4,base_scanner_score_323; module_bonus_validity_gate_8; module_bonus_pose_vector_10; module_bonus_ray_interaction_15; module_bonus_ui_interaction_12; module_bonus_telemetry_20; module_bonus_frame_behavior_5; module_bonus_structure_combo_18; evidence_bonus_telemetry_or_network_hits_12; sensitive_sink_telemetry_bonus_15; keyword_support_eye_or_gaze_5_bonus_20; keyword_support_sdk_2_bonus_6; keyword_support_collection_or_telemetry_4_bonus_16,C:\realDesktop\manifest-evaluations\summer-26\ghidra-pipeline\il2cpp-files\BowlingAlley\general-structure-results\90_plus_confirmed_eye_data_collection_near_certain\060f2f00_System.Xml.ValidatingReaderNodeData$$set_Prefix.c,C:\realDesktop\manifest-evaluations\summer-26\ghidra-pipeline\il2cpp-files\BowlingAlley\manual-review-pack\A_must_review\039_p480_System.Xml.ValidatingReaderNodeData$$set_Prefix.c
40,480,A_must_review,System.Xml.ValidatingReaderNodeData$$set_NodeType,060f2fdc,323,90_plus_confirmed_eye_data_collection_near_certain,eye_source; weak_source_state; validity_gate; pose_vector; ray_interaction; ui_interaction; telemetry; frame_behavior; structure_combo; active_gaze_retrieval; active_gaze_interaction; active_gaze_collection; possible_biometrics,strong_eye_source_hits_2; weak_xr_or_state_hits_8; validity_or_gating_hits_21; strong_pose_or_ray_construction_hits_1; ray_or_cast_sink_hits_7; ui_or_gameplay_sink_hits_2; telemetry_or_network_hits_4; frame_or_lifecycle_behavior; source_validity_pose_sink_structure; strong_eye_source_validity_pose_sink_structure; active_gaze_state_retrieval_with_validity_and_pose; active_gaze_values_flow_to_interaction_sink; active_gaze_values_flow_to_collection_or_telemetry_sink; possible_biometric_feature_from_active_eye_context; functionality_permission_setup; functionality_gaze_retrieval_or_extraction; functionality_gaze_interaction_hits_9; functionality_data_collection_or_telemetry_hits_4; functionality_possible_biometrics_hits_4,base_scanner_score_323; module_bonus_validity_gate_8; module_bonus_pose_vector_10; module_bonus_ray_interaction_15; module_bonus_ui_interaction_12; module_bonus_telemetry_20; module_bonus_frame_behavior_5; module_bonus_structure_combo_18; evidence_bonus_telemetry_or_network_hits_12; sensitive_sink_telemetry_bonus_15; keyword_support_eye_or_gaze_5_bonus_20; keyword_support_sdk_2_bonus_6; keyword_support_collection_or_telemetry_4_bonus_16,C:\realDesktop\manifest-evaluations\summer-26\ghidra-pipeline\il2cpp-files\BowlingAlley\general-structure-results\90_plus_confirmed_eye_data_collection_near_certain\060f2fdc_System.Xml.ValidatingReaderNodeData$$set_NodeType.c,C:\realDesktop\manifest-evaluations\summer-26\ghidra-pipeline\il2cpp-files\BowlingAlley\manual-review-pack\A_must_review\040_p480_System.Xml.ValidatingReaderNodeData$$set_NodeType.c
41,480,A_must_review,System.Xml.ValidatingReaderNodeData$$set_Namespace,060f2ef0,323,90_plus_confirmed_eye_data_collection_near_certain,eye_source; weak_source_state; validity_gate; pose_vector; ray_interaction; ui_interaction; telemetry; frame_behavior; structure_combo; active_gaze_retrieval; active_gaze_interaction; active_gaze_collection; possible_biometrics,strong_eye_source_hits_2; weak_xr_or_state_hits_8; validity_or_gating_hits_21; strong_pose_or_ray_construction_hits_1; ray_or_cast_sink_hits_7; ui_or_gameplay_sink_hits_2; telemetry_or_network_hits_4; frame_or_lifecycle_behavior; source_validity_pose_sink_structure; strong_eye_source_validity_pose_sink_structure; active_gaze_state_retrieval_with_validity_and_pose; active_gaze_values_flow_to_interaction_sink; active_gaze_values_flow_to_collection_or_telemetry_sink; possible_biometric_feature_from_active_eye_context; functionality_permission_setup; functionality_gaze_retrieval_or_extraction; functionality_gaze_interaction_hits_9; functionality_data_collection_or_telemetry_hits_4; functionality_possible_biometrics_hits_4,base_scanner_score_323; module_bonus_validity_gate_8; module_bonus_pose_vector_10; module_bonus_ray_interaction_15; module_bonus_ui_interaction_12; module_bonus_telemetry_20; module_bonus_frame_behavior_5; module_bonus_structure_combo_18; evidence_bonus_telemetry_or_network_hits_12; sensitive_sink_telemetry_bonus_15; keyword_support_eye_or_gaze_5_bonus_20; keyword_support_sdk_2_bonus_6; keyword_support_collection_or_telemetry_4_bonus_16,C:\realDesktop\manifest-evaluations\summer-26\ghidra-pipeline\il2cpp-files\BowlingAlley\general-structure-results\90_plus_confirmed_eye_data_collection_near_certain\060f2ef0_System.Xml.ValidatingReaderNodeData$$set_Namespace.c,C:\realDesktop\manifest-evaluations\summer-26\ghidra-pipeline\il2cpp-files\BowlingAlley\manual-review-pack\A_must_review\041_p480_System.Xml.ValidatingReaderNodeData$$set_Namespace.c
42,480,A_must_review,System.Xml.ValidatingReaderNodeData$$set_LocalName,060f2ee0,323,90_plus_confirmed_eye_data_collection_near_certain,eye_source; weak_source_state; validity_gate; pose_vector; ray_interaction; ui_interaction; telemetry; frame_behavior; structure_combo; active_gaze_retrieval; active_gaze_interaction; active_gaze_collection; possible_biometrics,strong_eye_source_hits_2; weak_xr_or_state_hits_8; validity_or_gating_hits_21; strong_pose_or_ray_construction_hits_1; ray_or_cast_sink_hits_7; ui_or_gameplay_sink_hits_2; telemetry_or_network_hits_4; frame_or_lifecycle_behavior; source_validity_pose_sink_structure; strong_eye_source_validity_pose_sink_structure; active_gaze_state_retrieval_with_validity_and_pose; active_gaze_values_flow_to_interaction_sink; active_gaze_values_flow_to_collection_or_telemetry_sink; possible_biometric_feature_from_active_eye_context; functionality_permission_setup; functionality_gaze_retrieval_or_extraction; functionality_gaze_interaction_hits_9; functionality_data_collection_or_telemetry_hits_4; functionality_possible_biometrics_hits_4,base_scanner_score_323; module_bonus_validity_gate_8; module_bonus_pose_vector_10; module_bonus_ray_interaction_15; module_bonus_ui_interaction_12; module_bonus_telemetry_20; module_bonus_frame_behavior_5; module_bonus_structure_combo_18; evidence_bonus_telemetry_or_network_hits_12; sensitive_sink_telemetry_bonus_15; keyword_support_eye_or_gaze_5_bonus_20; keyword_support_sdk_2_bonus_6; keyword_support_collection_or_telemetry_4_bonus_16,C:\realDesktop\manifest-evaluations\summer-26\ghidra-pipeline\il2cpp-files\BowlingAlley\general-structure-results\90_plus_confirmed_eye_data_collection_near_certain\060f2ee0_System.Xml.ValidatingReaderNodeData$$set_LocalName.c,C:\realDesktop\manifest-evaluations\summer-26\ghidra-pipeline\il2cpp-files\BowlingAlley\manual-review-pack\A_must_review\042_p480_System.Xml.ValidatingReaderNodeData$$set_LocalName.c
43,480,A_must_review,System.Xml.ValidatingReaderNodeData$$set_Depth,060f2fb4,323,90_plus_confirmed_eye_data_collection_near_certain,eye_source; weak_source_state; validity_gate; pose_vector; ray_interaction; ui_interaction; telemetry; frame_behavior; structure_combo; active_gaze_retrieval; active_gaze_interaction; active_gaze_collection; possible_biometrics,strong_eye_source_hits_2; weak_xr_or_state_hits_8; validity_or_gating_hits_21; strong_pose_or_ray_construction_hits_1; ray_or_cast_sink_hits_7; ui_or_gameplay_sink_hits_2; telemetry_or_network_hits_4; frame_or_lifecycle_behavior; source_validity_pose_sink_structure; strong_eye_source_validity_pose_sink_structure; active_gaze_state_retrieval_with_validity_and_pose; active_gaze_values_flow_to_interaction_sink; active_gaze_values_flow_to_collection_or_telemetry_sink; possible_biometric_feature_from_active_eye_context; functionality_permission_setup; functionality_gaze_retrieval_or_extraction; functionality_gaze_interaction_hits_9; functionality_data_collection_or_telemetry_hits_4; functionality_possible_biometrics_hits_4,base_scanner_score_323; module_bonus_validity_gate_8; module_bonus_pose_vector_10; module_bonus_ray_interaction_15; module_bonus_ui_interaction_12; module_bonus_telemetry_20; module_bonus_frame_behavior_5; module_bonus_structure_combo_18; evidence_bonus_telemetry_or_network_hits_12; sensitive_sink_telemetry_bonus_15; keyword_support_eye_or_gaze_5_bonus_20; keyword_support_sdk_2_bonus_6; keyword_support_collection_or_telemetry_4_bonus_16,C:\realDesktop\manifest-evaluations\summer-26\ghidra-pipeline\il2cpp-files\BowlingAlley\general-structure-results\90_plus_confirmed_eye_data_collection_near_certain\060f2fb4_System.Xml.ValidatingReaderNodeData$$set_Depth.c,C:\realDesktop\manifest-evaluations\summer-26\ghidra-pipeline\il2cpp-files\BowlingAlley\manual-review-pack\A_must_review\043_p480_System.Xml.ValidatingReaderNodeData$$set_Depth.c
44,480,A_must_review,System.Xml.ValidatingReaderNodeData$$set_AttInfo,060f2fec,323,90_plus_confirmed_eye_data_collection_near_certain,eye_source; weak_source_state; validity_gate; pose_vector; ray_interaction; ui_interaction; telemetry; frame_behavior; structure_combo; active_gaze_retrieval; active_gaze_interaction; active_gaze_collection; possible_biometrics,strong_eye_source_hits_2; weak_xr_or_state_hits_8; validity_or_gating_hits_21; strong_pose_or_ray_construction_hits_1; ray_or_cast_sink_hits_7; ui_or_gameplay_sink_hits_2; telemetry_or_network_hits_4; frame_or_lifecycle_behavior; source_validity_pose_sink_structure; strong_eye_source_validity_pose_sink_structure; active_gaze_state_retrieval_with_validity_and_pose; active_gaze_values_flow_to_interaction_sink; active_gaze_values_flow_to_collection_or_telemetry_sink; possible_biometric_feature_from_active_eye_context; functionality_permission_setup; functionality_gaze_retrieval_or_extraction; functionality_gaze_interaction_hits_9; functionality_data_collection_or_telemetry_hits_4; functionality_possible_biometrics_hits_4,base_scanner_score_323; module_bonus_validity_gate_8; module_bonus_pose_vector_10; module_bonus_ray_interaction_15; module_bonus_ui_interaction_12; module_bonus_telemetry_20; module_bonus_frame_behavior_5; module_bonus_structure_combo_18; evidence_bonus_telemetry_or_network_hits_12; sensitive_sink_telemetry_bonus_15; keyword_support_eye_or_gaze_5_bonus_20; keyword_support_sdk_2_bonus_6; keyword_support_collection_or_telemetry_4_bonus_16,C:\realDesktop\manifest-evaluations\summer-26\ghidra-pipeline\il2cpp-files\BowlingAlley\general-structure-results\90_plus_confirmed_eye_data_collection_near_certain\060f2fec_System.Xml.ValidatingReaderNodeData$$set_AttInfo.c,C:\realDesktop\manifest-evaluations\summer-26\ghidra-pipeline\il2cpp-files\BowlingAlley\manual-review-pack\A_must_review\044_p480_System.Xml.ValidatingReaderNodeData$$set_AttInfo.c
45,480,A_must_review,System.Xml.ValidatingReaderNodeData$$get_RawValue,060f2fbc,323,90_plus_confirmed_eye_data_collection_near_certain,eye_source; weak_source_state; validity_gate; pose_vector; ray_interaction; ui_interaction; telemetry; frame_behavior; structure_combo; active_gaze_retrieval; active_gaze_interaction; active_gaze_collection; possible_biometrics,strong_eye_source_hits_2; weak_xr_or_state_hits_8; validity_or_gating_hits_21; strong_pose_or_ray_construction_hits_1; ray_or_cast_sink_hits_7; ui_or_gameplay_sink_hits_2; telemetry_or_network_hits_4; frame_or_lifecycle_behavior; source_validity_pose_sink_structure; strong_eye_source_validity_pose_sink_structure; active_gaze_state_retrieval_with_validity_and_pose; active_gaze_values_flow_to_interaction_sink; active_gaze_values_flow_to_collection_or_telemetry_sink; possible_biometric_feature_from_active_eye_context; functionality_permission_setup; functionality_gaze_retrieval_or_extraction; functionality_gaze_interaction_hits_9; functionality_data_collection_or_telemetry_hits_4; functionality_possible_biometrics_hits_4,base_scanner_score_323; module_bonus_validity_gate_8; module_bonus_pose_vector_10; module_bonus_ray_interaction_15; module_bonus_ui_interaction_12; module_bonus_telemetry_20; module_bonus_frame_behavior_5; module_bonus_structure_combo_18; evidence_bonus_telemetry_or_network_hits_12; sensitive_sink_telemetry_bonus_15; keyword_support_eye_or_gaze_5_bonus_20; keyword_support_sdk_2_bonus_6; keyword_support_collection_or_telemetry_4_bonus_16,C:\realDesktop\manifest-evaluations\summer-26\ghidra-pipeline\il2cpp-files\BowlingAlley\general-structure-results\90_plus_confirmed_eye_data_collection_near_certain\060f2fbc_System.Xml.ValidatingReaderNodeData$$get_RawValue.c,C:\realDesktop\manifest-evaluations\summer-26\ghidra-pipeline\il2cpp-files\BowlingAlley\manual-review-pack\A_must_review\045_p480_System.Xml.ValidatingReaderNodeData$$get_RawValue.c
46,480,A_must_review,System.Xml.ValidatingReaderNodeData$$get_Prefix,060f2ef8,323,90_plus_confirmed_eye_data_collection_near_certain,eye_source; weak_source_state; validity_gate; pose_vector; ray_interaction; ui_interaction; telemetry; frame_behavior; structure_combo; active_gaze_retrieval; active_gaze_interaction; active_gaze_collection; possible_biometrics,strong_eye_source_hits_2; weak_xr_or_state_hits_8; validity_or_gating_hits_21; strong_pose_or_ray_construction_hits_1; ray_or_cast_sink_hits_7; ui_or_gameplay_sink_hits_2; telemetry_or_network_hits_4; frame_or_lifecycle_behavior; source_validity_pose_sink_structure; strong_eye_source_validity_pose_sink_structure; active_gaze_state_retrieval_with_validity_and_pose; active_gaze_values_flow_to_interaction_sink; active_gaze_values_flow_to_collection_or_telemetry_sink; possible_biometric_feature_from_active_eye_context; functionality_permission_setup; functionality_gaze_retrieval_or_extraction; functionality_gaze_interaction_hits_9; functionality_data_collection_or_telemetry_hits_4; functionality_possible_biometrics_hits_4,base_scanner_score_323; module_bonus_validity_gate_8; module_bonus_pose_vector_10; module_bonus_ray_interaction_15; module_bonus_ui_interaction_12; module_bonus_telemetry_20; module_bonus_frame_behavior_5; module_bonus_structure_combo_18; evidence_bonus_telemetry_or_network_hits_12; sensitive_sink_telemetry_bonus_15; keyword_support_eye_or_gaze_5_bonus_20; keyword_support_sdk_2_bonus_6; keyword_support_collection_or_telemetry_4_bonus_16,C:\realDesktop\manifest-evaluations\summer-26\ghidra-pipeline\il2cpp-files\BowlingAlley\general-structure-results\90_plus_confirmed_eye_data_collection_near_certain\060f2ef8_System.Xml.ValidatingReaderNodeData$$get_Prefix.c,C:\realDesktop\manifest-evaluations\summer-26\ghidra-pipeline\il2cpp-files\BowlingAlley\manual-review-pack\A_must_review\046_p480_System.Xml.ValidatingReaderNodeData$$get_Prefix.c
47,480,A_must_review,System.Xml.ValidatingReaderNodeData$$get_OriginalStringValue,060f2fcc,323,90_plus_confirmed_eye_data_collection_near_certain,eye_source; weak_source_state; validity_gate; pose_vector; ray_interaction; ui_interaction; telemetry; frame_behavior; structure_combo; active_gaze_retrieval; active_gaze_interaction; active_gaze_collection; possible_biometrics,strong_eye_source_hits_2; weak_xr_or_state_hits_8; validity_or_gating_hits_21; strong_pose_or_ray_construction_hits_1; ray_or_cast_sink_hits_7; ui_or_gameplay_sink_hits_2; telemetry_or_network_hits_4; frame_or_lifecycle_behavior; source_validity_pose_sink_structure; strong_eye_source_validity_pose_sink_structure; active_gaze_state_retrieval_with_validity_and_pose; active_gaze_values_flow_to_interaction_sink; active_gaze_values_flow_to_collection_or_telemetry_sink; possible_biometric_feature_from_active_eye_context; functionality_permission_setup; functionality_gaze_retrieval_or_extraction; functionality_gaze_interaction_hits_9; functionality_data_collection_or_telemetry_hits_4; functionality_possible_biometrics_hits_4,base_scanner_score_323; module_bonus_validity_gate_8; module_bonus_pose_vector_10; module_bonus_ray_interaction_15; module_bonus_ui_interaction_12; module_bonus_telemetry_20; module_bonus_frame_behavior_5; module_bonus_structure_combo_18; evidence_bonus_telemetry_or_network_hits_12; sensitive_sink_telemetry_bonus_15; keyword_support_eye_or_gaze_5_bonus_20; keyword_support_sdk_2_bonus_6; keyword_support_collection_or_telemetry_4_bonus_16,C:\realDesktop\manifest-evaluations\summer-26\ghidra-pipeline\il2cpp-files\BowlingAlley\general-structure-results\90_plus_confirmed_eye_data_collection_near_certain\060f2fcc_System.Xml.ValidatingReaderNodeData$$get_OriginalStringValue.c,C:\realDesktop\manifest-evaluations\summer-26\ghidra-pipeline\il2cpp-files\BowlingAlley\manual-review-pack\A_must_review\047_p480_System.Xml.ValidatingReaderNodeData$$get_OriginalStringValue.c
48,480,A_must_review,System.Xml.ValidatingReaderNodeData$$get_NodeType,060f2fd4,323,90_plus_confirmed_eye_data_collection_near_certain,eye_source; weak_source_state; validity_gate; pose_vector; ray_interaction; ui_interaction; telemetry; frame_behavior; structure_combo; active_gaze_retrieval; active_gaze_interaction; active_gaze_collection; possible_biometrics,strong_eye_source_hits_2; weak_xr_or_state_hits_8; validity_or_gating_hits_21; strong_pose_or_ray_construction_hits_1; ray_or_cast_sink_hits_7; ui_or_gameplay_sink_hits_2; telemetry_or_network_hits_4; frame_or_lifecycle_behavior; source_validity_pose_sink_structure; strong_eye_source_validity_pose_sink_structure; active_gaze_state_retrieval_with_validity_and_pose; active_gaze_values_flow_to_interaction_sink; active_gaze_values_flow_to_collection_or_telemetry_sink; possible_biometric_feature_from_active_eye_context; functionality_permission_setup; functionality_gaze_retrieval_or_extraction; functionality_gaze_interaction_hits_9; functionality_data_collection_or_telemetry_hits_4; functionality_possible_biometrics_hits_4,base_scanner_score_323; module_bonus_validity_gate_8; module_bonus_pose_vector_10; module_bonus_ray_interaction_15; module_bonus_ui_interaction_12; module_bonus_telemetry_20; module_bonus_frame_behavior_5; module_bonus_structure_combo_18; evidence_bonus_telemetry_or_network_hits_12; sensitive_sink_telemetry_bonus_15; keyword_support_eye_or_gaze_5_bonus_20; keyword_support_sdk_2_bonus_6; keyword_support_collection_or_telemetry_4_bonus_16,C:\realDesktop\manifest-evaluations\summer-26\ghidra-pipeline\il2cpp-files\BowlingAlley\general-structure-results\90_plus_confirmed_eye_data_collection_near_certain\060f2fd4_System.Xml.ValidatingReaderNodeData$$get_NodeType.c,C:\realDesktop\manifest-evaluations\summer-26\ghidra-pipeline\il2cpp-files\BowlingAlley\manual-review-pack\A_must_review\048_p480_System.Xml.ValidatingReaderNodeData$$get_NodeType.c
49,480,A_must_review,System.Xml.ValidatingReaderNodeData$$get_Namespace,060f2ee8,323,90_plus_confirmed_eye_data_collection_near_certain,eye_source; weak_source_state; validity_gate; pose_vector; ray_interaction; ui_interaction; telemetry; frame_behavior; structure_combo; active_gaze_retrieval; active_gaze_interaction; active_gaze_collection; possible_biometrics,strong_eye_source_hits_2; weak_xr_or_state_hits_8; validity_or_gating_hits_21; strong_pose_or_ray_construction_hits_1; ray_or_cast_sink_hits_7; ui_or_gameplay_sink_hits_2; telemetry_or_network_hits_4; frame_or_lifecycle_behavior; source_validity_pose_sink_structure; strong_eye_source_validity_pose_sink_structure; active_gaze_state_retrieval_with_validity_and_pose; active_gaze_values_flow_to_interaction_sink; active_gaze_values_flow_to_collection_or_telemetry_sink; possible_biometric_feature_from_active_eye_context; functionality_permission_setup; functionality_gaze_retrieval_or_extraction; functionality_gaze_interaction_hits_9; functionality_data_collection_or_telemetry_hits_4; functionality_possible_biometrics_hits_4,base_scanner_score_323; module_bonus_validity_gate_8; module_bonus_pose_vector_10; module_bonus_ray_interaction_15; module_bonus_ui_interaction_12; module_bonus_telemetry_20; module_bonus_frame_behavior_5; module_bonus_structure_combo_18; evidence_bonus_telemetry_or_network_hits_12; sensitive_sink_telemetry_bonus_15; keyword_support_eye_or_gaze_5_bonus_20; keyword_support_sdk_2_bonus_6; keyword_support_collection_or_telemetry_4_bonus_16,C:\realDesktop\manifest-evaluations\summer-26\ghidra-pipeline\il2cpp-files\BowlingAlley\general-structure-results\90_plus_confirmed_eye_data_collection_near_certain\060f2ee8_System.Xml.ValidatingReaderNodeData$$get_Namespace.c,C:\realDesktop\manifest-evaluations\summer-26\ghidra-pipeline\il2cpp-files\BowlingAlley\manual-review-pack\A_must_review\049_p480_System.Xml.ValidatingReaderNodeData$$get_Namespace.c
50,480,A_must_review,System.Xml.ValidatingReaderNodeData$$get_LocalName,060f2ed8,323,90_plus_confirmed_eye_data_collection_near_certain,eye_source; weak_source_state; validity_gate; pose_vector; ray_interaction; ui_interaction; telemetry; frame_behavior; structure_combo; active_gaze_retrieval; active_gaze_interaction; active_gaze_collection; possible_biometrics,strong_eye_source_hits_2; weak_xr_or_state_hits_8; validity_or_gating_hits_21; strong_pose_or_ray_construction_hits_1; ray_or_cast_sink_hits_7; ui_or_gameplay_sink_hits_2; telemetry_or_network_hits_4; frame_or_lifecycle_behavior; source_validity_pose_sink_structure; strong_eye_source_validity_pose_sink_structure; active_gaze_state_retrieval_with_validity_and_pose; active_gaze_values_flow_to_interaction_sink; active_gaze_values_flow_to_collection_or_telemetry_sink; possible_biometric_feature_from_active_eye_context; functionality_permission_setup; functionality_gaze_retrieval_or_extraction; functionality_gaze_interaction_hits_9; functionality_data_collection_or_telemetry_hits_4; functionality_possible_biometrics_hits_4,base_scanner_score_323; module_bonus_validity_gate_8; module_bonus_pose_vector_10; module_bonus_ray_interaction_15; module_bonus_ui_interaction_12; module_bonus_telemetry_20; module_bonus_frame_behavior_5; module_bonus_structure_combo_18; evidence_bonus_telemetry_or_network_hits_12; sensitive_sink_telemetry_bonus_15; keyword_support_eye_or_gaze_5_bonus_20; keyword_support_sdk_2_bonus_6; keyword_support_collection_or_telemetry_4_bonus_16,C:\realDesktop\manifest-evaluations\summer-26\ghidra-pipeline\il2cpp-files\BowlingAlley\general-structure-results\90_plus_confirmed_eye_data_collection_near_certain\060f2ed8_System.Xml.ValidatingReaderNodeData$$get_LocalName.c,C:\realDesktop\manifest-evaluations\summer-26\ghidra-pipeline\il2cpp-files\BowlingAlley\manual-review-pack\A_must_review\050_p480_System.Xml.ValidatingReaderNodeData$$get_LocalName.c
51,480,A_must_review,System.Xml.ValidatingReaderNodeData$$get_LineNumber,060f2ff4,323,90_plus_confirmed_eye_data_collection_near_certain,eye_source; weak_source_state; validity_gate; pose_vector; ray_interaction; ui_interaction; telemetry; frame_behavior; structure_combo; active_gaze_retrieval; active_gaze_interaction; active_gaze_collection; possible_biometrics,strong_eye_source_hits_2; weak_xr_or_state_hits_8; validity_or_gating_hits_21; strong_pose_or_ray_construction_hits_1; ray_or_cast_sink_hits_7; ui_or_gameplay_sink_hits_2; telemetry_or_network_hits_4; frame_or_lifecycle_behavior; source_validity_pose_sink_structure; strong_eye_source_validity_pose_sink_structure; active_gaze_state_retrieval_with_validity_and_pose; active_gaze_values_flow_to_interaction_sink; active_gaze_values_flow_to_collection_or_telemetry_sink; possible_biometric_feature_from_active_eye_context; functionality_permission_setup; functionality_gaze_retrieval_or_extraction; functionality_gaze_interaction_hits_9; functionality_data_collection_or_telemetry_hits_4; functionality_possible_biometrics_hits_4,base_scanner_score_323; module_bonus_validity_gate_8; module_bonus_pose_vector_10; module_bonus_ray_interaction_15; module_bonus_ui_interaction_12; module_bonus_telemetry_20; module_bonus_frame_behavior_5; module_bonus_structure_combo_18; evidence_bonus_telemetry_or_network_hits_12; sensitive_sink_telemetry_bonus_15; keyword_support_eye_or_gaze_5_bonus_20; keyword_support_sdk_2_bonus_6; keyword_support_collection_or_telemetry_4_bonus_16,C:\realDesktop\manifest-evaluations\summer-26\ghidra-pipeline\il2cpp-files\BowlingAlley\general-structure-results\90_plus_confirmed_eye_data_collection_near_certain\060f2ff4_System.Xml.ValidatingReaderNodeData$$get_LineNumber.c,C:\realDesktop\manifest-evaluations\summer-26\ghidra-pipeline\il2cpp-files\BowlingAlley\manual-review-pack\A_must_review\051_p480_System.Xml.ValidatingReaderNodeData$$get_LineNumber.c
52,480,A_must_review,System.Xml.ValidatingReaderNodeData$$get_Depth,060f2fac,323,90_plus_confirmed_eye_data_collection_near_certain,eye_source; weak_source_state; validity_gate; pose_vector; ray_interaction; ui_interaction; telemetry; frame_behavior; structure_combo; active_gaze_retrieval; active_gaze_interaction; active_gaze_collection; possible_biometrics,strong_eye_source_hits_2; weak_xr_or_state_hits_8; validity_or_gating_hits_21; strong_pose_or_ray_construction_hits_1; ray_or_cast_sink_hits_7; ui_or_gameplay_sink_hits_2; telemetry_or_network_hits_4; frame_or_lifecycle_behavior; source_validity_pose_sink_structure; strong_eye_source_validity_pose_sink_structure; active_gaze_state_retrieval_with_validity_and_pose; active_gaze_values_flow_to_interaction_sink; active_gaze_values_flow_to_collection_or_telemetry_sink; possible_biometric_feature_from_active_eye_context; functionality_permission_setup; functionality_gaze_retrieval_or_extraction; functionality_gaze_interaction_hits_9; functionality_data_collection_or_telemetry_hits_4; functionality_possible_biometrics_hits_4,base_scanner_score_323; module_bonus_validity_gate_8; module_bonus_pose_vector_10; module_bonus_ray_interaction_15; module_bonus_ui_interaction_12; module_bonus_telemetry_20; module_bonus_frame_behavior_5; module_bonus_structure_combo_18; evidence_bonus_telemetry_or_network_hits_12; sensitive_sink_telemetry_bonus_15; keyword_support_eye_or_gaze_5_bonus_20; keyword_support_sdk_2_bonus_6; keyword_support_collection_or_telemetry_4_bonus_16,C:\realDesktop\manifest-evaluations\summer-26\ghidra-pipeline\il2cpp-files\BowlingAlley\general-structure-results\90_plus_confirmed_eye_data_collection_near_certain\060f2fac_System.Xml.ValidatingReaderNodeData$$get_Depth.c,C:\realDesktop\manifest-evaluations\summer-26\ghidra-pipeline\il2cpp-files\BowlingAlley\manual-review-pack\A_must_review\052_p480_System.Xml.ValidatingReaderNodeData$$get_Depth.c
53,480,A_must_review,System.Xml.ValidatingReaderNodeData$$get_AttInfo,060f2fe4,323,90_plus_confirmed_eye_data_collection_near_certain,eye_source; weak_source_state; validity_gate; pose_vector; ray_interaction; ui_interaction; telemetry; frame_behavior; structure_combo; active_gaze_retrieval; active_gaze_interaction; active_gaze_collection; possible_biometrics,strong_eye_source_hits_2; weak_xr_or_state_hits_8; validity_or_gating_hits_21; strong_pose_or_ray_construction_hits_1; ray_or_cast_sink_hits_7; ui_or_gameplay_sink_hits_2; telemetry_or_network_hits_4; frame_or_lifecycle_behavior; source_validity_pose_sink_structure; strong_eye_source_validity_pose_sink_structure; active_gaze_state_retrieval_with_validity_and_pose; active_gaze_values_flow_to_interaction_sink; active_gaze_values_flow_to_collection_or_telemetry_sink; possible_biometric_feature_from_active_eye_context; functionality_permission_setup; functionality_gaze_retrieval_or_extraction; functionality_gaze_interaction_hits_9; functionality_data_collection_or_telemetry_hits_4; functionality_possible_biometrics_hits_4,base_scanner_score_323; module_bonus_validity_gate_8; module_bonus_pose_vector_10; module_bonus_ray_interaction_15; module_bonus_ui_interaction_12; module_bonus_telemetry_20; module_bonus_frame_behavior_5; module_bonus_structure_combo_18; evidence_bonus_telemetry_or_network_hits_12; sensitive_sink_telemetry_bonus_15; keyword_support_eye_or_gaze_5_bonus_20; keyword_support_sdk_2_bonus_6; keyword_support_collection_or_telemetry_4_bonus_16,C:\realDesktop\manifest-evaluations\summer-26\ghidra-pipeline\il2cpp-files\BowlingAlley\general-structure-results\90_plus_confirmed_eye_data_collection_near_certain\060f2fe4_System.Xml.ValidatingReaderNodeData$$get_AttInfo.c,C:\realDesktop\manifest-evaluations\summer-26\ghidra-pipeline\il2cpp-files\BowlingAlley\manual-review-pack\A_must_review\053_p480_System.Xml.ValidatingReaderNodeData$$get_AttInfo.c
54,480,A_must_review,System.Xml.ValidatingReaderNodeData$$SetLineInfo,060f3004,323,90_plus_confirmed_eye_data_collection_near_certain,eye_source; weak_source_state; validity_gate; pose_vector; ray_interaction; ui_interaction; telemetry; frame_behavior; structure_combo; active_gaze_retrieval; active_gaze_interaction; active_gaze_collection; possible_biometrics,strong_eye_source_hits_2; weak_xr_or_state_hits_8; validity_or_gating_hits_21; strong_pose_or_ray_construction_hits_1; ray_or_cast_sink_hits_7; ui_or_gameplay_sink_hits_2; telemetry_or_network_hits_4; frame_or_lifecycle_behavior; source_validity_pose_sink_structure; strong_eye_source_validity_pose_sink_structure; active_gaze_state_retrieval_with_validity_and_pose; active_gaze_values_flow_to_interaction_sink; active_gaze_values_flow_to_collection_or_telemetry_sink; possible_biometric_feature_from_active_eye_context; functionality_permission_setup; functionality_gaze_retrieval_or_extraction; functionality_gaze_interaction_hits_9; functionality_data_collection_or_telemetry_hits_4; functionality_possible_biometrics_hits_4,base_scanner_score_323; module_bonus_validity_gate_8; module_bonus_pose_vector_10; module_bonus_ray_interaction_15; module_bonus_ui_interaction_12; module_bonus_telemetry_20; module_bonus_frame_behavior_5; module_bonus_structure_combo_18; evidence_bonus_telemetry_or_network_hits_12; sensitive_sink_telemetry_bonus_15; keyword_support_eye_or_gaze_5_bonus_20; keyword_support_sdk_2_bonus_6; keyword_support_collection_or_telemetry_4_bonus_16,C:\realDesktop\manifest-evaluations\summer-26\ghidra-pipeline\il2cpp-files\BowlingAlley\general-structure-results\90_plus_confirmed_eye_data_collection_near_certain\060f3004_System.Xml.ValidatingReaderNodeData$$SetLineInfo.c,C:\realDesktop\manifest-evaluations\summer-26\ghidra-pipeline\il2cpp-files\BowlingAlley\manual-review-pack\A_must_review\054_p480_System.Xml.ValidatingReaderNodeData$$SetLineInfo.c
55,480,A_must_review,System.Xml.ValidatingReaderNodeData$$SetLineInfo,060f300c,323,90_plus_confirmed_eye_data_collection_near_certain,eye_source; weak_source_state; validity_gate; pose_vector; ray_interaction; ui_interaction; telemetry; frame_behavior; structure_combo; active_gaze_retrieval; active_gaze_interaction; active_gaze_collection; possible_biometrics,strong_eye_source_hits_2; weak_xr_or_state_hits_8; validity_or_gating_hits_21; strong_pose_or_ray_construction_hits_1; ray_or_cast_sink_hits_7; ui_or_gameplay_sink_hits_2; telemetry_or_network_hits_4; frame_or_lifecycle_behavior; source_validity_pose_sink_structure; strong_eye_source_validity_pose_sink_structure; active_gaze_state_retrieval_with_validity_and_pose; active_gaze_values_flow_to_interaction_sink; active_gaze_values_flow_to_collection_or_telemetry_sink; possible_biometric_feature_from_active_eye_context; functionality_permission_setup; functionality_gaze_retrieval_or_extraction; functionality_gaze_interaction_hits_9; functionality_data_collection_or_telemetry_hits_4; functionality_possible_biometrics_hits_4,base_scanner_score_323; module_bonus_validity_gate_8; module_bonus_pose_vector_10; module_bonus_ray_interaction_15; module_bonus_ui_interaction_12; module_bonus_telemetry_20; module_bonus_frame_behavior_5; module_bonus_structure_combo_18; evidence_bonus_telemetry_or_network_hits_12; sensitive_sink_telemetry_bonus_15; keyword_support_eye_or_gaze_5_bonus_20; keyword_support_sdk_2_bonus_6; keyword_support_collection_or_telemetry_4_bonus_16,C:\realDesktop\manifest-evaluations\summer-26\ghidra-pipeline\il2cpp-files\BowlingAlley\general-structure-results\90_plus_confirmed_eye_data_collection_near_certain\060f300c_System.Xml.ValidatingReaderNodeData$$SetLineInfo.c,C:\realDesktop\manifest-evaluations\summer-26\ghidra-pipeline\il2cpp-files\BowlingAlley\manual-review-pack\A_must_review\055_p480_System.Xml.ValidatingReaderNodeData$$SetLineInfo.c
56,480,A_must_review,System.Xml.ValidatingReaderNodeData$$SetItemData,060f3114,323,90_plus_confirmed_eye_data_collection_near_certain,eye_source; weak_source_state; validity_gate; pose_vector; ray_interaction; ui_interaction; telemetry; frame_behavior; structure_combo; active_gaze_retrieval; active_gaze_interaction; active_gaze_collection; possible_biometrics,strong_eye_source_hits_2; weak_xr_or_state_hits_8; validity_or_gating_hits_21; strong_pose_or_ray_construction_hits_1; ray_or_cast_sink_hits_7; ui_or_gameplay_sink_hits_2; telemetry_or_network_hits_4; frame_or_lifecycle_behavior; source_validity_pose_sink_structure; strong_eye_source_validity_pose_sink_structure; active_gaze_state_retrieval_with_validity_and_pose; active_gaze_values_flow_to_interaction_sink; active_gaze_values_flow_to_collection_or_telemetry_sink; possible_biometric_feature_from_active_eye_context; functionality_permission_setup; functionality_gaze_retrieval_or_extraction; functionality_gaze_interaction_hits_9; functionality_data_collection_or_telemetry_hits_4; functionality_possible_biometrics_hits_4,base_scanner_score_323; module_bonus_validity_gate_8; module_bonus_pose_vector_10; module_bonus_ray_interaction_15; module_bonus_ui_interaction_12; module_bonus_telemetry_20; module_bonus_frame_behavior_5; module_bonus_structure_combo_18; evidence_bonus_telemetry_or_network_hits_12; sensitive_sink_telemetry_bonus_15; keyword_support_eye_or_gaze_5_bonus_20; keyword_support_sdk_2_bonus_6; keyword_support_collection_or_telemetry_4_bonus_16,C:\realDesktop\manifest-evaluations\summer-26\ghidra-pipeline\il2cpp-files\BowlingAlley\general-structure-results\90_plus_confirmed_eye_data_collection_near_certain\060f3114_System.Xml.ValidatingReaderNodeData$$SetItemData.c,C:\realDesktop\manifest-evaluations\summer-26\ghidra-pipeline\il2cpp-files\BowlingAlley\manual-review-pack\A_must_review\056_p480_System.Xml.ValidatingReaderNodeData$$SetItemData.c
57,480,A_must_review,System.Xml.ValidatingReaderNodeData$$SetItemData,060f31bc,323,90_plus_confirmed_eye_data_collection_near_certain,eye_source; weak_source_state; validity_gate; pose_vector; ray_interaction; ui_interaction; telemetry; frame_behavior; structure_combo; active_gaze_retrieval; active_gaze_interaction; active_gaze_collection; possible_biometrics,strong_eye_source_hits_2; weak_xr_or_state_hits_8; validity_or_gating_hits_21; strong_pose_or_ray_construction_hits_1; ray_or_cast_sink_hits_7; ui_or_gameplay_sink_hits_2; telemetry_or_network_hits_3; frame_or_lifecycle_behavior; source_validity_pose_sink_structure; strong_eye_source_validity_pose_sink_structure; active_gaze_state_retrieval_with_validity_and_pose; active_gaze_values_flow_to_interaction_sink; active_gaze_values_flow_to_collection_or_telemetry_sink; possible_biometric_feature_from_active_eye_context; functionality_permission_setup; functionality_gaze_retrieval_or_extraction; functionality_gaze_interaction_hits_9; functionality_data_collection_or_telemetry_hits_3; functionality_possible_biometrics_hits_2,base_scanner_score_323; module_bonus_validity_gate_8; module_bonus_pose_vector_10; module_bonus_ray_interaction_15; module_bonus_ui_interaction_12; module_bonus_telemetry_20; module_bonus_frame_behavior_5; module_bonus_structure_combo_18; evidence_bonus_telemetry_or_network_hits_12; sensitive_sink_telemetry_bonus_15; keyword_support_eye_or_gaze_5_bonus_20; keyword_support_sdk_2_bonus_6; keyword_support_collection_or_telemetry_4_bonus_16,C:\realDesktop\manifest-evaluations\summer-26\ghidra-pipeline\il2cpp-files\BowlingAlley\general-structure-results\90_plus_confirmed_eye_data_collection_near_certain\060f31bc_System.Xml.ValidatingReaderNodeData$$SetItemData.c,C:\realDesktop\manifest-evaluations\summer-26\ghidra-pipeline\il2cpp-files\BowlingAlley\manual-review-pack\A_must_review\057_p480_System.Xml.ValidatingReaderNodeData$$SetItemData.c
58,480,A_must_review,System.Xml.ValidatingReaderNodeData$$GetAtomizedNameWPrefix,060f2f08,323,90_plus_confirmed_eye_data_collection_near_certain,eye_source; weak_source_state; validity_gate; pose_vector; ray_interaction; ui_interaction; telemetry; frame_behavior; structure_combo; active_gaze_retrieval; active_gaze_interaction; active_gaze_collection; possible_biometrics,strong_eye_source_hits_2; weak_xr_or_state_hits_8; validity_or_gating_hits_21; strong_pose_or_ray_construction_hits_1; ray_or_cast_sink_hits_7; ui_or_gameplay_sink_hits_2; telemetry_or_network_hits_4; frame_or_lifecycle_behavior; source_validity_pose_sink_structure; strong_eye_source_validity_pose_sink_structure; active_gaze_state_retrieval_with_validity_and_pose; active_gaze_values_flow_to_interaction_sink; active_gaze_values_flow_to_collection_or_telemetry_sink; possible_biometric_feature_from_active_eye_context; functionality_permission_setup; functionality_gaze_retrieval_or_extraction; functionality_gaze_interaction_hits_9; functionality_data_collection_or_telemetry_hits_4; functionality_possible_biometrics_hits_4,base_scanner_score_323; module_bonus_validity_gate_8; module_bonus_pose_vector_10; module_bonus_ray_interaction_15; module_bonus_ui_interaction_12; module_bonus_telemetry_20; module_bonus_frame_behavior_5; module_bonus_structure_combo_18; evidence_bonus_telemetry_or_network_hits_12; sensitive_sink_telemetry_bonus_15; keyword_support_eye_or_gaze_5_bonus_20; keyword_support_sdk_2_bonus_6; keyword_support_collection_or_telemetry_4_bonus_16,C:\realDesktop\manifest-evaluations\summer-26\ghidra-pipeline\il2cpp-files\BowlingAlley\general-structure-results\90_plus_confirmed_eye_data_collection_near_certain\060f2f08_System.Xml.ValidatingReaderNodeData$$GetAtomizedNameWPrefix.c,C:\realDesktop\manifest-evaluations\summer-26\ghidra-pipeline\il2cpp-files\BowlingAlley\manual-review-pack\A_must_review\058_p480_System.Xml.ValidatingReaderNodeData$$GetAtomizedNameWPrefix.c
59,480,A_must_review,System.Xml.ValidatingReaderNodeData$$.ctor,060f2eac,323,90_plus_confirmed_eye_data_collection_near_certain,eye_source; weak_source_state; validity_gate; pose_vector; ray_interaction; ui_interaction; telemetry; frame_behavior; structure_combo; active_gaze_retrieval; active_gaze_interaction; active_gaze_collection; possible_biometrics,strong_eye_source_hits_2; weak_xr_or_state_hits_8; validity_or_gating_hits_21; strong_pose_or_ray_construction_hits_1; ray_or_cast_sink_hits_8; ui_or_gameplay_sink_hits_2; telemetry_or_network_hits_4; frame_or_lifecycle_behavior; source_validity_pose_sink_structure; strong_eye_source_validity_pose_sink_structure; active_gaze_state_retrieval_with_validity_and_pose; active_gaze_values_flow_to_interaction_sink; active_gaze_values_flow_to_collection_or_telemetry_sink; possible_biometric_feature_from_active_eye_context; functionality_permission_setup; functionality_gaze_retrieval_or_extraction; functionality_gaze_interaction_hits_10; functionality_data_collection_or_telemetry_hits_4; functionality_possible_biometrics_hits_4,base_scanner_score_323; module_bonus_validity_gate_8; module_bonus_pose_vector_10; module_bonus_ray_interaction_15; module_bonus_ui_interaction_12; module_bonus_telemetry_20; module_bonus_frame_behavior_5; module_bonus_structure_combo_18; evidence_bonus_telemetry_or_network_hits_12; sensitive_sink_telemetry_bonus_15; keyword_support_eye_or_gaze_5_bonus_20; keyword_support_sdk_2_bonus_6; keyword_support_collection_or_telemetry_4_bonus_16,C:\realDesktop\manifest-evaluations\summer-26\ghidra-pipeline\il2cpp-files\BowlingAlley\general-structure-results\90_plus_confirmed_eye_data_collection_near_certain\060f2eac_System.Xml.ValidatingReaderNodeData$$.ctor.c,C:\realDesktop\manifest-evaluations\summer-26\ghidra-pipeline\il2cpp-files\BowlingAlley\manual-review-pack\A_must_review\059_p480_System.Xml.ValidatingReaderNodeData$$.ctor.c
60,466,A_must_review,System.Xml.XmlAsyncCheckReaderWithLineInfoNSSchema$$.ctor,060f33a8,312,90_plus_confirmed_eye_data_collection_near_certain,eye_source; weak_source_state; validity_gate; pose_vector; ray_interaction; ui_interaction; telemetry; frame_behavior; structure_combo; active_gaze_retrieval; active_gaze_interaction; active_gaze_collection; possible_biometrics,strong_eye_source_hits_1; weak_xr_or_state_hits_3; validity_or_gating_hits_21; strong_pose_or_ray_construction_hits_1; ray_or_cast_sink_hits_7; ui_or_gameplay_sink_hits_2; telemetry_or_network_hits_2; frame_or_lifecycle_behavior; source_validity_pose_sink_structure; strong_eye_source_validity_pose_sink_structure; active_gaze_state_retrieval_with_validity_and_pose; active_gaze_values_flow_to_interaction_sink; active_gaze_values_flow_to_collection_or_telemetry_sink; possible_biometric_feature_from_active_eye_context; functionality_permission_setup; functionality_gaze_retrieval_or_extraction; functionality_gaze_interaction_hits_9; functionality_data_collection_or_telemetry_hits_2; functionality_possible_biometrics_hits_2,base_scanner_score_312; module_bonus_validity_gate_8; module_bonus_pose_vector_10; module_bonus_ray_interaction_15; module_bonus_ui_interaction_12; module_bonus_telemetry_20; module_bonus_frame_behavior_5; module_bonus_structure_combo_18; evidence_bonus_telemetry_or_network_hits_12; sensitive_sink_telemetry_bonus_15; keyword_support_eye_or_gaze_5_bonus_20; keyword_support_sdk_1_bonus_3; keyword_support_collection_or_telemetry_4_bonus_16,C:\realDesktop\manifest-evaluations\summer-26\ghidra-pipeline\il2cpp-files\BowlingAlley\general-structure-results\90_plus_confirmed_eye_data_collection_near_certain\060f33a8_System.Xml.XmlAsyncCheckReaderWithLineInfoNSSchema$$.ctor.c,C:\realDesktop\manifest-evaluations\summer-26\ghidra-pipeline\il2cpp-files\BowlingAlley\manual-review-pack\A_must_review\060_p466_System.Xml.XmlAsyncCheckReaderWithLineInfoNSSchema$$.ctor.c
61,466,A_must_review,System.Xml.XmlAsyncCheckReaderWithLineInfoNS$$.ctor,060f3450,312,90_plus_confirmed_eye_data_collection_near_certain,eye_source; weak_source_state; validity_gate; pose_vector; ray_interaction; ui_interaction; telemetry; frame_behavior; structure_combo; active_gaze_retrieval; active_gaze_interaction; active_gaze_collection; possible_biometrics,strong_eye_source_hits_1; weak_xr_or_state_hits_3; validity_or_gating_hits_21; strong_pose_or_ray_construction_hits_1; ray_or_cast_sink_hits_7; ui_or_gameplay_sink_hits_2; telemetry_or_network_hits_2; frame_or_lifecycle_behavior; source_validity_pose_sink_structure; strong_eye_source_validity_pose_sink_structure; active_gaze_state_retrieval_with_validity_and_pose; active_gaze_values_flow_to_interaction_sink; active_gaze_values_flow_to_collection_or_telemetry_sink; possible_biometric_feature_from_active_eye_context; functionality_permission_setup; functionality_gaze_retrieval_or_extraction; functionality_gaze_interaction_hits_9; functionality_data_collection_or_telemetry_hits_2; functionality_possible_biometrics_hits_2,base_scanner_score_312; module_bonus_validity_gate_8; module_bonus_pose_vector_10; module_bonus_ray_interaction_15; module_bonus_ui_interaction_12; module_bonus_telemetry_20; module_bonus_frame_behavior_5; module_bonus_structure_combo_18; evidence_bonus_telemetry_or_network_hits_12; sensitive_sink_telemetry_bonus_15; keyword_support_eye_or_gaze_5_bonus_20; keyword_support_sdk_1_bonus_3; keyword_support_collection_or_telemetry_4_bonus_16,C:\realDesktop\manifest-evaluations\summer-26\ghidra-pipeline\il2cpp-files\BowlingAlley\general-structure-results\90_plus_confirmed_eye_data_collection_near_certain\060f3450_System.Xml.XmlAsyncCheckReaderWithLineInfoNS$$.ctor.c,C:\realDesktop\manifest-evaluations\summer-26\ghidra-pipeline\il2cpp-files\BowlingAlley\manual-review-pack\A_must_review\061_p466_System.Xml.XmlAsyncCheckReaderWithLineInfoNS$$.ctor.c
62,466,A_must_review,System.Xml.XmlAsyncCheckReaderWithLineInfo$$.ctor,060f34f8,312,90_plus_confirmed_eye_data_collection_near_certain,eye_source; weak_source_state; validity_gate; pose_vector; ray_interaction; ui_interaction; telemetry; frame_behavior; structure_combo; active_gaze_retrieval; active_gaze_interaction; active_gaze_collection; possible_biometrics,strong_eye_source_hits_1; weak_xr_or_state_hits_3; validity_or_gating_hits_21; strong_pose_or_ray_construction_hits_1; ray_or_cast_sink_hits_7; ui_or_gameplay_sink_hits_2; telemetry_or_network_hits_2; frame_or_lifecycle_behavior; source_validity_pose_sink_structure; strong_eye_source_validity_pose_sink_structure; active_gaze_state_retrieval_with_validity_and_pose; active_gaze_values_flow_to_interaction_sink; active_gaze_values_flow_to_collection_or_telemetry_sink; possible_biometric_feature_from_active_eye_context; functionality_permission_setup; functionality_gaze_retrieval_or_extraction; functionality_gaze_interaction_hits_9; functionality_data_collection_or_telemetry_hits_2; functionality_possible_biometrics_hits_2,base_scanner_score_312; module_bonus_validity_gate_8; module_bonus_pose_vector_10; module_bonus_ray_interaction_15; module_bonus_ui_interaction_12; module_bonus_telemetry_20; module_bonus_frame_behavior_5; module_bonus_structure_combo_18; evidence_bonus_telemetry_or_network_hits_12; sensitive_sink_telemetry_bonus_15; keyword_support_eye_or_gaze_5_bonus_20; keyword_support_sdk_1_bonus_3; keyword_support_collection_or_telemetry_4_bonus_16,C:\realDesktop\manifest-evaluations\summer-26\ghidra-pipeline\il2cpp-files\BowlingAlley\general-structure-results\90_plus_confirmed_eye_data_collection_near_certain\060f34f8_System.Xml.XmlAsyncCheckReaderWithLineInfo$$.ctor.c,C:\realDesktop\manifest-evaluations\summer-26\ghidra-pipeline\il2cpp-files\BowlingAlley\manual-review-pack\A_must_review\062_p466_System.Xml.XmlAsyncCheckReaderWithLineInfo$$.ctor.c
63,466,A_must_review,System.Xml.XmlAsyncCheckReader$$get_CoreReader,060f321c,312,90_plus_confirmed_eye_data_collection_near_certain,eye_source; weak_source_state; validity_gate; pose_vector; ray_interaction; ui_interaction; telemetry; frame_behavior; structure_combo; active_gaze_retrieval; active_gaze_interaction; active_gaze_collection; possible_biometrics,strong_eye_source_hits_1; weak_xr_or_state_hits_3; validity_or_gating_hits_21; strong_pose_or_ray_construction_hits_1; ray_or_cast_sink_hits_7; ui_or_gameplay_sink_hits_2; telemetry_or_network_hits_2; frame_or_lifecycle_behavior; source_validity_pose_sink_structure; strong_eye_source_validity_pose_sink_structure; active_gaze_state_retrieval_with_validity_and_pose; active_gaze_values_flow_to_interaction_sink; active_gaze_values_flow_to_collection_or_telemetry_sink; possible_biometric_feature_from_active_eye_context; functionality_permission_setup; functionality_gaze_retrieval_or_extraction; functionality_gaze_interaction_hits_9; functionality_data_collection_or_telemetry_hits_2; functionality_possible_biometrics_hits_2,base_scanner_score_312; module_bonus_validity_gate_8; module_bonus_pose_vector_10; module_bonus_ray_interaction_15; module_bonus_ui_interaction_12; module_bonus_telemetry_20; module_bonus_frame_behavior_5; module_bonus_structure_combo_18; evidence_bonus_telemetry_or_network_hits_12; sensitive_sink_telemetry_bonus_15; keyword_support_eye_or_gaze_5_bonus_20; keyword_support_sdk_1_bonus_3; keyword_support_collection_or_telemetry_4_bonus_16,C:\realDesktop\manifest-evaluations\summer-26\ghidra-pipeline\il2cpp-files\BowlingAlley\general-structure-results\90_plus_confirmed_eye_data_collection_near_certain\060f321c_System.Xml.XmlAsyncCheckReader$$get_CoreReader.c,C:\realDesktop\manifest-evaluations\summer-26\ghidra-pipeline\il2cpp-files\BowlingAlley\manual-review-pack\A_must_review\063_p466_System.Xml.XmlAsyncCheckReader$$get_CoreReader.c
64,466,A_must_review,System.Xml.XmlAsyncCheckReader$$CreateAsyncCheckWrapper,060f3224,312,90_plus_confirmed_eye_data_collection_near_certain,eye_source; weak_source_state; validity_gate; pose_vector; ray_interaction; ui_interaction; telemetry; frame_behavior; structure_combo; active_gaze_retrieval; active_gaze_interaction; active_gaze_collection; possible_biometrics,strong_eye_source_hits_1; weak_xr_or_state_hits_3; validity_or_gating_hits_21; strong_pose_or_ray_construction_hits_1; ray_or_cast_sink_hits_7; ui_or_gameplay_sink_hits_2; telemetry_or_network_hits_2; frame_or_lifecycle_behavior; source_validity_pose_sink_structure; strong_eye_source_validity_pose_sink_structure; active_gaze_state_retrieval_with_validity_and_pose; active_gaze_values_flow_to_interaction_sink; active_gaze_values_flow_to_collection_or_telemetry_sink; possible_biometric_feature_from_active_eye_context; functionality_permission_setup; functionality_gaze_retrieval_or_extraction; functionality_gaze_interaction_hits_9; functionality_data_collection_or_telemetry_hits_2; functionality_possible_biometrics_hits_2,base_scanner_score_312; module_bonus_validity_gate_8; module_bonus_pose_vector_10; module_bonus_ray_interaction_15; module_bonus_ui_interaction_12; module_bonus_telemetry_20; module_bonus_frame_behavior_5; module_bonus_structure_combo_18; evidence_bonus_telemetry_or_network_hits_12; sensitive_sink_telemetry_bonus_15; keyword_support_eye_or_gaze_5_bonus_20; keyword_support_sdk_1_bonus_3; keyword_support_collection_or_telemetry_4_bonus_16,C:\realDesktop\manifest-evaluations\summer-26\ghidra-pipeline\il2cpp-files\BowlingAlley\general-structure-results\90_plus_confirmed_eye_data_collection_near_certain\060f3224_System.Xml.XmlAsyncCheckReader$$CreateAsyncCheckWrapper.c,C:\realDesktop\manifest-evaluations\summer-26\ghidra-pipeline\il2cpp-files\BowlingAlley\manual-review-pack\A_must_review\064_p466_System.Xml.XmlAsyncCheckReader$$CreateAsyncCheckWrapper.c
65,466,A_must_review,System.Xml.ValidatingReaderNodeData$$SetItemData,060f31ec,312,90_plus_confirmed_eye_data_collection_near_certain,eye_source; weak_source_state; validity_gate; pose_vector; ray_interaction; ui_interaction; telemetry; frame_behavior; structure_combo; active_gaze_retrieval; active_gaze_interaction; active_gaze_collection; possible_biometrics,strong_eye_source_hits_1; weak_xr_or_state_hits_5; validity_or_gating_hits_21; strong_pose_or_ray_construction_hits_1; ray_or_cast_sink_hits_7; ui_or_gameplay_sink_hits_2; telemetry_or_network_hits_2; frame_or_lifecycle_behavior; source_validity_pose_sink_structure; strong_eye_source_validity_pose_sink_structure; active_gaze_state_retrieval_with_validity_and_pose; active_gaze_values_flow_to_interaction_sink; active_gaze_values_flow_to_collection_or_telemetry_sink; possible_biometric_feature_from_active_eye_context; functionality_permission_setup; functionality_gaze_retrieval_or_extraction; functionality_gaze_interaction_hits_9; functionality_data_collection_or_telemetry_hits_2; functionality_possible_biometrics_hits_2,base_scanner_score_312; module_bonus_validity_gate_8; module_bonus_pose_vector_10; module_bonus_ray_interaction_15; module_bonus_ui_interaction_12; module_bonus_telemetry_20; module_bonus_frame_behavior_5; module_bonus_structure_combo_18; evidence_bonus_telemetry_or_network_hits_12; sensitive_sink_telemetry_bonus_15; keyword_support_eye_or_gaze_5_bonus_20; keyword_support_sdk_1_bonus_3; keyword_support_collection_or_telemetry_4_bonus_16,C:\realDesktop\manifest-evaluations\summer-26\ghidra-pipeline\il2cpp-files\BowlingAlley\general-structure-results\90_plus_confirmed_eye_data_collection_near_certain\060f31ec_System.Xml.ValidatingReaderNodeData$$SetItemData.c,C:\realDesktop\manifest-evaluations\summer-26\ghidra-pipeline\il2cpp-files\BowlingAlley\manual-review-pack\A_must_review\065_p466_System.Xml.ValidatingReaderNodeData$$SetItemData.c
66,443,A_must_review,System.Xml.XmlReader$$Dispose,060f4154,301,90_plus_confirmed_eye_data_collection_near_certain,eye_source; weak_source_state; validity_gate; pose_vector; ray_interaction; telemetry; frame_behavior; structure_combo; active_gaze_retrieval; active_gaze_interaction; active_gaze_collection; possible_biometrics,strong_eye_source_hits_1; weak_xr_or_state_hits_5; validity_or_gating_hits_21; strong_pose_or_ray_construction_hits_3; ray_or_cast_sink_hits_7; telemetry_or_network_hits_1; frame_or_lifecycle_behavior; source_validity_pose_sink_structure; strong_eye_source_validity_pose_sink_structure; active_gaze_state_retrieval_with_validity_and_pose; active_gaze_values_flow_to_interaction_sink; active_gaze_values_flow_to_collection_or_telemetry_sink; possible_biometric_feature_from_active_eye_context; functionality_permission_setup; functionality_gaze_retrieval_or_extraction; functionality_gaze_interaction_hits_8; functionality_data_collection_or_telemetry_hits_1; functionality_possible_biometrics_hits_2,base_scanner_score_301; module_bonus_validity_gate_8; module_bonus_pose_vector_10; module_bonus_ray_interaction_15; module_bonus_telemetry_20; module_bonus_frame_behavior_5; module_bonus_structure_combo_18; evidence_bonus_telemetry_or_network_hits_12; sensitive_sink_telemetry_bonus_15; keyword_support_eye_or_gaze_5_bonus_20; keyword_support_sdk_1_bonus_3; keyword_support_collection_or_telemetry_4_bonus_16,C:\realDesktop\manifest-evaluations\summer-26\ghidra-pipeline\il2cpp-files\BowlingAlley\general-structure-results\90_plus_confirmed_eye_data_collection_near_certain\060f4154_System.Xml.XmlReader$$Dispose.c,C:\realDesktop\manifest-evaluations\summer-26\ghidra-pipeline\il2cpp-files\BowlingAlley\manual-review-pack\A_must_review\066_p443_System.Xml.XmlReader$$Dispose.c
67,443,A_must_review,System.Xml.XmlAsyncCheckReader$$Dispose,060f4124,301,90_plus_confirmed_eye_data_collection_near_certain,eye_source; weak_source_state; validity_gate; pose_vector; ray_interaction; telemetry; frame_behavior; structure_combo; active_gaze_retrieval; active_gaze_interaction; active_gaze_collection; possible_biometrics,strong_eye_source_hits_1; weak_xr_or_state_hits_5; validity_or_gating_hits_21; strong_pose_or_ray_construction_hits_3; ray_or_cast_sink_hits_7; telemetry_or_network_hits_1; frame_or_lifecycle_behavior; source_validity_pose_sink_structure; strong_eye_source_validity_pose_sink_structure; active_gaze_state_retrieval_with_validity_and_pose; active_gaze_values_flow_to_interaction_sink; active_gaze_values_flow_to_collection_or_telemetry_sink; possible_biometric_feature_from_active_eye_context; functionality_permission_setup; functionality_gaze_retrieval_or_extraction; functionality_gaze_interaction_hits_8; functionality_data_collection_or_telemetry_hits_1; functionality_possible_biometrics_hits_2,base_scanner_score_301; module_bonus_validity_gate_8; module_bonus_pose_vector_10; module_bonus_ray_interaction_15; module_bonus_telemetry_20; module_bonus_frame_behavior_5; module_bonus_structure_combo_18; evidence_bonus_telemetry_or_network_hits_12; sensitive_sink_telemetry_bonus_15; keyword_support_eye_or_gaze_5_bonus_20; keyword_support_sdk_1_bonus_3; keyword_support_collection_or_telemetry_4_bonus_16,C:\realDesktop\manifest-evaluations\summer-26\ghidra-pipeline\il2cpp-files\BowlingAlley\general-structure-results\90_plus_confirmed_eye_data_collection_near_certain\060f4124_System.Xml.XmlAsyncCheckReader$$Dispose.c,C:\realDesktop\manifest-evaluations\summer-26\ghidra-pipeline\il2cpp-files\BowlingAlley\manual-review-pack\A_must_review\067_p443_System.Xml.XmlAsyncCheckReader$$Dispose.c
68,440,A_must_review,System.Xml.XmlReaderSettings$$set_Async,060f38a8,298,90_plus_confirmed_eye_data_collection_near_certain,eye_source; weak_source_state; validity_gate; pose_vector; ray_interaction; telemetry; frame_behavior; structure_combo; active_gaze_retrieval; active_gaze_interaction; active_gaze_collection; possible_biometrics,strong_eye_source_hits_1; weak_xr_or_state_hits_3; validity_or_gating_hits_21; strong_pose_or_ray_construction_hits_1; ray_or_cast_sink_hits_7; telemetry_or_network_hits_2; frame_or_lifecycle_behavior; source_validity_pose_sink_structure; strong_eye_source_validity_pose_sink_structure; active_gaze_state_retrieval_with_validity_and_pose; active_gaze_values_flow_to_interaction_sink; active_gaze_values_flow_to_collection_or_telemetry_sink; possible_biometric_feature_from_active_eye_context; functionality_permission_setup; functionality_gaze_retrieval_or_extraction; functionality_gaze_interaction_hits_8; functionality_data_collection_or_telemetry_hits_2; functionality_possible_biometrics_hits_2,base_scanner_score_298; module_bonus_validity_gate_8; module_bonus_pose_vector_10; module_bonus_ray_interaction_15; module_bonus_telemetry_20; module_bonus_frame_behavior_5; module_bonus_structure_combo_18; evidence_bonus_telemetry_or_network_hits_12; sensitive_sink_telemetry_bonus_15; keyword_support_eye_or_gaze_5_bonus_20; keyword_support_sdk_1_bonus_3; keyword_support_collection_or_telemetry_4_bonus_16,C:\realDesktop\manifest-evaluations\summer-26\ghidra-pipeline\il2cpp-files\BowlingAlley\general-structure-results\90_plus_confirmed_eye_data_collection_near_certain\060f38a8_System.Xml.XmlReaderSettings$$set_Async.c,C:\realDesktop\manifest-evaluations\summer-26\ghidra-pipeline\il2cpp-files\BowlingAlley\manual-review-pack\A_must_review\068_p440_System.Xml.XmlReaderSettings$$set_Async.c
69,440,A_must_review,System.Xml.XmlReaderSettings$$Clone,060f3820,298,90_plus_confirmed_eye_data_collection_near_certain,eye_source; weak_source_state; validity_gate; pose_vector; ray_interaction; telemetry; frame_behavior; structure_combo; active_gaze_retrieval; active_gaze_interaction; active_gaze_collection; possible_biometrics,strong_eye_source_hits_1; weak_xr_or_state_hits_3; validity_or_gating_hits_21; strong_pose_or_ray_construction_hits_1; ray_or_cast_sink_hits_7; telemetry_or_network_hits_2; frame_or_lifecycle_behavior; source_validity_pose_sink_structure; strong_eye_source_validity_pose_sink_structure; active_gaze_state_retrieval_with_validity_and_pose; active_gaze_values_flow_to_interaction_sink; active_gaze_values_flow_to_collection_or_telemetry_sink; possible_biometric_feature_from_active_eye_context; functionality_permission_setup; functionality_gaze_retrieval_or_extraction; functionality_gaze_interaction_hits_8; functionality_data_collection_or_telemetry_hits_2; functionality_possible_biometrics_hits_2,base_scanner_score_298; module_bonus_validity_gate_8; module_bonus_pose_vector_10; module_bonus_ray_interaction_15; module_bonus_telemetry_20; module_bonus_frame_behavior_5; module_bonus_structure_combo_18; evidence_bonus_telemetry_or_network_hits_12; sensitive_sink_telemetry_bonus_15; keyword_support_eye_or_gaze_5_bonus_20; keyword_support_sdk_1_bonus_3; keyword_support_collection_or_telemetry_4_bonus_16,C:\realDesktop\manifest-evaluations\summer-26\ghidra-pipeline\il2cpp-files\BowlingAlley\general-structure-results\90_plus_confirmed_eye_data_collection_near_certain\060f3820_System.Xml.XmlReaderSettings$$Clone.c,C:\realDesktop\manifest-evaluations\summer-26\ghidra-pipeline\il2cpp-files\BowlingAlley\manual-review-pack\A_must_review\069_p440_System.Xml.XmlReaderSettings$$Clone.c
70,440,A_must_review,System.Xml.XmlReaderSettings$$.ctor,060f3888,298,90_plus_confirmed_eye_data_collection_near_certain,eye_source; weak_source_state; validity_gate; pose_vector; ray_interaction; telemetry; frame_behavior; structure_combo; active_gaze_retrieval; active_gaze_interaction; active_gaze_collection; possible_biometrics,strong_eye_source_hits_1; weak_xr_or_state_hits_3; validity_or_gating_hits_21; strong_pose_or_ray_construction_hits_1; ray_or_cast_sink_hits_7; telemetry_or_network_hits_2; frame_or_lifecycle_behavior; source_validity_pose_sink_structure; strong_eye_source_validity_pose_sink_structure; active_gaze_state_retrieval_with_validity_and_pose; active_gaze_values_flow_to_interaction_sink; active_gaze_values_flow_to_collection_or_telemetry_sink; possible_biometric_feature_from_active_eye_context; functionality_permission_setup; functionality_gaze_retrieval_or_extraction; functionality_gaze_interaction_hits_8; functionality_data_collection_or_telemetry_hits_2; functionality_possible_biometrics_hits_2,base_scanner_score_298; module_bonus_validity_gate_8; module_bonus_pose_vector_10; module_bonus_ray_interaction_15; module_bonus_telemetry_20; module_bonus_frame_behavior_5; module_bonus_structure_combo_18; evidence_bonus_telemetry_or_network_hits_12; sensitive_sink_telemetry_bonus_15; keyword_support_eye_or_gaze_5_bonus_20; keyword_support_sdk_1_bonus_3; keyword_support_collection_or_telemetry_4_bonus_16,C:\realDesktop\manifest-evaluations\summer-26\ghidra-pipeline\il2cpp-files\BowlingAlley\general-structure-results\90_plus_confirmed_eye_data_collection_near_certain\060f3888_System.Xml.XmlReaderSettings$$.ctor.c,C:\realDesktop\manifest-evaluations\summer-26\ghidra-pipeline\il2cpp-files\BowlingAlley\manual-review-pack\A_must_review\070_p440_System.Xml.XmlReaderSettings$$.ctor.c
71,440,A_must_review,System.Xml.XmlReader$$.ctor,060f36f8,298,90_plus_confirmed_eye_data_collection_near_certain,eye_source; weak_source_state; validity_gate; pose_vector; ray_interaction; telemetry; frame_behavior; structure_combo; active_gaze_retrieval; active_gaze_interaction; active_gaze_collection; possible_biometrics,strong_eye_source_hits_1; weak_xr_or_state_hits_3; validity_or_gating_hits_21; strong_pose_or_ray_construction_hits_1; ray_or_cast_sink_hits_7; telemetry_or_network_hits_2; frame_or_lifecycle_behavior; source_validity_pose_sink_structure; strong_eye_source_validity_pose_sink_structure; active_gaze_state_retrieval_with_validity_and_pose; active_gaze_values_flow_to_interaction_sink; active_gaze_values_flow_to_collection_or_telemetry_sink; possible_biometric_feature_from_active_eye_context; functionality_permission_setup; functionality_gaze_retrieval_or_extraction; functionality_gaze_interaction_hits_8; functionality_data_collection_or_telemetry_hits_2; functionality_possible_biometrics_hits_2,base_scanner_score_298; module_bonus_validity_gate_8; module_bonus_pose_vector_10; module_bonus_ray_interaction_15; module_bonus_telemetry_20; module_bonus_frame_behavior_5; module_bonus_structure_combo_18; evidence_bonus_telemetry_or_network_hits_12; sensitive_sink_telemetry_bonus_15; keyword_support_eye_or_gaze_5_bonus_20; keyword_support_sdk_1_bonus_3; keyword_support_collection_or_telemetry_4_bonus_16,C:\realDesktop\manifest-evaluations\summer-26\ghidra-pipeline\il2cpp-files\BowlingAlley\general-structure-results\90_plus_confirmed_eye_data_collection_near_certain\060f36f8_System.Xml.XmlReader$$.ctor.c,C:\realDesktop\manifest-evaluations\summer-26\ghidra-pipeline\il2cpp-files\BowlingAlley\manual-review-pack\A_must_review\071_p440_System.Xml.XmlReader$$.ctor.c
72,440,A_must_review,System.Xml.XmlAsyncCheckReaderWithNS$$.ctor,060f35a0,298,90_plus_confirmed_eye_data_collection_near_certain,eye_source; weak_source_state; validity_gate; pose_vector; ray_interaction; telemetry; frame_behavior; structure_combo; active_gaze_retrieval; active_gaze_interaction; active_gaze_collection; possible_biometrics,strong_eye_source_hits_1; weak_xr_or_state_hits_3; validity_or_gating_hits_21; strong_pose_or_ray_construction_hits_1; ray_or_cast_sink_hits_7; telemetry_or_network_hits_2; frame_or_lifecycle_behavior; source_validity_pose_sink_structure; strong_eye_source_validity_pose_sink_structure; active_gaze_state_retrieval_with_validity_and_pose; active_gaze_values_flow_to_interaction_sink; active_gaze_values_flow_to_collection_or_telemetry_sink; possible_biometric_feature_from_active_eye_context; functionality_permission_setup; functionality_gaze_retrieval_or_extraction; functionality_gaze_interaction_hits_8; functionality_data_collection_or_telemetry_hits_2; functionality_possible_biometrics_hits_2,base_scanner_score_298; module_bonus_validity_gate_8; module_bonus_pose_vector_10; module_bonus_ray_interaction_15; module_bonus_telemetry_20; module_bonus_frame_behavior_5; module_bonus_structure_combo_18; evidence_bonus_telemetry_or_network_hits_12; sensitive_sink_telemetry_bonus_15; keyword_support_eye_or_gaze_5_bonus_20; keyword_support_sdk_1_bonus_3; keyword_support_collection_or_telemetry_4_bonus_16,C:\realDesktop\manifest-evaluations\summer-26\ghidra-pipeline\il2cpp-files\BowlingAlley\general-structure-results\90_plus_confirmed_eye_data_collection_near_certain\060f35a0_System.Xml.XmlAsyncCheckReaderWithNS$$.ctor.c,C:\realDesktop\manifest-evaluations\summer-26\ghidra-pipeline\il2cpp-files\BowlingAlley\manual-review-pack\A_must_review\072_p440_System.Xml.XmlAsyncCheckReaderWithNS$$.ctor.c
73,440,A_must_review,System.Xml.XmlAsyncCheckReader$$get_XmlSpace,060f3ad0,298,90_plus_confirmed_eye_data_collection_near_certain,eye_source; weak_source_state; validity_gate; pose_vector; ray_interaction; telemetry; frame_behavior; structure_combo; active_gaze_retrieval; active_gaze_interaction; active_gaze_collection; possible_biometrics,strong_eye_source_hits_1; weak_xr_or_state_hits_3; validity_or_gating_hits_21; strong_pose_or_ray_construction_hits_1; ray_or_cast_sink_hits_7; telemetry_or_network_hits_2; frame_or_lifecycle_behavior; source_validity_pose_sink_structure; strong_eye_source_validity_pose_sink_structure; active_gaze_state_retrieval_with_validity_and_pose; active_gaze_values_flow_to_interaction_sink; active_gaze_values_flow_to_collection_or_telemetry_sink; possible_biometric_feature_from_active_eye_context; functionality_permission_setup; functionality_gaze_retrieval_or_extraction; functionality_gaze_interaction_hits_8; functionality_data_collection_or_telemetry_hits_2; functionality_possible_biometrics_hits_2,base_scanner_score_298; module_bonus_validity_gate_8; module_bonus_pose_vector_10; module_bonus_ray_interaction_15; module_bonus_telemetry_20; module_bonus_frame_behavior_5; module_bonus_structure_combo_18; evidence_bonus_telemetry_or_network_hits_12; sensitive_sink_telemetry_bonus_15; keyword_support_eye_or_gaze_5_bonus_20; keyword_support_sdk_1_bonus_3; keyword_support_collection_or_telemetry_4_bonus_16,C:\realDesktop\manifest-evaluations\summer-26\ghidra-pipeline\il2cpp-files\BowlingAlley\general-structure-results\90_plus_confirmed_eye_data_collection_near_certain\060f3ad0_System.Xml.XmlAsyncCheckReader$$get_XmlSpace.c,C:\realDesktop\manifest-evaluations\summer-26\ghidra-pipeline\il2cpp-files\BowlingAlley\manual-review-pack\A_must_review\073_p440_System.Xml.XmlAsyncCheckReader$$get_XmlSpace.c
74,440,A_must_review,System.Xml.XmlAsyncCheckReader$$get_XmlLang,060f3afc,298,90_plus_confirmed_eye_data_collection_near_certain,eye_source; weak_source_state; validity_gate; pose_vector; ray_interaction; telemetry; frame_behavior; structure_combo; active_gaze_retrieval; active_gaze_interaction; active_gaze_collection; possible_biometrics,strong_eye_source_hits_1; weak_xr_or_state_hits_3; validity_or_gating_hits_21; strong_pose_or_ray_construction_hits_1; ray_or_cast_sink_hits_7; telemetry_or_network_hits_2; frame_or_lifecycle_behavior; source_validity_pose_sink_structure; strong_eye_source_validity_pose_sink_structure; active_gaze_state_retrieval_with_validity_and_pose; active_gaze_values_flow_to_interaction_sink; active_gaze_values_flow_to_collection_or_telemetry_sink; possible_biometric_feature_from_active_eye_context; functionality_permission_setup; functionality_gaze_retrieval_or_extraction; functionality_gaze_interaction_hits_8; functionality_data_collection_or_telemetry_hits_2; functionality_possible_biometrics_hits_2,base_scanner_score_298; module_bonus_validity_gate_8; module_bonus_pose_vector_10; module_bonus_ray_interaction_15; module_bonus_telemetry_20; module_bonus_frame_behavior_5; module_bonus_structure_combo_18; evidence_bonus_telemetry_or_network_hits_12; sensitive_sink_telemetry_bonus_15; keyword_support_eye_or_gaze_5_bonus_20; keyword_support_sdk_1_bonus_3; keyword_support_collection_or_telemetry_4_bonus_16,C:\realDesktop\manifest-evaluations\summer-26\ghidra-pipeline\il2cpp-files\BowlingAlley\general-structure-results\90_plus_confirmed_eye_data_collection_near_certain\060f3afc_System.Xml.XmlAsyncCheckReader$$get_XmlLang.c,C:\realDesktop\manifest-evaluations\summer-26\ghidra-pipeline\il2cpp-files\BowlingAlley\manual-review-pack\A_must_review\074_p440_System.Xml.XmlAsyncCheckReader$$get_XmlLang.c
75,440,A_must_review,System.Xml.XmlAsyncCheckReader$$get_Value,060f39d0,298,90_plus_confirmed_eye_data_collection_near_certain,eye_source; weak_source_state; validity_gate; pose_vector; ray_interaction; telemetry; frame_behavior; structure_combo; active_gaze_retrieval; active_gaze_interaction; active_gaze_collection; possible_biometrics,strong_eye_source_hits_1; weak_xr_or_state_hits_3; validity_or_gating_hits_21; strong_pose_or_ray_construction_hits_1; ray_or_cast_sink_hits_7; telemetry_or_network_hits_2; frame_or_lifecycle_behavior; source_validity_pose_sink_structure; strong_eye_source_validity_pose_sink_structure; active_gaze_state_retrieval_with_validity_and_pose; active_gaze_values_flow_to_interaction_sink; active_gaze_values_flow_to_collection_or_telemetry_sink; possible_biometric_feature_from_active_eye_context; functionality_permission_setup; functionality_gaze_retrieval_or_extraction; functionality_gaze_interaction_hits_8; functionality_data_collection_or_telemetry_hits_2; functionality_possible_biometrics_hits_2,base_scanner_score_298; module_bonus_validity_gate_8; module_bonus_pose_vector_10; module_bonus_ray_interaction_15; module_bonus_telemetry_20; module_bonus_frame_behavior_5; module_bonus_structure_combo_18; evidence_bonus_telemetry_or_network_hits_12; sensitive_sink_telemetry_bonus_15; keyword_support_eye_or_gaze_5_bonus_20; keyword_support_sdk_1_bonus_3; keyword_support_collection_or_telemetry_4_bonus_16,C:\realDesktop\manifest-evaluations\summer-26\ghidra-pipeline\il2cpp-files\BowlingAlley\general-structure-results\90_plus_confirmed_eye_data_collection_near_certain\060f39d0_System.Xml.XmlAsyncCheckReader$$get_Value.c,C:\realDesktop\manifest-evaluations\summer-26\ghidra-pipeline\il2cpp-files\BowlingAlley\manual-review-pack\A_must_review\075_p440_System.Xml.XmlAsyncCheckReader$$get_Value.c
76,440,A_must_review,System.Xml.XmlAsyncCheckReader$$get_Settings,060f377c,298,90_plus_confirmed_eye_data_collection_near_certain,eye_source; weak_source_state; validity_gate; pose_vector; ray_interaction; telemetry; frame_behavior; structure_combo; active_gaze_retrieval; active_gaze_interaction; active_gaze_collection; possible_biometrics,strong_eye_source_hits_1; weak_xr_or_state_hits_3; validity_or_gating_hits_21; strong_pose_or_ray_construction_hits_1; ray_or_cast_sink_hits_7; telemetry_or_network_hits_2; frame_or_lifecycle_behavior; source_validity_pose_sink_structure; strong_eye_source_validity_pose_sink_structure; active_gaze_state_retrieval_with_validity_and_pose; active_gaze_values_flow_to_interaction_sink; active_gaze_values_flow_to_collection_or_telemetry_sink; possible_biometric_feature_from_active_eye_context; functionality_permission_setup; functionality_gaze_retrieval_or_extraction; functionality_gaze_interaction_hits_8; functionality_data_collection_or_telemetry_hits_2; functionality_possible_biometrics_hits_2,base_scanner_score_298; module_bonus_validity_gate_8; module_bonus_pose_vector_10; module_bonus_ray_interaction_15; module_bonus_telemetry_20; module_bonus_frame_behavior_5; module_bonus_structure_combo_18; evidence_bonus_telemetry_or_network_hits_12; sensitive_sink_telemetry_bonus_15; keyword_support_eye_or_gaze_5_bonus_20; keyword_support_sdk_1_bonus_3; keyword_support_collection_or_telemetry_4_bonus_16,C:\realDesktop\manifest-evaluations\summer-26\ghidra-pipeline\il2cpp-files\BowlingAlley\general-structure-results\90_plus_confirmed_eye_data_collection_near_certain\060f377c_System.Xml.XmlAsyncCheckReader$$get_Settings.c,C:\realDesktop\manifest-evaluations\summer-26\ghidra-pipeline\il2cpp-files\BowlingAlley\manual-review-pack\A_must_review\076_p440_System.Xml.XmlAsyncCheckReader$$get_Settings.c
77,440,A_must_review,System.Xml.XmlAsyncCheckReader$$get_SchemaInfo,060f3b28,298,90_plus_confirmed_eye_data_collection_near_certain,eye_source; weak_source_state; validity_gate; pose_vector; ray_interaction; telemetry; frame_behavior; structure_combo; active_gaze_retrieval; active_gaze_interaction; active_gaze_collection; possible_biometrics,strong_eye_source_hits_1; weak_xr_or_state_hits_3; validity_or_gating_hits_21; strong_pose_or_ray_construction_hits_1; ray_or_cast_sink_hits_7; telemetry_or_network_hits_2; frame_or_lifecycle_behavior; source_validity_pose_sink_structure; strong_eye_source_validity_pose_sink_structure; active_gaze_state_retrieval_with_validity_and_pose; active_gaze_values_flow_to_interaction_sink; active_gaze_values_flow_to_collection_or_telemetry_sink; possible_biometric_feature_from_active_eye_context; functionality_permission_setup; functionality_gaze_retrieval_or_extraction; functionality_gaze_interaction_hits_8; functionality_data_collection_or_telemetry_hits_2; functionality_possible_biometrics_hits_2,base_scanner_score_298; module_bonus_validity_gate_8; module_bonus_pose_vector_10; module_bonus_ray_interaction_15; module_bonus_telemetry_20; module_bonus_frame_behavior_5; module_bonus_structure_combo_18; evidence_bonus_telemetry_or_network_hits_12; sensitive_sink_telemetry_bonus_15; keyword_support_eye_or_gaze_5_bonus_20; keyword_support_sdk_1_bonus_3; keyword_support_collection_or_telemetry_4_bonus_16,C:\realDesktop\manifest-evaluations\summer-26\ghidra-pipeline\il2cpp-files\BowlingAlley\general-structure-results\90_plus_confirmed_eye_data_collection_near_certain\060f3b28_System.Xml.XmlAsyncCheckReader$$get_SchemaInfo.c,C:\realDesktop\manifest-evaluations\summer-26\ghidra-pipeline\il2cpp-files\BowlingAlley\manual-review-pack\A_must_review\077_p440_System.Xml.XmlAsyncCheckReader$$get_SchemaInfo.c
78,440,A_must_review,System.Xml.XmlAsyncCheckReader$$get_QuoteChar,060f3aa4,298,90_plus_confirmed_eye_data_collection_near_certain,eye_source; weak_source_state; validity_gate; pose_vector; ray_interaction; telemetry; frame_behavior; structure_combo; active_gaze_retrieval; active_gaze_interaction; active_gaze_collection; possible_biometrics,strong_eye_source_hits_1; weak_xr_or_state_hits_3; validity_or_gating_hits_21; strong_pose_or_ray_construction_hits_1; ray_or_cast_sink_hits_7; telemetry_or_network_hits_2; frame_or_lifecycle_behavior; source_validity_pose_sink_structure; strong_eye_source_validity_pose_sink_structure; active_gaze_state_retrieval_with_validity_and_pose; active_gaze_values_flow_to_interaction_sink; active_gaze_values_flow_to_collection_or_telemetry_sink; possible_biometric_feature_from_active_eye_context; functionality_permission_setup; functionality_gaze_retrieval_or_extraction; functionality_gaze_interaction_hits_8; functionality_data_collection_or_telemetry_hits_2; functionality_possible_biometrics_hits_2,base_scanner_score_298; module_bonus_validity_gate_8; module_bonus_pose_vector_10; module_bonus_ray_interaction_15; module_bonus_telemetry_20; module_bonus_frame_behavior_5; module_bonus_structure_combo_18; evidence_bonus_telemetry_or_network_hits_12; sensitive_sink_telemetry_bonus_15; keyword_support_eye_or_gaze_5_bonus_20; keyword_support_sdk_1_bonus_3; keyword_support_collection_or_telemetry_4_bonus_16,C:\realDesktop\manifest-evaluations\summer-26\ghidra-pipeline\il2cpp-files\BowlingAlley\general-structure-results\90_plus_confirmed_eye_data_collection_near_certain\060f3aa4_System.Xml.XmlAsyncCheckReader$$get_QuoteChar.c,C:\realDesktop\manifest-evaluations\summer-26\ghidra-pipeline\il2cpp-files\BowlingAlley\manual-review-pack\A_must_review\078_p440_System.Xml.XmlAsyncCheckReader$$get_QuoteChar.c
79,440,A_must_review,System.Xml.XmlAsyncCheckReader$$get_Prefix,060f39a8,298,90_plus_confirmed_eye_data_collection_near_certain,eye_source; weak_source_state; validity_gate; pose_vector; ray_interaction; telemetry; frame_behavior; structure_combo; active_gaze_retrieval; active_gaze_interaction; active_gaze_collection; possible_biometrics,strong_eye_source_hits_1; weak_xr_or_state_hits_3; validity_or_gating_hits_21; strong_pose_or_ray_construction_hits_1; ray_or_cast_sink_hits_7; telemetry_or_network_hits_2; frame_or_lifecycle_behavior; source_validity_pose_sink_structure; strong_eye_source_validity_pose_sink_structure; active_gaze_state_retrieval_with_validity_and_pose; active_gaze_values_flow_to_interaction_sink; active_gaze_values_flow_to_collection_or_telemetry_sink; possible_biometric_feature_from_active_eye_context; functionality_permission_setup; functionality_gaze_retrieval_or_extraction; functionality_gaze_interaction_hits_8; functionality_data_collection_or_telemetry_hits_2; functionality_possible_biometrics_hits_2,base_scanner_score_298; module_bonus_validity_gate_8; module_bonus_pose_vector_10; module_bonus_ray_interaction_15; module_bonus_telemetry_20; module_bonus_frame_behavior_5; module_bonus_structure_combo_18; evidence_bonus_telemetry_or_network_hits_12; sensitive_sink_telemetry_bonus_15; keyword_support_eye_or_gaze_5_bonus_20; keyword_support_sdk_1_bonus_3; keyword_support_collection_or_telemetry_4_bonus_16,C:\realDesktop\manifest-evaluations\summer-26\ghidra-pipeline\il2cpp-files\BowlingAlley\general-structure-results\90_plus_confirmed_eye_data_collection_near_certain\060f39a8_System.Xml.XmlAsyncCheckReader$$get_Prefix.c,C:\realDesktop\manifest-evaluations\summer-26\ghidra-pipeline\il2cpp-files\BowlingAlley\manual-review-pack\A_must_review\079_p440_System.Xml.XmlAsyncCheckReader$$get_Prefix.c
80,440,A_must_review,System.Xml.XmlAsyncCheckReader$$get_NodeType,060f3908,298,90_plus_confirmed_eye_data_collection_near_certain,eye_source; weak_source_state; validity_gate; pose_vector; ray_interaction; telemetry; frame_behavior; structure_combo; active_gaze_retrieval; active_gaze_interaction; active_gaze_collection; possible_biometrics,strong_eye_source_hits_1; weak_xr_or_state_hits_3; validity_or_gating_hits_21; strong_pose_or_ray_construction_hits_1; ray_or_cast_sink_hits_7; telemetry_or_network_hits_2; frame_or_lifecycle_behavior; source_validity_pose_sink_structure; strong_eye_source_validity_pose_sink_structure; active_gaze_state_retrieval_with_validity_and_pose; active_gaze_values_flow_to_interaction_sink; active_gaze_values_flow_to_collection_or_telemetry_sink; possible_biometric_feature_from_active_eye_context; functionality_permission_setup; functionality_gaze_retrieval_or_extraction; functionality_gaze_interaction_hits_8; functionality_data_collection_or_telemetry_hits_2; functionality_possible_biometrics_hits_2,base_scanner_score_298; module_bonus_validity_gate_8; module_bonus_pose_vector_10; module_bonus_ray_interaction_15; module_bonus_telemetry_20; module_bonus_frame_behavior_5; module_bonus_structure_combo_18; evidence_bonus_telemetry_or_network_hits_12; sensitive_sink_telemetry_bonus_15; keyword_support_eye_or_gaze_5_bonus_20; keyword_support_sdk_1_bonus_3; keyword_support_collection_or_telemetry_4_bonus_16,C:\realDesktop\manifest-evaluations\summer-26\ghidra-pipeline\il2cpp-files\BowlingAlley\general-structure-results\90_plus_confirmed_eye_data_collection_near_certain\060f3908_System.Xml.XmlAsyncCheckReader$$get_NodeType.c,C:\realDesktop\manifest-evaluations\summer-26\ghidra-pipeline\il2cpp-files\BowlingAlley\manual-review-pack\A_must_review\080_p440_System.Xml.XmlAsyncCheckReader$$get_NodeType.c
81,440,A_must_review,System.Xml.XmlAsyncCheckReader$$get_NamespaceURI,060f3980,298,90_plus_confirmed_eye_data_collection_near_certain,eye_source; weak_source_state; validity_gate; pose_vector; ray_interaction; telemetry; frame_behavior; structure_combo; active_gaze_retrieval; active_gaze_interaction; active_gaze_collection; possible_biometrics,strong_eye_source_hits_1; weak_xr_or_state_hits_3; validity_or_gating_hits_21; strong_pose_or_ray_construction_hits_1; ray_or_cast_sink_hits_7; telemetry_or_network_hits_2; frame_or_lifecycle_behavior; source_validity_pose_sink_structure; strong_eye_source_validity_pose_sink_structure; active_gaze_state_retrieval_with_validity_and_pose; active_gaze_values_flow_to_interaction_sink; active_gaze_values_flow_to_collection_or_telemetry_sink; possible_biometric_feature_from_active_eye_context; functionality_permission_setup; functionality_gaze_retrieval_or_extraction; functionality_gaze_interaction_hits_8; functionality_data_collection_or_telemetry_hits_2; functionality_possible_biometrics_hits_2,base_scanner_score_298; module_bonus_validity_gate_8; module_bonus_pose_vector_10; module_bonus_ray_interaction_15; module_bonus_telemetry_20; module_bonus_frame_behavior_5; module_bonus_structure_combo_18; evidence_bonus_telemetry_or_network_hits_12; sensitive_sink_telemetry_bonus_15; keyword_support_eye_or_gaze_5_bonus_20; keyword_support_sdk_1_bonus_3; keyword_support_collection_or_telemetry_4_bonus_16,C:\realDesktop\manifest-evaluations\summer-26\ghidra-pipeline\il2cpp-files\BowlingAlley\general-structure-results\90_plus_confirmed_eye_data_collection_near_certain\060f3980_System.Xml.XmlAsyncCheckReader$$get_NamespaceURI.c,C:\realDesktop\manifest-evaluations\summer-26\ghidra-pipeline\il2cpp-files\BowlingAlley\manual-review-pack\A_must_review\081_p440_System.Xml.XmlAsyncCheckReader$$get_NamespaceURI.c
82,440,A_must_review,System.Xml.XmlAsyncCheckReader$$get_Name,060f3930,298,90_plus_confirmed_eye_data_collection_near_certain,eye_source; weak_source_state; validity_gate; pose_vector; ray_interaction; telemetry; frame_behavior; structure_combo; active_gaze_retrieval; active_gaze_interaction; active_gaze_collection; possible_biometrics,strong_eye_source_hits_1; weak_xr_or_state_hits_3; validity_or_gating_hits_21; strong_pose_or_ray_construction_hits_1; ray_or_cast_sink_hits_7; telemetry_or_network_hits_2; frame_or_lifecycle_behavior; source_validity_pose_sink_structure; strong_eye_source_validity_pose_sink_structure; active_gaze_state_retrieval_with_validity_and_pose; active_gaze_values_flow_to_interaction_sink; active_gaze_values_flow_to_collection_or_telemetry_sink; possible_biometric_feature_from_active_eye_context; functionality_permission_setup; functionality_gaze_retrieval_or_extraction; functionality_gaze_interaction_hits_8; functionality_data_collection_or_telemetry_hits_2; functionality_possible_biometrics_hits_2,base_scanner_score_298; module_bonus_validity_gate_8; module_bonus_pose_vector_10; module_bonus_ray_interaction_15; module_bonus_telemetry_20; module_bonus_frame_behavior_5; module_bonus_structure_combo_18; evidence_bonus_telemetry_or_network_hits_12; sensitive_sink_telemetry_bonus_15; keyword_support_eye_or_gaze_5_bonus_20; keyword_support_sdk_1_bonus_3; keyword_support_collection_or_telemetry_4_bonus_16,C:\realDesktop\manifest-evaluations\summer-26\ghidra-pipeline\il2cpp-files\BowlingAlley\general-structure-results\90_plus_confirmed_eye_data_collection_near_certain\060f3930_System.Xml.XmlAsyncCheckReader$$get_Name.c,C:\realDesktop\manifest-evaluations\summer-26\ghidra-pipeline\il2cpp-files\BowlingAlley\manual-review-pack\A_must_review\082_p440_System.Xml.XmlAsyncCheckReader$$get_Name.c
83,440,A_must_review,System.Xml.XmlAsyncCheckReader$$get_LocalName,060f3958,298,90_plus_confirmed_eye_data_collection_near_certain,eye_source; weak_source_state; validity_gate; pose_vector; ray_interaction; telemetry; frame_behavior; structure_combo; active_gaze_retrieval; active_gaze_interaction; active_gaze_collection; possible_biometrics,strong_eye_source_hits_1; weak_xr_or_state_hits_3; validity_or_gating_hits_21; strong_pose_or_ray_construction_hits_1; ray_or_cast_sink_hits_7; telemetry_or_network_hits_2; frame_or_lifecycle_behavior; source_validity_pose_sink_structure; strong_eye_source_validity_pose_sink_structure; active_gaze_state_retrieval_with_validity_and_pose; active_gaze_values_flow_to_interaction_sink; active_gaze_values_flow_to_collection_or_telemetry_sink; possible_biometric_feature_from_active_eye_context; functionality_permission_setup; functionality_gaze_retrieval_or_extraction; functionality_gaze_interaction_hits_8; functionality_data_collection_or_telemetry_hits_2; functionality_possible_biometrics_hits_2,base_scanner_score_298; module_bonus_validity_gate_8; module_bonus_pose_vector_10; module_bonus_ray_interaction_15; module_bonus_telemetry_20; module_bonus_frame_behavior_5; module_bonus_structure_combo_18; evidence_bonus_telemetry_or_network_hits_12; sensitive_sink_telemetry_bonus_15; keyword_support_eye_or_gaze_5_bonus_20; keyword_support_sdk_1_bonus_3; keyword_support_collection_or_telemetry_4_bonus_16,C:\realDesktop\manifest-evaluations\summer-26\ghidra-pipeline\il2cpp-files\BowlingAlley\general-structure-results\90_plus_confirmed_eye_data_collection_near_certain\060f3958_System.Xml.XmlAsyncCheckReader$$get_LocalName.c,C:\realDesktop\manifest-evaluations\summer-26\ghidra-pipeline\il2cpp-files\BowlingAlley\manual-review-pack\A_must_review\083_p440_System.Xml.XmlAsyncCheckReader$$get_LocalName.c
84,440,A_must_review,System.Xml.XmlAsyncCheckReader$$get_IsEmptyElement,060f3a4c,298,90_plus_confirmed_eye_data_collection_near_certain,eye_source; weak_source_state; validity_gate; pose_vector; ray_interaction; telemetry; frame_behavior; structure_combo; active_gaze_retrieval; active_gaze_interaction; active_gaze_collection; possible_biometrics,strong_eye_source_hits_1; weak_xr_or_state_hits_3; validity_or_gating_hits_21; strong_pose_or_ray_construction_hits_1; ray_or_cast_sink_hits_7; telemetry_or_network_hits_2; frame_or_lifecycle_behavior; source_validity_pose_sink_structure; strong_eye_source_validity_pose_sink_structure; active_gaze_state_retrieval_with_validity_and_pose; active_gaze_values_flow_to_interaction_sink; active_gaze_values_flow_to_collection_or_telemetry_sink; possible_biometric_feature_from_active_eye_context; functionality_permission_setup; functionality_gaze_retrieval_or_extraction; functionality_gaze_interaction_hits_8; functionality_data_collection_or_telemetry_hits_2; functionality_possible_biometrics_hits_2,base_scanner_score_298; module_bonus_validity_gate_8; module_bonus_pose_vector_10; module_bonus_ray_interaction_15; module_bonus_telemetry_20; module_bonus_frame_behavior_5; module_bonus_structure_combo_18; evidence_bonus_telemetry_or_network_hits_12; sensitive_sink_telemetry_bonus_15; keyword_support_eye_or_gaze_5_bonus_20; keyword_support_sdk_1_bonus_3; keyword_support_collection_or_telemetry_4_bonus_16,C:\realDesktop\manifest-evaluations\summer-26\ghidra-pipeline\il2cpp-files\BowlingAlley\general-structure-results\90_plus_confirmed_eye_data_collection_near_certain\060f3a4c_System.Xml.XmlAsyncCheckReader$$get_IsEmptyElement.c,C:\realDesktop\manifest-evaluations\summer-26\ghidra-pipeline\il2cpp-files\BowlingAlley\manual-review-pack\A_must_review\084_p440_System.Xml.XmlAsyncCheckReader$$get_IsEmptyElement.c
85,440,A_must_review,System.Xml.XmlAsyncCheckReader$$get_IsDefault,060f3a78,298,90_plus_confirmed_eye_data_collection_near_certain,eye_source; weak_source_state; validity_gate; pose_vector; ray_interaction; telemetry; frame_behavior; structure_combo; active_gaze_retrieval; active_gaze_interaction; active_gaze_collection; possible_biometrics,strong_eye_source_hits_1; weak_xr_or_state_hits_3; validity_or_gating_hits_21; strong_pose_or_ray_construction_hits_1; ray_or_cast_sink_hits_7; telemetry_or_network_hits_2; frame_or_lifecycle_behavior; source_validity_pose_sink_structure; strong_eye_source_validity_pose_sink_structure; active_gaze_state_retrieval_with_validity_and_pose; active_gaze_values_flow_to_interaction_sink; active_gaze_values_flow_to_collection_or_telemetry_sink; possible_biometric_feature_from_active_eye_context; functionality_permission_setup; functionality_gaze_retrieval_or_extraction; functionality_gaze_interaction_hits_8; functionality_data_collection_or_telemetry_hits_2; functionality_possible_biometrics_hits_2,base_scanner_score_298; module_bonus_validity_gate_8; module_bonus_pose_vector_10; module_bonus_ray_interaction_15; module_bonus_telemetry_20; module_bonus_frame_behavior_5; module_bonus_structure_combo_18; evidence_bonus_telemetry_or_network_hits_12; sensitive_sink_telemetry_bonus_15; keyword_support_eye_or_gaze_5_bonus_20; keyword_support_sdk_1_bonus_3; keyword_support_collection_or_telemetry_4_bonus_16,C:\realDesktop\manifest-evaluations\summer-26\ghidra-pipeline\il2cpp-files\BowlingAlley\general-structure-results\90_plus_confirmed_eye_data_collection_near_certain\060f3a78_System.Xml.XmlAsyncCheckReader$$get_IsDefault.c,C:\realDesktop\manifest-evaluations\summer-26\ghidra-pipeline\il2cpp-files\BowlingAlley\manual-review-pack\A_must_review\085_p440_System.Xml.XmlAsyncCheckReader$$get_IsDefault.c
86,440,A_must_review,System.Xml.XmlAsyncCheckReader$$get_Depth,060f39f8,298,90_plus_confirmed_eye_data_collection_near_certain,eye_source; weak_source_state; validity_gate; pose_vector; ray_interaction; telemetry; frame_behavior; structure_combo; active_gaze_retrieval; active_gaze_interaction; active_gaze_collection; possible_biometrics,strong_eye_source_hits_1; weak_xr_or_state_hits_3; validity_or_gating_hits_21; strong_pose_or_ray_construction_hits_1; ray_or_cast_sink_hits_7; telemetry_or_network_hits_2; frame_or_lifecycle_behavior; source_validity_pose_sink_structure; strong_eye_source_validity_pose_sink_structure; active_gaze_state_retrieval_with_validity_and_pose; active_gaze_values_flow_to_interaction_sink; active_gaze_values_flow_to_collection_or_telemetry_sink; possible_biometric_feature_from_active_eye_context; functionality_permission_setup; functionality_gaze_retrieval_or_extraction; functionality_gaze_interaction_hits_8; functionality_data_collection_or_telemetry_hits_2; functionality_possible_biometrics_hits_2,base_scanner_score_298; module_bonus_validity_gate_8; module_bonus_pose_vector_10; module_bonus_ray_interaction_15; module_bonus_telemetry_20; module_bonus_frame_behavior_5; module_bonus_structure_combo_18; evidence_bonus_telemetry_or_network_hits_12; sensitive_sink_telemetry_bonus_15; keyword_support_eye_or_gaze_5_bonus_20; keyword_support_sdk_1_bonus_3; keyword_support_collection_or_telemetry_4_bonus_16,C:\realDesktop\manifest-evaluations\summer-26\ghidra-pipeline\il2cpp-files\BowlingAlley\general-structure-results\90_plus_confirmed_eye_data_collection_near_certain\060f39f8_System.Xml.XmlAsyncCheckReader$$get_Depth.c,C:\realDesktop\manifest-evaluations\summer-26\ghidra-pipeline\il2cpp-files\BowlingAlley\manual-review-pack\A_must_review\086_p440_System.Xml.XmlAsyncCheckReader$$get_Depth.c
87,440,A_must_review,System.Xml.XmlAsyncCheckReader$$get_BaseURI,060f3a20,298,90_plus_confirmed_eye_data_collection_near_certain,eye_source; weak_source_state; validity_gate; pose_vector; ray_interaction; telemetry; frame_behavior; structure_combo; active_gaze_retrieval; active_gaze_interaction; active_gaze_collection; possible_biometrics,strong_eye_source_hits_1; weak_xr_or_state_hits_3; validity_or_gating_hits_21; strong_pose_or_ray_construction_hits_1; ray_or_cast_sink_hits_7; telemetry_or_network_hits_2; frame_or_lifecycle_behavior; source_validity_pose_sink_structure; strong_eye_source_validity_pose_sink_structure; active_gaze_state_retrieval_with_validity_and_pose; active_gaze_values_flow_to_interaction_sink; active_gaze_values_flow_to_collection_or_telemetry_sink; possible_biometric_feature_from_active_eye_context; functionality_permission_setup; functionality_gaze_retrieval_or_extraction; functionality_gaze_interaction_hits_8; functionality_data_collection_or_telemetry_hits_2; functionality_possible_biometrics_hits_2,base_scanner_score_298; module_bonus_validity_gate_8; module_bonus_pose_vector_10; module_bonus_ray_interaction_15; module_bonus_telemetry_20; module_bonus_frame_behavior_5; module_bonus_structure_combo_18; evidence_bonus_telemetry_or_network_hits_12; sensitive_sink_telemetry_bonus_15; keyword_support_eye_or_gaze_5_bonus_20; keyword_support_sdk_1_bonus_3; keyword_support_collection_or_telemetry_4_bonus_16,C:\realDesktop\manifest-evaluations\summer-26\ghidra-pipeline\il2cpp-files\BowlingAlley\general-structure-results\90_plus_confirmed_eye_data_collection_near_certain\060f3a20_System.Xml.XmlAsyncCheckReader$$get_BaseURI.c,C:\realDesktop\manifest-evaluations\summer-26\ghidra-pipeline\il2cpp-files\BowlingAlley\manual-review-pack\A_must_review\087_p440_System.Xml.XmlAsyncCheckReader$$get_BaseURI.c
88,440,A_must_review,System.Xml.XmlAsyncCheckReader$$CheckAsync,060f3700,298,90_plus_confirmed_eye_data_collection_near_certain,eye_source; weak_source_state; validity_gate; pose_vector; ray_interaction; telemetry; frame_behavior; structure_combo; active_gaze_retrieval; active_gaze_interaction; active_gaze_collection; possible_biometrics,strong_eye_source_hits_1; weak_xr_or_state_hits_3; validity_or_gating_hits_21; strong_pose_or_ray_construction_hits_1; ray_or_cast_sink_hits_7; telemetry_or_network_hits_2; frame_or_lifecycle_behavior; source_validity_pose_sink_structure; strong_eye_source_validity_pose_sink_structure; active_gaze_state_retrieval_with_validity_and_pose; active_gaze_values_flow_to_interaction_sink; active_gaze_values_flow_to_collection_or_telemetry_sink; possible_biometric_feature_from_active_eye_context; functionality_permission_setup; functionality_gaze_retrieval_or_extraction; functionality_gaze_interaction_hits_8; functionality_data_collection_or_telemetry_hits_2; functionality_possible_biometrics_hits_2,base_scanner_score_298; module_bonus_validity_gate_8; module_bonus_pose_vector_10; module_bonus_ray_interaction_15; module_bonus_telemetry_20; module_bonus_frame_behavior_5; module_bonus_structure_combo_18; evidence_bonus_telemetry_or_network_hits_12; sensitive_sink_telemetry_bonus_15; keyword_support_eye_or_gaze_5_bonus_20; keyword_support_sdk_1_bonus_3; keyword_support_collection_or_telemetry_4_bonus_16,C:\realDesktop\manifest-evaluations\summer-26\ghidra-pipeline\il2cpp-files\BowlingAlley\general-structure-results\90_plus_confirmed_eye_data_collection_near_certain\060f3700_System.Xml.XmlAsyncCheckReader$$CheckAsync.c,C:\realDesktop\manifest-evaluations\summer-26\ghidra-pipeline\il2cpp-files\BowlingAlley\manual-review-pack\A_must_review\088_p440_System.Xml.XmlAsyncCheckReader$$CheckAsync.c
89,440,A_must_review,System.Xml.XmlAsyncCheckReader$$.ctor,060f3648,298,90_plus_confirmed_eye_data_collection_near_certain,eye_source; weak_source_state; validity_gate; pose_vector; ray_interaction; telemetry; frame_behavior; structure_combo; active_gaze_retrieval; active_gaze_interaction; active_gaze_collection; possible_biometrics,strong_eye_source_hits_1; weak_xr_or_state_hits_3; validity_or_gating_hits_21; strong_pose_or_ray_construction_hits_1; ray_or_cast_sink_hits_7; telemetry_or_network_hits_2; frame_or_lifecycle_behavior; source_validity_pose_sink_structure; strong_eye_source_validity_pose_sink_structure; active_gaze_state_retrieval_with_validity_and_pose; active_gaze_values_flow_to_interaction_sink; active_gaze_values_flow_to_collection_or_telemetry_sink; possible_biometric_feature_from_active_eye_context; functionality_permission_setup; functionality_gaze_retrieval_or_extraction; functionality_gaze_interaction_hits_8; functionality_data_collection_or_telemetry_hits_2; functionality_possible_biometrics_hits_2,base_scanner_score_298; module_bonus_validity_gate_8; module_bonus_pose_vector_10; module_bonus_ray_interaction_15; module_bonus_telemetry_20; module_bonus_frame_behavior_5; module_bonus_structure_combo_18; evidence_bonus_telemetry_or_network_hits_12; sensitive_sink_telemetry_bonus_15; keyword_support_eye_or_gaze_5_bonus_20; keyword_support_sdk_1_bonus_3; keyword_support_collection_or_telemetry_4_bonus_16,C:\realDesktop\manifest-evaluations\summer-26\ghidra-pipeline\il2cpp-files\BowlingAlley\general-structure-results\90_plus_confirmed_eye_data_collection_near_certain\060f3648_System.Xml.XmlAsyncCheckReader$$.ctor.c,C:\realDesktop\manifest-evaluations\summer-26\ghidra-pipeline\il2cpp-files\BowlingAlley\manual-review-pack\A_must_review\089_p440_System.Xml.XmlAsyncCheckReader$$.ctor.c
90,438,A_must_review,FUN_06d0f224,06d0f224,275,90_plus_uncertain_gaze_interaction_near_certain,eye_source; weak_source_state; validity_gate; pose_vector; ray_interaction; ui_interaction; telemetry; frame_behavior; structure_combo; ordered_structure,strong_eye_source_hits_2; weak_xr_or_state_hits_4; validity_or_gating_hits_1; strong_pose_or_ray_construction_hits_2; ray_or_cast_sink_hits_18; ui_or_gameplay_sink_hits_20; telemetry_or_network_hits_2; frame_or_lifecycle_behavior; source_validity_pose_sink_structure; strong_eye_source_validity_pose_sink_structure; ordered_eye_source_validity_pose_collection_sink; ordered_eye_source_validity_pose_interaction_sink; functionality_gaze_interaction_hits_21; functionality_data_collection_or_telemetry_hits_2,base_scanner_score_275; module_bonus_validity_gate_8; module_bonus_pose_vector_10; module_bonus_ray_interaction_15; module_bonus_ui_interaction_12; module_bonus_telemetry_20; module_bonus_frame_behavior_5; module_bonus_structure_combo_18; evidence_bonus_telemetry_or_network_hits_12; sensitive_sink_telemetry_bonus_15; keyword_support_eye_or_gaze_5_bonus_20; keyword_support_sdk_4_bonus_12; keyword_support_collection_or_telemetry_4_bonus_16,C:\realDesktop\manifest-evaluations\summer-26\ghidra-pipeline\il2cpp-files\BowlingAlley\general-structure-results\90_plus_uncertain_gaze_interaction_near_certain\06d0f224_FUN_06d0f224.c,C:\realDesktop\manifest-evaluations\summer-26\ghidra-pipeline\il2cpp-files\BowlingAlley\manual-review-pack\A_must_review\090_p438_FUN_06d0f224.c
91,435,A_must_review,System.Xml.XmlAsyncCheckReader$$get_ValueType,060f3b54,293,90_plus_confirmed_eye_data_collection_near_certain,eye_source; weak_source_state; validity_gate; pose_vector; ray_interaction; telemetry; frame_behavior; structure_combo; active_gaze_retrieval; active_gaze_interaction; active_gaze_collection; possible_biometrics,strong_eye_source_hits_1; weak_xr_or_state_hits_3; validity_or_gating_hits_21; strong_pose_or_ray_construction_hits_1; ray_or_cast_sink_hits_7; telemetry_or_network_hits_1; frame_or_lifecycle_behavior; source_validity_pose_sink_structure; strong_eye_source_validity_pose_sink_structure; active_gaze_state_retrieval_with_validity_and_pose; active_gaze_values_flow_to_interaction_sink; active_gaze_values_flow_to_collection_or_telemetry_sink; possible_biometric_feature_from_active_eye_context; functionality_permission_setup; functionality_gaze_retrieval_or_extraction; functionality_gaze_interaction_hits_8; functionality_data_collection_or_telemetry_hits_1; functionality_possible_biometrics_hits_2,base_scanner_score_293; module_bonus_validity_gate_8; module_bonus_pose_vector_10; module_bonus_ray_interaction_15; module_bonus_telemetry_20; module_bonus_frame_behavior_5; module_bonus_structure_combo_18; evidence_bonus_telemetry_or_network_hits_12; sensitive_sink_telemetry_bonus_15; keyword_support_eye_or_gaze_5_bonus_20; keyword_support_sdk_1_bonus_3; keyword_support_collection_or_telemetry_4_bonus_16,C:\realDesktop\manifest-evaluations\summer-26\ghidra-pipeline\il2cpp-files\BowlingAlley\general-structure-results\90_plus_confirmed_eye_data_collection_near_certain\060f3b54_System.Xml.XmlAsyncCheckReader$$get_ValueType.c,C:\realDesktop\manifest-evaluations\summer-26\ghidra-pipeline\il2cpp-files\BowlingAlley\manual-review-pack\A_must_review\091_p435_System.Xml.XmlAsyncCheckReader$$get_ValueType.c
92,435,A_must_review,System.Xml.XmlAsyncCheckReader$$get_ReadState,060f3e14,293,90_plus_confirmed_eye_data_collection_near_certain,eye_source; weak_source_state; validity_gate; pose_vector; ray_interaction; telemetry; frame_behavior; structure_combo; active_gaze_retrieval; active_gaze_interaction; active_gaze_collection; possible_biometrics,strong_eye_source_hits_1; weak_xr_or_state_hits_5; validity_or_gating_hits_21; strong_pose_or_ray_construction_hits_1; ray_or_cast_sink_hits_7; telemetry_or_network_hits_1; frame_or_lifecycle_behavior; source_validity_pose_sink_structure; strong_eye_source_validity_pose_sink_structure; active_gaze_state_retrieval_with_validity_and_pose; active_gaze_values_flow_to_interaction_sink; active_gaze_values_flow_to_collection_or_telemetry_sink; possible_biometric_feature_from_active_eye_context; functionality_permission_setup; functionality_gaze_retrieval_or_extraction; functionality_gaze_interaction_hits_8; functionality_data_collection_or_telemetry_hits_1; functionality_possible_biometrics_hits_2,base_scanner_score_293; module_bonus_validity_gate_8; module_bonus_pose_vector_10; module_bonus_ray_interaction_15; module_bonus_telemetry_20; module_bonus_frame_behavior_5; module_bonus_structure_combo_18; evidence_bonus_telemetry_or_network_hits_12; sensitive_sink_telemetry_bonus_15; keyword_support_eye_or_gaze_5_bonus_20; keyword_support_sdk_1_bonus_3; keyword_support_collection_or_telemetry_4_bonus_16,C:\realDesktop\manifest-evaluations\summer-26\ghidra-pipeline\il2cpp-files\BowlingAlley\general-structure-results\90_plus_confirmed_eye_data_collection_near_certain\060f3e14_System.Xml.XmlAsyncCheckReader$$get_ReadState.c,C:\realDesktop\manifest-evaluations\summer-26\ghidra-pipeline\il2cpp-files\BowlingAlley\manual-review-pack\A_must_review\092_p435_System.Xml.XmlAsyncCheckReader$$get_ReadState.c
93,435,A_must_review,System.Xml.XmlAsyncCheckReader$$get_NameTable,060f3e6c,293,90_plus_confirmed_eye_data_collection_near_certain,eye_source; weak_source_state; validity_gate; pose_vector; ray_interaction; telemetry; frame_behavior; structure_combo; active_gaze_retrieval; active_gaze_interaction; active_gaze_collection; possible_biometrics,strong_eye_source_hits_1; weak_xr_or_state_hits_3; validity_or_gating_hits_21; strong_pose_or_ray_construction_hits_1; ray_or_cast_sink_hits_7; telemetry_or_network_hits_1; frame_or_lifecycle_behavior; source_validity_pose_sink_structure; strong_eye_source_validity_pose_sink_structure; active_gaze_state_retrieval_with_validity_and_pose; active_gaze_values_flow_to_interaction_sink; active_gaze_values_flow_to_collection_or_telemetry_sink; possible_biometric_feature_from_active_eye_context; functionality_permission_setup; functionality_gaze_retrieval_or_extraction; functionality_gaze_interaction_hits_8; functionality_data_collection_or_telemetry_hits_1; functionality_possible_biometrics_hits_2,base_scanner_score_293; module_bonus_validity_gate_8; module_bonus_pose_vector_10; module_bonus_ray_interaction_15; module_bonus_telemetry_20; module_bonus_frame_behavior_5; module_bonus_structure_combo_18; evidence_bonus_telemetry_or_network_hits_12; sensitive_sink_telemetry_bonus_15; keyword_support_eye_or_gaze_5_bonus_20; keyword_support_sdk_1_bonus_3; keyword_support_collection_or_telemetry_4_bonus_16,C:\realDesktop\manifest-evaluations\summer-26\ghidra-pipeline\il2cpp-files\BowlingAlley\general-structure-results\90_plus_confirmed_eye_data_collection_near_certain\060f3e6c_System.Xml.XmlAsyncCheckReader$$get_NameTable.c,C:\realDesktop\manifest-evaluations\summer-26\ghidra-pipeline\il2cpp-files\BowlingAlley\manual-review-pack\A_must_review\093_p435_System.Xml.XmlAsyncCheckReader$$get_NameTable.c
94,435,A_must_review,System.Xml.XmlAsyncCheckReader$$get_HasAttributes,060f40f8,293,90_plus_confirmed_eye_data_collection_near_certain,eye_source; weak_source_state; validity_gate; pose_vector; ray_interaction; telemetry; frame_behavior; structure_combo; active_gaze_retrieval; active_gaze_interaction; active_gaze_collection; possible_biometrics,strong_eye_source_hits_1; weak_xr_or_state_hits_3; validity_or_gating_hits_21; strong_pose_or_ray_construction_hits_1; ray_or_cast_sink_hits_7; telemetry_or_network_hits_1; frame_or_lifecycle_behavior; source_validity_pose_sink_structure; strong_eye_source_validity_pose_sink_structure; active_gaze_state_retrieval_with_validity_and_pose; active_gaze_values_flow_to_interaction_sink; active_gaze_values_flow_to_collection_or_telemetry_sink; possible_biometric_feature_from_active_eye_context; functionality_permission_setup; functionality_gaze_retrieval_or_extraction; functionality_gaze_interaction_hits_8; functionality_data_collection_or_telemetry_hits_1; functionality_possible_biometrics_hits_2,base_scanner_score_293; module_bonus_validity_gate_8; module_bonus_pose_vector_10; module_bonus_ray_interaction_15; module_bonus_telemetry_20; module_bonus_frame_behavior_5; module_bonus_structure_combo_18; evidence_bonus_telemetry_or_network_hits_12; sensitive_sink_telemetry_bonus_15; keyword_support_eye_or_gaze_5_bonus_20; keyword_support_sdk_1_bonus_3; keyword_support_collection_or_telemetry_4_bonus_16,C:\realDesktop\manifest-evaluations\summer-26\ghidra-pipeline\il2cpp-files\BowlingAlley\general-structure-results\90_plus_confirmed_eye_data_collection_near_certain\060f40f8_System.Xml.XmlAsyncCheckReader$$get_HasAttributes.c,C:\realDesktop\manifest-evaluations\summer-26\ghidra-pipeline\il2cpp-files\BowlingAlley\manual-review-pack\A_must_review\094_p435_System.Xml.XmlAsyncCheckReader$$get_HasAttributes.c
95,435,A_must_review,System.Xml.XmlAsyncCheckReader$$get_EOF,060f3dbc,293,90_plus_confirmed_eye_data_collection_near_certain,eye_source; weak_source_state; validity_gate; pose_vector; ray_interaction; telemetry; frame_behavior; structure_combo; active_gaze_retrieval; active_gaze_interaction; active_gaze_collection; possible_biometrics,strong_eye_source_hits_1; weak_xr_or_state_hits_3; validity_or_gating_hits_21; strong_pose_or_ray_construction_hits_1; ray_or_cast_sink_hits_7; telemetry_or_network_hits_1; frame_or_lifecycle_behavior; source_validity_pose_sink_structure; strong_eye_source_validity_pose_sink_structure; active_gaze_state_retrieval_with_validity_and_pose; active_gaze_values_flow_to_interaction_sink; active_gaze_values_flow_to_collection_or_telemetry_sink; possible_biometric_feature_from_active_eye_context; functionality_permission_setup; functionality_gaze_retrieval_or_extraction; functionality_gaze_interaction_hits_8; functionality_data_collection_or_telemetry_hits_1; functionality_possible_biometrics_hits_2,base_scanner_score_293; module_bonus_validity_gate_8; module_bonus_pose_vector_10; module_bonus_ray_interaction_15; module_bonus_telemetry_20; module_bonus_frame_behavior_5; module_bonus_structure_combo_18; evidence_bonus_telemetry_or_network_hits_12; sensitive_sink_telemetry_bonus_15; keyword_support_eye_or_gaze_5_bonus_20; keyword_support_sdk_1_bonus_3; keyword_support_collection_or_telemetry_4_bonus_16,C:\realDesktop\manifest-evaluations\summer-26\ghidra-pipeline\il2cpp-files\BowlingAlley\general-structure-results\90_plus_confirmed_eye_data_collection_near_certain\060f3dbc_System.Xml.XmlAsyncCheckReader$$get_EOF.c,C:\realDesktop\manifest-evaluations\summer-26\ghidra-pipeline\il2cpp-files\BowlingAlley\manual-review-pack\A_must_review\095_p435_System.Xml.XmlAsyncCheckReader$$get_EOF.c
96,435,A_must_review,System.Xml.XmlAsyncCheckReader$$get_CanResolveEntity,060f3ed4,293,90_plus_confirmed_eye_data_collection_near_certain,eye_source; weak_source_state; validity_gate; pose_vector; ray_interaction; telemetry; frame_behavior; structure_combo; active_gaze_retrieval; active_gaze_interaction; active_gaze_collection; possible_biometrics,strong_eye_source_hits_1; weak_xr_or_state_hits_3; validity_or_gating_hits_21; strong_pose_or_ray_construction_hits_1; ray_or_cast_sink_hits_7; telemetry_or_network_hits_1; frame_or_lifecycle_behavior; source_validity_pose_sink_structure; strong_eye_source_validity_pose_sink_structure; active_gaze_state_retrieval_with_validity_and_pose; active_gaze_values_flow_to_interaction_sink; active_gaze_values_flow_to_collection_or_telemetry_sink; possible_biometric_feature_from_active_eye_context; functionality_permission_setup; functionality_gaze_retrieval_or_extraction; functionality_gaze_interaction_hits_8; functionality_data_collection_or_telemetry_hits_1; functionality_possible_biometrics_hits_2,base_scanner_score_293; module_bonus_validity_gate_8; module_bonus_pose_vector_10; module_bonus_ray_interaction_15; module_bonus_telemetry_20; module_bonus_frame_behavior_5; module_bonus_structure_combo_18; evidence_bonus_telemetry_or_network_hits_12; sensitive_sink_telemetry_bonus_15; keyword_support_eye_or_gaze_5_bonus_20; keyword_support_sdk_1_bonus_3; keyword_support_collection_or_telemetry_4_bonus_16,C:\realDesktop\manifest-evaluations\summer-26\ghidra-pipeline\il2cpp-files\BowlingAlley\general-structure-results\90_plus_confirmed_eye_data_collection_near_certain\060f3ed4_System.Xml.XmlAsyncCheckReader$$get_CanResolveEntity.c,C:\realDesktop\manifest-evaluations\summer-26\ghidra-pipeline\il2cpp-files\BowlingAlley\manual-review-pack\A_must_review\096_p435_System.Xml.XmlAsyncCheckReader$$get_CanResolveEntity.c
97,435,A_must_review,System.Xml.XmlAsyncCheckReader$$get_CanReadValueChunk,060f3f2c,293,90_plus_confirmed_eye_data_collection_near_certain,eye_source; weak_source_state; validity_gate; pose_vector; ray_interaction; telemetry; frame_behavior; structure_combo; active_gaze_retrieval; active_gaze_interaction; active_gaze_collection; possible_biometrics,strong_eye_source_hits_1; weak_xr_or_state_hits_3; validity_or_gating_hits_21; strong_pose_or_ray_construction_hits_1; ray_or_cast_sink_hits_7; telemetry_or_network_hits_1; frame_or_lifecycle_behavior; source_validity_pose_sink_structure; strong_eye_source_validity_pose_sink_structure; active_gaze_state_retrieval_with_validity_and_pose; active_gaze_values_flow_to_interaction_sink; active_gaze_values_flow_to_collection_or_telemetry_sink; possible_biometric_feature_from_active_eye_context; functionality_permission_setup; functionality_gaze_retrieval_or_extraction; functionality_gaze_interaction_hits_8; functionality_data_collection_or_telemetry_hits_1; functionality_possible_biometrics_hits_2,base_scanner_score_293; module_bonus_validity_gate_8; module_bonus_pose_vector_10; module_bonus_ray_interaction_15; module_bonus_telemetry_20; module_bonus_frame_behavior_5; module_bonus_structure_combo_18; evidence_bonus_telemetry_or_network_hits_12; sensitive_sink_telemetry_bonus_15; keyword_support_eye_or_gaze_5_bonus_20; keyword_support_sdk_1_bonus_3; keyword_support_collection_or_telemetry_4_bonus_16,C:\realDesktop\manifest-evaluations\summer-26\ghidra-pipeline\il2cpp-files\BowlingAlley\general-structure-results\90_plus_confirmed_eye_data_collection_near_certain\060f3f2c_System.Xml.XmlAsyncCheckReader$$get_CanReadValueChunk.c,C:\realDesktop\manifest-evaluations\summer-26\ghidra-pipeline\il2cpp-files\BowlingAlley\manual-review-pack\A_must_review\097_p435_System.Xml.XmlAsyncCheckReader$$get_CanReadValueChunk.c
98,435,A_must_review,System.Xml.XmlAsyncCheckReader$$get_AttributeCount,060f3b80,293,90_plus_confirmed_eye_data_collection_near_certain,eye_source; weak_source_state; validity_gate; pose_vector; ray_interaction; telemetry; frame_behavior; structure_combo; active_gaze_retrieval; active_gaze_interaction; active_gaze_collection; possible_biometrics,strong_eye_source_hits_1; weak_xr_or_state_hits_3; validity_or_gating_hits_21; strong_pose_or_ray_construction_hits_1; ray_or_cast_sink_hits_7; telemetry_or_network_hits_1; frame_or_lifecycle_behavior; source_validity_pose_sink_structure; strong_eye_source_validity_pose_sink_structure; active_gaze_state_retrieval_with_validity_and_pose; active_gaze_values_flow_to_interaction_sink; active_gaze_values_flow_to_collection_or_telemetry_sink; possible_biometric_feature_from_active_eye_context; functionality_permission_setup; functionality_gaze_retrieval_or_extraction; functionality_gaze_interaction_hits_8; functionality_data_collection_or_telemetry_hits_1; functionality_possible_biometrics_hits_2,base_scanner_score_293; module_bonus_validity_gate_8; module_bonus_pose_vector_10; module_bonus_ray_interaction_15; module_bonus_telemetry_20; module_bonus_frame_behavior_5; module_bonus_structure_combo_18; evidence_bonus_telemetry_or_network_hits_12; sensitive_sink_telemetry_bonus_15; keyword_support_eye_or_gaze_5_bonus_20; keyword_support_sdk_1_bonus_3; keyword_support_collection_or_telemetry_4_bonus_16,C:\realDesktop\manifest-evaluations\summer-26\ghidra-pipeline\il2cpp-files\BowlingAlley\general-structure-results\90_plus_confirmed_eye_data_collection_near_certain\060f3b80_System.Xml.XmlAsyncCheckReader$$get_AttributeCount.c,C:\realDesktop\manifest-evaluations\summer-26\ghidra-pipeline\il2cpp-files\BowlingAlley\manual-review-pack\A_must_review\098_p435_System.Xml.XmlAsyncCheckReader$$get_AttributeCount.c
99,435,A_must_review,System.Xml.XmlAsyncCheckReader$$Skip,060f3e40,293,90_plus_confirmed_eye_data_collection_near_certain,eye_source; weak_source_state; validity_gate; pose_vector; ray_interaction; telemetry; frame_behavior; structure_combo; active_gaze_retrieval; active_gaze_interaction; active_gaze_collection; possible_biometrics,strong_eye_source_hits_1; weak_xr_or_state_hits_3; validity_or_gating_hits_21; strong_pose_or_ray_construction_hits_1; ray_or_cast_sink_hits_7; telemetry_or_network_hits_1; frame_or_lifecycle_behavior; source_validity_pose_sink_structure; strong_eye_source_validity_pose_sink_structure; active_gaze_state_retrieval_with_validity_and_pose; active_gaze_values_flow_to_interaction_sink; active_gaze_values_flow_to_collection_or_telemetry_sink; possible_biometric_feature_from_active_eye_context; functionality_permission_setup; functionality_gaze_retrieval_or_extraction; functionality_gaze_interaction_hits_8; functionality_data_collection_or_telemetry_hits_1; functionality_possible_biometrics_hits_2,base_scanner_score_293; module_bonus_validity_gate_8; module_bonus_pose_vector_10; module_bonus_ray_interaction_15; module_bonus_telemetry_20; module_bonus_frame_behavior_5; module_bonus_structure_combo_18; evidence_bonus_telemetry_or_network_hits_12; sensitive_sink_telemetry_bonus_15; keyword_support_eye_or_gaze_5_bonus_20; keyword_support_sdk_1_bonus_3; keyword_support_collection_or_telemetry_4_bonus_16,C:\realDesktop\manifest-evaluations\summer-26\ghidra-pipeline\il2cpp-files\BowlingAlley\general-structure-results\90_plus_confirmed_eye_data_collection_near_certain\060f3e40_System.Xml.XmlAsyncCheckReader$$Skip.c,C:\realDesktop\manifest-evaluations\summer-26\ghidra-pipeline\il2cpp-files\BowlingAlley\manual-review-pack\A_must_review\099_p435_System.Xml.XmlAsyncCheckReader$$Skip.c
100,435,A_must_review,System.Xml.XmlAsyncCheckReader$$ResolveEntity,060f3f00,293,90_plus_confirmed_eye_data_collection_near_certain,eye_source; weak_source_state; validity_gate; pose_vector; ray_interaction; telemetry; frame_behavior; structure_combo; active_gaze_retrieval; active_gaze_interaction; active_gaze_collection; possible_biometrics,strong_eye_source_hits_1; weak_xr_or_state_hits_3; validity_or_gating_hits_21; strong_pose_or_ray_construction_hits_1; ray_or_cast_sink_hits_7; telemetry_or_network_hits_1; frame_or_lifecycle_behavior; source_validity_pose_sink_structure; strong_eye_source_validity_pose_sink_structure; active_gaze_state_retrieval_with_validity_and_pose; active_gaze_values_flow_to_interaction_sink; active_gaze_values_flow_to_collection_or_telemetry_sink; possible_biometric_feature_from_active_eye_context; functionality_permission_setup; functionality_gaze_retrieval_or_extraction; functionality_gaze_interaction_hits_8; functionality_data_collection_or_telemetry_hits_1; functionality_possible_biometrics_hits_2,base_scanner_score_293; module_bonus_validity_gate_8; module_bonus_pose_vector_10; module_bonus_ray_interaction_15; module_bonus_telemetry_20; module_bonus_frame_behavior_5; module_bonus_structure_combo_18; evidence_bonus_telemetry_or_network_hits_12; sensitive_sink_telemetry_bonus_15; keyword_support_eye_or_gaze_5_bonus_20; keyword_support_sdk_1_bonus_3; keyword_support_collection_or_telemetry_4_bonus_16,C:\realDesktop\manifest-evaluations\summer-26\ghidra-pipeline\il2cpp-files\BowlingAlley\general-structure-results\90_plus_confirmed_eye_data_collection_near_certain\060f3f00_System.Xml.XmlAsyncCheckReader$$ResolveEntity.c,C:\realDesktop\manifest-evaluations\summer-26\ghidra-pipeline\il2cpp-files\BowlingAlley\manual-review-pack\A_must_review\100_p435_System.Xml.XmlAsyncCheckReader$$ResolveEntity.c
