2026-07-06 11:32:55 INFO  (LoggingInitialization) Using log config file: jar:file:/C:/Users/kimgiordano27/Downloads/ghidra_12.1.2_PUBLIC_20260605/ghidra_12.1.2_PUBLIC/Ghidra/Framework/Generic/lib/Generic.jar!/generic.log4j.xml  
2026-07-06 11:32:55 INFO  (LoggingInitialization) Using log file: C:\realDesktop\manifest-evaluations\summer-26\ghidra-pipeline\il2cpp-files\FruitBladeVR\general-structure-ghidra.log  
2026-07-06 11:32:55 DEBUG (GhidraObjectInputFilter) Including serial input filter: FileSystem/data/client.rmi.serial.filter  
2026-07-06 11:32:55 INFO  (Preferences) Loading user preferences: C:\Users\kimgiordano27\AppData\Roaming\ghidra\ghidra_12.1.2_PUBLIC\preferences  
2026-07-06 11:32:55 INFO  (ClassSearcher) Searching for classes...  
2026-07-06 11:32:56 INFO  (ClassSearcher) Class search complete (717 ms)  
2026-07-06 11:32:56 INFO  (DefaultSSLContextInitializer) Initializing SSL Context  
2026-07-06 11:32:56 INFO  (SecureRandomFactory) Initializing Random Number Generator...  
2026-07-06 11:32:56 INFO  (SecureRandomFactory) Random Number Generator initialization complete: SHA1PRNG  
2026-07-06 11:32:56 INFO  (DefaultTrustManagerFactory) Trust manager disabled, cacerts have not been set  
2026-07-06 11:32:57 INFO  (AnalyzeHeadless) Headless startup complete (7375 ms)  
2026-07-06 11:32:57 INFO  (ClassSearcher) Class searcher loaded 59 extension points (20 false positives)  
2026-07-06 11:32:57 INFO  (HeadlessAnalyzer) HEADLESS Script Paths:
    C:\Users\kimgiordano27\Downloads\ghidra_12.1.2_PUBLIC_20260605\ghidra_12.1.2_PUBLIC\Ghidra\Features\DecompilerDependent\ghidra_scripts
    C:\Users\kimgiordano27\Downloads\ghidra_12.1.2_PUBLIC_20260605\ghidra_12.1.2_PUBLIC\Ghidra\Processors\Atmel\ghidra_scripts
    C:\Users\kimgiordano27\Downloads\ghidra_12.1.2_PUBLIC_20260605\ghidra_12.1.2_PUBLIC\Ghidra\Processors\PIC\ghidra_scripts
    C:\Users\kimgiordano27\Downloads\ghidra_12.1.2_PUBLIC_20260605\ghidra_12.1.2_PUBLIC\Ghidra\Features\VersionTracking\ghidra_scripts
    C:\Users\kimgiordano27\Downloads\ghidra_12.1.2_PUBLIC_20260605\ghidra_12.1.2_PUBLIC\Ghidra\Features\BytePatterns\ghidra_scripts
    C:\Users\kimgiordano27\ghidra_scripts
    C:\Users\kimgiordano27\Downloads\ghidra_12.1.2_PUBLIC_20260605\ghidra_12.1.2_PUBLIC\Ghidra\Features\BSim\ghidra_scripts
    C:\realDesktop\manifest-evaluations\summer-26\ghidra-pipeline\ghidra-export-scripts
    C:\Users\kimgiordano27\Downloads\ghidra_12.1.2_PUBLIC_20260605\ghidra_12.1.2_PUBLIC\Ghidra\Processors\JVM\ghidra_scripts
    C:\Users\kimgiordano27\Downloads\ghidra_12.1.2_PUBLIC_20260605\ghidra_12.1.2_PUBLIC\Ghidra\Features\Base\ghidra_scripts
    C:\Users\kimgiordano27\Downloads\ghidra_12.1.2_PUBLIC_20260605\ghidra_12.1.2_PUBLIC\Ghidra\Features\SwiftDemangler\ghidra_scripts
    C:\Users\kimgiordano27\Downloads\ghidra_12.1.2_PUBLIC_20260605\ghidra_12.1.2_PUBLIC\Ghidra\Features\WildcardAssembler\ghidra_scripts
    C:\Users\kimgiordano27\Downloads\ghidra_12.1.2_PUBLIC_20260605\ghidra_12.1.2_PUBLIC\Ghidra\Features\FileFormats\ghidra_scripts
    C:\Users\kimgiordano27\Downloads\ghidra_12.1.2_PUBLIC_20260605\ghidra_12.1.2_PUBLIC\Ghidra\Features\Decompiler\ghidra_scripts
    C:\Users\kimgiordano27\Downloads\ghidra_12.1.2_PUBLIC_20260605\ghidra_12.1.2_PUBLIC\Ghidra\Features\SystemEmulation\ghidra_scripts
    C:\Users\kimgiordano27\Downloads\ghidra_12.1.2_PUBLIC_20260605\ghidra_12.1.2_PUBLIC\Ghidra\Processors\8051\ghidra_scripts
    C:\Users\kimgiordano27\Downloads\ghidra_12.1.2_PUBLIC_20260605\ghidra_12.1.2_PUBLIC\Ghidra\Features\GnuDemangler\ghidra_scripts
    C:\Users\kimgiordano27\Downloads\ghidra_12.1.2_PUBLIC_20260605\ghidra_12.1.2_PUBLIC\Ghidra\Debug\Debugger\ghidra_scripts
    C:\Users\kimgiordano27\Downloads\ghidra_12.1.2_PUBLIC_20260605\ghidra_12.1.2_PUBLIC\Ghidra\Processors\DATA\ghidra_scripts
    C:\Users\kimgiordano27\Downloads\ghidra_12.1.2_PUBLIC_20260605\ghidra_12.1.2_PUBLIC\Ghidra\Debug\Debugger-rmi-trace\ghidra_scripts
    C:\Users\kimgiordano27\Downloads\ghidra_12.1.2_PUBLIC_20260605\ghidra_12.1.2_PUBLIC\Ghidra\Features\FunctionID\ghidra_scripts
    C:\Users\kimgiordano27\Downloads\ghidra_12.1.2_PUBLIC_20260605\ghidra_12.1.2_PUBLIC\Ghidra\Features\MicrosoftCodeAnalyzer\ghidra_scripts
    C:\Users\kimgiordano27\Downloads\ghidra_12.1.2_PUBLIC_20260605\ghidra_12.1.2_PUBLIC\Ghidra\Features\PDB\ghidra_scripts
    C:\Users\kimgiordano27\AppData\Roaming\ghidra\ghidra_12.1.2_PUBLIC\Extensions\Jython\ghidra_scripts
    C:\Users\kimgiordano27\Downloads\ghidra_12.1.2_PUBLIC_20260605\ghidra_12.1.2_PUBLIC\Ghidra\Features\PyGhidra\ghidra_scripts  
2026-07-06 11:32:57 INFO  (HeadlessAnalyzer) HEADLESS: execution starts  
2026-07-06 11:32:57 INFO  (HeadlessAnalyzer) Opening existing project: C:\realDesktop\manifest-evaluations\summer-26\ghidra-pipeline\il2cpp-files\FruitBladeVR\ghidra-project\FruitBladeVR  
2026-07-06 11:32:57 INFO  (HeadlessProject) Opening project: C:\realDesktop\manifest-evaluations\summer-26\ghidra-pipeline\il2cpp-files\FruitBladeVR\ghidra-project\FruitBladeVR  
2026-07-06 11:32:59 INFO  (HeadlessAnalyzer) REPORT: Processing project file: /FruitBladeVR-libil2cpp.so  
2026-07-06 11:32:59 INFO  (HeadlessAnalyzer) REPORT: Execute script: GeneralStructureEyePatternScan.java 'C:\realDesktop\manifest-evaluations\summer-26\ghidra-pipeline\il2cpp-files\FruitBladeVR\general-structure-results' '35' 'false'   
2026-07-06 11:33:01 INFO  (HeadlessAnalyzer) SCRIPT: C:\realDesktop\manifest-evaluations\summer-26\ghidra-pipeline\ghidra-export-scripts\GeneralStructureEyePatternScan.java  
2026-07-06 11:33:01 INFO  (GhidraScript) GeneralStructureEyePatternScan.java> General structure scan starting...  
2026-07-06 11:33:01 INFO  (GhidraScript) GeneralStructureEyePatternScan.java> Output: C:\realDesktop\manifest-evaluations\summer-26\ghidra-pipeline\il2cpp-files\FruitBladeVR\general-structure-results  
2026-07-06 11:33:01 INFO  (GhidraScript) GeneralStructureEyePatternScan.java> Minimum review score: 35  
2026-07-06 11:33:01 INFO  (GhidraScript) GeneralStructureEyePatternScan.java> Export all: false  
2026-07-06 11:33:02 INFO  (GhidraScript) GeneralStructureEyePatternScan.java> Scanned 500 functions. Exported so far: 0  
2026-07-06 11:33:03 INFO  (GhidraScript) GeneralStructureEyePatternScan.java> Scanned 1000 functions. Exported so far: 0  
2026-07-06 11:33:04 INFO  (GhidraScript) GeneralStructureEyePatternScan.java> Scanned 1500 functions. Exported so far: 0  
2026-07-06 11:33:05 INFO  (GhidraScript) GeneralStructureEyePatternScan.java> Scanned 2000 functions. Exported so far: 0  
2026-07-06 11:33:05 INFO  (GhidraScript) GeneralStructureEyePatternScan.java> Scanned 2500 functions. Exported so far: 0  
2026-07-06 11:33:06 INFO  (GhidraScript) GeneralStructureEyePatternScan.java> Scanned 3000 functions. Exported so far: 0  
2026-07-06 11:33:07 INFO  (GhidraScript) GeneralStructureEyePatternScan.java> Scanned 3500 functions. Exported so far: 0  
2026-07-06 11:33:07 INFO  (GhidraScript) GeneralStructureEyePatternScan.java> Scanned 4000 functions. Exported so far: 0  
2026-07-06 11:33:08 INFO  (GhidraScript) GeneralStructureEyePatternScan.java> Scanned 4500 functions. Exported so far: 0  
2026-07-06 11:33:09 INFO  (GhidraScript) GeneralStructureEyePatternScan.java> Scanned 5000 functions. Exported so far: 0  
2026-07-06 11:33:09 INFO  (GhidraScript) GeneralStructureEyePatternScan.java> Scanned 5500 functions. Exported so far: 0  
2026-07-06 11:33:09 INFO  (GhidraScript) GeneralStructureEyePatternScan.java> Scanned 6000 functions. Exported so far: 0  
2026-07-06 11:33:10 INFO  (GhidraScript) GeneralStructureEyePatternScan.java> Scanned 6500 functions. Exported so far: 0  
2026-07-06 11:33:11 INFO  (GhidraScript) GeneralStructureEyePatternScan.java> Scanned 7000 functions. Exported so far: 0  
2026-07-06 11:33:11 INFO  (GhidraScript) GeneralStructureEyePatternScan.java> Scanned 7500 functions. Exported so far: 0  
2026-07-06 11:33:12 INFO  (GhidraScript) GeneralStructureEyePatternScan.java> Scanned 8000 functions. Exported so far: 0  
2026-07-06 11:33:12 INFO  (GhidraScript) GeneralStructureEyePatternScan.java> Scanned 8500 functions. Exported so far: 0  
2026-07-06 11:33:13 INFO  (GhidraScript) GeneralStructureEyePatternScan.java> Scanned 9000 functions. Exported so far: 0  
2026-07-06 11:33:13 INFO  (GhidraScript) GeneralStructureEyePatternScan.java> Scanned 9500 functions. Exported so far: 0  
2026-07-06 11:33:14 INFO  (GhidraScript) GeneralStructureEyePatternScan.java> Scanned 10000 functions. Exported so far: 0  
2026-07-06 11:33:14 INFO  (GhidraScript) GeneralStructureEyePatternScan.java> Scanned 10500 functions. Exported so far: 0  
2026-07-06 11:33:15 INFO  (GhidraScript) GeneralStructureEyePatternScan.java> Scanned 11000 functions. Exported so far: 0  
2026-07-06 11:33:15 INFO  (GhidraScript) GeneralStructureEyePatternScan.java> Scanned 11500 functions. Exported so far: 0  
2026-07-06 11:33:15 INFO  (GhidraScript) GeneralStructureEyePatternScan.java> Scanned 12000 functions. Exported so far: 0  
2026-07-06 11:33:15 INFO  (GhidraScript) GeneralStructureEyePatternScan.java> Scanned 12500 functions. Exported so far: 0  
2026-07-06 11:33:16 INFO  (GhidraScript) GeneralStructureEyePatternScan.java> Scanned 13000 functions. Exported so far: 0  
2026-07-06 11:33:17 INFO  (GhidraScript) GeneralStructureEyePatternScan.java> Scanned 13500 functions. Exported so far: 0  
2026-07-06 11:33:18 INFO  (GhidraScript) GeneralStructureEyePatternScan.java> Scanned 14000 functions. Exported so far: 0  
2026-07-06 11:33:19 INFO  (GhidraScript) GeneralStructureEyePatternScan.java> Scanned 14500 functions. Exported so far: 0  
2026-07-06 11:33:20 INFO  (GhidraScript) GeneralStructureEyePatternScan.java> Scanned 15000 functions. Exported so far: 0  
2026-07-06 11:33:20 INFO  (GhidraScript) GeneralStructureEyePatternScan.java> Scanned 15500 functions. Exported so far: 0  
2026-07-06 11:33:20 INFO  (GhidraScript) GeneralStructureEyePatternScan.java> Scanned 16000 functions. Exported so far: 0  
2026-07-06 11:33:21 INFO  (GhidraScript) GeneralStructureEyePatternScan.java> Scanned 16500 functions. Exported so far: 0  
2026-07-06 11:33:21 INFO  (GhidraScript) GeneralStructureEyePatternScan.java> Scanned 17000 functions. Exported so far: 0  
2026-07-06 11:33:21 INFO  (GhidraScript) GeneralStructureEyePatternScan.java> Scanned 17500 functions. Exported so far: 0  
2026-07-06 11:33:22 INFO  (GhidraScript) GeneralStructureEyePatternScan.java> Scanned 18000 functions. Exported so far: 0  
2026-07-06 11:33:22 INFO  (GhidraScript) GeneralStructureEyePatternScan.java> Scanned 18500 functions. Exported so far: 0  
2026-07-06 11:33:22 INFO  (GhidraScript) GeneralStructureEyePatternScan.java> Scanned 19000 functions. Exported so far: 0  
2026-07-06 11:33:23 INFO  (GhidraScript) GeneralStructureEyePatternScan.java> Scanned 19500 functions. Exported so far: 0  
2026-07-06 11:33:23 INFO  (GhidraScript) GeneralStructureEyePatternScan.java> Scanned 20000 functions. Exported so far: 0  
2026-07-06 11:33:23 INFO  (GhidraScript) GeneralStructureEyePatternScan.java> Scanned 20500 functions. Exported so far: 0  
2026-07-06 11:33:24 INFO  (GhidraScript) GeneralStructureEyePatternScan.java> Scanned 21000 functions. Exported so far: 0  
2026-07-06 11:33:24 INFO  (GhidraScript) GeneralStructureEyePatternScan.java> Scanned 21500 functions. Exported so far: 0  
2026-07-06 11:33:25 INFO  (GhidraScript) GeneralStructureEyePatternScan.java> Scanned 22000 functions. Exported so far: 0  
2026-07-06 11:33:25 INFO  (GhidraScript) GeneralStructureEyePatternScan.java> Scanned 22500 functions. Exported so far: 0  
2026-07-06 11:33:25 INFO  (GhidraScript) GeneralStructureEyePatternScan.java> Scanned 23000 functions. Exported so far: 0  
2026-07-06 11:33:26 INFO  (GhidraScript) GeneralStructureEyePatternScan.java> Scanned 23500 functions. Exported so far: 0  
2026-07-06 11:33:26 INFO  (GhidraScript) GeneralStructureEyePatternScan.java> Scanned 24000 functions. Exported so far: 0  
2026-07-06 11:33:26 INFO  (GhidraScript) GeneralStructureEyePatternScan.java> Scanned 24500 functions. Exported so far: 0  
2026-07-06 11:33:27 INFO  (GhidraScript) GeneralStructureEyePatternScan.java> Scanned 25000 functions. Exported so far: 0  
2026-07-06 11:33:27 INFO  (GhidraScript) GeneralStructureEyePatternScan.java> Scanned 25500 functions. Exported so far: 0  
2026-07-06 11:33:28 INFO  (GhidraScript) GeneralStructureEyePatternScan.java> Scanned 26000 functions. Exported so far: 0  
2026-07-06 11:33:28 INFO  (GhidraScript) GeneralStructureEyePatternScan.java> Scanned 26500 functions. Exported so far: 0  
2026-07-06 11:33:29 INFO  (GhidraScript) GeneralStructureEyePatternScan.java> Scanned 27000 functions. Exported so far: 0  
2026-07-06 11:33:30 INFO  (GhidraScript) GeneralStructureEyePatternScan.java> Scanned 27500 functions. Exported so far: 0  
2026-07-06 11:33:30 INFO  (GhidraScript) GeneralStructureEyePatternScan.java> Scanned 28000 functions. Exported so far: 0  
2026-07-06 11:33:31 INFO  (GhidraScript) GeneralStructureEyePatternScan.java> Scanned 28500 functions. Exported so far: 0  
2026-07-06 11:33:31 INFO  (GhidraScript) GeneralStructureEyePatternScan.java> Scanned 29000 functions. Exported so far: 0  
2026-07-06 11:33:32 INFO  (GhidraScript) GeneralStructureEyePatternScan.java> Scanned 29500 functions. Exported so far: 0  
2026-07-06 11:33:33 INFO  (GhidraScript) GeneralStructureEyePatternScan.java> Scanned 30000 functions. Exported so far: 0  
2026-07-06 11:33:34 INFO  (GhidraScript) GeneralStructureEyePatternScan.java> Scanned 30500 functions. Exported so far: 0  
2026-07-06 11:33:35 INFO  (GhidraScript) GeneralStructureEyePatternScan.java> Scanned 31000 functions. Exported so far: 0  
2026-07-06 11:33:36 INFO  (GhidraScript) GeneralStructureEyePatternScan.java> Scanned 31500 functions. Exported so far: 0  
2026-07-06 11:33:37 INFO  (GhidraScript) GeneralStructureEyePatternScan.java> Scanned 32000 functions. Exported so far: 0  
2026-07-06 11:33:38 INFO  (GhidraScript) GeneralStructureEyePatternScan.java> Scanned 32500 functions. Exported so far: 0  
2026-07-06 11:33:39 INFO  (GhidraScript) GeneralStructureEyePatternScan.java> Scanned 33000 functions. Exported so far: 0  
2026-07-06 11:33:40 INFO  (GhidraScript) GeneralStructureEyePatternScan.java> Scanned 33500 functions. Exported so far: 0  
2026-07-06 11:33:40 INFO  (GhidraScript) GeneralStructureEyePatternScan.java> Scanned 34000 functions. Exported so far: 0  
2026-07-06 11:33:41 INFO  (GhidraScript) GeneralStructureEyePatternScan.java> Scanned 34500 functions. Exported so far: 0  
2026-07-06 11:33:42 INFO  (GhidraScript) GeneralStructureEyePatternScan.java> Scanned 35000 functions. Exported so far: 0  
2026-07-06 11:33:43 INFO  (GhidraScript) GeneralStructureEyePatternScan.java> Scanned 35500 functions. Exported so far: 0  
2026-07-06 11:33:44 INFO  (GhidraScript) GeneralStructureEyePatternScan.java> Scanned 36000 functions. Exported so far: 0  
2026-07-06 11:33:44 INFO  (GhidraScript) GeneralStructureEyePatternScan.java> Scanned 36500 functions. Exported so far: 0  
2026-07-06 11:33:45 INFO  (GhidraScript) GeneralStructureEyePatternScan.java> Scanned 37000 functions. Exported so far: 0  
2026-07-06 11:33:46 INFO  (GhidraScript) GeneralStructureEyePatternScan.java> Scanned 37500 functions. Exported so far: 0  
2026-07-06 11:33:47 INFO  (GhidraScript) GeneralStructureEyePatternScan.java> Scanned 38000 functions. Exported so far: 0  
2026-07-06 11:33:48 INFO  (GhidraScript) GeneralStructureEyePatternScan.java> Scanned 38500 functions. Exported so far: 0  
2026-07-06 11:33:49 INFO  (GhidraScript) GeneralStructureEyePatternScan.java> Scanned 39000 functions. Exported so far: 0  
2026-07-06 11:33:49 INFO  (GhidraScript) GeneralStructureEyePatternScan.java> Scanned 39500 functions. Exported so far: 0  
2026-07-06 11:33:50 INFO  (GhidraScript) GeneralStructureEyePatternScan.java> Scanned 40000 functions. Exported so far: 0  
2026-07-06 11:33:51 INFO  (GhidraScript) GeneralStructureEyePatternScan.java> Scanned 40500 functions. Exported so far: 0  
2026-07-06 11:33:52 INFO  (GhidraScript) GeneralStructureEyePatternScan.java> Scanned 41000 functions. Exported so far: 0  
2026-07-06 11:33:53 INFO  (GhidraScript) GeneralStructureEyePatternScan.java> Scanned 41500 functions. Exported so far: 0  
2026-07-06 11:33:53 INFO  (GhidraScript) GeneralStructureEyePatternScan.java> Scanned 42000 functions. Exported so far: 0  
2026-07-06 11:33:54 INFO  (GhidraScript) GeneralStructureEyePatternScan.java> Scanned 42500 functions. Exported so far: 0  
2026-07-06 11:33:55 INFO  (GhidraScript) GeneralStructureEyePatternScan.java> Scanned 43000 functions. Exported so far: 0  
2026-07-06 11:33:55 INFO  (GhidraScript) GeneralStructureEyePatternScan.java> Scanned 43500 functions. Exported so far: 0  
2026-07-06 11:33:57 INFO  (GhidraScript) GeneralStructureEyePatternScan.java> Scanned 44000 functions. Exported so far: 0  
2026-07-06 11:33:59 INFO  (GhidraScript) GeneralStructureEyePatternScan.java> Scanned 44500 functions. Exported so far: 0  
2026-07-06 11:34:00 INFO  (GhidraScript) GeneralStructureEyePatternScan.java> Scanned 45000 functions. Exported so far: 0  
2026-07-06 11:34:01 INFO  (GhidraScript) GeneralStructureEyePatternScan.java> Scanned 45500 functions. Exported so far: 0  
2026-07-06 11:34:02 INFO  (GhidraScript) GeneralStructureEyePatternScan.java> Scanned 46000 functions. Exported so far: 0  
2026-07-06 11:34:03 INFO  (GhidraScript) GeneralStructureEyePatternScan.java> Scanned 46500 functions. Exported so far: 0  
2026-07-06 11:34:03 INFO  (GhidraScript) GeneralStructureEyePatternScan.java> Scanned 47000 functions. Exported so far: 0  
2026-07-06 11:34:04 INFO  (GhidraScript) GeneralStructureEyePatternScan.java> Scanned 47500 functions. Exported so far: 0  
2026-07-06 11:34:05 INFO  (GhidraScript) GeneralStructureEyePatternScan.java> Scanned 48000 functions. Exported so far: 0  
2026-07-06 11:34:06 INFO  (GhidraScript) GeneralStructureEyePatternScan.java> Scanned 48500 functions. Exported so far: 0  
2026-07-06 11:34:07 INFO  (GhidraScript) GeneralStructureEyePatternScan.java> Scanned 49000 functions. Exported so far: 0  
2026-07-06 11:34:08 INFO  (GhidraScript) GeneralStructureEyePatternScan.java> Scanned 49500 functions. Exported so far: 0  
2026-07-06 11:34:09 INFO  (GhidraScript) GeneralStructureEyePatternScan.java> Scanned 50000 functions. Exported so far: 0  
2026-07-06 11:34:09 INFO  (GhidraScript) GeneralStructureEyePatternScan.java> Scanned 50500 functions. Exported so far: 0  
2026-07-06 11:34:10 INFO  (GhidraScript) GeneralStructureEyePatternScan.java> Scanned 51000 functions. Exported so far: 0  
2026-07-06 11:34:11 INFO  (GhidraScript) GeneralStructureEyePatternScan.java> Scanned 51500 functions. Exported so far: 0  
2026-07-06 11:34:11 INFO  (GhidraScript) GeneralStructureEyePatternScan.java> Scanned 52000 functions. Exported so far: 0  
2026-07-06 11:34:12 INFO  (GhidraScript) GeneralStructureEyePatternScan.java> Scanned 52500 functions. Exported so far: 0  
2026-07-06 11:34:13 INFO  (GhidraScript) GeneralStructureEyePatternScan.java> Scanned 53000 functions. Exported so far: 0  
2026-07-06 11:34:14 INFO  (GhidraScript) GeneralStructureEyePatternScan.java> Scanned 53500 functions. Exported so far: 0  
2026-07-06 11:34:15 INFO  (GhidraScript) GeneralStructureEyePatternScan.java> Scanned 54000 functions. Exported so far: 0  
2026-07-06 11:34:16 INFO  (GhidraScript) GeneralStructureEyePatternScan.java> Scanned 54500 functions. Exported so far: 0  
2026-07-06 11:34:16 INFO  (GhidraScript) GeneralStructureEyePatternScan.java> Scanned 55000 functions. Exported so far: 0  
2026-07-06 11:34:17 INFO  (GhidraScript) GeneralStructureEyePatternScan.java> Scanned 55500 functions. Exported so far: 0  
2026-07-06 11:34:18 INFO  (GhidraScript) GeneralStructureEyePatternScan.java> Scanned 56000 functions. Exported so far: 0  
2026-07-06 11:34:19 INFO  (GhidraScript) GeneralStructureEyePatternScan.java> Scanned 56500 functions. Exported so far: 0  
2026-07-06 11:34:20 INFO  (GhidraScript) GeneralStructureEyePatternScan.java> Scanned 57000 functions. Exported so far: 0  
2026-07-06 11:34:21 INFO  (GhidraScript) GeneralStructureEyePatternScan.java> Scanned 57500 functions. Exported so far: 0  
2026-07-06 11:34:22 INFO  (GhidraScript) GeneralStructureEyePatternScan.java> Scanned 58000 functions. Exported so far: 0  
2026-07-06 11:34:22 INFO  (GhidraScript) GeneralStructureEyePatternScan.java> Scanned 58500 functions. Exported so far: 0  
2026-07-06 11:34:23 INFO  (GhidraScript) GeneralStructureEyePatternScan.java> Scanned 59000 functions. Exported so far: 0  
2026-07-06 11:34:23 INFO  (GhidraScript) GeneralStructureEyePatternScan.java> Scanned 59500 functions. Exported so far: 0  
2026-07-06 11:34:24 INFO  (GhidraScript) GeneralStructureEyePatternScan.java> Scanned 60000 functions. Exported so far: 0  
2026-07-06 11:34:25 INFO  (GhidraScript) GeneralStructureEyePatternScan.java> Scanned 60500 functions. Exported so far: 0  
2026-07-06 11:34:26 INFO  (GhidraScript) GeneralStructureEyePatternScan.java> Scanned 61000 functions. Exported so far: 0  
2026-07-06 11:34:26 INFO  (GhidraScript) GeneralStructureEyePatternScan.java> Scanned 61500 functions. Exported so far: 0  
2026-07-06 11:34:27 INFO  (GhidraScript) GeneralStructureEyePatternScan.java> Scanned 62000 functions. Exported so far: 0  
2026-07-06 11:34:27 INFO  (GhidraScript) GeneralStructureEyePatternScan.java> Scanned 62500 functions. Exported so far: 0  
2026-07-06 11:34:28 INFO  (GhidraScript) GeneralStructureEyePatternScan.java> Scanned 63000 functions. Exported so far: 0  
2026-07-06 11:34:29 INFO  (GhidraScript) GeneralStructureEyePatternScan.java> Scanned 63500 functions. Exported so far: 0  
2026-07-06 11:34:29 INFO  (GhidraScript) GeneralStructureEyePatternScan.java> Scanned 64000 functions. Exported so far: 0  
2026-07-06 11:34:30 INFO  (GhidraScript) GeneralStructureEyePatternScan.java> Scanned 64500 functions. Exported so far: 0  
2026-07-06 11:34:30 INFO  (GhidraScript) GeneralStructureEyePatternScan.java> Scanned 65000 functions. Exported so far: 0  
2026-07-06 11:34:31 INFO  (GhidraScript) GeneralStructureEyePatternScan.java> Scanned 65500 functions. Exported so far: 0  
2026-07-06 11:34:31 INFO  (GhidraScript) GeneralStructureEyePatternScan.java> Scanned 66000 functions. Exported so far: 0  
2026-07-06 11:34:32 INFO  (GhidraScript) GeneralStructureEyePatternScan.java> Scanned 66500 functions. Exported so far: 0  
2026-07-06 11:34:33 INFO  (GhidraScript) GeneralStructureEyePatternScan.java> Scanned 67000 functions. Exported so far: 0  
2026-07-06 11:34:33 INFO  (GhidraScript) GeneralStructureEyePatternScan.java> Scanned 67500 functions. Exported so far: 0  
2026-07-06 11:34:34 INFO  (GhidraScript) GeneralStructureEyePatternScan.java> Scanned 68000 functions. Exported so far: 0  
2026-07-06 11:34:35 INFO  (GhidraScript) GeneralStructureEyePatternScan.java> Scanned 68500 functions. Exported so far: 0  
2026-07-06 11:34:36 INFO  (GhidraScript) GeneralStructureEyePatternScan.java> Scanned 69000 functions. Exported so far: 0  
2026-07-06 11:34:36 INFO  (GhidraScript) GeneralStructureEyePatternScan.java> Scanned 69500 functions. Exported so far: 0  
2026-07-06 11:34:37 INFO  (GhidraScript) GeneralStructureEyePatternScan.java> Scanned 70000 functions. Exported so far: 0  
2026-07-06 11:34:38 INFO  (GhidraScript) GeneralStructureEyePatternScan.java> Scanned 70500 functions. Exported so far: 2  
2026-07-06 11:34:38 INFO  (GhidraScript) GeneralStructureEyePatternScan.java> Scanned 71000 functions. Exported so far: 2  
2026-07-06 11:34:39 INFO  (GhidraScript) GeneralStructureEyePatternScan.java> Scanned 71500 functions. Exported so far: 2  
2026-07-06 11:34:40 INFO  (GhidraScript) GeneralStructureEyePatternScan.java> Scanned 72000 functions. Exported so far: 2  
2026-07-06 11:34:40 INFO  (GhidraScript) GeneralStructureEyePatternScan.java> Scanned 72500 functions. Exported so far: 2  
2026-07-06 11:34:42 INFO  (GhidraScript) GeneralStructureEyePatternScan.java> Scanned 73000 functions. Exported so far: 9  
2026-07-06 11:34:44 INFO  (GhidraScript) GeneralStructureEyePatternScan.java> Scanned 73500 functions. Exported so far: 17  
2026-07-06 11:34:46 INFO  (GhidraScript) GeneralStructureEyePatternScan.java> Scanned 74000 functions. Exported so far: 22  
2026-07-06 11:34:48 INFO  (GhidraScript) GeneralStructureEyePatternScan.java> Scanned 74500 functions. Exported so far: 28  
2026-07-06 11:34:50 INFO  (GhidraScript) GeneralStructureEyePatternScan.java> Scanned 75000 functions. Exported so far: 34  
2026-07-06 11:34:53 INFO  (GhidraScript) GeneralStructureEyePatternScan.java> Scanned 75500 functions. Exported so far: 40  
2026-07-06 11:34:56 INFO  (GhidraScript) GeneralStructureEyePatternScan.java> Scanned 76000 functions. Exported so far: 67  
2026-07-06 11:34:59 INFO  (GhidraScript) GeneralStructureEyePatternScan.java> Scanned 76500 functions. Exported so far: 92  
2026-07-06 11:35:03 INFO  (GhidraScript) GeneralStructureEyePatternScan.java> Scanned 77000 functions. Exported so far: 99  
2026-07-06 11:35:08 INFO  (GhidraScript) GeneralStructureEyePatternScan.java> Scanned 77500 functions. Exported so far: 107  
2026-07-06 11:35:11 INFO  (GhidraScript) GeneralStructureEyePatternScan.java> Scanned 78000 functions. Exported so far: 119  
2026-07-06 11:35:14 INFO  (GhidraScript) GeneralStructureEyePatternScan.java> Scanned 78500 functions. Exported so far: 120  
2026-07-06 11:35:16 INFO  (GhidraScript) GeneralStructureEyePatternScan.java> Scanned 79000 functions. Exported so far: 120  
2026-07-06 11:35:23 INFO  (GhidraScript) GeneralStructureEyePatternScan.java> Scanned 79500 functions. Exported so far: 120  
2026-07-06 11:35:27 INFO  (GhidraScript) GeneralStructureEyePatternScan.java> Scanned 80000 functions. Exported so far: 120  
2026-07-06 11:35:27 INFO  (GhidraScript) GeneralStructureEyePatternScan.java> Scanned 80500 functions. Exported so far: 120  
2026-07-06 11:35:30 INFO  (GhidraScript) GeneralStructureEyePatternScan.java> Scanned 81000 functions. Exported so far: 120  
2026-07-06 11:35:33 INFO  (GhidraScript) GeneralStructureEyePatternScan.java> Scanned 81500 functions. Exported so far: 120  
2026-07-06 11:35:38 INFO  (GhidraScript) GeneralStructureEyePatternScan.java> Scanned 82000 functions. Exported so far: 120  
2026-07-06 11:35:43 INFO  (GhidraScript) GeneralStructureEyePatternScan.java> Scanned 82500 functions. Exported so far: 120  
2026-07-06 11:35:52 INFO  (GhidraScript) GeneralStructureEyePatternScan.java> Scanned 83000 functions. Exported so far: 120  
2026-07-06 11:35:57 INFO  (GhidraScript) GeneralStructureEyePatternScan.java> Scanned 83500 functions. Exported so far: 120  
2026-07-06 11:35:59 INFO  (GhidraScript) GeneralStructureEyePatternScan.java> Scanned 84000 functions. Exported so far: 120  
2026-07-06 11:36:07 INFO  (GhidraScript) GeneralStructureEyePatternScan.java> Scanned 84500 functions. Exported so far: 120  
2026-07-06 11:36:11 INFO  (GhidraScript) GeneralStructureEyePatternScan.java> Scanned 85000 functions. Exported so far: 120  
2026-07-06 11:36:16 INFO  (GhidraScript) GeneralStructureEyePatternScan.java> Scanned 85500 functions. Exported so far: 122  
2026-07-06 11:36:21 INFO  (GhidraScript) GeneralStructureEyePatternScan.java> Scanned 86000 functions. Exported so far: 122  
2026-07-06 11:36:23 INFO  (GhidraScript) GeneralStructureEyePatternScan.java> Scanned 86500 functions. Exported so far: 122  
2026-07-06 11:36:35 INFO  (GhidraScript) GeneralStructureEyePatternScan.java> Scanned 87000 functions. Exported so far: 122  
2026-07-06 11:36:37 INFO  (GhidraScript) GeneralStructureEyePatternScan.java> Scanned 87500 functions. Exported so far: 122  
2026-07-06 11:36:38 INFO  (GhidraScript) GeneralStructureEyePatternScan.java> Scanned 88000 functions. Exported so far: 122  
2026-07-06 11:36:45 INFO  (GhidraScript) GeneralStructureEyePatternScan.java> Scanned 88500 functions. Exported so far: 122  
2026-07-06 11:36:50 INFO  (GhidraScript) GeneralStructureEyePatternScan.java> Scanned 89000 functions. Exported so far: 122  
2026-07-06 11:36:55 INFO  (GhidraScript) GeneralStructureEyePatternScan.java> Scanned 89500 functions. Exported so far: 122  
2026-07-06 11:37:06 INFO  (GhidraScript) GeneralStructureEyePatternScan.java> Scanned 90000 functions. Exported so far: 122  
2026-07-06 11:37:06 INFO  (GhidraScript) GeneralStructureEyePatternScan.java> Scanned 90500 functions. Exported so far: 122  
2026-07-06 11:37:06 INFO  (GhidraScript) GeneralStructureEyePatternScan.java> Scanned 91000 functions. Exported so far: 122  
2026-07-06 11:37:07 INFO  (GhidraScript) GeneralStructureEyePatternScan.java> Scanned 91500 functions. Exported so far: 122  
2026-07-06 11:37:07 INFO  (GhidraScript) GeneralStructureEyePatternScan.java> Scanned 92000 functions. Exported so far: 122  
2026-07-06 11:37:08 INFO  (GhidraScript) GeneralStructureEyePatternScan.java> Scanned 92500 functions. Exported so far: 122  
2026-07-06 11:37:12 INFO  (GhidraScript) GeneralStructureEyePatternScan.java> Scanned 93000 functions. Exported so far: 122  
2026-07-06 11:37:16 INFO  (GhidraScript) GeneralStructureEyePatternScan.java> Scanned 93500 functions. Exported so far: 122  
2026-07-06 11:37:21 INFO  (GhidraScript) GeneralStructureEyePatternScan.java> Scanned 94000 functions. Exported so far: 122  
2026-07-06 11:37:22 INFO  (GhidraScript) GeneralStructureEyePatternScan.java> Scanned 94500 functions. Exported so far: 122  
2026-07-06 11:37:23 INFO  (GhidraScript) GeneralStructureEyePatternScan.java> Scanned 95000 functions. Exported so far: 122  
2026-07-06 11:37:24 INFO  (GhidraScript) GeneralStructureEyePatternScan.java> Scanned 95500 functions. Exported so far: 122  
2026-07-06 11:37:27 INFO  (GhidraScript) GeneralStructureEyePatternScan.java> Scanned 96000 functions. Exported so far: 122  
2026-07-06 11:37:29 INFO  (GhidraScript) GeneralStructureEyePatternScan.java> Scanned 96500 functions. Exported so far: 122  
2026-07-06 11:37:32 INFO  (GhidraScript) GeneralStructureEyePatternScan.java> Scanned 97000 functions. Exported so far: 122  
2026-07-06 11:37:34 INFO  (GhidraScript) GeneralStructureEyePatternScan.java> Scanned 97500 functions. Exported so far: 122  
2026-07-06 11:37:36 INFO  (GhidraScript) GeneralStructureEyePatternScan.java> Scanned 98000 functions. Exported so far: 122  
2026-07-06 11:37:38 INFO  (GhidraScript) GeneralStructureEyePatternScan.java> Scanned 98500 functions. Exported so far: 122  
2026-07-06 11:37:41 INFO  (GhidraScript) GeneralStructureEyePatternScan.java> Scanned 99000 functions. Exported so far: 122  
2026-07-06 11:37:44 INFO  (GhidraScript) GeneralStructureEyePatternScan.java> Scanned 99500 functions. Exported so far: 122  
2026-07-06 11:37:46 INFO  (GhidraScript) GeneralStructureEyePatternScan.java> Scanned 100000 functions. Exported so far: 122  
2026-07-06 11:37:48 INFO  (GhidraScript) GeneralStructureEyePatternScan.java> Scanned 100500 functions. Exported so far: 122  
2026-07-06 11:37:50 INFO  (GhidraScript) GeneralStructureEyePatternScan.java> Scanned 101000 functions. Exported so far: 122  
2026-07-06 11:37:51 INFO  (GhidraScript) GeneralStructureEyePatternScan.java> Scanned 101500 functions. Exported so far: 122  
2026-07-06 11:37:52 INFO  (GhidraScript) GeneralStructureEyePatternScan.java> Scanned 102000 functions. Exported so far: 122  
2026-07-06 11:37:53 INFO  (GhidraScript) GeneralStructureEyePatternScan.java> Scanned 102500 functions. Exported so far: 122  
2026-07-06 11:37:54 INFO  (GhidraScript) GeneralStructureEyePatternScan.java> Scanned 103000 functions. Exported so far: 122  
2026-07-06 11:37:55 INFO  (GhidraScript) GeneralStructureEyePatternScan.java> Scanned 103500 functions. Exported so far: 122  
2026-07-06 11:37:58 INFO  (GhidraScript) GeneralStructureEyePatternScan.java> Scanned 104000 functions. Exported so far: 122  
2026-07-06 11:38:00 INFO  (GhidraScript) GeneralStructureEyePatternScan.java> Scanned 104500 functions. Exported so far: 122  
2026-07-06 11:38:02 INFO  (GhidraScript) GeneralStructureEyePatternScan.java> Scanned 105000 functions. Exported so far: 122  
2026-07-06 11:38:03 INFO  (GhidraScript) GeneralStructureEyePatternScan.java> Scanned 105500 functions. Exported so far: 122  
2026-07-06 11:38:04 INFO  (GhidraScript) GeneralStructureEyePatternScan.java> Scanned 106000 functions. Exported so far: 122  
2026-07-06 11:38:08 INFO  (GhidraScript) GeneralStructureEyePatternScan.java> Scanned 106500 functions. Exported so far: 125  
2026-07-06 11:38:10 INFO  (GhidraScript) GeneralStructureEyePatternScan.java> Scanned 107000 functions. Exported so far: 125  
2026-07-06 11:38:12 INFO  (GhidraScript) GeneralStructureEyePatternScan.java> Scanned 107500 functions. Exported so far: 125  
2026-07-06 11:38:14 INFO  (GhidraScript) GeneralStructureEyePatternScan.java> Scanned 108000 functions. Exported so far: 125  
2026-07-06 11:38:20 INFO  (GhidraScript) GeneralStructureEyePatternScan.java> Scanned 108500 functions. Exported so far: 125  
2026-07-06 11:38:26 INFO  (GhidraScript) GeneralStructureEyePatternScan.java> Scanned 109000 functions. Exported so far: 125  
2026-07-06 11:38:30 INFO  (GhidraScript) GeneralStructureEyePatternScan.java> Scanned 109500 functions. Exported so far: 125  
2026-07-06 11:38:33 INFO  (GhidraScript) GeneralStructureEyePatternScan.java> Scanned 110000 functions. Exported so far: 125  
2026-07-06 11:38:34 INFO  (GhidraScript) GeneralStructureEyePatternScan.java> Scanned 110500 functions. Exported so far: 125  
2026-07-06 11:38:38 INFO  (GhidraScript) GeneralStructureEyePatternScan.java> Scanned 111000 functions. Exported so far: 125  
2026-07-06 11:38:43 INFO  (GhidraScript) GeneralStructureEyePatternScan.java> Scanned 111500 functions. Exported so far: 125  
2026-07-06 11:38:45 INFO  (GhidraScript) GeneralStructureEyePatternScan.java> Scanned 112000 functions. Exported so far: 125  
2026-07-06 11:38:47 INFO  (GhidraScript) GeneralStructureEyePatternScan.java> Scanned 112500 functions. Exported so far: 125  
2026-07-06 11:38:50 INFO  (GhidraScript) GeneralStructureEyePatternScan.java> Scanned 113000 functions. Exported so far: 132  
2026-07-06 11:38:52 INFO  (GhidraScript) GeneralStructureEyePatternScan.java> Scanned 113500 functions. Exported so far: 132  
2026-07-06 11:38:54 INFO  (GhidraScript) GeneralStructureEyePatternScan.java> Scanned 114000 functions. Exported so far: 132  
2026-07-06 11:38:56 INFO  (GhidraScript) GeneralStructureEyePatternScan.java> Scanned 114500 functions. Exported so far: 132  
2026-07-06 11:38:58 INFO  (GhidraScript) GeneralStructureEyePatternScan.java> Scanned 115000 functions. Exported so far: 132  
2026-07-06 11:39:01 INFO  (GhidraScript) GeneralStructureEyePatternScan.java> Scanned 115500 functions. Exported so far: 132  
2026-07-06 11:39:02 INFO  (GhidraScript) GeneralStructureEyePatternScan.java> Scanned 116000 functions. Exported so far: 132  
2026-07-06 11:39:04 INFO  (GhidraScript) GeneralStructureEyePatternScan.java> Scanned 116500 functions. Exported so far: 132  
2026-07-06 11:39:07 INFO  (GhidraScript) GeneralStructureEyePatternScan.java> Scanned 117000 functions. Exported so far: 132  
2026-07-06 11:39:15 INFO  (GhidraScript) GeneralStructureEyePatternScan.java> Scanned 117500 functions. Exported so far: 141  
2026-07-06 11:39:26 INFO  (GhidraScript) GeneralStructureEyePatternScan.java> Scanned 118000 functions. Exported so far: 148  
2026-07-06 11:39:33 INFO  (GhidraScript) GeneralStructureEyePatternScan.java> Scanned 118500 functions. Exported so far: 148  
2026-07-06 11:39:35 INFO  (GhidraScript) GeneralStructureEyePatternScan.java> Scanned 119000 functions. Exported so far: 148  
2026-07-06 11:39:40 INFO  (GhidraScript) GeneralStructureEyePatternScan.java> Scanned 119500 functions. Exported so far: 148  
2026-07-06 11:39:43 INFO  (GhidraScript) GeneralStructureEyePatternScan.java> Scanned 120000 functions. Exported so far: 152  
2026-07-06 11:39:45 INFO  (GhidraScript) GeneralStructureEyePatternScan.java> Scanned 120500 functions. Exported so far: 153  
2026-07-06 11:39:49 INFO  (GhidraScript) GeneralStructureEyePatternScan.java> Scanned 121000 functions. Exported so far: 153  
2026-07-06 11:39:53 INFO  (GhidraScript) GeneralStructureEyePatternScan.java> Scanned 121500 functions. Exported so far: 153  
2026-07-06 11:39:57 INFO  (GhidraScript) GeneralStructureEyePatternScan.java> Scanned 122000 functions. Exported so far: 153  
2026-07-06 11:40:00 INFO  (GhidraScript) GeneralStructureEyePatternScan.java> Scanned 122500 functions. Exported so far: 153  
2026-07-06 11:40:04 INFO  (GhidraScript) GeneralStructureEyePatternScan.java> Scanned 123000 functions. Exported so far: 153  
2026-07-06 11:40:08 INFO  (GhidraScript) GeneralStructureEyePatternScan.java> Scanned 123500 functions. Exported so far: 153  
2026-07-06 11:40:12 INFO  (GhidraScript) GeneralStructureEyePatternScan.java> Scanned 124000 functions. Exported so far: 153  
2026-07-06 11:40:17 INFO  (GhidraScript) GeneralStructureEyePatternScan.java> Scanned 124500 functions. Exported so far: 153  
2026-07-06 11:40:20 INFO  (GhidraScript) GeneralStructureEyePatternScan.java> Scanned 125000 functions. Exported so far: 153  
2026-07-06 11:40:22 INFO  (GhidraScript) GeneralStructureEyePatternScan.java> Scanned 125500 functions. Exported so far: 153  
2026-07-06 11:40:23 INFO  (GhidraScript) GeneralStructureEyePatternScan.java> Scanned 126000 functions. Exported so far: 153  
2026-07-06 11:40:24 INFO  (GhidraScript) GeneralStructureEyePatternScan.java> Scanned 126500 functions. Exported so far: 153  
2026-07-06 11:40:24 INFO  (GhidraScript) GeneralStructureEyePatternScan.java> Scanned 127000 functions. Exported so far: 153  
2026-07-06 11:40:27 INFO  (GhidraScript) GeneralStructureEyePatternScan.java> Scanned 127500 functions. Exported so far: 153  
2026-07-06 11:40:29 INFO  (GhidraScript) GeneralStructureEyePatternScan.java> Scanned 128000 functions. Exported so far: 153  
2026-07-06 11:40:30 INFO  (GhidraScript) GeneralStructureEyePatternScan.java> Scanned 128500 functions. Exported so far: 153  
2026-07-06 11:40:30 INFO  (GhidraScript) GeneralStructureEyePatternScan.java> Scanned 129000 functions. Exported so far: 153  
2026-07-06 11:40:31 INFO  (GhidraScript) GeneralStructureEyePatternScan.java> Scanned 129500 functions. Exported so far: 153  
2026-07-06 11:40:32 INFO  (GhidraScript) GeneralStructureEyePatternScan.java> Scanned 130000 functions. Exported so far: 153  
2026-07-06 11:40:32 INFO  (GhidraScript) GeneralStructureEyePatternScan.java> Scanned 130500 functions. Exported so far: 153  
2026-07-06 11:40:33 INFO  (GhidraScript) GeneralStructureEyePatternScan.java> Scanned 131000 functions. Exported so far: 153  
2026-07-06 11:40:35 INFO  (GhidraScript) GeneralStructureEyePatternScan.java> Scanned 131500 functions. Exported so far: 153  
2026-07-06 11:40:36 INFO  (GhidraScript) GeneralStructureEyePatternScan.java> Scanned 132000 functions. Exported so far: 153  
2026-07-06 11:40:37 INFO  (GhidraScript) GeneralStructureEyePatternScan.java> Scanned 132500 functions. Exported so far: 153  
2026-07-06 11:40:38 INFO  (GhidraScript) GeneralStructureEyePatternScan.java> Scanned 133000 functions. Exported so far: 153  
2026-07-06 11:40:40 INFO  (GhidraScript) GeneralStructureEyePatternScan.java> Scanned 133500 functions. Exported so far: 153  
2026-07-06 11:40:41 INFO  (GhidraScript) GeneralStructureEyePatternScan.java> Scanned 134000 functions. Exported so far: 153  
2026-07-06 11:40:43 INFO  (GhidraScript) GeneralStructureEyePatternScan.java> Scanned 134500 functions. Exported so far: 153  
2026-07-06 11:40:44 INFO  (GhidraScript) GeneralStructureEyePatternScan.java> Scanned 135000 functions. Exported so far: 153  
2026-07-06 11:40:46 INFO  (GhidraScript) GeneralStructureEyePatternScan.java> Scanned 135500 functions. Exported so far: 153  
2026-07-06 11:40:47 INFO  (GhidraScript) GeneralStructureEyePatternScan.java> Scanned 136000 functions. Exported so far: 153  
2026-07-06 11:40:49 INFO  (GhidraScript) GeneralStructureEyePatternScan.java> Scanned 136500 functions. Exported so far: 153  
2026-07-06 11:40:51 INFO  (GhidraScript) GeneralStructureEyePatternScan.java> Scanned 137000 functions. Exported so far: 153  
2026-07-06 11:40:55 INFO  (GhidraScript) GeneralStructureEyePatternScan.java> Scanned 137500 functions. Exported so far: 153  
2026-07-06 11:41:00 INFO  (GhidraScript) GeneralStructureEyePatternScan.java> Scanned 138000 functions. Exported so far: 153  
2026-07-06 11:41:07 INFO  (GhidraScript) GeneralStructureEyePatternScan.java> Scanned 138500 functions. Exported so far: 153  
2026-07-06 11:41:14 INFO  (GhidraScript) GeneralStructureEyePatternScan.java> Scanned 139000 functions. Exported so far: 153  
2026-07-06 11:41:20 INFO  (GhidraScript) GeneralStructureEyePatternScan.java> Scanned 139500 functions. Exported so far: 153  
2026-07-06 11:41:23 INFO  (GhidraScript) GeneralStructureEyePatternScan.java> Scanned 140000 functions. Exported so far: 153  
2026-07-06 11:41:26 INFO  (GhidraScript) GeneralStructureEyePatternScan.java> Scanned 140500 functions. Exported so far: 154  
2026-07-06 11:41:29 INFO  (GhidraScript) GeneralStructureEyePatternScan.java> Scanned 141000 functions. Exported so far: 154  
2026-07-06 11:41:33 INFO  (GhidraScript) GeneralStructureEyePatternScan.java> Scanned 141500 functions. Exported so far: 154  
2026-07-06 11:41:34 INFO  (GhidraScript) GeneralStructureEyePatternScan.java> Scanned 142000 functions. Exported so far: 154  
2026-07-06 11:41:35 INFO  (GhidraScript) GeneralStructureEyePatternScan.java> Scanned 142500 functions. Exported so far: 154  
2026-07-06 11:41:39 INFO  (GhidraScript) GeneralStructureEyePatternScan.java> Scanned 143000 functions. Exported so far: 154  
2026-07-06 11:41:41 INFO  (GhidraScript) GeneralStructureEyePatternScan.java> Scanned 143500 functions. Exported so far: 154  
2026-07-06 11:41:46 INFO  (GhidraScript) GeneralStructureEyePatternScan.java> Scanned 144000 functions. Exported so far: 154  
2026-07-06 11:41:49 INFO  (GhidraScript) GeneralStructureEyePatternScan.java> Scanned 144500 functions. Exported so far: 154  
2026-07-06 11:41:52 INFO  (GhidraScript) GeneralStructureEyePatternScan.java> Scanned 145000 functions. Exported so far: 154  
2026-07-06 11:41:55 INFO  (GhidraScript) GeneralStructureEyePatternScan.java> Scanned 145500 functions. Exported so far: 154  
2026-07-06 11:41:56 INFO  (GhidraScript) GeneralStructureEyePatternScan.java> Scanned 146000 functions. Exported so far: 154  
2026-07-06 11:41:57 INFO  (GhidraScript) GeneralStructureEyePatternScan.java> Scanned 146500 functions. Exported so far: 154  
2026-07-06 11:41:58 INFO  (GhidraScript) GeneralStructureEyePatternScan.java> Scanned 147000 functions. Exported so far: 154  
2026-07-06 11:41:59 INFO  (GhidraScript) GeneralStructureEyePatternScan.java> Scanned 147500 functions. Exported so far: 154  
2026-07-06 11:42:00 INFO  (GhidraScript) GeneralStructureEyePatternScan.java> Scanned 148000 functions. Exported so far: 154  
2026-07-06 11:42:02 INFO  (GhidraScript) GeneralStructureEyePatternScan.java> Scanned 148500 functions. Exported so far: 154  
2026-07-06 11:42:03 INFO  (GhidraScript) GeneralStructureEyePatternScan.java> Scanned 149000 functions. Exported so far: 154  
2026-07-06 11:42:04 INFO  (GhidraScript) GeneralStructureEyePatternScan.java> Scanned 149500 functions. Exported so far: 154  
2026-07-06 11:42:05 INFO  (GhidraScript) GeneralStructureEyePatternScan.java> Scanned 150000 functions. Exported so far: 154  
2026-07-06 11:42:07 INFO  (GhidraScript) GeneralStructureEyePatternScan.java> Scanned 150500 functions. Exported so far: 154  
2026-07-06 11:42:11 INFO  (GhidraScript) GeneralStructureEyePatternScan.java> Scanned 151000 functions. Exported so far: 154  
2026-07-06 11:42:13 INFO  (GhidraScript) GeneralStructureEyePatternScan.java> Scanned 151500 functions. Exported so far: 154  
2026-07-06 11:42:15 INFO  (GhidraScript) GeneralStructureEyePatternScan.java> Scanned 152000 functions. Exported so far: 154  
2026-07-06 11:42:16 INFO  (GhidraScript) GeneralStructureEyePatternScan.java> Scanned 152500 functions. Exported so far: 154  
2026-07-06 11:42:18 INFO  (GhidraScript) GeneralStructureEyePatternScan.java> Scanned 153000 functions. Exported so far: 154  
2026-07-06 11:42:20 INFO  (GhidraScript) GeneralStructureEyePatternScan.java> Scanned 153500 functions. Exported so far: 154  
2026-07-06 11:42:22 INFO  (GhidraScript) GeneralStructureEyePatternScan.java> Scanned 154000 functions. Exported so far: 154  
2026-07-06 11:42:24 INFO  (GhidraScript) GeneralStructureEyePatternScan.java> Scanned 154500 functions. Exported so far: 154  
2026-07-06 11:42:26 INFO  (GhidraScript) GeneralStructureEyePatternScan.java> Scanned 155000 functions. Exported so far: 154  
2026-07-06 11:42:28 INFO  (GhidraScript) GeneralStructureEyePatternScan.java> Scanned 155500 functions. Exported so far: 154  
2026-07-06 11:42:30 INFO  (GhidraScript) GeneralStructureEyePatternScan.java> Scanned 156000 functions. Exported so far: 154  
2026-07-06 11:42:33 INFO  (GhidraScript) GeneralStructureEyePatternScan.java> Scanned 156500 functions. Exported so far: 154  
2026-07-06 11:42:35 INFO  (GhidraScript) GeneralStructureEyePatternScan.java> Scanned 157000 functions. Exported so far: 154  
2026-07-06 11:42:38 INFO  (GhidraScript) GeneralStructureEyePatternScan.java> Scanned 157500 functions. Exported so far: 154  
2026-07-06 11:42:42 INFO  (GhidraScript) GeneralStructureEyePatternScan.java> Scanned 158000 functions. Exported so far: 154  
2026-07-06 11:42:44 INFO  (GhidraScript) GeneralStructureEyePatternScan.java> Scanned 158500 functions. Exported so far: 154  
2026-07-06 11:42:46 INFO  (GhidraScript) GeneralStructureEyePatternScan.java> Scanned 159000 functions. Exported so far: 154  
2026-07-06 11:42:49 INFO  (GhidraScript) GeneralStructureEyePatternScan.java> Scanned 159500 functions. Exported so far: 154  
2026-07-06 11:42:51 INFO  (GhidraScript) GeneralStructureEyePatternScan.java> Scanned 160000 functions. Exported so far: 154  
2026-07-06 11:42:53 INFO  (GhidraScript) GeneralStructureEyePatternScan.java> Scanned 160500 functions. Exported so far: 154  
2026-07-06 11:42:56 INFO  (GhidraScript) GeneralStructureEyePatternScan.java> Scanned 161000 functions. Exported so far: 154  
2026-07-06 11:42:58 INFO  (GhidraScript) GeneralStructureEyePatternScan.java> Scanned 161500 functions. Exported so far: 154  
2026-07-06 11:43:00 INFO  (GhidraScript) GeneralStructureEyePatternScan.java> Scanned 162000 functions. Exported so far: 154  
2026-07-06 11:43:03 INFO  (GhidraScript) GeneralStructureEyePatternScan.java> Scanned 162500 functions. Exported so far: 154  
2026-07-06 11:43:05 INFO  (GhidraScript) GeneralStructureEyePatternScan.java> Scanned 163000 functions. Exported so far: 154  
2026-07-06 11:43:08 INFO  (GhidraScript) GeneralStructureEyePatternScan.java> Scanned 163500 functions. Exported so far: 154  
2026-07-06 11:43:10 INFO  (GhidraScript) GeneralStructureEyePatternScan.java> Scanned 164000 functions. Exported so far: 154  
2026-07-06 11:43:14 INFO  (GhidraScript) GeneralStructureEyePatternScan.java> Scanned 164500 functions. Exported so far: 154  
2026-07-06 11:43:16 INFO  (GhidraScript) GeneralStructureEyePatternScan.java> Scanned 165000 functions. Exported so far: 154  
2026-07-06 11:43:17 INFO  (GhidraScript) GeneralStructureEyePatternScan.java> Scanned 165500 functions. Exported so far: 154  
2026-07-06 11:43:19 INFO  (GhidraScript) GeneralStructureEyePatternScan.java> Scanned 166000 functions. Exported so far: 154  
2026-07-06 11:43:20 INFO  (GhidraScript) GeneralStructureEyePatternScan.java> Scanned 166500 functions. Exported so far: 154  
2026-07-06 11:43:21 INFO  (GhidraScript) GeneralStructureEyePatternScan.java> Scanned 167000 functions. Exported so far: 154  
2026-07-06 11:43:23 INFO  (GhidraScript) GeneralStructureEyePatternScan.java> Scanned 167500 functions. Exported so far: 154  
2026-07-06 11:43:24 INFO  (GhidraScript) GeneralStructureEyePatternScan.java> Scanned 168000 functions. Exported so far: 154  
2026-07-06 11:43:26 INFO  (GhidraScript) GeneralStructureEyePatternScan.java> Scanned 168500 functions. Exported so far: 154  
2026-07-06 11:43:28 INFO  (GhidraScript) GeneralStructureEyePatternScan.java> Scanned 169000 functions. Exported so far: 154  
2026-07-06 11:43:29 INFO  (GhidraScript) GeneralStructureEyePatternScan.java> Scanned 169500 functions. Exported so far: 154  
2026-07-06 11:43:30 INFO  (GhidraScript) GeneralStructureEyePatternScan.java> Scanned 170000 functions. Exported so far: 154  
2026-07-06 11:43:32 INFO  (GhidraScript) GeneralStructureEyePatternScan.java> Scanned 170500 functions. Exported so far: 154  
2026-07-06 11:43:33 INFO  (GhidraScript) GeneralStructureEyePatternScan.java> Scanned 171000 functions. Exported so far: 154  
2026-07-06 11:43:35 INFO  (GhidraScript) GeneralStructureEyePatternScan.java> Scanned 171500 functions. Exported so far: 154  
2026-07-06 11:43:36 INFO  (GhidraScript) GeneralStructureEyePatternScan.java> Scanned 172000 functions. Exported so far: 154  
2026-07-06 11:43:38 INFO  (GhidraScript) GeneralStructureEyePatternScan.java> Scanned 172500 functions. Exported so far: 154  
2026-07-06 11:43:39 INFO  (GhidraScript) GeneralStructureEyePatternScan.java> Scanned 173000 functions. Exported so far: 154  
2026-07-06 11:43:41 INFO  (GhidraScript) GeneralStructureEyePatternScan.java> Scanned 173500 functions. Exported so far: 154  
2026-07-06 11:43:44 INFO  (GhidraScript) GeneralStructureEyePatternScan.java> Scanned 174000 functions. Exported so far: 154  
2026-07-06 11:43:47 INFO  (GhidraScript) GeneralStructureEyePatternScan.java> Scanned 174500 functions. Exported so far: 154  
2026-07-06 11:43:49 INFO  (GhidraScript) GeneralStructureEyePatternScan.java> Scanned 175000 functions. Exported so far: 154  
2026-07-06 11:43:51 INFO  (GhidraScript) GeneralStructureEyePatternScan.java> Scanned 175500 functions. Exported so far: 154  
2026-07-06 11:43:52 INFO  (GhidraScript) GeneralStructureEyePatternScan.java> Scanned 176000 functions. Exported so far: 154  
2026-07-06 11:43:54 INFO  (GhidraScript) GeneralStructureEyePatternScan.java> Scanned 176500 functions. Exported so far: 154  
2026-07-06 11:43:56 INFO  (GhidraScript) GeneralStructureEyePatternScan.java> Scanned 177000 functions. Exported so far: 154  
2026-07-06 11:43:59 INFO  (GhidraScript) GeneralStructureEyePatternScan.java> Scanned 177500 functions. Exported so far: 154  
2026-07-06 11:44:02 INFO  (GhidraScript) GeneralStructureEyePatternScan.java> Scanned 178000 functions. Exported so far: 154  
2026-07-06 11:44:05 INFO  (GhidraScript) GeneralStructureEyePatternScan.java> Scanned 178500 functions. Exported so far: 154  
2026-07-06 11:44:07 INFO  (GhidraScript) GeneralStructureEyePatternScan.java> Scanned 179000 functions. Exported so far: 154  
2026-07-06 11:44:08 INFO  (GhidraScript) GeneralStructureEyePatternScan.java> Scanned 179500 functions. Exported so far: 154  
2026-07-06 11:44:09 INFO  (GhidraScript) GeneralStructureEyePatternScan.java> Scanned 180000 functions. Exported so far: 154  
2026-07-06 11:44:10 INFO  (GhidraScript) GeneralStructureEyePatternScan.java> Scanned 180500 functions. Exported so far: 154  
2026-07-06 11:44:12 INFO  (GhidraScript) GeneralStructureEyePatternScan.java> Scanned 181000 functions. Exported so far: 154  
2026-07-06 11:44:14 INFO  (GhidraScript) GeneralStructureEyePatternScan.java> Scanned 181500 functions. Exported so far: 154  
2026-07-06 11:44:16 INFO  (GhidraScript) GeneralStructureEyePatternScan.java> Scanned 182000 functions. Exported so far: 154  
2026-07-06 11:44:18 INFO  (GhidraScript) GeneralStructureEyePatternScan.java> Scanned 182500 functions. Exported so far: 154  
2026-07-06 11:44:20 INFO  (GhidraScript) GeneralStructureEyePatternScan.java> Scanned 183000 functions. Exported so far: 154  
2026-07-06 11:44:22 INFO  (GhidraScript) GeneralStructureEyePatternScan.java> Scanned 183500 functions. Exported so far: 154  
2026-07-06 11:44:24 INFO  (GhidraScript) GeneralStructureEyePatternScan.java> Scanned 184000 functions. Exported so far: 154  
2026-07-06 11:44:26 INFO  (GhidraScript) GeneralStructureEyePatternScan.java> Scanned 184500 functions. Exported so far: 154  
2026-07-06 11:44:29 INFO  (GhidraScript) GeneralStructureEyePatternScan.java> Scanned 185000 functions. Exported so far: 154  
2026-07-06 11:44:32 INFO  (GhidraScript) GeneralStructureEyePatternScan.java> Scanned 185500 functions. Exported so far: 154  
2026-07-06 11:44:36 INFO  (GhidraScript) GeneralStructureEyePatternScan.java> Scanned 186000 functions. Exported so far: 154  
2026-07-06 11:44:39 INFO  (GhidraScript) GeneralStructureEyePatternScan.java> Scanned 186500 functions. Exported so far: 154  
2026-07-06 11:44:42 INFO  (GhidraScript) GeneralStructureEyePatternScan.java> Scanned 187000 functions. Exported so far: 156  
2026-07-06 11:44:44 INFO  (GhidraScript) GeneralStructureEyePatternScan.java> Scanned 187500 functions. Exported so far: 157  
2026-07-06 11:44:46 INFO  (GhidraScript) GeneralStructureEyePatternScan.java> Scanned 188000 functions. Exported so far: 157  
2026-07-06 11:44:51 INFO  (GhidraScript) GeneralStructureEyePatternScan.java> Scanned 188500 functions. Exported so far: 158  
2026-07-06 11:45:27 INFO  (GhidraScript) GeneralStructureEyePatternScan.java> Scanned 189000 functions. Exported so far: 160  
2026-07-06 11:45:30 INFO  (GhidraScript) GeneralStructureEyePatternScan.java> Scanned 189500 functions. Exported so far: 165  
2026-07-06 11:45:35 INFO  (GhidraScript) GeneralStructureEyePatternScan.java> Scanned 190000 functions. Exported so far: 165  
2026-07-06 11:45:37 INFO  (GhidraScript) GeneralStructureEyePatternScan.java> Scanned 190500 functions. Exported so far: 165  
2026-07-06 11:45:42 INFO  (GhidraScript) GeneralStructureEyePatternScan.java> Scanned 191000 functions. Exported so far: 170  
2026-07-06 11:45:48 INFO  (GhidraScript) GeneralStructureEyePatternScan.java> Scanned 191500 functions. Exported so far: 170  
2026-07-06 11:45:51 INFO  (GhidraScript) GeneralStructureEyePatternScan.java> Scanned 192000 functions. Exported so far: 171  
2026-07-06 11:45:54 INFO  (GhidraScript) GeneralStructureEyePatternScan.java> Scanned 192500 functions. Exported so far: 171  
2026-07-06 11:45:58 INFO  (GhidraScript) GeneralStructureEyePatternScan.java> Scanned 193000 functions. Exported so far: 173  
2026-07-06 11:46:27 INFO  (GhidraScript) GeneralStructureEyePatternScan.java> Scanned 193500 functions. Exported so far: 176  
2026-07-06 11:46:30 INFO  (GhidraScript) GeneralStructureEyePatternScan.java> Scanned 194000 functions. Exported so far: 176  
2026-07-06 11:46:31 INFO  (GhidraScript) GeneralStructureEyePatternScan.java> Scanned 194500 functions. Exported so far: 176  
2026-07-06 11:46:32 INFO  (GhidraScript) GeneralStructureEyePatternScan.java> Scanned 195000 functions. Exported so far: 176  
2026-07-06 11:46:33 INFO  (GhidraScript) GeneralStructureEyePatternScan.java> Scanned 195500 functions. Exported so far: 176  
2026-07-06 11:46:34 INFO  (GhidraScript) GeneralStructureEyePatternScan.java> Scanned 196000 functions. Exported so far: 176  
2026-07-06 11:46:35 INFO  (GhidraScript) GeneralStructureEyePatternScan.java> Scanned 196500 functions. Exported so far: 176  
2026-07-06 11:46:36 INFO  (GhidraScript) GeneralStructureEyePatternScan.java> Scanned 197000 functions. Exported so far: 176  
2026-07-06 11:46:37 INFO  (GhidraScript) GeneralStructureEyePatternScan.java> Scanned 197500 functions. Exported so far: 176  
2026-07-06 11:46:38 INFO  (GhidraScript) GeneralStructureEyePatternScan.java> Scanned 198000 functions. Exported so far: 176  
2026-07-06 11:46:41 INFO  (GhidraScript) GeneralStructureEyePatternScan.java> Scanned 198500 functions. Exported so far: 176  
2026-07-06 11:46:42 INFO  (GhidraScript) GeneralStructureEyePatternScan.java> Scanned 199000 functions. Exported so far: 176  
2026-07-06 11:46:45 INFO  (GhidraScript) GeneralStructureEyePatternScan.java> Scanned 199500 functions. Exported so far: 176  
2026-07-06 11:46:48 INFO  (GhidraScript) GeneralStructureEyePatternScan.java> Scanned 200000 functions. Exported so far: 177  
2026-07-06 11:46:50 INFO  (GhidraScript) GeneralStructureEyePatternScan.java> Scanned 200500 functions. Exported so far: 177  
2026-07-06 11:46:54 INFO  (GhidraScript) GeneralStructureEyePatternScan.java> Scanned 201000 functions. Exported so far: 177  
2026-07-06 11:47:05 INFO  (GhidraScript) GeneralStructureEyePatternScan.java> Scanned 201500 functions. Exported so far: 177  
2026-07-06 11:47:11 INFO  (GhidraScript) GeneralStructureEyePatternScan.java> Scanned 202000 functions. Exported so far: 178  
2026-07-06 11:47:16 INFO  (GhidraScript) GeneralStructureEyePatternScan.java> Scanned 202500 functions. Exported so far: 178  
2026-07-06 11:47:19 INFO  (GhidraScript) GeneralStructureEyePatternScan.java> Scanned 203000 functions. Exported so far: 178  
2026-07-06 11:47:22 INFO  (GhidraScript) GeneralStructureEyePatternScan.java> Scanned 203500 functions. Exported so far: 178  
2026-07-06 11:47:24 INFO  (GhidraScript) GeneralStructureEyePatternScan.java> Scanned 204000 functions. Exported so far: 178  
2026-07-06 11:47:27 INFO  (GhidraScript) GeneralStructureEyePatternScan.java> Scanned 204500 functions. Exported so far: 178  
2026-07-06 11:47:28 INFO  (GhidraScript) GeneralStructureEyePatternScan.java> Scanned 205000 functions. Exported so far: 178  
2026-07-06 11:47:29 INFO  (GhidraScript) GeneralStructureEyePatternScan.java> Scanned 205500 functions. Exported so far: 178  
2026-07-06 11:47:31 INFO  (GhidraScript) GeneralStructureEyePatternScan.java> Scanned 206000 functions. Exported so far: 180  
2026-07-06 11:47:32 INFO  (GhidraScript) GeneralStructureEyePatternScan.java> Scanned 206500 functions. Exported so far: 182  
2026-07-06 11:47:33 INFO  (GhidraScript) GeneralStructureEyePatternScan.java> Scanned 207000 functions. Exported so far: 182  
2026-07-06 11:47:34 INFO  (GhidraScript) GeneralStructureEyePatternScan.java> Scanned 207500 functions. Exported so far: 182  
2026-07-06 11:47:36 INFO  (GhidraScript) GeneralStructureEyePatternScan.java> Scanned 208000 functions. Exported so far: 182  
2026-07-06 11:47:37 INFO  (GhidraScript) GeneralStructureEyePatternScan.java> Scanned 208500 functions. Exported so far: 182  
2026-07-06 11:47:38 INFO  (GhidraScript) GeneralStructureEyePatternScan.java> Scanned 209000 functions. Exported so far: 182  
2026-07-06 11:47:39 INFO  (GhidraScript) GeneralStructureEyePatternScan.java> Scanned 209500 functions. Exported so far: 182  
2026-07-06 11:47:40 INFO  (GhidraScript) GeneralStructureEyePatternScan.java> Scanned 210000 functions. Exported so far: 182  
2026-07-06 11:47:41 INFO  (GhidraScript) GeneralStructureEyePatternScan.java> Scanned 210500 functions. Exported so far: 182  
2026-07-06 11:47:43 INFO  (GhidraScript) GeneralStructureEyePatternScan.java> Scanned 211000 functions. Exported so far: 182  
2026-07-06 11:47:43 INFO  (GhidraScript) GeneralStructureEyePatternScan.java> Scanned 211500 functions. Exported so far: 182  
2026-07-06 11:47:44 INFO  (GhidraScript) GeneralStructureEyePatternScan.java> Scanned 212000 functions. Exported so far: 182  
2026-07-06 11:47:45 INFO  (GhidraScript) GeneralStructureEyePatternScan.java> Scanned 212500 functions. Exported so far: 182  
2026-07-06 11:47:47 INFO  (GhidraScript) GeneralStructureEyePatternScan.java> Scanned 213000 functions. Exported so far: 182  
2026-07-06 11:47:51 INFO  (GhidraScript) GeneralStructureEyePatternScan.java> Scanned 213500 functions. Exported so far: 182  
2026-07-06 11:47:53 INFO  (GhidraScript) GeneralStructureEyePatternScan.java> Scanned 214000 functions. Exported so far: 182  
2026-07-06 11:47:54 INFO  (GhidraScript) GeneralStructureEyePatternScan.java> Scanned 214500 functions. Exported so far: 182  
2026-07-06 11:47:58 INFO  (GhidraScript) GeneralStructureEyePatternScan.java> Scanned 215000 functions. Exported so far: 182  
2026-07-06 11:48:09 INFO  (GhidraScript) GeneralStructureEyePatternScan.java> Scanned 215500 functions. Exported so far: 182  
2026-07-06 11:48:15 INFO  (GhidraScript) GeneralStructureEyePatternScan.java> Scanned 216000 functions. Exported so far: 183  
2026-07-06 11:48:18 INFO  (GhidraScript) GeneralStructureEyePatternScan.java> Scanned 216500 functions. Exported so far: 184  
2026-07-06 11:48:21 INFO  (GhidraScript) GeneralStructureEyePatternScan.java> Scanned 217000 functions. Exported so far: 188  
2026-07-06 11:48:24 INFO  (GhidraScript) GeneralStructureEyePatternScan.java> Scanned 217500 functions. Exported so far: 188  
2026-07-06 11:48:32 INFO  (GhidraScript) GeneralStructureEyePatternScan.java> Scanned 218000 functions. Exported so far: 189  
2026-07-06 11:48:35 INFO  (GhidraScript) GeneralStructureEyePatternScan.java> Scanned 218500 functions. Exported so far: 191  
2026-07-06 11:48:38 INFO  (GhidraScript) GeneralStructureEyePatternScan.java> Scanned 219000 functions. Exported so far: 191  
2026-07-06 11:48:42 INFO  (GhidraScript) GeneralStructureEyePatternScan.java> Scanned 219500 functions. Exported so far: 191  
2026-07-06 11:48:48 INFO  (GhidraScript) GeneralStructureEyePatternScan.java> Scanned 220000 functions. Exported so far: 191  
2026-07-06 11:48:59 INFO  (GhidraScript) GeneralStructureEyePatternScan.java> Scanned 220500 functions. Exported so far: 191  
2026-07-06 11:49:05 INFO  (GhidraScript) GeneralStructureEyePatternScan.java> Scanned 221000 functions. Exported so far: 191  
2026-07-06 11:49:40 INFO  (GhidraScript) GeneralStructureEyePatternScan.java> Scanned 221500 functions. Exported so far: 191  
2026-07-06 11:50:19 INFO  (GhidraScript) GeneralStructureEyePatternScan.java> Scanned 222000 functions. Exported so far: 191  
2026-07-06 11:50:28 INFO  (GhidraScript) GeneralStructureEyePatternScan.java> Scanned 222500 functions. Exported so far: 194  
2026-07-06 11:50:32 INFO  (GhidraScript) GeneralStructureEyePatternScan.java> Scanned 223000 functions. Exported so far: 194  
2026-07-06 11:50:46 INFO  (GhidraScript) GeneralStructureEyePatternScan.java> Scanned 223500 functions. Exported so far: 194  
2026-07-06 11:50:49 INFO  (GhidraScript) GeneralStructureEyePatternScan.java> Scanned 224000 functions. Exported so far: 194  
2026-07-06 11:50:52 INFO  (GhidraScript) GeneralStructureEyePatternScan.java> Scanned 224500 functions. Exported so far: 194  
2026-07-06 11:50:54 INFO  (GhidraScript) GeneralStructureEyePatternScan.java> Scanned 225000 functions. Exported so far: 194  
2026-07-06 11:50:57 INFO  (GhidraScript) GeneralStructureEyePatternScan.java> Scanned 225500 functions. Exported so far: 195  
2026-07-06 11:51:00 INFO  (GhidraScript) GeneralStructureEyePatternScan.java> Scanned 226000 functions. Exported so far: 195  
2026-07-06 11:51:02 INFO  (GhidraScript) GeneralStructureEyePatternScan.java> Scanned 226500 functions. Exported so far: 195  
2026-07-06 11:51:05 INFO  (GhidraScript) GeneralStructureEyePatternScan.java> Scanned 227000 functions. Exported so far: 195  
2026-07-06 11:51:07 INFO  (GhidraScript) GeneralStructureEyePatternScan.java> Scanned 227500 functions. Exported so far: 195  
2026-07-06 11:51:09 INFO  (GhidraScript) GeneralStructureEyePatternScan.java> Scanned 228000 functions. Exported so far: 195  
2026-07-06 11:51:12 INFO  (GhidraScript) GeneralStructureEyePatternScan.java> Scanned 228500 functions. Exported so far: 195  
2026-07-06 11:51:15 INFO  (GhidraScript) GeneralStructureEyePatternScan.java> Scanned 229000 functions. Exported so far: 195  
2026-07-06 11:51:18 INFO  (GhidraScript) GeneralStructureEyePatternScan.java> Scanned 229500 functions. Exported so far: 195  
2026-07-06 11:51:20 INFO  (GhidraScript) GeneralStructureEyePatternScan.java> Scanned 230000 functions. Exported so far: 195  
2026-07-06 11:51:22 INFO  (GhidraScript) GeneralStructureEyePatternScan.java> Scanned 230500 functions. Exported so far: 195  
2026-07-06 11:51:24 INFO  (GhidraScript) GeneralStructureEyePatternScan.java> Scanned 231000 functions. Exported so far: 195  
2026-07-06 11:51:26 INFO  (GhidraScript) GeneralStructureEyePatternScan.java> Scanned 231500 functions. Exported so far: 206  
2026-07-06 11:51:32 INFO  (GhidraScript) GeneralStructureEyePatternScan.java> Scanned 232000 functions. Exported so far: 220  
2026-07-06 11:51:47 INFO  (GhidraScript) GeneralStructureEyePatternScan.java> Scanned 232500 functions. Exported so far: 220  
2026-07-06 11:51:50 INFO  (GhidraScript) GeneralStructureEyePatternScan.java> Scanned 233000 functions. Exported so far: 229  
2026-07-06 11:51:51 INFO  (GhidraScript) GeneralStructureEyePatternScan.java> Scanned 233500 functions. Exported so far: 229  
2026-07-06 11:51:53 INFO  (GhidraScript) GeneralStructureEyePatternScan.java> Scanned 234000 functions. Exported so far: 235  
2026-07-06 11:51:55 INFO  (GhidraScript) GeneralStructureEyePatternScan.java> Scanned 234500 functions. Exported so far: 334  
2026-07-06 11:51:57 INFO  (GhidraScript) GeneralStructureEyePatternScan.java> Scanned 235000 functions. Exported so far: 388  
2026-07-06 11:51:59 INFO  (GhidraScript) GeneralStructureEyePatternScan.java> Scanned 235500 functions. Exported so far: 390  
2026-07-06 11:52:01 INFO  (GhidraScript) GeneralStructureEyePatternScan.java> Scanned 236000 functions. Exported so far: 396  
2026-07-06 11:52:03 INFO  (GhidraScript) GeneralStructureEyePatternScan.java> Scanned 236500 functions. Exported so far: 427  
2026-07-06 11:52:05 INFO  (GhidraScript) GeneralStructureEyePatternScan.java> Scanned 237000 functions. Exported so far: 446  
2026-07-06 11:52:07 INFO  (GhidraScript) GeneralStructureEyePatternScan.java> Scanned 237500 functions. Exported so far: 454  
2026-07-06 11:52:09 INFO  (GhidraScript) GeneralStructureEyePatternScan.java> Scanned 238000 functions. Exported so far: 467  
2026-07-06 11:52:11 INFO  (GhidraScript) GeneralStructureEyePatternScan.java> Scanned 238500 functions. Exported so far: 467  
2026-07-06 11:52:14 INFO  (GhidraScript) GeneralStructureEyePatternScan.java> Scanned 239000 functions. Exported so far: 468  
2026-07-06 11:52:16 INFO  (GhidraScript) GeneralStructureEyePatternScan.java> Scanned 239500 functions. Exported so far: 517  
2026-07-06 11:52:21 INFO  (GhidraScript) GeneralStructureEyePatternScan.java> Scanned 240000 functions. Exported so far: 517  
2026-07-06 11:52:23 INFO  (GhidraScript) GeneralStructureEyePatternScan.java> Scanned 240500 functions. Exported so far: 521  
2026-07-06 11:52:40 INFO  (GhidraScript) GeneralStructureEyePatternScan.java> Scanned 241000 functions. Exported so far: 526  
2026-07-06 11:52:44 INFO  (GhidraScript) GeneralStructureEyePatternScan.java> Scanned 241500 functions. Exported so far: 528  
2026-07-06 11:52:48 INFO  (GhidraScript) GeneralStructureEyePatternScan.java> Scanned 242000 functions. Exported so far: 528  
2026-07-06 11:52:51 INFO  (GhidraScript) GeneralStructureEyePatternScan.java> Scanned 242500 functions. Exported so far: 528  
2026-07-06 11:52:55 INFO  (GhidraScript) GeneralStructureEyePatternScan.java> Scanned 243000 functions. Exported so far: 528  
2026-07-06 11:52:57 INFO  (GhidraScript) GeneralStructureEyePatternScan.java> Scanned 243500 functions. Exported so far: 528  
2026-07-06 11:53:00 INFO  (GhidraScript) GeneralStructureEyePatternScan.java> Scanned 244000 functions. Exported so far: 528  
2026-07-06 11:53:01 INFO  (GhidraScript) GeneralStructureEyePatternScan.java> Scanned 244500 functions. Exported so far: 528  
2026-07-06 11:53:04 INFO  (GhidraScript) GeneralStructureEyePatternScan.java> Scanned 245000 functions. Exported so far: 529  
2026-07-06 11:53:10 INFO  (GhidraScript) GeneralStructureEyePatternScan.java> Scanned 245500 functions. Exported so far: 530  
2026-07-06 11:53:15 INFO  (GhidraScript) GeneralStructureEyePatternScan.java> Scanned 246000 functions. Exported so far: 531  
2026-07-06 11:53:20 INFO  (GhidraScript) GeneralStructureEyePatternScan.java> Scanned 246500 functions. Exported so far: 531  
2026-07-06 11:53:28 INFO  (GhidraScript) GeneralStructureEyePatternScan.java> Scanned 247000 functions. Exported so far: 532  
2026-07-06 11:53:32 INFO  (GhidraScript) GeneralStructureEyePatternScan.java> Scanned 247500 functions. Exported so far: 532  
2026-07-06 11:53:36 INFO  (GhidraScript) GeneralStructureEyePatternScan.java> Scanned 248000 functions. Exported so far: 532  
2026-07-06 11:53:41 INFO  (GhidraScript) GeneralStructureEyePatternScan.java> Scanned 248500 functions. Exported so far: 535  
2026-07-06 11:53:44 INFO  (GhidraScript) GeneralStructureEyePatternScan.java> Scanned 249000 functions. Exported so far: 535  
2026-07-06 11:53:46 INFO  (GhidraScript) GeneralStructureEyePatternScan.java> Scanned 249500 functions. Exported so far: 535  
2026-07-06 11:54:04 INFO  (GhidraScript) GeneralStructureEyePatternScan.java> Scanned 250000 functions. Exported so far: 535  
2026-07-06 11:54:07 INFO  (GhidraScript) GeneralStructureEyePatternScan.java> Scanned 250500 functions. Exported so far: 536  
2026-07-06 11:54:10 INFO  (GhidraScript) GeneralStructureEyePatternScan.java> Scanned 251000 functions. Exported so far: 546  
2026-07-06 11:54:12 INFO  (GhidraScript) GeneralStructureEyePatternScan.java> Scanned 251500 functions. Exported so far: 546  
2026-07-06 11:54:14 INFO  (GhidraScript) GeneralStructureEyePatternScan.java> Scanned 252000 functions. Exported so far: 546  
2026-07-06 11:54:17 INFO  (GhidraScript) GeneralStructureEyePatternScan.java> Scanned 252500 functions. Exported so far: 561  
2026-07-06 11:54:18 INFO  (GhidraScript) GeneralStructureEyePatternScan.java> Scanned 253000 functions. Exported so far: 562  
2026-07-06 11:54:18 WARN  (DecompileCallback) Decompiling 04116000, pcode error at 04116000: Unable to disassemble EXTERNAL block location: 04116000  
2026-07-06 11:54:18 WARN  (DecompileCallback) Decompiling 04116008, pcode error at 04116008: Unable to disassemble EXTERNAL block location: 04116008  
2026-07-06 11:54:18 WARN  (DecompileCallback) Decompiling 04116010, pcode error at 04116010: Unable to disassemble EXTERNAL block location: 04116010  
2026-07-06 11:54:18 WARN  (DecompileCallback) Decompiling 04116018, pcode error at 04116018: Unable to disassemble EXTERNAL block location: 04116018  
2026-07-06 11:54:18 WARN  (DecompileCallback) Decompiling 04116020, pcode error at 04116020: Unable to disassemble EXTERNAL block location: 04116020  
2026-07-06 11:54:18 WARN  (DecompileCallback) Decompiling 04116028, pcode error at 04116028: Unable to disassemble EXTERNAL block location: 04116028  
2026-07-06 11:54:18 WARN  (DecompileCallback) Decompiling 04116030, pcode error at 04116030: Unable to disassemble EXTERNAL block location: 04116030  
2026-07-06 11:54:18 WARN  (DecompileCallback) Decompiling 04116038, pcode error at 04116038: Unable to disassemble EXTERNAL block location: 04116038  
2026-07-06 11:54:18 WARN  (DecompileCallback) Decompiling 04116040, pcode error at 04116040: Unable to disassemble EXTERNAL block location: 04116040  
2026-07-06 11:54:18 WARN  (DecompileCallback) Decompiling 04116048, pcode error at 04116048: Unable to disassemble EXTERNAL block location: 04116048  
2026-07-06 11:54:18 WARN  (DecompileCallback) Decompiling 04116050, pcode error at 04116050: Unable to disassemble EXTERNAL block location: 04116050  
2026-07-06 11:54:18 WARN  (DecompileCallback) Decompiling 04116058, pcode error at 04116058: Unable to disassemble EXTERNAL block location: 04116058  
2026-07-06 11:54:18 WARN  (DecompileCallback) Decompiling 04116060, pcode error at 04116060: Unable to disassemble EXTERNAL block location: 04116060  
2026-07-06 11:54:18 WARN  (DecompileCallback) Decompiling 04116068, pcode error at 04116068: Unable to disassemble EXTERNAL block location: 04116068  
2026-07-06 11:54:18 WARN  (DecompileCallback) Decompiling 04116070, pcode error at 04116070: Unable to disassemble EXTERNAL block location: 04116070  
2026-07-06 11:54:18 WARN  (DecompileCallback) Decompiling 04116078, pcode error at 04116078: Unable to disassemble EXTERNAL block location: 04116078  
2026-07-06 11:54:18 WARN  (DecompileCallback) Decompiling 04116080, pcode error at 04116080: Unable to disassemble EXTERNAL block location: 04116080  
2026-07-06 11:54:18 WARN  (DecompileCallback) Decompiling 04116088, pcode error at 04116088: Unable to disassemble EXTERNAL block location: 04116088  
2026-07-06 11:54:18 WARN  (DecompileCallback) Decompiling 04116090, pcode error at 04116090: Unable to disassemble EXTERNAL block location: 04116090  
2026-07-06 11:54:18 WARN  (DecompileCallback) Decompiling 04116098, pcode error at 04116098: Unable to disassemble EXTERNAL block location: 04116098  
2026-07-06 11:54:18 WARN  (DecompileCallback) Decompiling 041160a0, pcode error at 041160a0: Unable to disassemble EXTERNAL block location: 041160a0  
2026-07-06 11:54:18 WARN  (DecompileCallback) Decompiling 041160a8, pcode error at 041160a8: Unable to disassemble EXTERNAL block location: 041160a8  
2026-07-06 11:54:18 WARN  (DecompileCallback) Decompiling 041160b0, pcode error at 041160b0: Unable to disassemble EXTERNAL block location: 041160b0  
2026-07-06 11:54:18 WARN  (DecompileCallback) Decompiling 041160b8, pcode error at 041160b8: Unable to disassemble EXTERNAL block location: 041160b8  
2026-07-06 11:54:18 WARN  (DecompileCallback) Decompiling 041160c0, pcode error at 041160c0: Unable to disassemble EXTERNAL block location: 041160c0  
2026-07-06 11:54:18 WARN  (DecompileCallback) Decompiling 041160c8, pcode error at 041160c8: Unable to disassemble EXTERNAL block location: 041160c8  
2026-07-06 11:54:18 WARN  (DecompileCallback) Decompiling 041160d0, pcode error at 041160d0: Unable to disassemble EXTERNAL block location: 041160d0  
2026-07-06 11:54:18 WARN  (DecompileCallback) Decompiling 041160d8, pcode error at 041160d8: Unable to disassemble EXTERNAL block location: 041160d8  
2026-07-06 11:54:18 WARN  (DecompileCallback) Decompiling 041160e0, pcode error at 041160e0: Unable to disassemble EXTERNAL block location: 041160e0  
2026-07-06 11:54:18 WARN  (DecompileCallback) Decompiling 041160e8, pcode error at 041160e8: Unable to disassemble EXTERNAL block location: 041160e8  
2026-07-06 11:54:18 WARN  (DecompileCallback) Decompiling 041160f0, pcode error at 041160f0: Unable to disassemble EXTERNAL block location: 041160f0  
2026-07-06 11:54:18 WARN  (DecompileCallback) Decompiling 041160f8, pcode error at 041160f8: Unable to disassemble EXTERNAL block location: 041160f8  
2026-07-06 11:54:18 WARN  (DecompileCallback) Decompiling 04116100, pcode error at 04116100: Unable to disassemble EXTERNAL block location: 04116100  
2026-07-06 11:54:18 WARN  (DecompileCallback) Decompiling 04116108, pcode error at 04116108: Unable to disassemble EXTERNAL block location: 04116108  
2026-07-06 11:54:18 WARN  (DecompileCallback) Decompiling 04116110, pcode error at 04116110: Unable to disassemble EXTERNAL block location: 04116110  
2026-07-06 11:54:18 WARN  (DecompileCallback) Decompiling 04116118, pcode error at 04116118: Unable to disassemble EXTERNAL block location: 04116118  
2026-07-06 11:54:18 WARN  (DecompileCallback) Decompiling 04116120, pcode error at 04116120: Unable to disassemble EXTERNAL block location: 04116120  
2026-07-06 11:54:18 WARN  (DecompileCallback) Decompiling 04116128, pcode error at 04116128: Unable to disassemble EXTERNAL block location: 04116128  
2026-07-06 11:54:18 WARN  (DecompileCallback) Decompiling 04116130, pcode error at 04116130: Unable to disassemble EXTERNAL block location: 04116130  
2026-07-06 11:54:18 WARN  (DecompileCallback) Decompiling 04116138, pcode error at 04116138: Unable to disassemble EXTERNAL block location: 04116138  
2026-07-06 11:54:18 WARN  (DecompileCallback) Decompiling 04116140, pcode error at 04116140: Unable to disassemble EXTERNAL block location: 04116140  
2026-07-06 11:54:18 WARN  (DecompileCallback) Decompiling 04116150, pcode error at 04116150: Unable to disassemble EXTERNAL block location: 04116150  
2026-07-06 11:54:18 WARN  (DecompileCallback) Decompiling 04116158, pcode error at 04116158: Unable to disassemble EXTERNAL block location: 04116158  
2026-07-06 11:54:18 WARN  (DecompileCallback) Decompiling 04116160, pcode error at 04116160: Unable to disassemble EXTERNAL block location: 04116160  
2026-07-06 11:54:18 WARN  (DecompileCallback) Decompiling 04116168, pcode error at 04116168: Unable to disassemble EXTERNAL block location: 04116168  
2026-07-06 11:54:18 WARN  (DecompileCallback) Decompiling 04116170, pcode error at 04116170: Unable to disassemble EXTERNAL block location: 04116170  
2026-07-06 11:54:18 WARN  (DecompileCallback) Decompiling 04116178, pcode error at 04116178: Unable to disassemble EXTERNAL block location: 04116178  
2026-07-06 11:54:18 WARN  (DecompileCallback) Decompiling 04116180, pcode error at 04116180: Unable to disassemble EXTERNAL block location: 04116180  
2026-07-06 11:54:18 WARN  (DecompileCallback) Decompiling 04116188, pcode error at 04116188: Unable to disassemble EXTERNAL block location: 04116188  
2026-07-06 11:54:18 WARN  (DecompileCallback) Decompiling 04116190, pcode error at 04116190: Unable to disassemble EXTERNAL block location: 04116190  
2026-07-06 11:54:18 WARN  (DecompileCallback) Decompiling 04116198, pcode error at 04116198: Unable to disassemble EXTERNAL block location: 04116198  
2026-07-06 11:54:18 WARN  (DecompileCallback) Decompiling 041161a0, pcode error at 041161a0: Unable to disassemble EXTERNAL block location: 041161a0  
2026-07-06 11:54:18 WARN  (DecompileCallback) Decompiling 041161a8, pcode error at 041161a8: Unable to disassemble EXTERNAL block location: 041161a8  
2026-07-06 11:54:18 WARN  (DecompileCallback) Decompiling 041161b0, pcode error at 041161b0: Unable to disassemble EXTERNAL block location: 041161b0  
2026-07-06 11:54:18 WARN  (DecompileCallback) Decompiling 041161b8, pcode error at 041161b8: Unable to disassemble EXTERNAL block location: 041161b8  
2026-07-06 11:54:18 WARN  (DecompileCallback) Decompiling 041161c0, pcode error at 041161c0: Unable to disassemble EXTERNAL block location: 041161c0  
2026-07-06 11:54:18 WARN  (DecompileCallback) Decompiling 041161c8, pcode error at 041161c8: Unable to disassemble EXTERNAL block location: 041161c8  
2026-07-06 11:54:18 WARN  (DecompileCallback) Decompiling 041161d0, pcode error at 041161d0: Unable to disassemble EXTERNAL block location: 041161d0  
2026-07-06 11:54:18 WARN  (DecompileCallback) Decompiling 041161d8, pcode error at 041161d8: Unable to disassemble EXTERNAL block location: 041161d8  
2026-07-06 11:54:18 WARN  (DecompileCallback) Decompiling 041161e0, pcode error at 041161e0: Unable to disassemble EXTERNAL block location: 041161e0  
2026-07-06 11:54:18 WARN  (DecompileCallback) Decompiling 041161e8, pcode error at 041161e8: Unable to disassemble EXTERNAL block location: 041161e8  
2026-07-06 11:54:18 WARN  (DecompileCallback) Decompiling 041161f0, pcode error at 041161f0: Unable to disassemble EXTERNAL block location: 041161f0  
2026-07-06 11:54:18 WARN  (DecompileCallback) Decompiling 041161f8, pcode error at 041161f8: Unable to disassemble EXTERNAL block location: 041161f8  
2026-07-06 11:54:18 WARN  (DecompileCallback) Decompiling 04116200, pcode error at 04116200: Unable to disassemble EXTERNAL block location: 04116200  
2026-07-06 11:54:18 WARN  (DecompileCallback) Decompiling 04116208, pcode error at 04116208: Unable to disassemble EXTERNAL block location: 04116208  
2026-07-06 11:54:18 WARN  (DecompileCallback) Decompiling 04116210, pcode error at 04116210: Unable to disassemble EXTERNAL block location: 04116210  
2026-07-06 11:54:18 WARN  (DecompileCallback) Decompiling 04116218, pcode error at 04116218: Unable to disassemble EXTERNAL block location: 04116218  
2026-07-06 11:54:18 WARN  (DecompileCallback) Decompiling 04116220, pcode error at 04116220: Unable to disassemble EXTERNAL block location: 04116220  
2026-07-06 11:54:18 WARN  (DecompileCallback) Decompiling 04116228, pcode error at 04116228: Unable to disassemble EXTERNAL block location: 04116228  
2026-07-06 11:54:18 WARN  (DecompileCallback) Decompiling 04116230, pcode error at 04116230: Unable to disassemble EXTERNAL block location: 04116230  
2026-07-06 11:54:18 WARN  (DecompileCallback) Decompiling 04116238, pcode error at 04116238: Unable to disassemble EXTERNAL block location: 04116238  
2026-07-06 11:54:18 WARN  (DecompileCallback) Decompiling 04116240, pcode error at 04116240: Unable to disassemble EXTERNAL block location: 04116240  
2026-07-06 11:54:18 WARN  (DecompileCallback) Decompiling 04116248, pcode error at 04116248: Unable to disassemble EXTERNAL block location: 04116248  
2026-07-06 11:54:18 WARN  (DecompileCallback) Decompiling 04116250, pcode error at 04116250: Unable to disassemble EXTERNAL block location: 04116250  
2026-07-06 11:54:18 WARN  (DecompileCallback) Decompiling 04116258, pcode error at 04116258: Unable to disassemble EXTERNAL block location: 04116258  
2026-07-06 11:54:18 WARN  (DecompileCallback) Decompiling 04116260, pcode error at 04116260: Unable to disassemble EXTERNAL block location: 04116260  
2026-07-06 11:54:18 WARN  (DecompileCallback) Decompiling 04116268, pcode error at 04116268: Unable to disassemble EXTERNAL block location: 04116268  
2026-07-06 11:54:18 WARN  (DecompileCallback) Decompiling 04116270, pcode error at 04116270: Unable to disassemble EXTERNAL block location: 04116270  
2026-07-06 11:54:18 WARN  (DecompileCallback) Decompiling 04116278, pcode error at 04116278: Unable to disassemble EXTERNAL block location: 04116278  
2026-07-06 11:54:18 WARN  (DecompileCallback) Decompiling 04116280, pcode error at 04116280: Unable to disassemble EXTERNAL block location: 04116280  
2026-07-06 11:54:18 WARN  (DecompileCallback) Decompiling 04116288, pcode error at 04116288: Unable to disassemble EXTERNAL block location: 04116288  
2026-07-06 11:54:18 WARN  (DecompileCallback) Decompiling 04116290, pcode error at 04116290: Unable to disassemble EXTERNAL block location: 04116290  
2026-07-06 11:54:18 WARN  (DecompileCallback) Decompiling 04116298, pcode error at 04116298: Unable to disassemble EXTERNAL block location: 04116298  
2026-07-06 11:54:18 WARN  (DecompileCallback) Decompiling 041162a0, pcode error at 041162a0: Unable to disassemble EXTERNAL block location: 041162a0  
2026-07-06 11:54:18 WARN  (DecompileCallback) Decompiling 041162a8, pcode error at 041162a8: Unable to disassemble EXTERNAL block location: 041162a8  
2026-07-06 11:54:18 WARN  (DecompileCallback) Decompiling 041162b0, pcode error at 041162b0: Unable to disassemble EXTERNAL block location: 041162b0  
2026-07-06 11:54:18 WARN  (DecompileCallback) Decompiling 041162b8, pcode error at 041162b8: Unable to disassemble EXTERNAL block location: 041162b8  
2026-07-06 11:54:18 WARN  (DecompileCallback) Decompiling 041162c0, pcode error at 041162c0: Unable to disassemble EXTERNAL block location: 041162c0  
2026-07-06 11:54:18 WARN  (DecompileCallback) Decompiling 041162c8, pcode error at 041162c8: Unable to disassemble EXTERNAL block location: 041162c8  
2026-07-06 11:54:18 WARN  (DecompileCallback) Decompiling 041162d0, pcode error at 041162d0: Unable to disassemble EXTERNAL block location: 041162d0  
2026-07-06 11:54:18 WARN  (DecompileCallback) Decompiling 041162d8, pcode error at 041162d8: Unable to disassemble EXTERNAL block location: 041162d8  
2026-07-06 11:54:18 WARN  (DecompileCallback) Decompiling 041162e0, pcode error at 041162e0: Unable to disassemble EXTERNAL block location: 041162e0  
2026-07-06 11:54:18 WARN  (DecompileCallback) Decompiling 041162e8, pcode error at 041162e8: Unable to disassemble EXTERNAL block location: 041162e8  
2026-07-06 11:54:18 WARN  (DecompileCallback) Decompiling 041162f0, pcode error at 041162f0: Unable to disassemble EXTERNAL block location: 041162f0  
2026-07-06 11:54:18 WARN  (DecompileCallback) Decompiling 041162f8, pcode error at 041162f8: Unable to disassemble EXTERNAL block location: 041162f8  
2026-07-06 11:54:18 WARN  (DecompileCallback) Decompiling 04116300, pcode error at 04116300: Unable to disassemble EXTERNAL block location: 04116300  
2026-07-06 11:54:18 WARN  (DecompileCallback) Decompiling 04116308, pcode error at 04116308: Unable to disassemble EXTERNAL block location: 04116308  
2026-07-06 11:54:18 WARN  (DecompileCallback) Decompiling 04116310, pcode error at 04116310: Unable to disassemble EXTERNAL block location: 04116310  
2026-07-06 11:54:18 WARN  (DecompileCallback) Decompiling 04116318, pcode error at 04116318: Unable to disassemble EXTERNAL block location: 04116318  
2026-07-06 11:54:18 WARN  (DecompileCallback) Decompiling 04116320, pcode error at 04116320: Unable to disassemble EXTERNAL block location: 04116320  
2026-07-06 11:54:18 WARN  (DecompileCallback) Decompiling 04116328, pcode error at 04116328: Unable to disassemble EXTERNAL block location: 04116328  
2026-07-06 11:54:18 WARN  (DecompileCallback) Decompiling 04116330, pcode error at 04116330: Unable to disassemble EXTERNAL block location: 04116330  
2026-07-06 11:54:18 WARN  (DecompileCallback) Decompiling 04116338, pcode error at 04116338: Unable to disassemble EXTERNAL block location: 04116338  
2026-07-06 11:54:18 WARN  (DecompileCallback) Decompiling 04116340, pcode error at 04116340: Unable to disassemble EXTERNAL block location: 04116340  
2026-07-06 11:54:18 WARN  (DecompileCallback) Decompiling 04116348, pcode error at 04116348: Unable to disassemble EXTERNAL block location: 04116348  
2026-07-06 11:54:18 WARN  (DecompileCallback) Decompiling 04116350, pcode error at 04116350: Unable to disassemble EXTERNAL block location: 04116350  
2026-07-06 11:54:18 WARN  (DecompileCallback) Decompiling 04116358, pcode error at 04116358: Unable to disassemble EXTERNAL block location: 04116358  
2026-07-06 11:54:18 WARN  (DecompileCallback) Decompiling 04116360, pcode error at 04116360: Unable to disassemble EXTERNAL block location: 04116360  
2026-07-06 11:54:18 WARN  (DecompileCallback) Decompiling 04116368, pcode error at 04116368: Unable to disassemble EXTERNAL block location: 04116368  
2026-07-06 11:54:18 WARN  (DecompileCallback) Decompiling 04116370, pcode error at 04116370: Unable to disassemble EXTERNAL block location: 04116370  
2026-07-06 11:54:18 WARN  (DecompileCallback) Decompiling 04116378, pcode error at 04116378: Unable to disassemble EXTERNAL block location: 04116378  
2026-07-06 11:54:18 WARN  (DecompileCallback) Decompiling 04116380, pcode error at 04116380: Unable to disassemble EXTERNAL block location: 04116380  
2026-07-06 11:54:18 WARN  (DecompileCallback) Decompiling 04116388, pcode error at 04116388: Unable to disassemble EXTERNAL block location: 04116388  
2026-07-06 11:54:18 WARN  (DecompileCallback) Decompiling 04116390, pcode error at 04116390: Unable to disassemble EXTERNAL block location: 04116390  
2026-07-06 11:54:18 WARN  (DecompileCallback) Decompiling 04116398, pcode error at 04116398: Unable to disassemble EXTERNAL block location: 04116398  
2026-07-06 11:54:18 WARN  (DecompileCallback) Decompiling 041163a0, pcode error at 041163a0: Unable to disassemble EXTERNAL block location: 041163a0  
2026-07-06 11:54:18 WARN  (DecompileCallback) Decompiling 041163a8, pcode error at 041163a8: Unable to disassemble EXTERNAL block location: 041163a8  
2026-07-06 11:54:18 WARN  (DecompileCallback) Decompiling 041163b0, pcode error at 041163b0: Unable to disassemble EXTERNAL block location: 041163b0  
2026-07-06 11:54:18 WARN  (DecompileCallback) Decompiling 041163b8, pcode error at 041163b8: Unable to disassemble EXTERNAL block location: 041163b8  
2026-07-06 11:54:18 WARN  (DecompileCallback) Decompiling 041163c0, pcode error at 041163c0: Unable to disassemble EXTERNAL block location: 041163c0  
2026-07-06 11:54:18 WARN  (DecompileCallback) Decompiling 041163c8, pcode error at 041163c8: Unable to disassemble EXTERNAL block location: 041163c8  
2026-07-06 11:54:18 WARN  (DecompileCallback) Decompiling 041163d0, pcode error at 041163d0: Unable to disassemble EXTERNAL block location: 041163d0  
2026-07-06 11:54:18 WARN  (DecompileCallback) Decompiling 041163d8, pcode error at 041163d8: Unable to disassemble EXTERNAL block location: 041163d8  
2026-07-06 11:54:18 WARN  (DecompileCallback) Decompiling 041163e0, pcode error at 041163e0: Unable to disassemble EXTERNAL block location: 041163e0  
2026-07-06 11:54:18 WARN  (DecompileCallback) Decompiling 041163e8, pcode error at 041163e8: Unable to disassemble EXTERNAL block location: 041163e8  
2026-07-06 11:54:18 WARN  (DecompileCallback) Decompiling 041163f0, pcode error at 041163f0: Unable to disassemble EXTERNAL block location: 041163f0  
2026-07-06 11:54:18 WARN  (DecompileCallback) Decompiling 041163f8, pcode error at 041163f8: Unable to disassemble EXTERNAL block location: 041163f8  
2026-07-06 11:54:18 WARN  (DecompileCallback) Decompiling 04116400, pcode error at 04116400: Unable to disassemble EXTERNAL block location: 04116400  
2026-07-06 11:54:18 WARN  (DecompileCallback) Decompiling 04116408, pcode error at 04116408: Unable to disassemble EXTERNAL block location: 04116408  
2026-07-06 11:54:18 WARN  (DecompileCallback) Decompiling 04116410, pcode error at 04116410: Unable to disassemble EXTERNAL block location: 04116410  
2026-07-06 11:54:18 WARN  (DecompileCallback) Decompiling 04116418, pcode error at 04116418: Unable to disassemble EXTERNAL block location: 04116418  
2026-07-06 11:54:18 WARN  (DecompileCallback) Decompiling 04116420, pcode error at 04116420: Unable to disassemble EXTERNAL block location: 04116420  
2026-07-06 11:54:18 WARN  (DecompileCallback) Decompiling 04116428, pcode error at 04116428: Unable to disassemble EXTERNAL block location: 04116428  
2026-07-06 11:54:18 WARN  (DecompileCallback) Decompiling 04116430, pcode error at 04116430: Unable to disassemble EXTERNAL block location: 04116430  
2026-07-06 11:54:18 WARN  (DecompileCallback) Decompiling 04116438, pcode error at 04116438: Unable to disassemble EXTERNAL block location: 04116438  
2026-07-06 11:54:18 WARN  (DecompileCallback) Decompiling 04116440, pcode error at 04116440: Unable to disassemble EXTERNAL block location: 04116440  
2026-07-06 11:54:18 WARN  (DecompileCallback) Decompiling 04116448, pcode error at 04116448: Unable to disassemble EXTERNAL block location: 04116448  
2026-07-06 11:54:18 WARN  (DecompileCallback) Decompiling 04116450, pcode error at 04116450: Unable to disassemble EXTERNAL block location: 04116450  
2026-07-06 11:54:18 WARN  (DecompileCallback) Decompiling 04116458, pcode error at 04116458: Unable to disassemble EXTERNAL block location: 04116458  
2026-07-06 11:54:18 WARN  (DecompileCallback) Decompiling 04116460, pcode error at 04116460: Unable to disassemble EXTERNAL block location: 04116460  
2026-07-06 11:54:18 WARN  (DecompileCallback) Decompiling 04116468, pcode error at 04116468: Unable to disassemble EXTERNAL block location: 04116468  
2026-07-06 11:54:18 WARN  (DecompileCallback) Decompiling 04116470, pcode error at 04116470: Unable to disassemble EXTERNAL block location: 04116470  
2026-07-06 11:54:18 WARN  (DecompileCallback) Decompiling 04116478, pcode error at 04116478: Unable to disassemble EXTERNAL block location: 04116478  
2026-07-06 11:54:18 WARN  (DecompileCallback) Decompiling 04116480, pcode error at 04116480: Unable to disassemble EXTERNAL block location: 04116480  
2026-07-06 11:54:18 WARN  (DecompileCallback) Decompiling 04116488, pcode error at 04116488: Unable to disassemble EXTERNAL block location: 04116488  
2026-07-06 11:54:18 WARN  (DecompileCallback) Decompiling 04116490, pcode error at 04116490: Unable to disassemble EXTERNAL block location: 04116490  
2026-07-06 11:54:18 WARN  (DecompileCallback) Decompiling 04116498, pcode error at 04116498: Unable to disassemble EXTERNAL block location: 04116498  
2026-07-06 11:54:18 WARN  (DecompileCallback) Decompiling 041164a0, pcode error at 041164a0: Unable to disassemble EXTERNAL block location: 041164a0  
2026-07-06 11:54:18 WARN  (DecompileCallback) Decompiling 041164a8, pcode error at 041164a8: Unable to disassemble EXTERNAL block location: 041164a8  
2026-07-06 11:54:18 WARN  (DecompileCallback) Decompiling 041164b0, pcode error at 041164b0: Unable to disassemble EXTERNAL block location: 041164b0  
2026-07-06 11:54:18 WARN  (DecompileCallback) Decompiling 041164b8, pcode error at 041164b8: Unable to disassemble EXTERNAL block location: 041164b8  
2026-07-06 11:54:18 WARN  (DecompileCallback) Decompiling 041164c0, pcode error at 041164c0: Unable to disassemble EXTERNAL block location: 041164c0  
2026-07-06 11:54:18 WARN  (DecompileCallback) Decompiling 041164c8, pcode error at 041164c8: Unable to disassemble EXTERNAL block location: 041164c8  
2026-07-06 11:54:18 WARN  (DecompileCallback) Decompiling 041164d0, pcode error at 041164d0: Unable to disassemble EXTERNAL block location: 041164d0  
2026-07-06 11:54:18 WARN  (DecompileCallback) Decompiling 041164d8, pcode error at 041164d8: Unable to disassemble EXTERNAL block location: 041164d8  
2026-07-06 11:54:18 WARN  (DecompileCallback) Decompiling 041164e0, pcode error at 041164e0: Unable to disassemble EXTERNAL block location: 041164e0  
2026-07-06 11:54:18 WARN  (DecompileCallback) Decompiling 041164e8, pcode error at 041164e8: Unable to disassemble EXTERNAL block location: 041164e8  
2026-07-06 11:54:18 WARN  (DecompileCallback) Decompiling 041164f0, pcode error at 041164f0: Unable to disassemble EXTERNAL block location: 041164f0  
2026-07-06 11:54:18 WARN  (DecompileCallback) Decompiling 041164f8, pcode error at 041164f8: Unable to disassemble EXTERNAL block location: 041164f8  
2026-07-06 11:54:18 WARN  (DecompileCallback) Decompiling 04116500, pcode error at 04116500: Unable to disassemble EXTERNAL block location: 04116500  
2026-07-06 11:54:18 WARN  (DecompileCallback) Decompiling 04116508, pcode error at 04116508: Unable to disassemble EXTERNAL block location: 04116508  
2026-07-06 11:54:18 WARN  (DecompileCallback) Decompiling 04116510, pcode error at 04116510: Unable to disassemble EXTERNAL block location: 04116510  
2026-07-06 11:54:18 WARN  (DecompileCallback) Decompiling 04116518, pcode error at 04116518: Unable to disassemble EXTERNAL block location: 04116518  
2026-07-06 11:54:18 WARN  (DecompileCallback) Decompiling 04116520, pcode error at 04116520: Unable to disassemble EXTERNAL block location: 04116520  
2026-07-06 11:54:18 WARN  (DecompileCallback) Decompiling 04116528, pcode error at 04116528: Unable to disassemble EXTERNAL block location: 04116528  
2026-07-06 11:54:18 WARN  (DecompileCallback) Decompiling 04116530, pcode error at 04116530: Unable to disassemble EXTERNAL block location: 04116530  
2026-07-06 11:54:18 WARN  (DecompileCallback) Decompiling 04116538, pcode error at 04116538: Unable to disassemble EXTERNAL block location: 04116538  
2026-07-06 11:54:18 WARN  (DecompileCallback) Decompiling 04116540, pcode error at 04116540: Unable to disassemble EXTERNAL block location: 04116540  
2026-07-06 11:54:18 WARN  (DecompileCallback) Decompiling 04116548, pcode error at 04116548: Unable to disassemble EXTERNAL block location: 04116548  
2026-07-06 11:54:18 WARN  (DecompileCallback) Decompiling 04116550, pcode error at 04116550: Unable to disassemble EXTERNAL block location: 04116550  
2026-07-06 11:54:18 WARN  (DecompileCallback) Decompiling 04116558, pcode error at 04116558: Unable to disassemble EXTERNAL block location: 04116558  
2026-07-06 11:54:18 WARN  (DecompileCallback) Decompiling 04116560, pcode error at 04116560: Unable to disassemble EXTERNAL block location: 04116560  
2026-07-06 11:54:18 WARN  (DecompileCallback) Decompiling 04116568, pcode error at 04116568: Unable to disassemble EXTERNAL block location: 04116568  
2026-07-06 11:54:18 WARN  (DecompileCallback) Decompiling 04116570, pcode error at 04116570: Unable to disassemble EXTERNAL block location: 04116570  
2026-07-06 11:54:18 WARN  (DecompileCallback) Decompiling 04116578, pcode error at 04116578: Unable to disassemble EXTERNAL block location: 04116578  
2026-07-06 11:54:18 WARN  (DecompileCallback) Decompiling 04116580, pcode error at 04116580: Unable to disassemble EXTERNAL block location: 04116580  
2026-07-06 11:54:18 WARN  (DecompileCallback) Decompiling 04116588, pcode error at 04116588: Unable to disassemble EXTERNAL block location: 04116588  
2026-07-06 11:54:18 WARN  (DecompileCallback) Decompiling 04116590, pcode error at 04116590: Unable to disassemble EXTERNAL block location: 04116590  
2026-07-06 11:54:18 WARN  (DecompileCallback) Decompiling 04116598, pcode error at 04116598: Unable to disassemble EXTERNAL block location: 04116598  
2026-07-06 11:54:18 WARN  (DecompileCallback) Decompiling 041165a0, pcode error at 041165a0: Unable to disassemble EXTERNAL block location: 041165a0  
2026-07-06 11:54:18 WARN  (DecompileCallback) Decompiling 041165a8, pcode error at 041165a8: Unable to disassemble EXTERNAL block location: 041165a8  
2026-07-06 11:54:18 WARN  (DecompileCallback) Decompiling 041165b0, pcode error at 041165b0: Unable to disassemble EXTERNAL block location: 041165b0  
2026-07-06 11:54:18 WARN  (DecompileCallback) Decompiling 041165b8, pcode error at 041165b8: Unable to disassemble EXTERNAL block location: 041165b8  
2026-07-06 11:54:18 WARN  (DecompileCallback) Decompiling 041165c0, pcode error at 041165c0: Unable to disassemble EXTERNAL block location: 041165c0  
2026-07-06 11:54:18 WARN  (DecompileCallback) Decompiling 041165c8, pcode error at 041165c8: Unable to disassemble EXTERNAL block location: 041165c8  
2026-07-06 11:54:18 WARN  (DecompileCallback) Decompiling 041165d0, pcode error at 041165d0: Unable to disassemble EXTERNAL block location: 041165d0  
2026-07-06 11:54:18 WARN  (DecompileCallback) Decompiling 041165d8, pcode error at 041165d8: Unable to disassemble EXTERNAL block location: 041165d8  
2026-07-06 11:54:18 WARN  (DecompileCallback) Decompiling 041165e0, pcode error at 041165e0: Unable to disassemble EXTERNAL block location: 041165e0  
2026-07-06 11:54:18 WARN  (DecompileCallback) Decompiling 041165e8, pcode error at 041165e8: Unable to disassemble EXTERNAL block location: 041165e8  
2026-07-06 11:54:18 WARN  (DecompileCallback) Decompiling 041165f0, pcode error at 041165f0: Unable to disassemble EXTERNAL block location: 041165f0  
2026-07-06 11:54:18 WARN  (DecompileCallback) Decompiling 041165f8, pcode error at 041165f8: Unable to disassemble EXTERNAL block location: 041165f8  
2026-07-06 11:54:18 WARN  (DecompileCallback) Decompiling 04116600, pcode error at 04116600: Unable to disassemble EXTERNAL block location: 04116600  
2026-07-06 11:54:18 WARN  (DecompileCallback) Decompiling 04116608, pcode error at 04116608: Unable to disassemble EXTERNAL block location: 04116608  
2026-07-06 11:54:18 WARN  (DecompileCallback) Decompiling 04116610, pcode error at 04116610: Unable to disassemble EXTERNAL block location: 04116610  
2026-07-06 11:54:18 WARN  (DecompileCallback) Decompiling 04116618, pcode error at 04116618: Unable to disassemble EXTERNAL block location: 04116618  
2026-07-06 11:54:18 WARN  (DecompileCallback) Decompiling 04116620, pcode error at 04116620: Unable to disassemble EXTERNAL block location: 04116620  
2026-07-06 11:54:18 WARN  (DecompileCallback) Decompiling 04116628, pcode error at 04116628: Unable to disassemble EXTERNAL block location: 04116628  
2026-07-06 11:54:18 WARN  (DecompileCallback) Decompiling 04116630, pcode error at 04116630: Unable to disassemble EXTERNAL block location: 04116630  
2026-07-06 11:54:18 WARN  (DecompileCallback) Decompiling 04116638, pcode error at 04116638: Unable to disassemble EXTERNAL block location: 04116638  
2026-07-06 11:54:18 WARN  (DecompileCallback) Decompiling 04116640, pcode error at 04116640: Unable to disassemble EXTERNAL block location: 04116640  
2026-07-06 11:54:18 WARN  (DecompileCallback) Decompiling 04116648, pcode error at 04116648: Unable to disassemble EXTERNAL block location: 04116648  
2026-07-06 11:54:18 WARN  (DecompileCallback) Decompiling 04116650, pcode error at 04116650: Unable to disassemble EXTERNAL block location: 04116650  
2026-07-06 11:54:18 WARN  (DecompileCallback) Decompiling 04116658, pcode error at 04116658: Unable to disassemble EXTERNAL block location: 04116658  
2026-07-06 11:54:18 WARN  (DecompileCallback) Decompiling 04116660, pcode error at 04116660: Unable to disassemble EXTERNAL block location: 04116660  
2026-07-06 11:54:18 WARN  (DecompileCallback) Decompiling 04116668, pcode error at 04116668: Unable to disassemble EXTERNAL block location: 04116668  
2026-07-06 11:54:18 WARN  (DecompileCallback) Decompiling 04116670, pcode error at 04116670: Unable to disassemble EXTERNAL block location: 04116670  
2026-07-06 11:54:18 WARN  (DecompileCallback) Decompiling 04116678, pcode error at 04116678: Unable to disassemble EXTERNAL block location: 04116678  
2026-07-06 11:54:18 WARN  (DecompileCallback) Decompiling 04116680, pcode error at 04116680: Unable to disassemble EXTERNAL block location: 04116680  
2026-07-06 11:54:18 WARN  (DecompileCallback) Decompiling 04116688, pcode error at 04116688: Unable to disassemble EXTERNAL block location: 04116688  
2026-07-06 11:54:18 WARN  (DecompileCallback) Decompiling 04116690, pcode error at 04116690: Unable to disassemble EXTERNAL block location: 04116690  
2026-07-06 11:54:18 WARN  (DecompileCallback) Decompiling 04116698, pcode error at 04116698: Unable to disassemble EXTERNAL block location: 04116698  
2026-07-06 11:54:18 WARN  (DecompileCallback) Decompiling 041166a0, pcode error at 041166a0: Unable to disassemble EXTERNAL block location: 041166a0  
2026-07-06 11:54:18 WARN  (DecompileCallback) Decompiling 041166a8, pcode error at 041166a8: Unable to disassemble EXTERNAL block location: 041166a8  
2026-07-06 11:54:18 WARN  (DecompileCallback) Decompiling 041166b0, pcode error at 041166b0: Unable to disassemble EXTERNAL block location: 041166b0  
2026-07-06 11:54:18 WARN  (DecompileCallback) Decompiling 041166b8, pcode error at 041166b8: Unable to disassemble EXTERNAL block location: 041166b8  
2026-07-06 11:54:18 WARN  (DecompileCallback) Decompiling 041166c0, pcode error at 041166c0: Unable to disassemble EXTERNAL block location: 041166c0  
2026-07-06 11:54:18 WARN  (DecompileCallback) Decompiling 041166c8, pcode error at 041166c8: Unable to disassemble EXTERNAL block location: 041166c8  
2026-07-06 11:54:18 WARN  (DecompileCallback) Decompiling 041166d0, pcode error at 041166d0: Unable to disassemble EXTERNAL block location: 041166d0  
2026-07-06 11:54:18 WARN  (DecompileCallback) Decompiling 041166d8, pcode error at 041166d8: Unable to disassemble EXTERNAL block location: 041166d8  
2026-07-06 11:54:18 WARN  (DecompileCallback) Decompiling 041166e0, pcode error at 041166e0: Unable to disassemble EXTERNAL block location: 041166e0  
2026-07-06 11:54:18 WARN  (DecompileCallback) Decompiling 041166e8, pcode error at 041166e8: Unable to disassemble EXTERNAL block location: 041166e8  
2026-07-06 11:54:18 WARN  (DecompileCallback) Decompiling 041166f0, pcode error at 041166f0: Unable to disassemble EXTERNAL block location: 041166f0  
2026-07-06 11:54:18 WARN  (DecompileCallback) Decompiling 041166f8, pcode error at 041166f8: Unable to disassemble EXTERNAL block location: 041166f8  
2026-07-06 11:54:18 WARN  (DecompileCallback) Decompiling 04116700, pcode error at 04116700: Unable to disassemble EXTERNAL block location: 04116700  
2026-07-06 11:54:18 WARN  (DecompileCallback) Decompiling 04116708, pcode error at 04116708: Unable to disassemble EXTERNAL block location: 04116708  
2026-07-06 11:54:18 WARN  (DecompileCallback) Decompiling 04116710, pcode error at 04116710: Unable to disassemble EXTERNAL block location: 04116710  
2026-07-06 11:54:18 WARN  (DecompileCallback) Decompiling 04116718, pcode error at 04116718: Unable to disassemble EXTERNAL block location: 04116718  
2026-07-06 11:54:18 WARN  (DecompileCallback) Decompiling 04116720, pcode error at 04116720: Unable to disassemble EXTERNAL block location: 04116720  
2026-07-06 11:54:18 WARN  (DecompileCallback) Decompiling 04116728, pcode error at 04116728: Unable to disassemble EXTERNAL block location: 04116728  
2026-07-06 11:54:18 WARN  (DecompileCallback) Decompiling 04116730, pcode error at 04116730: Unable to disassemble EXTERNAL block location: 04116730  
2026-07-06 11:54:18 WARN  (DecompileCallback) Decompiling 04116738, pcode error at 04116738: Unable to disassemble EXTERNAL block location: 04116738  
2026-07-06 11:54:18 WARN  (DecompileCallback) Decompiling 04116740, pcode error at 04116740: Unable to disassemble EXTERNAL block location: 04116740  
2026-07-06 11:54:18 WARN  (DecompileCallback) Decompiling 04116748, pcode error at 04116748: Unable to disassemble EXTERNAL block location: 04116748  
2026-07-06 11:54:18 WARN  (DecompileCallback) Decompiling 04116750, pcode error at 04116750: Unable to disassemble EXTERNAL block location: 04116750  
2026-07-06 11:54:18 WARN  (DecompileCallback) Decompiling 04116758, pcode error at 04116758: Unable to disassemble EXTERNAL block location: 04116758  
2026-07-06 11:54:18 WARN  (DecompileCallback) Decompiling 04116760, pcode error at 04116760: Unable to disassemble EXTERNAL block location: 04116760  
2026-07-06 11:54:18 WARN  (DecompileCallback) Decompiling 04116768, pcode error at 04116768: Unable to disassemble EXTERNAL block location: 04116768  
2026-07-06 11:54:18 WARN  (DecompileCallback) Decompiling 04116770, pcode error at 04116770: Unable to disassemble EXTERNAL block location: 04116770  
2026-07-06 11:54:18 WARN  (DecompileCallback) Decompiling 04116778, pcode error at 04116778: Unable to disassemble EXTERNAL block location: 04116778  
2026-07-06 11:54:18 WARN  (DecompileCallback) Decompiling 04116780, pcode error at 04116780: Unable to disassemble EXTERNAL block location: 04116780  
2026-07-06 11:54:18 WARN  (DecompileCallback) Decompiling 04116788, pcode error at 04116788: Unable to disassemble EXTERNAL block location: 04116788  
2026-07-06 11:54:18 WARN  (DecompileCallback) Decompiling 04116790, pcode error at 04116790: Unable to disassemble EXTERNAL block location: 04116790  
2026-07-06 11:54:18 WARN  (DecompileCallback) Decompiling 04116798, pcode error at 04116798: Unable to disassemble EXTERNAL block location: 04116798  
2026-07-06 11:54:18 WARN  (DecompileCallback) Decompiling 041167a0, pcode error at 041167a0: Unable to disassemble EXTERNAL block location: 041167a0  
2026-07-06 11:54:18 WARN  (DecompileCallback) Decompiling 041167a8, pcode error at 041167a8: Unable to disassemble EXTERNAL block location: 041167a8  
2026-07-06 11:54:18 WARN  (DecompileCallback) Decompiling 041167b0, pcode error at 041167b0: Unable to disassemble EXTERNAL block location: 041167b0  
2026-07-06 11:54:18 WARN  (DecompileCallback) Decompiling 041167b8, pcode error at 041167b8: Unable to disassemble EXTERNAL block location: 041167b8  
2026-07-06 11:54:18 WARN  (DecompileCallback) Decompiling 041167c0, pcode error at 041167c0: Unable to disassemble EXTERNAL block location: 041167c0  
2026-07-06 11:54:18 WARN  (DecompileCallback) Decompiling 041167c8, pcode error at 041167c8: Unable to disassemble EXTERNAL block location: 041167c8  
2026-07-06 11:54:18 WARN  (DecompileCallback) Decompiling 041167d0, pcode error at 041167d0: Unable to disassemble EXTERNAL block location: 041167d0  
2026-07-06 11:54:18 WARN  (DecompileCallback) Decompiling 041167e0, pcode error at 041167e0: Unable to disassemble EXTERNAL block location: 041167e0  
2026-07-06 11:54:18 WARN  (DecompileCallback) Decompiling 041167e8, pcode error at 041167e8: Unable to disassemble EXTERNAL block location: 041167e8  
2026-07-06 11:54:18 WARN  (DecompileCallback) Decompiling 041167f0, pcode error at 041167f0: Unable to disassemble EXTERNAL block location: 041167f0  
2026-07-06 11:54:18 WARN  (DecompileCallback) Decompiling 041167f8, pcode error at 041167f8: Unable to disassemble EXTERNAL block location: 041167f8  
2026-07-06 11:54:18 WARN  (DecompileCallback) Decompiling 04116800, pcode error at 04116800: Unable to disassemble EXTERNAL block location: 04116800  
2026-07-06 11:54:18 WARN  (DecompileCallback) Decompiling 04116808, pcode error at 04116808: Unable to disassemble EXTERNAL block location: 04116808  
2026-07-06 11:54:18 WARN  (DecompileCallback) Decompiling 04116810, pcode error at 04116810: Unable to disassemble EXTERNAL block location: 04116810  
2026-07-06 11:54:18 WARN  (DecompileCallback) Decompiling 04116818, pcode error at 04116818: Unable to disassemble EXTERNAL block location: 04116818  
2026-07-06 11:54:19 INFO  (GhidraScript) GeneralStructureEyePatternScan.java> General structure scan complete.  
2026-07-06 11:54:19 INFO  (GhidraScript) GeneralStructureEyePatternScan.java> Total functions scanned: 253489  
2026-07-06 11:54:19 INFO  (GhidraScript) GeneralStructureEyePatternScan.java> Exported functions: 562  
2026-07-06 11:54:19 INFO  (GhidraScript) GeneralStructureEyePatternScan.java> Decompile failures: 2  
2026-07-06 11:54:19 INFO  (GhidraScript) GeneralStructureEyePatternScan.java> Report CSV: C:\realDesktop\manifest-evaluations\summer-26\ghidra-pipeline\il2cpp-files\FruitBladeVR\general-structure-results\structure_scan_report.csv  
2026-07-06 11:54:19 INFO  (GhidraScript) GeneralStructureEyePatternScan.java> Report JSON: C:\realDesktop\manifest-evaluations\summer-26\ghidra-pipeline\il2cpp-files\FruitBladeVR\general-structure-results\structure_scan_report.json  
2026-07-06 11:54:19 INFO  (HeadlessAnalyzer) REPORT: Save succeeded for processed file: /FruitBladeVR-libil2cpp.so  
2026-07-06 12:36:18 INFO  (LoggingInitialization) Using log config file: jar:file:/C:/Users/kimgiordano27/Downloads/ghidra_12.1.2_PUBLIC_20260605/ghidra_12.1.2_PUBLIC/Ghidra/Framework/Generic/lib/Generic.jar!/generic.log4j.xml  
2026-07-06 12:36:18 INFO  (LoggingInitialization) Using log file: C:\realDesktop\manifest-evaluations\summer-26\ghidra-pipeline\il2cpp-files\FruitBladeVR\general-structure-ghidra.log  
2026-07-06 12:36:18 DEBUG (GhidraObjectInputFilter) Including serial input filter: FileSystem/data/client.rmi.serial.filter  
2026-07-06 12:36:18 INFO  (Preferences) Loading user preferences: C:\Users\kimgiordano27\AppData\Roaming\ghidra\ghidra_12.1.2_PUBLIC\preferences  
2026-07-06 12:36:18 INFO  (ClassSearcher) Searching for classes...  
2026-07-06 12:36:18 INFO  (ClassSearcher) Class search complete (732 ms)  
2026-07-06 12:36:19 INFO  (DefaultSSLContextInitializer) Initializing SSL Context  
2026-07-06 12:36:19 INFO  (SecureRandomFactory) Initializing Random Number Generator...  
2026-07-06 12:36:19 INFO  (SecureRandomFactory) Random Number Generator initialization complete: SHA1PRNG  
2026-07-06 12:36:19 INFO  (DefaultTrustManagerFactory) Trust manager disabled, cacerts have not been set  
2026-07-06 12:36:19 INFO  (AnalyzeHeadless) Headless startup complete (7611 ms)  
2026-07-06 12:36:19 INFO  (ClassSearcher) Class searcher loaded 59 extension points (20 false positives)  
2026-07-06 12:36:19 INFO  (HeadlessAnalyzer) HEADLESS Script Paths:
    C:\Users\kimgiordano27\Downloads\ghidra_12.1.2_PUBLIC_20260605\ghidra_12.1.2_PUBLIC\Ghidra\Features\DecompilerDependent\ghidra_scripts
    C:\Users\kimgiordano27\Downloads\ghidra_12.1.2_PUBLIC_20260605\ghidra_12.1.2_PUBLIC\Ghidra\Processors\Atmel\ghidra_scripts
    C:\Users\kimgiordano27\Downloads\ghidra_12.1.2_PUBLIC_20260605\ghidra_12.1.2_PUBLIC\Ghidra\Processors\PIC\ghidra_scripts
    C:\Users\kimgiordano27\Downloads\ghidra_12.1.2_PUBLIC_20260605\ghidra_12.1.2_PUBLIC\Ghidra\Features\VersionTracking\ghidra_scripts
    C:\Users\kimgiordano27\Downloads\ghidra_12.1.2_PUBLIC_20260605\ghidra_12.1.2_PUBLIC\Ghidra\Features\BytePatterns\ghidra_scripts
    C:\Users\kimgiordano27\ghidra_scripts
    C:\Users\kimgiordano27\Downloads\ghidra_12.1.2_PUBLIC_20260605\ghidra_12.1.2_PUBLIC\Ghidra\Features\BSim\ghidra_scripts
    C:\realDesktop\manifest-evaluations\summer-26\ghidra-pipeline\ghidra-export-scripts
    C:\Users\kimgiordano27\Downloads\ghidra_12.1.2_PUBLIC_20260605\ghidra_12.1.2_PUBLIC\Ghidra\Processors\JVM\ghidra_scripts
    C:\Users\kimgiordano27\Downloads\ghidra_12.1.2_PUBLIC_20260605\ghidra_12.1.2_PUBLIC\Ghidra\Features\Base\ghidra_scripts
    C:\Users\kimgiordano27\Downloads\ghidra_12.1.2_PUBLIC_20260605\ghidra_12.1.2_PUBLIC\Ghidra\Features\SwiftDemangler\ghidra_scripts
    C:\Users\kimgiordano27\Downloads\ghidra_12.1.2_PUBLIC_20260605\ghidra_12.1.2_PUBLIC\Ghidra\Features\WildcardAssembler\ghidra_scripts
    C:\Users\kimgiordano27\Downloads\ghidra_12.1.2_PUBLIC_20260605\ghidra_12.1.2_PUBLIC\Ghidra\Features\FileFormats\ghidra_scripts
    C:\Users\kimgiordano27\Downloads\ghidra_12.1.2_PUBLIC_20260605\ghidra_12.1.2_PUBLIC\Ghidra\Features\Decompiler\ghidra_scripts
    C:\Users\kimgiordano27\Downloads\ghidra_12.1.2_PUBLIC_20260605\ghidra_12.1.2_PUBLIC\Ghidra\Features\SystemEmulation\ghidra_scripts
    C:\Users\kimgiordano27\Downloads\ghidra_12.1.2_PUBLIC_20260605\ghidra_12.1.2_PUBLIC\Ghidra\Processors\8051\ghidra_scripts
    C:\Users\kimgiordano27\Downloads\ghidra_12.1.2_PUBLIC_20260605\ghidra_12.1.2_PUBLIC\Ghidra\Features\GnuDemangler\ghidra_scripts
    C:\Users\kimgiordano27\Downloads\ghidra_12.1.2_PUBLIC_20260605\ghidra_12.1.2_PUBLIC\Ghidra\Debug\Debugger\ghidra_scripts
    C:\Users\kimgiordano27\Downloads\ghidra_12.1.2_PUBLIC_20260605\ghidra_12.1.2_PUBLIC\Ghidra\Processors\DATA\ghidra_scripts
    C:\Users\kimgiordano27\Downloads\ghidra_12.1.2_PUBLIC_20260605\ghidra_12.1.2_PUBLIC\Ghidra\Debug\Debugger-rmi-trace\ghidra_scripts
    C:\Users\kimgiordano27\Downloads\ghidra_12.1.2_PUBLIC_20260605\ghidra_12.1.2_PUBLIC\Ghidra\Features\FunctionID\ghidra_scripts
    C:\Users\kimgiordano27\Downloads\ghidra_12.1.2_PUBLIC_20260605\ghidra_12.1.2_PUBLIC\Ghidra\Features\MicrosoftCodeAnalyzer\ghidra_scripts
    C:\Users\kimgiordano27\Downloads\ghidra_12.1.2_PUBLIC_20260605\ghidra_12.1.2_PUBLIC\Ghidra\Features\PDB\ghidra_scripts
    C:\Users\kimgiordano27\AppData\Roaming\ghidra\ghidra_12.1.2_PUBLIC\Extensions\Jython\ghidra_scripts
    C:\Users\kimgiordano27\Downloads\ghidra_12.1.2_PUBLIC_20260605\ghidra_12.1.2_PUBLIC\Ghidra\Features\PyGhidra\ghidra_scripts  
2026-07-06 12:36:19 INFO  (HeadlessAnalyzer) HEADLESS: execution starts  
2026-07-06 12:36:19 INFO  (HeadlessAnalyzer) Opening existing project: C:\realDesktop\manifest-evaluations\summer-26\ghidra-pipeline\il2cpp-files\FruitBladeVR\ghidra-project\FruitBladeVR  
2026-07-06 12:36:19 INFO  (HeadlessProject) Opening project: C:\realDesktop\manifest-evaluations\summer-26\ghidra-pipeline\il2cpp-files\FruitBladeVR\ghidra-project\FruitBladeVR  
2026-07-06 12:36:22 INFO  (HeadlessAnalyzer) REPORT: Processing project file: /FruitBladeVR-libil2cpp.so  
2026-07-06 12:36:22 INFO  (HeadlessAnalyzer) REPORT: Execute script: GeneralStructureEyePatternScan.java 'C:\realDesktop\manifest-evaluations\summer-26\ghidra-pipeline\il2cpp-files\FruitBladeVR\general-structure-results' '35' 'false'   
2026-07-06 12:36:22 INFO  (HeadlessAnalyzer) SCRIPT: C:\realDesktop\manifest-evaluations\summer-26\ghidra-pipeline\ghidra-export-scripts\GeneralStructureEyePatternScan.java  
2026-07-06 12:36:22 INFO  (GhidraScript) GeneralStructureEyePatternScan.java> General structure scan starting...  
2026-07-06 12:36:22 INFO  (GhidraScript) GeneralStructureEyePatternScan.java> Output: C:\realDesktop\manifest-evaluations\summer-26\ghidra-pipeline\il2cpp-files\FruitBladeVR\general-structure-results  
2026-07-06 12:36:22 INFO  (GhidraScript) GeneralStructureEyePatternScan.java> Minimum review score: 35  
2026-07-06 12:36:22 INFO  (GhidraScript) GeneralStructureEyePatternScan.java> Export all: false  
2026-07-06 12:36:24 INFO  (GhidraScript) GeneralStructureEyePatternScan.java> Scanned 500 functions. Exported so far: 0  
2026-07-06 12:36:25 INFO  (GhidraScript) GeneralStructureEyePatternScan.java> Scanned 1000 functions. Exported so far: 0  
2026-07-06 12:36:26 INFO  (GhidraScript) GeneralStructureEyePatternScan.java> Scanned 1500 functions. Exported so far: 0  
2026-07-06 12:36:27 INFO  (GhidraScript) GeneralStructureEyePatternScan.java> Scanned 2000 functions. Exported so far: 0  
2026-07-06 12:36:27 INFO  (GhidraScript) GeneralStructureEyePatternScan.java> Scanned 2500 functions. Exported so far: 0  
2026-07-06 12:36:28 INFO  (GhidraScript) GeneralStructureEyePatternScan.java> Scanned 3000 functions. Exported so far: 0  
2026-07-06 12:36:29 INFO  (GhidraScript) GeneralStructureEyePatternScan.java> Scanned 3500 functions. Exported so far: 0  
2026-07-06 12:36:29 INFO  (GhidraScript) GeneralStructureEyePatternScan.java> Scanned 4000 functions. Exported so far: 0  
2026-07-06 12:36:30 INFO  (GhidraScript) GeneralStructureEyePatternScan.java> Scanned 4500 functions. Exported so far: 0  
2026-07-06 12:36:30 INFO  (GhidraScript) GeneralStructureEyePatternScan.java> Scanned 5000 functions. Exported so far: 0  
2026-07-06 12:36:31 INFO  (GhidraScript) GeneralStructureEyePatternScan.java> Scanned 5500 functions. Exported so far: 0  
2026-07-06 12:36:31 INFO  (GhidraScript) GeneralStructureEyePatternScan.java> Scanned 6000 functions. Exported so far: 0  
2026-07-06 12:36:32 INFO  (GhidraScript) GeneralStructureEyePatternScan.java> Scanned 6500 functions. Exported so far: 0  
2026-07-06 12:36:33 INFO  (GhidraScript) GeneralStructureEyePatternScan.java> Scanned 7000 functions. Exported so far: 0  
2026-07-06 12:36:33 INFO  (GhidraScript) GeneralStructureEyePatternScan.java> Scanned 7500 functions. Exported so far: 0  
2026-07-06 12:36:34 INFO  (GhidraScript) GeneralStructureEyePatternScan.java> Scanned 8000 functions. Exported so far: 0  
2026-07-06 12:36:35 INFO  (GhidraScript) GeneralStructureEyePatternScan.java> Scanned 8500 functions. Exported so far: 0  
2026-07-06 12:36:35 INFO  (GhidraScript) GeneralStructureEyePatternScan.java> Scanned 9000 functions. Exported so far: 0  
2026-07-06 12:36:36 INFO  (GhidraScript) GeneralStructureEyePatternScan.java> Scanned 9500 functions. Exported so far: 0  
2026-07-06 12:36:36 INFO  (GhidraScript) GeneralStructureEyePatternScan.java> Scanned 10000 functions. Exported so far: 0  
2026-07-06 12:36:37 INFO  (GhidraScript) GeneralStructureEyePatternScan.java> Scanned 10500 functions. Exported so far: 0  
2026-07-06 12:36:37 INFO  (GhidraScript) GeneralStructureEyePatternScan.java> Scanned 11000 functions. Exported so far: 0  
2026-07-06 12:36:38 INFO  (GhidraScript) GeneralStructureEyePatternScan.java> Scanned 11500 functions. Exported so far: 0  
2026-07-06 12:36:38 INFO  (GhidraScript) GeneralStructureEyePatternScan.java> Scanned 12000 functions. Exported so far: 0  
2026-07-06 12:36:38 INFO  (GhidraScript) GeneralStructureEyePatternScan.java> Scanned 12500 functions. Exported so far: 0  
2026-07-06 12:36:39 INFO  (GhidraScript) GeneralStructureEyePatternScan.java> Scanned 13000 functions. Exported so far: 0  
2026-07-06 12:36:40 INFO  (GhidraScript) GeneralStructureEyePatternScan.java> Scanned 13500 functions. Exported so far: 0  
2026-07-06 12:36:41 INFO  (GhidraScript) GeneralStructureEyePatternScan.java> Scanned 14000 functions. Exported so far: 0  
2026-07-06 12:36:42 INFO  (GhidraScript) GeneralStructureEyePatternScan.java> Scanned 14500 functions. Exported so far: 0  
2026-07-06 12:36:43 INFO  (GhidraScript) GeneralStructureEyePatternScan.java> Scanned 15000 functions. Exported so far: 0  
2026-07-06 12:36:43 INFO  (GhidraScript) GeneralStructureEyePatternScan.java> Scanned 15500 functions. Exported so far: 0  
2026-07-06 12:36:44 INFO  (GhidraScript) GeneralStructureEyePatternScan.java> Scanned 16000 functions. Exported so far: 0  
2026-07-06 12:36:44 INFO  (GhidraScript) GeneralStructureEyePatternScan.java> Scanned 16500 functions. Exported so far: 0  
2026-07-06 12:36:44 INFO  (GhidraScript) GeneralStructureEyePatternScan.java> Scanned 17000 functions. Exported so far: 0  
2026-07-06 12:36:45 INFO  (GhidraScript) GeneralStructureEyePatternScan.java> Scanned 17500 functions. Exported so far: 0  
2026-07-06 12:36:45 INFO  (GhidraScript) GeneralStructureEyePatternScan.java> Scanned 18000 functions. Exported so far: 0  
2026-07-06 12:36:46 INFO  (GhidraScript) GeneralStructureEyePatternScan.java> Scanned 18500 functions. Exported so far: 0  
2026-07-06 12:36:46 INFO  (GhidraScript) GeneralStructureEyePatternScan.java> Scanned 19000 functions. Exported so far: 0  
2026-07-06 12:36:46 INFO  (GhidraScript) GeneralStructureEyePatternScan.java> Scanned 19500 functions. Exported so far: 0  
2026-07-06 12:36:47 INFO  (GhidraScript) GeneralStructureEyePatternScan.java> Scanned 20000 functions. Exported so far: 0  
2026-07-06 12:36:47 INFO  (GhidraScript) GeneralStructureEyePatternScan.java> Scanned 20500 functions. Exported so far: 0  
2026-07-06 12:36:47 INFO  (GhidraScript) GeneralStructureEyePatternScan.java> Scanned 21000 functions. Exported so far: 0  
2026-07-06 12:36:48 INFO  (GhidraScript) GeneralStructureEyePatternScan.java> Scanned 21500 functions. Exported so far: 0  
2026-07-06 12:36:48 INFO  (GhidraScript) GeneralStructureEyePatternScan.java> Scanned 22000 functions. Exported so far: 0  
2026-07-06 12:36:48 INFO  (GhidraScript) GeneralStructureEyePatternScan.java> Scanned 22500 functions. Exported so far: 0  
2026-07-06 12:36:49 INFO  (GhidraScript) GeneralStructureEyePatternScan.java> Scanned 23000 functions. Exported so far: 0  
2026-07-06 12:36:49 INFO  (GhidraScript) GeneralStructureEyePatternScan.java> Scanned 23500 functions. Exported so far: 0  
2026-07-06 12:36:49 INFO  (GhidraScript) GeneralStructureEyePatternScan.java> Scanned 24000 functions. Exported so far: 0  
2026-07-06 12:36:50 INFO  (GhidraScript) GeneralStructureEyePatternScan.java> Scanned 24500 functions. Exported so far: 0  
2026-07-06 12:36:50 INFO  (GhidraScript) GeneralStructureEyePatternScan.java> Scanned 25000 functions. Exported so far: 0  
2026-07-06 12:36:51 INFO  (GhidraScript) GeneralStructureEyePatternScan.java> Scanned 25500 functions. Exported so far: 0  
2026-07-06 12:36:51 INFO  (GhidraScript) GeneralStructureEyePatternScan.java> Scanned 26000 functions. Exported so far: 0  
2026-07-06 12:36:52 INFO  (GhidraScript) GeneralStructureEyePatternScan.java> Scanned 26500 functions. Exported so far: 0  
2026-07-06 12:36:52 INFO  (GhidraScript) GeneralStructureEyePatternScan.java> Scanned 27000 functions. Exported so far: 0  
2026-07-06 12:36:53 INFO  (GhidraScript) GeneralStructureEyePatternScan.java> Scanned 27500 functions. Exported so far: 0  
2026-07-06 12:36:54 INFO  (GhidraScript) GeneralStructureEyePatternScan.java> Scanned 28000 functions. Exported so far: 0  
2026-07-06 12:36:54 INFO  (GhidraScript) GeneralStructureEyePatternScan.java> Scanned 28500 functions. Exported so far: 0  
2026-07-06 12:36:55 INFO  (GhidraScript) GeneralStructureEyePatternScan.java> Scanned 29000 functions. Exported so far: 0  
2026-07-06 12:36:55 INFO  (GhidraScript) GeneralStructureEyePatternScan.java> Scanned 29500 functions. Exported so far: 0  
2026-07-06 12:36:56 INFO  (GhidraScript) GeneralStructureEyePatternScan.java> Scanned 30000 functions. Exported so far: 0  
2026-07-06 12:36:57 INFO  (GhidraScript) GeneralStructureEyePatternScan.java> Scanned 30500 functions. Exported so far: 0  
2026-07-06 12:36:58 INFO  (GhidraScript) GeneralStructureEyePatternScan.java> Scanned 31000 functions. Exported so far: 0  
2026-07-06 12:36:59 INFO  (GhidraScript) GeneralStructureEyePatternScan.java> Scanned 31500 functions. Exported so far: 0  
2026-07-06 12:37:00 INFO  (GhidraScript) GeneralStructureEyePatternScan.java> Scanned 32000 functions. Exported so far: 0  
2026-07-06 12:37:01 INFO  (GhidraScript) GeneralStructureEyePatternScan.java> Scanned 32500 functions. Exported so far: 0  
2026-07-06 12:37:02 INFO  (GhidraScript) GeneralStructureEyePatternScan.java> Scanned 33000 functions. Exported so far: 0  
2026-07-06 12:37:03 INFO  (GhidraScript) GeneralStructureEyePatternScan.java> Scanned 33500 functions. Exported so far: 0  
2026-07-06 12:37:03 INFO  (GhidraScript) GeneralStructureEyePatternScan.java> Scanned 34000 functions. Exported so far: 0  
2026-07-06 12:37:04 INFO  (GhidraScript) GeneralStructureEyePatternScan.java> Scanned 34500 functions. Exported so far: 0  
2026-07-06 12:37:05 INFO  (GhidraScript) GeneralStructureEyePatternScan.java> Scanned 35000 functions. Exported so far: 0  
2026-07-06 12:37:06 INFO  (GhidraScript) GeneralStructureEyePatternScan.java> Scanned 35500 functions. Exported so far: 0  
2026-07-06 12:37:07 INFO  (GhidraScript) GeneralStructureEyePatternScan.java> Scanned 36000 functions. Exported so far: 0  
2026-07-06 12:37:07 INFO  (GhidraScript) GeneralStructureEyePatternScan.java> Scanned 36500 functions. Exported so far: 0  
2026-07-06 12:37:08 INFO  (GhidraScript) GeneralStructureEyePatternScan.java> Scanned 37000 functions. Exported so far: 0  
2026-07-06 12:37:09 INFO  (GhidraScript) GeneralStructureEyePatternScan.java> Scanned 37500 functions. Exported so far: 0  
2026-07-06 12:37:10 INFO  (GhidraScript) GeneralStructureEyePatternScan.java> Scanned 38000 functions. Exported so far: 0  
2026-07-06 12:37:11 INFO  (GhidraScript) GeneralStructureEyePatternScan.java> Scanned 38500 functions. Exported so far: 0  
2026-07-06 12:37:11 INFO  (GhidraScript) GeneralStructureEyePatternScan.java> Scanned 39000 functions. Exported so far: 0  
2026-07-06 12:37:12 INFO  (GhidraScript) GeneralStructureEyePatternScan.java> Scanned 39500 functions. Exported so far: 0  
2026-07-06 12:37:13 INFO  (GhidraScript) GeneralStructureEyePatternScan.java> Scanned 40000 functions. Exported so far: 0  
2026-07-06 12:37:14 INFO  (GhidraScript) GeneralStructureEyePatternScan.java> Scanned 40500 functions. Exported so far: 0  
2026-07-06 12:37:14 INFO  (GhidraScript) GeneralStructureEyePatternScan.java> Scanned 41000 functions. Exported so far: 0  
2026-07-06 12:37:15 INFO  (GhidraScript) GeneralStructureEyePatternScan.java> Scanned 41500 functions. Exported so far: 0  
2026-07-06 12:37:16 INFO  (GhidraScript) GeneralStructureEyePatternScan.java> Scanned 42000 functions. Exported so far: 0  
2026-07-06 12:37:16 INFO  (GhidraScript) GeneralStructureEyePatternScan.java> Scanned 42500 functions. Exported so far: 0  
2026-07-06 12:37:17 INFO  (GhidraScript) GeneralStructureEyePatternScan.java> Scanned 43000 functions. Exported so far: 0  
2026-07-06 12:37:18 INFO  (GhidraScript) GeneralStructureEyePatternScan.java> Scanned 43500 functions. Exported so far: 0  
2026-07-06 12:37:19 INFO  (GhidraScript) GeneralStructureEyePatternScan.java> Scanned 44000 functions. Exported so far: 0  
2026-07-06 12:37:21 INFO  (GhidraScript) GeneralStructureEyePatternScan.java> Scanned 44500 functions. Exported so far: 0  
2026-07-06 12:37:22 INFO  (GhidraScript) GeneralStructureEyePatternScan.java> Scanned 45000 functions. Exported so far: 0  
2026-07-06 12:37:23 INFO  (GhidraScript) GeneralStructureEyePatternScan.java> Scanned 45500 functions. Exported so far: 0  
2026-07-06 12:37:24 INFO  (GhidraScript) GeneralStructureEyePatternScan.java> Scanned 46000 functions. Exported so far: 0  
2026-07-06 12:37:25 INFO  (GhidraScript) GeneralStructureEyePatternScan.java> Scanned 46500 functions. Exported so far: 0  
2026-07-06 12:37:25 INFO  (GhidraScript) GeneralStructureEyePatternScan.java> Scanned 47000 functions. Exported so far: 0  
2026-07-06 12:37:26 INFO  (GhidraScript) GeneralStructureEyePatternScan.java> Scanned 47500 functions. Exported so far: 0  
2026-07-06 12:37:27 INFO  (GhidraScript) GeneralStructureEyePatternScan.java> Scanned 48000 functions. Exported so far: 0  
2026-07-06 12:37:28 INFO  (GhidraScript) GeneralStructureEyePatternScan.java> Scanned 48500 functions. Exported so far: 0  
2026-07-06 12:37:28 INFO  (GhidraScript) GeneralStructureEyePatternScan.java> Scanned 49000 functions. Exported so far: 0  
2026-07-06 12:37:29 INFO  (GhidraScript) GeneralStructureEyePatternScan.java> Scanned 49500 functions. Exported so far: 0  
2026-07-06 12:37:30 INFO  (GhidraScript) GeneralStructureEyePatternScan.java> Scanned 50000 functions. Exported so far: 0  
2026-07-06 12:37:31 INFO  (GhidraScript) GeneralStructureEyePatternScan.java> Scanned 50500 functions. Exported so far: 0  
2026-07-06 12:37:32 INFO  (GhidraScript) GeneralStructureEyePatternScan.java> Scanned 51000 functions. Exported so far: 0  
2026-07-06 12:37:32 INFO  (GhidraScript) GeneralStructureEyePatternScan.java> Scanned 51500 functions. Exported so far: 0  
2026-07-06 12:37:33 INFO  (GhidraScript) GeneralStructureEyePatternScan.java> Scanned 52000 functions. Exported so far: 0  
2026-07-06 12:37:34 INFO  (GhidraScript) GeneralStructureEyePatternScan.java> Scanned 52500 functions. Exported so far: 0  
2026-07-06 12:37:34 INFO  (GhidraScript) GeneralStructureEyePatternScan.java> Scanned 53000 functions. Exported so far: 0  
2026-07-06 12:37:35 INFO  (GhidraScript) GeneralStructureEyePatternScan.java> Scanned 53500 functions. Exported so far: 0  
2026-07-06 12:37:36 INFO  (GhidraScript) GeneralStructureEyePatternScan.java> Scanned 54000 functions. Exported so far: 0  
2026-07-06 12:37:37 INFO  (GhidraScript) GeneralStructureEyePatternScan.java> Scanned 54500 functions. Exported so far: 0  
2026-07-06 12:37:38 INFO  (GhidraScript) GeneralStructureEyePatternScan.java> Scanned 55000 functions. Exported so far: 0  
2026-07-06 12:37:39 INFO  (GhidraScript) GeneralStructureEyePatternScan.java> Scanned 55500 functions. Exported so far: 0  
2026-07-06 12:37:39 INFO  (GhidraScript) GeneralStructureEyePatternScan.java> Scanned 56000 functions. Exported so far: 0  
2026-07-06 12:37:40 INFO  (GhidraScript) GeneralStructureEyePatternScan.java> Scanned 56500 functions. Exported so far: 0  
2026-07-06 12:37:41 INFO  (GhidraScript) GeneralStructureEyePatternScan.java> Scanned 57000 functions. Exported so far: 0  
2026-07-06 12:37:42 INFO  (GhidraScript) GeneralStructureEyePatternScan.java> Scanned 57500 functions. Exported so far: 0  
2026-07-06 12:37:42 INFO  (GhidraScript) GeneralStructureEyePatternScan.java> Scanned 58000 functions. Exported so far: 0  
2026-07-06 12:37:43 INFO  (GhidraScript) GeneralStructureEyePatternScan.java> Scanned 58500 functions. Exported so far: 0  
2026-07-06 12:37:44 INFO  (GhidraScript) GeneralStructureEyePatternScan.java> Scanned 59000 functions. Exported so far: 0  
2026-07-06 12:37:44 INFO  (GhidraScript) GeneralStructureEyePatternScan.java> Scanned 59500 functions. Exported so far: 0  
2026-07-06 12:37:45 INFO  (GhidraScript) GeneralStructureEyePatternScan.java> Scanned 60000 functions. Exported so far: 0  
2026-07-06 12:37:45 INFO  (GhidraScript) GeneralStructureEyePatternScan.java> Scanned 60500 functions. Exported so far: 0  
2026-07-06 12:37:46 INFO  (GhidraScript) GeneralStructureEyePatternScan.java> Scanned 61000 functions. Exported so far: 0  
2026-07-06 12:37:46 INFO  (GhidraScript) GeneralStructureEyePatternScan.java> Scanned 61500 functions. Exported so far: 0  
2026-07-06 12:37:47 INFO  (GhidraScript) GeneralStructureEyePatternScan.java> Scanned 62000 functions. Exported so far: 0  
2026-07-06 12:37:47 INFO  (GhidraScript) GeneralStructureEyePatternScan.java> Scanned 62500 functions. Exported so far: 0  
2026-07-06 12:37:48 INFO  (GhidraScript) GeneralStructureEyePatternScan.java> Scanned 63000 functions. Exported so far: 0  
2026-07-06 12:37:49 INFO  (GhidraScript) GeneralStructureEyePatternScan.java> Scanned 63500 functions. Exported so far: 0  
2026-07-06 12:37:49 INFO  (GhidraScript) GeneralStructureEyePatternScan.java> Scanned 64000 functions. Exported so far: 0  
2026-07-06 12:37:49 INFO  (GhidraScript) GeneralStructureEyePatternScan.java> Scanned 64500 functions. Exported so far: 0  
2026-07-06 12:37:50 INFO  (GhidraScript) GeneralStructureEyePatternScan.java> Scanned 65000 functions. Exported so far: 0  
2026-07-06 12:37:50 INFO  (GhidraScript) GeneralStructureEyePatternScan.java> Scanned 65500 functions. Exported so far: 0  
2026-07-06 12:37:51 INFO  (GhidraScript) GeneralStructureEyePatternScan.java> Scanned 66000 functions. Exported so far: 0  
2026-07-06 12:37:52 INFO  (GhidraScript) GeneralStructureEyePatternScan.java> Scanned 66500 functions. Exported so far: 0  
2026-07-06 12:37:52 INFO  (GhidraScript) GeneralStructureEyePatternScan.java> Scanned 67000 functions. Exported so far: 0  
2026-07-06 12:37:53 INFO  (GhidraScript) GeneralStructureEyePatternScan.java> Scanned 67500 functions. Exported so far: 0  
2026-07-06 12:37:53 INFO  (GhidraScript) GeneralStructureEyePatternScan.java> Scanned 68000 functions. Exported so far: 0  
2026-07-06 12:37:54 INFO  (GhidraScript) GeneralStructureEyePatternScan.java> Scanned 68500 functions. Exported so far: 0  
2026-07-06 12:37:55 INFO  (GhidraScript) GeneralStructureEyePatternScan.java> Scanned 69000 functions. Exported so far: 0  
2026-07-06 12:37:55 INFO  (GhidraScript) GeneralStructureEyePatternScan.java> Scanned 69500 functions. Exported so far: 0  
2026-07-06 12:37:56 INFO  (GhidraScript) GeneralStructureEyePatternScan.java> Scanned 70000 functions. Exported so far: 0  
2026-07-06 12:37:57 INFO  (GhidraScript) GeneralStructureEyePatternScan.java> Scanned 70500 functions. Exported so far: 2  
2026-07-06 12:37:57 INFO  (GhidraScript) GeneralStructureEyePatternScan.java> Scanned 71000 functions. Exported so far: 2  
2026-07-06 12:37:58 INFO  (GhidraScript) GeneralStructureEyePatternScan.java> Scanned 71500 functions. Exported so far: 2  
2026-07-06 12:37:59 INFO  (GhidraScript) GeneralStructureEyePatternScan.java> Scanned 72000 functions. Exported so far: 2  
2026-07-06 12:37:59 INFO  (GhidraScript) GeneralStructureEyePatternScan.java> Scanned 72500 functions. Exported so far: 2  
2026-07-06 12:38:01 INFO  (GhidraScript) GeneralStructureEyePatternScan.java> Scanned 73000 functions. Exported so far: 9  
2026-07-06 12:38:03 INFO  (GhidraScript) GeneralStructureEyePatternScan.java> Scanned 73500 functions. Exported so far: 17  
2026-07-06 12:38:05 INFO  (GhidraScript) GeneralStructureEyePatternScan.java> Scanned 74000 functions. Exported so far: 22  
2026-07-06 12:38:07 INFO  (GhidraScript) GeneralStructureEyePatternScan.java> Scanned 74500 functions. Exported so far: 28  
2026-07-06 12:38:09 INFO  (GhidraScript) GeneralStructureEyePatternScan.java> Scanned 75000 functions. Exported so far: 34  
2026-07-06 12:38:11 INFO  (GhidraScript) GeneralStructureEyePatternScan.java> Scanned 75500 functions. Exported so far: 40  
2026-07-06 12:38:14 INFO  (GhidraScript) GeneralStructureEyePatternScan.java> Scanned 76000 functions. Exported so far: 67  
2026-07-06 12:38:17 INFO  (GhidraScript) GeneralStructureEyePatternScan.java> Scanned 76500 functions. Exported so far: 92  
2026-07-06 12:38:21 INFO  (GhidraScript) GeneralStructureEyePatternScan.java> Scanned 77000 functions. Exported so far: 99  
2026-07-06 12:38:25 INFO  (GhidraScript) GeneralStructureEyePatternScan.java> Scanned 77500 functions. Exported so far: 107  
2026-07-06 12:38:29 INFO  (GhidraScript) GeneralStructureEyePatternScan.java> Scanned 78000 functions. Exported so far: 119  
2026-07-06 12:38:31 INFO  (GhidraScript) GeneralStructureEyePatternScan.java> Scanned 78500 functions. Exported so far: 120  
2026-07-06 12:38:33 INFO  (GhidraScript) GeneralStructureEyePatternScan.java> Scanned 79000 functions. Exported so far: 120  
2026-07-06 12:38:40 INFO  (GhidraScript) GeneralStructureEyePatternScan.java> Scanned 79500 functions. Exported so far: 120  
2026-07-06 12:38:43 INFO  (GhidraScript) GeneralStructureEyePatternScan.java> Scanned 80000 functions. Exported so far: 120  
2026-07-06 12:38:44 INFO  (GhidraScript) GeneralStructureEyePatternScan.java> Scanned 80500 functions. Exported so far: 120  
2026-07-06 12:38:46 INFO  (GhidraScript) GeneralStructureEyePatternScan.java> Scanned 81000 functions. Exported so far: 120  
2026-07-06 12:38:49 INFO  (GhidraScript) GeneralStructureEyePatternScan.java> Scanned 81500 functions. Exported so far: 120  
2026-07-06 12:38:54 INFO  (GhidraScript) GeneralStructureEyePatternScan.java> Scanned 82000 functions. Exported so far: 120  
2026-07-06 12:38:59 INFO  (GhidraScript) GeneralStructureEyePatternScan.java> Scanned 82500 functions. Exported so far: 120  
2026-07-06 12:39:07 INFO  (GhidraScript) GeneralStructureEyePatternScan.java> Scanned 83000 functions. Exported so far: 120  
2026-07-06 12:39:13 INFO  (GhidraScript) GeneralStructureEyePatternScan.java> Scanned 83500 functions. Exported so far: 120  
2026-07-06 12:39:15 INFO  (GhidraScript) GeneralStructureEyePatternScan.java> Scanned 84000 functions. Exported so far: 120  
2026-07-06 12:39:22 INFO  (GhidraScript) GeneralStructureEyePatternScan.java> Scanned 84500 functions. Exported so far: 120  
2026-07-06 12:39:26 INFO  (GhidraScript) GeneralStructureEyePatternScan.java> Scanned 85000 functions. Exported so far: 120  
2026-07-06 12:39:31 INFO  (GhidraScript) GeneralStructureEyePatternScan.java> Scanned 85500 functions. Exported so far: 122  
2026-07-06 12:39:36 INFO  (GhidraScript) GeneralStructureEyePatternScan.java> Scanned 86000 functions. Exported so far: 122  
2026-07-06 12:39:38 INFO  (GhidraScript) GeneralStructureEyePatternScan.java> Scanned 86500 functions. Exported so far: 122  
2026-07-06 12:39:48 INFO  (GhidraScript) GeneralStructureEyePatternScan.java> Scanned 87000 functions. Exported so far: 122  
2026-07-06 12:39:50 INFO  (GhidraScript) GeneralStructureEyePatternScan.java> Scanned 87500 functions. Exported so far: 122  
2026-07-06 12:39:52 INFO  (GhidraScript) GeneralStructureEyePatternScan.java> Scanned 88000 functions. Exported so far: 122  
2026-07-06 12:39:58 INFO  (GhidraScript) GeneralStructureEyePatternScan.java> Scanned 88500 functions. Exported so far: 122  
2026-07-06 12:40:03 INFO  (GhidraScript) GeneralStructureEyePatternScan.java> Scanned 89000 functions. Exported so far: 122  
2026-07-06 12:40:07 INFO  (GhidraScript) GeneralStructureEyePatternScan.java> Scanned 89500 functions. Exported so far: 122  
2026-07-06 12:40:18 INFO  (GhidraScript) GeneralStructureEyePatternScan.java> Scanned 90000 functions. Exported so far: 122  
2026-07-06 12:40:18 INFO  (GhidraScript) GeneralStructureEyePatternScan.java> Scanned 90500 functions. Exported so far: 122  
2026-07-06 12:40:18 INFO  (GhidraScript) GeneralStructureEyePatternScan.java> Scanned 91000 functions. Exported so far: 122  
2026-07-06 12:40:19 INFO  (GhidraScript) GeneralStructureEyePatternScan.java> Scanned 91500 functions. Exported so far: 122  
2026-07-06 12:40:20 INFO  (GhidraScript) GeneralStructureEyePatternScan.java> Scanned 92000 functions. Exported so far: 122  
2026-07-06 12:40:20 INFO  (GhidraScript) GeneralStructureEyePatternScan.java> Scanned 92500 functions. Exported so far: 122  
2026-07-06 12:40:24 INFO  (GhidraScript) GeneralStructureEyePatternScan.java> Scanned 93000 functions. Exported so far: 122  
2026-07-06 12:40:28 INFO  (GhidraScript) GeneralStructureEyePatternScan.java> Scanned 93500 functions. Exported so far: 122  
2026-07-06 12:40:33 INFO  (GhidraScript) GeneralStructureEyePatternScan.java> Scanned 94000 functions. Exported so far: 122  
2026-07-06 12:40:34 INFO  (GhidraScript) GeneralStructureEyePatternScan.java> Scanned 94500 functions. Exported so far: 122  
2026-07-06 12:40:35 INFO  (GhidraScript) GeneralStructureEyePatternScan.java> Scanned 95000 functions. Exported so far: 122  
2026-07-06 12:40:36 INFO  (GhidraScript) GeneralStructureEyePatternScan.java> Scanned 95500 functions. Exported so far: 122  
2026-07-06 12:40:38 INFO  (GhidraScript) GeneralStructureEyePatternScan.java> Scanned 96000 functions. Exported so far: 122  
2026-07-06 12:40:41 INFO  (GhidraScript) GeneralStructureEyePatternScan.java> Scanned 96500 functions. Exported so far: 122  
2026-07-06 12:40:43 INFO  (GhidraScript) GeneralStructureEyePatternScan.java> Scanned 97000 functions. Exported so far: 122  
2026-07-06 12:40:46 INFO  (GhidraScript) GeneralStructureEyePatternScan.java> Scanned 97500 functions. Exported so far: 122  
2026-07-06 12:40:47 INFO  (GhidraScript) GeneralStructureEyePatternScan.java> Scanned 98000 functions. Exported so far: 122  
2026-07-06 12:40:49 INFO  (GhidraScript) GeneralStructureEyePatternScan.java> Scanned 98500 functions. Exported so far: 122  
2026-07-06 12:40:52 INFO  (GhidraScript) GeneralStructureEyePatternScan.java> Scanned 99000 functions. Exported so far: 122  
2026-07-06 12:40:55 INFO  (GhidraScript) GeneralStructureEyePatternScan.java> Scanned 99500 functions. Exported so far: 122  
2026-07-06 12:40:57 INFO  (GhidraScript) GeneralStructureEyePatternScan.java> Scanned 100000 functions. Exported so far: 122  
2026-07-06 12:40:59 INFO  (GhidraScript) GeneralStructureEyePatternScan.java> Scanned 100500 functions. Exported so far: 122  
2026-07-06 12:41:01 INFO  (GhidraScript) GeneralStructureEyePatternScan.java> Scanned 101000 functions. Exported so far: 122  
2026-07-06 12:41:02 INFO  (GhidraScript) GeneralStructureEyePatternScan.java> Scanned 101500 functions. Exported so far: 122  
2026-07-06 12:41:03 INFO  (GhidraScript) GeneralStructureEyePatternScan.java> Scanned 102000 functions. Exported so far: 122  
2026-07-06 12:41:04 INFO  (GhidraScript) GeneralStructureEyePatternScan.java> Scanned 102500 functions. Exported so far: 122  
2026-07-06 12:41:05 INFO  (GhidraScript) GeneralStructureEyePatternScan.java> Scanned 103000 functions. Exported so far: 122  
2026-07-06 12:41:07 INFO  (GhidraScript) GeneralStructureEyePatternScan.java> Scanned 103500 functions. Exported so far: 122  
2026-07-06 12:41:09 INFO  (GhidraScript) GeneralStructureEyePatternScan.java> Scanned 104000 functions. Exported so far: 122  
2026-07-06 12:41:11 INFO  (GhidraScript) GeneralStructureEyePatternScan.java> Scanned 104500 functions. Exported so far: 122  
2026-07-06 12:41:13 INFO  (GhidraScript) GeneralStructureEyePatternScan.java> Scanned 105000 functions. Exported so far: 122  
2026-07-06 12:41:14 INFO  (GhidraScript) GeneralStructureEyePatternScan.java> Scanned 105500 functions. Exported so far: 122  
2026-07-06 12:41:15 INFO  (GhidraScript) GeneralStructureEyePatternScan.java> Scanned 106000 functions. Exported so far: 122  
2026-07-06 12:41:19 INFO  (GhidraScript) GeneralStructureEyePatternScan.java> Scanned 106500 functions. Exported so far: 125  
2026-07-06 12:41:21 INFO  (GhidraScript) GeneralStructureEyePatternScan.java> Scanned 107000 functions. Exported so far: 125  
2026-07-06 12:41:22 INFO  (GhidraScript) GeneralStructureEyePatternScan.java> Scanned 107500 functions. Exported so far: 125  
2026-07-06 12:41:24 INFO  (GhidraScript) GeneralStructureEyePatternScan.java> Scanned 108000 functions. Exported so far: 125  
2026-07-06 12:41:30 INFO  (GhidraScript) GeneralStructureEyePatternScan.java> Scanned 108500 functions. Exported so far: 125  
2026-07-06 12:41:36 INFO  (GhidraScript) GeneralStructureEyePatternScan.java> Scanned 109000 functions. Exported so far: 125  
2026-07-06 12:41:40 INFO  (GhidraScript) GeneralStructureEyePatternScan.java> Scanned 109500 functions. Exported so far: 125  
2026-07-06 12:41:43 INFO  (GhidraScript) GeneralStructureEyePatternScan.java> Scanned 110000 functions. Exported so far: 125  
2026-07-06 12:41:45 INFO  (GhidraScript) GeneralStructureEyePatternScan.java> Scanned 110500 functions. Exported so far: 125  
2026-07-06 12:41:49 INFO  (GhidraScript) GeneralStructureEyePatternScan.java> Scanned 111000 functions. Exported so far: 125  
2026-07-06 12:41:53 INFO  (GhidraScript) GeneralStructureEyePatternScan.java> Scanned 111500 functions. Exported so far: 125  
2026-07-06 12:41:55 INFO  (GhidraScript) GeneralStructureEyePatternScan.java> Scanned 112000 functions. Exported so far: 125  
2026-07-06 12:41:57 INFO  (GhidraScript) GeneralStructureEyePatternScan.java> Scanned 112500 functions. Exported so far: 125  
2026-07-06 12:42:01 INFO  (GhidraScript) GeneralStructureEyePatternScan.java> Scanned 113000 functions. Exported so far: 132  
2026-07-06 12:42:02 INFO  (GhidraScript) GeneralStructureEyePatternScan.java> Scanned 113500 functions. Exported so far: 132  
2026-07-06 12:42:04 INFO  (GhidraScript) GeneralStructureEyePatternScan.java> Scanned 114000 functions. Exported so far: 132  
2026-07-06 12:42:05 INFO  (GhidraScript) GeneralStructureEyePatternScan.java> Scanned 114500 functions. Exported so far: 132  
2026-07-06 12:42:08 INFO  (GhidraScript) GeneralStructureEyePatternScan.java> Scanned 115000 functions. Exported so far: 132  
2026-07-06 12:42:10 INFO  (GhidraScript) GeneralStructureEyePatternScan.java> Scanned 115500 functions. Exported so far: 132  
2026-07-06 12:42:12 INFO  (GhidraScript) GeneralStructureEyePatternScan.java> Scanned 116000 functions. Exported so far: 132  
2026-07-06 12:42:14 INFO  (GhidraScript) GeneralStructureEyePatternScan.java> Scanned 116500 functions. Exported so far: 132  
2026-07-06 12:42:17 INFO  (GhidraScript) GeneralStructureEyePatternScan.java> Scanned 117000 functions. Exported so far: 132  
2026-07-06 12:42:24 INFO  (GhidraScript) GeneralStructureEyePatternScan.java> Scanned 117500 functions. Exported so far: 141  
2026-07-06 12:42:35 INFO  (GhidraScript) GeneralStructureEyePatternScan.java> Scanned 118000 functions. Exported so far: 148  
2026-07-06 12:42:41 INFO  (GhidraScript) GeneralStructureEyePatternScan.java> Scanned 118500 functions. Exported so far: 148  
2026-07-06 12:42:43 INFO  (GhidraScript) GeneralStructureEyePatternScan.java> Scanned 119000 functions. Exported so far: 148  
2026-07-06 12:42:48 INFO  (GhidraScript) GeneralStructureEyePatternScan.java> Scanned 119500 functions. Exported so far: 148  
2026-07-06 12:42:51 INFO  (GhidraScript) GeneralStructureEyePatternScan.java> Scanned 120000 functions. Exported so far: 152  
2026-07-06 12:42:52 INFO  (GhidraScript) GeneralStructureEyePatternScan.java> Scanned 120500 functions. Exported so far: 153  
2026-07-06 12:42:56 INFO  (GhidraScript) GeneralStructureEyePatternScan.java> Scanned 121000 functions. Exported so far: 153  
2026-07-06 12:42:59 INFO  (GhidraScript) GeneralStructureEyePatternScan.java> Scanned 121500 functions. Exported so far: 153  
2026-07-06 12:43:03 INFO  (GhidraScript) GeneralStructureEyePatternScan.java> Scanned 122000 functions. Exported so far: 153  
2026-07-06 12:43:07 INFO  (GhidraScript) GeneralStructureEyePatternScan.java> Scanned 122500 functions. Exported so far: 153  
2026-07-06 12:43:10 INFO  (GhidraScript) GeneralStructureEyePatternScan.java> Scanned 123000 functions. Exported so far: 153  
2026-07-06 12:43:14 INFO  (GhidraScript) GeneralStructureEyePatternScan.java> Scanned 123500 functions. Exported so far: 153  
2026-07-06 12:43:18 INFO  (GhidraScript) GeneralStructureEyePatternScan.java> Scanned 124000 functions. Exported so far: 153  
2026-07-06 12:43:22 INFO  (GhidraScript) GeneralStructureEyePatternScan.java> Scanned 124500 functions. Exported so far: 153  
2026-07-06 12:43:25 INFO  (GhidraScript) GeneralStructureEyePatternScan.java> Scanned 125000 functions. Exported so far: 153  
2026-07-06 12:43:27 INFO  (GhidraScript) GeneralStructureEyePatternScan.java> Scanned 125500 functions. Exported so far: 153  
2026-07-06 12:43:27 INFO  (GhidraScript) GeneralStructureEyePatternScan.java> Scanned 126000 functions. Exported so far: 153  
2026-07-06 12:43:28 INFO  (GhidraScript) GeneralStructureEyePatternScan.java> Scanned 126500 functions. Exported so far: 153  
2026-07-06 12:43:29 INFO  (GhidraScript) GeneralStructureEyePatternScan.java> Scanned 127000 functions. Exported so far: 153  
2026-07-06 12:43:31 INFO  (GhidraScript) GeneralStructureEyePatternScan.java> Scanned 127500 functions. Exported so far: 153  
2026-07-06 12:43:33 INFO  (GhidraScript) GeneralStructureEyePatternScan.java> Scanned 128000 functions. Exported so far: 153  
2026-07-06 12:43:34 INFO  (GhidraScript) GeneralStructureEyePatternScan.java> Scanned 128500 functions. Exported so far: 153  
2026-07-06 12:43:35 INFO  (GhidraScript) GeneralStructureEyePatternScan.java> Scanned 129000 functions. Exported so far: 153  
2026-07-06 12:43:35 INFO  (GhidraScript) GeneralStructureEyePatternScan.java> Scanned 129500 functions. Exported so far: 153  
2026-07-06 12:43:36 INFO  (GhidraScript) GeneralStructureEyePatternScan.java> Scanned 130000 functions. Exported so far: 153  
2026-07-06 12:43:37 INFO  (GhidraScript) GeneralStructureEyePatternScan.java> Scanned 130500 functions. Exported so far: 153  
2026-07-06 12:43:37 INFO  (GhidraScript) GeneralStructureEyePatternScan.java> Scanned 131000 functions. Exported so far: 153  
2026-07-06 12:43:39 INFO  (GhidraScript) GeneralStructureEyePatternScan.java> Scanned 131500 functions. Exported so far: 153  
2026-07-06 12:43:40 INFO  (GhidraScript) GeneralStructureEyePatternScan.java> Scanned 132000 functions. Exported so far: 153  
2026-07-06 12:43:42 INFO  (GhidraScript) GeneralStructureEyePatternScan.java> Scanned 132500 functions. Exported so far: 153  
2026-07-06 12:43:43 INFO  (GhidraScript) GeneralStructureEyePatternScan.java> Scanned 133000 functions. Exported so far: 153  
2026-07-06 12:43:44 INFO  (GhidraScript) GeneralStructureEyePatternScan.java> Scanned 133500 functions. Exported so far: 153  
2026-07-06 12:43:46 INFO  (GhidraScript) GeneralStructureEyePatternScan.java> Scanned 134000 functions. Exported so far: 153  
2026-07-06 12:43:47 INFO  (GhidraScript) GeneralStructureEyePatternScan.java> Scanned 134500 functions. Exported so far: 153  
2026-07-06 12:43:49 INFO  (GhidraScript) GeneralStructureEyePatternScan.java> Scanned 135000 functions. Exported so far: 153  
2026-07-06 12:43:50 INFO  (GhidraScript) GeneralStructureEyePatternScan.java> Scanned 135500 functions. Exported so far: 153  
2026-07-06 12:43:52 INFO  (GhidraScript) GeneralStructureEyePatternScan.java> Scanned 136000 functions. Exported so far: 153  
2026-07-06 12:43:53 INFO  (GhidraScript) GeneralStructureEyePatternScan.java> Scanned 136500 functions. Exported so far: 153  
2026-07-06 12:43:55 INFO  (GhidraScript) GeneralStructureEyePatternScan.java> Scanned 137000 functions. Exported so far: 153  
2026-07-06 12:43:59 INFO  (GhidraScript) GeneralStructureEyePatternScan.java> Scanned 137500 functions. Exported so far: 153  
2026-07-06 12:44:04 INFO  (GhidraScript) GeneralStructureEyePatternScan.java> Scanned 138000 functions. Exported so far: 153  
2026-07-06 12:44:10 INFO  (GhidraScript) GeneralStructureEyePatternScan.java> Scanned 138500 functions. Exported so far: 153  
2026-07-06 12:44:17 INFO  (GhidraScript) GeneralStructureEyePatternScan.java> Scanned 139000 functions. Exported so far: 153  
2026-07-06 12:44:23 INFO  (GhidraScript) GeneralStructureEyePatternScan.java> Scanned 139500 functions. Exported so far: 153  
2026-07-06 12:44:26 INFO  (GhidraScript) GeneralStructureEyePatternScan.java> Scanned 140000 functions. Exported so far: 153  
2026-07-06 12:44:29 INFO  (GhidraScript) GeneralStructureEyePatternScan.java> Scanned 140500 functions. Exported so far: 154  
2026-07-06 12:44:32 INFO  (GhidraScript) GeneralStructureEyePatternScan.java> Scanned 141000 functions. Exported so far: 154  
2026-07-06 12:44:35 INFO  (GhidraScript) GeneralStructureEyePatternScan.java> Scanned 141500 functions. Exported so far: 154  
2026-07-06 12:44:37 INFO  (GhidraScript) GeneralStructureEyePatternScan.java> Scanned 142000 functions. Exported so far: 154  
2026-07-06 12:44:38 INFO  (GhidraScript) GeneralStructureEyePatternScan.java> Scanned 142500 functions. Exported so far: 154  
2026-07-06 12:44:41 INFO  (GhidraScript) GeneralStructureEyePatternScan.java> Scanned 143000 functions. Exported so far: 154  
2026-07-06 12:44:44 INFO  (GhidraScript) GeneralStructureEyePatternScan.java> Scanned 143500 functions. Exported so far: 154  
2026-07-06 12:44:48 INFO  (GhidraScript) GeneralStructureEyePatternScan.java> Scanned 144000 functions. Exported so far: 154  
2026-07-06 12:44:51 INFO  (GhidraScript) GeneralStructureEyePatternScan.java> Scanned 144500 functions. Exported so far: 154  
2026-07-06 12:44:54 INFO  (GhidraScript) GeneralStructureEyePatternScan.java> Scanned 145000 functions. Exported so far: 154  
2026-07-06 12:44:57 INFO  (GhidraScript) GeneralStructureEyePatternScan.java> Scanned 145500 functions. Exported so far: 154  
2026-07-06 12:44:58 INFO  (GhidraScript) GeneralStructureEyePatternScan.java> Scanned 146000 functions. Exported so far: 154  
2026-07-06 12:44:59 INFO  (GhidraScript) GeneralStructureEyePatternScan.java> Scanned 146500 functions. Exported so far: 154  
2026-07-06 12:45:00 INFO  (GhidraScript) GeneralStructureEyePatternScan.java> Scanned 147000 functions. Exported so far: 154  
2026-07-06 12:45:01 INFO  (GhidraScript) GeneralStructureEyePatternScan.java> Scanned 147500 functions. Exported so far: 154  
2026-07-06 12:45:02 INFO  (GhidraScript) GeneralStructureEyePatternScan.java> Scanned 148000 functions. Exported so far: 154  
2026-07-06 12:45:03 INFO  (GhidraScript) GeneralStructureEyePatternScan.java> Scanned 148500 functions. Exported so far: 154  
2026-07-06 12:45:04 INFO  (GhidraScript) GeneralStructureEyePatternScan.java> Scanned 149000 functions. Exported so far: 154  
2026-07-06 12:45:05 INFO  (GhidraScript) GeneralStructureEyePatternScan.java> Scanned 149500 functions. Exported so far: 154  
2026-07-06 12:45:06 INFO  (GhidraScript) GeneralStructureEyePatternScan.java> Scanned 150000 functions. Exported so far: 154  
2026-07-06 12:45:09 INFO  (GhidraScript) GeneralStructureEyePatternScan.java> Scanned 150500 functions. Exported so far: 154  
2026-07-06 12:45:13 INFO  (GhidraScript) GeneralStructureEyePatternScan.java> Scanned 151000 functions. Exported so far: 154  
2026-07-06 12:45:15 INFO  (GhidraScript) GeneralStructureEyePatternScan.java> Scanned 151500 functions. Exported so far: 154  
2026-07-06 12:45:16 INFO  (GhidraScript) GeneralStructureEyePatternScan.java> Scanned 152000 functions. Exported so far: 154  
2026-07-06 12:45:17 INFO  (GhidraScript) GeneralStructureEyePatternScan.java> Scanned 152500 functions. Exported so far: 154  
2026-07-06 12:45:19 INFO  (GhidraScript) GeneralStructureEyePatternScan.java> Scanned 153000 functions. Exported so far: 154  
2026-07-06 12:45:21 INFO  (GhidraScript) GeneralStructureEyePatternScan.java> Scanned 153500 functions. Exported so far: 154  
2026-07-06 12:45:23 INFO  (GhidraScript) GeneralStructureEyePatternScan.java> Scanned 154000 functions. Exported so far: 154  
2026-07-06 12:45:25 INFO  (GhidraScript) GeneralStructureEyePatternScan.java> Scanned 154500 functions. Exported so far: 154  
2026-07-06 12:45:27 INFO  (GhidraScript) GeneralStructureEyePatternScan.java> Scanned 155000 functions. Exported so far: 154  
2026-07-06 12:45:29 INFO  (GhidraScript) GeneralStructureEyePatternScan.java> Scanned 155500 functions. Exported so far: 154  
2026-07-06 12:45:31 INFO  (GhidraScript) GeneralStructureEyePatternScan.java> Scanned 156000 functions. Exported so far: 154  
2026-07-06 12:45:33 INFO  (GhidraScript) GeneralStructureEyePatternScan.java> Scanned 156500 functions. Exported so far: 154  
2026-07-06 12:45:36 INFO  (GhidraScript) GeneralStructureEyePatternScan.java> Scanned 157000 functions. Exported so far: 154  
2026-07-06 12:45:38 INFO  (GhidraScript) GeneralStructureEyePatternScan.java> Scanned 157500 functions. Exported so far: 154  
2026-07-06 12:45:42 INFO  (GhidraScript) GeneralStructureEyePatternScan.java> Scanned 158000 functions. Exported so far: 154  
2026-07-06 12:45:44 INFO  (GhidraScript) GeneralStructureEyePatternScan.java> Scanned 158500 functions. Exported so far: 154  
2026-07-06 12:45:47 INFO  (GhidraScript) GeneralStructureEyePatternScan.java> Scanned 159000 functions. Exported so far: 154  
2026-07-06 12:45:49 INFO  (GhidraScript) GeneralStructureEyePatternScan.java> Scanned 159500 functions. Exported so far: 154  
2026-07-06 12:45:51 INFO  (GhidraScript) GeneralStructureEyePatternScan.java> Scanned 160000 functions. Exported so far: 154  
2026-07-06 12:45:53 INFO  (GhidraScript) GeneralStructureEyePatternScan.java> Scanned 160500 functions. Exported so far: 154  
2026-07-06 12:45:56 INFO  (GhidraScript) GeneralStructureEyePatternScan.java> Scanned 161000 functions. Exported so far: 154  
2026-07-06 12:45:58 INFO  (GhidraScript) GeneralStructureEyePatternScan.java> Scanned 161500 functions. Exported so far: 154  
2026-07-06 12:46:00 INFO  (GhidraScript) GeneralStructureEyePatternScan.java> Scanned 162000 functions. Exported so far: 154  
2026-07-06 12:46:02 INFO  (GhidraScript) GeneralStructureEyePatternScan.java> Scanned 162500 functions. Exported so far: 154  
2026-07-06 12:46:05 INFO  (GhidraScript) GeneralStructureEyePatternScan.java> Scanned 163000 functions. Exported so far: 154  
2026-07-06 12:46:07 INFO  (GhidraScript) GeneralStructureEyePatternScan.java> Scanned 163500 functions. Exported so far: 154  
2026-07-06 12:46:09 INFO  (GhidraScript) GeneralStructureEyePatternScan.java> Scanned 164000 functions. Exported so far: 154  
2026-07-06 12:46:13 INFO  (GhidraScript) GeneralStructureEyePatternScan.java> Scanned 164500 functions. Exported so far: 154  
2026-07-06 12:46:15 INFO  (GhidraScript) GeneralStructureEyePatternScan.java> Scanned 165000 functions. Exported so far: 154  
2026-07-06 12:46:16 INFO  (GhidraScript) GeneralStructureEyePatternScan.java> Scanned 165500 functions. Exported so far: 154  
2026-07-06 12:46:18 INFO  (GhidraScript) GeneralStructureEyePatternScan.java> Scanned 166000 functions. Exported so far: 154  
2026-07-06 12:46:19 INFO  (GhidraScript) GeneralStructureEyePatternScan.java> Scanned 166500 functions. Exported so far: 154  
2026-07-06 12:46:20 INFO  (GhidraScript) GeneralStructureEyePatternScan.java> Scanned 167000 functions. Exported so far: 154  
2026-07-06 12:46:22 INFO  (GhidraScript) GeneralStructureEyePatternScan.java> Scanned 167500 functions. Exported so far: 154  
2026-07-06 12:46:23 INFO  (GhidraScript) GeneralStructureEyePatternScan.java> Scanned 168000 functions. Exported so far: 154  
2026-07-06 12:46:25 INFO  (GhidraScript) GeneralStructureEyePatternScan.java> Scanned 168500 functions. Exported so far: 154  
2026-07-06 12:46:26 INFO  (GhidraScript) GeneralStructureEyePatternScan.java> Scanned 169000 functions. Exported so far: 154  
2026-07-06 12:46:27 INFO  (GhidraScript) GeneralStructureEyePatternScan.java> Scanned 169500 functions. Exported so far: 154  
2026-07-06 12:46:29 INFO  (GhidraScript) GeneralStructureEyePatternScan.java> Scanned 170000 functions. Exported so far: 154  
2026-07-06 12:46:30 INFO  (GhidraScript) GeneralStructureEyePatternScan.java> Scanned 170500 functions. Exported so far: 154  
2026-07-06 12:46:31 INFO  (GhidraScript) GeneralStructureEyePatternScan.java> Scanned 171000 functions. Exported so far: 154  
2026-07-06 12:46:33 INFO  (GhidraScript) GeneralStructureEyePatternScan.java> Scanned 171500 functions. Exported so far: 154  
2026-07-06 12:46:35 INFO  (GhidraScript) GeneralStructureEyePatternScan.java> Scanned 172000 functions. Exported so far: 154  
2026-07-06 12:46:36 INFO  (GhidraScript) GeneralStructureEyePatternScan.java> Scanned 172500 functions. Exported so far: 154  
2026-07-06 12:46:37 INFO  (GhidraScript) GeneralStructureEyePatternScan.java> Scanned 173000 functions. Exported so far: 154  
2026-07-06 12:46:39 INFO  (GhidraScript) GeneralStructureEyePatternScan.java> Scanned 173500 functions. Exported so far: 154  
2026-07-06 12:46:42 INFO  (GhidraScript) GeneralStructureEyePatternScan.java> Scanned 174000 functions. Exported so far: 154  
2026-07-06 12:46:45 INFO  (GhidraScript) GeneralStructureEyePatternScan.java> Scanned 174500 functions. Exported so far: 154  
2026-07-06 12:46:47 INFO  (GhidraScript) GeneralStructureEyePatternScan.java> Scanned 175000 functions. Exported so far: 154  
2026-07-06 12:46:49 INFO  (GhidraScript) GeneralStructureEyePatternScan.java> Scanned 175500 functions. Exported so far: 154  
2026-07-06 12:46:50 INFO  (GhidraScript) GeneralStructureEyePatternScan.java> Scanned 176000 functions. Exported so far: 154  
2026-07-06 12:46:52 INFO  (GhidraScript) GeneralStructureEyePatternScan.java> Scanned 176500 functions. Exported so far: 154  
2026-07-06 12:46:54 INFO  (GhidraScript) GeneralStructureEyePatternScan.java> Scanned 177000 functions. Exported so far: 154  
2026-07-06 12:46:57 INFO  (GhidraScript) GeneralStructureEyePatternScan.java> Scanned 177500 functions. Exported so far: 154  
2026-07-06 12:46:59 INFO  (GhidraScript) GeneralStructureEyePatternScan.java> Scanned 178000 functions. Exported so far: 154  
2026-07-06 12:47:02 INFO  (GhidraScript) GeneralStructureEyePatternScan.java> Scanned 178500 functions. Exported so far: 154  
2026-07-06 12:47:04 INFO  (GhidraScript) GeneralStructureEyePatternScan.java> Scanned 179000 functions. Exported so far: 154  
2026-07-06 12:47:05 INFO  (GhidraScript) GeneralStructureEyePatternScan.java> Scanned 179500 functions. Exported so far: 154  
2026-07-06 12:47:06 INFO  (GhidraScript) GeneralStructureEyePatternScan.java> Scanned 180000 functions. Exported so far: 154  
2026-07-06 12:47:07 INFO  (GhidraScript) GeneralStructureEyePatternScan.java> Scanned 180500 functions. Exported so far: 154  
2026-07-06 12:47:09 INFO  (GhidraScript) GeneralStructureEyePatternScan.java> Scanned 181000 functions. Exported so far: 154  
2026-07-06 12:47:11 INFO  (GhidraScript) GeneralStructureEyePatternScan.java> Scanned 181500 functions. Exported so far: 154  
2026-07-06 12:47:13 INFO  (GhidraScript) GeneralStructureEyePatternScan.java> Scanned 182000 functions. Exported so far: 154  
2026-07-06 12:47:15 INFO  (GhidraScript) GeneralStructureEyePatternScan.java> Scanned 182500 functions. Exported so far: 154  
2026-07-06 12:47:17 INFO  (GhidraScript) GeneralStructureEyePatternScan.java> Scanned 183000 functions. Exported so far: 154  
2026-07-06 12:47:18 INFO  (GhidraScript) GeneralStructureEyePatternScan.java> Scanned 183500 functions. Exported so far: 154  
2026-07-06 12:47:20 INFO  (GhidraScript) GeneralStructureEyePatternScan.java> Scanned 184000 functions. Exported so far: 154  
2026-07-06 12:47:22 INFO  (GhidraScript) GeneralStructureEyePatternScan.java> Scanned 184500 functions. Exported so far: 154  
2026-07-06 12:47:26 INFO  (GhidraScript) GeneralStructureEyePatternScan.java> Scanned 185000 functions. Exported so far: 154  
2026-07-06 12:47:28 INFO  (GhidraScript) GeneralStructureEyePatternScan.java> Scanned 185500 functions. Exported so far: 154  
2026-07-06 12:47:32 INFO  (GhidraScript) GeneralStructureEyePatternScan.java> Scanned 186000 functions. Exported so far: 154  
2026-07-06 12:47:35 INFO  (GhidraScript) GeneralStructureEyePatternScan.java> Scanned 186500 functions. Exported so far: 154  
2026-07-06 12:47:38 INFO  (GhidraScript) GeneralStructureEyePatternScan.java> Scanned 187000 functions. Exported so far: 156  
2026-07-06 12:47:40 INFO  (GhidraScript) GeneralStructureEyePatternScan.java> Scanned 187500 functions. Exported so far: 157  
2026-07-06 12:47:42 INFO  (GhidraScript) GeneralStructureEyePatternScan.java> Scanned 188000 functions. Exported so far: 157  
2026-07-06 12:47:47 INFO  (GhidraScript) GeneralStructureEyePatternScan.java> Scanned 188500 functions. Exported so far: 158  
2026-07-06 12:48:21 INFO  (GhidraScript) GeneralStructureEyePatternScan.java> Scanned 189000 functions. Exported so far: 160  
2026-07-06 12:48:25 INFO  (GhidraScript) GeneralStructureEyePatternScan.java> Scanned 189500 functions. Exported so far: 165  
2026-07-06 12:48:29 INFO  (GhidraScript) GeneralStructureEyePatternScan.java> Scanned 190000 functions. Exported so far: 165  
2026-07-06 12:48:31 INFO  (GhidraScript) GeneralStructureEyePatternScan.java> Scanned 190500 functions. Exported so far: 165  
2026-07-06 12:48:35 INFO  (GhidraScript) GeneralStructureEyePatternScan.java> Scanned 191000 functions. Exported so far: 170  
2026-07-06 12:48:41 INFO  (GhidraScript) GeneralStructureEyePatternScan.java> Scanned 191500 functions. Exported so far: 170  
2026-07-06 12:48:44 INFO  (GhidraScript) GeneralStructureEyePatternScan.java> Scanned 192000 functions. Exported so far: 171  
2026-07-06 12:48:46 INFO  (GhidraScript) GeneralStructureEyePatternScan.java> Scanned 192500 functions. Exported so far: 171  
2026-07-06 12:48:50 INFO  (GhidraScript) GeneralStructureEyePatternScan.java> Scanned 193000 functions. Exported so far: 173  
2026-07-06 12:49:18 INFO  (GhidraScript) GeneralStructureEyePatternScan.java> Scanned 193500 functions. Exported so far: 176  
2026-07-06 12:49:21 INFO  (GhidraScript) GeneralStructureEyePatternScan.java> Scanned 194000 functions. Exported so far: 176  
2026-07-06 12:49:21 INFO  (GhidraScript) GeneralStructureEyePatternScan.java> Scanned 194500 functions. Exported so far: 176  
2026-07-06 12:49:22 INFO  (GhidraScript) GeneralStructureEyePatternScan.java> Scanned 195000 functions. Exported so far: 176  
2026-07-06 12:49:23 INFO  (GhidraScript) GeneralStructureEyePatternScan.java> Scanned 195500 functions. Exported so far: 176  
2026-07-06 12:49:24 INFO  (GhidraScript) GeneralStructureEyePatternScan.java> Scanned 196000 functions. Exported so far: 176  
2026-07-06 12:49:25 INFO  (GhidraScript) GeneralStructureEyePatternScan.java> Scanned 196500 functions. Exported so far: 176  
2026-07-06 12:49:26 INFO  (GhidraScript) GeneralStructureEyePatternScan.java> Scanned 197000 functions. Exported so far: 176  
2026-07-06 12:49:27 INFO  (GhidraScript) GeneralStructureEyePatternScan.java> Scanned 197500 functions. Exported so far: 176  
2026-07-06 12:49:28 INFO  (GhidraScript) GeneralStructureEyePatternScan.java> Scanned 198000 functions. Exported so far: 176  
2026-07-06 12:49:30 INFO  (GhidraScript) GeneralStructureEyePatternScan.java> Scanned 198500 functions. Exported so far: 176  
2026-07-06 12:49:32 INFO  (GhidraScript) GeneralStructureEyePatternScan.java> Scanned 199000 functions. Exported so far: 176  
2026-07-06 12:49:35 INFO  (GhidraScript) GeneralStructureEyePatternScan.java> Scanned 199500 functions. Exported so far: 176  
2026-07-06 12:49:38 INFO  (GhidraScript) GeneralStructureEyePatternScan.java> Scanned 200000 functions. Exported so far: 177  
2026-07-06 12:49:40 INFO  (GhidraScript) GeneralStructureEyePatternScan.java> Scanned 200500 functions. Exported so far: 177  
2026-07-06 12:49:43 INFO  (GhidraScript) GeneralStructureEyePatternScan.java> Scanned 201000 functions. Exported so far: 177  
2026-07-06 12:49:55 INFO  (GhidraScript) GeneralStructureEyePatternScan.java> Scanned 201500 functions. Exported so far: 177  
2026-07-06 12:50:00 INFO  (GhidraScript) GeneralStructureEyePatternScan.java> Scanned 202000 functions. Exported so far: 178  
2026-07-06 12:50:05 INFO  (GhidraScript) GeneralStructureEyePatternScan.java> Scanned 202500 functions. Exported so far: 178  
2026-07-06 12:50:08 INFO  (GhidraScript) GeneralStructureEyePatternScan.java> Scanned 203000 functions. Exported so far: 178  
2026-07-06 12:50:11 INFO  (GhidraScript) GeneralStructureEyePatternScan.java> Scanned 203500 functions. Exported so far: 178  
2026-07-06 12:50:13 INFO  (GhidraScript) GeneralStructureEyePatternScan.java> Scanned 204000 functions. Exported so far: 178  
2026-07-06 12:50:15 INFO  (GhidraScript) GeneralStructureEyePatternScan.java> Scanned 204500 functions. Exported so far: 178  
2026-07-06 12:50:17 INFO  (GhidraScript) GeneralStructureEyePatternScan.java> Scanned 205000 functions. Exported so far: 178  
2026-07-06 12:50:18 INFO  (GhidraScript) GeneralStructureEyePatternScan.java> Scanned 205500 functions. Exported so far: 178  
2026-07-06 12:50:20 INFO  (GhidraScript) GeneralStructureEyePatternScan.java> Scanned 206000 functions. Exported so far: 180  
2026-07-06 12:50:21 INFO  (GhidraScript) GeneralStructureEyePatternScan.java> Scanned 206500 functions. Exported so far: 182  
2026-07-06 12:50:22 INFO  (GhidraScript) GeneralStructureEyePatternScan.java> Scanned 207000 functions. Exported so far: 182  
2026-07-06 12:50:23 INFO  (GhidraScript) GeneralStructureEyePatternScan.java> Scanned 207500 functions. Exported so far: 182  
2026-07-06 12:50:25 INFO  (GhidraScript) GeneralStructureEyePatternScan.java> Scanned 208000 functions. Exported so far: 182  
2026-07-06 12:50:25 INFO  (GhidraScript) GeneralStructureEyePatternScan.java> Scanned 208500 functions. Exported so far: 182  
2026-07-06 12:50:27 INFO  (GhidraScript) GeneralStructureEyePatternScan.java> Scanned 209000 functions. Exported so far: 182  
2026-07-06 12:50:28 INFO  (GhidraScript) GeneralStructureEyePatternScan.java> Scanned 209500 functions. Exported so far: 182  
2026-07-06 12:50:29 INFO  (GhidraScript) GeneralStructureEyePatternScan.java> Scanned 210000 functions. Exported so far: 182  
2026-07-06 12:50:30 INFO  (GhidraScript) GeneralStructureEyePatternScan.java> Scanned 210500 functions. Exported so far: 182  
2026-07-06 12:50:31 INFO  (GhidraScript) GeneralStructureEyePatternScan.java> Scanned 211000 functions. Exported so far: 182  
2026-07-06 12:50:32 INFO  (GhidraScript) GeneralStructureEyePatternScan.java> Scanned 211500 functions. Exported so far: 182  
2026-07-06 12:50:33 INFO  (GhidraScript) GeneralStructureEyePatternScan.java> Scanned 212000 functions. Exported so far: 182  
2026-07-06 12:50:35 INFO  (GhidraScript) GeneralStructureEyePatternScan.java> Scanned 212500 functions. Exported so far: 182  
2026-07-06 12:50:36 INFO  (GhidraScript) GeneralStructureEyePatternScan.java> Scanned 213000 functions. Exported so far: 182  
2026-07-06 12:50:40 INFO  (GhidraScript) GeneralStructureEyePatternScan.java> Scanned 213500 functions. Exported so far: 182  
2026-07-06 12:50:43 INFO  (GhidraScript) GeneralStructureEyePatternScan.java> Scanned 214000 functions. Exported so far: 182  
2026-07-06 12:50:44 INFO  (GhidraScript) GeneralStructureEyePatternScan.java> Scanned 214500 functions. Exported so far: 182  
2026-07-06 12:50:47 INFO  (GhidraScript) GeneralStructureEyePatternScan.java> Scanned 215000 functions. Exported so far: 182  
2026-07-06 12:51:03 INFO  (GhidraScript) GeneralStructureEyePatternScan.java> Scanned 215500 functions. Exported so far: 182  
2026-07-06 12:51:12 INFO  (GhidraScript) GeneralStructureEyePatternScan.java> Scanned 216000 functions. Exported so far: 183  
2026-07-06 12:51:15 INFO  (GhidraScript) GeneralStructureEyePatternScan.java> Scanned 216500 functions. Exported so far: 184  
2026-07-06 12:51:18 INFO  (GhidraScript) GeneralStructureEyePatternScan.java> Scanned 217000 functions. Exported so far: 188  
2026-07-06 12:51:23 INFO  (GhidraScript) GeneralStructureEyePatternScan.java> Scanned 217500 functions. Exported so far: 188  
2026-07-06 12:51:32 INFO  (GhidraScript) GeneralStructureEyePatternScan.java> Scanned 218000 functions. Exported so far: 189  
2026-07-06 12:51:37 INFO  (GhidraScript) GeneralStructureEyePatternScan.java> Scanned 218500 functions. Exported so far: 191  
2026-07-06 12:51:40 INFO  (GhidraScript) GeneralStructureEyePatternScan.java> Scanned 219000 functions. Exported so far: 191  
2026-07-06 12:51:45 INFO  (GhidraScript) GeneralStructureEyePatternScan.java> Scanned 219500 functions. Exported so far: 191  
2026-07-06 12:51:52 INFO  (GhidraScript) GeneralStructureEyePatternScan.java> Scanned 220000 functions. Exported so far: 191  
2026-07-06 12:52:04 INFO  (GhidraScript) GeneralStructureEyePatternScan.java> Scanned 220500 functions. Exported so far: 191  
2026-07-06 12:52:11 INFO  (GhidraScript) GeneralStructureEyePatternScan.java> Scanned 221000 functions. Exported so far: 191  
2026-07-06 12:52:54 INFO  (GhidraScript) GeneralStructureEyePatternScan.java> Scanned 221500 functions. Exported so far: 191  
2026-07-06 12:53:40 INFO  (GhidraScript) GeneralStructureEyePatternScan.java> Scanned 222000 functions. Exported so far: 191  
2026-07-06 12:53:52 INFO  (GhidraScript) GeneralStructureEyePatternScan.java> Scanned 222500 functions. Exported so far: 194  
2026-07-06 12:53:55 INFO  (GhidraScript) GeneralStructureEyePatternScan.java> Scanned 223000 functions. Exported so far: 194  
2026-07-06 12:54:10 INFO  (GhidraScript) GeneralStructureEyePatternScan.java> Scanned 223500 functions. Exported so far: 194  
2026-07-06 12:54:13 INFO  (GhidraScript) GeneralStructureEyePatternScan.java> Scanned 224000 functions. Exported so far: 194  
2026-07-06 12:54:16 INFO  (GhidraScript) GeneralStructureEyePatternScan.java> Scanned 224500 functions. Exported so far: 194  
2026-07-06 12:54:18 INFO  (GhidraScript) GeneralStructureEyePatternScan.java> Scanned 225000 functions. Exported so far: 194  
2026-07-06 12:54:21 INFO  (GhidraScript) GeneralStructureEyePatternScan.java> Scanned 225500 functions. Exported so far: 195  
2026-07-06 12:54:24 INFO  (GhidraScript) GeneralStructureEyePatternScan.java> Scanned 226000 functions. Exported so far: 195  
2026-07-06 12:54:26 INFO  (GhidraScript) GeneralStructureEyePatternScan.java> Scanned 226500 functions. Exported so far: 195  
2026-07-06 12:54:29 INFO  (GhidraScript) GeneralStructureEyePatternScan.java> Scanned 227000 functions. Exported so far: 195  
2026-07-06 12:54:31 INFO  (GhidraScript) GeneralStructureEyePatternScan.java> Scanned 227500 functions. Exported so far: 195  
2026-07-06 12:54:33 INFO  (GhidraScript) GeneralStructureEyePatternScan.java> Scanned 228000 functions. Exported so far: 195  
2026-07-06 12:54:37 INFO  (GhidraScript) GeneralStructureEyePatternScan.java> Scanned 228500 functions. Exported so far: 195  
2026-07-06 12:54:39 INFO  (GhidraScript) GeneralStructureEyePatternScan.java> Scanned 229000 functions. Exported so far: 195  
2026-07-06 12:54:42 INFO  (GhidraScript) GeneralStructureEyePatternScan.java> Scanned 229500 functions. Exported so far: 195  
2026-07-06 12:54:44 INFO  (GhidraScript) GeneralStructureEyePatternScan.java> Scanned 230000 functions. Exported so far: 195  
2026-07-06 12:54:46 INFO  (GhidraScript) GeneralStructureEyePatternScan.java> Scanned 230500 functions. Exported so far: 195  
2026-07-06 12:54:48 INFO  (GhidraScript) GeneralStructureEyePatternScan.java> Scanned 231000 functions. Exported so far: 195  
2026-07-06 12:54:51 INFO  (GhidraScript) GeneralStructureEyePatternScan.java> Scanned 231500 functions. Exported so far: 206  
2026-07-06 12:54:56 INFO  (GhidraScript) GeneralStructureEyePatternScan.java> Scanned 232000 functions. Exported so far: 220  
2026-07-06 12:55:11 INFO  (GhidraScript) GeneralStructureEyePatternScan.java> Scanned 232500 functions. Exported so far: 220  
2026-07-06 12:55:14 INFO  (GhidraScript) GeneralStructureEyePatternScan.java> Scanned 233000 functions. Exported so far: 229  
2026-07-06 12:55:15 INFO  (GhidraScript) GeneralStructureEyePatternScan.java> Scanned 233500 functions. Exported so far: 229  
2026-07-06 12:55:17 INFO  (GhidraScript) GeneralStructureEyePatternScan.java> Scanned 234000 functions. Exported so far: 235  
2026-07-06 12:55:19 INFO  (GhidraScript) GeneralStructureEyePatternScan.java> Scanned 234500 functions. Exported so far: 334  
2026-07-06 12:55:21 INFO  (GhidraScript) GeneralStructureEyePatternScan.java> Scanned 235000 functions. Exported so far: 388  
2026-07-06 12:55:22 INFO  (GhidraScript) GeneralStructureEyePatternScan.java> Scanned 235500 functions. Exported so far: 390  
2026-07-06 12:55:25 INFO  (GhidraScript) GeneralStructureEyePatternScan.java> Scanned 236000 functions. Exported so far: 396  
2026-07-06 12:55:27 INFO  (GhidraScript) GeneralStructureEyePatternScan.java> Scanned 236500 functions. Exported so far: 427  
2026-07-06 12:55:29 INFO  (GhidraScript) GeneralStructureEyePatternScan.java> Scanned 237000 functions. Exported so far: 446  
2026-07-06 12:55:31 INFO  (GhidraScript) GeneralStructureEyePatternScan.java> Scanned 237500 functions. Exported so far: 454  
2026-07-06 12:55:33 INFO  (GhidraScript) GeneralStructureEyePatternScan.java> Scanned 238000 functions. Exported so far: 467  
2026-07-06 12:55:35 INFO  (GhidraScript) GeneralStructureEyePatternScan.java> Scanned 238500 functions. Exported so far: 467  
2026-07-06 12:55:38 INFO  (GhidraScript) GeneralStructureEyePatternScan.java> Scanned 239000 functions. Exported so far: 468  
2026-07-06 12:55:40 INFO  (GhidraScript) GeneralStructureEyePatternScan.java> Scanned 239500 functions. Exported so far: 517  
2026-07-06 12:55:44 INFO  (GhidraScript) GeneralStructureEyePatternScan.java> Scanned 240000 functions. Exported so far: 517  
2026-07-06 12:55:47 INFO  (GhidraScript) GeneralStructureEyePatternScan.java> Scanned 240500 functions. Exported so far: 521  
2026-07-06 12:56:03 INFO  (GhidraScript) GeneralStructureEyePatternScan.java> Scanned 241000 functions. Exported so far: 526  
2026-07-06 12:56:08 INFO  (GhidraScript) GeneralStructureEyePatternScan.java> Scanned 241500 functions. Exported so far: 528  
2026-07-06 12:56:12 INFO  (GhidraScript) GeneralStructureEyePatternScan.java> Scanned 242000 functions. Exported so far: 528  
2026-07-06 12:56:15 INFO  (GhidraScript) GeneralStructureEyePatternScan.java> Scanned 242500 functions. Exported so far: 528  
2026-07-06 12:56:18 INFO  (GhidraScript) GeneralStructureEyePatternScan.java> Scanned 243000 functions. Exported so far: 528  
2026-07-06 12:56:21 INFO  (GhidraScript) GeneralStructureEyePatternScan.java> Scanned 243500 functions. Exported so far: 528  
2026-07-06 12:56:23 INFO  (GhidraScript) GeneralStructureEyePatternScan.java> Scanned 244000 functions. Exported so far: 528  
2026-07-06 12:56:24 INFO  (GhidraScript) GeneralStructureEyePatternScan.java> Scanned 244500 functions. Exported so far: 528  
2026-07-06 12:56:27 INFO  (GhidraScript) GeneralStructureEyePatternScan.java> Scanned 245000 functions. Exported so far: 529  
2026-07-06 12:56:34 INFO  (GhidraScript) GeneralStructureEyePatternScan.java> Scanned 245500 functions. Exported so far: 530  
2026-07-06 12:56:38 INFO  (GhidraScript) GeneralStructureEyePatternScan.java> Scanned 246000 functions. Exported so far: 531  
2026-07-06 12:56:43 INFO  (GhidraScript) GeneralStructureEyePatternScan.java> Scanned 246500 functions. Exported so far: 531  
2026-07-06 12:56:51 INFO  (GhidraScript) GeneralStructureEyePatternScan.java> Scanned 247000 functions. Exported so far: 532  
2026-07-06 12:56:55 INFO  (GhidraScript) GeneralStructureEyePatternScan.java> Scanned 247500 functions. Exported so far: 532  
2026-07-06 12:56:59 INFO  (GhidraScript) GeneralStructureEyePatternScan.java> Scanned 248000 functions. Exported so far: 532  
2026-07-06 12:57:03 INFO  (GhidraScript) GeneralStructureEyePatternScan.java> Scanned 248500 functions. Exported so far: 535  
2026-07-06 12:57:07 INFO  (GhidraScript) GeneralStructureEyePatternScan.java> Scanned 249000 functions. Exported so far: 535  
2026-07-06 12:57:09 INFO  (GhidraScript) GeneralStructureEyePatternScan.java> Scanned 249500 functions. Exported so far: 535  
2026-07-06 12:57:27 INFO  (GhidraScript) GeneralStructureEyePatternScan.java> Scanned 250000 functions. Exported so far: 535  
2026-07-06 12:57:30 INFO  (GhidraScript) GeneralStructureEyePatternScan.java> Scanned 250500 functions. Exported so far: 536  
2026-07-06 12:57:33 INFO  (GhidraScript) GeneralStructureEyePatternScan.java> Scanned 251000 functions. Exported so far: 546  
2026-07-06 12:57:35 INFO  (GhidraScript) GeneralStructureEyePatternScan.java> Scanned 251500 functions. Exported so far: 546  
2026-07-06 12:57:37 INFO  (GhidraScript) GeneralStructureEyePatternScan.java> Scanned 252000 functions. Exported so far: 546  
2026-07-06 12:57:40 INFO  (GhidraScript) GeneralStructureEyePatternScan.java> Scanned 252500 functions. Exported so far: 561  
2026-07-06 12:57:40 INFO  (GhidraScript) GeneralStructureEyePatternScan.java> Scanned 253000 functions. Exported so far: 562  
2026-07-06 12:57:40 WARN  (DecompileCallback) Decompiling 04116000, pcode error at 04116000: Unable to disassemble EXTERNAL block location: 04116000  
2026-07-06 12:57:40 WARN  (DecompileCallback) Decompiling 04116008, pcode error at 04116008: Unable to disassemble EXTERNAL block location: 04116008  
2026-07-06 12:57:40 WARN  (DecompileCallback) Decompiling 04116010, pcode error at 04116010: Unable to disassemble EXTERNAL block location: 04116010  
2026-07-06 12:57:40 WARN  (DecompileCallback) Decompiling 04116018, pcode error at 04116018: Unable to disassemble EXTERNAL block location: 04116018  
2026-07-06 12:57:41 WARN  (DecompileCallback) Decompiling 04116020, pcode error at 04116020: Unable to disassemble EXTERNAL block location: 04116020  
2026-07-06 12:57:41 WARN  (DecompileCallback) Decompiling 04116028, pcode error at 04116028: Unable to disassemble EXTERNAL block location: 04116028  
2026-07-06 12:57:41 WARN  (DecompileCallback) Decompiling 04116030, pcode error at 04116030: Unable to disassemble EXTERNAL block location: 04116030  
2026-07-06 12:57:41 WARN  (DecompileCallback) Decompiling 04116038, pcode error at 04116038: Unable to disassemble EXTERNAL block location: 04116038  
2026-07-06 12:57:41 WARN  (DecompileCallback) Decompiling 04116040, pcode error at 04116040: Unable to disassemble EXTERNAL block location: 04116040  
2026-07-06 12:57:41 WARN  (DecompileCallback) Decompiling 04116048, pcode error at 04116048: Unable to disassemble EXTERNAL block location: 04116048  
2026-07-06 12:57:41 WARN  (DecompileCallback) Decompiling 04116050, pcode error at 04116050: Unable to disassemble EXTERNAL block location: 04116050  
2026-07-06 12:57:41 WARN  (DecompileCallback) Decompiling 04116058, pcode error at 04116058: Unable to disassemble EXTERNAL block location: 04116058  
2026-07-06 12:57:41 WARN  (DecompileCallback) Decompiling 04116060, pcode error at 04116060: Unable to disassemble EXTERNAL block location: 04116060  
2026-07-06 12:57:41 WARN  (DecompileCallback) Decompiling 04116068, pcode error at 04116068: Unable to disassemble EXTERNAL block location: 04116068  
2026-07-06 12:57:41 WARN  (DecompileCallback) Decompiling 04116070, pcode error at 04116070: Unable to disassemble EXTERNAL block location: 04116070  
2026-07-06 12:57:41 WARN  (DecompileCallback) Decompiling 04116078, pcode error at 04116078: Unable to disassemble EXTERNAL block location: 04116078  
2026-07-06 12:57:41 WARN  (DecompileCallback) Decompiling 04116080, pcode error at 04116080: Unable to disassemble EXTERNAL block location: 04116080  
2026-07-06 12:57:41 WARN  (DecompileCallback) Decompiling 04116088, pcode error at 04116088: Unable to disassemble EXTERNAL block location: 04116088  
2026-07-06 12:57:41 WARN  (DecompileCallback) Decompiling 04116090, pcode error at 04116090: Unable to disassemble EXTERNAL block location: 04116090  
2026-07-06 12:57:41 WARN  (DecompileCallback) Decompiling 04116098, pcode error at 04116098: Unable to disassemble EXTERNAL block location: 04116098  
2026-07-06 12:57:41 WARN  (DecompileCallback) Decompiling 041160a0, pcode error at 041160a0: Unable to disassemble EXTERNAL block location: 041160a0  
2026-07-06 12:57:41 WARN  (DecompileCallback) Decompiling 041160a8, pcode error at 041160a8: Unable to disassemble EXTERNAL block location: 041160a8  
2026-07-06 12:57:41 WARN  (DecompileCallback) Decompiling 041160b0, pcode error at 041160b0: Unable to disassemble EXTERNAL block location: 041160b0  
2026-07-06 12:57:41 WARN  (DecompileCallback) Decompiling 041160b8, pcode error at 041160b8: Unable to disassemble EXTERNAL block location: 041160b8  
2026-07-06 12:57:41 WARN  (DecompileCallback) Decompiling 041160c0, pcode error at 041160c0: Unable to disassemble EXTERNAL block location: 041160c0  
2026-07-06 12:57:41 WARN  (DecompileCallback) Decompiling 041160c8, pcode error at 041160c8: Unable to disassemble EXTERNAL block location: 041160c8  
2026-07-06 12:57:41 WARN  (DecompileCallback) Decompiling 041160d0, pcode error at 041160d0: Unable to disassemble EXTERNAL block location: 041160d0  
2026-07-06 12:57:41 WARN  (DecompileCallback) Decompiling 041160d8, pcode error at 041160d8: Unable to disassemble EXTERNAL block location: 041160d8  
2026-07-06 12:57:41 WARN  (DecompileCallback) Decompiling 041160e0, pcode error at 041160e0: Unable to disassemble EXTERNAL block location: 041160e0  
2026-07-06 12:57:41 WARN  (DecompileCallback) Decompiling 041160e8, pcode error at 041160e8: Unable to disassemble EXTERNAL block location: 041160e8  
2026-07-06 12:57:41 WARN  (DecompileCallback) Decompiling 041160f0, pcode error at 041160f0: Unable to disassemble EXTERNAL block location: 041160f0  
2026-07-06 12:57:41 WARN  (DecompileCallback) Decompiling 041160f8, pcode error at 041160f8: Unable to disassemble EXTERNAL block location: 041160f8  
2026-07-06 12:57:41 WARN  (DecompileCallback) Decompiling 04116100, pcode error at 04116100: Unable to disassemble EXTERNAL block location: 04116100  
2026-07-06 12:57:41 WARN  (DecompileCallback) Decompiling 04116108, pcode error at 04116108: Unable to disassemble EXTERNAL block location: 04116108  
2026-07-06 12:57:41 WARN  (DecompileCallback) Decompiling 04116110, pcode error at 04116110: Unable to disassemble EXTERNAL block location: 04116110  
2026-07-06 12:57:41 WARN  (DecompileCallback) Decompiling 04116118, pcode error at 04116118: Unable to disassemble EXTERNAL block location: 04116118  
2026-07-06 12:57:41 WARN  (DecompileCallback) Decompiling 04116120, pcode error at 04116120: Unable to disassemble EXTERNAL block location: 04116120  
2026-07-06 12:57:41 WARN  (DecompileCallback) Decompiling 04116128, pcode error at 04116128: Unable to disassemble EXTERNAL block location: 04116128  
2026-07-06 12:57:41 WARN  (DecompileCallback) Decompiling 04116130, pcode error at 04116130: Unable to disassemble EXTERNAL block location: 04116130  
2026-07-06 12:57:41 WARN  (DecompileCallback) Decompiling 04116138, pcode error at 04116138: Unable to disassemble EXTERNAL block location: 04116138  
2026-07-06 12:57:41 WARN  (DecompileCallback) Decompiling 04116140, pcode error at 04116140: Unable to disassemble EXTERNAL block location: 04116140  
2026-07-06 12:57:41 WARN  (DecompileCallback) Decompiling 04116150, pcode error at 04116150: Unable to disassemble EXTERNAL block location: 04116150  
2026-07-06 12:57:41 WARN  (DecompileCallback) Decompiling 04116158, pcode error at 04116158: Unable to disassemble EXTERNAL block location: 04116158  
2026-07-06 12:57:41 WARN  (DecompileCallback) Decompiling 04116160, pcode error at 04116160: Unable to disassemble EXTERNAL block location: 04116160  
2026-07-06 12:57:41 WARN  (DecompileCallback) Decompiling 04116168, pcode error at 04116168: Unable to disassemble EXTERNAL block location: 04116168  
2026-07-06 12:57:41 WARN  (DecompileCallback) Decompiling 04116170, pcode error at 04116170: Unable to disassemble EXTERNAL block location: 04116170  
2026-07-06 12:57:41 WARN  (DecompileCallback) Decompiling 04116178, pcode error at 04116178: Unable to disassemble EXTERNAL block location: 04116178  
2026-07-06 12:57:41 WARN  (DecompileCallback) Decompiling 04116180, pcode error at 04116180: Unable to disassemble EXTERNAL block location: 04116180  
2026-07-06 12:57:41 WARN  (DecompileCallback) Decompiling 04116188, pcode error at 04116188: Unable to disassemble EXTERNAL block location: 04116188  
2026-07-06 12:57:41 WARN  (DecompileCallback) Decompiling 04116190, pcode error at 04116190: Unable to disassemble EXTERNAL block location: 04116190  
2026-07-06 12:57:41 WARN  (DecompileCallback) Decompiling 04116198, pcode error at 04116198: Unable to disassemble EXTERNAL block location: 04116198  
2026-07-06 12:57:41 WARN  (DecompileCallback) Decompiling 041161a0, pcode error at 041161a0: Unable to disassemble EXTERNAL block location: 041161a0  
2026-07-06 12:57:41 WARN  (DecompileCallback) Decompiling 041161a8, pcode error at 041161a8: Unable to disassemble EXTERNAL block location: 041161a8  
2026-07-06 12:57:41 WARN  (DecompileCallback) Decompiling 041161b0, pcode error at 041161b0: Unable to disassemble EXTERNAL block location: 041161b0  
2026-07-06 12:57:41 WARN  (DecompileCallback) Decompiling 041161b8, pcode error at 041161b8: Unable to disassemble EXTERNAL block location: 041161b8  
2026-07-06 12:57:41 WARN  (DecompileCallback) Decompiling 041161c0, pcode error at 041161c0: Unable to disassemble EXTERNAL block location: 041161c0  
2026-07-06 12:57:41 WARN  (DecompileCallback) Decompiling 041161c8, pcode error at 041161c8: Unable to disassemble EXTERNAL block location: 041161c8  
2026-07-06 12:57:41 WARN  (DecompileCallback) Decompiling 041161d0, pcode error at 041161d0: Unable to disassemble EXTERNAL block location: 041161d0  
2026-07-06 12:57:41 WARN  (DecompileCallback) Decompiling 041161d8, pcode error at 041161d8: Unable to disassemble EXTERNAL block location: 041161d8  
2026-07-06 12:57:41 WARN  (DecompileCallback) Decompiling 041161e0, pcode error at 041161e0: Unable to disassemble EXTERNAL block location: 041161e0  
2026-07-06 12:57:41 WARN  (DecompileCallback) Decompiling 041161e8, pcode error at 041161e8: Unable to disassemble EXTERNAL block location: 041161e8  
2026-07-06 12:57:41 WARN  (DecompileCallback) Decompiling 041161f0, pcode error at 041161f0: Unable to disassemble EXTERNAL block location: 041161f0  
2026-07-06 12:57:41 WARN  (DecompileCallback) Decompiling 041161f8, pcode error at 041161f8: Unable to disassemble EXTERNAL block location: 041161f8  
2026-07-06 12:57:41 WARN  (DecompileCallback) Decompiling 04116200, pcode error at 04116200: Unable to disassemble EXTERNAL block location: 04116200  
2026-07-06 12:57:41 WARN  (DecompileCallback) Decompiling 04116208, pcode error at 04116208: Unable to disassemble EXTERNAL block location: 04116208  
2026-07-06 12:57:41 WARN  (DecompileCallback) Decompiling 04116210, pcode error at 04116210: Unable to disassemble EXTERNAL block location: 04116210  
2026-07-06 12:57:41 WARN  (DecompileCallback) Decompiling 04116218, pcode error at 04116218: Unable to disassemble EXTERNAL block location: 04116218  
2026-07-06 12:57:41 WARN  (DecompileCallback) Decompiling 04116220, pcode error at 04116220: Unable to disassemble EXTERNAL block location: 04116220  
2026-07-06 12:57:41 WARN  (DecompileCallback) Decompiling 04116228, pcode error at 04116228: Unable to disassemble EXTERNAL block location: 04116228  
2026-07-06 12:57:41 WARN  (DecompileCallback) Decompiling 04116230, pcode error at 04116230: Unable to disassemble EXTERNAL block location: 04116230  
2026-07-06 12:57:41 WARN  (DecompileCallback) Decompiling 04116238, pcode error at 04116238: Unable to disassemble EXTERNAL block location: 04116238  
2026-07-06 12:57:41 WARN  (DecompileCallback) Decompiling 04116240, pcode error at 04116240: Unable to disassemble EXTERNAL block location: 04116240  
2026-07-06 12:57:41 WARN  (DecompileCallback) Decompiling 04116248, pcode error at 04116248: Unable to disassemble EXTERNAL block location: 04116248  
2026-07-06 12:57:41 WARN  (DecompileCallback) Decompiling 04116250, pcode error at 04116250: Unable to disassemble EXTERNAL block location: 04116250  
2026-07-06 12:57:41 WARN  (DecompileCallback) Decompiling 04116258, pcode error at 04116258: Unable to disassemble EXTERNAL block location: 04116258  
2026-07-06 12:57:41 WARN  (DecompileCallback) Decompiling 04116260, pcode error at 04116260: Unable to disassemble EXTERNAL block location: 04116260  
2026-07-06 12:57:41 WARN  (DecompileCallback) Decompiling 04116268, pcode error at 04116268: Unable to disassemble EXTERNAL block location: 04116268  
2026-07-06 12:57:41 WARN  (DecompileCallback) Decompiling 04116270, pcode error at 04116270: Unable to disassemble EXTERNAL block location: 04116270  
2026-07-06 12:57:41 WARN  (DecompileCallback) Decompiling 04116278, pcode error at 04116278: Unable to disassemble EXTERNAL block location: 04116278  
2026-07-06 12:57:41 WARN  (DecompileCallback) Decompiling 04116280, pcode error at 04116280: Unable to disassemble EXTERNAL block location: 04116280  
2026-07-06 12:57:41 WARN  (DecompileCallback) Decompiling 04116288, pcode error at 04116288: Unable to disassemble EXTERNAL block location: 04116288  
2026-07-06 12:57:41 WARN  (DecompileCallback) Decompiling 04116290, pcode error at 04116290: Unable to disassemble EXTERNAL block location: 04116290  
2026-07-06 12:57:41 WARN  (DecompileCallback) Decompiling 04116298, pcode error at 04116298: Unable to disassemble EXTERNAL block location: 04116298  
2026-07-06 12:57:41 WARN  (DecompileCallback) Decompiling 041162a0, pcode error at 041162a0: Unable to disassemble EXTERNAL block location: 041162a0  
2026-07-06 12:57:41 WARN  (DecompileCallback) Decompiling 041162a8, pcode error at 041162a8: Unable to disassemble EXTERNAL block location: 041162a8  
2026-07-06 12:57:41 WARN  (DecompileCallback) Decompiling 041162b0, pcode error at 041162b0: Unable to disassemble EXTERNAL block location: 041162b0  
2026-07-06 12:57:41 WARN  (DecompileCallback) Decompiling 041162b8, pcode error at 041162b8: Unable to disassemble EXTERNAL block location: 041162b8  
2026-07-06 12:57:41 WARN  (DecompileCallback) Decompiling 041162c0, pcode error at 041162c0: Unable to disassemble EXTERNAL block location: 041162c0  
2026-07-06 12:57:41 WARN  (DecompileCallback) Decompiling 041162c8, pcode error at 041162c8: Unable to disassemble EXTERNAL block location: 041162c8  
2026-07-06 12:57:41 WARN  (DecompileCallback) Decompiling 041162d0, pcode error at 041162d0: Unable to disassemble EXTERNAL block location: 041162d0  
2026-07-06 12:57:41 WARN  (DecompileCallback) Decompiling 041162d8, pcode error at 041162d8: Unable to disassemble EXTERNAL block location: 041162d8  
2026-07-06 12:57:41 WARN  (DecompileCallback) Decompiling 041162e0, pcode error at 041162e0: Unable to disassemble EXTERNAL block location: 041162e0  
2026-07-06 12:57:41 WARN  (DecompileCallback) Decompiling 041162e8, pcode error at 041162e8: Unable to disassemble EXTERNAL block location: 041162e8  
2026-07-06 12:57:41 WARN  (DecompileCallback) Decompiling 041162f0, pcode error at 041162f0: Unable to disassemble EXTERNAL block location: 041162f0  
2026-07-06 12:57:41 WARN  (DecompileCallback) Decompiling 041162f8, pcode error at 041162f8: Unable to disassemble EXTERNAL block location: 041162f8  
2026-07-06 12:57:41 WARN  (DecompileCallback) Decompiling 04116300, pcode error at 04116300: Unable to disassemble EXTERNAL block location: 04116300  
2026-07-06 12:57:41 WARN  (DecompileCallback) Decompiling 04116308, pcode error at 04116308: Unable to disassemble EXTERNAL block location: 04116308  
2026-07-06 12:57:41 WARN  (DecompileCallback) Decompiling 04116310, pcode error at 04116310: Unable to disassemble EXTERNAL block location: 04116310  
2026-07-06 12:57:41 WARN  (DecompileCallback) Decompiling 04116318, pcode error at 04116318: Unable to disassemble EXTERNAL block location: 04116318  
2026-07-06 12:57:41 WARN  (DecompileCallback) Decompiling 04116320, pcode error at 04116320: Unable to disassemble EXTERNAL block location: 04116320  
2026-07-06 12:57:41 WARN  (DecompileCallback) Decompiling 04116328, pcode error at 04116328: Unable to disassemble EXTERNAL block location: 04116328  
2026-07-06 12:57:41 WARN  (DecompileCallback) Decompiling 04116330, pcode error at 04116330: Unable to disassemble EXTERNAL block location: 04116330  
2026-07-06 12:57:41 WARN  (DecompileCallback) Decompiling 04116338, pcode error at 04116338: Unable to disassemble EXTERNAL block location: 04116338  
2026-07-06 12:57:41 WARN  (DecompileCallback) Decompiling 04116340, pcode error at 04116340: Unable to disassemble EXTERNAL block location: 04116340  
2026-07-06 12:57:41 WARN  (DecompileCallback) Decompiling 04116348, pcode error at 04116348: Unable to disassemble EXTERNAL block location: 04116348  
2026-07-06 12:57:41 WARN  (DecompileCallback) Decompiling 04116350, pcode error at 04116350: Unable to disassemble EXTERNAL block location: 04116350  
2026-07-06 12:57:41 WARN  (DecompileCallback) Decompiling 04116358, pcode error at 04116358: Unable to disassemble EXTERNAL block location: 04116358  
2026-07-06 12:57:41 WARN  (DecompileCallback) Decompiling 04116360, pcode error at 04116360: Unable to disassemble EXTERNAL block location: 04116360  
2026-07-06 12:57:41 WARN  (DecompileCallback) Decompiling 04116368, pcode error at 04116368: Unable to disassemble EXTERNAL block location: 04116368  
2026-07-06 12:57:41 WARN  (DecompileCallback) Decompiling 04116370, pcode error at 04116370: Unable to disassemble EXTERNAL block location: 04116370  
2026-07-06 12:57:41 WARN  (DecompileCallback) Decompiling 04116378, pcode error at 04116378: Unable to disassemble EXTERNAL block location: 04116378  
2026-07-06 12:57:41 WARN  (DecompileCallback) Decompiling 04116380, pcode error at 04116380: Unable to disassemble EXTERNAL block location: 04116380  
2026-07-06 12:57:41 WARN  (DecompileCallback) Decompiling 04116388, pcode error at 04116388: Unable to disassemble EXTERNAL block location: 04116388  
2026-07-06 12:57:41 WARN  (DecompileCallback) Decompiling 04116390, pcode error at 04116390: Unable to disassemble EXTERNAL block location: 04116390  
2026-07-06 12:57:41 WARN  (DecompileCallback) Decompiling 04116398, pcode error at 04116398: Unable to disassemble EXTERNAL block location: 04116398  
2026-07-06 12:57:41 WARN  (DecompileCallback) Decompiling 041163a0, pcode error at 041163a0: Unable to disassemble EXTERNAL block location: 041163a0  
2026-07-06 12:57:41 WARN  (DecompileCallback) Decompiling 041163a8, pcode error at 041163a8: Unable to disassemble EXTERNAL block location: 041163a8  
2026-07-06 12:57:41 WARN  (DecompileCallback) Decompiling 041163b0, pcode error at 041163b0: Unable to disassemble EXTERNAL block location: 041163b0  
2026-07-06 12:57:41 WARN  (DecompileCallback) Decompiling 041163b8, pcode error at 041163b8: Unable to disassemble EXTERNAL block location: 041163b8  
2026-07-06 12:57:41 WARN  (DecompileCallback) Decompiling 041163c0, pcode error at 041163c0: Unable to disassemble EXTERNAL block location: 041163c0  
2026-07-06 12:57:41 WARN  (DecompileCallback) Decompiling 041163c8, pcode error at 041163c8: Unable to disassemble EXTERNAL block location: 041163c8  
2026-07-06 12:57:41 WARN  (DecompileCallback) Decompiling 041163d0, pcode error at 041163d0: Unable to disassemble EXTERNAL block location: 041163d0  
2026-07-06 12:57:41 WARN  (DecompileCallback) Decompiling 041163d8, pcode error at 041163d8: Unable to disassemble EXTERNAL block location: 041163d8  
2026-07-06 12:57:41 WARN  (DecompileCallback) Decompiling 041163e0, pcode error at 041163e0: Unable to disassemble EXTERNAL block location: 041163e0  
2026-07-06 12:57:41 WARN  (DecompileCallback) Decompiling 041163e8, pcode error at 041163e8: Unable to disassemble EXTERNAL block location: 041163e8  
2026-07-06 12:57:41 WARN  (DecompileCallback) Decompiling 041163f0, pcode error at 041163f0: Unable to disassemble EXTERNAL block location: 041163f0  
2026-07-06 12:57:41 WARN  (DecompileCallback) Decompiling 041163f8, pcode error at 041163f8: Unable to disassemble EXTERNAL block location: 041163f8  
2026-07-06 12:57:41 WARN  (DecompileCallback) Decompiling 04116400, pcode error at 04116400: Unable to disassemble EXTERNAL block location: 04116400  
2026-07-06 12:57:41 WARN  (DecompileCallback) Decompiling 04116408, pcode error at 04116408: Unable to disassemble EXTERNAL block location: 04116408  
2026-07-06 12:57:41 WARN  (DecompileCallback) Decompiling 04116410, pcode error at 04116410: Unable to disassemble EXTERNAL block location: 04116410  
2026-07-06 12:57:41 WARN  (DecompileCallback) Decompiling 04116418, pcode error at 04116418: Unable to disassemble EXTERNAL block location: 04116418  
2026-07-06 12:57:41 WARN  (DecompileCallback) Decompiling 04116420, pcode error at 04116420: Unable to disassemble EXTERNAL block location: 04116420  
2026-07-06 12:57:41 WARN  (DecompileCallback) Decompiling 04116428, pcode error at 04116428: Unable to disassemble EXTERNAL block location: 04116428  
2026-07-06 12:57:41 WARN  (DecompileCallback) Decompiling 04116430, pcode error at 04116430: Unable to disassemble EXTERNAL block location: 04116430  
2026-07-06 12:57:41 WARN  (DecompileCallback) Decompiling 04116438, pcode error at 04116438: Unable to disassemble EXTERNAL block location: 04116438  
2026-07-06 12:57:41 WARN  (DecompileCallback) Decompiling 04116440, pcode error at 04116440: Unable to disassemble EXTERNAL block location: 04116440  
2026-07-06 12:57:41 WARN  (DecompileCallback) Decompiling 04116448, pcode error at 04116448: Unable to disassemble EXTERNAL block location: 04116448  
2026-07-06 12:57:41 WARN  (DecompileCallback) Decompiling 04116450, pcode error at 04116450: Unable to disassemble EXTERNAL block location: 04116450  
2026-07-06 12:57:41 WARN  (DecompileCallback) Decompiling 04116458, pcode error at 04116458: Unable to disassemble EXTERNAL block location: 04116458  
2026-07-06 12:57:41 WARN  (DecompileCallback) Decompiling 04116460, pcode error at 04116460: Unable to disassemble EXTERNAL block location: 04116460  
2026-07-06 12:57:41 WARN  (DecompileCallback) Decompiling 04116468, pcode error at 04116468: Unable to disassemble EXTERNAL block location: 04116468  
2026-07-06 12:57:41 WARN  (DecompileCallback) Decompiling 04116470, pcode error at 04116470: Unable to disassemble EXTERNAL block location: 04116470  
2026-07-06 12:57:41 WARN  (DecompileCallback) Decompiling 04116478, pcode error at 04116478: Unable to disassemble EXTERNAL block location: 04116478  
2026-07-06 12:57:41 WARN  (DecompileCallback) Decompiling 04116480, pcode error at 04116480: Unable to disassemble EXTERNAL block location: 04116480  
2026-07-06 12:57:41 WARN  (DecompileCallback) Decompiling 04116488, pcode error at 04116488: Unable to disassemble EXTERNAL block location: 04116488  
2026-07-06 12:57:41 WARN  (DecompileCallback) Decompiling 04116490, pcode error at 04116490: Unable to disassemble EXTERNAL block location: 04116490  
2026-07-06 12:57:41 WARN  (DecompileCallback) Decompiling 04116498, pcode error at 04116498: Unable to disassemble EXTERNAL block location: 04116498  
2026-07-06 12:57:41 WARN  (DecompileCallback) Decompiling 041164a0, pcode error at 041164a0: Unable to disassemble EXTERNAL block location: 041164a0  
2026-07-06 12:57:41 WARN  (DecompileCallback) Decompiling 041164a8, pcode error at 041164a8: Unable to disassemble EXTERNAL block location: 041164a8  
2026-07-06 12:57:41 WARN  (DecompileCallback) Decompiling 041164b0, pcode error at 041164b0: Unable to disassemble EXTERNAL block location: 041164b0  
2026-07-06 12:57:41 WARN  (DecompileCallback) Decompiling 041164b8, pcode error at 041164b8: Unable to disassemble EXTERNAL block location: 041164b8  
2026-07-06 12:57:41 WARN  (DecompileCallback) Decompiling 041164c0, pcode error at 041164c0: Unable to disassemble EXTERNAL block location: 041164c0  
2026-07-06 12:57:41 WARN  (DecompileCallback) Decompiling 041164c8, pcode error at 041164c8: Unable to disassemble EXTERNAL block location: 041164c8  
2026-07-06 12:57:41 WARN  (DecompileCallback) Decompiling 041164d0, pcode error at 041164d0: Unable to disassemble EXTERNAL block location: 041164d0  
2026-07-06 12:57:41 WARN  (DecompileCallback) Decompiling 041164d8, pcode error at 041164d8: Unable to disassemble EXTERNAL block location: 041164d8  
2026-07-06 12:57:41 WARN  (DecompileCallback) Decompiling 041164e0, pcode error at 041164e0: Unable to disassemble EXTERNAL block location: 041164e0  
2026-07-06 12:57:41 WARN  (DecompileCallback) Decompiling 041164e8, pcode error at 041164e8: Unable to disassemble EXTERNAL block location: 041164e8  
2026-07-06 12:57:41 WARN  (DecompileCallback) Decompiling 041164f0, pcode error at 041164f0: Unable to disassemble EXTERNAL block location: 041164f0  
2026-07-06 12:57:41 WARN  (DecompileCallback) Decompiling 041164f8, pcode error at 041164f8: Unable to disassemble EXTERNAL block location: 041164f8  
2026-07-06 12:57:41 WARN  (DecompileCallback) Decompiling 04116500, pcode error at 04116500: Unable to disassemble EXTERNAL block location: 04116500  
2026-07-06 12:57:41 WARN  (DecompileCallback) Decompiling 04116508, pcode error at 04116508: Unable to disassemble EXTERNAL block location: 04116508  
2026-07-06 12:57:41 WARN  (DecompileCallback) Decompiling 04116510, pcode error at 04116510: Unable to disassemble EXTERNAL block location: 04116510  
2026-07-06 12:57:41 WARN  (DecompileCallback) Decompiling 04116518, pcode error at 04116518: Unable to disassemble EXTERNAL block location: 04116518  
2026-07-06 12:57:41 WARN  (DecompileCallback) Decompiling 04116520, pcode error at 04116520: Unable to disassemble EXTERNAL block location: 04116520  
2026-07-06 12:57:41 WARN  (DecompileCallback) Decompiling 04116528, pcode error at 04116528: Unable to disassemble EXTERNAL block location: 04116528  
2026-07-06 12:57:41 WARN  (DecompileCallback) Decompiling 04116530, pcode error at 04116530: Unable to disassemble EXTERNAL block location: 04116530  
2026-07-06 12:57:41 WARN  (DecompileCallback) Decompiling 04116538, pcode error at 04116538: Unable to disassemble EXTERNAL block location: 04116538  
2026-07-06 12:57:41 WARN  (DecompileCallback) Decompiling 04116540, pcode error at 04116540: Unable to disassemble EXTERNAL block location: 04116540  
2026-07-06 12:57:41 WARN  (DecompileCallback) Decompiling 04116548, pcode error at 04116548: Unable to disassemble EXTERNAL block location: 04116548  
2026-07-06 12:57:41 WARN  (DecompileCallback) Decompiling 04116550, pcode error at 04116550: Unable to disassemble EXTERNAL block location: 04116550  
2026-07-06 12:57:41 WARN  (DecompileCallback) Decompiling 04116558, pcode error at 04116558: Unable to disassemble EXTERNAL block location: 04116558  
2026-07-06 12:57:41 WARN  (DecompileCallback) Decompiling 04116560, pcode error at 04116560: Unable to disassemble EXTERNAL block location: 04116560  
2026-07-06 12:57:41 WARN  (DecompileCallback) Decompiling 04116568, pcode error at 04116568: Unable to disassemble EXTERNAL block location: 04116568  
2026-07-06 12:57:41 WARN  (DecompileCallback) Decompiling 04116570, pcode error at 04116570: Unable to disassemble EXTERNAL block location: 04116570  
2026-07-06 12:57:41 WARN  (DecompileCallback) Decompiling 04116578, pcode error at 04116578: Unable to disassemble EXTERNAL block location: 04116578  
2026-07-06 12:57:41 WARN  (DecompileCallback) Decompiling 04116580, pcode error at 04116580: Unable to disassemble EXTERNAL block location: 04116580  
2026-07-06 12:57:41 WARN  (DecompileCallback) Decompiling 04116588, pcode error at 04116588: Unable to disassemble EXTERNAL block location: 04116588  
2026-07-06 12:57:41 WARN  (DecompileCallback) Decompiling 04116590, pcode error at 04116590: Unable to disassemble EXTERNAL block location: 04116590  
2026-07-06 12:57:41 WARN  (DecompileCallback) Decompiling 04116598, pcode error at 04116598: Unable to disassemble EXTERNAL block location: 04116598  
2026-07-06 12:57:41 WARN  (DecompileCallback) Decompiling 041165a0, pcode error at 041165a0: Unable to disassemble EXTERNAL block location: 041165a0  
2026-07-06 12:57:41 WARN  (DecompileCallback) Decompiling 041165a8, pcode error at 041165a8: Unable to disassemble EXTERNAL block location: 041165a8  
2026-07-06 12:57:41 WARN  (DecompileCallback) Decompiling 041165b0, pcode error at 041165b0: Unable to disassemble EXTERNAL block location: 041165b0  
2026-07-06 12:57:41 WARN  (DecompileCallback) Decompiling 041165b8, pcode error at 041165b8: Unable to disassemble EXTERNAL block location: 041165b8  
2026-07-06 12:57:41 WARN  (DecompileCallback) Decompiling 041165c0, pcode error at 041165c0: Unable to disassemble EXTERNAL block location: 041165c0  
2026-07-06 12:57:41 WARN  (DecompileCallback) Decompiling 041165c8, pcode error at 041165c8: Unable to disassemble EXTERNAL block location: 041165c8  
2026-07-06 12:57:41 WARN  (DecompileCallback) Decompiling 041165d0, pcode error at 041165d0: Unable to disassemble EXTERNAL block location: 041165d0  
2026-07-06 12:57:41 WARN  (DecompileCallback) Decompiling 041165d8, pcode error at 041165d8: Unable to disassemble EXTERNAL block location: 041165d8  
2026-07-06 12:57:41 WARN  (DecompileCallback) Decompiling 041165e0, pcode error at 041165e0: Unable to disassemble EXTERNAL block location: 041165e0  
2026-07-06 12:57:41 WARN  (DecompileCallback) Decompiling 041165e8, pcode error at 041165e8: Unable to disassemble EXTERNAL block location: 041165e8  
2026-07-06 12:57:41 WARN  (DecompileCallback) Decompiling 041165f0, pcode error at 041165f0: Unable to disassemble EXTERNAL block location: 041165f0  
2026-07-06 12:57:41 WARN  (DecompileCallback) Decompiling 041165f8, pcode error at 041165f8: Unable to disassemble EXTERNAL block location: 041165f8  
2026-07-06 12:57:41 WARN  (DecompileCallback) Decompiling 04116600, pcode error at 04116600: Unable to disassemble EXTERNAL block location: 04116600  
2026-07-06 12:57:41 WARN  (DecompileCallback) Decompiling 04116608, pcode error at 04116608: Unable to disassemble EXTERNAL block location: 04116608  
2026-07-06 12:57:41 WARN  (DecompileCallback) Decompiling 04116610, pcode error at 04116610: Unable to disassemble EXTERNAL block location: 04116610  
2026-07-06 12:57:41 WARN  (DecompileCallback) Decompiling 04116618, pcode error at 04116618: Unable to disassemble EXTERNAL block location: 04116618  
2026-07-06 12:57:41 WARN  (DecompileCallback) Decompiling 04116620, pcode error at 04116620: Unable to disassemble EXTERNAL block location: 04116620  
2026-07-06 12:57:41 WARN  (DecompileCallback) Decompiling 04116628, pcode error at 04116628: Unable to disassemble EXTERNAL block location: 04116628  
2026-07-06 12:57:41 WARN  (DecompileCallback) Decompiling 04116630, pcode error at 04116630: Unable to disassemble EXTERNAL block location: 04116630  
2026-07-06 12:57:41 WARN  (DecompileCallback) Decompiling 04116638, pcode error at 04116638: Unable to disassemble EXTERNAL block location: 04116638  
2026-07-06 12:57:41 WARN  (DecompileCallback) Decompiling 04116640, pcode error at 04116640: Unable to disassemble EXTERNAL block location: 04116640  
2026-07-06 12:57:41 WARN  (DecompileCallback) Decompiling 04116648, pcode error at 04116648: Unable to disassemble EXTERNAL block location: 04116648  
2026-07-06 12:57:41 WARN  (DecompileCallback) Decompiling 04116650, pcode error at 04116650: Unable to disassemble EXTERNAL block location: 04116650  
2026-07-06 12:57:41 WARN  (DecompileCallback) Decompiling 04116658, pcode error at 04116658: Unable to disassemble EXTERNAL block location: 04116658  
2026-07-06 12:57:41 WARN  (DecompileCallback) Decompiling 04116660, pcode error at 04116660: Unable to disassemble EXTERNAL block location: 04116660  
2026-07-06 12:57:41 WARN  (DecompileCallback) Decompiling 04116668, pcode error at 04116668: Unable to disassemble EXTERNAL block location: 04116668  
2026-07-06 12:57:41 WARN  (DecompileCallback) Decompiling 04116670, pcode error at 04116670: Unable to disassemble EXTERNAL block location: 04116670  
2026-07-06 12:57:41 WARN  (DecompileCallback) Decompiling 04116678, pcode error at 04116678: Unable to disassemble EXTERNAL block location: 04116678  
2026-07-06 12:57:41 WARN  (DecompileCallback) Decompiling 04116680, pcode error at 04116680: Unable to disassemble EXTERNAL block location: 04116680  
2026-07-06 12:57:41 WARN  (DecompileCallback) Decompiling 04116688, pcode error at 04116688: Unable to disassemble EXTERNAL block location: 04116688  
2026-07-06 12:57:41 WARN  (DecompileCallback) Decompiling 04116690, pcode error at 04116690: Unable to disassemble EXTERNAL block location: 04116690  
2026-07-06 12:57:41 WARN  (DecompileCallback) Decompiling 04116698, pcode error at 04116698: Unable to disassemble EXTERNAL block location: 04116698  
2026-07-06 12:57:41 WARN  (DecompileCallback) Decompiling 041166a0, pcode error at 041166a0: Unable to disassemble EXTERNAL block location: 041166a0  
2026-07-06 12:57:41 WARN  (DecompileCallback) Decompiling 041166a8, pcode error at 041166a8: Unable to disassemble EXTERNAL block location: 041166a8  
2026-07-06 12:57:41 WARN  (DecompileCallback) Decompiling 041166b0, pcode error at 041166b0: Unable to disassemble EXTERNAL block location: 041166b0  
2026-07-06 12:57:41 WARN  (DecompileCallback) Decompiling 041166b8, pcode error at 041166b8: Unable to disassemble EXTERNAL block location: 041166b8  
2026-07-06 12:57:41 WARN  (DecompileCallback) Decompiling 041166c0, pcode error at 041166c0: Unable to disassemble EXTERNAL block location: 041166c0  
2026-07-06 12:57:41 WARN  (DecompileCallback) Decompiling 041166c8, pcode error at 041166c8: Unable to disassemble EXTERNAL block location: 041166c8  
2026-07-06 12:57:41 WARN  (DecompileCallback) Decompiling 041166d0, pcode error at 041166d0: Unable to disassemble EXTERNAL block location: 041166d0  
2026-07-06 12:57:41 WARN  (DecompileCallback) Decompiling 041166d8, pcode error at 041166d8: Unable to disassemble EXTERNAL block location: 041166d8  
2026-07-06 12:57:41 WARN  (DecompileCallback) Decompiling 041166e0, pcode error at 041166e0: Unable to disassemble EXTERNAL block location: 041166e0  
2026-07-06 12:57:41 WARN  (DecompileCallback) Decompiling 041166e8, pcode error at 041166e8: Unable to disassemble EXTERNAL block location: 041166e8  
2026-07-06 12:57:41 WARN  (DecompileCallback) Decompiling 041166f0, pcode error at 041166f0: Unable to disassemble EXTERNAL block location: 041166f0  
2026-07-06 12:57:41 WARN  (DecompileCallback) Decompiling 041166f8, pcode error at 041166f8: Unable to disassemble EXTERNAL block location: 041166f8  
2026-07-06 12:57:41 WARN  (DecompileCallback) Decompiling 04116700, pcode error at 04116700: Unable to disassemble EXTERNAL block location: 04116700  
2026-07-06 12:57:41 WARN  (DecompileCallback) Decompiling 04116708, pcode error at 04116708: Unable to disassemble EXTERNAL block location: 04116708  
2026-07-06 12:57:41 WARN  (DecompileCallback) Decompiling 04116710, pcode error at 04116710: Unable to disassemble EXTERNAL block location: 04116710  
2026-07-06 12:57:41 WARN  (DecompileCallback) Decompiling 04116718, pcode error at 04116718: Unable to disassemble EXTERNAL block location: 04116718  
2026-07-06 12:57:41 WARN  (DecompileCallback) Decompiling 04116720, pcode error at 04116720: Unable to disassemble EXTERNAL block location: 04116720  
2026-07-06 12:57:41 WARN  (DecompileCallback) Decompiling 04116728, pcode error at 04116728: Unable to disassemble EXTERNAL block location: 04116728  
2026-07-06 12:57:41 WARN  (DecompileCallback) Decompiling 04116730, pcode error at 04116730: Unable to disassemble EXTERNAL block location: 04116730  
2026-07-06 12:57:41 WARN  (DecompileCallback) Decompiling 04116738, pcode error at 04116738: Unable to disassemble EXTERNAL block location: 04116738  
2026-07-06 12:57:41 WARN  (DecompileCallback) Decompiling 04116740, pcode error at 04116740: Unable to disassemble EXTERNAL block location: 04116740  
2026-07-06 12:57:41 WARN  (DecompileCallback) Decompiling 04116748, pcode error at 04116748: Unable to disassemble EXTERNAL block location: 04116748  
2026-07-06 12:57:41 WARN  (DecompileCallback) Decompiling 04116750, pcode error at 04116750: Unable to disassemble EXTERNAL block location: 04116750  
2026-07-06 12:57:41 WARN  (DecompileCallback) Decompiling 04116758, pcode error at 04116758: Unable to disassemble EXTERNAL block location: 04116758  
2026-07-06 12:57:41 WARN  (DecompileCallback) Decompiling 04116760, pcode error at 04116760: Unable to disassemble EXTERNAL block location: 04116760  
2026-07-06 12:57:41 WARN  (DecompileCallback) Decompiling 04116768, pcode error at 04116768: Unable to disassemble EXTERNAL block location: 04116768  
2026-07-06 12:57:41 WARN  (DecompileCallback) Decompiling 04116770, pcode error at 04116770: Unable to disassemble EXTERNAL block location: 04116770  
2026-07-06 12:57:41 WARN  (DecompileCallback) Decompiling 04116778, pcode error at 04116778: Unable to disassemble EXTERNAL block location: 04116778  
2026-07-06 12:57:41 WARN  (DecompileCallback) Decompiling 04116780, pcode error at 04116780: Unable to disassemble EXTERNAL block location: 04116780  
2026-07-06 12:57:41 WARN  (DecompileCallback) Decompiling 04116788, pcode error at 04116788: Unable to disassemble EXTERNAL block location: 04116788  
2026-07-06 12:57:41 WARN  (DecompileCallback) Decompiling 04116790, pcode error at 04116790: Unable to disassemble EXTERNAL block location: 04116790  
2026-07-06 12:57:41 WARN  (DecompileCallback) Decompiling 04116798, pcode error at 04116798: Unable to disassemble EXTERNAL block location: 04116798  
2026-07-06 12:57:41 WARN  (DecompileCallback) Decompiling 041167a0, pcode error at 041167a0: Unable to disassemble EXTERNAL block location: 041167a0  
2026-07-06 12:57:41 WARN  (DecompileCallback) Decompiling 041167a8, pcode error at 041167a8: Unable to disassemble EXTERNAL block location: 041167a8  
2026-07-06 12:57:41 WARN  (DecompileCallback) Decompiling 041167b0, pcode error at 041167b0: Unable to disassemble EXTERNAL block location: 041167b0  
2026-07-06 12:57:41 WARN  (DecompileCallback) Decompiling 041167b8, pcode error at 041167b8: Unable to disassemble EXTERNAL block location: 041167b8  
2026-07-06 12:57:41 WARN  (DecompileCallback) Decompiling 041167c0, pcode error at 041167c0: Unable to disassemble EXTERNAL block location: 041167c0  
2026-07-06 12:57:41 WARN  (DecompileCallback) Decompiling 041167c8, pcode error at 041167c8: Unable to disassemble EXTERNAL block location: 041167c8  
2026-07-06 12:57:41 WARN  (DecompileCallback) Decompiling 041167d0, pcode error at 041167d0: Unable to disassemble EXTERNAL block location: 041167d0  
2026-07-06 12:57:41 WARN  (DecompileCallback) Decompiling 041167e0, pcode error at 041167e0: Unable to disassemble EXTERNAL block location: 041167e0  
2026-07-06 12:57:41 WARN  (DecompileCallback) Decompiling 041167e8, pcode error at 041167e8: Unable to disassemble EXTERNAL block location: 041167e8  
2026-07-06 12:57:41 WARN  (DecompileCallback) Decompiling 041167f0, pcode error at 041167f0: Unable to disassemble EXTERNAL block location: 041167f0  
2026-07-06 12:57:41 WARN  (DecompileCallback) Decompiling 041167f8, pcode error at 041167f8: Unable to disassemble EXTERNAL block location: 041167f8  
2026-07-06 12:57:41 WARN  (DecompileCallback) Decompiling 04116800, pcode error at 04116800: Unable to disassemble EXTERNAL block location: 04116800  
2026-07-06 12:57:41 WARN  (DecompileCallback) Decompiling 04116808, pcode error at 04116808: Unable to disassemble EXTERNAL block location: 04116808  
2026-07-06 12:57:41 WARN  (DecompileCallback) Decompiling 04116810, pcode error at 04116810: Unable to disassemble EXTERNAL block location: 04116810  
2026-07-06 12:57:41 WARN  (DecompileCallback) Decompiling 04116818, pcode error at 04116818: Unable to disassemble EXTERNAL block location: 04116818  
2026-07-06 12:57:41 INFO  (GhidraScript) GeneralStructureEyePatternScan.java> General structure scan complete.  
2026-07-06 12:57:41 INFO  (GhidraScript) GeneralStructureEyePatternScan.java> Total functions scanned: 253489  
2026-07-06 12:57:41 INFO  (GhidraScript) GeneralStructureEyePatternScan.java> Exported functions: 562  
2026-07-06 12:57:41 INFO  (GhidraScript) GeneralStructureEyePatternScan.java> Decompile failures: 2  
2026-07-06 12:57:41 INFO  (GhidraScript) GeneralStructureEyePatternScan.java> Report CSV: C:\realDesktop\manifest-evaluations\summer-26\ghidra-pipeline\il2cpp-files\FruitBladeVR\general-structure-results\structure_scan_report.csv  
2026-07-06 12:57:41 INFO  (GhidraScript) GeneralStructureEyePatternScan.java> Report JSON: C:\realDesktop\manifest-evaluations\summer-26\ghidra-pipeline\il2cpp-files\FruitBladeVR\general-structure-results\structure_scan_report.json  
2026-07-06 12:57:41 INFO  (HeadlessAnalyzer) REPORT: Save succeeded for processed file: /FruitBladeVR-libil2cpp.so  
2026-07-07 10:49:01 INFO  (LoggingInitialization) Using log config file: jar:file:/C:/Users/kimgiordano27/Downloads/ghidra_12.1.2_PUBLIC_20260605/ghidra_12.1.2_PUBLIC/Ghidra/Framework/Generic/lib/Generic.jar!/generic.log4j.xml  
2026-07-07 10:49:01 INFO  (LoggingInitialization) Using log file: C:\realDesktop\manifest-evaluations\summer-26\ghidra-pipeline\il2cpp-files\FruitBladeVR\general-structure-ghidra.log  
2026-07-07 10:49:01 DEBUG (GhidraObjectInputFilter) Including serial input filter: FileSystem/data/client.rmi.serial.filter  
2026-07-07 10:49:01 INFO  (Preferences) Loading user preferences: C:\Users\kimgiordano27\AppData\Roaming\ghidra\ghidra_12.1.2_PUBLIC\preferences  
2026-07-07 10:49:01 INFO  (ClassSearcher) Searching for classes...  
2026-07-07 10:49:02 INFO  (ClassSearcher) Class search complete (701 ms)  
2026-07-07 10:49:02 INFO  (DefaultSSLContextInitializer) Initializing SSL Context  
2026-07-07 10:49:02 INFO  (SecureRandomFactory) Initializing Random Number Generator...  
2026-07-07 10:49:02 INFO  (SecureRandomFactory) Random Number Generator initialization complete: SHA1PRNG  
2026-07-07 10:49:02 INFO  (DefaultTrustManagerFactory) Trust manager disabled, cacerts have not been set  
2026-07-07 10:49:02 INFO  (AnalyzeHeadless) Headless startup complete (6571 ms)  
2026-07-07 10:49:02 INFO  (ClassSearcher) Class searcher loaded 59 extension points (20 false positives)  
2026-07-07 10:49:03 INFO  (HeadlessAnalyzer) HEADLESS Script Paths:
    C:\Users\kimgiordano27\Downloads\ghidra_12.1.2_PUBLIC_20260605\ghidra_12.1.2_PUBLIC\Ghidra\Features\DecompilerDependent\ghidra_scripts
    C:\Users\kimgiordano27\Downloads\ghidra_12.1.2_PUBLIC_20260605\ghidra_12.1.2_PUBLIC\Ghidra\Processors\Atmel\ghidra_scripts
    C:\Users\kimgiordano27\Downloads\ghidra_12.1.2_PUBLIC_20260605\ghidra_12.1.2_PUBLIC\Ghidra\Processors\PIC\ghidra_scripts
    C:\Users\kimgiordano27\Downloads\ghidra_12.1.2_PUBLIC_20260605\ghidra_12.1.2_PUBLIC\Ghidra\Features\VersionTracking\ghidra_scripts
    C:\Users\kimgiordano27\Downloads\ghidra_12.1.2_PUBLIC_20260605\ghidra_12.1.2_PUBLIC\Ghidra\Features\BytePatterns\ghidra_scripts
    C:\Users\kimgiordano27\ghidra_scripts
    C:\Users\kimgiordano27\Downloads\ghidra_12.1.2_PUBLIC_20260605\ghidra_12.1.2_PUBLIC\Ghidra\Features\BSim\ghidra_scripts
    C:\realDesktop\manifest-evaluations\summer-26\ghidra-pipeline\ghidra-export-scripts
    C:\Users\kimgiordano27\Downloads\ghidra_12.1.2_PUBLIC_20260605\ghidra_12.1.2_PUBLIC\Ghidra\Processors\JVM\ghidra_scripts
    C:\Users\kimgiordano27\Downloads\ghidra_12.1.2_PUBLIC_20260605\ghidra_12.1.2_PUBLIC\Ghidra\Features\Base\ghidra_scripts
    C:\Users\kimgiordano27\Downloads\ghidra_12.1.2_PUBLIC_20260605\ghidra_12.1.2_PUBLIC\Ghidra\Features\SwiftDemangler\ghidra_scripts
    C:\Users\kimgiordano27\Downloads\ghidra_12.1.2_PUBLIC_20260605\ghidra_12.1.2_PUBLIC\Ghidra\Features\WildcardAssembler\ghidra_scripts
    C:\Users\kimgiordano27\Downloads\ghidra_12.1.2_PUBLIC_20260605\ghidra_12.1.2_PUBLIC\Ghidra\Features\FileFormats\ghidra_scripts
    C:\Users\kimgiordano27\Downloads\ghidra_12.1.2_PUBLIC_20260605\ghidra_12.1.2_PUBLIC\Ghidra\Features\Decompiler\ghidra_scripts
    C:\Users\kimgiordano27\Downloads\ghidra_12.1.2_PUBLIC_20260605\ghidra_12.1.2_PUBLIC\Ghidra\Features\SystemEmulation\ghidra_scripts
    C:\Users\kimgiordano27\Downloads\ghidra_12.1.2_PUBLIC_20260605\ghidra_12.1.2_PUBLIC\Ghidra\Processors\8051\ghidra_scripts
    C:\Users\kimgiordano27\Downloads\ghidra_12.1.2_PUBLIC_20260605\ghidra_12.1.2_PUBLIC\Ghidra\Features\GnuDemangler\ghidra_scripts
    C:\Users\kimgiordano27\Downloads\ghidra_12.1.2_PUBLIC_20260605\ghidra_12.1.2_PUBLIC\Ghidra\Debug\Debugger\ghidra_scripts
    C:\Users\kimgiordano27\Downloads\ghidra_12.1.2_PUBLIC_20260605\ghidra_12.1.2_PUBLIC\Ghidra\Processors\DATA\ghidra_scripts
    C:\Users\kimgiordano27\Downloads\ghidra_12.1.2_PUBLIC_20260605\ghidra_12.1.2_PUBLIC\Ghidra\Debug\Debugger-rmi-trace\ghidra_scripts
    C:\Users\kimgiordano27\Downloads\ghidra_12.1.2_PUBLIC_20260605\ghidra_12.1.2_PUBLIC\Ghidra\Features\FunctionID\ghidra_scripts
    C:\Users\kimgiordano27\Downloads\ghidra_12.1.2_PUBLIC_20260605\ghidra_12.1.2_PUBLIC\Ghidra\Features\MicrosoftCodeAnalyzer\ghidra_scripts
    C:\Users\kimgiordano27\Downloads\ghidra_12.1.2_PUBLIC_20260605\ghidra_12.1.2_PUBLIC\Ghidra\Features\PDB\ghidra_scripts
    C:\Users\kimgiordano27\AppData\Roaming\ghidra\ghidra_12.1.2_PUBLIC\Extensions\Jython\ghidra_scripts
    C:\Users\kimgiordano27\Downloads\ghidra_12.1.2_PUBLIC_20260605\ghidra_12.1.2_PUBLIC\Ghidra\Features\PyGhidra\ghidra_scripts  
2026-07-07 10:49:03 INFO  (HeadlessAnalyzer) HEADLESS: execution starts  
2026-07-07 10:49:03 INFO  (HeadlessAnalyzer) Opening existing project: C:\realDesktop\manifest-evaluations\summer-26\ghidra-pipeline\il2cpp-files\FruitBladeVR\ghidra-project\FruitBladeVR  
2026-07-07 10:49:03 INFO  (HeadlessProject) Opening project: C:\realDesktop\manifest-evaluations\summer-26\ghidra-pipeline\il2cpp-files\FruitBladeVR\ghidra-project\FruitBladeVR  
2026-07-07 10:49:05 INFO  (HeadlessAnalyzer) REPORT: Processing project file: /FruitBladeVR-libil2cpp.so  
2026-07-07 10:49:05 INFO  (HeadlessAnalyzer) REPORT: Execute script: GeneralStructureEyePatternScan.java 'C:\realDesktop\manifest-evaluations\summer-26\ghidra-pipeline\il2cpp-files\FruitBladeVR\general-structure-results' '35' 'false'   
2026-07-07 10:49:05 INFO  (HeadlessAnalyzer) SCRIPT: C:\realDesktop\manifest-evaluations\summer-26\ghidra-pipeline\ghidra-export-scripts\GeneralStructureEyePatternScan.java  
2026-07-07 10:49:05 INFO  (GhidraScript) GeneralStructureEyePatternScan.java> General structure scan starting...  
2026-07-07 10:49:05 INFO  (GhidraScript) GeneralStructureEyePatternScan.java> Output: C:\realDesktop\manifest-evaluations\summer-26\ghidra-pipeline\il2cpp-files\FruitBladeVR\general-structure-results  
2026-07-07 10:49:05 INFO  (GhidraScript) GeneralStructureEyePatternScan.java> Minimum review score: 35  
2026-07-07 10:49:05 INFO  (GhidraScript) GeneralStructureEyePatternScan.java> Export all: false  
2026-07-07 10:49:06 INFO  (GhidraScript) GeneralStructureEyePatternScan.java> Scanned 500 functions. Exported so far: 0  
2026-07-07 10:49:07 INFO  (GhidraScript) GeneralStructureEyePatternScan.java> Scanned 1000 functions. Exported so far: 0  
2026-07-07 10:49:08 INFO  (GhidraScript) GeneralStructureEyePatternScan.java> Scanned 1500 functions. Exported so far: 0  
2026-07-07 10:49:09 INFO  (GhidraScript) GeneralStructureEyePatternScan.java> Scanned 2000 functions. Exported so far: 0  
2026-07-07 10:49:09 INFO  (GhidraScript) GeneralStructureEyePatternScan.java> Scanned 2500 functions. Exported so far: 0  
2026-07-07 10:49:10 INFO  (GhidraScript) GeneralStructureEyePatternScan.java> Scanned 3000 functions. Exported so far: 0  
2026-07-07 10:49:11 INFO  (GhidraScript) GeneralStructureEyePatternScan.java> Scanned 3500 functions. Exported so far: 0  
2026-07-07 10:49:11 INFO  (GhidraScript) GeneralStructureEyePatternScan.java> Scanned 4000 functions. Exported so far: 0  
2026-07-07 10:49:12 INFO  (GhidraScript) GeneralStructureEyePatternScan.java> Scanned 4500 functions. Exported so far: 0  
2026-07-07 10:49:12 INFO  (GhidraScript) GeneralStructureEyePatternScan.java> Scanned 5000 functions. Exported so far: 0  
2026-07-07 10:49:12 INFO  (GhidraScript) GeneralStructureEyePatternScan.java> Scanned 5500 functions. Exported so far: 0  
2026-07-07 10:49:13 INFO  (GhidraScript) GeneralStructureEyePatternScan.java> Scanned 6000 functions. Exported so far: 0  
2026-07-07 10:49:14 INFO  (GhidraScript) GeneralStructureEyePatternScan.java> Scanned 6500 functions. Exported so far: 0  
2026-07-07 10:49:14 INFO  (GhidraScript) GeneralStructureEyePatternScan.java> Scanned 7000 functions. Exported so far: 0  
2026-07-07 10:49:15 INFO  (GhidraScript) GeneralStructureEyePatternScan.java> Scanned 7500 functions. Exported so far: 0  
2026-07-07 10:49:15 INFO  (GhidraScript) GeneralStructureEyePatternScan.java> Scanned 8000 functions. Exported so far: 0  
2026-07-07 10:49:16 INFO  (GhidraScript) GeneralStructureEyePatternScan.java> Scanned 8500 functions. Exported so far: 0  
2026-07-07 10:49:16 INFO  (GhidraScript) GeneralStructureEyePatternScan.java> Scanned 9000 functions. Exported so far: 0  
2026-07-07 10:49:16 INFO  (GhidraScript) GeneralStructureEyePatternScan.java> Scanned 9500 functions. Exported so far: 0  
2026-07-07 10:49:17 INFO  (GhidraScript) GeneralStructureEyePatternScan.java> Scanned 10000 functions. Exported so far: 0  
2026-07-07 10:49:17 INFO  (GhidraScript) GeneralStructureEyePatternScan.java> Scanned 10500 functions. Exported so far: 0  
2026-07-07 10:49:18 INFO  (GhidraScript) GeneralStructureEyePatternScan.java> Scanned 11000 functions. Exported so far: 0  
2026-07-07 10:49:18 INFO  (GhidraScript) GeneralStructureEyePatternScan.java> Scanned 11500 functions. Exported so far: 0  
2026-07-07 10:49:18 INFO  (GhidraScript) GeneralStructureEyePatternScan.java> Scanned 12000 functions. Exported so far: 0  
2026-07-07 10:49:18 INFO  (GhidraScript) GeneralStructureEyePatternScan.java> Scanned 12500 functions. Exported so far: 0  
2026-07-07 10:49:19 INFO  (GhidraScript) GeneralStructureEyePatternScan.java> Scanned 13000 functions. Exported so far: 0  
2026-07-07 10:49:20 INFO  (GhidraScript) GeneralStructureEyePatternScan.java> Scanned 13500 functions. Exported so far: 0  
2026-07-07 10:49:20 INFO  (GhidraScript) GeneralStructureEyePatternScan.java> Scanned 14000 functions. Exported so far: 0  
2026-07-07 10:49:21 INFO  (GhidraScript) GeneralStructureEyePatternScan.java> Scanned 14500 functions. Exported so far: 0  
2026-07-07 10:49:22 INFO  (GhidraScript) GeneralStructureEyePatternScan.java> Scanned 15000 functions. Exported so far: 0  
2026-07-07 10:49:22 INFO  (GhidraScript) GeneralStructureEyePatternScan.java> Scanned 15500 functions. Exported so far: 0  
2026-07-07 10:49:23 INFO  (GhidraScript) GeneralStructureEyePatternScan.java> Scanned 16000 functions. Exported so far: 0  
2026-07-07 10:49:23 INFO  (GhidraScript) GeneralStructureEyePatternScan.java> Scanned 16500 functions. Exported so far: 0  
2026-07-07 10:49:23 INFO  (GhidraScript) GeneralStructureEyePatternScan.java> Scanned 17000 functions. Exported so far: 0  
2026-07-07 10:49:24 INFO  (GhidraScript) GeneralStructureEyePatternScan.java> Scanned 17500 functions. Exported so far: 0  
2026-07-07 10:49:24 INFO  (GhidraScript) GeneralStructureEyePatternScan.java> Scanned 18000 functions. Exported so far: 0  
2026-07-07 10:49:24 INFO  (GhidraScript) GeneralStructureEyePatternScan.java> Scanned 18500 functions. Exported so far: 0  
2026-07-07 10:49:25 INFO  (GhidraScript) GeneralStructureEyePatternScan.java> Scanned 19000 functions. Exported so far: 0  
2026-07-07 10:49:25 INFO  (GhidraScript) GeneralStructureEyePatternScan.java> Scanned 19500 functions. Exported so far: 0  
2026-07-07 10:49:25 INFO  (GhidraScript) GeneralStructureEyePatternScan.java> Scanned 20000 functions. Exported so far: 0  
2026-07-07 10:49:25 INFO  (GhidraScript) GeneralStructureEyePatternScan.java> Scanned 20500 functions. Exported so far: 0  
2026-07-07 10:49:26 INFO  (GhidraScript) GeneralStructureEyePatternScan.java> Scanned 21000 functions. Exported so far: 0  
2026-07-07 10:49:26 INFO  (GhidraScript) GeneralStructureEyePatternScan.java> Scanned 21500 functions. Exported so far: 0  
2026-07-07 10:49:26 INFO  (GhidraScript) GeneralStructureEyePatternScan.java> Scanned 22000 functions. Exported so far: 0  
2026-07-07 10:49:27 INFO  (GhidraScript) GeneralStructureEyePatternScan.java> Scanned 22500 functions. Exported so far: 0  
2026-07-07 10:49:27 INFO  (GhidraScript) GeneralStructureEyePatternScan.java> Scanned 23000 functions. Exported so far: 0  
2026-07-07 10:49:27 INFO  (GhidraScript) GeneralStructureEyePatternScan.java> Scanned 23500 functions. Exported so far: 0  
2026-07-07 10:49:28 INFO  (GhidraScript) GeneralStructureEyePatternScan.java> Scanned 24000 functions. Exported so far: 0  
2026-07-07 10:49:28 INFO  (GhidraScript) GeneralStructureEyePatternScan.java> Scanned 24500 functions. Exported so far: 0  
2026-07-07 10:49:28 INFO  (GhidraScript) GeneralStructureEyePatternScan.java> Scanned 25000 functions. Exported so far: 0  
2026-07-07 10:49:29 INFO  (GhidraScript) GeneralStructureEyePatternScan.java> Scanned 25500 functions. Exported so far: 0  
2026-07-07 10:49:29 INFO  (GhidraScript) GeneralStructureEyePatternScan.java> Scanned 26000 functions. Exported so far: 0  
2026-07-07 10:49:30 INFO  (GhidraScript) GeneralStructureEyePatternScan.java> Scanned 26500 functions. Exported so far: 0  
2026-07-07 10:49:30 INFO  (GhidraScript) GeneralStructureEyePatternScan.java> Scanned 27000 functions. Exported so far: 0  
2026-07-07 10:49:31 INFO  (GhidraScript) GeneralStructureEyePatternScan.java> Scanned 27500 functions. Exported so far: 0  
2026-07-07 10:49:32 INFO  (GhidraScript) GeneralStructureEyePatternScan.java> Scanned 28000 functions. Exported so far: 0  
2026-07-07 10:49:32 INFO  (GhidraScript) GeneralStructureEyePatternScan.java> Scanned 28500 functions. Exported so far: 0  
2026-07-07 10:49:33 INFO  (GhidraScript) GeneralStructureEyePatternScan.java> Scanned 29000 functions. Exported so far: 0  
2026-07-07 10:49:33 INFO  (GhidraScript) GeneralStructureEyePatternScan.java> Scanned 29500 functions. Exported so far: 0  
2026-07-07 10:49:34 INFO  (GhidraScript) GeneralStructureEyePatternScan.java> Scanned 30000 functions. Exported so far: 0  
2026-07-07 10:49:35 INFO  (GhidraScript) GeneralStructureEyePatternScan.java> Scanned 30500 functions. Exported so far: 0  
2026-07-07 10:49:36 INFO  (GhidraScript) GeneralStructureEyePatternScan.java> Scanned 31000 functions. Exported so far: 0  
2026-07-07 10:49:37 INFO  (GhidraScript) GeneralStructureEyePatternScan.java> Scanned 31500 functions. Exported so far: 0  
2026-07-07 10:49:38 INFO  (GhidraScript) GeneralStructureEyePatternScan.java> Scanned 32000 functions. Exported so far: 0  
2026-07-07 10:49:39 INFO  (GhidraScript) GeneralStructureEyePatternScan.java> Scanned 32500 functions. Exported so far: 0  
2026-07-07 10:49:39 INFO  (GhidraScript) GeneralStructureEyePatternScan.java> Scanned 33000 functions. Exported so far: 0  
2026-07-07 10:49:40 INFO  (GhidraScript) GeneralStructureEyePatternScan.java> Scanned 33500 functions. Exported so far: 0  
2026-07-07 10:49:41 INFO  (GhidraScript) GeneralStructureEyePatternScan.java> Scanned 34000 functions. Exported so far: 0  
2026-07-07 10:49:42 INFO  (GhidraScript) GeneralStructureEyePatternScan.java> Scanned 34500 functions. Exported so far: 0  
2026-07-07 10:49:43 INFO  (GhidraScript) GeneralStructureEyePatternScan.java> Scanned 35000 functions. Exported so far: 0  
2026-07-07 10:49:43 INFO  (GhidraScript) GeneralStructureEyePatternScan.java> Scanned 35500 functions. Exported so far: 0  
2026-07-07 10:49:44 INFO  (GhidraScript) GeneralStructureEyePatternScan.java> Scanned 36000 functions. Exported so far: 0  
2026-07-07 10:49:45 INFO  (GhidraScript) GeneralStructureEyePatternScan.java> Scanned 36500 functions. Exported so far: 0  
2026-07-07 10:49:45 INFO  (GhidraScript) GeneralStructureEyePatternScan.java> Scanned 37000 functions. Exported so far: 0  
2026-07-07 10:49:46 INFO  (GhidraScript) GeneralStructureEyePatternScan.java> Scanned 37500 functions. Exported so far: 0  
2026-07-07 10:49:47 INFO  (GhidraScript) GeneralStructureEyePatternScan.java> Scanned 38000 functions. Exported so far: 0  
2026-07-07 10:49:48 INFO  (GhidraScript) GeneralStructureEyePatternScan.java> Scanned 38500 functions. Exported so far: 0  
2026-07-07 10:49:49 INFO  (GhidraScript) GeneralStructureEyePatternScan.java> Scanned 39000 functions. Exported so far: 0  
2026-07-07 10:49:49 INFO  (GhidraScript) GeneralStructureEyePatternScan.java> Scanned 39500 functions. Exported so far: 0  
2026-07-07 10:49:50 INFO  (GhidraScript) GeneralStructureEyePatternScan.java> Scanned 40000 functions. Exported so far: 0  
2026-07-07 10:49:51 INFO  (GhidraScript) GeneralStructureEyePatternScan.java> Scanned 40500 functions. Exported so far: 0  
2026-07-07 10:49:51 INFO  (GhidraScript) GeneralStructureEyePatternScan.java> Scanned 41000 functions. Exported so far: 0  
2026-07-07 10:49:52 INFO  (GhidraScript) GeneralStructureEyePatternScan.java> Scanned 41500 functions. Exported so far: 0  
2026-07-07 10:49:53 INFO  (GhidraScript) GeneralStructureEyePatternScan.java> Scanned 42000 functions. Exported so far: 0  
2026-07-07 10:49:53 INFO  (GhidraScript) GeneralStructureEyePatternScan.java> Scanned 42500 functions. Exported so far: 0  
2026-07-07 10:49:54 INFO  (GhidraScript) GeneralStructureEyePatternScan.java> Scanned 43000 functions. Exported so far: 0  
2026-07-07 10:49:55 INFO  (GhidraScript) GeneralStructureEyePatternScan.java> Scanned 43500 functions. Exported so far: 0  
2026-07-07 10:49:56 INFO  (GhidraScript) GeneralStructureEyePatternScan.java> Scanned 44000 functions. Exported so far: 0  
2026-07-07 10:49:58 INFO  (GhidraScript) GeneralStructureEyePatternScan.java> Scanned 44500 functions. Exported so far: 0  
2026-07-07 10:49:58 INFO  (GhidraScript) GeneralStructureEyePatternScan.java> Scanned 45000 functions. Exported so far: 0  
2026-07-07 10:50:00 INFO  (GhidraScript) GeneralStructureEyePatternScan.java> Scanned 45500 functions. Exported so far: 0  
2026-07-07 10:50:00 INFO  (GhidraScript) GeneralStructureEyePatternScan.java> Scanned 46000 functions. Exported so far: 0  
2026-07-07 10:50:01 INFO  (GhidraScript) GeneralStructureEyePatternScan.java> Scanned 46500 functions. Exported so far: 0  
2026-07-07 10:50:02 INFO  (GhidraScript) GeneralStructureEyePatternScan.java> Scanned 47000 functions. Exported so far: 0  
2026-07-07 10:50:03 INFO  (GhidraScript) GeneralStructureEyePatternScan.java> Scanned 47500 functions. Exported so far: 0  
2026-07-07 10:50:03 INFO  (GhidraScript) GeneralStructureEyePatternScan.java> Scanned 48000 functions. Exported so far: 0  
2026-07-07 10:50:04 INFO  (GhidraScript) GeneralStructureEyePatternScan.java> Scanned 48500 functions. Exported so far: 0  
2026-07-07 10:50:05 INFO  (GhidraScript) GeneralStructureEyePatternScan.java> Scanned 49000 functions. Exported so far: 0  
2026-07-07 10:50:06 INFO  (GhidraScript) GeneralStructureEyePatternScan.java> Scanned 49500 functions. Exported so far: 0  
2026-07-07 10:50:07 INFO  (GhidraScript) GeneralStructureEyePatternScan.java> Scanned 50000 functions. Exported so far: 0  
2026-07-07 10:50:07 INFO  (GhidraScript) GeneralStructureEyePatternScan.java> Scanned 50500 functions. Exported so far: 0  
2026-07-07 10:50:08 INFO  (GhidraScript) GeneralStructureEyePatternScan.java> Scanned 51000 functions. Exported so far: 0  
2026-07-07 10:50:09 INFO  (GhidraScript) GeneralStructureEyePatternScan.java> Scanned 51500 functions. Exported so far: 0  
2026-07-07 10:50:09 INFO  (GhidraScript) GeneralStructureEyePatternScan.java> Scanned 52000 functions. Exported so far: 0  
2026-07-07 10:50:10 INFO  (GhidraScript) GeneralStructureEyePatternScan.java> Scanned 52500 functions. Exported so far: 0  
2026-07-07 10:50:11 INFO  (GhidraScript) GeneralStructureEyePatternScan.java> Scanned 53000 functions. Exported so far: 0  
2026-07-07 10:50:11 INFO  (GhidraScript) GeneralStructureEyePatternScan.java> Scanned 53500 functions. Exported so far: 0  
2026-07-07 10:50:12 INFO  (GhidraScript) GeneralStructureEyePatternScan.java> Scanned 54000 functions. Exported so far: 0  
2026-07-07 10:50:13 INFO  (GhidraScript) GeneralStructureEyePatternScan.java> Scanned 54500 functions. Exported so far: 0  
2026-07-07 10:50:14 INFO  (GhidraScript) GeneralStructureEyePatternScan.java> Scanned 55000 functions. Exported so far: 0  
2026-07-07 10:50:15 INFO  (GhidraScript) GeneralStructureEyePatternScan.java> Scanned 55500 functions. Exported so far: 0  
2026-07-07 10:50:16 INFO  (GhidraScript) GeneralStructureEyePatternScan.java> Scanned 56000 functions. Exported so far: 0  
2026-07-07 10:50:16 INFO  (GhidraScript) GeneralStructureEyePatternScan.java> Scanned 56500 functions. Exported so far: 0  
2026-07-07 10:50:17 INFO  (GhidraScript) GeneralStructureEyePatternScan.java> Scanned 57000 functions. Exported so far: 0  
2026-07-07 10:50:18 INFO  (GhidraScript) GeneralStructureEyePatternScan.java> Scanned 57500 functions. Exported so far: 0  
2026-07-07 10:50:18 INFO  (GhidraScript) GeneralStructureEyePatternScan.java> Scanned 58000 functions. Exported so far: 0  
2026-07-07 10:50:19 INFO  (GhidraScript) GeneralStructureEyePatternScan.java> Scanned 58500 functions. Exported so far: 0  
2026-07-07 10:50:20 INFO  (GhidraScript) GeneralStructureEyePatternScan.java> Scanned 59000 functions. Exported so far: 0  
2026-07-07 10:50:20 INFO  (GhidraScript) GeneralStructureEyePatternScan.java> Scanned 59500 functions. Exported so far: 0  
2026-07-07 10:50:21 INFO  (GhidraScript) GeneralStructureEyePatternScan.java> Scanned 60000 functions. Exported so far: 0  
2026-07-07 10:50:21 INFO  (GhidraScript) GeneralStructureEyePatternScan.java> Scanned 60500 functions. Exported so far: 0  
2026-07-07 10:50:22 INFO  (GhidraScript) GeneralStructureEyePatternScan.java> Scanned 61000 functions. Exported so far: 0  
2026-07-07 10:50:22 INFO  (GhidraScript) GeneralStructureEyePatternScan.java> Scanned 61500 functions. Exported so far: 0  
2026-07-07 10:50:23 INFO  (GhidraScript) GeneralStructureEyePatternScan.java> Scanned 62000 functions. Exported so far: 0  
2026-07-07 10:50:23 INFO  (GhidraScript) GeneralStructureEyePatternScan.java> Scanned 62500 functions. Exported so far: 0  
2026-07-07 10:50:24 INFO  (GhidraScript) GeneralStructureEyePatternScan.java> Scanned 63000 functions. Exported so far: 0  
2026-07-07 10:50:24 INFO  (GhidraScript) GeneralStructureEyePatternScan.java> Scanned 63500 functions. Exported so far: 0  
2026-07-07 10:50:24 INFO  (GhidraScript) GeneralStructureEyePatternScan.java> Scanned 64000 functions. Exported so far: 0  
2026-07-07 10:50:25 INFO  (GhidraScript) GeneralStructureEyePatternScan.java> Scanned 64500 functions. Exported so far: 0  
2026-07-07 10:50:25 INFO  (GhidraScript) GeneralStructureEyePatternScan.java> Scanned 65000 functions. Exported so far: 0  
2026-07-07 10:50:26 INFO  (GhidraScript) GeneralStructureEyePatternScan.java> Scanned 65500 functions. Exported so far: 0  
2026-07-07 10:50:27 INFO  (GhidraScript) GeneralStructureEyePatternScan.java> Scanned 66000 functions. Exported so far: 0  
2026-07-07 10:50:27 INFO  (GhidraScript) GeneralStructureEyePatternScan.java> Scanned 66500 functions. Exported so far: 0  
2026-07-07 10:50:28 INFO  (GhidraScript) GeneralStructureEyePatternScan.java> Scanned 67000 functions. Exported so far: 0  
2026-07-07 10:50:28 INFO  (GhidraScript) GeneralStructureEyePatternScan.java> Scanned 67500 functions. Exported so far: 0  
2026-07-07 10:50:29 INFO  (GhidraScript) GeneralStructureEyePatternScan.java> Scanned 68000 functions. Exported so far: 0  
2026-07-07 10:50:30 INFO  (GhidraScript) GeneralStructureEyePatternScan.java> Scanned 68500 functions. Exported so far: 0  
2026-07-07 10:50:30 INFO  (GhidraScript) GeneralStructureEyePatternScan.java> Scanned 69000 functions. Exported so far: 0  
2026-07-07 10:50:31 INFO  (GhidraScript) GeneralStructureEyePatternScan.java> Scanned 69500 functions. Exported so far: 0  
2026-07-07 10:50:31 INFO  (GhidraScript) GeneralStructureEyePatternScan.java> Scanned 70000 functions. Exported so far: 0  
2026-07-07 10:50:32 INFO  (GhidraScript) GeneralStructureEyePatternScan.java> Scanned 70500 functions. Exported so far: 2  
2026-07-07 10:50:33 INFO  (GhidraScript) GeneralStructureEyePatternScan.java> Scanned 71000 functions. Exported so far: 2  
2026-07-07 10:50:33 INFO  (GhidraScript) GeneralStructureEyePatternScan.java> Scanned 71500 functions. Exported so far: 2  
2026-07-07 10:50:34 INFO  (GhidraScript) GeneralStructureEyePatternScan.java> Scanned 72000 functions. Exported so far: 2  
2026-07-07 10:50:34 INFO  (GhidraScript) GeneralStructureEyePatternScan.java> Scanned 72500 functions. Exported so far: 2  
2026-07-07 10:50:36 INFO  (GhidraScript) GeneralStructureEyePatternScan.java> Scanned 73000 functions. Exported so far: 9  
2026-07-07 10:50:37 INFO  (GhidraScript) GeneralStructureEyePatternScan.java> Scanned 73500 functions. Exported so far: 17  
2026-07-07 10:50:40 INFO  (GhidraScript) GeneralStructureEyePatternScan.java> Scanned 74000 functions. Exported so far: 22  
2026-07-07 10:50:41 INFO  (GhidraScript) GeneralStructureEyePatternScan.java> Scanned 74500 functions. Exported so far: 28  
2026-07-07 10:50:43 INFO  (GhidraScript) GeneralStructureEyePatternScan.java> Scanned 75000 functions. Exported so far: 34  
2026-07-07 10:50:46 INFO  (GhidraScript) GeneralStructureEyePatternScan.java> Scanned 75500 functions. Exported so far: 40  
2026-07-07 10:50:48 INFO  (GhidraScript) GeneralStructureEyePatternScan.java> Scanned 76000 functions. Exported so far: 67  
2026-07-07 10:50:51 INFO  (GhidraScript) GeneralStructureEyePatternScan.java> Scanned 76500 functions. Exported so far: 92  
2026-07-07 10:50:55 INFO  (GhidraScript) GeneralStructureEyePatternScan.java> Scanned 77000 functions. Exported so far: 99  
2026-07-07 10:50:59 INFO  (GhidraScript) GeneralStructureEyePatternScan.java> Scanned 77500 functions. Exported so far: 107  
2026-07-07 10:51:02 INFO  (GhidraScript) GeneralStructureEyePatternScan.java> Scanned 78000 functions. Exported so far: 119  
2026-07-07 10:51:05 INFO  (GhidraScript) GeneralStructureEyePatternScan.java> Scanned 78500 functions. Exported so far: 120  
2026-07-07 10:51:07 INFO  (GhidraScript) GeneralStructureEyePatternScan.java> Scanned 79000 functions. Exported so far: 120  
2026-07-07 10:51:14 INFO  (GhidraScript) GeneralStructureEyePatternScan.java> Scanned 79500 functions. Exported so far: 120  
2026-07-07 10:51:17 INFO  (GhidraScript) GeneralStructureEyePatternScan.java> Scanned 80000 functions. Exported so far: 120  
2026-07-07 10:51:18 INFO  (GhidraScript) GeneralStructureEyePatternScan.java> Scanned 80500 functions. Exported so far: 120  
2026-07-07 10:51:20 INFO  (GhidraScript) GeneralStructureEyePatternScan.java> Scanned 81000 functions. Exported so far: 120  
2026-07-07 10:51:23 INFO  (GhidraScript) GeneralStructureEyePatternScan.java> Scanned 81500 functions. Exported so far: 120  
2026-07-07 10:51:28 INFO  (GhidraScript) GeneralStructureEyePatternScan.java> Scanned 82000 functions. Exported so far: 120  
2026-07-07 10:51:32 INFO  (GhidraScript) GeneralStructureEyePatternScan.java> Scanned 82500 functions. Exported so far: 120  
2026-07-07 10:51:40 INFO  (GhidraScript) GeneralStructureEyePatternScan.java> Scanned 83000 functions. Exported so far: 120  
2026-07-07 10:51:45 INFO  (GhidraScript) GeneralStructureEyePatternScan.java> Scanned 83500 functions. Exported so far: 120  
2026-07-07 10:51:47 INFO  (GhidraScript) GeneralStructureEyePatternScan.java> Scanned 84000 functions. Exported so far: 120  
2026-07-07 10:51:54 INFO  (GhidraScript) GeneralStructureEyePatternScan.java> Scanned 84500 functions. Exported so far: 120  
2026-07-07 10:51:57 INFO  (GhidraScript) GeneralStructureEyePatternScan.java> Scanned 85000 functions. Exported so far: 120  
2026-07-07 10:52:01 INFO  (GhidraScript) GeneralStructureEyePatternScan.java> Scanned 85500 functions. Exported so far: 122  
2026-07-07 10:52:06 INFO  (GhidraScript) GeneralStructureEyePatternScan.java> Scanned 86000 functions. Exported so far: 122  
2026-07-07 10:52:08 INFO  (GhidraScript) GeneralStructureEyePatternScan.java> Scanned 86500 functions. Exported so far: 122  
2026-07-07 10:52:18 INFO  (GhidraScript) GeneralStructureEyePatternScan.java> Scanned 87000 functions. Exported so far: 122  
2026-07-07 10:52:20 INFO  (GhidraScript) GeneralStructureEyePatternScan.java> Scanned 87500 functions. Exported so far: 122  
2026-07-07 10:52:21 INFO  (GhidraScript) GeneralStructureEyePatternScan.java> Scanned 88000 functions. Exported so far: 122  
2026-07-07 10:52:28 INFO  (GhidraScript) GeneralStructureEyePatternScan.java> Scanned 88500 functions. Exported so far: 122  
2026-07-07 10:52:33 INFO  (GhidraScript) GeneralStructureEyePatternScan.java> Scanned 89000 functions. Exported so far: 122  
2026-07-07 10:52:37 INFO  (GhidraScript) GeneralStructureEyePatternScan.java> Scanned 89500 functions. Exported so far: 122  
2026-07-07 10:52:46 INFO  (GhidraScript) GeneralStructureEyePatternScan.java> Scanned 90000 functions. Exported so far: 122  
2026-07-07 10:52:47 INFO  (GhidraScript) GeneralStructureEyePatternScan.java> Scanned 90500 functions. Exported so far: 122  
2026-07-07 10:52:47 INFO  (GhidraScript) GeneralStructureEyePatternScan.java> Scanned 91000 functions. Exported so far: 122  
2026-07-07 10:52:48 INFO  (GhidraScript) GeneralStructureEyePatternScan.java> Scanned 91500 functions. Exported so far: 122  
2026-07-07 10:52:48 INFO  (GhidraScript) GeneralStructureEyePatternScan.java> Scanned 92000 functions. Exported so far: 122  
2026-07-07 10:52:48 INFO  (GhidraScript) GeneralStructureEyePatternScan.java> Scanned 92500 functions. Exported so far: 122  
2026-07-07 10:52:52 INFO  (GhidraScript) GeneralStructureEyePatternScan.java> Scanned 93000 functions. Exported so far: 122  
2026-07-07 10:52:56 INFO  (GhidraScript) GeneralStructureEyePatternScan.java> Scanned 93500 functions. Exported so far: 122  
2026-07-07 10:53:00 INFO  (GhidraScript) GeneralStructureEyePatternScan.java> Scanned 94000 functions. Exported so far: 122  
2026-07-07 10:53:00 INFO  (GhidraScript) GeneralStructureEyePatternScan.java> Scanned 94500 functions. Exported so far: 122  
2026-07-07 10:53:01 INFO  (GhidraScript) GeneralStructureEyePatternScan.java> Scanned 95000 functions. Exported so far: 122  
2026-07-07 10:53:02 INFO  (GhidraScript) GeneralStructureEyePatternScan.java> Scanned 95500 functions. Exported so far: 122  
2026-07-07 10:53:05 INFO  (GhidraScript) GeneralStructureEyePatternScan.java> Scanned 96000 functions. Exported so far: 122  
2026-07-07 10:53:07 INFO  (GhidraScript) GeneralStructureEyePatternScan.java> Scanned 96500 functions. Exported so far: 122  
2026-07-07 10:53:10 INFO  (GhidraScript) GeneralStructureEyePatternScan.java> Scanned 97000 functions. Exported so far: 122  
2026-07-07 10:53:12 INFO  (GhidraScript) GeneralStructureEyePatternScan.java> Scanned 97500 functions. Exported so far: 122  
2026-07-07 10:53:14 INFO  (GhidraScript) GeneralStructureEyePatternScan.java> Scanned 98000 functions. Exported so far: 122  
2026-07-07 10:53:15 INFO  (GhidraScript) GeneralStructureEyePatternScan.java> Scanned 98500 functions. Exported so far: 122  
2026-07-07 10:53:18 INFO  (GhidraScript) GeneralStructureEyePatternScan.java> Scanned 99000 functions. Exported so far: 122  
2026-07-07 10:53:21 INFO  (GhidraScript) GeneralStructureEyePatternScan.java> Scanned 99500 functions. Exported so far: 122  
2026-07-07 10:53:23 INFO  (GhidraScript) GeneralStructureEyePatternScan.java> Scanned 100000 functions. Exported so far: 122  
2026-07-07 10:53:25 INFO  (GhidraScript) GeneralStructureEyePatternScan.java> Scanned 100500 functions. Exported so far: 122  
2026-07-07 10:53:26 INFO  (GhidraScript) GeneralStructureEyePatternScan.java> Scanned 101000 functions. Exported so far: 122  
2026-07-07 10:53:28 INFO  (GhidraScript) GeneralStructureEyePatternScan.java> Scanned 101500 functions. Exported so far: 122  
2026-07-07 10:53:29 INFO  (GhidraScript) GeneralStructureEyePatternScan.java> Scanned 102000 functions. Exported so far: 122  
2026-07-07 10:53:30 INFO  (GhidraScript) GeneralStructureEyePatternScan.java> Scanned 102500 functions. Exported so far: 122  
2026-07-07 10:53:31 INFO  (GhidraScript) GeneralStructureEyePatternScan.java> Scanned 103000 functions. Exported so far: 122  
2026-07-07 10:53:32 INFO  (GhidraScript) GeneralStructureEyePatternScan.java> Scanned 103500 functions. Exported so far: 122  
2026-07-07 10:53:34 INFO  (GhidraScript) GeneralStructureEyePatternScan.java> Scanned 104000 functions. Exported so far: 122  
2026-07-07 10:53:36 INFO  (GhidraScript) GeneralStructureEyePatternScan.java> Scanned 104500 functions. Exported so far: 122  
2026-07-07 10:53:38 INFO  (GhidraScript) GeneralStructureEyePatternScan.java> Scanned 105000 functions. Exported so far: 122  
2026-07-07 10:53:39 INFO  (GhidraScript) GeneralStructureEyePatternScan.java> Scanned 105500 functions. Exported so far: 122  
2026-07-07 10:53:40 INFO  (GhidraScript) GeneralStructureEyePatternScan.java> Scanned 106000 functions. Exported so far: 122  
2026-07-07 10:53:44 INFO  (GhidraScript) GeneralStructureEyePatternScan.java> Scanned 106500 functions. Exported so far: 125  
2026-07-07 10:53:46 INFO  (GhidraScript) GeneralStructureEyePatternScan.java> Scanned 107000 functions. Exported so far: 125  
2026-07-07 10:53:47 INFO  (GhidraScript) GeneralStructureEyePatternScan.java> Scanned 107500 functions. Exported so far: 125  
2026-07-07 10:53:49 INFO  (GhidraScript) GeneralStructureEyePatternScan.java> Scanned 108000 functions. Exported so far: 125  
2026-07-07 10:53:55 INFO  (GhidraScript) GeneralStructureEyePatternScan.java> Scanned 108500 functions. Exported so far: 125  
2026-07-07 10:54:00 INFO  (GhidraScript) GeneralStructureEyePatternScan.java> Scanned 109000 functions. Exported so far: 125  
2026-07-07 10:54:04 INFO  (GhidraScript) GeneralStructureEyePatternScan.java> Scanned 109500 functions. Exported so far: 125  
2026-07-07 10:54:07 INFO  (GhidraScript) GeneralStructureEyePatternScan.java> Scanned 110000 functions. Exported so far: 125  
2026-07-07 10:54:08 INFO  (GhidraScript) GeneralStructureEyePatternScan.java> Scanned 110500 functions. Exported so far: 125  
2026-07-07 10:54:12 INFO  (GhidraScript) GeneralStructureEyePatternScan.java> Scanned 111000 functions. Exported so far: 125  
2026-07-07 10:54:16 INFO  (GhidraScript) GeneralStructureEyePatternScan.java> Scanned 111500 functions. Exported so far: 125  
2026-07-07 10:54:18 INFO  (GhidraScript) GeneralStructureEyePatternScan.java> Scanned 112000 functions. Exported so far: 125  
2026-07-07 10:54:20 INFO  (GhidraScript) GeneralStructureEyePatternScan.java> Scanned 112500 functions. Exported so far: 125  
2026-07-07 10:54:23 INFO  (GhidraScript) GeneralStructureEyePatternScan.java> Scanned 113000 functions. Exported so far: 132  
2026-07-07 10:54:25 INFO  (GhidraScript) GeneralStructureEyePatternScan.java> Scanned 113500 functions. Exported so far: 132  
2026-07-07 10:54:26 INFO  (GhidraScript) GeneralStructureEyePatternScan.java> Scanned 114000 functions. Exported so far: 132  
2026-07-07 10:54:28 INFO  (GhidraScript) GeneralStructureEyePatternScan.java> Scanned 114500 functions. Exported so far: 132  
2026-07-07 10:54:30 INFO  (GhidraScript) GeneralStructureEyePatternScan.java> Scanned 115000 functions. Exported so far: 132  
2026-07-07 10:54:33 INFO  (GhidraScript) GeneralStructureEyePatternScan.java> Scanned 115500 functions. Exported so far: 132  
2026-07-07 10:54:34 INFO  (GhidraScript) GeneralStructureEyePatternScan.java> Scanned 116000 functions. Exported so far: 132  
2026-07-07 10:54:36 INFO  (GhidraScript) GeneralStructureEyePatternScan.java> Scanned 116500 functions. Exported so far: 132  
2026-07-07 10:54:38 INFO  (GhidraScript) GeneralStructureEyePatternScan.java> Scanned 117000 functions. Exported so far: 132  
2026-07-07 10:54:45 INFO  (GhidraScript) GeneralStructureEyePatternScan.java> Scanned 117500 functions. Exported so far: 141  
2026-07-07 10:54:54 INFO  (GhidraScript) GeneralStructureEyePatternScan.java> Scanned 118000 functions. Exported so far: 148  
2026-07-07 10:55:00 INFO  (GhidraScript) GeneralStructureEyePatternScan.java> Scanned 118500 functions. Exported so far: 148  
2026-07-07 10:55:02 INFO  (GhidraScript) GeneralStructureEyePatternScan.java> Scanned 119000 functions. Exported so far: 148  
2026-07-07 10:55:07 INFO  (GhidraScript) GeneralStructureEyePatternScan.java> Scanned 119500 functions. Exported so far: 148  
2026-07-07 10:55:10 INFO  (GhidraScript) GeneralStructureEyePatternScan.java> Scanned 120000 functions. Exported so far: 152  
2026-07-07 10:55:12 INFO  (GhidraScript) GeneralStructureEyePatternScan.java> Scanned 120500 functions. Exported so far: 153  
2026-07-07 10:55:15 INFO  (GhidraScript) GeneralStructureEyePatternScan.java> Scanned 121000 functions. Exported so far: 153  
2026-07-07 10:55:19 INFO  (GhidraScript) GeneralStructureEyePatternScan.java> Scanned 121500 functions. Exported so far: 153  
2026-07-07 10:55:22 INFO  (GhidraScript) GeneralStructureEyePatternScan.java> Scanned 122000 functions. Exported so far: 153  
2026-07-07 10:55:26 INFO  (GhidraScript) GeneralStructureEyePatternScan.java> Scanned 122500 functions. Exported so far: 153  
2026-07-07 10:55:29 INFO  (GhidraScript) GeneralStructureEyePatternScan.java> Scanned 123000 functions. Exported so far: 153  
2026-07-07 10:55:33 INFO  (GhidraScript) GeneralStructureEyePatternScan.java> Scanned 123500 functions. Exported so far: 153  
2026-07-07 10:55:36 INFO  (GhidraScript) GeneralStructureEyePatternScan.java> Scanned 124000 functions. Exported so far: 153  
2026-07-07 10:55:41 INFO  (GhidraScript) GeneralStructureEyePatternScan.java> Scanned 124500 functions. Exported so far: 153  
2026-07-07 10:55:43 INFO  (GhidraScript) GeneralStructureEyePatternScan.java> Scanned 125000 functions. Exported so far: 153  
2026-07-07 10:55:45 INFO  (GhidraScript) GeneralStructureEyePatternScan.java> Scanned 125500 functions. Exported so far: 153  
2026-07-07 10:55:46 INFO  (GhidraScript) GeneralStructureEyePatternScan.java> Scanned 126000 functions. Exported so far: 153  
2026-07-07 10:55:47 INFO  (GhidraScript) GeneralStructureEyePatternScan.java> Scanned 126500 functions. Exported so far: 153  
2026-07-07 10:55:47 INFO  (GhidraScript) GeneralStructureEyePatternScan.java> Scanned 127000 functions. Exported so far: 153  
2026-07-07 10:55:50 INFO  (GhidraScript) GeneralStructureEyePatternScan.java> Scanned 127500 functions. Exported so far: 153  
2026-07-07 10:55:52 INFO  (GhidraScript) GeneralStructureEyePatternScan.java> Scanned 128000 functions. Exported so far: 153  
2026-07-07 10:55:52 INFO  (GhidraScript) GeneralStructureEyePatternScan.java> Scanned 128500 functions. Exported so far: 153  
2026-07-07 10:55:53 INFO  (GhidraScript) GeneralStructureEyePatternScan.java> Scanned 129000 functions. Exported so far: 153  
2026-07-07 10:55:54 INFO  (GhidraScript) GeneralStructureEyePatternScan.java> Scanned 129500 functions. Exported so far: 153  
2026-07-07 10:55:54 INFO  (GhidraScript) GeneralStructureEyePatternScan.java> Scanned 130000 functions. Exported so far: 153  
2026-07-07 10:55:55 INFO  (GhidraScript) GeneralStructureEyePatternScan.java> Scanned 130500 functions. Exported so far: 153  
2026-07-07 10:55:56 INFO  (GhidraScript) GeneralStructureEyePatternScan.java> Scanned 131000 functions. Exported so far: 153  
2026-07-07 10:55:57 INFO  (GhidraScript) GeneralStructureEyePatternScan.java> Scanned 131500 functions. Exported so far: 153  
2026-07-07 10:55:59 INFO  (GhidraScript) GeneralStructureEyePatternScan.java> Scanned 132000 functions. Exported so far: 153  
2026-07-07 10:56:00 INFO  (GhidraScript) GeneralStructureEyePatternScan.java> Scanned 132500 functions. Exported so far: 153  
2026-07-07 10:56:01 INFO  (GhidraScript) GeneralStructureEyePatternScan.java> Scanned 133000 functions. Exported so far: 153  
2026-07-07 10:56:02 INFO  (GhidraScript) GeneralStructureEyePatternScan.java> Scanned 133500 functions. Exported so far: 153  
2026-07-07 10:56:03 INFO  (GhidraScript) GeneralStructureEyePatternScan.java> Scanned 134000 functions. Exported so far: 153  
2026-07-07 10:56:05 INFO  (GhidraScript) GeneralStructureEyePatternScan.java> Scanned 134500 functions. Exported so far: 153  
2026-07-07 10:56:06 INFO  (GhidraScript) GeneralStructureEyePatternScan.java> Scanned 135000 functions. Exported so far: 153  
2026-07-07 10:56:08 INFO  (GhidraScript) GeneralStructureEyePatternScan.java> Scanned 135500 functions. Exported so far: 153  
2026-07-07 10:56:09 INFO  (GhidraScript) GeneralStructureEyePatternScan.java> Scanned 136000 functions. Exported so far: 153  
2026-07-07 10:56:11 INFO  (GhidraScript) GeneralStructureEyePatternScan.java> Scanned 136500 functions. Exported so far: 153  
2026-07-07 10:56:12 INFO  (GhidraScript) GeneralStructureEyePatternScan.java> Scanned 137000 functions. Exported so far: 153  
2026-07-07 10:56:16 INFO  (GhidraScript) GeneralStructureEyePatternScan.java> Scanned 137500 functions. Exported so far: 153  
2026-07-07 10:56:21 INFO  (GhidraScript) GeneralStructureEyePatternScan.java> Scanned 138000 functions. Exported so far: 153  
2026-07-07 10:56:27 INFO  (GhidraScript) GeneralStructureEyePatternScan.java> Scanned 138500 functions. Exported so far: 153  
2026-07-07 10:56:33 INFO  (GhidraScript) GeneralStructureEyePatternScan.java> Scanned 139000 functions. Exported so far: 153  
2026-07-07 10:56:39 INFO  (GhidraScript) GeneralStructureEyePatternScan.java> Scanned 139500 functions. Exported so far: 153  
2026-07-07 10:56:42 INFO  (GhidraScript) GeneralStructureEyePatternScan.java> Scanned 140000 functions. Exported so far: 153  
2026-07-07 10:56:45 INFO  (GhidraScript) GeneralStructureEyePatternScan.java> Scanned 140500 functions. Exported so far: 154  
2026-07-07 10:56:48 INFO  (GhidraScript) GeneralStructureEyePatternScan.java> Scanned 141000 functions. Exported so far: 154  
2026-07-07 10:56:51 INFO  (GhidraScript) GeneralStructureEyePatternScan.java> Scanned 141500 functions. Exported so far: 154  
2026-07-07 10:56:52 INFO  (GhidraScript) GeneralStructureEyePatternScan.java> Scanned 142000 functions. Exported so far: 154  
2026-07-07 10:56:54 INFO  (GhidraScript) GeneralStructureEyePatternScan.java> Scanned 142500 functions. Exported so far: 154  
2026-07-07 10:56:57 INFO  (GhidraScript) GeneralStructureEyePatternScan.java> Scanned 143000 functions. Exported so far: 154  
2026-07-07 10:56:59 INFO  (GhidraScript) GeneralStructureEyePatternScan.java> Scanned 143500 functions. Exported so far: 154  
2026-07-07 10:57:04 INFO  (GhidraScript) GeneralStructureEyePatternScan.java> Scanned 144000 functions. Exported so far: 154  
2026-07-07 10:57:07 INFO  (GhidraScript) GeneralStructureEyePatternScan.java> Scanned 144500 functions. Exported so far: 154  
2026-07-07 10:57:10 INFO  (GhidraScript) GeneralStructureEyePatternScan.java> Scanned 145000 functions. Exported so far: 154  
2026-07-07 10:57:13 INFO  (GhidraScript) GeneralStructureEyePatternScan.java> Scanned 145500 functions. Exported so far: 154  
2026-07-07 10:57:14 INFO  (GhidraScript) GeneralStructureEyePatternScan.java> Scanned 146000 functions. Exported so far: 154  
2026-07-07 10:57:15 INFO  (GhidraScript) GeneralStructureEyePatternScan.java> Scanned 146500 functions. Exported so far: 154  
2026-07-07 10:57:16 INFO  (GhidraScript) GeneralStructureEyePatternScan.java> Scanned 147000 functions. Exported so far: 154  
2026-07-07 10:57:17 INFO  (GhidraScript) GeneralStructureEyePatternScan.java> Scanned 147500 functions. Exported so far: 154  
2026-07-07 10:57:18 INFO  (GhidraScript) GeneralStructureEyePatternScan.java> Scanned 148000 functions. Exported so far: 154  
2026-07-07 10:57:19 INFO  (GhidraScript) GeneralStructureEyePatternScan.java> Scanned 148500 functions. Exported so far: 154  
2026-07-07 10:57:20 INFO  (GhidraScript) GeneralStructureEyePatternScan.java> Scanned 149000 functions. Exported so far: 154  
2026-07-07 10:57:21 INFO  (GhidraScript) GeneralStructureEyePatternScan.java> Scanned 149500 functions. Exported so far: 154  
2026-07-07 10:57:22 INFO  (GhidraScript) GeneralStructureEyePatternScan.java> Scanned 150000 functions. Exported so far: 154  
2026-07-07 10:57:25 INFO  (GhidraScript) GeneralStructureEyePatternScan.java> Scanned 150500 functions. Exported so far: 154  
2026-07-07 10:57:29 INFO  (GhidraScript) GeneralStructureEyePatternScan.java> Scanned 151000 functions. Exported so far: 154  
2026-07-07 10:57:31 INFO  (GhidraScript) GeneralStructureEyePatternScan.java> Scanned 151500 functions. Exported so far: 154  
2026-07-07 10:57:32 INFO  (GhidraScript) GeneralStructureEyePatternScan.java> Scanned 152000 functions. Exported so far: 154  
2026-07-07 10:57:33 INFO  (GhidraScript) GeneralStructureEyePatternScan.java> Scanned 152500 functions. Exported so far: 154  
2026-07-07 10:57:35 INFO  (GhidraScript) GeneralStructureEyePatternScan.java> Scanned 153000 functions. Exported so far: 154  
2026-07-07 10:57:37 INFO  (GhidraScript) GeneralStructureEyePatternScan.java> Scanned 153500 functions. Exported so far: 154  
2026-07-07 10:57:39 INFO  (GhidraScript) GeneralStructureEyePatternScan.java> Scanned 154000 functions. Exported so far: 154  
2026-07-07 10:57:41 INFO  (GhidraScript) GeneralStructureEyePatternScan.java> Scanned 154500 functions. Exported so far: 154  
2026-07-07 10:57:43 INFO  (GhidraScript) GeneralStructureEyePatternScan.java> Scanned 155000 functions. Exported so far: 154  
2026-07-07 10:57:45 INFO  (GhidraScript) GeneralStructureEyePatternScan.java> Scanned 155500 functions. Exported so far: 154  
2026-07-07 10:57:47 INFO  (GhidraScript) GeneralStructureEyePatternScan.java> Scanned 156000 functions. Exported so far: 154  
2026-07-07 10:57:49 INFO  (GhidraScript) GeneralStructureEyePatternScan.java> Scanned 156500 functions. Exported so far: 154  
2026-07-07 10:57:51 INFO  (GhidraScript) GeneralStructureEyePatternScan.java> Scanned 157000 functions. Exported so far: 154  
2026-07-07 10:57:53 INFO  (GhidraScript) GeneralStructureEyePatternScan.java> Scanned 157500 functions. Exported so far: 154  
2026-07-07 10:57:58 INFO  (GhidraScript) GeneralStructureEyePatternScan.java> Scanned 158000 functions. Exported so far: 154  
2026-07-07 10:58:00 INFO  (GhidraScript) GeneralStructureEyePatternScan.java> Scanned 158500 functions. Exported so far: 154  
2026-07-07 10:58:02 INFO  (GhidraScript) GeneralStructureEyePatternScan.java> Scanned 159000 functions. Exported so far: 154  
2026-07-07 10:58:04 INFO  (GhidraScript) GeneralStructureEyePatternScan.java> Scanned 159500 functions. Exported so far: 154  
2026-07-07 10:58:06 INFO  (GhidraScript) GeneralStructureEyePatternScan.java> Scanned 160000 functions. Exported so far: 154  
2026-07-07 10:58:08 INFO  (GhidraScript) GeneralStructureEyePatternScan.java> Scanned 160500 functions. Exported so far: 154  
2026-07-07 10:58:11 INFO  (GhidraScript) GeneralStructureEyePatternScan.java> Scanned 161000 functions. Exported so far: 154  
2026-07-07 10:58:13 INFO  (GhidraScript) GeneralStructureEyePatternScan.java> Scanned 161500 functions. Exported so far: 154  
2026-07-07 10:58:15 INFO  (GhidraScript) GeneralStructureEyePatternScan.java> Scanned 162000 functions. Exported so far: 154  
2026-07-07 10:58:18 INFO  (GhidraScript) GeneralStructureEyePatternScan.java> Scanned 162500 functions. Exported so far: 154  
2026-07-07 10:58:20 INFO  (GhidraScript) GeneralStructureEyePatternScan.java> Scanned 163000 functions. Exported so far: 154  
2026-07-07 10:58:22 INFO  (GhidraScript) GeneralStructureEyePatternScan.java> Scanned 163500 functions. Exported so far: 154  
2026-07-07 10:58:24 INFO  (GhidraScript) GeneralStructureEyePatternScan.java> Scanned 164000 functions. Exported so far: 154  
2026-07-07 10:58:28 INFO  (GhidraScript) GeneralStructureEyePatternScan.java> Scanned 164500 functions. Exported so far: 154  
2026-07-07 10:58:30 INFO  (GhidraScript) GeneralStructureEyePatternScan.java> Scanned 165000 functions. Exported so far: 154  
2026-07-07 10:58:31 INFO  (GhidraScript) GeneralStructureEyePatternScan.java> Scanned 165500 functions. Exported so far: 154  
2026-07-07 10:58:33 INFO  (GhidraScript) GeneralStructureEyePatternScan.java> Scanned 166000 functions. Exported so far: 154  
2026-07-07 10:58:34 INFO  (GhidraScript) GeneralStructureEyePatternScan.java> Scanned 166500 functions. Exported so far: 154  
2026-07-07 10:58:35 INFO  (GhidraScript) GeneralStructureEyePatternScan.java> Scanned 167000 functions. Exported so far: 154  
2026-07-07 10:58:37 INFO  (GhidraScript) GeneralStructureEyePatternScan.java> Scanned 167500 functions. Exported so far: 154  
2026-07-07 10:58:38 INFO  (GhidraScript) GeneralStructureEyePatternScan.java> Scanned 168000 functions. Exported so far: 154  
2026-07-07 10:58:39 INFO  (GhidraScript) GeneralStructureEyePatternScan.java> Scanned 168500 functions. Exported so far: 154  
2026-07-07 10:58:41 INFO  (GhidraScript) GeneralStructureEyePatternScan.java> Scanned 169000 functions. Exported so far: 154  
2026-07-07 10:58:42 INFO  (GhidraScript) GeneralStructureEyePatternScan.java> Scanned 169500 functions. Exported so far: 154  
2026-07-07 10:58:43 INFO  (GhidraScript) GeneralStructureEyePatternScan.java> Scanned 170000 functions. Exported so far: 154  
2026-07-07 10:58:44 INFO  (GhidraScript) GeneralStructureEyePatternScan.java> Scanned 170500 functions. Exported so far: 154  
2026-07-07 10:58:46 INFO  (GhidraScript) GeneralStructureEyePatternScan.java> Scanned 171000 functions. Exported so far: 154  
2026-07-07 10:58:47 INFO  (GhidraScript) GeneralStructureEyePatternScan.java> Scanned 171500 functions. Exported so far: 154  
2026-07-07 10:58:49 INFO  (GhidraScript) GeneralStructureEyePatternScan.java> Scanned 172000 functions. Exported so far: 154  
2026-07-07 10:58:50 INFO  (GhidraScript) GeneralStructureEyePatternScan.java> Scanned 172500 functions. Exported so far: 154  
2026-07-07 10:58:52 INFO  (GhidraScript) GeneralStructureEyePatternScan.java> Scanned 173000 functions. Exported so far: 154  
2026-07-07 10:58:53 INFO  (GhidraScript) GeneralStructureEyePatternScan.java> Scanned 173500 functions. Exported so far: 154  
2026-07-07 10:58:56 INFO  (GhidraScript) GeneralStructureEyePatternScan.java> Scanned 174000 functions. Exported so far: 154  
2026-07-07 10:58:59 INFO  (GhidraScript) GeneralStructureEyePatternScan.java> Scanned 174500 functions. Exported so far: 154  
2026-07-07 10:59:01 INFO  (GhidraScript) GeneralStructureEyePatternScan.java> Scanned 175000 functions. Exported so far: 154  
2026-07-07 10:59:03 INFO  (GhidraScript) GeneralStructureEyePatternScan.java> Scanned 175500 functions. Exported so far: 154  
2026-07-07 10:59:04 INFO  (GhidraScript) GeneralStructureEyePatternScan.java> Scanned 176000 functions. Exported so far: 154  
2026-07-07 10:59:06 INFO  (GhidraScript) GeneralStructureEyePatternScan.java> Scanned 176500 functions. Exported so far: 154  
2026-07-07 10:59:07 INFO  (GhidraScript) GeneralStructureEyePatternScan.java> Scanned 177000 functions. Exported so far: 154  
2026-07-07 10:59:10 INFO  (GhidraScript) GeneralStructureEyePatternScan.java> Scanned 177500 functions. Exported so far: 154  
2026-07-07 10:59:13 INFO  (GhidraScript) GeneralStructureEyePatternScan.java> Scanned 178000 functions. Exported so far: 154  
2026-07-07 10:59:16 INFO  (GhidraScript) GeneralStructureEyePatternScan.java> Scanned 178500 functions. Exported so far: 154  
2026-07-07 10:59:18 INFO  (GhidraScript) GeneralStructureEyePatternScan.java> Scanned 179000 functions. Exported so far: 154  
2026-07-07 10:59:19 INFO  (GhidraScript) GeneralStructureEyePatternScan.java> Scanned 179500 functions. Exported so far: 154  
2026-07-07 10:59:20 INFO  (GhidraScript) GeneralStructureEyePatternScan.java> Scanned 180000 functions. Exported so far: 154  
2026-07-07 10:59:21 INFO  (GhidraScript) GeneralStructureEyePatternScan.java> Scanned 180500 functions. Exported so far: 154  
2026-07-07 10:59:22 INFO  (GhidraScript) GeneralStructureEyePatternScan.java> Scanned 181000 functions. Exported so far: 154  
2026-07-07 10:59:24 INFO  (GhidraScript) GeneralStructureEyePatternScan.java> Scanned 181500 functions. Exported so far: 154  
2026-07-07 10:59:26 INFO  (GhidraScript) GeneralStructureEyePatternScan.java> Scanned 182000 functions. Exported so far: 154  
2026-07-07 10:59:28 INFO  (GhidraScript) GeneralStructureEyePatternScan.java> Scanned 182500 functions. Exported so far: 154  
2026-07-07 10:59:30 INFO  (GhidraScript) GeneralStructureEyePatternScan.java> Scanned 183000 functions. Exported so far: 154  
2026-07-07 10:59:32 INFO  (GhidraScript) GeneralStructureEyePatternScan.java> Scanned 183500 functions. Exported so far: 154  
2026-07-07 10:59:34 INFO  (GhidraScript) GeneralStructureEyePatternScan.java> Scanned 184000 functions. Exported so far: 154  
2026-07-07 10:59:36 INFO  (GhidraScript) GeneralStructureEyePatternScan.java> Scanned 184500 functions. Exported so far: 154  
2026-07-07 10:59:39 INFO  (GhidraScript) GeneralStructureEyePatternScan.java> Scanned 185000 functions. Exported so far: 154  
2026-07-07 10:59:41 INFO  (GhidraScript) GeneralStructureEyePatternScan.java> Scanned 185500 functions. Exported so far: 154  
2026-07-07 10:59:46 INFO  (GhidraScript) GeneralStructureEyePatternScan.java> Scanned 186000 functions. Exported so far: 154  
2026-07-07 10:59:48 INFO  (GhidraScript) GeneralStructureEyePatternScan.java> Scanned 186500 functions. Exported so far: 154  
2026-07-07 10:59:51 INFO  (GhidraScript) GeneralStructureEyePatternScan.java> Scanned 187000 functions. Exported so far: 156  
2026-07-07 10:59:53 INFO  (GhidraScript) GeneralStructureEyePatternScan.java> Scanned 187500 functions. Exported so far: 157  
2026-07-07 10:59:55 INFO  (GhidraScript) GeneralStructureEyePatternScan.java> Scanned 188000 functions. Exported so far: 157  
2026-07-07 11:00:00 INFO  (GhidraScript) GeneralStructureEyePatternScan.java> Scanned 188500 functions. Exported so far: 158  
2026-07-07 11:00:33 INFO  (GhidraScript) GeneralStructureEyePatternScan.java> Scanned 189000 functions. Exported so far: 160  
2026-07-07 11:00:35 INFO  (GhidraScript) GeneralStructureEyePatternScan.java> Scanned 189500 functions. Exported so far: 165  
2026-07-07 11:00:40 INFO  (GhidraScript) GeneralStructureEyePatternScan.java> Scanned 190000 functions. Exported so far: 165  
2026-07-07 11:00:41 INFO  (GhidraScript) GeneralStructureEyePatternScan.java> Scanned 190500 functions. Exported so far: 165  
2026-07-07 11:00:46 INFO  (GhidraScript) GeneralStructureEyePatternScan.java> Scanned 191000 functions. Exported so far: 170  
2026-07-07 11:00:51 INFO  (GhidraScript) GeneralStructureEyePatternScan.java> Scanned 191500 functions. Exported so far: 170  
2026-07-07 11:00:53 INFO  (GhidraScript) GeneralStructureEyePatternScan.java> Scanned 192000 functions. Exported so far: 171  
2026-07-07 11:00:56 INFO  (GhidraScript) GeneralStructureEyePatternScan.java> Scanned 192500 functions. Exported so far: 171  
2026-07-07 11:00:59 INFO  (GhidraScript) GeneralStructureEyePatternScan.java> Scanned 193000 functions. Exported so far: 173  
2026-07-07 11:01:26 INFO  (GhidraScript) GeneralStructureEyePatternScan.java> Scanned 193500 functions. Exported so far: 176  
2026-07-07 11:01:29 INFO  (GhidraScript) GeneralStructureEyePatternScan.java> Scanned 194000 functions. Exported so far: 176  
2026-07-07 11:01:30 INFO  (GhidraScript) GeneralStructureEyePatternScan.java> Scanned 194500 functions. Exported so far: 176  
2026-07-07 11:01:30 INFO  (GhidraScript) GeneralStructureEyePatternScan.java> Scanned 195000 functions. Exported so far: 176  
2026-07-07 11:01:31 INFO  (GhidraScript) GeneralStructureEyePatternScan.java> Scanned 195500 functions. Exported so far: 176  
2026-07-07 11:01:32 INFO  (GhidraScript) GeneralStructureEyePatternScan.java> Scanned 196000 functions. Exported so far: 176  
2026-07-07 11:01:33 INFO  (GhidraScript) GeneralStructureEyePatternScan.java> Scanned 196500 functions. Exported so far: 176  
2026-07-07 11:01:34 INFO  (GhidraScript) GeneralStructureEyePatternScan.java> Scanned 197000 functions. Exported so far: 176  
2026-07-07 11:01:35 INFO  (GhidraScript) GeneralStructureEyePatternScan.java> Scanned 197500 functions. Exported so far: 176  
2026-07-07 11:01:36 INFO  (GhidraScript) GeneralStructureEyePatternScan.java> Scanned 198000 functions. Exported so far: 176  
2026-07-07 11:01:39 INFO  (GhidraScript) GeneralStructureEyePatternScan.java> Scanned 198500 functions. Exported so far: 176  
2026-07-07 11:01:40 INFO  (GhidraScript) GeneralStructureEyePatternScan.java> Scanned 199000 functions. Exported so far: 176  
2026-07-07 11:01:43 INFO  (GhidraScript) GeneralStructureEyePatternScan.java> Scanned 199500 functions. Exported so far: 176  
2026-07-07 11:01:46 INFO  (GhidraScript) GeneralStructureEyePatternScan.java> Scanned 200000 functions. Exported so far: 177  
2026-07-07 11:01:48 INFO  (GhidraScript) GeneralStructureEyePatternScan.java> Scanned 200500 functions. Exported so far: 177  
2026-07-07 11:01:51 INFO  (GhidraScript) GeneralStructureEyePatternScan.java> Scanned 201000 functions. Exported so far: 177  
2026-07-07 11:02:01 INFO  (GhidraScript) GeneralStructureEyePatternScan.java> Scanned 201500 functions. Exported so far: 177  
2026-07-07 11:02:06 INFO  (GhidraScript) GeneralStructureEyePatternScan.java> Scanned 202000 functions. Exported so far: 178  
2026-07-07 11:02:11 INFO  (GhidraScript) GeneralStructureEyePatternScan.java> Scanned 202500 functions. Exported so far: 178  
2026-07-07 11:02:14 INFO  (GhidraScript) GeneralStructureEyePatternScan.java> Scanned 203000 functions. Exported so far: 178  
2026-07-07 11:02:17 INFO  (GhidraScript) GeneralStructureEyePatternScan.java> Scanned 203500 functions. Exported so far: 178  
2026-07-07 11:02:18 INFO  (GhidraScript) GeneralStructureEyePatternScan.java> Scanned 204000 functions. Exported so far: 178  
2026-07-07 11:02:21 INFO  (GhidraScript) GeneralStructureEyePatternScan.java> Scanned 204500 functions. Exported so far: 178  
2026-07-07 11:02:22 INFO  (GhidraScript) GeneralStructureEyePatternScan.java> Scanned 205000 functions. Exported so far: 178  
2026-07-07 11:02:23 INFO  (GhidraScript) GeneralStructureEyePatternScan.java> Scanned 205500 functions. Exported so far: 178  
2026-07-07 11:02:25 INFO  (GhidraScript) GeneralStructureEyePatternScan.java> Scanned 206000 functions. Exported so far: 180  
2026-07-07 11:02:26 INFO  (GhidraScript) GeneralStructureEyePatternScan.java> Scanned 206500 functions. Exported so far: 182  
2026-07-07 11:02:27 INFO  (GhidraScript) GeneralStructureEyePatternScan.java> Scanned 207000 functions. Exported so far: 182  
2026-07-07 11:02:28 INFO  (GhidraScript) GeneralStructureEyePatternScan.java> Scanned 207500 functions. Exported so far: 182  
2026-07-07 11:02:30 INFO  (GhidraScript) GeneralStructureEyePatternScan.java> Scanned 208000 functions. Exported so far: 182  
2026-07-07 11:02:31 INFO  (GhidraScript) GeneralStructureEyePatternScan.java> Scanned 208500 functions. Exported so far: 182  
2026-07-07 11:02:32 INFO  (GhidraScript) GeneralStructureEyePatternScan.java> Scanned 209000 functions. Exported so far: 182  
2026-07-07 11:02:33 INFO  (GhidraScript) GeneralStructureEyePatternScan.java> Scanned 209500 functions. Exported so far: 182  
2026-07-07 11:02:34 INFO  (GhidraScript) GeneralStructureEyePatternScan.java> Scanned 210000 functions. Exported so far: 182  
2026-07-07 11:02:34 INFO  (GhidraScript) GeneralStructureEyePatternScan.java> Scanned 210500 functions. Exported so far: 182  
2026-07-07 11:02:36 INFO  (GhidraScript) GeneralStructureEyePatternScan.java> Scanned 211000 functions. Exported so far: 182  
2026-07-07 11:02:36 INFO  (GhidraScript) GeneralStructureEyePatternScan.java> Scanned 211500 functions. Exported so far: 182  
2026-07-07 11:02:37 INFO  (GhidraScript) GeneralStructureEyePatternScan.java> Scanned 212000 functions. Exported so far: 182  
2026-07-07 11:02:38 INFO  (GhidraScript) GeneralStructureEyePatternScan.java> Scanned 212500 functions. Exported so far: 182  
2026-07-07 11:02:40 INFO  (GhidraScript) GeneralStructureEyePatternScan.java> Scanned 213000 functions. Exported so far: 182  
2026-07-07 11:02:43 INFO  (GhidraScript) GeneralStructureEyePatternScan.java> Scanned 213500 functions. Exported so far: 182  
2026-07-07 11:02:46 INFO  (GhidraScript) GeneralStructureEyePatternScan.java> Scanned 214000 functions. Exported so far: 182  
2026-07-07 11:02:46 INFO  (GhidraScript) GeneralStructureEyePatternScan.java> Scanned 214500 functions. Exported so far: 182  
2026-07-07 11:02:49 INFO  (GhidraScript) GeneralStructureEyePatternScan.java> Scanned 215000 functions. Exported so far: 182  
2026-07-07 11:02:59 INFO  (GhidraScript) GeneralStructureEyePatternScan.java> Scanned 215500 functions. Exported so far: 182  
2026-07-07 11:03:05 INFO  (GhidraScript) GeneralStructureEyePatternScan.java> Scanned 216000 functions. Exported so far: 183  
2026-07-07 11:03:08 INFO  (GhidraScript) GeneralStructureEyePatternScan.java> Scanned 216500 functions. Exported so far: 184  
2026-07-07 11:03:10 INFO  (GhidraScript) GeneralStructureEyePatternScan.java> Scanned 217000 functions. Exported so far: 188  
2026-07-07 11:03:14 INFO  (GhidraScript) GeneralStructureEyePatternScan.java> Scanned 217500 functions. Exported so far: 188  
2026-07-07 11:03:21 INFO  (GhidraScript) GeneralStructureEyePatternScan.java> Scanned 218000 functions. Exported so far: 189  
2026-07-07 11:03:24 INFO  (GhidraScript) GeneralStructureEyePatternScan.java> Scanned 218500 functions. Exported so far: 191  
2026-07-07 11:03:27 INFO  (GhidraScript) GeneralStructureEyePatternScan.java> Scanned 219000 functions. Exported so far: 191  
2026-07-07 11:03:30 INFO  (GhidraScript) GeneralStructureEyePatternScan.java> Scanned 219500 functions. Exported so far: 191  
2026-07-07 11:03:36 INFO  (GhidraScript) GeneralStructureEyePatternScan.java> Scanned 220000 functions. Exported so far: 191  
2026-07-07 11:03:44 INFO  (GhidraScript) GeneralStructureEyePatternScan.java> Scanned 220500 functions. Exported so far: 191  
2026-07-07 11:03:50 INFO  (GhidraScript) GeneralStructureEyePatternScan.java> Scanned 221000 functions. Exported so far: 191  
2026-07-07 11:04:22 INFO  (GhidraScript) GeneralStructureEyePatternScan.java> Scanned 221500 functions. Exported so far: 191  
2026-07-07 11:04:57 INFO  (GhidraScript) GeneralStructureEyePatternScan.java> Scanned 222000 functions. Exported so far: 191  
2026-07-07 11:05:05 INFO  (GhidraScript) GeneralStructureEyePatternScan.java> Scanned 222500 functions. Exported so far: 194  
2026-07-07 11:05:08 INFO  (GhidraScript) GeneralStructureEyePatternScan.java> Scanned 223000 functions. Exported so far: 194  
2026-07-07 11:05:21 INFO  (GhidraScript) GeneralStructureEyePatternScan.java> Scanned 223500 functions. Exported so far: 194  
2026-07-07 11:05:24 INFO  (GhidraScript) GeneralStructureEyePatternScan.java> Scanned 224000 functions. Exported so far: 194  
2026-07-07 11:05:27 INFO  (GhidraScript) GeneralStructureEyePatternScan.java> Scanned 224500 functions. Exported so far: 194  
2026-07-07 11:05:29 INFO  (GhidraScript) GeneralStructureEyePatternScan.java> Scanned 225000 functions. Exported so far: 194  
2026-07-07 11:05:32 INFO  (GhidraScript) GeneralStructureEyePatternScan.java> Scanned 225500 functions. Exported so far: 195  
2026-07-07 11:05:34 INFO  (GhidraScript) GeneralStructureEyePatternScan.java> Scanned 226000 functions. Exported so far: 195  
2026-07-07 11:05:36 INFO  (GhidraScript) GeneralStructureEyePatternScan.java> Scanned 226500 functions. Exported so far: 195  
2026-07-07 11:05:39 INFO  (GhidraScript) GeneralStructureEyePatternScan.java> Scanned 227000 functions. Exported so far: 195  
2026-07-07 11:05:41 INFO  (GhidraScript) GeneralStructureEyePatternScan.java> Scanned 227500 functions. Exported so far: 195  
2026-07-07 11:05:43 INFO  (GhidraScript) GeneralStructureEyePatternScan.java> Scanned 228000 functions. Exported so far: 195  
2026-07-07 11:05:46 INFO  (GhidraScript) GeneralStructureEyePatternScan.java> Scanned 228500 functions. Exported so far: 195  
2026-07-07 11:05:48 INFO  (GhidraScript) GeneralStructureEyePatternScan.java> Scanned 229000 functions. Exported so far: 195  
2026-07-07 11:05:51 INFO  (GhidraScript) GeneralStructureEyePatternScan.java> Scanned 229500 functions. Exported so far: 195  
2026-07-07 11:05:53 INFO  (GhidraScript) GeneralStructureEyePatternScan.java> Scanned 230000 functions. Exported so far: 195  
2026-07-07 11:05:55 INFO  (GhidraScript) GeneralStructureEyePatternScan.java> Scanned 230500 functions. Exported so far: 195  
2026-07-07 11:05:57 INFO  (GhidraScript) GeneralStructureEyePatternScan.java> Scanned 231000 functions. Exported so far: 195  
2026-07-07 11:05:59 INFO  (GhidraScript) GeneralStructureEyePatternScan.java> Scanned 231500 functions. Exported so far: 206  
2026-07-07 11:06:04 INFO  (GhidraScript) GeneralStructureEyePatternScan.java> Scanned 232000 functions. Exported so far: 220  
2026-07-07 11:06:18 INFO  (GhidraScript) GeneralStructureEyePatternScan.java> Scanned 232500 functions. Exported so far: 220  
2026-07-07 11:06:20 INFO  (GhidraScript) GeneralStructureEyePatternScan.java> Scanned 233000 functions. Exported so far: 229  
2026-07-07 11:06:22 INFO  (GhidraScript) GeneralStructureEyePatternScan.java> Scanned 233500 functions. Exported so far: 229  
2026-07-07 11:06:24 INFO  (GhidraScript) GeneralStructureEyePatternScan.java> Scanned 234000 functions. Exported so far: 235  
2026-07-07 11:06:26 INFO  (GhidraScript) GeneralStructureEyePatternScan.java> Scanned 234500 functions. Exported so far: 334  
2026-07-07 11:06:27 INFO  (GhidraScript) GeneralStructureEyePatternScan.java> Scanned 235000 functions. Exported so far: 388  
2026-07-07 11:06:28 INFO  (GhidraScript) GeneralStructureEyePatternScan.java> Scanned 235500 functions. Exported so far: 390  
2026-07-07 11:06:31 INFO  (GhidraScript) GeneralStructureEyePatternScan.java> Scanned 236000 functions. Exported so far: 396  
2026-07-07 11:06:32 INFO  (GhidraScript) GeneralStructureEyePatternScan.java> Scanned 236500 functions. Exported so far: 427  
2026-07-07 11:06:34 INFO  (GhidraScript) GeneralStructureEyePatternScan.java> Scanned 237000 functions. Exported so far: 446  
2026-07-07 11:06:36 INFO  (GhidraScript) GeneralStructureEyePatternScan.java> Scanned 237500 functions. Exported so far: 454  
2026-07-07 11:06:38 INFO  (GhidraScript) GeneralStructureEyePatternScan.java> Scanned 238000 functions. Exported so far: 467  
2026-07-07 11:06:40 INFO  (GhidraScript) GeneralStructureEyePatternScan.java> Scanned 238500 functions. Exported so far: 467  
2026-07-07 11:06:43 INFO  (GhidraScript) GeneralStructureEyePatternScan.java> Scanned 239000 functions. Exported so far: 468  
2026-07-07 11:06:44 INFO  (GhidraScript) GeneralStructureEyePatternScan.java> Scanned 239500 functions. Exported so far: 517  
2026-07-07 11:06:48 INFO  (GhidraScript) GeneralStructureEyePatternScan.java> Scanned 240000 functions. Exported so far: 517  
2026-07-07 11:06:50 INFO  (GhidraScript) GeneralStructureEyePatternScan.java> Scanned 240500 functions. Exported so far: 521  
2026-07-07 11:07:05 INFO  (GhidraScript) GeneralStructureEyePatternScan.java> Scanned 241000 functions. Exported so far: 526  
2026-07-07 11:07:09 INFO  (GhidraScript) GeneralStructureEyePatternScan.java> Scanned 241500 functions. Exported so far: 528  
2026-07-07 11:07:13 INFO  (GhidraScript) GeneralStructureEyePatternScan.java> Scanned 242000 functions. Exported so far: 528  
2026-07-07 11:07:16 INFO  (GhidraScript) GeneralStructureEyePatternScan.java> Scanned 242500 functions. Exported so far: 528  
2026-07-07 11:07:19 INFO  (GhidraScript) GeneralStructureEyePatternScan.java> Scanned 243000 functions. Exported so far: 528  
2026-07-07 11:07:22 INFO  (GhidraScript) GeneralStructureEyePatternScan.java> Scanned 243500 functions. Exported so far: 528  
2026-07-07 11:07:24 INFO  (GhidraScript) GeneralStructureEyePatternScan.java> Scanned 244000 functions. Exported so far: 528  
2026-07-07 11:07:25 INFO  (GhidraScript) GeneralStructureEyePatternScan.java> Scanned 244500 functions. Exported so far: 528  
2026-07-07 11:07:28 INFO  (GhidraScript) GeneralStructureEyePatternScan.java> Scanned 245000 functions. Exported so far: 529  
2026-07-07 11:07:34 INFO  (GhidraScript) GeneralStructureEyePatternScan.java> Scanned 245500 functions. Exported so far: 530  
2026-07-07 11:07:38 INFO  (GhidraScript) GeneralStructureEyePatternScan.java> Scanned 246000 functions. Exported so far: 531  
2026-07-07 11:07:42 INFO  (GhidraScript) GeneralStructureEyePatternScan.java> Scanned 246500 functions. Exported so far: 531  
2026-07-07 11:07:50 INFO  (GhidraScript) GeneralStructureEyePatternScan.java> Scanned 247000 functions. Exported so far: 532  
2026-07-07 11:07:53 INFO  (GhidraScript) GeneralStructureEyePatternScan.java> Scanned 247500 functions. Exported so far: 532  
2026-07-07 11:07:57 INFO  (GhidraScript) GeneralStructureEyePatternScan.java> Scanned 248000 functions. Exported so far: 532  
2026-07-07 11:08:01 INFO  (GhidraScript) GeneralStructureEyePatternScan.java> Scanned 248500 functions. Exported so far: 535  
2026-07-07 11:08:04 INFO  (GhidraScript) GeneralStructureEyePatternScan.java> Scanned 249000 functions. Exported so far: 535  
2026-07-07 11:08:06 INFO  (GhidraScript) GeneralStructureEyePatternScan.java> Scanned 249500 functions. Exported so far: 535  
2026-07-07 11:08:22 INFO  (GhidraScript) GeneralStructureEyePatternScan.java> Scanned 250000 functions. Exported so far: 535  
2026-07-07 11:08:24 INFO  (GhidraScript) GeneralStructureEyePatternScan.java> Scanned 250500 functions. Exported so far: 536  
2026-07-07 11:08:27 INFO  (GhidraScript) GeneralStructureEyePatternScan.java> Scanned 251000 functions. Exported so far: 546  
2026-07-07 11:08:29 INFO  (GhidraScript) GeneralStructureEyePatternScan.java> Scanned 251500 functions. Exported so far: 546  
2026-07-07 11:08:31 INFO  (GhidraScript) GeneralStructureEyePatternScan.java> Scanned 252000 functions. Exported so far: 546  
2026-07-07 11:08:33 INFO  (GhidraScript) GeneralStructureEyePatternScan.java> Scanned 252500 functions. Exported so far: 561  
2026-07-07 11:08:34 INFO  (GhidraScript) GeneralStructureEyePatternScan.java> Scanned 253000 functions. Exported so far: 562  
2026-07-07 11:08:34 WARN  (DecompileCallback) Decompiling 04116000, pcode error at 04116000: Unable to disassemble EXTERNAL block location: 04116000  
2026-07-07 11:08:34 WARN  (DecompileCallback) Decompiling 04116008, pcode error at 04116008: Unable to disassemble EXTERNAL block location: 04116008  
2026-07-07 11:08:34 WARN  (DecompileCallback) Decompiling 04116010, pcode error at 04116010: Unable to disassemble EXTERNAL block location: 04116010  
2026-07-07 11:08:34 WARN  (DecompileCallback) Decompiling 04116018, pcode error at 04116018: Unable to disassemble EXTERNAL block location: 04116018  
2026-07-07 11:08:34 WARN  (DecompileCallback) Decompiling 04116020, pcode error at 04116020: Unable to disassemble EXTERNAL block location: 04116020  
2026-07-07 11:08:34 WARN  (DecompileCallback) Decompiling 04116028, pcode error at 04116028: Unable to disassemble EXTERNAL block location: 04116028  
2026-07-07 11:08:34 WARN  (DecompileCallback) Decompiling 04116030, pcode error at 04116030: Unable to disassemble EXTERNAL block location: 04116030  
2026-07-07 11:08:34 WARN  (DecompileCallback) Decompiling 04116038, pcode error at 04116038: Unable to disassemble EXTERNAL block location: 04116038  
2026-07-07 11:08:34 WARN  (DecompileCallback) Decompiling 04116040, pcode error at 04116040: Unable to disassemble EXTERNAL block location: 04116040  
2026-07-07 11:08:34 WARN  (DecompileCallback) Decompiling 04116048, pcode error at 04116048: Unable to disassemble EXTERNAL block location: 04116048  
2026-07-07 11:08:34 WARN  (DecompileCallback) Decompiling 04116050, pcode error at 04116050: Unable to disassemble EXTERNAL block location: 04116050  
2026-07-07 11:08:34 WARN  (DecompileCallback) Decompiling 04116058, pcode error at 04116058: Unable to disassemble EXTERNAL block location: 04116058  
2026-07-07 11:08:34 WARN  (DecompileCallback) Decompiling 04116060, pcode error at 04116060: Unable to disassemble EXTERNAL block location: 04116060  
2026-07-07 11:08:34 WARN  (DecompileCallback) Decompiling 04116068, pcode error at 04116068: Unable to disassemble EXTERNAL block location: 04116068  
2026-07-07 11:08:34 WARN  (DecompileCallback) Decompiling 04116070, pcode error at 04116070: Unable to disassemble EXTERNAL block location: 04116070  
2026-07-07 11:08:34 WARN  (DecompileCallback) Decompiling 04116078, pcode error at 04116078: Unable to disassemble EXTERNAL block location: 04116078  
2026-07-07 11:08:34 WARN  (DecompileCallback) Decompiling 04116080, pcode error at 04116080: Unable to disassemble EXTERNAL block location: 04116080  
2026-07-07 11:08:34 WARN  (DecompileCallback) Decompiling 04116088, pcode error at 04116088: Unable to disassemble EXTERNAL block location: 04116088  
2026-07-07 11:08:34 WARN  (DecompileCallback) Decompiling 04116090, pcode error at 04116090: Unable to disassemble EXTERNAL block location: 04116090  
2026-07-07 11:08:34 WARN  (DecompileCallback) Decompiling 04116098, pcode error at 04116098: Unable to disassemble EXTERNAL block location: 04116098  
2026-07-07 11:08:34 WARN  (DecompileCallback) Decompiling 041160a0, pcode error at 041160a0: Unable to disassemble EXTERNAL block location: 041160a0  
2026-07-07 11:08:34 WARN  (DecompileCallback) Decompiling 041160a8, pcode error at 041160a8: Unable to disassemble EXTERNAL block location: 041160a8  
2026-07-07 11:08:34 WARN  (DecompileCallback) Decompiling 041160b0, pcode error at 041160b0: Unable to disassemble EXTERNAL block location: 041160b0  
2026-07-07 11:08:34 WARN  (DecompileCallback) Decompiling 041160b8, pcode error at 041160b8: Unable to disassemble EXTERNAL block location: 041160b8  
2026-07-07 11:08:34 WARN  (DecompileCallback) Decompiling 041160c0, pcode error at 041160c0: Unable to disassemble EXTERNAL block location: 041160c0  
2026-07-07 11:08:34 WARN  (DecompileCallback) Decompiling 041160c8, pcode error at 041160c8: Unable to disassemble EXTERNAL block location: 041160c8  
2026-07-07 11:08:34 WARN  (DecompileCallback) Decompiling 041160d0, pcode error at 041160d0: Unable to disassemble EXTERNAL block location: 041160d0  
2026-07-07 11:08:34 WARN  (DecompileCallback) Decompiling 041160d8, pcode error at 041160d8: Unable to disassemble EXTERNAL block location: 041160d8  
2026-07-07 11:08:34 WARN  (DecompileCallback) Decompiling 041160e0, pcode error at 041160e0: Unable to disassemble EXTERNAL block location: 041160e0  
2026-07-07 11:08:34 WARN  (DecompileCallback) Decompiling 041160e8, pcode error at 041160e8: Unable to disassemble EXTERNAL block location: 041160e8  
2026-07-07 11:08:34 WARN  (DecompileCallback) Decompiling 041160f0, pcode error at 041160f0: Unable to disassemble EXTERNAL block location: 041160f0  
2026-07-07 11:08:34 WARN  (DecompileCallback) Decompiling 041160f8, pcode error at 041160f8: Unable to disassemble EXTERNAL block location: 041160f8  
2026-07-07 11:08:34 WARN  (DecompileCallback) Decompiling 04116100, pcode error at 04116100: Unable to disassemble EXTERNAL block location: 04116100  
2026-07-07 11:08:34 WARN  (DecompileCallback) Decompiling 04116108, pcode error at 04116108: Unable to disassemble EXTERNAL block location: 04116108  
2026-07-07 11:08:34 WARN  (DecompileCallback) Decompiling 04116110, pcode error at 04116110: Unable to disassemble EXTERNAL block location: 04116110  
2026-07-07 11:08:34 WARN  (DecompileCallback) Decompiling 04116118, pcode error at 04116118: Unable to disassemble EXTERNAL block location: 04116118  
2026-07-07 11:08:34 WARN  (DecompileCallback) Decompiling 04116120, pcode error at 04116120: Unable to disassemble EXTERNAL block location: 04116120  
2026-07-07 11:08:34 WARN  (DecompileCallback) Decompiling 04116128, pcode error at 04116128: Unable to disassemble EXTERNAL block location: 04116128  
2026-07-07 11:08:34 WARN  (DecompileCallback) Decompiling 04116130, pcode error at 04116130: Unable to disassemble EXTERNAL block location: 04116130  
2026-07-07 11:08:34 WARN  (DecompileCallback) Decompiling 04116138, pcode error at 04116138: Unable to disassemble EXTERNAL block location: 04116138  
2026-07-07 11:08:34 WARN  (DecompileCallback) Decompiling 04116140, pcode error at 04116140: Unable to disassemble EXTERNAL block location: 04116140  
2026-07-07 11:08:34 WARN  (DecompileCallback) Decompiling 04116150, pcode error at 04116150: Unable to disassemble EXTERNAL block location: 04116150  
2026-07-07 11:08:34 WARN  (DecompileCallback) Decompiling 04116158, pcode error at 04116158: Unable to disassemble EXTERNAL block location: 04116158  
2026-07-07 11:08:34 WARN  (DecompileCallback) Decompiling 04116160, pcode error at 04116160: Unable to disassemble EXTERNAL block location: 04116160  
2026-07-07 11:08:34 WARN  (DecompileCallback) Decompiling 04116168, pcode error at 04116168: Unable to disassemble EXTERNAL block location: 04116168  
2026-07-07 11:08:34 WARN  (DecompileCallback) Decompiling 04116170, pcode error at 04116170: Unable to disassemble EXTERNAL block location: 04116170  
2026-07-07 11:08:34 WARN  (DecompileCallback) Decompiling 04116178, pcode error at 04116178: Unable to disassemble EXTERNAL block location: 04116178  
2026-07-07 11:08:34 WARN  (DecompileCallback) Decompiling 04116180, pcode error at 04116180: Unable to disassemble EXTERNAL block location: 04116180  
2026-07-07 11:08:34 WARN  (DecompileCallback) Decompiling 04116188, pcode error at 04116188: Unable to disassemble EXTERNAL block location: 04116188  
2026-07-07 11:08:34 WARN  (DecompileCallback) Decompiling 04116190, pcode error at 04116190: Unable to disassemble EXTERNAL block location: 04116190  
2026-07-07 11:08:34 WARN  (DecompileCallback) Decompiling 04116198, pcode error at 04116198: Unable to disassemble EXTERNAL block location: 04116198  
2026-07-07 11:08:34 WARN  (DecompileCallback) Decompiling 041161a0, pcode error at 041161a0: Unable to disassemble EXTERNAL block location: 041161a0  
2026-07-07 11:08:34 WARN  (DecompileCallback) Decompiling 041161a8, pcode error at 041161a8: Unable to disassemble EXTERNAL block location: 041161a8  
2026-07-07 11:08:34 WARN  (DecompileCallback) Decompiling 041161b0, pcode error at 041161b0: Unable to disassemble EXTERNAL block location: 041161b0  
2026-07-07 11:08:34 WARN  (DecompileCallback) Decompiling 041161b8, pcode error at 041161b8: Unable to disassemble EXTERNAL block location: 041161b8  
2026-07-07 11:08:34 WARN  (DecompileCallback) Decompiling 041161c0, pcode error at 041161c0: Unable to disassemble EXTERNAL block location: 041161c0  
2026-07-07 11:08:34 WARN  (DecompileCallback) Decompiling 041161c8, pcode error at 041161c8: Unable to disassemble EXTERNAL block location: 041161c8  
2026-07-07 11:08:34 WARN  (DecompileCallback) Decompiling 041161d0, pcode error at 041161d0: Unable to disassemble EXTERNAL block location: 041161d0  
2026-07-07 11:08:34 WARN  (DecompileCallback) Decompiling 041161d8, pcode error at 041161d8: Unable to disassemble EXTERNAL block location: 041161d8  
2026-07-07 11:08:34 WARN  (DecompileCallback) Decompiling 041161e0, pcode error at 041161e0: Unable to disassemble EXTERNAL block location: 041161e0  
2026-07-07 11:08:34 WARN  (DecompileCallback) Decompiling 041161e8, pcode error at 041161e8: Unable to disassemble EXTERNAL block location: 041161e8  
2026-07-07 11:08:34 WARN  (DecompileCallback) Decompiling 041161f0, pcode error at 041161f0: Unable to disassemble EXTERNAL block location: 041161f0  
2026-07-07 11:08:34 WARN  (DecompileCallback) Decompiling 041161f8, pcode error at 041161f8: Unable to disassemble EXTERNAL block location: 041161f8  
2026-07-07 11:08:34 WARN  (DecompileCallback) Decompiling 04116200, pcode error at 04116200: Unable to disassemble EXTERNAL block location: 04116200  
2026-07-07 11:08:34 WARN  (DecompileCallback) Decompiling 04116208, pcode error at 04116208: Unable to disassemble EXTERNAL block location: 04116208  
2026-07-07 11:08:34 WARN  (DecompileCallback) Decompiling 04116210, pcode error at 04116210: Unable to disassemble EXTERNAL block location: 04116210  
2026-07-07 11:08:34 WARN  (DecompileCallback) Decompiling 04116218, pcode error at 04116218: Unable to disassemble EXTERNAL block location: 04116218  
2026-07-07 11:08:34 WARN  (DecompileCallback) Decompiling 04116220, pcode error at 04116220: Unable to disassemble EXTERNAL block location: 04116220  
2026-07-07 11:08:34 WARN  (DecompileCallback) Decompiling 04116228, pcode error at 04116228: Unable to disassemble EXTERNAL block location: 04116228  
2026-07-07 11:08:34 WARN  (DecompileCallback) Decompiling 04116230, pcode error at 04116230: Unable to disassemble EXTERNAL block location: 04116230  
2026-07-07 11:08:34 WARN  (DecompileCallback) Decompiling 04116238, pcode error at 04116238: Unable to disassemble EXTERNAL block location: 04116238  
2026-07-07 11:08:34 WARN  (DecompileCallback) Decompiling 04116240, pcode error at 04116240: Unable to disassemble EXTERNAL block location: 04116240  
2026-07-07 11:08:34 WARN  (DecompileCallback) Decompiling 04116248, pcode error at 04116248: Unable to disassemble EXTERNAL block location: 04116248  
2026-07-07 11:08:34 WARN  (DecompileCallback) Decompiling 04116250, pcode error at 04116250: Unable to disassemble EXTERNAL block location: 04116250  
2026-07-07 11:08:34 WARN  (DecompileCallback) Decompiling 04116258, pcode error at 04116258: Unable to disassemble EXTERNAL block location: 04116258  
2026-07-07 11:08:34 WARN  (DecompileCallback) Decompiling 04116260, pcode error at 04116260: Unable to disassemble EXTERNAL block location: 04116260  
2026-07-07 11:08:34 WARN  (DecompileCallback) Decompiling 04116268, pcode error at 04116268: Unable to disassemble EXTERNAL block location: 04116268  
2026-07-07 11:08:34 WARN  (DecompileCallback) Decompiling 04116270, pcode error at 04116270: Unable to disassemble EXTERNAL block location: 04116270  
2026-07-07 11:08:34 WARN  (DecompileCallback) Decompiling 04116278, pcode error at 04116278: Unable to disassemble EXTERNAL block location: 04116278  
2026-07-07 11:08:34 WARN  (DecompileCallback) Decompiling 04116280, pcode error at 04116280: Unable to disassemble EXTERNAL block location: 04116280  
2026-07-07 11:08:34 WARN  (DecompileCallback) Decompiling 04116288, pcode error at 04116288: Unable to disassemble EXTERNAL block location: 04116288  
2026-07-07 11:08:34 WARN  (DecompileCallback) Decompiling 04116290, pcode error at 04116290: Unable to disassemble EXTERNAL block location: 04116290  
2026-07-07 11:08:34 WARN  (DecompileCallback) Decompiling 04116298, pcode error at 04116298: Unable to disassemble EXTERNAL block location: 04116298  
2026-07-07 11:08:34 WARN  (DecompileCallback) Decompiling 041162a0, pcode error at 041162a0: Unable to disassemble EXTERNAL block location: 041162a0  
2026-07-07 11:08:34 WARN  (DecompileCallback) Decompiling 041162a8, pcode error at 041162a8: Unable to disassemble EXTERNAL block location: 041162a8  
2026-07-07 11:08:34 WARN  (DecompileCallback) Decompiling 041162b0, pcode error at 041162b0: Unable to disassemble EXTERNAL block location: 041162b0  
2026-07-07 11:08:34 WARN  (DecompileCallback) Decompiling 041162b8, pcode error at 041162b8: Unable to disassemble EXTERNAL block location: 041162b8  
2026-07-07 11:08:34 WARN  (DecompileCallback) Decompiling 041162c0, pcode error at 041162c0: Unable to disassemble EXTERNAL block location: 041162c0  
2026-07-07 11:08:34 WARN  (DecompileCallback) Decompiling 041162c8, pcode error at 041162c8: Unable to disassemble EXTERNAL block location: 041162c8  
2026-07-07 11:08:34 WARN  (DecompileCallback) Decompiling 041162d0, pcode error at 041162d0: Unable to disassemble EXTERNAL block location: 041162d0  
2026-07-07 11:08:34 WARN  (DecompileCallback) Decompiling 041162d8, pcode error at 041162d8: Unable to disassemble EXTERNAL block location: 041162d8  
2026-07-07 11:08:34 WARN  (DecompileCallback) Decompiling 041162e0, pcode error at 041162e0: Unable to disassemble EXTERNAL block location: 041162e0  
2026-07-07 11:08:34 WARN  (DecompileCallback) Decompiling 041162e8, pcode error at 041162e8: Unable to disassemble EXTERNAL block location: 041162e8  
2026-07-07 11:08:34 WARN  (DecompileCallback) Decompiling 041162f0, pcode error at 041162f0: Unable to disassemble EXTERNAL block location: 041162f0  
2026-07-07 11:08:34 WARN  (DecompileCallback) Decompiling 041162f8, pcode error at 041162f8: Unable to disassemble EXTERNAL block location: 041162f8  
2026-07-07 11:08:34 WARN  (DecompileCallback) Decompiling 04116300, pcode error at 04116300: Unable to disassemble EXTERNAL block location: 04116300  
2026-07-07 11:08:34 WARN  (DecompileCallback) Decompiling 04116308, pcode error at 04116308: Unable to disassemble EXTERNAL block location: 04116308  
2026-07-07 11:08:34 WARN  (DecompileCallback) Decompiling 04116310, pcode error at 04116310: Unable to disassemble EXTERNAL block location: 04116310  
2026-07-07 11:08:34 WARN  (DecompileCallback) Decompiling 04116318, pcode error at 04116318: Unable to disassemble EXTERNAL block location: 04116318  
2026-07-07 11:08:34 WARN  (DecompileCallback) Decompiling 04116320, pcode error at 04116320: Unable to disassemble EXTERNAL block location: 04116320  
2026-07-07 11:08:34 WARN  (DecompileCallback) Decompiling 04116328, pcode error at 04116328: Unable to disassemble EXTERNAL block location: 04116328  
2026-07-07 11:08:34 WARN  (DecompileCallback) Decompiling 04116330, pcode error at 04116330: Unable to disassemble EXTERNAL block location: 04116330  
2026-07-07 11:08:34 WARN  (DecompileCallback) Decompiling 04116338, pcode error at 04116338: Unable to disassemble EXTERNAL block location: 04116338  
2026-07-07 11:08:34 WARN  (DecompileCallback) Decompiling 04116340, pcode error at 04116340: Unable to disassemble EXTERNAL block location: 04116340  
2026-07-07 11:08:34 WARN  (DecompileCallback) Decompiling 04116348, pcode error at 04116348: Unable to disassemble EXTERNAL block location: 04116348  
2026-07-07 11:08:34 WARN  (DecompileCallback) Decompiling 04116350, pcode error at 04116350: Unable to disassemble EXTERNAL block location: 04116350  
2026-07-07 11:08:34 WARN  (DecompileCallback) Decompiling 04116358, pcode error at 04116358: Unable to disassemble EXTERNAL block location: 04116358  
2026-07-07 11:08:34 WARN  (DecompileCallback) Decompiling 04116360, pcode error at 04116360: Unable to disassemble EXTERNAL block location: 04116360  
2026-07-07 11:08:34 WARN  (DecompileCallback) Decompiling 04116368, pcode error at 04116368: Unable to disassemble EXTERNAL block location: 04116368  
2026-07-07 11:08:34 WARN  (DecompileCallback) Decompiling 04116370, pcode error at 04116370: Unable to disassemble EXTERNAL block location: 04116370  
2026-07-07 11:08:34 WARN  (DecompileCallback) Decompiling 04116378, pcode error at 04116378: Unable to disassemble EXTERNAL block location: 04116378  
2026-07-07 11:08:34 WARN  (DecompileCallback) Decompiling 04116380, pcode error at 04116380: Unable to disassemble EXTERNAL block location: 04116380  
2026-07-07 11:08:34 WARN  (DecompileCallback) Decompiling 04116388, pcode error at 04116388: Unable to disassemble EXTERNAL block location: 04116388  
2026-07-07 11:08:34 WARN  (DecompileCallback) Decompiling 04116390, pcode error at 04116390: Unable to disassemble EXTERNAL block location: 04116390  
2026-07-07 11:08:34 WARN  (DecompileCallback) Decompiling 04116398, pcode error at 04116398: Unable to disassemble EXTERNAL block location: 04116398  
2026-07-07 11:08:34 WARN  (DecompileCallback) Decompiling 041163a0, pcode error at 041163a0: Unable to disassemble EXTERNAL block location: 041163a0  
2026-07-07 11:08:34 WARN  (DecompileCallback) Decompiling 041163a8, pcode error at 041163a8: Unable to disassemble EXTERNAL block location: 041163a8  
2026-07-07 11:08:34 WARN  (DecompileCallback) Decompiling 041163b0, pcode error at 041163b0: Unable to disassemble EXTERNAL block location: 041163b0  
2026-07-07 11:08:34 WARN  (DecompileCallback) Decompiling 041163b8, pcode error at 041163b8: Unable to disassemble EXTERNAL block location: 041163b8  
2026-07-07 11:08:34 WARN  (DecompileCallback) Decompiling 041163c0, pcode error at 041163c0: Unable to disassemble EXTERNAL block location: 041163c0  
2026-07-07 11:08:34 WARN  (DecompileCallback) Decompiling 041163c8, pcode error at 041163c8: Unable to disassemble EXTERNAL block location: 041163c8  
2026-07-07 11:08:34 WARN  (DecompileCallback) Decompiling 041163d0, pcode error at 041163d0: Unable to disassemble EXTERNAL block location: 041163d0  
2026-07-07 11:08:34 WARN  (DecompileCallback) Decompiling 041163d8, pcode error at 041163d8: Unable to disassemble EXTERNAL block location: 041163d8  
2026-07-07 11:08:34 WARN  (DecompileCallback) Decompiling 041163e0, pcode error at 041163e0: Unable to disassemble EXTERNAL block location: 041163e0  
2026-07-07 11:08:34 WARN  (DecompileCallback) Decompiling 041163e8, pcode error at 041163e8: Unable to disassemble EXTERNAL block location: 041163e8  
2026-07-07 11:08:34 WARN  (DecompileCallback) Decompiling 041163f0, pcode error at 041163f0: Unable to disassemble EXTERNAL block location: 041163f0  
2026-07-07 11:08:34 WARN  (DecompileCallback) Decompiling 041163f8, pcode error at 041163f8: Unable to disassemble EXTERNAL block location: 041163f8  
2026-07-07 11:08:34 WARN  (DecompileCallback) Decompiling 04116400, pcode error at 04116400: Unable to disassemble EXTERNAL block location: 04116400  
2026-07-07 11:08:34 WARN  (DecompileCallback) Decompiling 04116408, pcode error at 04116408: Unable to disassemble EXTERNAL block location: 04116408  
2026-07-07 11:08:34 WARN  (DecompileCallback) Decompiling 04116410, pcode error at 04116410: Unable to disassemble EXTERNAL block location: 04116410  
2026-07-07 11:08:34 WARN  (DecompileCallback) Decompiling 04116418, pcode error at 04116418: Unable to disassemble EXTERNAL block location: 04116418  
2026-07-07 11:08:34 WARN  (DecompileCallback) Decompiling 04116420, pcode error at 04116420: Unable to disassemble EXTERNAL block location: 04116420  
2026-07-07 11:08:34 WARN  (DecompileCallback) Decompiling 04116428, pcode error at 04116428: Unable to disassemble EXTERNAL block location: 04116428  
2026-07-07 11:08:34 WARN  (DecompileCallback) Decompiling 04116430, pcode error at 04116430: Unable to disassemble EXTERNAL block location: 04116430  
2026-07-07 11:08:34 WARN  (DecompileCallback) Decompiling 04116438, pcode error at 04116438: Unable to disassemble EXTERNAL block location: 04116438  
2026-07-07 11:08:34 WARN  (DecompileCallback) Decompiling 04116440, pcode error at 04116440: Unable to disassemble EXTERNAL block location: 04116440  
2026-07-07 11:08:34 WARN  (DecompileCallback) Decompiling 04116448, pcode error at 04116448: Unable to disassemble EXTERNAL block location: 04116448  
2026-07-07 11:08:34 WARN  (DecompileCallback) Decompiling 04116450, pcode error at 04116450: Unable to disassemble EXTERNAL block location: 04116450  
2026-07-07 11:08:34 WARN  (DecompileCallback) Decompiling 04116458, pcode error at 04116458: Unable to disassemble EXTERNAL block location: 04116458  
2026-07-07 11:08:34 WARN  (DecompileCallback) Decompiling 04116460, pcode error at 04116460: Unable to disassemble EXTERNAL block location: 04116460  
2026-07-07 11:08:34 WARN  (DecompileCallback) Decompiling 04116468, pcode error at 04116468: Unable to disassemble EXTERNAL block location: 04116468  
2026-07-07 11:08:34 WARN  (DecompileCallback) Decompiling 04116470, pcode error at 04116470: Unable to disassemble EXTERNAL block location: 04116470  
2026-07-07 11:08:34 WARN  (DecompileCallback) Decompiling 04116478, pcode error at 04116478: Unable to disassemble EXTERNAL block location: 04116478  
2026-07-07 11:08:34 WARN  (DecompileCallback) Decompiling 04116480, pcode error at 04116480: Unable to disassemble EXTERNAL block location: 04116480  
2026-07-07 11:08:34 WARN  (DecompileCallback) Decompiling 04116488, pcode error at 04116488: Unable to disassemble EXTERNAL block location: 04116488  
2026-07-07 11:08:34 WARN  (DecompileCallback) Decompiling 04116490, pcode error at 04116490: Unable to disassemble EXTERNAL block location: 04116490  
2026-07-07 11:08:34 WARN  (DecompileCallback) Decompiling 04116498, pcode error at 04116498: Unable to disassemble EXTERNAL block location: 04116498  
2026-07-07 11:08:34 WARN  (DecompileCallback) Decompiling 041164a0, pcode error at 041164a0: Unable to disassemble EXTERNAL block location: 041164a0  
2026-07-07 11:08:34 WARN  (DecompileCallback) Decompiling 041164a8, pcode error at 041164a8: Unable to disassemble EXTERNAL block location: 041164a8  
2026-07-07 11:08:34 WARN  (DecompileCallback) Decompiling 041164b0, pcode error at 041164b0: Unable to disassemble EXTERNAL block location: 041164b0  
2026-07-07 11:08:34 WARN  (DecompileCallback) Decompiling 041164b8, pcode error at 041164b8: Unable to disassemble EXTERNAL block location: 041164b8  
2026-07-07 11:08:34 WARN  (DecompileCallback) Decompiling 041164c0, pcode error at 041164c0: Unable to disassemble EXTERNAL block location: 041164c0  
2026-07-07 11:08:34 WARN  (DecompileCallback) Decompiling 041164c8, pcode error at 041164c8: Unable to disassemble EXTERNAL block location: 041164c8  
2026-07-07 11:08:34 WARN  (DecompileCallback) Decompiling 041164d0, pcode error at 041164d0: Unable to disassemble EXTERNAL block location: 041164d0  
2026-07-07 11:08:34 WARN  (DecompileCallback) Decompiling 041164d8, pcode error at 041164d8: Unable to disassemble EXTERNAL block location: 041164d8  
2026-07-07 11:08:34 WARN  (DecompileCallback) Decompiling 041164e0, pcode error at 041164e0: Unable to disassemble EXTERNAL block location: 041164e0  
2026-07-07 11:08:34 WARN  (DecompileCallback) Decompiling 041164e8, pcode error at 041164e8: Unable to disassemble EXTERNAL block location: 041164e8  
2026-07-07 11:08:34 WARN  (DecompileCallback) Decompiling 041164f0, pcode error at 041164f0: Unable to disassemble EXTERNAL block location: 041164f0  
2026-07-07 11:08:34 WARN  (DecompileCallback) Decompiling 041164f8, pcode error at 041164f8: Unable to disassemble EXTERNAL block location: 041164f8  
2026-07-07 11:08:34 WARN  (DecompileCallback) Decompiling 04116500, pcode error at 04116500: Unable to disassemble EXTERNAL block location: 04116500  
2026-07-07 11:08:34 WARN  (DecompileCallback) Decompiling 04116508, pcode error at 04116508: Unable to disassemble EXTERNAL block location: 04116508  
2026-07-07 11:08:34 WARN  (DecompileCallback) Decompiling 04116510, pcode error at 04116510: Unable to disassemble EXTERNAL block location: 04116510  
2026-07-07 11:08:34 WARN  (DecompileCallback) Decompiling 04116518, pcode error at 04116518: Unable to disassemble EXTERNAL block location: 04116518  
2026-07-07 11:08:34 WARN  (DecompileCallback) Decompiling 04116520, pcode error at 04116520: Unable to disassemble EXTERNAL block location: 04116520  
2026-07-07 11:08:34 WARN  (DecompileCallback) Decompiling 04116528, pcode error at 04116528: Unable to disassemble EXTERNAL block location: 04116528  
2026-07-07 11:08:34 WARN  (DecompileCallback) Decompiling 04116530, pcode error at 04116530: Unable to disassemble EXTERNAL block location: 04116530  
2026-07-07 11:08:34 WARN  (DecompileCallback) Decompiling 04116538, pcode error at 04116538: Unable to disassemble EXTERNAL block location: 04116538  
2026-07-07 11:08:34 WARN  (DecompileCallback) Decompiling 04116540, pcode error at 04116540: Unable to disassemble EXTERNAL block location: 04116540  
2026-07-07 11:08:34 WARN  (DecompileCallback) Decompiling 04116548, pcode error at 04116548: Unable to disassemble EXTERNAL block location: 04116548  
2026-07-07 11:08:34 WARN  (DecompileCallback) Decompiling 04116550, pcode error at 04116550: Unable to disassemble EXTERNAL block location: 04116550  
2026-07-07 11:08:34 WARN  (DecompileCallback) Decompiling 04116558, pcode error at 04116558: Unable to disassemble EXTERNAL block location: 04116558  
2026-07-07 11:08:34 WARN  (DecompileCallback) Decompiling 04116560, pcode error at 04116560: Unable to disassemble EXTERNAL block location: 04116560  
2026-07-07 11:08:34 WARN  (DecompileCallback) Decompiling 04116568, pcode error at 04116568: Unable to disassemble EXTERNAL block location: 04116568  
2026-07-07 11:08:34 WARN  (DecompileCallback) Decompiling 04116570, pcode error at 04116570: Unable to disassemble EXTERNAL block location: 04116570  
2026-07-07 11:08:34 WARN  (DecompileCallback) Decompiling 04116578, pcode error at 04116578: Unable to disassemble EXTERNAL block location: 04116578  
2026-07-07 11:08:34 WARN  (DecompileCallback) Decompiling 04116580, pcode error at 04116580: Unable to disassemble EXTERNAL block location: 04116580  
2026-07-07 11:08:34 WARN  (DecompileCallback) Decompiling 04116588, pcode error at 04116588: Unable to disassemble EXTERNAL block location: 04116588  
2026-07-07 11:08:34 WARN  (DecompileCallback) Decompiling 04116590, pcode error at 04116590: Unable to disassemble EXTERNAL block location: 04116590  
2026-07-07 11:08:34 WARN  (DecompileCallback) Decompiling 04116598, pcode error at 04116598: Unable to disassemble EXTERNAL block location: 04116598  
2026-07-07 11:08:34 WARN  (DecompileCallback) Decompiling 041165a0, pcode error at 041165a0: Unable to disassemble EXTERNAL block location: 041165a0  
2026-07-07 11:08:34 WARN  (DecompileCallback) Decompiling 041165a8, pcode error at 041165a8: Unable to disassemble EXTERNAL block location: 041165a8  
2026-07-07 11:08:34 WARN  (DecompileCallback) Decompiling 041165b0, pcode error at 041165b0: Unable to disassemble EXTERNAL block location: 041165b0  
2026-07-07 11:08:34 WARN  (DecompileCallback) Decompiling 041165b8, pcode error at 041165b8: Unable to disassemble EXTERNAL block location: 041165b8  
2026-07-07 11:08:34 WARN  (DecompileCallback) Decompiling 041165c0, pcode error at 041165c0: Unable to disassemble EXTERNAL block location: 041165c0  
2026-07-07 11:08:34 WARN  (DecompileCallback) Decompiling 041165c8, pcode error at 041165c8: Unable to disassemble EXTERNAL block location: 041165c8  
2026-07-07 11:08:34 WARN  (DecompileCallback) Decompiling 041165d0, pcode error at 041165d0: Unable to disassemble EXTERNAL block location: 041165d0  
2026-07-07 11:08:34 WARN  (DecompileCallback) Decompiling 041165d8, pcode error at 041165d8: Unable to disassemble EXTERNAL block location: 041165d8  
2026-07-07 11:08:34 WARN  (DecompileCallback) Decompiling 041165e0, pcode error at 041165e0: Unable to disassemble EXTERNAL block location: 041165e0  
2026-07-07 11:08:34 WARN  (DecompileCallback) Decompiling 041165e8, pcode error at 041165e8: Unable to disassemble EXTERNAL block location: 041165e8  
2026-07-07 11:08:34 WARN  (DecompileCallback) Decompiling 041165f0, pcode error at 041165f0: Unable to disassemble EXTERNAL block location: 041165f0  
2026-07-07 11:08:34 WARN  (DecompileCallback) Decompiling 041165f8, pcode error at 041165f8: Unable to disassemble EXTERNAL block location: 041165f8  
2026-07-07 11:08:34 WARN  (DecompileCallback) Decompiling 04116600, pcode error at 04116600: Unable to disassemble EXTERNAL block location: 04116600  
2026-07-07 11:08:34 WARN  (DecompileCallback) Decompiling 04116608, pcode error at 04116608: Unable to disassemble EXTERNAL block location: 04116608  
2026-07-07 11:08:34 WARN  (DecompileCallback) Decompiling 04116610, pcode error at 04116610: Unable to disassemble EXTERNAL block location: 04116610  
2026-07-07 11:08:34 WARN  (DecompileCallback) Decompiling 04116618, pcode error at 04116618: Unable to disassemble EXTERNAL block location: 04116618  
2026-07-07 11:08:34 WARN  (DecompileCallback) Decompiling 04116620, pcode error at 04116620: Unable to disassemble EXTERNAL block location: 04116620  
2026-07-07 11:08:34 WARN  (DecompileCallback) Decompiling 04116628, pcode error at 04116628: Unable to disassemble EXTERNAL block location: 04116628  
2026-07-07 11:08:34 WARN  (DecompileCallback) Decompiling 04116630, pcode error at 04116630: Unable to disassemble EXTERNAL block location: 04116630  
2026-07-07 11:08:34 WARN  (DecompileCallback) Decompiling 04116638, pcode error at 04116638: Unable to disassemble EXTERNAL block location: 04116638  
2026-07-07 11:08:34 WARN  (DecompileCallback) Decompiling 04116640, pcode error at 04116640: Unable to disassemble EXTERNAL block location: 04116640  
2026-07-07 11:08:34 WARN  (DecompileCallback) Decompiling 04116648, pcode error at 04116648: Unable to disassemble EXTERNAL block location: 04116648  
2026-07-07 11:08:34 WARN  (DecompileCallback) Decompiling 04116650, pcode error at 04116650: Unable to disassemble EXTERNAL block location: 04116650  
2026-07-07 11:08:34 WARN  (DecompileCallback) Decompiling 04116658, pcode error at 04116658: Unable to disassemble EXTERNAL block location: 04116658  
2026-07-07 11:08:34 WARN  (DecompileCallback) Decompiling 04116660, pcode error at 04116660: Unable to disassemble EXTERNAL block location: 04116660  
2026-07-07 11:08:34 WARN  (DecompileCallback) Decompiling 04116668, pcode error at 04116668: Unable to disassemble EXTERNAL block location: 04116668  
2026-07-07 11:08:34 WARN  (DecompileCallback) Decompiling 04116670, pcode error at 04116670: Unable to disassemble EXTERNAL block location: 04116670  
2026-07-07 11:08:34 WARN  (DecompileCallback) Decompiling 04116678, pcode error at 04116678: Unable to disassemble EXTERNAL block location: 04116678  
2026-07-07 11:08:34 WARN  (DecompileCallback) Decompiling 04116680, pcode error at 04116680: Unable to disassemble EXTERNAL block location: 04116680  
2026-07-07 11:08:34 WARN  (DecompileCallback) Decompiling 04116688, pcode error at 04116688: Unable to disassemble EXTERNAL block location: 04116688  
2026-07-07 11:08:34 WARN  (DecompileCallback) Decompiling 04116690, pcode error at 04116690: Unable to disassemble EXTERNAL block location: 04116690  
2026-07-07 11:08:34 WARN  (DecompileCallback) Decompiling 04116698, pcode error at 04116698: Unable to disassemble EXTERNAL block location: 04116698  
2026-07-07 11:08:34 WARN  (DecompileCallback) Decompiling 041166a0, pcode error at 041166a0: Unable to disassemble EXTERNAL block location: 041166a0  
2026-07-07 11:08:34 WARN  (DecompileCallback) Decompiling 041166a8, pcode error at 041166a8: Unable to disassemble EXTERNAL block location: 041166a8  
2026-07-07 11:08:34 WARN  (DecompileCallback) Decompiling 041166b0, pcode error at 041166b0: Unable to disassemble EXTERNAL block location: 041166b0  
2026-07-07 11:08:34 WARN  (DecompileCallback) Decompiling 041166b8, pcode error at 041166b8: Unable to disassemble EXTERNAL block location: 041166b8  
2026-07-07 11:08:34 WARN  (DecompileCallback) Decompiling 041166c0, pcode error at 041166c0: Unable to disassemble EXTERNAL block location: 041166c0  
2026-07-07 11:08:34 WARN  (DecompileCallback) Decompiling 041166c8, pcode error at 041166c8: Unable to disassemble EXTERNAL block location: 041166c8  
2026-07-07 11:08:34 WARN  (DecompileCallback) Decompiling 041166d0, pcode error at 041166d0: Unable to disassemble EXTERNAL block location: 041166d0  
2026-07-07 11:08:34 WARN  (DecompileCallback) Decompiling 041166d8, pcode error at 041166d8: Unable to disassemble EXTERNAL block location: 041166d8  
2026-07-07 11:08:34 WARN  (DecompileCallback) Decompiling 041166e0, pcode error at 041166e0: Unable to disassemble EXTERNAL block location: 041166e0  
2026-07-07 11:08:34 WARN  (DecompileCallback) Decompiling 041166e8, pcode error at 041166e8: Unable to disassemble EXTERNAL block location: 041166e8  
2026-07-07 11:08:34 WARN  (DecompileCallback) Decompiling 041166f0, pcode error at 041166f0: Unable to disassemble EXTERNAL block location: 041166f0  
2026-07-07 11:08:34 WARN  (DecompileCallback) Decompiling 041166f8, pcode error at 041166f8: Unable to disassemble EXTERNAL block location: 041166f8  
2026-07-07 11:08:34 WARN  (DecompileCallback) Decompiling 04116700, pcode error at 04116700: Unable to disassemble EXTERNAL block location: 04116700  
2026-07-07 11:08:34 WARN  (DecompileCallback) Decompiling 04116708, pcode error at 04116708: Unable to disassemble EXTERNAL block location: 04116708  
2026-07-07 11:08:34 WARN  (DecompileCallback) Decompiling 04116710, pcode error at 04116710: Unable to disassemble EXTERNAL block location: 04116710  
2026-07-07 11:08:34 WARN  (DecompileCallback) Decompiling 04116718, pcode error at 04116718: Unable to disassemble EXTERNAL block location: 04116718  
2026-07-07 11:08:34 WARN  (DecompileCallback) Decompiling 04116720, pcode error at 04116720: Unable to disassemble EXTERNAL block location: 04116720  
2026-07-07 11:08:34 WARN  (DecompileCallback) Decompiling 04116728, pcode error at 04116728: Unable to disassemble EXTERNAL block location: 04116728  
2026-07-07 11:08:34 WARN  (DecompileCallback) Decompiling 04116730, pcode error at 04116730: Unable to disassemble EXTERNAL block location: 04116730  
2026-07-07 11:08:34 WARN  (DecompileCallback) Decompiling 04116738, pcode error at 04116738: Unable to disassemble EXTERNAL block location: 04116738  
2026-07-07 11:08:34 WARN  (DecompileCallback) Decompiling 04116740, pcode error at 04116740: Unable to disassemble EXTERNAL block location: 04116740  
2026-07-07 11:08:34 WARN  (DecompileCallback) Decompiling 04116748, pcode error at 04116748: Unable to disassemble EXTERNAL block location: 04116748  
2026-07-07 11:08:34 WARN  (DecompileCallback) Decompiling 04116750, pcode error at 04116750: Unable to disassemble EXTERNAL block location: 04116750  
2026-07-07 11:08:34 WARN  (DecompileCallback) Decompiling 04116758, pcode error at 04116758: Unable to disassemble EXTERNAL block location: 04116758  
2026-07-07 11:08:34 WARN  (DecompileCallback) Decompiling 04116760, pcode error at 04116760: Unable to disassemble EXTERNAL block location: 04116760  
2026-07-07 11:08:34 WARN  (DecompileCallback) Decompiling 04116768, pcode error at 04116768: Unable to disassemble EXTERNAL block location: 04116768  
2026-07-07 11:08:34 WARN  (DecompileCallback) Decompiling 04116770, pcode error at 04116770: Unable to disassemble EXTERNAL block location: 04116770  
2026-07-07 11:08:34 WARN  (DecompileCallback) Decompiling 04116778, pcode error at 04116778: Unable to disassemble EXTERNAL block location: 04116778  
2026-07-07 11:08:34 WARN  (DecompileCallback) Decompiling 04116780, pcode error at 04116780: Unable to disassemble EXTERNAL block location: 04116780  
2026-07-07 11:08:34 WARN  (DecompileCallback) Decompiling 04116788, pcode error at 04116788: Unable to disassemble EXTERNAL block location: 04116788  
2026-07-07 11:08:34 WARN  (DecompileCallback) Decompiling 04116790, pcode error at 04116790: Unable to disassemble EXTERNAL block location: 04116790  
2026-07-07 11:08:34 WARN  (DecompileCallback) Decompiling 04116798, pcode error at 04116798: Unable to disassemble EXTERNAL block location: 04116798  
2026-07-07 11:08:34 WARN  (DecompileCallback) Decompiling 041167a0, pcode error at 041167a0: Unable to disassemble EXTERNAL block location: 041167a0  
2026-07-07 11:08:34 WARN  (DecompileCallback) Decompiling 041167a8, pcode error at 041167a8: Unable to disassemble EXTERNAL block location: 041167a8  
2026-07-07 11:08:34 WARN  (DecompileCallback) Decompiling 041167b0, pcode error at 041167b0: Unable to disassemble EXTERNAL block location: 041167b0  
2026-07-07 11:08:34 WARN  (DecompileCallback) Decompiling 041167b8, pcode error at 041167b8: Unable to disassemble EXTERNAL block location: 041167b8  
2026-07-07 11:08:34 WARN  (DecompileCallback) Decompiling 041167c0, pcode error at 041167c0: Unable to disassemble EXTERNAL block location: 041167c0  
2026-07-07 11:08:34 WARN  (DecompileCallback) Decompiling 041167c8, pcode error at 041167c8: Unable to disassemble EXTERNAL block location: 041167c8  
2026-07-07 11:08:34 WARN  (DecompileCallback) Decompiling 041167d0, pcode error at 041167d0: Unable to disassemble EXTERNAL block location: 041167d0  
2026-07-07 11:08:34 WARN  (DecompileCallback) Decompiling 041167e0, pcode error at 041167e0: Unable to disassemble EXTERNAL block location: 041167e0  
2026-07-07 11:08:34 WARN  (DecompileCallback) Decompiling 041167e8, pcode error at 041167e8: Unable to disassemble EXTERNAL block location: 041167e8  
2026-07-07 11:08:34 WARN  (DecompileCallback) Decompiling 041167f0, pcode error at 041167f0: Unable to disassemble EXTERNAL block location: 041167f0  
2026-07-07 11:08:34 WARN  (DecompileCallback) Decompiling 041167f8, pcode error at 041167f8: Unable to disassemble EXTERNAL block location: 041167f8  
2026-07-07 11:08:34 WARN  (DecompileCallback) Decompiling 04116800, pcode error at 04116800: Unable to disassemble EXTERNAL block location: 04116800  
2026-07-07 11:08:34 WARN  (DecompileCallback) Decompiling 04116808, pcode error at 04116808: Unable to disassemble EXTERNAL block location: 04116808  
2026-07-07 11:08:34 WARN  (DecompileCallback) Decompiling 04116810, pcode error at 04116810: Unable to disassemble EXTERNAL block location: 04116810  
2026-07-07 11:08:34 WARN  (DecompileCallback) Decompiling 04116818, pcode error at 04116818: Unable to disassemble EXTERNAL block location: 04116818  
2026-07-07 11:08:34 INFO  (GhidraScript) GeneralStructureEyePatternScan.java> General structure scan complete.  
2026-07-07 11:08:34 INFO  (GhidraScript) GeneralStructureEyePatternScan.java> Total functions scanned: 253489  
2026-07-07 11:08:34 INFO  (GhidraScript) GeneralStructureEyePatternScan.java> Exported functions: 562  
2026-07-07 11:08:34 INFO  (GhidraScript) GeneralStructureEyePatternScan.java> Decompile failures: 2  
2026-07-07 11:08:34 INFO  (GhidraScript) GeneralStructureEyePatternScan.java> Report CSV: C:\realDesktop\manifest-evaluations\summer-26\ghidra-pipeline\il2cpp-files\FruitBladeVR\general-structure-results\structure_scan_report.csv  
2026-07-07 11:08:34 INFO  (GhidraScript) GeneralStructureEyePatternScan.java> Report JSON: C:\realDesktop\manifest-evaluations\summer-26\ghidra-pipeline\il2cpp-files\FruitBladeVR\general-structure-results\structure_scan_report.json  
2026-07-07 11:08:34 INFO  (HeadlessAnalyzer) REPORT: Save succeeded for processed file: /FruitBladeVR-libil2cpp.so  
2026-07-08 21:36:52 INFO  (LoggingInitialization) Using log config file: jar:file:/C:/Users/kimgiordano27/Downloads/ghidra_12.1.2_PUBLIC_20260605/ghidra_12.1.2_PUBLIC/Ghidra/Framework/Generic/lib/Generic.jar!/generic.log4j.xml  
2026-07-08 21:36:52 INFO  (LoggingInitialization) Using log file: C:\realDesktop\manifest-evaluations\summer-26\ghidra-pipeline\il2cpp-files\FruitBladeVR\general-structure-ghidra.log  
2026-07-08 21:36:52 DEBUG (GhidraObjectInputFilter) Including serial input filter: FileSystem/data/client.rmi.serial.filter  
2026-07-08 21:36:52 INFO  (Preferences) Loading user preferences: C:\Users\kimgiordano27\AppData\Roaming\ghidra\ghidra_12.1.2_PUBLIC\preferences  
2026-07-08 21:36:52 INFO  (ClassSearcher) Searching for classes...  
2026-07-08 21:36:53 INFO  (ClassSearcher) Class search complete (668 ms)  
2026-07-08 21:36:53 INFO  (DefaultSSLContextInitializer) Initializing SSL Context  
2026-07-08 21:36:53 INFO  (SecureRandomFactory) Initializing Random Number Generator...  
2026-07-08 21:36:53 INFO  (SecureRandomFactory) Random Number Generator initialization complete: SHA1PRNG  
2026-07-08 21:36:53 INFO  (DefaultTrustManagerFactory) Trust manager disabled, cacerts have not been set  
2026-07-08 21:36:53 INFO  (AnalyzeHeadless) Headless startup complete (6481 ms)  
2026-07-08 21:36:53 INFO  (ClassSearcher) Class searcher loaded 59 extension points (20 false positives)  
2026-07-08 21:36:54 INFO  (HeadlessAnalyzer) HEADLESS Script Paths:
    C:\Users\kimgiordano27\Downloads\ghidra_12.1.2_PUBLIC_20260605\ghidra_12.1.2_PUBLIC\Ghidra\Features\DecompilerDependent\ghidra_scripts
    C:\Users\kimgiordano27\Downloads\ghidra_12.1.2_PUBLIC_20260605\ghidra_12.1.2_PUBLIC\Ghidra\Processors\Atmel\ghidra_scripts
    C:\Users\kimgiordano27\Downloads\ghidra_12.1.2_PUBLIC_20260605\ghidra_12.1.2_PUBLIC\Ghidra\Processors\PIC\ghidra_scripts
    C:\Users\kimgiordano27\Downloads\ghidra_12.1.2_PUBLIC_20260605\ghidra_12.1.2_PUBLIC\Ghidra\Features\VersionTracking\ghidra_scripts
    C:\Users\kimgiordano27\Downloads\ghidra_12.1.2_PUBLIC_20260605\ghidra_12.1.2_PUBLIC\Ghidra\Features\BytePatterns\ghidra_scripts
    C:\Users\kimgiordano27\ghidra_scripts
    C:\Users\kimgiordano27\Downloads\ghidra_12.1.2_PUBLIC_20260605\ghidra_12.1.2_PUBLIC\Ghidra\Features\BSim\ghidra_scripts
    C:\realDesktop\manifest-evaluations\summer-26\ghidra-pipeline\ghidra-export-scripts
    C:\Users\kimgiordano27\Downloads\ghidra_12.1.2_PUBLIC_20260605\ghidra_12.1.2_PUBLIC\Ghidra\Processors\JVM\ghidra_scripts
    C:\Users\kimgiordano27\Downloads\ghidra_12.1.2_PUBLIC_20260605\ghidra_12.1.2_PUBLIC\Ghidra\Features\Base\ghidra_scripts
    C:\Users\kimgiordano27\Downloads\ghidra_12.1.2_PUBLIC_20260605\ghidra_12.1.2_PUBLIC\Ghidra\Features\SwiftDemangler\ghidra_scripts
    C:\Users\kimgiordano27\Downloads\ghidra_12.1.2_PUBLIC_20260605\ghidra_12.1.2_PUBLIC\Ghidra\Features\WildcardAssembler\ghidra_scripts
    C:\Users\kimgiordano27\Downloads\ghidra_12.1.2_PUBLIC_20260605\ghidra_12.1.2_PUBLIC\Ghidra\Features\FileFormats\ghidra_scripts
    C:\Users\kimgiordano27\Downloads\ghidra_12.1.2_PUBLIC_20260605\ghidra_12.1.2_PUBLIC\Ghidra\Features\Decompiler\ghidra_scripts
    C:\Users\kimgiordano27\Downloads\ghidra_12.1.2_PUBLIC_20260605\ghidra_12.1.2_PUBLIC\Ghidra\Features\SystemEmulation\ghidra_scripts
    C:\Users\kimgiordano27\Downloads\ghidra_12.1.2_PUBLIC_20260605\ghidra_12.1.2_PUBLIC\Ghidra\Processors\8051\ghidra_scripts
    C:\Users\kimgiordano27\Downloads\ghidra_12.1.2_PUBLIC_20260605\ghidra_12.1.2_PUBLIC\Ghidra\Features\GnuDemangler\ghidra_scripts
    C:\Users\kimgiordano27\Downloads\ghidra_12.1.2_PUBLIC_20260605\ghidra_12.1.2_PUBLIC\Ghidra\Debug\Debugger\ghidra_scripts
    C:\Users\kimgiordano27\Downloads\ghidra_12.1.2_PUBLIC_20260605\ghidra_12.1.2_PUBLIC\Ghidra\Processors\DATA\ghidra_scripts
    C:\Users\kimgiordano27\Downloads\ghidra_12.1.2_PUBLIC_20260605\ghidra_12.1.2_PUBLIC\Ghidra\Debug\Debugger-rmi-trace\ghidra_scripts
    C:\Users\kimgiordano27\Downloads\ghidra_12.1.2_PUBLIC_20260605\ghidra_12.1.2_PUBLIC\Ghidra\Features\FunctionID\ghidra_scripts
    C:\Users\kimgiordano27\Downloads\ghidra_12.1.2_PUBLIC_20260605\ghidra_12.1.2_PUBLIC\Ghidra\Features\MicrosoftCodeAnalyzer\ghidra_scripts
    C:\Users\kimgiordano27\Downloads\ghidra_12.1.2_PUBLIC_20260605\ghidra_12.1.2_PUBLIC\Ghidra\Features\PDB\ghidra_scripts
    C:\Users\kimgiordano27\AppData\Roaming\ghidra\ghidra_12.1.2_PUBLIC\Extensions\Jython\ghidra_scripts
    C:\Users\kimgiordano27\Downloads\ghidra_12.1.2_PUBLIC_20260605\ghidra_12.1.2_PUBLIC\Ghidra\Features\PyGhidra\ghidra_scripts  
2026-07-08 21:36:54 INFO  (HeadlessAnalyzer) HEADLESS: execution starts  
2026-07-08 21:36:54 INFO  (HeadlessAnalyzer) Opening existing project: C:\realDesktop\manifest-evaluations\summer-26\ghidra-pipeline\il2cpp-files\FruitBladeVR\ghidra-project\FruitBladeVR  
2026-07-08 21:36:54 INFO  (HeadlessProject) Opening project: C:\realDesktop\manifest-evaluations\summer-26\ghidra-pipeline\il2cpp-files\FruitBladeVR\ghidra-project\FruitBladeVR  
2026-07-08 21:36:55 INFO  (HeadlessAnalyzer) REPORT: Processing project file: /FruitBladeVR-libil2cpp.so  
2026-07-08 21:36:56 INFO  (HeadlessAnalyzer) REPORT: Execute script: GeneralStructureEyePatternScan.java 'C:\realDesktop\manifest-evaluations\summer-26\ghidra-pipeline\il2cpp-files\FruitBladeVR\general-structure-results' '35' 'false'   
2026-07-08 21:36:57 INFO  (HeadlessAnalyzer) SCRIPT: C:\realDesktop\manifest-evaluations\summer-26\ghidra-pipeline\ghidra-export-scripts\GeneralStructureEyePatternScan.java  
2026-07-08 21:36:57 INFO  (GhidraScript) GeneralStructureEyePatternScan.java> General structure scan starting...  
2026-07-08 21:36:57 INFO  (GhidraScript) GeneralStructureEyePatternScan.java> Output: C:\realDesktop\manifest-evaluations\summer-26\ghidra-pipeline\il2cpp-files\FruitBladeVR\general-structure-results  
2026-07-08 21:36:57 INFO  (GhidraScript) GeneralStructureEyePatternScan.java> Minimum review score: 35  
2026-07-08 21:36:57 INFO  (GhidraScript) GeneralStructureEyePatternScan.java> Export all: false  
2026-07-08 21:37:09 INFO  (GhidraScript) GeneralStructureEyePatternScan.java> Scanned 10000 functions. Exported so far: 69  
2026-07-08 21:37:17 INFO  (GhidraScript) GeneralStructureEyePatternScan.java> Scanned 20000 functions. Exported so far: 74  
2026-07-08 21:37:26 INFO  (GhidraScript) GeneralStructureEyePatternScan.java> Scanned 30000 functions. Exported so far: 274  
2026-07-08 21:37:40 INFO  (GhidraScript) GeneralStructureEyePatternScan.java> Scanned 40000 functions. Exported so far: 274  
2026-07-08 21:37:56 INFO  (GhidraScript) GeneralStructureEyePatternScan.java> Scanned 50000 functions. Exported so far: 274  
2026-07-08 21:38:10 INFO  (GhidraScript) GeneralStructureEyePatternScan.java> Scanned 60000 functions. Exported so far: 289  
2026-07-08 21:38:20 INFO  (GhidraScript) GeneralStructureEyePatternScan.java> Scanned 70000 functions. Exported so far: 389  
2026-07-08 21:39:03 INFO  (GhidraScript) GeneralStructureEyePatternScan.java> Scanned 80000 functions. Exported so far: 1126  
2026-07-08 21:40:32 INFO  (GhidraScript) GeneralStructureEyePatternScan.java> Scanned 90000 functions. Exported so far: 3703  
2026-07-08 21:41:09 INFO  (GhidraScript) GeneralStructureEyePatternScan.java> Scanned 100000 functions. Exported so far: 5857  
2026-07-08 21:41:53 INFO  (GhidraScript) GeneralStructureEyePatternScan.java> Scanned 110000 functions. Exported so far: 7139  
2026-07-08 21:42:56 INFO  (GhidraScript) GeneralStructureEyePatternScan.java> Scanned 120000 functions. Exported so far: 8343  
2026-07-08 21:43:42 INFO  (GhidraScript) GeneralStructureEyePatternScan.java> Scanned 130000 functions. Exported so far: 9887  
2026-07-08 21:44:32 INFO  (GhidraScript) GeneralStructureEyePatternScan.java> Scanned 140000 functions. Exported so far: 12094  
2026-07-08 21:45:10 INFO  (GhidraScript) GeneralStructureEyePatternScan.java> Scanned 150000 functions. Exported so far: 13777  
2026-07-08 21:45:55 INFO  (GhidraScript) GeneralStructureEyePatternScan.java> Scanned 160000 functions. Exported so far: 14635  
2026-07-08 21:46:33 INFO  (GhidraScript) GeneralStructureEyePatternScan.java> Scanned 170000 functions. Exported so far: 16035  
2026-07-08 21:47:09 INFO  (GhidraScript) GeneralStructureEyePatternScan.java> Scanned 180000 functions. Exported so far: 16588  
2026-07-08 21:48:28 INFO  (GhidraScript) GeneralStructureEyePatternScan.java> Scanned 190000 functions. Exported so far: 17583  
2026-07-08 21:49:33 INFO  (GhidraScript) GeneralStructureEyePatternScan.java> Scanned 200000 functions. Exported so far: 18333  
2026-07-08 21:50:21 INFO  (GhidraScript) GeneralStructureEyePatternScan.java> Scanned 210000 functions. Exported so far: 19099  
2026-07-08 21:51:24 INFO  (GhidraScript) GeneralStructureEyePatternScan.java> Scanned 220000 functions. Exported so far: 20253  
2026-07-08 21:53:44 INFO  (GhidraScript) GeneralStructureEyePatternScan.java> Scanned 230000 functions. Exported so far: 22239  
2026-07-08 21:54:40 INFO  (GhidraScript) GeneralStructureEyePatternScan.java> Scanned 240000 functions. Exported so far: 23704  
2026-07-08 21:56:15 INFO  (GhidraScript) GeneralStructureEyePatternScan.java> Scanned 250000 functions. Exported so far: 24871  
2026-07-08 21:56:28 WARN  (DecompileCallback) Decompiling 04116000, pcode error at 04116000: Unable to disassemble EXTERNAL block location: 04116000  
2026-07-08 21:56:28 WARN  (DecompileCallback) Decompiling 04116008, pcode error at 04116008: Unable to disassemble EXTERNAL block location: 04116008  
2026-07-08 21:56:28 WARN  (DecompileCallback) Decompiling 04116010, pcode error at 04116010: Unable to disassemble EXTERNAL block location: 04116010  
2026-07-08 21:56:28 WARN  (DecompileCallback) Decompiling 04116018, pcode error at 04116018: Unable to disassemble EXTERNAL block location: 04116018  
2026-07-08 21:56:28 WARN  (DecompileCallback) Decompiling 04116020, pcode error at 04116020: Unable to disassemble EXTERNAL block location: 04116020  
2026-07-08 21:56:28 WARN  (DecompileCallback) Decompiling 04116028, pcode error at 04116028: Unable to disassemble EXTERNAL block location: 04116028  
2026-07-08 21:56:28 WARN  (DecompileCallback) Decompiling 04116030, pcode error at 04116030: Unable to disassemble EXTERNAL block location: 04116030  
2026-07-08 21:56:28 WARN  (DecompileCallback) Decompiling 04116038, pcode error at 04116038: Unable to disassemble EXTERNAL block location: 04116038  
2026-07-08 21:56:28 WARN  (DecompileCallback) Decompiling 04116040, pcode error at 04116040: Unable to disassemble EXTERNAL block location: 04116040  
2026-07-08 21:56:28 WARN  (DecompileCallback) Decompiling 04116048, pcode error at 04116048: Unable to disassemble EXTERNAL block location: 04116048  
2026-07-08 21:56:28 WARN  (DecompileCallback) Decompiling 04116050, pcode error at 04116050: Unable to disassemble EXTERNAL block location: 04116050  
2026-07-08 21:56:28 WARN  (DecompileCallback) Decompiling 04116058, pcode error at 04116058: Unable to disassemble EXTERNAL block location: 04116058  
2026-07-08 21:56:28 WARN  (DecompileCallback) Decompiling 04116060, pcode error at 04116060: Unable to disassemble EXTERNAL block location: 04116060  
2026-07-08 21:56:28 WARN  (DecompileCallback) Decompiling 04116068, pcode error at 04116068: Unable to disassemble EXTERNAL block location: 04116068  
2026-07-08 21:56:28 WARN  (DecompileCallback) Decompiling 04116070, pcode error at 04116070: Unable to disassemble EXTERNAL block location: 04116070  
2026-07-08 21:56:28 WARN  (DecompileCallback) Decompiling 04116078, pcode error at 04116078: Unable to disassemble EXTERNAL block location: 04116078  
2026-07-08 21:56:28 WARN  (DecompileCallback) Decompiling 04116080, pcode error at 04116080: Unable to disassemble EXTERNAL block location: 04116080  
2026-07-08 21:56:28 WARN  (DecompileCallback) Decompiling 04116088, pcode error at 04116088: Unable to disassemble EXTERNAL block location: 04116088  
2026-07-08 21:56:28 WARN  (DecompileCallback) Decompiling 04116090, pcode error at 04116090: Unable to disassemble EXTERNAL block location: 04116090  
2026-07-08 21:56:28 WARN  (DecompileCallback) Decompiling 04116098, pcode error at 04116098: Unable to disassemble EXTERNAL block location: 04116098  
2026-07-08 21:56:28 WARN  (DecompileCallback) Decompiling 041160a0, pcode error at 041160a0: Unable to disassemble EXTERNAL block location: 041160a0  
2026-07-08 21:56:28 WARN  (DecompileCallback) Decompiling 041160a8, pcode error at 041160a8: Unable to disassemble EXTERNAL block location: 041160a8  
2026-07-08 21:56:28 WARN  (DecompileCallback) Decompiling 041160b0, pcode error at 041160b0: Unable to disassemble EXTERNAL block location: 041160b0  
2026-07-08 21:56:28 WARN  (DecompileCallback) Decompiling 041160b8, pcode error at 041160b8: Unable to disassemble EXTERNAL block location: 041160b8  
2026-07-08 21:56:28 WARN  (DecompileCallback) Decompiling 041160c0, pcode error at 041160c0: Unable to disassemble EXTERNAL block location: 041160c0  
2026-07-08 21:56:28 WARN  (DecompileCallback) Decompiling 041160c8, pcode error at 041160c8: Unable to disassemble EXTERNAL block location: 041160c8  
2026-07-08 21:56:28 WARN  (DecompileCallback) Decompiling 041160d0, pcode error at 041160d0: Unable to disassemble EXTERNAL block location: 041160d0  
2026-07-08 21:56:28 WARN  (DecompileCallback) Decompiling 041160d8, pcode error at 041160d8: Unable to disassemble EXTERNAL block location: 041160d8  
2026-07-08 21:56:28 WARN  (DecompileCallback) Decompiling 041160e0, pcode error at 041160e0: Unable to disassemble EXTERNAL block location: 041160e0  
2026-07-08 21:56:28 WARN  (DecompileCallback) Decompiling 041160e8, pcode error at 041160e8: Unable to disassemble EXTERNAL block location: 041160e8  
2026-07-08 21:56:28 WARN  (DecompileCallback) Decompiling 041160f0, pcode error at 041160f0: Unable to disassemble EXTERNAL block location: 041160f0  
2026-07-08 21:56:28 WARN  (DecompileCallback) Decompiling 041160f8, pcode error at 041160f8: Unable to disassemble EXTERNAL block location: 041160f8  
2026-07-08 21:56:28 WARN  (DecompileCallback) Decompiling 04116100, pcode error at 04116100: Unable to disassemble EXTERNAL block location: 04116100  
2026-07-08 21:56:28 WARN  (DecompileCallback) Decompiling 04116108, pcode error at 04116108: Unable to disassemble EXTERNAL block location: 04116108  
2026-07-08 21:56:28 WARN  (DecompileCallback) Decompiling 04116110, pcode error at 04116110: Unable to disassemble EXTERNAL block location: 04116110  
2026-07-08 21:56:28 WARN  (DecompileCallback) Decompiling 04116118, pcode error at 04116118: Unable to disassemble EXTERNAL block location: 04116118  
2026-07-08 21:56:28 WARN  (DecompileCallback) Decompiling 04116120, pcode error at 04116120: Unable to disassemble EXTERNAL block location: 04116120  
2026-07-08 21:56:28 WARN  (DecompileCallback) Decompiling 04116128, pcode error at 04116128: Unable to disassemble EXTERNAL block location: 04116128  
2026-07-08 21:56:28 WARN  (DecompileCallback) Decompiling 04116130, pcode error at 04116130: Unable to disassemble EXTERNAL block location: 04116130  
2026-07-08 21:56:28 WARN  (DecompileCallback) Decompiling 04116138, pcode error at 04116138: Unable to disassemble EXTERNAL block location: 04116138  
2026-07-08 21:56:28 WARN  (DecompileCallback) Decompiling 04116140, pcode error at 04116140: Unable to disassemble EXTERNAL block location: 04116140  
2026-07-08 21:56:28 WARN  (DecompileCallback) Decompiling 04116150, pcode error at 04116150: Unable to disassemble EXTERNAL block location: 04116150  
2026-07-08 21:56:28 WARN  (DecompileCallback) Decompiling 04116158, pcode error at 04116158: Unable to disassemble EXTERNAL block location: 04116158  
2026-07-08 21:56:28 WARN  (DecompileCallback) Decompiling 04116160, pcode error at 04116160: Unable to disassemble EXTERNAL block location: 04116160  
2026-07-08 21:56:28 WARN  (DecompileCallback) Decompiling 04116168, pcode error at 04116168: Unable to disassemble EXTERNAL block location: 04116168  
2026-07-08 21:56:28 WARN  (DecompileCallback) Decompiling 04116170, pcode error at 04116170: Unable to disassemble EXTERNAL block location: 04116170  
2026-07-08 21:56:28 WARN  (DecompileCallback) Decompiling 04116178, pcode error at 04116178: Unable to disassemble EXTERNAL block location: 04116178  
2026-07-08 21:56:28 WARN  (DecompileCallback) Decompiling 04116180, pcode error at 04116180: Unable to disassemble EXTERNAL block location: 04116180  
2026-07-08 21:56:28 WARN  (DecompileCallback) Decompiling 04116188, pcode error at 04116188: Unable to disassemble EXTERNAL block location: 04116188  
2026-07-08 21:56:28 WARN  (DecompileCallback) Decompiling 04116190, pcode error at 04116190: Unable to disassemble EXTERNAL block location: 04116190  
2026-07-08 21:56:28 WARN  (DecompileCallback) Decompiling 04116198, pcode error at 04116198: Unable to disassemble EXTERNAL block location: 04116198  
2026-07-08 21:56:28 WARN  (DecompileCallback) Decompiling 041161a0, pcode error at 041161a0: Unable to disassemble EXTERNAL block location: 041161a0  
2026-07-08 21:56:28 WARN  (DecompileCallback) Decompiling 041161a8, pcode error at 041161a8: Unable to disassemble EXTERNAL block location: 041161a8  
2026-07-08 21:56:28 WARN  (DecompileCallback) Decompiling 041161b0, pcode error at 041161b0: Unable to disassemble EXTERNAL block location: 041161b0  
2026-07-08 21:56:28 WARN  (DecompileCallback) Decompiling 041161b8, pcode error at 041161b8: Unable to disassemble EXTERNAL block location: 041161b8  
2026-07-08 21:56:28 WARN  (DecompileCallback) Decompiling 041161c0, pcode error at 041161c0: Unable to disassemble EXTERNAL block location: 041161c0  
2026-07-08 21:56:28 WARN  (DecompileCallback) Decompiling 041161c8, pcode error at 041161c8: Unable to disassemble EXTERNAL block location: 041161c8  
2026-07-08 21:56:28 WARN  (DecompileCallback) Decompiling 041161d0, pcode error at 041161d0: Unable to disassemble EXTERNAL block location: 041161d0  
2026-07-08 21:56:28 WARN  (DecompileCallback) Decompiling 041161d8, pcode error at 041161d8: Unable to disassemble EXTERNAL block location: 041161d8  
2026-07-08 21:56:28 WARN  (DecompileCallback) Decompiling 041161e0, pcode error at 041161e0: Unable to disassemble EXTERNAL block location: 041161e0  
2026-07-08 21:56:28 WARN  (DecompileCallback) Decompiling 041161e8, pcode error at 041161e8: Unable to disassemble EXTERNAL block location: 041161e8  
2026-07-08 21:56:28 WARN  (DecompileCallback) Decompiling 041161f0, pcode error at 041161f0: Unable to disassemble EXTERNAL block location: 041161f0  
2026-07-08 21:56:28 WARN  (DecompileCallback) Decompiling 041161f8, pcode error at 041161f8: Unable to disassemble EXTERNAL block location: 041161f8  
2026-07-08 21:56:28 WARN  (DecompileCallback) Decompiling 04116200, pcode error at 04116200: Unable to disassemble EXTERNAL block location: 04116200  
2026-07-08 21:56:28 WARN  (DecompileCallback) Decompiling 04116208, pcode error at 04116208: Unable to disassemble EXTERNAL block location: 04116208  
2026-07-08 21:56:28 WARN  (DecompileCallback) Decompiling 04116210, pcode error at 04116210: Unable to disassemble EXTERNAL block location: 04116210  
2026-07-08 21:56:28 WARN  (DecompileCallback) Decompiling 04116218, pcode error at 04116218: Unable to disassemble EXTERNAL block location: 04116218  
2026-07-08 21:56:28 WARN  (DecompileCallback) Decompiling 04116220, pcode error at 04116220: Unable to disassemble EXTERNAL block location: 04116220  
2026-07-08 21:56:28 WARN  (DecompileCallback) Decompiling 04116228, pcode error at 04116228: Unable to disassemble EXTERNAL block location: 04116228  
2026-07-08 21:56:28 WARN  (DecompileCallback) Decompiling 04116230, pcode error at 04116230: Unable to disassemble EXTERNAL block location: 04116230  
2026-07-08 21:56:28 WARN  (DecompileCallback) Decompiling 04116238, pcode error at 04116238: Unable to disassemble EXTERNAL block location: 04116238  
2026-07-08 21:56:28 WARN  (DecompileCallback) Decompiling 04116240, pcode error at 04116240: Unable to disassemble EXTERNAL block location: 04116240  
2026-07-08 21:56:28 WARN  (DecompileCallback) Decompiling 04116248, pcode error at 04116248: Unable to disassemble EXTERNAL block location: 04116248  
2026-07-08 21:56:28 WARN  (DecompileCallback) Decompiling 04116250, pcode error at 04116250: Unable to disassemble EXTERNAL block location: 04116250  
2026-07-08 21:56:28 WARN  (DecompileCallback) Decompiling 04116258, pcode error at 04116258: Unable to disassemble EXTERNAL block location: 04116258  
2026-07-08 21:56:28 WARN  (DecompileCallback) Decompiling 04116260, pcode error at 04116260: Unable to disassemble EXTERNAL block location: 04116260  
2026-07-08 21:56:28 WARN  (DecompileCallback) Decompiling 04116268, pcode error at 04116268: Unable to disassemble EXTERNAL block location: 04116268  
2026-07-08 21:56:28 WARN  (DecompileCallback) Decompiling 04116270, pcode error at 04116270: Unable to disassemble EXTERNAL block location: 04116270  
2026-07-08 21:56:28 WARN  (DecompileCallback) Decompiling 04116278, pcode error at 04116278: Unable to disassemble EXTERNAL block location: 04116278  
2026-07-08 21:56:28 WARN  (DecompileCallback) Decompiling 04116280, pcode error at 04116280: Unable to disassemble EXTERNAL block location: 04116280  
2026-07-08 21:56:28 WARN  (DecompileCallback) Decompiling 04116288, pcode error at 04116288: Unable to disassemble EXTERNAL block location: 04116288  
2026-07-08 21:56:28 WARN  (DecompileCallback) Decompiling 04116290, pcode error at 04116290: Unable to disassemble EXTERNAL block location: 04116290  
2026-07-08 21:56:28 WARN  (DecompileCallback) Decompiling 04116298, pcode error at 04116298: Unable to disassemble EXTERNAL block location: 04116298  
2026-07-08 21:56:28 WARN  (DecompileCallback) Decompiling 041162a0, pcode error at 041162a0: Unable to disassemble EXTERNAL block location: 041162a0  
2026-07-08 21:56:28 WARN  (DecompileCallback) Decompiling 041162a8, pcode error at 041162a8: Unable to disassemble EXTERNAL block location: 041162a8  
2026-07-08 21:56:28 WARN  (DecompileCallback) Decompiling 041162b0, pcode error at 041162b0: Unable to disassemble EXTERNAL block location: 041162b0  
2026-07-08 21:56:28 WARN  (DecompileCallback) Decompiling 041162b8, pcode error at 041162b8: Unable to disassemble EXTERNAL block location: 041162b8  
2026-07-08 21:56:28 WARN  (DecompileCallback) Decompiling 041162c0, pcode error at 041162c0: Unable to disassemble EXTERNAL block location: 041162c0  
2026-07-08 21:56:28 WARN  (DecompileCallback) Decompiling 041162c8, pcode error at 041162c8: Unable to disassemble EXTERNAL block location: 041162c8  
2026-07-08 21:56:28 WARN  (DecompileCallback) Decompiling 041162d0, pcode error at 041162d0: Unable to disassemble EXTERNAL block location: 041162d0  
2026-07-08 21:56:28 WARN  (DecompileCallback) Decompiling 041162d8, pcode error at 041162d8: Unable to disassemble EXTERNAL block location: 041162d8  
2026-07-08 21:56:28 WARN  (DecompileCallback) Decompiling 041162e0, pcode error at 041162e0: Unable to disassemble EXTERNAL block location: 041162e0  
2026-07-08 21:56:28 WARN  (DecompileCallback) Decompiling 041162e8, pcode error at 041162e8: Unable to disassemble EXTERNAL block location: 041162e8  
2026-07-08 21:56:28 WARN  (DecompileCallback) Decompiling 041162f0, pcode error at 041162f0: Unable to disassemble EXTERNAL block location: 041162f0  
2026-07-08 21:56:28 WARN  (DecompileCallback) Decompiling 041162f8, pcode error at 041162f8: Unable to disassemble EXTERNAL block location: 041162f8  
2026-07-08 21:56:28 WARN  (DecompileCallback) Decompiling 04116300, pcode error at 04116300: Unable to disassemble EXTERNAL block location: 04116300  
2026-07-08 21:56:28 WARN  (DecompileCallback) Decompiling 04116308, pcode error at 04116308: Unable to disassemble EXTERNAL block location: 04116308  
2026-07-08 21:56:28 WARN  (DecompileCallback) Decompiling 04116310, pcode error at 04116310: Unable to disassemble EXTERNAL block location: 04116310  
2026-07-08 21:56:28 WARN  (DecompileCallback) Decompiling 04116318, pcode error at 04116318: Unable to disassemble EXTERNAL block location: 04116318  
2026-07-08 21:56:28 WARN  (DecompileCallback) Decompiling 04116320, pcode error at 04116320: Unable to disassemble EXTERNAL block location: 04116320  
2026-07-08 21:56:28 WARN  (DecompileCallback) Decompiling 04116328, pcode error at 04116328: Unable to disassemble EXTERNAL block location: 04116328  
2026-07-08 21:56:28 WARN  (DecompileCallback) Decompiling 04116330, pcode error at 04116330: Unable to disassemble EXTERNAL block location: 04116330  
2026-07-08 21:56:28 WARN  (DecompileCallback) Decompiling 04116338, pcode error at 04116338: Unable to disassemble EXTERNAL block location: 04116338  
2026-07-08 21:56:28 WARN  (DecompileCallback) Decompiling 04116340, pcode error at 04116340: Unable to disassemble EXTERNAL block location: 04116340  
2026-07-08 21:56:28 WARN  (DecompileCallback) Decompiling 04116348, pcode error at 04116348: Unable to disassemble EXTERNAL block location: 04116348  
2026-07-08 21:56:28 WARN  (DecompileCallback) Decompiling 04116350, pcode error at 04116350: Unable to disassemble EXTERNAL block location: 04116350  
2026-07-08 21:56:28 WARN  (DecompileCallback) Decompiling 04116358, pcode error at 04116358: Unable to disassemble EXTERNAL block location: 04116358  
2026-07-08 21:56:28 WARN  (DecompileCallback) Decompiling 04116360, pcode error at 04116360: Unable to disassemble EXTERNAL block location: 04116360  
2026-07-08 21:56:28 WARN  (DecompileCallback) Decompiling 04116368, pcode error at 04116368: Unable to disassemble EXTERNAL block location: 04116368  
2026-07-08 21:56:28 WARN  (DecompileCallback) Decompiling 04116370, pcode error at 04116370: Unable to disassemble EXTERNAL block location: 04116370  
2026-07-08 21:56:28 WARN  (DecompileCallback) Decompiling 04116378, pcode error at 04116378: Unable to disassemble EXTERNAL block location: 04116378  
2026-07-08 21:56:28 WARN  (DecompileCallback) Decompiling 04116380, pcode error at 04116380: Unable to disassemble EXTERNAL block location: 04116380  
2026-07-08 21:56:28 WARN  (DecompileCallback) Decompiling 04116388, pcode error at 04116388: Unable to disassemble EXTERNAL block location: 04116388  
2026-07-08 21:56:28 WARN  (DecompileCallback) Decompiling 04116390, pcode error at 04116390: Unable to disassemble EXTERNAL block location: 04116390  
2026-07-08 21:56:28 WARN  (DecompileCallback) Decompiling 04116398, pcode error at 04116398: Unable to disassemble EXTERNAL block location: 04116398  
2026-07-08 21:56:28 WARN  (DecompileCallback) Decompiling 041163a0, pcode error at 041163a0: Unable to disassemble EXTERNAL block location: 041163a0  
2026-07-08 21:56:28 WARN  (DecompileCallback) Decompiling 041163a8, pcode error at 041163a8: Unable to disassemble EXTERNAL block location: 041163a8  
2026-07-08 21:56:28 WARN  (DecompileCallback) Decompiling 041163b0, pcode error at 041163b0: Unable to disassemble EXTERNAL block location: 041163b0  
2026-07-08 21:56:28 WARN  (DecompileCallback) Decompiling 041163b8, pcode error at 041163b8: Unable to disassemble EXTERNAL block location: 041163b8  
2026-07-08 21:56:28 WARN  (DecompileCallback) Decompiling 041163c0, pcode error at 041163c0: Unable to disassemble EXTERNAL block location: 041163c0  
2026-07-08 21:56:28 WARN  (DecompileCallback) Decompiling 041163c8, pcode error at 041163c8: Unable to disassemble EXTERNAL block location: 041163c8  
2026-07-08 21:56:28 WARN  (DecompileCallback) Decompiling 041163d0, pcode error at 041163d0: Unable to disassemble EXTERNAL block location: 041163d0  
2026-07-08 21:56:28 WARN  (DecompileCallback) Decompiling 041163d8, pcode error at 041163d8: Unable to disassemble EXTERNAL block location: 041163d8  
2026-07-08 21:56:28 WARN  (DecompileCallback) Decompiling 041163e0, pcode error at 041163e0: Unable to disassemble EXTERNAL block location: 041163e0  
2026-07-08 21:56:28 WARN  (DecompileCallback) Decompiling 041163e8, pcode error at 041163e8: Unable to disassemble EXTERNAL block location: 041163e8  
2026-07-08 21:56:28 WARN  (DecompileCallback) Decompiling 041163f0, pcode error at 041163f0: Unable to disassemble EXTERNAL block location: 041163f0  
2026-07-08 21:56:28 WARN  (DecompileCallback) Decompiling 041163f8, pcode error at 041163f8: Unable to disassemble EXTERNAL block location: 041163f8  
2026-07-08 21:56:28 WARN  (DecompileCallback) Decompiling 04116400, pcode error at 04116400: Unable to disassemble EXTERNAL block location: 04116400  
2026-07-08 21:56:28 WARN  (DecompileCallback) Decompiling 04116408, pcode error at 04116408: Unable to disassemble EXTERNAL block location: 04116408  
2026-07-08 21:56:28 WARN  (DecompileCallback) Decompiling 04116410, pcode error at 04116410: Unable to disassemble EXTERNAL block location: 04116410  
2026-07-08 21:56:28 WARN  (DecompileCallback) Decompiling 04116418, pcode error at 04116418: Unable to disassemble EXTERNAL block location: 04116418  
2026-07-08 21:56:28 WARN  (DecompileCallback) Decompiling 04116420, pcode error at 04116420: Unable to disassemble EXTERNAL block location: 04116420  
2026-07-08 21:56:28 WARN  (DecompileCallback) Decompiling 04116428, pcode error at 04116428: Unable to disassemble EXTERNAL block location: 04116428  
2026-07-08 21:56:28 WARN  (DecompileCallback) Decompiling 04116430, pcode error at 04116430: Unable to disassemble EXTERNAL block location: 04116430  
2026-07-08 21:56:28 WARN  (DecompileCallback) Decompiling 04116438, pcode error at 04116438: Unable to disassemble EXTERNAL block location: 04116438  
2026-07-08 21:56:28 WARN  (DecompileCallback) Decompiling 04116440, pcode error at 04116440: Unable to disassemble EXTERNAL block location: 04116440  
2026-07-08 21:56:28 WARN  (DecompileCallback) Decompiling 04116448, pcode error at 04116448: Unable to disassemble EXTERNAL block location: 04116448  
2026-07-08 21:56:28 WARN  (DecompileCallback) Decompiling 04116450, pcode error at 04116450: Unable to disassemble EXTERNAL block location: 04116450  
2026-07-08 21:56:28 WARN  (DecompileCallback) Decompiling 04116458, pcode error at 04116458: Unable to disassemble EXTERNAL block location: 04116458  
2026-07-08 21:56:28 WARN  (DecompileCallback) Decompiling 04116460, pcode error at 04116460: Unable to disassemble EXTERNAL block location: 04116460  
2026-07-08 21:56:28 WARN  (DecompileCallback) Decompiling 04116468, pcode error at 04116468: Unable to disassemble EXTERNAL block location: 04116468  
2026-07-08 21:56:28 WARN  (DecompileCallback) Decompiling 04116470, pcode error at 04116470: Unable to disassemble EXTERNAL block location: 04116470  
2026-07-08 21:56:28 WARN  (DecompileCallback) Decompiling 04116478, pcode error at 04116478: Unable to disassemble EXTERNAL block location: 04116478  
2026-07-08 21:56:28 WARN  (DecompileCallback) Decompiling 04116480, pcode error at 04116480: Unable to disassemble EXTERNAL block location: 04116480  
2026-07-08 21:56:28 WARN  (DecompileCallback) Decompiling 04116488, pcode error at 04116488: Unable to disassemble EXTERNAL block location: 04116488  
2026-07-08 21:56:28 WARN  (DecompileCallback) Decompiling 04116490, pcode error at 04116490: Unable to disassemble EXTERNAL block location: 04116490  
2026-07-08 21:56:28 WARN  (DecompileCallback) Decompiling 04116498, pcode error at 04116498: Unable to disassemble EXTERNAL block location: 04116498  
2026-07-08 21:56:28 WARN  (DecompileCallback) Decompiling 041164a0, pcode error at 041164a0: Unable to disassemble EXTERNAL block location: 041164a0  
2026-07-08 21:56:28 WARN  (DecompileCallback) Decompiling 041164a8, pcode error at 041164a8: Unable to disassemble EXTERNAL block location: 041164a8  
2026-07-08 21:56:28 WARN  (DecompileCallback) Decompiling 041164b0, pcode error at 041164b0: Unable to disassemble EXTERNAL block location: 041164b0  
2026-07-08 21:56:28 WARN  (DecompileCallback) Decompiling 041164b8, pcode error at 041164b8: Unable to disassemble EXTERNAL block location: 041164b8  
2026-07-08 21:56:28 WARN  (DecompileCallback) Decompiling 041164c0, pcode error at 041164c0: Unable to disassemble EXTERNAL block location: 041164c0  
2026-07-08 21:56:28 WARN  (DecompileCallback) Decompiling 041164c8, pcode error at 041164c8: Unable to disassemble EXTERNAL block location: 041164c8  
2026-07-08 21:56:28 WARN  (DecompileCallback) Decompiling 041164d0, pcode error at 041164d0: Unable to disassemble EXTERNAL block location: 041164d0  
2026-07-08 21:56:28 WARN  (DecompileCallback) Decompiling 041164d8, pcode error at 041164d8: Unable to disassemble EXTERNAL block location: 041164d8  
2026-07-08 21:56:28 WARN  (DecompileCallback) Decompiling 041164e0, pcode error at 041164e0: Unable to disassemble EXTERNAL block location: 041164e0  
2026-07-08 21:56:28 WARN  (DecompileCallback) Decompiling 041164e8, pcode error at 041164e8: Unable to disassemble EXTERNAL block location: 041164e8  
2026-07-08 21:56:28 WARN  (DecompileCallback) Decompiling 041164f0, pcode error at 041164f0: Unable to disassemble EXTERNAL block location: 041164f0  
2026-07-08 21:56:28 WARN  (DecompileCallback) Decompiling 041164f8, pcode error at 041164f8: Unable to disassemble EXTERNAL block location: 041164f8  
2026-07-08 21:56:28 WARN  (DecompileCallback) Decompiling 04116500, pcode error at 04116500: Unable to disassemble EXTERNAL block location: 04116500  
2026-07-08 21:56:28 WARN  (DecompileCallback) Decompiling 04116508, pcode error at 04116508: Unable to disassemble EXTERNAL block location: 04116508  
2026-07-08 21:56:28 WARN  (DecompileCallback) Decompiling 04116510, pcode error at 04116510: Unable to disassemble EXTERNAL block location: 04116510  
2026-07-08 21:56:28 WARN  (DecompileCallback) Decompiling 04116518, pcode error at 04116518: Unable to disassemble EXTERNAL block location: 04116518  
2026-07-08 21:56:28 WARN  (DecompileCallback) Decompiling 04116520, pcode error at 04116520: Unable to disassemble EXTERNAL block location: 04116520  
2026-07-08 21:56:28 WARN  (DecompileCallback) Decompiling 04116528, pcode error at 04116528: Unable to disassemble EXTERNAL block location: 04116528  
2026-07-08 21:56:28 WARN  (DecompileCallback) Decompiling 04116530, pcode error at 04116530: Unable to disassemble EXTERNAL block location: 04116530  
2026-07-08 21:56:28 WARN  (DecompileCallback) Decompiling 04116538, pcode error at 04116538: Unable to disassemble EXTERNAL block location: 04116538  
2026-07-08 21:56:28 WARN  (DecompileCallback) Decompiling 04116540, pcode error at 04116540: Unable to disassemble EXTERNAL block location: 04116540  
2026-07-08 21:56:28 WARN  (DecompileCallback) Decompiling 04116548, pcode error at 04116548: Unable to disassemble EXTERNAL block location: 04116548  
2026-07-08 21:56:28 WARN  (DecompileCallback) Decompiling 04116550, pcode error at 04116550: Unable to disassemble EXTERNAL block location: 04116550  
2026-07-08 21:56:28 WARN  (DecompileCallback) Decompiling 04116558, pcode error at 04116558: Unable to disassemble EXTERNAL block location: 04116558  
2026-07-08 21:56:28 WARN  (DecompileCallback) Decompiling 04116560, pcode error at 04116560: Unable to disassemble EXTERNAL block location: 04116560  
2026-07-08 21:56:28 WARN  (DecompileCallback) Decompiling 04116568, pcode error at 04116568: Unable to disassemble EXTERNAL block location: 04116568  
2026-07-08 21:56:28 WARN  (DecompileCallback) Decompiling 04116570, pcode error at 04116570: Unable to disassemble EXTERNAL block location: 04116570  
2026-07-08 21:56:28 WARN  (DecompileCallback) Decompiling 04116578, pcode error at 04116578: Unable to disassemble EXTERNAL block location: 04116578  
2026-07-08 21:56:28 WARN  (DecompileCallback) Decompiling 04116580, pcode error at 04116580: Unable to disassemble EXTERNAL block location: 04116580  
2026-07-08 21:56:28 WARN  (DecompileCallback) Decompiling 04116588, pcode error at 04116588: Unable to disassemble EXTERNAL block location: 04116588  
2026-07-08 21:56:28 WARN  (DecompileCallback) Decompiling 04116590, pcode error at 04116590: Unable to disassemble EXTERNAL block location: 04116590  
2026-07-08 21:56:28 WARN  (DecompileCallback) Decompiling 04116598, pcode error at 04116598: Unable to disassemble EXTERNAL block location: 04116598  
2026-07-08 21:56:28 WARN  (DecompileCallback) Decompiling 041165a0, pcode error at 041165a0: Unable to disassemble EXTERNAL block location: 041165a0  
2026-07-08 21:56:28 WARN  (DecompileCallback) Decompiling 041165a8, pcode error at 041165a8: Unable to disassemble EXTERNAL block location: 041165a8  
2026-07-08 21:56:28 WARN  (DecompileCallback) Decompiling 041165b0, pcode error at 041165b0: Unable to disassemble EXTERNAL block location: 041165b0  
2026-07-08 21:56:28 WARN  (DecompileCallback) Decompiling 041165b8, pcode error at 041165b8: Unable to disassemble EXTERNAL block location: 041165b8  
2026-07-08 21:56:28 WARN  (DecompileCallback) Decompiling 041165c0, pcode error at 041165c0: Unable to disassemble EXTERNAL block location: 041165c0  
2026-07-08 21:56:28 WARN  (DecompileCallback) Decompiling 041165c8, pcode error at 041165c8: Unable to disassemble EXTERNAL block location: 041165c8  
2026-07-08 21:56:28 WARN  (DecompileCallback) Decompiling 041165d0, pcode error at 041165d0: Unable to disassemble EXTERNAL block location: 041165d0  
2026-07-08 21:56:28 WARN  (DecompileCallback) Decompiling 041165d8, pcode error at 041165d8: Unable to disassemble EXTERNAL block location: 041165d8  
2026-07-08 21:56:28 WARN  (DecompileCallback) Decompiling 041165e0, pcode error at 041165e0: Unable to disassemble EXTERNAL block location: 041165e0  
2026-07-08 21:56:28 WARN  (DecompileCallback) Decompiling 041165e8, pcode error at 041165e8: Unable to disassemble EXTERNAL block location: 041165e8  
2026-07-08 21:56:28 WARN  (DecompileCallback) Decompiling 041165f0, pcode error at 041165f0: Unable to disassemble EXTERNAL block location: 041165f0  
2026-07-08 21:56:28 WARN  (DecompileCallback) Decompiling 041165f8, pcode error at 041165f8: Unable to disassemble EXTERNAL block location: 041165f8  
2026-07-08 21:56:28 WARN  (DecompileCallback) Decompiling 04116600, pcode error at 04116600: Unable to disassemble EXTERNAL block location: 04116600  
2026-07-08 21:56:28 WARN  (DecompileCallback) Decompiling 04116608, pcode error at 04116608: Unable to disassemble EXTERNAL block location: 04116608  
2026-07-08 21:56:28 WARN  (DecompileCallback) Decompiling 04116610, pcode error at 04116610: Unable to disassemble EXTERNAL block location: 04116610  
2026-07-08 21:56:28 WARN  (DecompileCallback) Decompiling 04116618, pcode error at 04116618: Unable to disassemble EXTERNAL block location: 04116618  
2026-07-08 21:56:28 WARN  (DecompileCallback) Decompiling 04116620, pcode error at 04116620: Unable to disassemble EXTERNAL block location: 04116620  
2026-07-08 21:56:28 WARN  (DecompileCallback) Decompiling 04116628, pcode error at 04116628: Unable to disassemble EXTERNAL block location: 04116628  
2026-07-08 21:56:28 WARN  (DecompileCallback) Decompiling 04116630, pcode error at 04116630: Unable to disassemble EXTERNAL block location: 04116630  
2026-07-08 21:56:28 WARN  (DecompileCallback) Decompiling 04116638, pcode error at 04116638: Unable to disassemble EXTERNAL block location: 04116638  
2026-07-08 21:56:28 WARN  (DecompileCallback) Decompiling 04116640, pcode error at 04116640: Unable to disassemble EXTERNAL block location: 04116640  
2026-07-08 21:56:28 WARN  (DecompileCallback) Decompiling 04116648, pcode error at 04116648: Unable to disassemble EXTERNAL block location: 04116648  
2026-07-08 21:56:28 WARN  (DecompileCallback) Decompiling 04116650, pcode error at 04116650: Unable to disassemble EXTERNAL block location: 04116650  
2026-07-08 21:56:28 WARN  (DecompileCallback) Decompiling 04116658, pcode error at 04116658: Unable to disassemble EXTERNAL block location: 04116658  
2026-07-08 21:56:28 WARN  (DecompileCallback) Decompiling 04116660, pcode error at 04116660: Unable to disassemble EXTERNAL block location: 04116660  
2026-07-08 21:56:28 WARN  (DecompileCallback) Decompiling 04116668, pcode error at 04116668: Unable to disassemble EXTERNAL block location: 04116668  
2026-07-08 21:56:28 WARN  (DecompileCallback) Decompiling 04116670, pcode error at 04116670: Unable to disassemble EXTERNAL block location: 04116670  
2026-07-08 21:56:28 WARN  (DecompileCallback) Decompiling 04116678, pcode error at 04116678: Unable to disassemble EXTERNAL block location: 04116678  
2026-07-08 21:56:28 WARN  (DecompileCallback) Decompiling 04116680, pcode error at 04116680: Unable to disassemble EXTERNAL block location: 04116680  
2026-07-08 21:56:28 WARN  (DecompileCallback) Decompiling 04116688, pcode error at 04116688: Unable to disassemble EXTERNAL block location: 04116688  
2026-07-08 21:56:28 WARN  (DecompileCallback) Decompiling 04116690, pcode error at 04116690: Unable to disassemble EXTERNAL block location: 04116690  
2026-07-08 21:56:28 WARN  (DecompileCallback) Decompiling 04116698, pcode error at 04116698: Unable to disassemble EXTERNAL block location: 04116698  
2026-07-08 21:56:28 WARN  (DecompileCallback) Decompiling 041166a0, pcode error at 041166a0: Unable to disassemble EXTERNAL block location: 041166a0  
2026-07-08 21:56:28 WARN  (DecompileCallback) Decompiling 041166a8, pcode error at 041166a8: Unable to disassemble EXTERNAL block location: 041166a8  
2026-07-08 21:56:28 WARN  (DecompileCallback) Decompiling 041166b0, pcode error at 041166b0: Unable to disassemble EXTERNAL block location: 041166b0  
2026-07-08 21:56:28 WARN  (DecompileCallback) Decompiling 041166b8, pcode error at 041166b8: Unable to disassemble EXTERNAL block location: 041166b8  
2026-07-08 21:56:28 WARN  (DecompileCallback) Decompiling 041166c0, pcode error at 041166c0: Unable to disassemble EXTERNAL block location: 041166c0  
2026-07-08 21:56:28 WARN  (DecompileCallback) Decompiling 041166c8, pcode error at 041166c8: Unable to disassemble EXTERNAL block location: 041166c8  
2026-07-08 21:56:28 WARN  (DecompileCallback) Decompiling 041166d0, pcode error at 041166d0: Unable to disassemble EXTERNAL block location: 041166d0  
2026-07-08 21:56:28 WARN  (DecompileCallback) Decompiling 041166d8, pcode error at 041166d8: Unable to disassemble EXTERNAL block location: 041166d8  
2026-07-08 21:56:28 WARN  (DecompileCallback) Decompiling 041166e0, pcode error at 041166e0: Unable to disassemble EXTERNAL block location: 041166e0  
2026-07-08 21:56:28 WARN  (DecompileCallback) Decompiling 041166e8, pcode error at 041166e8: Unable to disassemble EXTERNAL block location: 041166e8  
2026-07-08 21:56:28 WARN  (DecompileCallback) Decompiling 041166f0, pcode error at 041166f0: Unable to disassemble EXTERNAL block location: 041166f0  
2026-07-08 21:56:28 WARN  (DecompileCallback) Decompiling 041166f8, pcode error at 041166f8: Unable to disassemble EXTERNAL block location: 041166f8  
2026-07-08 21:56:28 WARN  (DecompileCallback) Decompiling 04116700, pcode error at 04116700: Unable to disassemble EXTERNAL block location: 04116700  
2026-07-08 21:56:28 WARN  (DecompileCallback) Decompiling 04116708, pcode error at 04116708: Unable to disassemble EXTERNAL block location: 04116708  
2026-07-08 21:56:28 WARN  (DecompileCallback) Decompiling 04116710, pcode error at 04116710: Unable to disassemble EXTERNAL block location: 04116710  
2026-07-08 21:56:28 WARN  (DecompileCallback) Decompiling 04116718, pcode error at 04116718: Unable to disassemble EXTERNAL block location: 04116718  
2026-07-08 21:56:28 WARN  (DecompileCallback) Decompiling 04116720, pcode error at 04116720: Unable to disassemble EXTERNAL block location: 04116720  
2026-07-08 21:56:28 WARN  (DecompileCallback) Decompiling 04116728, pcode error at 04116728: Unable to disassemble EXTERNAL block location: 04116728  
2026-07-08 21:56:28 WARN  (DecompileCallback) Decompiling 04116730, pcode error at 04116730: Unable to disassemble EXTERNAL block location: 04116730  
2026-07-08 21:56:28 WARN  (DecompileCallback) Decompiling 04116738, pcode error at 04116738: Unable to disassemble EXTERNAL block location: 04116738  
2026-07-08 21:56:28 WARN  (DecompileCallback) Decompiling 04116740, pcode error at 04116740: Unable to disassemble EXTERNAL block location: 04116740  
2026-07-08 21:56:28 WARN  (DecompileCallback) Decompiling 04116748, pcode error at 04116748: Unable to disassemble EXTERNAL block location: 04116748  
2026-07-08 21:56:28 WARN  (DecompileCallback) Decompiling 04116750, pcode error at 04116750: Unable to disassemble EXTERNAL block location: 04116750  
2026-07-08 21:56:28 WARN  (DecompileCallback) Decompiling 04116758, pcode error at 04116758: Unable to disassemble EXTERNAL block location: 04116758  
2026-07-08 21:56:28 WARN  (DecompileCallback) Decompiling 04116760, pcode error at 04116760: Unable to disassemble EXTERNAL block location: 04116760  
2026-07-08 21:56:28 WARN  (DecompileCallback) Decompiling 04116768, pcode error at 04116768: Unable to disassemble EXTERNAL block location: 04116768  
2026-07-08 21:56:28 WARN  (DecompileCallback) Decompiling 04116770, pcode error at 04116770: Unable to disassemble EXTERNAL block location: 04116770  
2026-07-08 21:56:28 WARN  (DecompileCallback) Decompiling 04116778, pcode error at 04116778: Unable to disassemble EXTERNAL block location: 04116778  
2026-07-08 21:56:28 WARN  (DecompileCallback) Decompiling 04116780, pcode error at 04116780: Unable to disassemble EXTERNAL block location: 04116780  
2026-07-08 21:56:28 WARN  (DecompileCallback) Decompiling 04116788, pcode error at 04116788: Unable to disassemble EXTERNAL block location: 04116788  
2026-07-08 21:56:28 WARN  (DecompileCallback) Decompiling 04116790, pcode error at 04116790: Unable to disassemble EXTERNAL block location: 04116790  
2026-07-08 21:56:28 WARN  (DecompileCallback) Decompiling 04116798, pcode error at 04116798: Unable to disassemble EXTERNAL block location: 04116798  
2026-07-08 21:56:28 WARN  (DecompileCallback) Decompiling 041167a0, pcode error at 041167a0: Unable to disassemble EXTERNAL block location: 041167a0  
2026-07-08 21:56:28 WARN  (DecompileCallback) Decompiling 041167a8, pcode error at 041167a8: Unable to disassemble EXTERNAL block location: 041167a8  
2026-07-08 21:56:28 WARN  (DecompileCallback) Decompiling 041167b0, pcode error at 041167b0: Unable to disassemble EXTERNAL block location: 041167b0  
2026-07-08 21:56:28 WARN  (DecompileCallback) Decompiling 041167b8, pcode error at 041167b8: Unable to disassemble EXTERNAL block location: 041167b8  
2026-07-08 21:56:28 WARN  (DecompileCallback) Decompiling 041167c0, pcode error at 041167c0: Unable to disassemble EXTERNAL block location: 041167c0  
2026-07-08 21:56:28 WARN  (DecompileCallback) Decompiling 041167c8, pcode error at 041167c8: Unable to disassemble EXTERNAL block location: 041167c8  
2026-07-08 21:56:28 WARN  (DecompileCallback) Decompiling 041167d0, pcode error at 041167d0: Unable to disassemble EXTERNAL block location: 041167d0  
2026-07-08 21:56:28 WARN  (DecompileCallback) Decompiling 041167e0, pcode error at 041167e0: Unable to disassemble EXTERNAL block location: 041167e0  
2026-07-08 21:56:28 WARN  (DecompileCallback) Decompiling 041167e8, pcode error at 041167e8: Unable to disassemble EXTERNAL block location: 041167e8  
2026-07-08 21:56:28 WARN  (DecompileCallback) Decompiling 041167f0, pcode error at 041167f0: Unable to disassemble EXTERNAL block location: 041167f0  
2026-07-08 21:56:28 WARN  (DecompileCallback) Decompiling 041167f8, pcode error at 041167f8: Unable to disassemble EXTERNAL block location: 041167f8  
2026-07-08 21:56:28 WARN  (DecompileCallback) Decompiling 04116800, pcode error at 04116800: Unable to disassemble EXTERNAL block location: 04116800  
2026-07-08 21:56:28 WARN  (DecompileCallback) Decompiling 04116808, pcode error at 04116808: Unable to disassemble EXTERNAL block location: 04116808  
2026-07-08 21:56:28 WARN  (DecompileCallback) Decompiling 04116810, pcode error at 04116810: Unable to disassemble EXTERNAL block location: 04116810  
2026-07-08 21:56:28 WARN  (DecompileCallback) Decompiling 04116818, pcode error at 04116818: Unable to disassemble EXTERNAL block location: 04116818  
2026-07-08 21:56:28 INFO  (GhidraScript) GeneralStructureEyePatternScan.java> General structure scan complete.  
2026-07-08 21:56:28 INFO  (GhidraScript) GeneralStructureEyePatternScan.java> Total functions scanned: 253489  
2026-07-08 21:56:28 INFO  (GhidraScript) GeneralStructureEyePatternScan.java> Exported functions: 25210  
2026-07-08 21:56:28 INFO  (GhidraScript) GeneralStructureEyePatternScan.java> Decompile failures: 2  
2026-07-08 21:56:28 INFO  (GhidraScript) GeneralStructureEyePatternScan.java> Report CSV: C:\realDesktop\manifest-evaluations\summer-26\ghidra-pipeline\il2cpp-files\FruitBladeVR\general-structure-results\structure_scan_report.csv  
2026-07-08 21:56:28 INFO  (GhidraScript) GeneralStructureEyePatternScan.java> Report JSON: C:\realDesktop\manifest-evaluations\summer-26\ghidra-pipeline\il2cpp-files\FruitBladeVR\general-structure-results\structure_scan_report.json  
2026-07-08 21:56:28 INFO  (HeadlessAnalyzer) REPORT: Save succeeded for processed file: /FruitBladeVR-libil2cpp.so  
2026-07-08 22:26:24 INFO  (LoggingInitialization) Using log config file: jar:file:/C:/Users/kimgiordano27/Downloads/ghidra_12.1.2_PUBLIC_20260605/ghidra_12.1.2_PUBLIC/Ghidra/Framework/Generic/lib/Generic.jar!/generic.log4j.xml  
2026-07-08 22:26:24 INFO  (LoggingInitialization) Using log file: C:\realDesktop\manifest-evaluations\summer-26\ghidra-pipeline\il2cpp-files\FruitBladeVR\general-structure-ghidra.log  
2026-07-08 22:26:24 DEBUG (GhidraObjectInputFilter) Including serial input filter: FileSystem/data/client.rmi.serial.filter  
2026-07-08 22:26:24 INFO  (Preferences) Loading user preferences: C:\Users\kimgiordano27\AppData\Roaming\ghidra\ghidra_12.1.2_PUBLIC\preferences  
2026-07-08 22:26:24 INFO  (ClassSearcher) Searching for classes...  
2026-07-08 22:26:25 INFO  (ClassSearcher) Class search complete (688 ms)  
2026-07-08 22:26:25 INFO  (DefaultSSLContextInitializer) Initializing SSL Context  
2026-07-08 22:26:25 INFO  (SecureRandomFactory) Initializing Random Number Generator...  
2026-07-08 22:26:25 INFO  (SecureRandomFactory) Random Number Generator initialization complete: SHA1PRNG  
2026-07-08 22:26:25 INFO  (DefaultTrustManagerFactory) Trust manager disabled, cacerts have not been set  
2026-07-08 22:26:25 INFO  (AnalyzeHeadless) Headless startup complete (7132 ms)  
2026-07-08 22:26:25 INFO  (ClassSearcher) Class searcher loaded 59 extension points (20 false positives)  
2026-07-08 22:26:25 INFO  (HeadlessAnalyzer) HEADLESS Script Paths:
    C:\Users\kimgiordano27\Downloads\ghidra_12.1.2_PUBLIC_20260605\ghidra_12.1.2_PUBLIC\Ghidra\Features\DecompilerDependent\ghidra_scripts
    C:\Users\kimgiordano27\Downloads\ghidra_12.1.2_PUBLIC_20260605\ghidra_12.1.2_PUBLIC\Ghidra\Processors\Atmel\ghidra_scripts
    C:\Users\kimgiordano27\Downloads\ghidra_12.1.2_PUBLIC_20260605\ghidra_12.1.2_PUBLIC\Ghidra\Processors\PIC\ghidra_scripts
    C:\Users\kimgiordano27\Downloads\ghidra_12.1.2_PUBLIC_20260605\ghidra_12.1.2_PUBLIC\Ghidra\Features\VersionTracking\ghidra_scripts
    C:\Users\kimgiordano27\Downloads\ghidra_12.1.2_PUBLIC_20260605\ghidra_12.1.2_PUBLIC\Ghidra\Features\BytePatterns\ghidra_scripts
    C:\Users\kimgiordano27\ghidra_scripts
    C:\Users\kimgiordano27\Downloads\ghidra_12.1.2_PUBLIC_20260605\ghidra_12.1.2_PUBLIC\Ghidra\Features\BSim\ghidra_scripts
    C:\realDesktop\manifest-evaluations\summer-26\ghidra-pipeline\ghidra-export-scripts
    C:\Users\kimgiordano27\Downloads\ghidra_12.1.2_PUBLIC_20260605\ghidra_12.1.2_PUBLIC\Ghidra\Processors\JVM\ghidra_scripts
    C:\Users\kimgiordano27\Downloads\ghidra_12.1.2_PUBLIC_20260605\ghidra_12.1.2_PUBLIC\Ghidra\Features\Base\ghidra_scripts
    C:\Users\kimgiordano27\Downloads\ghidra_12.1.2_PUBLIC_20260605\ghidra_12.1.2_PUBLIC\Ghidra\Features\SwiftDemangler\ghidra_scripts
    C:\Users\kimgiordano27\Downloads\ghidra_12.1.2_PUBLIC_20260605\ghidra_12.1.2_PUBLIC\Ghidra\Features\WildcardAssembler\ghidra_scripts
    C:\Users\kimgiordano27\Downloads\ghidra_12.1.2_PUBLIC_20260605\ghidra_12.1.2_PUBLIC\Ghidra\Features\FileFormats\ghidra_scripts
    C:\Users\kimgiordano27\Downloads\ghidra_12.1.2_PUBLIC_20260605\ghidra_12.1.2_PUBLIC\Ghidra\Features\Decompiler\ghidra_scripts
    C:\Users\kimgiordano27\Downloads\ghidra_12.1.2_PUBLIC_20260605\ghidra_12.1.2_PUBLIC\Ghidra\Features\SystemEmulation\ghidra_scripts
    C:\Users\kimgiordano27\Downloads\ghidra_12.1.2_PUBLIC_20260605\ghidra_12.1.2_PUBLIC\Ghidra\Processors\8051\ghidra_scripts
    C:\Users\kimgiordano27\Downloads\ghidra_12.1.2_PUBLIC_20260605\ghidra_12.1.2_PUBLIC\Ghidra\Features\GnuDemangler\ghidra_scripts
    C:\Users\kimgiordano27\Downloads\ghidra_12.1.2_PUBLIC_20260605\ghidra_12.1.2_PUBLIC\Ghidra\Debug\Debugger\ghidra_scripts
    C:\Users\kimgiordano27\Downloads\ghidra_12.1.2_PUBLIC_20260605\ghidra_12.1.2_PUBLIC\Ghidra\Processors\DATA\ghidra_scripts
    C:\Users\kimgiordano27\Downloads\ghidra_12.1.2_PUBLIC_20260605\ghidra_12.1.2_PUBLIC\Ghidra\Debug\Debugger-rmi-trace\ghidra_scripts
    C:\Users\kimgiordano27\Downloads\ghidra_12.1.2_PUBLIC_20260605\ghidra_12.1.2_PUBLIC\Ghidra\Features\FunctionID\ghidra_scripts
    C:\Users\kimgiordano27\Downloads\ghidra_12.1.2_PUBLIC_20260605\ghidra_12.1.2_PUBLIC\Ghidra\Features\MicrosoftCodeAnalyzer\ghidra_scripts
    C:\Users\kimgiordano27\Downloads\ghidra_12.1.2_PUBLIC_20260605\ghidra_12.1.2_PUBLIC\Ghidra\Features\PDB\ghidra_scripts
    C:\Users\kimgiordano27\AppData\Roaming\ghidra\ghidra_12.1.2_PUBLIC\Extensions\Jython\ghidra_scripts
    C:\Users\kimgiordano27\Downloads\ghidra_12.1.2_PUBLIC_20260605\ghidra_12.1.2_PUBLIC\Ghidra\Features\PyGhidra\ghidra_scripts  
2026-07-08 22:26:25 INFO  (HeadlessAnalyzer) HEADLESS: execution starts  
2026-07-08 22:26:25 INFO  (HeadlessAnalyzer) Opening existing project: C:\realDesktop\manifest-evaluations\summer-26\ghidra-pipeline\il2cpp-files\FruitBladeVR\ghidra-project\FruitBladeVR  
2026-07-08 22:26:26 INFO  (HeadlessProject) Opening project: C:\realDesktop\manifest-evaluations\summer-26\ghidra-pipeline\il2cpp-files\FruitBladeVR\ghidra-project\FruitBladeVR  
2026-07-08 22:26:27 INFO  (HeadlessAnalyzer) REPORT: Processing project file: /FruitBladeVR-libil2cpp.so  
2026-07-08 22:26:28 INFO  (HeadlessAnalyzer) REPORT: Execute script: GeneralStructureEyePatternScan.java 'C:\realDesktop\manifest-evaluations\summer-26\ghidra-pipeline\il2cpp-files\FruitBladeVR\general-structure-results' '70' 'false'   
2026-07-08 22:26:29 ERROR (HeadlessAnalyzer) REPORT SCRIPT ERROR: GeneralStructureEyePatternScan.java : The class could not be found. It must be the public class of the .java file: GeneralStructureEyePatternScan not found by 1d2912df [1] ghidra.app.script.GhidraScriptLoadException: The class could not be found. It must be the public class of the .java file: GeneralStructureEyePatternScan not found by 1d2912df [1]
	at ghidra.app.script.JavaScriptProvider.getScriptInstance(JavaScriptProvider.java:114)
	at ghidra.app.util.headless.HeadlessAnalyzer.runScriptsList(HeadlessAnalyzer.java:927)
	at ghidra.app.util.headless.HeadlessAnalyzer.analyzeProgram(HeadlessAnalyzer.java:1097)
	at ghidra.app.util.headless.HeadlessAnalyzer.processFileNoImport(HeadlessAnalyzer.java:1195)
	at ghidra.app.util.headless.HeadlessAnalyzer.processFolderNoImport(HeadlessAnalyzer.java:1367)
	at ghidra.app.util.headless.HeadlessAnalyzer.processNoImport(HeadlessAnalyzer.java:1396)
	at ghidra.app.util.headless.HeadlessAnalyzer.processLocal(HeadlessAnalyzer.java:461)
	at ghidra.app.util.headless.AnalyzeHeadless.launch(AnalyzeHeadless.java:199)
	at ghidra.GhidraLauncher.launch(GhidraLauncher.java:81)
	at ghidra.Ghidra.main(Ghidra.java:54)
Caused by: java.lang.ClassNotFoundException: GeneralStructureEyePatternScan not found by 1d2912df [1]
	at org.apache.felix.framework.BundleWiringImpl.findClassOrResourceByDelegation(BundleWiringImpl.java:1591)
	at org.apache.felix.framework.BundleWiringImpl.access$300(BundleWiringImpl.java:79)
	at org.apache.felix.framework.BundleWiringImpl$BundleClassLoader.loadClass(BundleWiringImpl.java:1976)
	at java.base/java.lang.ClassLoader.loadClass(ClassLoader.java:490)
	at org.apache.felix.framework.Felix.loadBundleClass(Felix.java:2116)
	at org.apache.felix.framework.BundleImpl.loadClass(BundleImpl.java:986)
	at ghidra.app.script.JavaScriptProvider.loadClass(JavaScriptProvider.java:166)
	at ghidra.app.script.JavaScriptProvider.getScriptInstance(JavaScriptProvider.java:97)
	... 9 more
 
2026-07-08 22:26:29 INFO  (HeadlessAnalyzer) REPORT: Save succeeded for processed file: /FruitBladeVR-libil2cpp.so  
2026-07-08 22:28:54 INFO  (LoggingInitialization) Using log config file: jar:file:/C:/Users/kimgiordano27/Downloads/ghidra_12.1.2_PUBLIC_20260605/ghidra_12.1.2_PUBLIC/Ghidra/Framework/Generic/lib/Generic.jar!/generic.log4j.xml  
2026-07-08 22:28:54 INFO  (LoggingInitialization) Using log file: C:\realDesktop\manifest-evaluations\summer-26\ghidra-pipeline\il2cpp-files\FruitBladeVR\general-structure-ghidra.log  
2026-07-08 22:28:54 DEBUG (GhidraObjectInputFilter) Including serial input filter: FileSystem/data/client.rmi.serial.filter  
2026-07-08 22:28:54 INFO  (Preferences) Loading user preferences: C:\Users\kimgiordano27\AppData\Roaming\ghidra\ghidra_12.1.2_PUBLIC\preferences  
2026-07-08 22:28:54 INFO  (ClassSearcher) Searching for classes...  
2026-07-08 22:28:55 INFO  (ClassSearcher) Class search complete (532 ms)  
2026-07-08 22:28:55 INFO  (DefaultSSLContextInitializer) Initializing SSL Context  
2026-07-08 22:28:55 INFO  (SecureRandomFactory) Initializing Random Number Generator...  
2026-07-08 22:28:55 INFO  (SecureRandomFactory) Random Number Generator initialization complete: SHA1PRNG  
2026-07-08 22:28:55 INFO  (DefaultTrustManagerFactory) Trust manager disabled, cacerts have not been set  
2026-07-08 22:28:55 INFO  (AnalyzeHeadless) Headless startup complete (1518 ms)  
2026-07-08 22:28:55 INFO  (ClassSearcher) Class searcher loaded 59 extension points (20 false positives)  
2026-07-08 22:28:55 INFO  (HeadlessAnalyzer) HEADLESS Script Paths:
    C:\Users\kimgiordano27\Downloads\ghidra_12.1.2_PUBLIC_20260605\ghidra_12.1.2_PUBLIC\Ghidra\Features\DecompilerDependent\ghidra_scripts
    C:\Users\kimgiordano27\Downloads\ghidra_12.1.2_PUBLIC_20260605\ghidra_12.1.2_PUBLIC\Ghidra\Processors\Atmel\ghidra_scripts
    C:\Users\kimgiordano27\Downloads\ghidra_12.1.2_PUBLIC_20260605\ghidra_12.1.2_PUBLIC\Ghidra\Processors\PIC\ghidra_scripts
    C:\Users\kimgiordano27\Downloads\ghidra_12.1.2_PUBLIC_20260605\ghidra_12.1.2_PUBLIC\Ghidra\Features\VersionTracking\ghidra_scripts
    C:\Users\kimgiordano27\Downloads\ghidra_12.1.2_PUBLIC_20260605\ghidra_12.1.2_PUBLIC\Ghidra\Features\BytePatterns\ghidra_scripts
    C:\Users\kimgiordano27\ghidra_scripts
    C:\Users\kimgiordano27\Downloads\ghidra_12.1.2_PUBLIC_20260605\ghidra_12.1.2_PUBLIC\Ghidra\Features\BSim\ghidra_scripts
    C:\realDesktop\manifest-evaluations\summer-26\ghidra-pipeline\ghidra-export-scripts
    C:\Users\kimgiordano27\Downloads\ghidra_12.1.2_PUBLIC_20260605\ghidra_12.1.2_PUBLIC\Ghidra\Processors\JVM\ghidra_scripts
    C:\Users\kimgiordano27\Downloads\ghidra_12.1.2_PUBLIC_20260605\ghidra_12.1.2_PUBLIC\Ghidra\Features\Base\ghidra_scripts
    C:\Users\kimgiordano27\Downloads\ghidra_12.1.2_PUBLIC_20260605\ghidra_12.1.2_PUBLIC\Ghidra\Features\SwiftDemangler\ghidra_scripts
    C:\Users\kimgiordano27\Downloads\ghidra_12.1.2_PUBLIC_20260605\ghidra_12.1.2_PUBLIC\Ghidra\Features\WildcardAssembler\ghidra_scripts
    C:\Users\kimgiordano27\Downloads\ghidra_12.1.2_PUBLIC_20260605\ghidra_12.1.2_PUBLIC\Ghidra\Features\FileFormats\ghidra_scripts
    C:\Users\kimgiordano27\Downloads\ghidra_12.1.2_PUBLIC_20260605\ghidra_12.1.2_PUBLIC\Ghidra\Features\Decompiler\ghidra_scripts
    C:\Users\kimgiordano27\Downloads\ghidra_12.1.2_PUBLIC_20260605\ghidra_12.1.2_PUBLIC\Ghidra\Features\SystemEmulation\ghidra_scripts
    C:\Users\kimgiordano27\Downloads\ghidra_12.1.2_PUBLIC_20260605\ghidra_12.1.2_PUBLIC\Ghidra\Processors\8051\ghidra_scripts
    C:\Users\kimgiordano27\Downloads\ghidra_12.1.2_PUBLIC_20260605\ghidra_12.1.2_PUBLIC\Ghidra\Features\GnuDemangler\ghidra_scripts
    C:\Users\kimgiordano27\Downloads\ghidra_12.1.2_PUBLIC_20260605\ghidra_12.1.2_PUBLIC\Ghidra\Debug\Debugger\ghidra_scripts
    C:\Users\kimgiordano27\Downloads\ghidra_12.1.2_PUBLIC_20260605\ghidra_12.1.2_PUBLIC\Ghidra\Processors\DATA\ghidra_scripts
    C:\Users\kimgiordano27\Downloads\ghidra_12.1.2_PUBLIC_20260605\ghidra_12.1.2_PUBLIC\Ghidra\Debug\Debugger-rmi-trace\ghidra_scripts
    C:\Users\kimgiordano27\Downloads\ghidra_12.1.2_PUBLIC_20260605\ghidra_12.1.2_PUBLIC\Ghidra\Features\FunctionID\ghidra_scripts
    C:\Users\kimgiordano27\Downloads\ghidra_12.1.2_PUBLIC_20260605\ghidra_12.1.2_PUBLIC\Ghidra\Features\MicrosoftCodeAnalyzer\ghidra_scripts
    C:\Users\kimgiordano27\Downloads\ghidra_12.1.2_PUBLIC_20260605\ghidra_12.1.2_PUBLIC\Ghidra\Features\PDB\ghidra_scripts
    C:\Users\kimgiordano27\AppData\Roaming\ghidra\ghidra_12.1.2_PUBLIC\Extensions\Jython\ghidra_scripts
    C:\Users\kimgiordano27\Downloads\ghidra_12.1.2_PUBLIC_20260605\ghidra_12.1.2_PUBLIC\Ghidra\Features\PyGhidra\ghidra_scripts  
2026-07-08 22:28:55 INFO  (HeadlessAnalyzer) HEADLESS: execution starts  
2026-07-08 22:28:55 INFO  (HeadlessAnalyzer) Opening existing project: C:\realDesktop\manifest-evaluations\summer-26\ghidra-pipeline\il2cpp-files\FruitBladeVR\ghidra-project\FruitBladeVR  
2026-07-08 22:28:56 INFO  (HeadlessProject) Opening project: C:\realDesktop\manifest-evaluations\summer-26\ghidra-pipeline\il2cpp-files\FruitBladeVR\ghidra-project\FruitBladeVR  
2026-07-08 22:28:57 INFO  (HeadlessAnalyzer) REPORT: Processing project file: /FruitBladeVR-libil2cpp.so  
2026-07-08 22:28:57 INFO  (HeadlessAnalyzer) REPORT: Execute script: GeneralStructureEyePatternScan.java 'C:\realDesktop\manifest-evaluations\summer-26\ghidra-pipeline\il2cpp-files\FruitBladeVR\general-structure-results' '70' 'false'   
2026-07-08 22:28:58 INFO  (HeadlessAnalyzer) SCRIPT: C:\realDesktop\manifest-evaluations\summer-26\ghidra-pipeline\ghidra-export-scripts\GeneralStructureEyePatternScan.java  
2026-07-08 22:28:58 INFO  (GhidraScript) GeneralStructureEyePatternScan.java> General structure scan starting...  
2026-07-08 22:28:58 INFO  (GhidraScript) GeneralStructureEyePatternScan.java> Output: C:\realDesktop\manifest-evaluations\summer-26\ghidra-pipeline\il2cpp-files\FruitBladeVR\general-structure-results  
2026-07-08 22:28:58 INFO  (GhidraScript) GeneralStructureEyePatternScan.java> Minimum review score: 70  
2026-07-08 22:28:58 INFO  (GhidraScript) GeneralStructureEyePatternScan.java> Export all: false  
2026-07-08 22:29:11 INFO  (GhidraScript) GeneralStructureEyePatternScan.java> Scanned 10000 functions. Exported so far: 0  
2026-07-08 22:29:20 INFO  (GhidraScript) GeneralStructureEyePatternScan.java> Scanned 20000 functions. Exported so far: 0  
2026-07-08 22:29:30 INFO  (GhidraScript) GeneralStructureEyePatternScan.java> Scanned 30000 functions. Exported so far: 0  
2026-07-08 22:29:47 INFO  (GhidraScript) GeneralStructureEyePatternScan.java> Scanned 40000 functions. Exported so far: 0  
2026-07-08 22:30:05 INFO  (GhidraScript) GeneralStructureEyePatternScan.java> Scanned 50000 functions. Exported so far: 0  
2026-07-08 22:30:20 INFO  (GhidraScript) GeneralStructureEyePatternScan.java> Scanned 60000 functions. Exported so far: 0  
2026-07-08 22:30:31 INFO  (GhidraScript) GeneralStructureEyePatternScan.java> Scanned 70000 functions. Exported so far: 1  
2026-07-08 22:31:19 INFO  (GhidraScript) GeneralStructureEyePatternScan.java> Scanned 80000 functions. Exported so far: 28  
2026-07-08 22:32:53 INFO  (GhidraScript) GeneralStructureEyePatternScan.java> Scanned 90000 functions. Exported so far: 79  
2026-07-08 22:33:36 INFO  (GhidraScript) GeneralStructureEyePatternScan.java> Scanned 100000 functions. Exported so far: 98  
2026-07-08 22:34:23 INFO  (GhidraScript) GeneralStructureEyePatternScan.java> Scanned 110000 functions. Exported so far: 122  
2026-07-08 22:35:32 INFO  (GhidraScript) GeneralStructureEyePatternScan.java> Scanned 120000 functions. Exported so far: 128  
2026-07-08 22:36:21 INFO  (GhidraScript) GeneralStructureEyePatternScan.java> Scanned 130000 functions. Exported so far: 131  
2026-07-08 22:37:14 INFO  (GhidraScript) GeneralStructureEyePatternScan.java> Scanned 140000 functions. Exported so far: 136  
2026-07-08 22:37:58 INFO  (GhidraScript) GeneralStructureEyePatternScan.java> Scanned 150000 functions. Exported so far: 149  
2026-07-08 22:38:46 INFO  (GhidraScript) GeneralStructureEyePatternScan.java> Scanned 160000 functions. Exported so far: 155  
2026-07-08 22:39:27 INFO  (GhidraScript) GeneralStructureEyePatternScan.java> Scanned 170000 functions. Exported so far: 183  
2026-07-08 22:40:07 INFO  (GhidraScript) GeneralStructureEyePatternScan.java> Scanned 180000 functions. Exported so far: 190  
2026-07-08 22:41:30 INFO  (GhidraScript) GeneralStructureEyePatternScan.java> Scanned 190000 functions. Exported so far: 205  
2026-07-08 22:42:40 INFO  (GhidraScript) GeneralStructureEyePatternScan.java> Scanned 200000 functions. Exported so far: 213  
2026-07-08 22:43:31 INFO  (GhidraScript) GeneralStructureEyePatternScan.java> Scanned 210000 functions. Exported so far: 240  
2026-07-08 22:44:39 INFO  (GhidraScript) GeneralStructureEyePatternScan.java> Scanned 220000 functions. Exported so far: 261  
2026-07-08 22:47:03 INFO  (GhidraScript) GeneralStructureEyePatternScan.java> Scanned 230000 functions. Exported so far: 395  
2026-07-08 22:48:03 INFO  (GhidraScript) GeneralStructureEyePatternScan.java> Scanned 240000 functions. Exported so far: 426  
2026-07-08 22:49:43 INFO  (GhidraScript) GeneralStructureEyePatternScan.java> Scanned 250000 functions. Exported so far: 459  
2026-07-08 22:49:56 WARN  (DecompileCallback) Decompiling 04116000, pcode error at 04116000: Unable to disassemble EXTERNAL block location: 04116000  
2026-07-08 22:49:56 WARN  (DecompileCallback) Decompiling 04116008, pcode error at 04116008: Unable to disassemble EXTERNAL block location: 04116008  
2026-07-08 22:49:56 WARN  (DecompileCallback) Decompiling 04116010, pcode error at 04116010: Unable to disassemble EXTERNAL block location: 04116010  
2026-07-08 22:49:56 WARN  (DecompileCallback) Decompiling 04116018, pcode error at 04116018: Unable to disassemble EXTERNAL block location: 04116018  
2026-07-08 22:49:56 WARN  (DecompileCallback) Decompiling 04116020, pcode error at 04116020: Unable to disassemble EXTERNAL block location: 04116020  
2026-07-08 22:49:56 WARN  (DecompileCallback) Decompiling 04116028, pcode error at 04116028: Unable to disassemble EXTERNAL block location: 04116028  
2026-07-08 22:49:56 WARN  (DecompileCallback) Decompiling 04116030, pcode error at 04116030: Unable to disassemble EXTERNAL block location: 04116030  
2026-07-08 22:49:56 WARN  (DecompileCallback) Decompiling 04116038, pcode error at 04116038: Unable to disassemble EXTERNAL block location: 04116038  
2026-07-08 22:49:56 WARN  (DecompileCallback) Decompiling 04116040, pcode error at 04116040: Unable to disassemble EXTERNAL block location: 04116040  
2026-07-08 22:49:56 WARN  (DecompileCallback) Decompiling 04116048, pcode error at 04116048: Unable to disassemble EXTERNAL block location: 04116048  
2026-07-08 22:49:56 WARN  (DecompileCallback) Decompiling 04116050, pcode error at 04116050: Unable to disassemble EXTERNAL block location: 04116050  
2026-07-08 22:49:56 WARN  (DecompileCallback) Decompiling 04116058, pcode error at 04116058: Unable to disassemble EXTERNAL block location: 04116058  
2026-07-08 22:49:56 WARN  (DecompileCallback) Decompiling 04116060, pcode error at 04116060: Unable to disassemble EXTERNAL block location: 04116060  
2026-07-08 22:49:56 WARN  (DecompileCallback) Decompiling 04116068, pcode error at 04116068: Unable to disassemble EXTERNAL block location: 04116068  
2026-07-08 22:49:56 WARN  (DecompileCallback) Decompiling 04116070, pcode error at 04116070: Unable to disassemble EXTERNAL block location: 04116070  
2026-07-08 22:49:56 WARN  (DecompileCallback) Decompiling 04116078, pcode error at 04116078: Unable to disassemble EXTERNAL block location: 04116078  
2026-07-08 22:49:56 WARN  (DecompileCallback) Decompiling 04116080, pcode error at 04116080: Unable to disassemble EXTERNAL block location: 04116080  
2026-07-08 22:49:56 WARN  (DecompileCallback) Decompiling 04116088, pcode error at 04116088: Unable to disassemble EXTERNAL block location: 04116088  
2026-07-08 22:49:56 WARN  (DecompileCallback) Decompiling 04116090, pcode error at 04116090: Unable to disassemble EXTERNAL block location: 04116090  
2026-07-08 22:49:56 WARN  (DecompileCallback) Decompiling 04116098, pcode error at 04116098: Unable to disassemble EXTERNAL block location: 04116098  
2026-07-08 22:49:56 WARN  (DecompileCallback) Decompiling 041160a0, pcode error at 041160a0: Unable to disassemble EXTERNAL block location: 041160a0  
2026-07-08 22:49:56 WARN  (DecompileCallback) Decompiling 041160a8, pcode error at 041160a8: Unable to disassemble EXTERNAL block location: 041160a8  
2026-07-08 22:49:56 WARN  (DecompileCallback) Decompiling 041160b0, pcode error at 041160b0: Unable to disassemble EXTERNAL block location: 041160b0  
2026-07-08 22:49:56 WARN  (DecompileCallback) Decompiling 041160b8, pcode error at 041160b8: Unable to disassemble EXTERNAL block location: 041160b8  
2026-07-08 22:49:56 WARN  (DecompileCallback) Decompiling 041160c0, pcode error at 041160c0: Unable to disassemble EXTERNAL block location: 041160c0  
2026-07-08 22:49:56 WARN  (DecompileCallback) Decompiling 041160c8, pcode error at 041160c8: Unable to disassemble EXTERNAL block location: 041160c8  
2026-07-08 22:49:56 WARN  (DecompileCallback) Decompiling 041160d0, pcode error at 041160d0: Unable to disassemble EXTERNAL block location: 041160d0  
2026-07-08 22:49:56 WARN  (DecompileCallback) Decompiling 041160d8, pcode error at 041160d8: Unable to disassemble EXTERNAL block location: 041160d8  
2026-07-08 22:49:56 WARN  (DecompileCallback) Decompiling 041160e0, pcode error at 041160e0: Unable to disassemble EXTERNAL block location: 041160e0  
2026-07-08 22:49:56 WARN  (DecompileCallback) Decompiling 041160e8, pcode error at 041160e8: Unable to disassemble EXTERNAL block location: 041160e8  
2026-07-08 22:49:56 WARN  (DecompileCallback) Decompiling 041160f0, pcode error at 041160f0: Unable to disassemble EXTERNAL block location: 041160f0  
2026-07-08 22:49:56 WARN  (DecompileCallback) Decompiling 041160f8, pcode error at 041160f8: Unable to disassemble EXTERNAL block location: 041160f8  
2026-07-08 22:49:56 WARN  (DecompileCallback) Decompiling 04116100, pcode error at 04116100: Unable to disassemble EXTERNAL block location: 04116100  
2026-07-08 22:49:56 WARN  (DecompileCallback) Decompiling 04116108, pcode error at 04116108: Unable to disassemble EXTERNAL block location: 04116108  
2026-07-08 22:49:56 WARN  (DecompileCallback) Decompiling 04116110, pcode error at 04116110: Unable to disassemble EXTERNAL block location: 04116110  
2026-07-08 22:49:56 WARN  (DecompileCallback) Decompiling 04116118, pcode error at 04116118: Unable to disassemble EXTERNAL block location: 04116118  
2026-07-08 22:49:56 WARN  (DecompileCallback) Decompiling 04116120, pcode error at 04116120: Unable to disassemble EXTERNAL block location: 04116120  
2026-07-08 22:49:56 WARN  (DecompileCallback) Decompiling 04116128, pcode error at 04116128: Unable to disassemble EXTERNAL block location: 04116128  
2026-07-08 22:49:56 WARN  (DecompileCallback) Decompiling 04116130, pcode error at 04116130: Unable to disassemble EXTERNAL block location: 04116130  
2026-07-08 22:49:56 WARN  (DecompileCallback) Decompiling 04116138, pcode error at 04116138: Unable to disassemble EXTERNAL block location: 04116138  
2026-07-08 22:49:56 WARN  (DecompileCallback) Decompiling 04116140, pcode error at 04116140: Unable to disassemble EXTERNAL block location: 04116140  
2026-07-08 22:49:56 WARN  (DecompileCallback) Decompiling 04116150, pcode error at 04116150: Unable to disassemble EXTERNAL block location: 04116150  
2026-07-08 22:49:56 WARN  (DecompileCallback) Decompiling 04116158, pcode error at 04116158: Unable to disassemble EXTERNAL block location: 04116158  
2026-07-08 22:49:56 WARN  (DecompileCallback) Decompiling 04116160, pcode error at 04116160: Unable to disassemble EXTERNAL block location: 04116160  
2026-07-08 22:49:56 WARN  (DecompileCallback) Decompiling 04116168, pcode error at 04116168: Unable to disassemble EXTERNAL block location: 04116168  
2026-07-08 22:49:56 WARN  (DecompileCallback) Decompiling 04116170, pcode error at 04116170: Unable to disassemble EXTERNAL block location: 04116170  
2026-07-08 22:49:56 WARN  (DecompileCallback) Decompiling 04116178, pcode error at 04116178: Unable to disassemble EXTERNAL block location: 04116178  
2026-07-08 22:49:56 WARN  (DecompileCallback) Decompiling 04116180, pcode error at 04116180: Unable to disassemble EXTERNAL block location: 04116180  
2026-07-08 22:49:56 WARN  (DecompileCallback) Decompiling 04116188, pcode error at 04116188: Unable to disassemble EXTERNAL block location: 04116188  
2026-07-08 22:49:56 WARN  (DecompileCallback) Decompiling 04116190, pcode error at 04116190: Unable to disassemble EXTERNAL block location: 04116190  
2026-07-08 22:49:56 WARN  (DecompileCallback) Decompiling 04116198, pcode error at 04116198: Unable to disassemble EXTERNAL block location: 04116198  
2026-07-08 22:49:56 WARN  (DecompileCallback) Decompiling 041161a0, pcode error at 041161a0: Unable to disassemble EXTERNAL block location: 041161a0  
2026-07-08 22:49:56 WARN  (DecompileCallback) Decompiling 041161a8, pcode error at 041161a8: Unable to disassemble EXTERNAL block location: 041161a8  
2026-07-08 22:49:56 WARN  (DecompileCallback) Decompiling 041161b0, pcode error at 041161b0: Unable to disassemble EXTERNAL block location: 041161b0  
2026-07-08 22:49:56 WARN  (DecompileCallback) Decompiling 041161b8, pcode error at 041161b8: Unable to disassemble EXTERNAL block location: 041161b8  
2026-07-08 22:49:56 WARN  (DecompileCallback) Decompiling 041161c0, pcode error at 041161c0: Unable to disassemble EXTERNAL block location: 041161c0  
2026-07-08 22:49:56 WARN  (DecompileCallback) Decompiling 041161c8, pcode error at 041161c8: Unable to disassemble EXTERNAL block location: 041161c8  
2026-07-08 22:49:56 WARN  (DecompileCallback) Decompiling 041161d0, pcode error at 041161d0: Unable to disassemble EXTERNAL block location: 041161d0  
2026-07-08 22:49:56 WARN  (DecompileCallback) Decompiling 041161d8, pcode error at 041161d8: Unable to disassemble EXTERNAL block location: 041161d8  
2026-07-08 22:49:56 WARN  (DecompileCallback) Decompiling 041161e0, pcode error at 041161e0: Unable to disassemble EXTERNAL block location: 041161e0  
2026-07-08 22:49:56 WARN  (DecompileCallback) Decompiling 041161e8, pcode error at 041161e8: Unable to disassemble EXTERNAL block location: 041161e8  
2026-07-08 22:49:56 WARN  (DecompileCallback) Decompiling 041161f0, pcode error at 041161f0: Unable to disassemble EXTERNAL block location: 041161f0  
2026-07-08 22:49:56 WARN  (DecompileCallback) Decompiling 041161f8, pcode error at 041161f8: Unable to disassemble EXTERNAL block location: 041161f8  
2026-07-08 22:49:56 WARN  (DecompileCallback) Decompiling 04116200, pcode error at 04116200: Unable to disassemble EXTERNAL block location: 04116200  
2026-07-08 22:49:56 WARN  (DecompileCallback) Decompiling 04116208, pcode error at 04116208: Unable to disassemble EXTERNAL block location: 04116208  
2026-07-08 22:49:56 WARN  (DecompileCallback) Decompiling 04116210, pcode error at 04116210: Unable to disassemble EXTERNAL block location: 04116210  
2026-07-08 22:49:56 WARN  (DecompileCallback) Decompiling 04116218, pcode error at 04116218: Unable to disassemble EXTERNAL block location: 04116218  
2026-07-08 22:49:56 WARN  (DecompileCallback) Decompiling 04116220, pcode error at 04116220: Unable to disassemble EXTERNAL block location: 04116220  
2026-07-08 22:49:56 WARN  (DecompileCallback) Decompiling 04116228, pcode error at 04116228: Unable to disassemble EXTERNAL block location: 04116228  
2026-07-08 22:49:56 WARN  (DecompileCallback) Decompiling 04116230, pcode error at 04116230: Unable to disassemble EXTERNAL block location: 04116230  
2026-07-08 22:49:56 WARN  (DecompileCallback) Decompiling 04116238, pcode error at 04116238: Unable to disassemble EXTERNAL block location: 04116238  
2026-07-08 22:49:56 WARN  (DecompileCallback) Decompiling 04116240, pcode error at 04116240: Unable to disassemble EXTERNAL block location: 04116240  
2026-07-08 22:49:56 WARN  (DecompileCallback) Decompiling 04116248, pcode error at 04116248: Unable to disassemble EXTERNAL block location: 04116248  
2026-07-08 22:49:56 WARN  (DecompileCallback) Decompiling 04116250, pcode error at 04116250: Unable to disassemble EXTERNAL block location: 04116250  
2026-07-08 22:49:56 WARN  (DecompileCallback) Decompiling 04116258, pcode error at 04116258: Unable to disassemble EXTERNAL block location: 04116258  
2026-07-08 22:49:56 WARN  (DecompileCallback) Decompiling 04116260, pcode error at 04116260: Unable to disassemble EXTERNAL block location: 04116260  
2026-07-08 22:49:56 WARN  (DecompileCallback) Decompiling 04116268, pcode error at 04116268: Unable to disassemble EXTERNAL block location: 04116268  
2026-07-08 22:49:56 WARN  (DecompileCallback) Decompiling 04116270, pcode error at 04116270: Unable to disassemble EXTERNAL block location: 04116270  
2026-07-08 22:49:56 WARN  (DecompileCallback) Decompiling 04116278, pcode error at 04116278: Unable to disassemble EXTERNAL block location: 04116278  
2026-07-08 22:49:56 WARN  (DecompileCallback) Decompiling 04116280, pcode error at 04116280: Unable to disassemble EXTERNAL block location: 04116280  
2026-07-08 22:49:56 WARN  (DecompileCallback) Decompiling 04116288, pcode error at 04116288: Unable to disassemble EXTERNAL block location: 04116288  
2026-07-08 22:49:56 WARN  (DecompileCallback) Decompiling 04116290, pcode error at 04116290: Unable to disassemble EXTERNAL block location: 04116290  
2026-07-08 22:49:56 WARN  (DecompileCallback) Decompiling 04116298, pcode error at 04116298: Unable to disassemble EXTERNAL block location: 04116298  
2026-07-08 22:49:56 WARN  (DecompileCallback) Decompiling 041162a0, pcode error at 041162a0: Unable to disassemble EXTERNAL block location: 041162a0  
2026-07-08 22:49:56 WARN  (DecompileCallback) Decompiling 041162a8, pcode error at 041162a8: Unable to disassemble EXTERNAL block location: 041162a8  
2026-07-08 22:49:56 WARN  (DecompileCallback) Decompiling 041162b0, pcode error at 041162b0: Unable to disassemble EXTERNAL block location: 041162b0  
2026-07-08 22:49:56 WARN  (DecompileCallback) Decompiling 041162b8, pcode error at 041162b8: Unable to disassemble EXTERNAL block location: 041162b8  
2026-07-08 22:49:56 WARN  (DecompileCallback) Decompiling 041162c0, pcode error at 041162c0: Unable to disassemble EXTERNAL block location: 041162c0  
2026-07-08 22:49:56 WARN  (DecompileCallback) Decompiling 041162c8, pcode error at 041162c8: Unable to disassemble EXTERNAL block location: 041162c8  
2026-07-08 22:49:56 WARN  (DecompileCallback) Decompiling 041162d0, pcode error at 041162d0: Unable to disassemble EXTERNAL block location: 041162d0  
2026-07-08 22:49:56 WARN  (DecompileCallback) Decompiling 041162d8, pcode error at 041162d8: Unable to disassemble EXTERNAL block location: 041162d8  
2026-07-08 22:49:56 WARN  (DecompileCallback) Decompiling 041162e0, pcode error at 041162e0: Unable to disassemble EXTERNAL block location: 041162e0  
2026-07-08 22:49:56 WARN  (DecompileCallback) Decompiling 041162e8, pcode error at 041162e8: Unable to disassemble EXTERNAL block location: 041162e8  
2026-07-08 22:49:56 WARN  (DecompileCallback) Decompiling 041162f0, pcode error at 041162f0: Unable to disassemble EXTERNAL block location: 041162f0  
2026-07-08 22:49:56 WARN  (DecompileCallback) Decompiling 041162f8, pcode error at 041162f8: Unable to disassemble EXTERNAL block location: 041162f8  
2026-07-08 22:49:56 WARN  (DecompileCallback) Decompiling 04116300, pcode error at 04116300: Unable to disassemble EXTERNAL block location: 04116300  
2026-07-08 22:49:56 WARN  (DecompileCallback) Decompiling 04116308, pcode error at 04116308: Unable to disassemble EXTERNAL block location: 04116308  
2026-07-08 22:49:56 WARN  (DecompileCallback) Decompiling 04116310, pcode error at 04116310: Unable to disassemble EXTERNAL block location: 04116310  
2026-07-08 22:49:56 WARN  (DecompileCallback) Decompiling 04116318, pcode error at 04116318: Unable to disassemble EXTERNAL block location: 04116318  
2026-07-08 22:49:56 WARN  (DecompileCallback) Decompiling 04116320, pcode error at 04116320: Unable to disassemble EXTERNAL block location: 04116320  
2026-07-08 22:49:56 WARN  (DecompileCallback) Decompiling 04116328, pcode error at 04116328: Unable to disassemble EXTERNAL block location: 04116328  
2026-07-08 22:49:56 WARN  (DecompileCallback) Decompiling 04116330, pcode error at 04116330: Unable to disassemble EXTERNAL block location: 04116330  
2026-07-08 22:49:56 WARN  (DecompileCallback) Decompiling 04116338, pcode error at 04116338: Unable to disassemble EXTERNAL block location: 04116338  
2026-07-08 22:49:56 WARN  (DecompileCallback) Decompiling 04116340, pcode error at 04116340: Unable to disassemble EXTERNAL block location: 04116340  
2026-07-08 22:49:56 WARN  (DecompileCallback) Decompiling 04116348, pcode error at 04116348: Unable to disassemble EXTERNAL block location: 04116348  
2026-07-08 22:49:56 WARN  (DecompileCallback) Decompiling 04116350, pcode error at 04116350: Unable to disassemble EXTERNAL block location: 04116350  
2026-07-08 22:49:56 WARN  (DecompileCallback) Decompiling 04116358, pcode error at 04116358: Unable to disassemble EXTERNAL block location: 04116358  
2026-07-08 22:49:56 WARN  (DecompileCallback) Decompiling 04116360, pcode error at 04116360: Unable to disassemble EXTERNAL block location: 04116360  
2026-07-08 22:49:56 WARN  (DecompileCallback) Decompiling 04116368, pcode error at 04116368: Unable to disassemble EXTERNAL block location: 04116368  
2026-07-08 22:49:56 WARN  (DecompileCallback) Decompiling 04116370, pcode error at 04116370: Unable to disassemble EXTERNAL block location: 04116370  
2026-07-08 22:49:56 WARN  (DecompileCallback) Decompiling 04116378, pcode error at 04116378: Unable to disassemble EXTERNAL block location: 04116378  
2026-07-08 22:49:56 WARN  (DecompileCallback) Decompiling 04116380, pcode error at 04116380: Unable to disassemble EXTERNAL block location: 04116380  
2026-07-08 22:49:56 WARN  (DecompileCallback) Decompiling 04116388, pcode error at 04116388: Unable to disassemble EXTERNAL block location: 04116388  
2026-07-08 22:49:56 WARN  (DecompileCallback) Decompiling 04116390, pcode error at 04116390: Unable to disassemble EXTERNAL block location: 04116390  
2026-07-08 22:49:56 WARN  (DecompileCallback) Decompiling 04116398, pcode error at 04116398: Unable to disassemble EXTERNAL block location: 04116398  
2026-07-08 22:49:56 WARN  (DecompileCallback) Decompiling 041163a0, pcode error at 041163a0: Unable to disassemble EXTERNAL block location: 041163a0  
2026-07-08 22:49:56 WARN  (DecompileCallback) Decompiling 041163a8, pcode error at 041163a8: Unable to disassemble EXTERNAL block location: 041163a8  
2026-07-08 22:49:56 WARN  (DecompileCallback) Decompiling 041163b0, pcode error at 041163b0: Unable to disassemble EXTERNAL block location: 041163b0  
2026-07-08 22:49:56 WARN  (DecompileCallback) Decompiling 041163b8, pcode error at 041163b8: Unable to disassemble EXTERNAL block location: 041163b8  
2026-07-08 22:49:56 WARN  (DecompileCallback) Decompiling 041163c0, pcode error at 041163c0: Unable to disassemble EXTERNAL block location: 041163c0  
2026-07-08 22:49:56 WARN  (DecompileCallback) Decompiling 041163c8, pcode error at 041163c8: Unable to disassemble EXTERNAL block location: 041163c8  
2026-07-08 22:49:56 WARN  (DecompileCallback) Decompiling 041163d0, pcode error at 041163d0: Unable to disassemble EXTERNAL block location: 041163d0  
2026-07-08 22:49:56 WARN  (DecompileCallback) Decompiling 041163d8, pcode error at 041163d8: Unable to disassemble EXTERNAL block location: 041163d8  
2026-07-08 22:49:56 WARN  (DecompileCallback) Decompiling 041163e0, pcode error at 041163e0: Unable to disassemble EXTERNAL block location: 041163e0  
2026-07-08 22:49:56 WARN  (DecompileCallback) Decompiling 041163e8, pcode error at 041163e8: Unable to disassemble EXTERNAL block location: 041163e8  
2026-07-08 22:49:56 WARN  (DecompileCallback) Decompiling 041163f0, pcode error at 041163f0: Unable to disassemble EXTERNAL block location: 041163f0  
2026-07-08 22:49:56 WARN  (DecompileCallback) Decompiling 041163f8, pcode error at 041163f8: Unable to disassemble EXTERNAL block location: 041163f8  
2026-07-08 22:49:56 WARN  (DecompileCallback) Decompiling 04116400, pcode error at 04116400: Unable to disassemble EXTERNAL block location: 04116400  
2026-07-08 22:49:56 WARN  (DecompileCallback) Decompiling 04116408, pcode error at 04116408: Unable to disassemble EXTERNAL block location: 04116408  
2026-07-08 22:49:56 WARN  (DecompileCallback) Decompiling 04116410, pcode error at 04116410: Unable to disassemble EXTERNAL block location: 04116410  
2026-07-08 22:49:56 WARN  (DecompileCallback) Decompiling 04116418, pcode error at 04116418: Unable to disassemble EXTERNAL block location: 04116418  
2026-07-08 22:49:56 WARN  (DecompileCallback) Decompiling 04116420, pcode error at 04116420: Unable to disassemble EXTERNAL block location: 04116420  
2026-07-08 22:49:56 WARN  (DecompileCallback) Decompiling 04116428, pcode error at 04116428: Unable to disassemble EXTERNAL block location: 04116428  
2026-07-08 22:49:56 WARN  (DecompileCallback) Decompiling 04116430, pcode error at 04116430: Unable to disassemble EXTERNAL block location: 04116430  
2026-07-08 22:49:56 WARN  (DecompileCallback) Decompiling 04116438, pcode error at 04116438: Unable to disassemble EXTERNAL block location: 04116438  
2026-07-08 22:49:56 WARN  (DecompileCallback) Decompiling 04116440, pcode error at 04116440: Unable to disassemble EXTERNAL block location: 04116440  
2026-07-08 22:49:56 WARN  (DecompileCallback) Decompiling 04116448, pcode error at 04116448: Unable to disassemble EXTERNAL block location: 04116448  
2026-07-08 22:49:56 WARN  (DecompileCallback) Decompiling 04116450, pcode error at 04116450: Unable to disassemble EXTERNAL block location: 04116450  
2026-07-08 22:49:56 WARN  (DecompileCallback) Decompiling 04116458, pcode error at 04116458: Unable to disassemble EXTERNAL block location: 04116458  
2026-07-08 22:49:56 WARN  (DecompileCallback) Decompiling 04116460, pcode error at 04116460: Unable to disassemble EXTERNAL block location: 04116460  
2026-07-08 22:49:56 WARN  (DecompileCallback) Decompiling 04116468, pcode error at 04116468: Unable to disassemble EXTERNAL block location: 04116468  
2026-07-08 22:49:56 WARN  (DecompileCallback) Decompiling 04116470, pcode error at 04116470: Unable to disassemble EXTERNAL block location: 04116470  
2026-07-08 22:49:56 WARN  (DecompileCallback) Decompiling 04116478, pcode error at 04116478: Unable to disassemble EXTERNAL block location: 04116478  
2026-07-08 22:49:56 WARN  (DecompileCallback) Decompiling 04116480, pcode error at 04116480: Unable to disassemble EXTERNAL block location: 04116480  
2026-07-08 22:49:56 WARN  (DecompileCallback) Decompiling 04116488, pcode error at 04116488: Unable to disassemble EXTERNAL block location: 04116488  
2026-07-08 22:49:56 WARN  (DecompileCallback) Decompiling 04116490, pcode error at 04116490: Unable to disassemble EXTERNAL block location: 04116490  
2026-07-08 22:49:56 WARN  (DecompileCallback) Decompiling 04116498, pcode error at 04116498: Unable to disassemble EXTERNAL block location: 04116498  
2026-07-08 22:49:56 WARN  (DecompileCallback) Decompiling 041164a0, pcode error at 041164a0: Unable to disassemble EXTERNAL block location: 041164a0  
2026-07-08 22:49:56 WARN  (DecompileCallback) Decompiling 041164a8, pcode error at 041164a8: Unable to disassemble EXTERNAL block location: 041164a8  
2026-07-08 22:49:56 WARN  (DecompileCallback) Decompiling 041164b0, pcode error at 041164b0: Unable to disassemble EXTERNAL block location: 041164b0  
2026-07-08 22:49:56 WARN  (DecompileCallback) Decompiling 041164b8, pcode error at 041164b8: Unable to disassemble EXTERNAL block location: 041164b8  
2026-07-08 22:49:56 WARN  (DecompileCallback) Decompiling 041164c0, pcode error at 041164c0: Unable to disassemble EXTERNAL block location: 041164c0  
2026-07-08 22:49:56 WARN  (DecompileCallback) Decompiling 041164c8, pcode error at 041164c8: Unable to disassemble EXTERNAL block location: 041164c8  
2026-07-08 22:49:56 WARN  (DecompileCallback) Decompiling 041164d0, pcode error at 041164d0: Unable to disassemble EXTERNAL block location: 041164d0  
2026-07-08 22:49:56 WARN  (DecompileCallback) Decompiling 041164d8, pcode error at 041164d8: Unable to disassemble EXTERNAL block location: 041164d8  
2026-07-08 22:49:56 WARN  (DecompileCallback) Decompiling 041164e0, pcode error at 041164e0: Unable to disassemble EXTERNAL block location: 041164e0  
2026-07-08 22:49:56 WARN  (DecompileCallback) Decompiling 041164e8, pcode error at 041164e8: Unable to disassemble EXTERNAL block location: 041164e8  
2026-07-08 22:49:56 WARN  (DecompileCallback) Decompiling 041164f0, pcode error at 041164f0: Unable to disassemble EXTERNAL block location: 041164f0  
2026-07-08 22:49:56 WARN  (DecompileCallback) Decompiling 041164f8, pcode error at 041164f8: Unable to disassemble EXTERNAL block location: 041164f8  
2026-07-08 22:49:56 WARN  (DecompileCallback) Decompiling 04116500, pcode error at 04116500: Unable to disassemble EXTERNAL block location: 04116500  
2026-07-08 22:49:56 WARN  (DecompileCallback) Decompiling 04116508, pcode error at 04116508: Unable to disassemble EXTERNAL block location: 04116508  
2026-07-08 22:49:56 WARN  (DecompileCallback) Decompiling 04116510, pcode error at 04116510: Unable to disassemble EXTERNAL block location: 04116510  
2026-07-08 22:49:56 WARN  (DecompileCallback) Decompiling 04116518, pcode error at 04116518: Unable to disassemble EXTERNAL block location: 04116518  
2026-07-08 22:49:56 WARN  (DecompileCallback) Decompiling 04116520, pcode error at 04116520: Unable to disassemble EXTERNAL block location: 04116520  
2026-07-08 22:49:56 WARN  (DecompileCallback) Decompiling 04116528, pcode error at 04116528: Unable to disassemble EXTERNAL block location: 04116528  
2026-07-08 22:49:56 WARN  (DecompileCallback) Decompiling 04116530, pcode error at 04116530: Unable to disassemble EXTERNAL block location: 04116530  
2026-07-08 22:49:56 WARN  (DecompileCallback) Decompiling 04116538, pcode error at 04116538: Unable to disassemble EXTERNAL block location: 04116538  
2026-07-08 22:49:56 WARN  (DecompileCallback) Decompiling 04116540, pcode error at 04116540: Unable to disassemble EXTERNAL block location: 04116540  
2026-07-08 22:49:56 WARN  (DecompileCallback) Decompiling 04116548, pcode error at 04116548: Unable to disassemble EXTERNAL block location: 04116548  
2026-07-08 22:49:56 WARN  (DecompileCallback) Decompiling 04116550, pcode error at 04116550: Unable to disassemble EXTERNAL block location: 04116550  
2026-07-08 22:49:56 WARN  (DecompileCallback) Decompiling 04116558, pcode error at 04116558: Unable to disassemble EXTERNAL block location: 04116558  
2026-07-08 22:49:56 WARN  (DecompileCallback) Decompiling 04116560, pcode error at 04116560: Unable to disassemble EXTERNAL block location: 04116560  
2026-07-08 22:49:56 WARN  (DecompileCallback) Decompiling 04116568, pcode error at 04116568: Unable to disassemble EXTERNAL block location: 04116568  
2026-07-08 22:49:56 WARN  (DecompileCallback) Decompiling 04116570, pcode error at 04116570: Unable to disassemble EXTERNAL block location: 04116570  
2026-07-08 22:49:56 WARN  (DecompileCallback) Decompiling 04116578, pcode error at 04116578: Unable to disassemble EXTERNAL block location: 04116578  
2026-07-08 22:49:56 WARN  (DecompileCallback) Decompiling 04116580, pcode error at 04116580: Unable to disassemble EXTERNAL block location: 04116580  
2026-07-08 22:49:56 WARN  (DecompileCallback) Decompiling 04116588, pcode error at 04116588: Unable to disassemble EXTERNAL block location: 04116588  
2026-07-08 22:49:56 WARN  (DecompileCallback) Decompiling 04116590, pcode error at 04116590: Unable to disassemble EXTERNAL block location: 04116590  
2026-07-08 22:49:56 WARN  (DecompileCallback) Decompiling 04116598, pcode error at 04116598: Unable to disassemble EXTERNAL block location: 04116598  
2026-07-08 22:49:56 WARN  (DecompileCallback) Decompiling 041165a0, pcode error at 041165a0: Unable to disassemble EXTERNAL block location: 041165a0  
2026-07-08 22:49:56 WARN  (DecompileCallback) Decompiling 041165a8, pcode error at 041165a8: Unable to disassemble EXTERNAL block location: 041165a8  
2026-07-08 22:49:56 WARN  (DecompileCallback) Decompiling 041165b0, pcode error at 041165b0: Unable to disassemble EXTERNAL block location: 041165b0  
2026-07-08 22:49:56 WARN  (DecompileCallback) Decompiling 041165b8, pcode error at 041165b8: Unable to disassemble EXTERNAL block location: 041165b8  
2026-07-08 22:49:56 WARN  (DecompileCallback) Decompiling 041165c0, pcode error at 041165c0: Unable to disassemble EXTERNAL block location: 041165c0  
2026-07-08 22:49:56 WARN  (DecompileCallback) Decompiling 041165c8, pcode error at 041165c8: Unable to disassemble EXTERNAL block location: 041165c8  
2026-07-08 22:49:56 WARN  (DecompileCallback) Decompiling 041165d0, pcode error at 041165d0: Unable to disassemble EXTERNAL block location: 041165d0  
2026-07-08 22:49:56 WARN  (DecompileCallback) Decompiling 041165d8, pcode error at 041165d8: Unable to disassemble EXTERNAL block location: 041165d8  
2026-07-08 22:49:56 WARN  (DecompileCallback) Decompiling 041165e0, pcode error at 041165e0: Unable to disassemble EXTERNAL block location: 041165e0  
2026-07-08 22:49:56 WARN  (DecompileCallback) Decompiling 041165e8, pcode error at 041165e8: Unable to disassemble EXTERNAL block location: 041165e8  
2026-07-08 22:49:56 WARN  (DecompileCallback) Decompiling 041165f0, pcode error at 041165f0: Unable to disassemble EXTERNAL block location: 041165f0  
2026-07-08 22:49:56 WARN  (DecompileCallback) Decompiling 041165f8, pcode error at 041165f8: Unable to disassemble EXTERNAL block location: 041165f8  
2026-07-08 22:49:56 WARN  (DecompileCallback) Decompiling 04116600, pcode error at 04116600: Unable to disassemble EXTERNAL block location: 04116600  
2026-07-08 22:49:56 WARN  (DecompileCallback) Decompiling 04116608, pcode error at 04116608: Unable to disassemble EXTERNAL block location: 04116608  
2026-07-08 22:49:56 WARN  (DecompileCallback) Decompiling 04116610, pcode error at 04116610: Unable to disassemble EXTERNAL block location: 04116610  
2026-07-08 22:49:56 WARN  (DecompileCallback) Decompiling 04116618, pcode error at 04116618: Unable to disassemble EXTERNAL block location: 04116618  
2026-07-08 22:49:56 WARN  (DecompileCallback) Decompiling 04116620, pcode error at 04116620: Unable to disassemble EXTERNAL block location: 04116620  
2026-07-08 22:49:56 WARN  (DecompileCallback) Decompiling 04116628, pcode error at 04116628: Unable to disassemble EXTERNAL block location: 04116628  
2026-07-08 22:49:56 WARN  (DecompileCallback) Decompiling 04116630, pcode error at 04116630: Unable to disassemble EXTERNAL block location: 04116630  
2026-07-08 22:49:56 WARN  (DecompileCallback) Decompiling 04116638, pcode error at 04116638: Unable to disassemble EXTERNAL block location: 04116638  
2026-07-08 22:49:56 WARN  (DecompileCallback) Decompiling 04116640, pcode error at 04116640: Unable to disassemble EXTERNAL block location: 04116640  
2026-07-08 22:49:56 WARN  (DecompileCallback) Decompiling 04116648, pcode error at 04116648: Unable to disassemble EXTERNAL block location: 04116648  
2026-07-08 22:49:56 WARN  (DecompileCallback) Decompiling 04116650, pcode error at 04116650: Unable to disassemble EXTERNAL block location: 04116650  
2026-07-08 22:49:56 WARN  (DecompileCallback) Decompiling 04116658, pcode error at 04116658: Unable to disassemble EXTERNAL block location: 04116658  
2026-07-08 22:49:56 WARN  (DecompileCallback) Decompiling 04116660, pcode error at 04116660: Unable to disassemble EXTERNAL block location: 04116660  
2026-07-08 22:49:56 WARN  (DecompileCallback) Decompiling 04116668, pcode error at 04116668: Unable to disassemble EXTERNAL block location: 04116668  
2026-07-08 22:49:56 WARN  (DecompileCallback) Decompiling 04116670, pcode error at 04116670: Unable to disassemble EXTERNAL block location: 04116670  
2026-07-08 22:49:56 WARN  (DecompileCallback) Decompiling 04116678, pcode error at 04116678: Unable to disassemble EXTERNAL block location: 04116678  
2026-07-08 22:49:56 WARN  (DecompileCallback) Decompiling 04116680, pcode error at 04116680: Unable to disassemble EXTERNAL block location: 04116680  
2026-07-08 22:49:56 WARN  (DecompileCallback) Decompiling 04116688, pcode error at 04116688: Unable to disassemble EXTERNAL block location: 04116688  
2026-07-08 22:49:56 WARN  (DecompileCallback) Decompiling 04116690, pcode error at 04116690: Unable to disassemble EXTERNAL block location: 04116690  
2026-07-08 22:49:56 WARN  (DecompileCallback) Decompiling 04116698, pcode error at 04116698: Unable to disassemble EXTERNAL block location: 04116698  
2026-07-08 22:49:56 WARN  (DecompileCallback) Decompiling 041166a0, pcode error at 041166a0: Unable to disassemble EXTERNAL block location: 041166a0  
2026-07-08 22:49:56 WARN  (DecompileCallback) Decompiling 041166a8, pcode error at 041166a8: Unable to disassemble EXTERNAL block location: 041166a8  
2026-07-08 22:49:56 WARN  (DecompileCallback) Decompiling 041166b0, pcode error at 041166b0: Unable to disassemble EXTERNAL block location: 041166b0  
2026-07-08 22:49:56 WARN  (DecompileCallback) Decompiling 041166b8, pcode error at 041166b8: Unable to disassemble EXTERNAL block location: 041166b8  
2026-07-08 22:49:56 WARN  (DecompileCallback) Decompiling 041166c0, pcode error at 041166c0: Unable to disassemble EXTERNAL block location: 041166c0  
2026-07-08 22:49:56 WARN  (DecompileCallback) Decompiling 041166c8, pcode error at 041166c8: Unable to disassemble EXTERNAL block location: 041166c8  
2026-07-08 22:49:56 WARN  (DecompileCallback) Decompiling 041166d0, pcode error at 041166d0: Unable to disassemble EXTERNAL block location: 041166d0  
2026-07-08 22:49:56 WARN  (DecompileCallback) Decompiling 041166d8, pcode error at 041166d8: Unable to disassemble EXTERNAL block location: 041166d8  
2026-07-08 22:49:56 WARN  (DecompileCallback) Decompiling 041166e0, pcode error at 041166e0: Unable to disassemble EXTERNAL block location: 041166e0  
2026-07-08 22:49:56 WARN  (DecompileCallback) Decompiling 041166e8, pcode error at 041166e8: Unable to disassemble EXTERNAL block location: 041166e8  
2026-07-08 22:49:56 WARN  (DecompileCallback) Decompiling 041166f0, pcode error at 041166f0: Unable to disassemble EXTERNAL block location: 041166f0  
2026-07-08 22:49:56 WARN  (DecompileCallback) Decompiling 041166f8, pcode error at 041166f8: Unable to disassemble EXTERNAL block location: 041166f8  
2026-07-08 22:49:56 WARN  (DecompileCallback) Decompiling 04116700, pcode error at 04116700: Unable to disassemble EXTERNAL block location: 04116700  
2026-07-08 22:49:56 WARN  (DecompileCallback) Decompiling 04116708, pcode error at 04116708: Unable to disassemble EXTERNAL block location: 04116708  
2026-07-08 22:49:56 WARN  (DecompileCallback) Decompiling 04116710, pcode error at 04116710: Unable to disassemble EXTERNAL block location: 04116710  
2026-07-08 22:49:56 WARN  (DecompileCallback) Decompiling 04116718, pcode error at 04116718: Unable to disassemble EXTERNAL block location: 04116718  
2026-07-08 22:49:56 WARN  (DecompileCallback) Decompiling 04116720, pcode error at 04116720: Unable to disassemble EXTERNAL block location: 04116720  
2026-07-08 22:49:56 WARN  (DecompileCallback) Decompiling 04116728, pcode error at 04116728: Unable to disassemble EXTERNAL block location: 04116728  
2026-07-08 22:49:56 WARN  (DecompileCallback) Decompiling 04116730, pcode error at 04116730: Unable to disassemble EXTERNAL block location: 04116730  
2026-07-08 22:49:56 WARN  (DecompileCallback) Decompiling 04116738, pcode error at 04116738: Unable to disassemble EXTERNAL block location: 04116738  
2026-07-08 22:49:56 WARN  (DecompileCallback) Decompiling 04116740, pcode error at 04116740: Unable to disassemble EXTERNAL block location: 04116740  
2026-07-08 22:49:56 WARN  (DecompileCallback) Decompiling 04116748, pcode error at 04116748: Unable to disassemble EXTERNAL block location: 04116748  
2026-07-08 22:49:56 WARN  (DecompileCallback) Decompiling 04116750, pcode error at 04116750: Unable to disassemble EXTERNAL block location: 04116750  
2026-07-08 22:49:56 WARN  (DecompileCallback) Decompiling 04116758, pcode error at 04116758: Unable to disassemble EXTERNAL block location: 04116758  
2026-07-08 22:49:56 WARN  (DecompileCallback) Decompiling 04116760, pcode error at 04116760: Unable to disassemble EXTERNAL block location: 04116760  
2026-07-08 22:49:56 WARN  (DecompileCallback) Decompiling 04116768, pcode error at 04116768: Unable to disassemble EXTERNAL block location: 04116768  
2026-07-08 22:49:56 WARN  (DecompileCallback) Decompiling 04116770, pcode error at 04116770: Unable to disassemble EXTERNAL block location: 04116770  
2026-07-08 22:49:56 WARN  (DecompileCallback) Decompiling 04116778, pcode error at 04116778: Unable to disassemble EXTERNAL block location: 04116778  
2026-07-08 22:49:56 WARN  (DecompileCallback) Decompiling 04116780, pcode error at 04116780: Unable to disassemble EXTERNAL block location: 04116780  
2026-07-08 22:49:56 WARN  (DecompileCallback) Decompiling 04116788, pcode error at 04116788: Unable to disassemble EXTERNAL block location: 04116788  
2026-07-08 22:49:56 WARN  (DecompileCallback) Decompiling 04116790, pcode error at 04116790: Unable to disassemble EXTERNAL block location: 04116790  
2026-07-08 22:49:56 WARN  (DecompileCallback) Decompiling 04116798, pcode error at 04116798: Unable to disassemble EXTERNAL block location: 04116798  
2026-07-08 22:49:56 WARN  (DecompileCallback) Decompiling 041167a0, pcode error at 041167a0: Unable to disassemble EXTERNAL block location: 041167a0  
2026-07-08 22:49:56 WARN  (DecompileCallback) Decompiling 041167a8, pcode error at 041167a8: Unable to disassemble EXTERNAL block location: 041167a8  
2026-07-08 22:49:56 WARN  (DecompileCallback) Decompiling 041167b0, pcode error at 041167b0: Unable to disassemble EXTERNAL block location: 041167b0  
2026-07-08 22:49:56 WARN  (DecompileCallback) Decompiling 041167b8, pcode error at 041167b8: Unable to disassemble EXTERNAL block location: 041167b8  
2026-07-08 22:49:56 WARN  (DecompileCallback) Decompiling 041167c0, pcode error at 041167c0: Unable to disassemble EXTERNAL block location: 041167c0  
2026-07-08 22:49:56 WARN  (DecompileCallback) Decompiling 041167c8, pcode error at 041167c8: Unable to disassemble EXTERNAL block location: 041167c8  
2026-07-08 22:49:56 WARN  (DecompileCallback) Decompiling 041167d0, pcode error at 041167d0: Unable to disassemble EXTERNAL block location: 041167d0  
2026-07-08 22:49:56 WARN  (DecompileCallback) Decompiling 041167e0, pcode error at 041167e0: Unable to disassemble EXTERNAL block location: 041167e0  
2026-07-08 22:49:56 WARN  (DecompileCallback) Decompiling 041167e8, pcode error at 041167e8: Unable to disassemble EXTERNAL block location: 041167e8  
2026-07-08 22:49:56 WARN  (DecompileCallback) Decompiling 041167f0, pcode error at 041167f0: Unable to disassemble EXTERNAL block location: 041167f0  
2026-07-08 22:49:56 WARN  (DecompileCallback) Decompiling 041167f8, pcode error at 041167f8: Unable to disassemble EXTERNAL block location: 041167f8  
2026-07-08 22:49:56 WARN  (DecompileCallback) Decompiling 04116800, pcode error at 04116800: Unable to disassemble EXTERNAL block location: 04116800  
2026-07-08 22:49:56 WARN  (DecompileCallback) Decompiling 04116808, pcode error at 04116808: Unable to disassemble EXTERNAL block location: 04116808  
2026-07-08 22:49:56 WARN  (DecompileCallback) Decompiling 04116810, pcode error at 04116810: Unable to disassemble EXTERNAL block location: 04116810  
2026-07-08 22:49:56 WARN  (DecompileCallback) Decompiling 04116818, pcode error at 04116818: Unable to disassemble EXTERNAL block location: 04116818  
2026-07-08 22:49:57 INFO  (GhidraScript) GeneralStructureEyePatternScan.java> General structure scan complete.  
2026-07-08 22:49:57 INFO  (GhidraScript) GeneralStructureEyePatternScan.java> Total functions scanned: 253489  
2026-07-08 22:49:57 INFO  (GhidraScript) GeneralStructureEyePatternScan.java> Exported functions: 462  
2026-07-08 22:49:57 INFO  (GhidraScript) GeneralStructureEyePatternScan.java> Decompile failures: 2  
2026-07-08 22:49:57 INFO  (GhidraScript) GeneralStructureEyePatternScan.java> Report CSV: C:\realDesktop\manifest-evaluations\summer-26\ghidra-pipeline\il2cpp-files\FruitBladeVR\general-structure-results\structure_scan_report.csv  
2026-07-08 22:49:57 INFO  (GhidraScript) GeneralStructureEyePatternScan.java> Report JSON: C:\realDesktop\manifest-evaluations\summer-26\ghidra-pipeline\il2cpp-files\FruitBladeVR\general-structure-results\structure_scan_report.json  
2026-07-08 22:49:57 INFO  (HeadlessAnalyzer) REPORT: Save succeeded for processed file: /FruitBladeVR-libil2cpp.so  
2026-07-08 23:43:05 INFO  (LoggingInitialization) Using log config file: jar:file:/C:/Users/kimgiordano27/Downloads/ghidra_12.1.2_PUBLIC_20260605/ghidra_12.1.2_PUBLIC/Ghidra/Framework/Generic/lib/Generic.jar!/generic.log4j.xml  
2026-07-08 23:43:05 INFO  (LoggingInitialization) Using log file: C:\realDesktop\manifest-evaluations\summer-26\ghidra-pipeline\il2cpp-files\FruitBladeVR\general-structure-ghidra.log  
2026-07-08 23:43:05 DEBUG (GhidraObjectInputFilter) Including serial input filter: FileSystem/data/client.rmi.serial.filter  
2026-07-08 23:43:05 INFO  (Preferences) Loading user preferences: C:\Users\kimgiordano27\AppData\Roaming\ghidra\ghidra_12.1.2_PUBLIC\preferences  
2026-07-08 23:43:05 INFO  (ClassSearcher) Searching for classes...  
2026-07-08 23:43:06 INFO  (ClassSearcher) Class search complete (673 ms)  
2026-07-08 23:43:06 INFO  (DefaultSSLContextInitializer) Initializing SSL Context  
2026-07-08 23:43:06 INFO  (SecureRandomFactory) Initializing Random Number Generator...  
2026-07-08 23:43:06 INFO  (SecureRandomFactory) Random Number Generator initialization complete: SHA1PRNG  
2026-07-08 23:43:06 INFO  (DefaultTrustManagerFactory) Trust manager disabled, cacerts have not been set  
2026-07-08 23:43:07 INFO  (AnalyzeHeadless) Headless startup complete (6889 ms)  
2026-07-08 23:43:07 INFO  (ClassSearcher) Class searcher loaded 59 extension points (20 false positives)  
2026-07-08 23:43:07 INFO  (HeadlessAnalyzer) HEADLESS Script Paths:
    C:\Users\kimgiordano27\Downloads\ghidra_12.1.2_PUBLIC_20260605\ghidra_12.1.2_PUBLIC\Ghidra\Features\DecompilerDependent\ghidra_scripts
    C:\Users\kimgiordano27\Downloads\ghidra_12.1.2_PUBLIC_20260605\ghidra_12.1.2_PUBLIC\Ghidra\Processors\Atmel\ghidra_scripts
    C:\Users\kimgiordano27\Downloads\ghidra_12.1.2_PUBLIC_20260605\ghidra_12.1.2_PUBLIC\Ghidra\Processors\PIC\ghidra_scripts
    C:\Users\kimgiordano27\Downloads\ghidra_12.1.2_PUBLIC_20260605\ghidra_12.1.2_PUBLIC\Ghidra\Features\VersionTracking\ghidra_scripts
    C:\Users\kimgiordano27\Downloads\ghidra_12.1.2_PUBLIC_20260605\ghidra_12.1.2_PUBLIC\Ghidra\Features\BytePatterns\ghidra_scripts
    C:\Users\kimgiordano27\ghidra_scripts
    C:\Users\kimgiordano27\Downloads\ghidra_12.1.2_PUBLIC_20260605\ghidra_12.1.2_PUBLIC\Ghidra\Features\BSim\ghidra_scripts
    C:\realDesktop\manifest-evaluations\summer-26\ghidra-pipeline\ghidra-export-scripts
    C:\Users\kimgiordano27\Downloads\ghidra_12.1.2_PUBLIC_20260605\ghidra_12.1.2_PUBLIC\Ghidra\Processors\JVM\ghidra_scripts
    C:\Users\kimgiordano27\Downloads\ghidra_12.1.2_PUBLIC_20260605\ghidra_12.1.2_PUBLIC\Ghidra\Features\Base\ghidra_scripts
    C:\Users\kimgiordano27\Downloads\ghidra_12.1.2_PUBLIC_20260605\ghidra_12.1.2_PUBLIC\Ghidra\Features\SwiftDemangler\ghidra_scripts
    C:\Users\kimgiordano27\Downloads\ghidra_12.1.2_PUBLIC_20260605\ghidra_12.1.2_PUBLIC\Ghidra\Features\WildcardAssembler\ghidra_scripts
    C:\Users\kimgiordano27\Downloads\ghidra_12.1.2_PUBLIC_20260605\ghidra_12.1.2_PUBLIC\Ghidra\Features\FileFormats\ghidra_scripts
    C:\Users\kimgiordano27\Downloads\ghidra_12.1.2_PUBLIC_20260605\ghidra_12.1.2_PUBLIC\Ghidra\Features\Decompiler\ghidra_scripts
    C:\Users\kimgiordano27\Downloads\ghidra_12.1.2_PUBLIC_20260605\ghidra_12.1.2_PUBLIC\Ghidra\Features\SystemEmulation\ghidra_scripts
    C:\Users\kimgiordano27\Downloads\ghidra_12.1.2_PUBLIC_20260605\ghidra_12.1.2_PUBLIC\Ghidra\Processors\8051\ghidra_scripts
    C:\Users\kimgiordano27\Downloads\ghidra_12.1.2_PUBLIC_20260605\ghidra_12.1.2_PUBLIC\Ghidra\Features\GnuDemangler\ghidra_scripts
    C:\Users\kimgiordano27\Downloads\ghidra_12.1.2_PUBLIC_20260605\ghidra_12.1.2_PUBLIC\Ghidra\Debug\Debugger\ghidra_scripts
    C:\Users\kimgiordano27\Downloads\ghidra_12.1.2_PUBLIC_20260605\ghidra_12.1.2_PUBLIC\Ghidra\Processors\DATA\ghidra_scripts
    C:\Users\kimgiordano27\Downloads\ghidra_12.1.2_PUBLIC_20260605\ghidra_12.1.2_PUBLIC\Ghidra\Debug\Debugger-rmi-trace\ghidra_scripts
    C:\Users\kimgiordano27\Downloads\ghidra_12.1.2_PUBLIC_20260605\ghidra_12.1.2_PUBLIC\Ghidra\Features\FunctionID\ghidra_scripts
    C:\Users\kimgiordano27\Downloads\ghidra_12.1.2_PUBLIC_20260605\ghidra_12.1.2_PUBLIC\Ghidra\Features\MicrosoftCodeAnalyzer\ghidra_scripts
    C:\Users\kimgiordano27\Downloads\ghidra_12.1.2_PUBLIC_20260605\ghidra_12.1.2_PUBLIC\Ghidra\Features\PDB\ghidra_scripts
    C:\Users\kimgiordano27\AppData\Roaming\ghidra\ghidra_12.1.2_PUBLIC\Extensions\Jython\ghidra_scripts
    C:\Users\kimgiordano27\Downloads\ghidra_12.1.2_PUBLIC_20260605\ghidra_12.1.2_PUBLIC\Ghidra\Features\PyGhidra\ghidra_scripts  
2026-07-08 23:43:07 INFO  (HeadlessAnalyzer) HEADLESS: execution starts  
2026-07-08 23:43:07 INFO  (HeadlessAnalyzer) Opening existing project: C:\realDesktop\manifest-evaluations\summer-26\ghidra-pipeline\il2cpp-files\FruitBladeVR\ghidra-project\FruitBladeVR  
2026-07-08 23:43:07 INFO  (HeadlessProject) Opening project: C:\realDesktop\manifest-evaluations\summer-26\ghidra-pipeline\il2cpp-files\FruitBladeVR\ghidra-project\FruitBladeVR  
2026-07-08 23:43:09 INFO  (HeadlessAnalyzer) REPORT: Processing project file: /FruitBladeVR-libil2cpp.so  
2026-07-08 23:43:09 INFO  (HeadlessAnalyzer) REPORT: Execute script: GeneralStructureEyePatternScan.java 'C:\realDesktop\manifest-evaluations\summer-26\ghidra-pipeline\il2cpp-files\FruitBladeVR\general-structure-results' '70' 'false'   
2026-07-08 23:43:10 INFO  (HeadlessAnalyzer) SCRIPT: C:\realDesktop\manifest-evaluations\summer-26\ghidra-pipeline\ghidra-export-scripts\GeneralStructureEyePatternScan.java  
2026-07-08 23:43:10 INFO  (GhidraScript) GeneralStructureEyePatternScan.java> General structure scan starting...  
2026-07-08 23:43:10 INFO  (GhidraScript) GeneralStructureEyePatternScan.java> Output: C:\realDesktop\manifest-evaluations\summer-26\ghidra-pipeline\il2cpp-files\FruitBladeVR\general-structure-results  
2026-07-08 23:43:10 INFO  (GhidraScript) GeneralStructureEyePatternScan.java> Minimum review score: 70  
2026-07-08 23:43:10 INFO  (GhidraScript) GeneralStructureEyePatternScan.java> Export all: false  
2026-07-08 23:43:27 INFO  (GhidraScript) GeneralStructureEyePatternScan.java> Scanned 10000 functions. Exported so far: 0  
2026-07-08 23:43:40 INFO  (GhidraScript) GeneralStructureEyePatternScan.java> Scanned 20000 functions. Exported so far: 0  
2026-07-08 23:43:53 INFO  (GhidraScript) GeneralStructureEyePatternScan.java> Scanned 30000 functions. Exported so far: 0  
2026-07-08 23:44:15 INFO  (GhidraScript) GeneralStructureEyePatternScan.java> Scanned 40000 functions. Exported so far: 0  
2026-07-08 23:44:38 INFO  (GhidraScript) GeneralStructureEyePatternScan.java> Scanned 50000 functions. Exported so far: 0  
2026-07-08 23:44:56 INFO  (GhidraScript) GeneralStructureEyePatternScan.java> Scanned 60000 functions. Exported so far: 0  
2026-07-08 23:45:13 INFO  (GhidraScript) GeneralStructureEyePatternScan.java> Scanned 70000 functions. Exported so far: 1  
2026-07-08 23:46:14 INFO  (GhidraScript) GeneralStructureEyePatternScan.java> Scanned 80000 functions. Exported so far: 28  
2026-07-08 23:48:13 INFO  (GhidraScript) GeneralStructureEyePatternScan.java> Scanned 90000 functions. Exported so far: 79  
2026-07-08 23:49:05 INFO  (GhidraScript) GeneralStructureEyePatternScan.java> Scanned 100000 functions. Exported so far: 98  
2026-07-08 23:50:06 INFO  (GhidraScript) GeneralStructureEyePatternScan.java> Scanned 110000 functions. Exported so far: 122  
2026-07-08 23:51:33 INFO  (GhidraScript) GeneralStructureEyePatternScan.java> Scanned 120000 functions. Exported so far: 128  
2026-07-08 23:52:38 INFO  (GhidraScript) GeneralStructureEyePatternScan.java> Scanned 130000 functions. Exported so far: 131  
2026-07-08 23:53:46 INFO  (GhidraScript) GeneralStructureEyePatternScan.java> Scanned 140000 functions. Exported so far: 136  
2026-07-08 23:54:42 INFO  (GhidraScript) GeneralStructureEyePatternScan.java> Scanned 150000 functions. Exported so far: 149  
2026-07-08 23:55:46 INFO  (GhidraScript) GeneralStructureEyePatternScan.java> Scanned 160000 functions. Exported so far: 155  
2026-07-08 23:56:39 INFO  (GhidraScript) GeneralStructureEyePatternScan.java> Scanned 170000 functions. Exported so far: 183  
2026-07-08 23:57:32 INFO  (GhidraScript) GeneralStructureEyePatternScan.java> Scanned 180000 functions. Exported so far: 190  
2026-07-08 23:59:09 INFO  (GhidraScript) GeneralStructureEyePatternScan.java> Scanned 190000 functions. Exported so far: 205  
2026-07-09 00:00:33 INFO  (GhidraScript) GeneralStructureEyePatternScan.java> Scanned 200000 functions. Exported so far: 213  
2026-07-09 00:01:38 INFO  (GhidraScript) GeneralStructureEyePatternScan.java> Scanned 210000 functions. Exported so far: 240  
2026-07-09 00:03:00 INFO  (GhidraScript) GeneralStructureEyePatternScan.java> Scanned 220000 functions. Exported so far: 261  
2026-07-09 00:05:47 INFO  (GhidraScript) GeneralStructureEyePatternScan.java> Scanned 230000 functions. Exported so far: 395  
2026-07-09 00:07:00 INFO  (GhidraScript) GeneralStructureEyePatternScan.java> Scanned 240000 functions. Exported so far: 426  
2026-07-09 00:09:02 INFO  (GhidraScript) GeneralStructureEyePatternScan.java> Scanned 250000 functions. Exported so far: 459  
2026-07-09 00:09:19 WARN  (DecompileCallback) Decompiling 04116000, pcode error at 04116000: Unable to disassemble EXTERNAL block location: 04116000  
2026-07-09 00:09:19 WARN  (DecompileCallback) Decompiling 04116008, pcode error at 04116008: Unable to disassemble EXTERNAL block location: 04116008  
2026-07-09 00:09:19 WARN  (DecompileCallback) Decompiling 04116010, pcode error at 04116010: Unable to disassemble EXTERNAL block location: 04116010  
2026-07-09 00:09:19 WARN  (DecompileCallback) Decompiling 04116018, pcode error at 04116018: Unable to disassemble EXTERNAL block location: 04116018  
2026-07-09 00:09:19 WARN  (DecompileCallback) Decompiling 04116020, pcode error at 04116020: Unable to disassemble EXTERNAL block location: 04116020  
2026-07-09 00:09:19 WARN  (DecompileCallback) Decompiling 04116028, pcode error at 04116028: Unable to disassemble EXTERNAL block location: 04116028  
2026-07-09 00:09:19 WARN  (DecompileCallback) Decompiling 04116030, pcode error at 04116030: Unable to disassemble EXTERNAL block location: 04116030  
2026-07-09 00:09:19 WARN  (DecompileCallback) Decompiling 04116038, pcode error at 04116038: Unable to disassemble EXTERNAL block location: 04116038  
2026-07-09 00:09:19 WARN  (DecompileCallback) Decompiling 04116040, pcode error at 04116040: Unable to disassemble EXTERNAL block location: 04116040  
2026-07-09 00:09:19 WARN  (DecompileCallback) Decompiling 04116048, pcode error at 04116048: Unable to disassemble EXTERNAL block location: 04116048  
2026-07-09 00:09:19 WARN  (DecompileCallback) Decompiling 04116050, pcode error at 04116050: Unable to disassemble EXTERNAL block location: 04116050  
2026-07-09 00:09:19 WARN  (DecompileCallback) Decompiling 04116058, pcode error at 04116058: Unable to disassemble EXTERNAL block location: 04116058  
2026-07-09 00:09:19 WARN  (DecompileCallback) Decompiling 04116060, pcode error at 04116060: Unable to disassemble EXTERNAL block location: 04116060  
2026-07-09 00:09:19 WARN  (DecompileCallback) Decompiling 04116068, pcode error at 04116068: Unable to disassemble EXTERNAL block location: 04116068  
2026-07-09 00:09:19 WARN  (DecompileCallback) Decompiling 04116070, pcode error at 04116070: Unable to disassemble EXTERNAL block location: 04116070  
2026-07-09 00:09:19 WARN  (DecompileCallback) Decompiling 04116078, pcode error at 04116078: Unable to disassemble EXTERNAL block location: 04116078  
2026-07-09 00:09:19 WARN  (DecompileCallback) Decompiling 04116080, pcode error at 04116080: Unable to disassemble EXTERNAL block location: 04116080  
2026-07-09 00:09:19 WARN  (DecompileCallback) Decompiling 04116088, pcode error at 04116088: Unable to disassemble EXTERNAL block location: 04116088  
2026-07-09 00:09:19 WARN  (DecompileCallback) Decompiling 04116090, pcode error at 04116090: Unable to disassemble EXTERNAL block location: 04116090  
2026-07-09 00:09:19 WARN  (DecompileCallback) Decompiling 04116098, pcode error at 04116098: Unable to disassemble EXTERNAL block location: 04116098  
2026-07-09 00:09:19 WARN  (DecompileCallback) Decompiling 041160a0, pcode error at 041160a0: Unable to disassemble EXTERNAL block location: 041160a0  
2026-07-09 00:09:19 WARN  (DecompileCallback) Decompiling 041160a8, pcode error at 041160a8: Unable to disassemble EXTERNAL block location: 041160a8  
2026-07-09 00:09:19 WARN  (DecompileCallback) Decompiling 041160b0, pcode error at 041160b0: Unable to disassemble EXTERNAL block location: 041160b0  
2026-07-09 00:09:19 WARN  (DecompileCallback) Decompiling 041160b8, pcode error at 041160b8: Unable to disassemble EXTERNAL block location: 041160b8  
2026-07-09 00:09:19 WARN  (DecompileCallback) Decompiling 041160c0, pcode error at 041160c0: Unable to disassemble EXTERNAL block location: 041160c0  
2026-07-09 00:09:19 WARN  (DecompileCallback) Decompiling 041160c8, pcode error at 041160c8: Unable to disassemble EXTERNAL block location: 041160c8  
2026-07-09 00:09:19 WARN  (DecompileCallback) Decompiling 041160d0, pcode error at 041160d0: Unable to disassemble EXTERNAL block location: 041160d0  
2026-07-09 00:09:19 WARN  (DecompileCallback) Decompiling 041160d8, pcode error at 041160d8: Unable to disassemble EXTERNAL block location: 041160d8  
2026-07-09 00:09:19 WARN  (DecompileCallback) Decompiling 041160e0, pcode error at 041160e0: Unable to disassemble EXTERNAL block location: 041160e0  
2026-07-09 00:09:19 WARN  (DecompileCallback) Decompiling 041160e8, pcode error at 041160e8: Unable to disassemble EXTERNAL block location: 041160e8  
2026-07-09 00:09:19 WARN  (DecompileCallback) Decompiling 041160f0, pcode error at 041160f0: Unable to disassemble EXTERNAL block location: 041160f0  
2026-07-09 00:09:19 WARN  (DecompileCallback) Decompiling 041160f8, pcode error at 041160f8: Unable to disassemble EXTERNAL block location: 041160f8  
2026-07-09 00:09:19 WARN  (DecompileCallback) Decompiling 04116100, pcode error at 04116100: Unable to disassemble EXTERNAL block location: 04116100  
2026-07-09 00:09:19 WARN  (DecompileCallback) Decompiling 04116108, pcode error at 04116108: Unable to disassemble EXTERNAL block location: 04116108  
2026-07-09 00:09:19 WARN  (DecompileCallback) Decompiling 04116110, pcode error at 04116110: Unable to disassemble EXTERNAL block location: 04116110  
2026-07-09 00:09:19 WARN  (DecompileCallback) Decompiling 04116118, pcode error at 04116118: Unable to disassemble EXTERNAL block location: 04116118  
2026-07-09 00:09:19 WARN  (DecompileCallback) Decompiling 04116120, pcode error at 04116120: Unable to disassemble EXTERNAL block location: 04116120  
2026-07-09 00:09:19 WARN  (DecompileCallback) Decompiling 04116128, pcode error at 04116128: Unable to disassemble EXTERNAL block location: 04116128  
2026-07-09 00:09:19 WARN  (DecompileCallback) Decompiling 04116130, pcode error at 04116130: Unable to disassemble EXTERNAL block location: 04116130  
2026-07-09 00:09:19 WARN  (DecompileCallback) Decompiling 04116138, pcode error at 04116138: Unable to disassemble EXTERNAL block location: 04116138  
2026-07-09 00:09:19 WARN  (DecompileCallback) Decompiling 04116140, pcode error at 04116140: Unable to disassemble EXTERNAL block location: 04116140  
2026-07-09 00:09:19 WARN  (DecompileCallback) Decompiling 04116150, pcode error at 04116150: Unable to disassemble EXTERNAL block location: 04116150  
2026-07-09 00:09:19 WARN  (DecompileCallback) Decompiling 04116158, pcode error at 04116158: Unable to disassemble EXTERNAL block location: 04116158  
2026-07-09 00:09:19 WARN  (DecompileCallback) Decompiling 04116160, pcode error at 04116160: Unable to disassemble EXTERNAL block location: 04116160  
2026-07-09 00:09:19 WARN  (DecompileCallback) Decompiling 04116168, pcode error at 04116168: Unable to disassemble EXTERNAL block location: 04116168  
2026-07-09 00:09:19 WARN  (DecompileCallback) Decompiling 04116170, pcode error at 04116170: Unable to disassemble EXTERNAL block location: 04116170  
2026-07-09 00:09:19 WARN  (DecompileCallback) Decompiling 04116178, pcode error at 04116178: Unable to disassemble EXTERNAL block location: 04116178  
2026-07-09 00:09:19 WARN  (DecompileCallback) Decompiling 04116180, pcode error at 04116180: Unable to disassemble EXTERNAL block location: 04116180  
2026-07-09 00:09:19 WARN  (DecompileCallback) Decompiling 04116188, pcode error at 04116188: Unable to disassemble EXTERNAL block location: 04116188  
2026-07-09 00:09:19 WARN  (DecompileCallback) Decompiling 04116190, pcode error at 04116190: Unable to disassemble EXTERNAL block location: 04116190  
2026-07-09 00:09:19 WARN  (DecompileCallback) Decompiling 04116198, pcode error at 04116198: Unable to disassemble EXTERNAL block location: 04116198  
2026-07-09 00:09:19 WARN  (DecompileCallback) Decompiling 041161a0, pcode error at 041161a0: Unable to disassemble EXTERNAL block location: 041161a0  
2026-07-09 00:09:19 WARN  (DecompileCallback) Decompiling 041161a8, pcode error at 041161a8: Unable to disassemble EXTERNAL block location: 041161a8  
2026-07-09 00:09:19 WARN  (DecompileCallback) Decompiling 041161b0, pcode error at 041161b0: Unable to disassemble EXTERNAL block location: 041161b0  
2026-07-09 00:09:19 WARN  (DecompileCallback) Decompiling 041161b8, pcode error at 041161b8: Unable to disassemble EXTERNAL block location: 041161b8  
2026-07-09 00:09:19 WARN  (DecompileCallback) Decompiling 041161c0, pcode error at 041161c0: Unable to disassemble EXTERNAL block location: 041161c0  
2026-07-09 00:09:19 WARN  (DecompileCallback) Decompiling 041161c8, pcode error at 041161c8: Unable to disassemble EXTERNAL block location: 041161c8  
2026-07-09 00:09:19 WARN  (DecompileCallback) Decompiling 041161d0, pcode error at 041161d0: Unable to disassemble EXTERNAL block location: 041161d0  
2026-07-09 00:09:19 WARN  (DecompileCallback) Decompiling 041161d8, pcode error at 041161d8: Unable to disassemble EXTERNAL block location: 041161d8  
2026-07-09 00:09:19 WARN  (DecompileCallback) Decompiling 041161e0, pcode error at 041161e0: Unable to disassemble EXTERNAL block location: 041161e0  
2026-07-09 00:09:19 WARN  (DecompileCallback) Decompiling 041161e8, pcode error at 041161e8: Unable to disassemble EXTERNAL block location: 041161e8  
2026-07-09 00:09:19 WARN  (DecompileCallback) Decompiling 041161f0, pcode error at 041161f0: Unable to disassemble EXTERNAL block location: 041161f0  
2026-07-09 00:09:19 WARN  (DecompileCallback) Decompiling 041161f8, pcode error at 041161f8: Unable to disassemble EXTERNAL block location: 041161f8  
2026-07-09 00:09:19 WARN  (DecompileCallback) Decompiling 04116200, pcode error at 04116200: Unable to disassemble EXTERNAL block location: 04116200  
2026-07-09 00:09:19 WARN  (DecompileCallback) Decompiling 04116208, pcode error at 04116208: Unable to disassemble EXTERNAL block location: 04116208  
2026-07-09 00:09:19 WARN  (DecompileCallback) Decompiling 04116210, pcode error at 04116210: Unable to disassemble EXTERNAL block location: 04116210  
2026-07-09 00:09:19 WARN  (DecompileCallback) Decompiling 04116218, pcode error at 04116218: Unable to disassemble EXTERNAL block location: 04116218  
2026-07-09 00:09:19 WARN  (DecompileCallback) Decompiling 04116220, pcode error at 04116220: Unable to disassemble EXTERNAL block location: 04116220  
2026-07-09 00:09:19 WARN  (DecompileCallback) Decompiling 04116228, pcode error at 04116228: Unable to disassemble EXTERNAL block location: 04116228  
2026-07-09 00:09:19 WARN  (DecompileCallback) Decompiling 04116230, pcode error at 04116230: Unable to disassemble EXTERNAL block location: 04116230  
2026-07-09 00:09:19 WARN  (DecompileCallback) Decompiling 04116238, pcode error at 04116238: Unable to disassemble EXTERNAL block location: 04116238  
2026-07-09 00:09:19 WARN  (DecompileCallback) Decompiling 04116240, pcode error at 04116240: Unable to disassemble EXTERNAL block location: 04116240  
2026-07-09 00:09:19 WARN  (DecompileCallback) Decompiling 04116248, pcode error at 04116248: Unable to disassemble EXTERNAL block location: 04116248  
2026-07-09 00:09:19 WARN  (DecompileCallback) Decompiling 04116250, pcode error at 04116250: Unable to disassemble EXTERNAL block location: 04116250  
2026-07-09 00:09:19 WARN  (DecompileCallback) Decompiling 04116258, pcode error at 04116258: Unable to disassemble EXTERNAL block location: 04116258  
2026-07-09 00:09:19 WARN  (DecompileCallback) Decompiling 04116260, pcode error at 04116260: Unable to disassemble EXTERNAL block location: 04116260  
2026-07-09 00:09:19 WARN  (DecompileCallback) Decompiling 04116268, pcode error at 04116268: Unable to disassemble EXTERNAL block location: 04116268  
2026-07-09 00:09:19 WARN  (DecompileCallback) Decompiling 04116270, pcode error at 04116270: Unable to disassemble EXTERNAL block location: 04116270  
2026-07-09 00:09:19 WARN  (DecompileCallback) Decompiling 04116278, pcode error at 04116278: Unable to disassemble EXTERNAL block location: 04116278  
2026-07-09 00:09:19 WARN  (DecompileCallback) Decompiling 04116280, pcode error at 04116280: Unable to disassemble EXTERNAL block location: 04116280  
2026-07-09 00:09:19 WARN  (DecompileCallback) Decompiling 04116288, pcode error at 04116288: Unable to disassemble EXTERNAL block location: 04116288  
2026-07-09 00:09:19 WARN  (DecompileCallback) Decompiling 04116290, pcode error at 04116290: Unable to disassemble EXTERNAL block location: 04116290  
2026-07-09 00:09:19 WARN  (DecompileCallback) Decompiling 04116298, pcode error at 04116298: Unable to disassemble EXTERNAL block location: 04116298  
2026-07-09 00:09:19 WARN  (DecompileCallback) Decompiling 041162a0, pcode error at 041162a0: Unable to disassemble EXTERNAL block location: 041162a0  
2026-07-09 00:09:19 WARN  (DecompileCallback) Decompiling 041162a8, pcode error at 041162a8: Unable to disassemble EXTERNAL block location: 041162a8  
2026-07-09 00:09:19 WARN  (DecompileCallback) Decompiling 041162b0, pcode error at 041162b0: Unable to disassemble EXTERNAL block location: 041162b0  
2026-07-09 00:09:19 WARN  (DecompileCallback) Decompiling 041162b8, pcode error at 041162b8: Unable to disassemble EXTERNAL block location: 041162b8  
2026-07-09 00:09:19 WARN  (DecompileCallback) Decompiling 041162c0, pcode error at 041162c0: Unable to disassemble EXTERNAL block location: 041162c0  
2026-07-09 00:09:19 WARN  (DecompileCallback) Decompiling 041162c8, pcode error at 041162c8: Unable to disassemble EXTERNAL block location: 041162c8  
2026-07-09 00:09:19 WARN  (DecompileCallback) Decompiling 041162d0, pcode error at 041162d0: Unable to disassemble EXTERNAL block location: 041162d0  
2026-07-09 00:09:19 WARN  (DecompileCallback) Decompiling 041162d8, pcode error at 041162d8: Unable to disassemble EXTERNAL block location: 041162d8  
2026-07-09 00:09:19 WARN  (DecompileCallback) Decompiling 041162e0, pcode error at 041162e0: Unable to disassemble EXTERNAL block location: 041162e0  
2026-07-09 00:09:19 WARN  (DecompileCallback) Decompiling 041162e8, pcode error at 041162e8: Unable to disassemble EXTERNAL block location: 041162e8  
2026-07-09 00:09:19 WARN  (DecompileCallback) Decompiling 041162f0, pcode error at 041162f0: Unable to disassemble EXTERNAL block location: 041162f0  
2026-07-09 00:09:19 WARN  (DecompileCallback) Decompiling 041162f8, pcode error at 041162f8: Unable to disassemble EXTERNAL block location: 041162f8  
2026-07-09 00:09:19 WARN  (DecompileCallback) Decompiling 04116300, pcode error at 04116300: Unable to disassemble EXTERNAL block location: 04116300  
2026-07-09 00:09:19 WARN  (DecompileCallback) Decompiling 04116308, pcode error at 04116308: Unable to disassemble EXTERNAL block location: 04116308  
2026-07-09 00:09:19 WARN  (DecompileCallback) Decompiling 04116310, pcode error at 04116310: Unable to disassemble EXTERNAL block location: 04116310  
2026-07-09 00:09:19 WARN  (DecompileCallback) Decompiling 04116318, pcode error at 04116318: Unable to disassemble EXTERNAL block location: 04116318  
2026-07-09 00:09:19 WARN  (DecompileCallback) Decompiling 04116320, pcode error at 04116320: Unable to disassemble EXTERNAL block location: 04116320  
2026-07-09 00:09:19 WARN  (DecompileCallback) Decompiling 04116328, pcode error at 04116328: Unable to disassemble EXTERNAL block location: 04116328  
2026-07-09 00:09:19 WARN  (DecompileCallback) Decompiling 04116330, pcode error at 04116330: Unable to disassemble EXTERNAL block location: 04116330  
2026-07-09 00:09:19 WARN  (DecompileCallback) Decompiling 04116338, pcode error at 04116338: Unable to disassemble EXTERNAL block location: 04116338  
2026-07-09 00:09:19 WARN  (DecompileCallback) Decompiling 04116340, pcode error at 04116340: Unable to disassemble EXTERNAL block location: 04116340  
2026-07-09 00:09:19 WARN  (DecompileCallback) Decompiling 04116348, pcode error at 04116348: Unable to disassemble EXTERNAL block location: 04116348  
2026-07-09 00:09:19 WARN  (DecompileCallback) Decompiling 04116350, pcode error at 04116350: Unable to disassemble EXTERNAL block location: 04116350  
2026-07-09 00:09:19 WARN  (DecompileCallback) Decompiling 04116358, pcode error at 04116358: Unable to disassemble EXTERNAL block location: 04116358  
2026-07-09 00:09:19 WARN  (DecompileCallback) Decompiling 04116360, pcode error at 04116360: Unable to disassemble EXTERNAL block location: 04116360  
2026-07-09 00:09:19 WARN  (DecompileCallback) Decompiling 04116368, pcode error at 04116368: Unable to disassemble EXTERNAL block location: 04116368  
2026-07-09 00:09:19 WARN  (DecompileCallback) Decompiling 04116370, pcode error at 04116370: Unable to disassemble EXTERNAL block location: 04116370  
2026-07-09 00:09:19 WARN  (DecompileCallback) Decompiling 04116378, pcode error at 04116378: Unable to disassemble EXTERNAL block location: 04116378  
2026-07-09 00:09:19 WARN  (DecompileCallback) Decompiling 04116380, pcode error at 04116380: Unable to disassemble EXTERNAL block location: 04116380  
2026-07-09 00:09:19 WARN  (DecompileCallback) Decompiling 04116388, pcode error at 04116388: Unable to disassemble EXTERNAL block location: 04116388  
2026-07-09 00:09:19 WARN  (DecompileCallback) Decompiling 04116390, pcode error at 04116390: Unable to disassemble EXTERNAL block location: 04116390  
2026-07-09 00:09:19 WARN  (DecompileCallback) Decompiling 04116398, pcode error at 04116398: Unable to disassemble EXTERNAL block location: 04116398  
2026-07-09 00:09:19 WARN  (DecompileCallback) Decompiling 041163a0, pcode error at 041163a0: Unable to disassemble EXTERNAL block location: 041163a0  
2026-07-09 00:09:19 WARN  (DecompileCallback) Decompiling 041163a8, pcode error at 041163a8: Unable to disassemble EXTERNAL block location: 041163a8  
2026-07-09 00:09:19 WARN  (DecompileCallback) Decompiling 041163b0, pcode error at 041163b0: Unable to disassemble EXTERNAL block location: 041163b0  
2026-07-09 00:09:19 WARN  (DecompileCallback) Decompiling 041163b8, pcode error at 041163b8: Unable to disassemble EXTERNAL block location: 041163b8  
2026-07-09 00:09:19 WARN  (DecompileCallback) Decompiling 041163c0, pcode error at 041163c0: Unable to disassemble EXTERNAL block location: 041163c0  
2026-07-09 00:09:19 WARN  (DecompileCallback) Decompiling 041163c8, pcode error at 041163c8: Unable to disassemble EXTERNAL block location: 041163c8  
2026-07-09 00:09:19 WARN  (DecompileCallback) Decompiling 041163d0, pcode error at 041163d0: Unable to disassemble EXTERNAL block location: 041163d0  
2026-07-09 00:09:19 WARN  (DecompileCallback) Decompiling 041163d8, pcode error at 041163d8: Unable to disassemble EXTERNAL block location: 041163d8  
2026-07-09 00:09:19 WARN  (DecompileCallback) Decompiling 041163e0, pcode error at 041163e0: Unable to disassemble EXTERNAL block location: 041163e0  
2026-07-09 00:09:19 WARN  (DecompileCallback) Decompiling 041163e8, pcode error at 041163e8: Unable to disassemble EXTERNAL block location: 041163e8  
2026-07-09 00:09:19 WARN  (DecompileCallback) Decompiling 041163f0, pcode error at 041163f0: Unable to disassemble EXTERNAL block location: 041163f0  
2026-07-09 00:09:19 WARN  (DecompileCallback) Decompiling 041163f8, pcode error at 041163f8: Unable to disassemble EXTERNAL block location: 041163f8  
2026-07-09 00:09:19 WARN  (DecompileCallback) Decompiling 04116400, pcode error at 04116400: Unable to disassemble EXTERNAL block location: 04116400  
2026-07-09 00:09:19 WARN  (DecompileCallback) Decompiling 04116408, pcode error at 04116408: Unable to disassemble EXTERNAL block location: 04116408  
2026-07-09 00:09:19 WARN  (DecompileCallback) Decompiling 04116410, pcode error at 04116410: Unable to disassemble EXTERNAL block location: 04116410  
2026-07-09 00:09:19 WARN  (DecompileCallback) Decompiling 04116418, pcode error at 04116418: Unable to disassemble EXTERNAL block location: 04116418  
2026-07-09 00:09:19 WARN  (DecompileCallback) Decompiling 04116420, pcode error at 04116420: Unable to disassemble EXTERNAL block location: 04116420  
2026-07-09 00:09:19 WARN  (DecompileCallback) Decompiling 04116428, pcode error at 04116428: Unable to disassemble EXTERNAL block location: 04116428  
2026-07-09 00:09:19 WARN  (DecompileCallback) Decompiling 04116430, pcode error at 04116430: Unable to disassemble EXTERNAL block location: 04116430  
2026-07-09 00:09:19 WARN  (DecompileCallback) Decompiling 04116438, pcode error at 04116438: Unable to disassemble EXTERNAL block location: 04116438  
2026-07-09 00:09:19 WARN  (DecompileCallback) Decompiling 04116440, pcode error at 04116440: Unable to disassemble EXTERNAL block location: 04116440  
2026-07-09 00:09:19 WARN  (DecompileCallback) Decompiling 04116448, pcode error at 04116448: Unable to disassemble EXTERNAL block location: 04116448  
2026-07-09 00:09:19 WARN  (DecompileCallback) Decompiling 04116450, pcode error at 04116450: Unable to disassemble EXTERNAL block location: 04116450  
2026-07-09 00:09:19 WARN  (DecompileCallback) Decompiling 04116458, pcode error at 04116458: Unable to disassemble EXTERNAL block location: 04116458  
2026-07-09 00:09:19 WARN  (DecompileCallback) Decompiling 04116460, pcode error at 04116460: Unable to disassemble EXTERNAL block location: 04116460  
2026-07-09 00:09:19 WARN  (DecompileCallback) Decompiling 04116468, pcode error at 04116468: Unable to disassemble EXTERNAL block location: 04116468  
2026-07-09 00:09:19 WARN  (DecompileCallback) Decompiling 04116470, pcode error at 04116470: Unable to disassemble EXTERNAL block location: 04116470  
2026-07-09 00:09:19 WARN  (DecompileCallback) Decompiling 04116478, pcode error at 04116478: Unable to disassemble EXTERNAL block location: 04116478  
2026-07-09 00:09:19 WARN  (DecompileCallback) Decompiling 04116480, pcode error at 04116480: Unable to disassemble EXTERNAL block location: 04116480  
2026-07-09 00:09:19 WARN  (DecompileCallback) Decompiling 04116488, pcode error at 04116488: Unable to disassemble EXTERNAL block location: 04116488  
2026-07-09 00:09:19 WARN  (DecompileCallback) Decompiling 04116490, pcode error at 04116490: Unable to disassemble EXTERNAL block location: 04116490  
2026-07-09 00:09:19 WARN  (DecompileCallback) Decompiling 04116498, pcode error at 04116498: Unable to disassemble EXTERNAL block location: 04116498  
2026-07-09 00:09:19 WARN  (DecompileCallback) Decompiling 041164a0, pcode error at 041164a0: Unable to disassemble EXTERNAL block location: 041164a0  
2026-07-09 00:09:19 WARN  (DecompileCallback) Decompiling 041164a8, pcode error at 041164a8: Unable to disassemble EXTERNAL block location: 041164a8  
2026-07-09 00:09:19 WARN  (DecompileCallback) Decompiling 041164b0, pcode error at 041164b0: Unable to disassemble EXTERNAL block location: 041164b0  
2026-07-09 00:09:19 WARN  (DecompileCallback) Decompiling 041164b8, pcode error at 041164b8: Unable to disassemble EXTERNAL block location: 041164b8  
2026-07-09 00:09:19 WARN  (DecompileCallback) Decompiling 041164c0, pcode error at 041164c0: Unable to disassemble EXTERNAL block location: 041164c0  
2026-07-09 00:09:19 WARN  (DecompileCallback) Decompiling 041164c8, pcode error at 041164c8: Unable to disassemble EXTERNAL block location: 041164c8  
2026-07-09 00:09:19 WARN  (DecompileCallback) Decompiling 041164d0, pcode error at 041164d0: Unable to disassemble EXTERNAL block location: 041164d0  
2026-07-09 00:09:19 WARN  (DecompileCallback) Decompiling 041164d8, pcode error at 041164d8: Unable to disassemble EXTERNAL block location: 041164d8  
2026-07-09 00:09:19 WARN  (DecompileCallback) Decompiling 041164e0, pcode error at 041164e0: Unable to disassemble EXTERNAL block location: 041164e0  
2026-07-09 00:09:19 WARN  (DecompileCallback) Decompiling 041164e8, pcode error at 041164e8: Unable to disassemble EXTERNAL block location: 041164e8  
2026-07-09 00:09:19 WARN  (DecompileCallback) Decompiling 041164f0, pcode error at 041164f0: Unable to disassemble EXTERNAL block location: 041164f0  
2026-07-09 00:09:19 WARN  (DecompileCallback) Decompiling 041164f8, pcode error at 041164f8: Unable to disassemble EXTERNAL block location: 041164f8  
2026-07-09 00:09:19 WARN  (DecompileCallback) Decompiling 04116500, pcode error at 04116500: Unable to disassemble EXTERNAL block location: 04116500  
2026-07-09 00:09:19 WARN  (DecompileCallback) Decompiling 04116508, pcode error at 04116508: Unable to disassemble EXTERNAL block location: 04116508  
2026-07-09 00:09:19 WARN  (DecompileCallback) Decompiling 04116510, pcode error at 04116510: Unable to disassemble EXTERNAL block location: 04116510  
2026-07-09 00:09:19 WARN  (DecompileCallback) Decompiling 04116518, pcode error at 04116518: Unable to disassemble EXTERNAL block location: 04116518  
2026-07-09 00:09:19 WARN  (DecompileCallback) Decompiling 04116520, pcode error at 04116520: Unable to disassemble EXTERNAL block location: 04116520  
2026-07-09 00:09:19 WARN  (DecompileCallback) Decompiling 04116528, pcode error at 04116528: Unable to disassemble EXTERNAL block location: 04116528  
2026-07-09 00:09:19 WARN  (DecompileCallback) Decompiling 04116530, pcode error at 04116530: Unable to disassemble EXTERNAL block location: 04116530  
2026-07-09 00:09:19 WARN  (DecompileCallback) Decompiling 04116538, pcode error at 04116538: Unable to disassemble EXTERNAL block location: 04116538  
2026-07-09 00:09:19 WARN  (DecompileCallback) Decompiling 04116540, pcode error at 04116540: Unable to disassemble EXTERNAL block location: 04116540  
2026-07-09 00:09:19 WARN  (DecompileCallback) Decompiling 04116548, pcode error at 04116548: Unable to disassemble EXTERNAL block location: 04116548  
2026-07-09 00:09:19 WARN  (DecompileCallback) Decompiling 04116550, pcode error at 04116550: Unable to disassemble EXTERNAL block location: 04116550  
2026-07-09 00:09:19 WARN  (DecompileCallback) Decompiling 04116558, pcode error at 04116558: Unable to disassemble EXTERNAL block location: 04116558  
2026-07-09 00:09:19 WARN  (DecompileCallback) Decompiling 04116560, pcode error at 04116560: Unable to disassemble EXTERNAL block location: 04116560  
2026-07-09 00:09:19 WARN  (DecompileCallback) Decompiling 04116568, pcode error at 04116568: Unable to disassemble EXTERNAL block location: 04116568  
2026-07-09 00:09:19 WARN  (DecompileCallback) Decompiling 04116570, pcode error at 04116570: Unable to disassemble EXTERNAL block location: 04116570  
2026-07-09 00:09:19 WARN  (DecompileCallback) Decompiling 04116578, pcode error at 04116578: Unable to disassemble EXTERNAL block location: 04116578  
2026-07-09 00:09:19 WARN  (DecompileCallback) Decompiling 04116580, pcode error at 04116580: Unable to disassemble EXTERNAL block location: 04116580  
2026-07-09 00:09:19 WARN  (DecompileCallback) Decompiling 04116588, pcode error at 04116588: Unable to disassemble EXTERNAL block location: 04116588  
2026-07-09 00:09:19 WARN  (DecompileCallback) Decompiling 04116590, pcode error at 04116590: Unable to disassemble EXTERNAL block location: 04116590  
2026-07-09 00:09:19 WARN  (DecompileCallback) Decompiling 04116598, pcode error at 04116598: Unable to disassemble EXTERNAL block location: 04116598  
2026-07-09 00:09:19 WARN  (DecompileCallback) Decompiling 041165a0, pcode error at 041165a0: Unable to disassemble EXTERNAL block location: 041165a0  
2026-07-09 00:09:19 WARN  (DecompileCallback) Decompiling 041165a8, pcode error at 041165a8: Unable to disassemble EXTERNAL block location: 041165a8  
2026-07-09 00:09:19 WARN  (DecompileCallback) Decompiling 041165b0, pcode error at 041165b0: Unable to disassemble EXTERNAL block location: 041165b0  
2026-07-09 00:09:19 WARN  (DecompileCallback) Decompiling 041165b8, pcode error at 041165b8: Unable to disassemble EXTERNAL block location: 041165b8  
2026-07-09 00:09:19 WARN  (DecompileCallback) Decompiling 041165c0, pcode error at 041165c0: Unable to disassemble EXTERNAL block location: 041165c0  
2026-07-09 00:09:19 WARN  (DecompileCallback) Decompiling 041165c8, pcode error at 041165c8: Unable to disassemble EXTERNAL block location: 041165c8  
2026-07-09 00:09:19 WARN  (DecompileCallback) Decompiling 041165d0, pcode error at 041165d0: Unable to disassemble EXTERNAL block location: 041165d0  
2026-07-09 00:09:19 WARN  (DecompileCallback) Decompiling 041165d8, pcode error at 041165d8: Unable to disassemble EXTERNAL block location: 041165d8  
2026-07-09 00:09:19 WARN  (DecompileCallback) Decompiling 041165e0, pcode error at 041165e0: Unable to disassemble EXTERNAL block location: 041165e0  
2026-07-09 00:09:19 WARN  (DecompileCallback) Decompiling 041165e8, pcode error at 041165e8: Unable to disassemble EXTERNAL block location: 041165e8  
2026-07-09 00:09:19 WARN  (DecompileCallback) Decompiling 041165f0, pcode error at 041165f0: Unable to disassemble EXTERNAL block location: 041165f0  
2026-07-09 00:09:19 WARN  (DecompileCallback) Decompiling 041165f8, pcode error at 041165f8: Unable to disassemble EXTERNAL block location: 041165f8  
2026-07-09 00:09:19 WARN  (DecompileCallback) Decompiling 04116600, pcode error at 04116600: Unable to disassemble EXTERNAL block location: 04116600  
2026-07-09 00:09:19 WARN  (DecompileCallback) Decompiling 04116608, pcode error at 04116608: Unable to disassemble EXTERNAL block location: 04116608  
2026-07-09 00:09:19 WARN  (DecompileCallback) Decompiling 04116610, pcode error at 04116610: Unable to disassemble EXTERNAL block location: 04116610  
2026-07-09 00:09:19 WARN  (DecompileCallback) Decompiling 04116618, pcode error at 04116618: Unable to disassemble EXTERNAL block location: 04116618  
2026-07-09 00:09:19 WARN  (DecompileCallback) Decompiling 04116620, pcode error at 04116620: Unable to disassemble EXTERNAL block location: 04116620  
2026-07-09 00:09:19 WARN  (DecompileCallback) Decompiling 04116628, pcode error at 04116628: Unable to disassemble EXTERNAL block location: 04116628  
2026-07-09 00:09:19 WARN  (DecompileCallback) Decompiling 04116630, pcode error at 04116630: Unable to disassemble EXTERNAL block location: 04116630  
2026-07-09 00:09:19 WARN  (DecompileCallback) Decompiling 04116638, pcode error at 04116638: Unable to disassemble EXTERNAL block location: 04116638  
2026-07-09 00:09:19 WARN  (DecompileCallback) Decompiling 04116640, pcode error at 04116640: Unable to disassemble EXTERNAL block location: 04116640  
2026-07-09 00:09:19 WARN  (DecompileCallback) Decompiling 04116648, pcode error at 04116648: Unable to disassemble EXTERNAL block location: 04116648  
2026-07-09 00:09:19 WARN  (DecompileCallback) Decompiling 04116650, pcode error at 04116650: Unable to disassemble EXTERNAL block location: 04116650  
2026-07-09 00:09:19 WARN  (DecompileCallback) Decompiling 04116658, pcode error at 04116658: Unable to disassemble EXTERNAL block location: 04116658  
2026-07-09 00:09:19 WARN  (DecompileCallback) Decompiling 04116660, pcode error at 04116660: Unable to disassemble EXTERNAL block location: 04116660  
2026-07-09 00:09:19 WARN  (DecompileCallback) Decompiling 04116668, pcode error at 04116668: Unable to disassemble EXTERNAL block location: 04116668  
2026-07-09 00:09:19 WARN  (DecompileCallback) Decompiling 04116670, pcode error at 04116670: Unable to disassemble EXTERNAL block location: 04116670  
2026-07-09 00:09:19 WARN  (DecompileCallback) Decompiling 04116678, pcode error at 04116678: Unable to disassemble EXTERNAL block location: 04116678  
2026-07-09 00:09:19 WARN  (DecompileCallback) Decompiling 04116680, pcode error at 04116680: Unable to disassemble EXTERNAL block location: 04116680  
2026-07-09 00:09:19 WARN  (DecompileCallback) Decompiling 04116688, pcode error at 04116688: Unable to disassemble EXTERNAL block location: 04116688  
2026-07-09 00:09:19 WARN  (DecompileCallback) Decompiling 04116690, pcode error at 04116690: Unable to disassemble EXTERNAL block location: 04116690  
2026-07-09 00:09:19 WARN  (DecompileCallback) Decompiling 04116698, pcode error at 04116698: Unable to disassemble EXTERNAL block location: 04116698  
2026-07-09 00:09:19 WARN  (DecompileCallback) Decompiling 041166a0, pcode error at 041166a0: Unable to disassemble EXTERNAL block location: 041166a0  
2026-07-09 00:09:19 WARN  (DecompileCallback) Decompiling 041166a8, pcode error at 041166a8: Unable to disassemble EXTERNAL block location: 041166a8  
2026-07-09 00:09:19 WARN  (DecompileCallback) Decompiling 041166b0, pcode error at 041166b0: Unable to disassemble EXTERNAL block location: 041166b0  
2026-07-09 00:09:19 WARN  (DecompileCallback) Decompiling 041166b8, pcode error at 041166b8: Unable to disassemble EXTERNAL block location: 041166b8  
2026-07-09 00:09:19 WARN  (DecompileCallback) Decompiling 041166c0, pcode error at 041166c0: Unable to disassemble EXTERNAL block location: 041166c0  
2026-07-09 00:09:19 WARN  (DecompileCallback) Decompiling 041166c8, pcode error at 041166c8: Unable to disassemble EXTERNAL block location: 041166c8  
2026-07-09 00:09:19 WARN  (DecompileCallback) Decompiling 041166d0, pcode error at 041166d0: Unable to disassemble EXTERNAL block location: 041166d0  
2026-07-09 00:09:19 WARN  (DecompileCallback) Decompiling 041166d8, pcode error at 041166d8: Unable to disassemble EXTERNAL block location: 041166d8  
2026-07-09 00:09:19 WARN  (DecompileCallback) Decompiling 041166e0, pcode error at 041166e0: Unable to disassemble EXTERNAL block location: 041166e0  
2026-07-09 00:09:19 WARN  (DecompileCallback) Decompiling 041166e8, pcode error at 041166e8: Unable to disassemble EXTERNAL block location: 041166e8  
2026-07-09 00:09:19 WARN  (DecompileCallback) Decompiling 041166f0, pcode error at 041166f0: Unable to disassemble EXTERNAL block location: 041166f0  
2026-07-09 00:09:19 WARN  (DecompileCallback) Decompiling 041166f8, pcode error at 041166f8: Unable to disassemble EXTERNAL block location: 041166f8  
2026-07-09 00:09:19 WARN  (DecompileCallback) Decompiling 04116700, pcode error at 04116700: Unable to disassemble EXTERNAL block location: 04116700  
2026-07-09 00:09:19 WARN  (DecompileCallback) Decompiling 04116708, pcode error at 04116708: Unable to disassemble EXTERNAL block location: 04116708  
2026-07-09 00:09:19 WARN  (DecompileCallback) Decompiling 04116710, pcode error at 04116710: Unable to disassemble EXTERNAL block location: 04116710  
2026-07-09 00:09:19 WARN  (DecompileCallback) Decompiling 04116718, pcode error at 04116718: Unable to disassemble EXTERNAL block location: 04116718  
2026-07-09 00:09:19 WARN  (DecompileCallback) Decompiling 04116720, pcode error at 04116720: Unable to disassemble EXTERNAL block location: 04116720  
2026-07-09 00:09:19 WARN  (DecompileCallback) Decompiling 04116728, pcode error at 04116728: Unable to disassemble EXTERNAL block location: 04116728  
2026-07-09 00:09:19 WARN  (DecompileCallback) Decompiling 04116730, pcode error at 04116730: Unable to disassemble EXTERNAL block location: 04116730  
2026-07-09 00:09:19 WARN  (DecompileCallback) Decompiling 04116738, pcode error at 04116738: Unable to disassemble EXTERNAL block location: 04116738  
2026-07-09 00:09:19 WARN  (DecompileCallback) Decompiling 04116740, pcode error at 04116740: Unable to disassemble EXTERNAL block location: 04116740  
2026-07-09 00:09:19 WARN  (DecompileCallback) Decompiling 04116748, pcode error at 04116748: Unable to disassemble EXTERNAL block location: 04116748  
2026-07-09 00:09:19 WARN  (DecompileCallback) Decompiling 04116750, pcode error at 04116750: Unable to disassemble EXTERNAL block location: 04116750  
2026-07-09 00:09:19 WARN  (DecompileCallback) Decompiling 04116758, pcode error at 04116758: Unable to disassemble EXTERNAL block location: 04116758  
2026-07-09 00:09:19 WARN  (DecompileCallback) Decompiling 04116760, pcode error at 04116760: Unable to disassemble EXTERNAL block location: 04116760  
2026-07-09 00:09:19 WARN  (DecompileCallback) Decompiling 04116768, pcode error at 04116768: Unable to disassemble EXTERNAL block location: 04116768  
2026-07-09 00:09:19 WARN  (DecompileCallback) Decompiling 04116770, pcode error at 04116770: Unable to disassemble EXTERNAL block location: 04116770  
2026-07-09 00:09:19 WARN  (DecompileCallback) Decompiling 04116778, pcode error at 04116778: Unable to disassemble EXTERNAL block location: 04116778  
2026-07-09 00:09:19 WARN  (DecompileCallback) Decompiling 04116780, pcode error at 04116780: Unable to disassemble EXTERNAL block location: 04116780  
2026-07-09 00:09:19 WARN  (DecompileCallback) Decompiling 04116788, pcode error at 04116788: Unable to disassemble EXTERNAL block location: 04116788  
2026-07-09 00:09:19 WARN  (DecompileCallback) Decompiling 04116790, pcode error at 04116790: Unable to disassemble EXTERNAL block location: 04116790  
2026-07-09 00:09:19 WARN  (DecompileCallback) Decompiling 04116798, pcode error at 04116798: Unable to disassemble EXTERNAL block location: 04116798  
2026-07-09 00:09:19 WARN  (DecompileCallback) Decompiling 041167a0, pcode error at 041167a0: Unable to disassemble EXTERNAL block location: 041167a0  
2026-07-09 00:09:19 WARN  (DecompileCallback) Decompiling 041167a8, pcode error at 041167a8: Unable to disassemble EXTERNAL block location: 041167a8  
2026-07-09 00:09:19 WARN  (DecompileCallback) Decompiling 041167b0, pcode error at 041167b0: Unable to disassemble EXTERNAL block location: 041167b0  
2026-07-09 00:09:19 WARN  (DecompileCallback) Decompiling 041167b8, pcode error at 041167b8: Unable to disassemble EXTERNAL block location: 041167b8  
2026-07-09 00:09:19 WARN  (DecompileCallback) Decompiling 041167c0, pcode error at 041167c0: Unable to disassemble EXTERNAL block location: 041167c0  
2026-07-09 00:09:19 WARN  (DecompileCallback) Decompiling 041167c8, pcode error at 041167c8: Unable to disassemble EXTERNAL block location: 041167c8  
2026-07-09 00:09:19 WARN  (DecompileCallback) Decompiling 041167d0, pcode error at 041167d0: Unable to disassemble EXTERNAL block location: 041167d0  
2026-07-09 00:09:19 WARN  (DecompileCallback) Decompiling 041167e0, pcode error at 041167e0: Unable to disassemble EXTERNAL block location: 041167e0  
2026-07-09 00:09:19 WARN  (DecompileCallback) Decompiling 041167e8, pcode error at 041167e8: Unable to disassemble EXTERNAL block location: 041167e8  
2026-07-09 00:09:19 WARN  (DecompileCallback) Decompiling 041167f0, pcode error at 041167f0: Unable to disassemble EXTERNAL block location: 041167f0  
2026-07-09 00:09:19 WARN  (DecompileCallback) Decompiling 041167f8, pcode error at 041167f8: Unable to disassemble EXTERNAL block location: 041167f8  
2026-07-09 00:09:19 WARN  (DecompileCallback) Decompiling 04116800, pcode error at 04116800: Unable to disassemble EXTERNAL block location: 04116800  
2026-07-09 00:09:19 WARN  (DecompileCallback) Decompiling 04116808, pcode error at 04116808: Unable to disassemble EXTERNAL block location: 04116808  
2026-07-09 00:09:19 WARN  (DecompileCallback) Decompiling 04116810, pcode error at 04116810: Unable to disassemble EXTERNAL block location: 04116810  
2026-07-09 00:09:19 WARN  (DecompileCallback) Decompiling 04116818, pcode error at 04116818: Unable to disassemble EXTERNAL block location: 04116818  
2026-07-09 00:09:19 INFO  (GhidraScript) GeneralStructureEyePatternScan.java> General structure scan complete.  
2026-07-09 00:09:19 INFO  (GhidraScript) GeneralStructureEyePatternScan.java> Total functions scanned: 253489  
2026-07-09 00:09:19 INFO  (GhidraScript) GeneralStructureEyePatternScan.java> Exported functions: 462  
2026-07-09 00:09:19 INFO  (GhidraScript) GeneralStructureEyePatternScan.java> Decompile failures: 2  
2026-07-09 00:09:19 INFO  (GhidraScript) GeneralStructureEyePatternScan.java> Report CSV: C:\realDesktop\manifest-evaluations\summer-26\ghidra-pipeline\il2cpp-files\FruitBladeVR\general-structure-results\structure_scan_report.csv  
2026-07-09 00:09:19 INFO  (GhidraScript) GeneralStructureEyePatternScan.java> Report JSON: C:\realDesktop\manifest-evaluations\summer-26\ghidra-pipeline\il2cpp-files\FruitBladeVR\general-structure-results\structure_scan_report.json  
2026-07-09 00:09:19 INFO  (HeadlessAnalyzer) REPORT: Save succeeded for processed file: /FruitBladeVR-libil2cpp.so  
2026-07-09 14:57:58 INFO  (LoggingInitialization) Using log config file: jar:file:/C:/Users/kimgiordano27/Downloads/ghidra_12.1.2_PUBLIC_20260605/ghidra_12.1.2_PUBLIC/Ghidra/Framework/Generic/lib/Generic.jar!/generic.log4j.xml  
2026-07-09 14:57:58 INFO  (LoggingInitialization) Using log file: C:\realDesktop\manifest-evaluations\summer-26\ghidra-pipeline\il2cpp-files\FruitBladeVR\general-structure-ghidra.log  
2026-07-09 14:57:58 DEBUG (GhidraObjectInputFilter) Including serial input filter: FileSystem/data/client.rmi.serial.filter  
2026-07-09 14:57:58 INFO  (Preferences) Loading user preferences: C:\Users\kimgiordano27\AppData\Roaming\ghidra\ghidra_12.1.2_PUBLIC\preferences  
2026-07-09 14:57:58 INFO  (ClassSearcher) Searching for classes...  
2026-07-09 14:57:58 INFO  (ClassSearcher) Class search complete (672 ms)  
2026-07-09 14:57:59 INFO  (DefaultSSLContextInitializer) Initializing SSL Context  
2026-07-09 14:57:59 INFO  (SecureRandomFactory) Initializing Random Number Generator...  
2026-07-09 14:57:59 INFO  (SecureRandomFactory) Random Number Generator initialization complete: SHA1PRNG  
2026-07-09 14:57:59 INFO  (DefaultTrustManagerFactory) Trust manager disabled, cacerts have not been set  
2026-07-09 14:57:59 INFO  (AnalyzeHeadless) Headless startup complete (6351 ms)  
2026-07-09 14:57:59 INFO  (ClassSearcher) Class searcher loaded 59 extension points (20 false positives)  
2026-07-09 14:57:59 INFO  (HeadlessAnalyzer) HEADLESS Script Paths:
    C:\Users\kimgiordano27\Downloads\ghidra_12.1.2_PUBLIC_20260605\ghidra_12.1.2_PUBLIC\Ghidra\Features\DecompilerDependent\ghidra_scripts
    C:\Users\kimgiordano27\Downloads\ghidra_12.1.2_PUBLIC_20260605\ghidra_12.1.2_PUBLIC\Ghidra\Processors\Atmel\ghidra_scripts
    C:\Users\kimgiordano27\Downloads\ghidra_12.1.2_PUBLIC_20260605\ghidra_12.1.2_PUBLIC\Ghidra\Processors\PIC\ghidra_scripts
    C:\Users\kimgiordano27\Downloads\ghidra_12.1.2_PUBLIC_20260605\ghidra_12.1.2_PUBLIC\Ghidra\Features\VersionTracking\ghidra_scripts
    C:\Users\kimgiordano27\Downloads\ghidra_12.1.2_PUBLIC_20260605\ghidra_12.1.2_PUBLIC\Ghidra\Features\BytePatterns\ghidra_scripts
    C:\Users\kimgiordano27\ghidra_scripts
    C:\Users\kimgiordano27\Downloads\ghidra_12.1.2_PUBLIC_20260605\ghidra_12.1.2_PUBLIC\Ghidra\Features\BSim\ghidra_scripts
    C:\realDesktop\manifest-evaluations\summer-26\ghidra-pipeline\ghidra-export-scripts
    C:\Users\kimgiordano27\Downloads\ghidra_12.1.2_PUBLIC_20260605\ghidra_12.1.2_PUBLIC\Ghidra\Processors\JVM\ghidra_scripts
    C:\Users\kimgiordano27\Downloads\ghidra_12.1.2_PUBLIC_20260605\ghidra_12.1.2_PUBLIC\Ghidra\Features\Base\ghidra_scripts
    C:\Users\kimgiordano27\Downloads\ghidra_12.1.2_PUBLIC_20260605\ghidra_12.1.2_PUBLIC\Ghidra\Features\SwiftDemangler\ghidra_scripts
    C:\Users\kimgiordano27\Downloads\ghidra_12.1.2_PUBLIC_20260605\ghidra_12.1.2_PUBLIC\Ghidra\Features\WildcardAssembler\ghidra_scripts
    C:\Users\kimgiordano27\Downloads\ghidra_12.1.2_PUBLIC_20260605\ghidra_12.1.2_PUBLIC\Ghidra\Features\FileFormats\ghidra_scripts
    C:\Users\kimgiordano27\Downloads\ghidra_12.1.2_PUBLIC_20260605\ghidra_12.1.2_PUBLIC\Ghidra\Features\Decompiler\ghidra_scripts
    C:\Users\kimgiordano27\Downloads\ghidra_12.1.2_PUBLIC_20260605\ghidra_12.1.2_PUBLIC\Ghidra\Features\SystemEmulation\ghidra_scripts
    C:\Users\kimgiordano27\Downloads\ghidra_12.1.2_PUBLIC_20260605\ghidra_12.1.2_PUBLIC\Ghidra\Processors\8051\ghidra_scripts
    C:\Users\kimgiordano27\Downloads\ghidra_12.1.2_PUBLIC_20260605\ghidra_12.1.2_PUBLIC\Ghidra\Features\GnuDemangler\ghidra_scripts
    C:\Users\kimgiordano27\Downloads\ghidra_12.1.2_PUBLIC_20260605\ghidra_12.1.2_PUBLIC\Ghidra\Debug\Debugger\ghidra_scripts
    C:\Users\kimgiordano27\Downloads\ghidra_12.1.2_PUBLIC_20260605\ghidra_12.1.2_PUBLIC\Ghidra\Processors\DATA\ghidra_scripts
    C:\Users\kimgiordano27\Downloads\ghidra_12.1.2_PUBLIC_20260605\ghidra_12.1.2_PUBLIC\Ghidra\Debug\Debugger-rmi-trace\ghidra_scripts
    C:\Users\kimgiordano27\Downloads\ghidra_12.1.2_PUBLIC_20260605\ghidra_12.1.2_PUBLIC\Ghidra\Features\FunctionID\ghidra_scripts
    C:\Users\kimgiordano27\Downloads\ghidra_12.1.2_PUBLIC_20260605\ghidra_12.1.2_PUBLIC\Ghidra\Features\MicrosoftCodeAnalyzer\ghidra_scripts
    C:\Users\kimgiordano27\Downloads\ghidra_12.1.2_PUBLIC_20260605\ghidra_12.1.2_PUBLIC\Ghidra\Features\PDB\ghidra_scripts
    C:\Users\kimgiordano27\AppData\Roaming\ghidra\ghidra_12.1.2_PUBLIC\Extensions\Jython\ghidra_scripts
    C:\Users\kimgiordano27\Downloads\ghidra_12.1.2_PUBLIC_20260605\ghidra_12.1.2_PUBLIC\Ghidra\Features\PyGhidra\ghidra_scripts  
2026-07-09 14:57:59 INFO  (HeadlessAnalyzer) HEADLESS: execution starts  
2026-07-09 14:57:59 INFO  (HeadlessAnalyzer) Opening existing project: C:\realDesktop\manifest-evaluations\summer-26\ghidra-pipeline\il2cpp-files\FruitBladeVR\ghidra-project\FruitBladeVR  
2026-07-09 14:57:59 INFO  (HeadlessProject) Opening project: C:\realDesktop\manifest-evaluations\summer-26\ghidra-pipeline\il2cpp-files\FruitBladeVR\ghidra-project\FruitBladeVR  
2026-07-09 14:58:01 INFO  (HeadlessAnalyzer) REPORT: Processing project file: /FruitBladeVR-libil2cpp.so  
2026-07-09 14:58:01 INFO  (HeadlessAnalyzer) REPORT: Execute script: GeneralStructureEyePatternScan.java 'C:\realDesktop\manifest-evaluations\summer-26\ghidra-pipeline\il2cpp-files\FruitBladeVR\general-structure-results' '70' 'false'   
2026-07-09 14:58:03 INFO  (HeadlessAnalyzer) SCRIPT: C:\realDesktop\manifest-evaluations\summer-26\ghidra-pipeline\ghidra-export-scripts\GeneralStructureEyePatternScan.java  
2026-07-09 14:58:03 INFO  (GhidraScript) GeneralStructureEyePatternScan.java> General structure scan starting...  
2026-07-09 14:58:03 INFO  (GhidraScript) GeneralStructureEyePatternScan.java> Output: C:\realDesktop\manifest-evaluations\summer-26\ghidra-pipeline\il2cpp-files\FruitBladeVR\general-structure-results  
2026-07-09 14:58:03 INFO  (GhidraScript) GeneralStructureEyePatternScan.java> Minimum review score: 70  
2026-07-09 14:58:03 INFO  (GhidraScript) GeneralStructureEyePatternScan.java> Export all: false  
2026-07-09 14:58:22 INFO  (GhidraScript) GeneralStructureEyePatternScan.java> Scanned 10000 functions. Exported so far: 0  
2026-07-09 14:58:36 INFO  (GhidraScript) GeneralStructureEyePatternScan.java> Scanned 20000 functions. Exported so far: 0  
2026-07-09 14:58:50 INFO  (GhidraScript) GeneralStructureEyePatternScan.java> Scanned 30000 functions. Exported so far: 0  
2026-07-09 14:59:14 INFO  (GhidraScript) GeneralStructureEyePatternScan.java> Scanned 40000 functions. Exported so far: 0  
2026-07-09 14:59:40 INFO  (GhidraScript) GeneralStructureEyePatternScan.java> Scanned 50000 functions. Exported so far: 0  
2026-07-09 15:00:02 INFO  (GhidraScript) GeneralStructureEyePatternScan.java> Scanned 60000 functions. Exported so far: 0  
2026-07-09 15:00:19 INFO  (GhidraScript) GeneralStructureEyePatternScan.java> Scanned 70000 functions. Exported so far: 1  
2026-07-09 15:01:24 INFO  (GhidraScript) GeneralStructureEyePatternScan.java> Scanned 80000 functions. Exported so far: 13  
2026-07-09 15:03:35 INFO  (GhidraScript) GeneralStructureEyePatternScan.java> Scanned 90000 functions. Exported so far: 19  
2026-07-09 15:04:34 INFO  (GhidraScript) GeneralStructureEyePatternScan.java> Scanned 100000 functions. Exported so far: 20  
2026-07-09 15:05:40 INFO  (GhidraScript) GeneralStructureEyePatternScan.java> Scanned 110000 functions. Exported so far: 20  
2026-07-09 15:07:17 INFO  (GhidraScript) GeneralStructureEyePatternScan.java> Scanned 120000 functions. Exported so far: 20  
2026-07-09 15:08:27 INFO  (GhidraScript) GeneralStructureEyePatternScan.java> Scanned 130000 functions. Exported so far: 20  
2026-07-09 15:09:42 INFO  (GhidraScript) GeneralStructureEyePatternScan.java> Scanned 140000 functions. Exported so far: 20  
2026-07-09 15:10:45 INFO  (GhidraScript) GeneralStructureEyePatternScan.java> Scanned 150000 functions. Exported so far: 21  
2026-07-09 15:11:56 INFO  (GhidraScript) GeneralStructureEyePatternScan.java> Scanned 160000 functions. Exported so far: 21  
2026-07-09 15:12:54 INFO  (GhidraScript) GeneralStructureEyePatternScan.java> Scanned 170000 functions. Exported so far: 22  
2026-07-09 15:13:51 INFO  (GhidraScript) GeneralStructureEyePatternScan.java> Scanned 180000 functions. Exported so far: 22  
2026-07-09 15:15:36 INFO  (GhidraScript) GeneralStructureEyePatternScan.java> Scanned 190000 functions. Exported so far: 22  
2026-07-09 15:17:04 INFO  (GhidraScript) GeneralStructureEyePatternScan.java> Scanned 200000 functions. Exported so far: 23  
2026-07-09 15:18:15 INFO  (GhidraScript) GeneralStructureEyePatternScan.java> Scanned 210000 functions. Exported so far: 30  
2026-07-09 15:19:44 INFO  (GhidraScript) GeneralStructureEyePatternScan.java> Scanned 220000 functions. Exported so far: 40  
2026-07-09 15:22:39 INFO  (GhidraScript) GeneralStructureEyePatternScan.java> Scanned 230000 functions. Exported so far: 64  
2026-07-09 15:23:55 INFO  (GhidraScript) GeneralStructureEyePatternScan.java> Scanned 240000 functions. Exported so far: 85  
2026-07-09 15:26:00 INFO  (GhidraScript) GeneralStructureEyePatternScan.java> Scanned 250000 functions. Exported so far: 86  
2026-07-09 15:26:18 WARN  (DecompileCallback) Decompiling 04116000, pcode error at 04116000: Unable to disassemble EXTERNAL block location: 04116000  
2026-07-09 15:26:18 WARN  (DecompileCallback) Decompiling 04116008, pcode error at 04116008: Unable to disassemble EXTERNAL block location: 04116008  
2026-07-09 15:26:18 WARN  (DecompileCallback) Decompiling 04116010, pcode error at 04116010: Unable to disassemble EXTERNAL block location: 04116010  
2026-07-09 15:26:18 WARN  (DecompileCallback) Decompiling 04116018, pcode error at 04116018: Unable to disassemble EXTERNAL block location: 04116018  
2026-07-09 15:26:18 WARN  (DecompileCallback) Decompiling 04116020, pcode error at 04116020: Unable to disassemble EXTERNAL block location: 04116020  
2026-07-09 15:26:18 WARN  (DecompileCallback) Decompiling 04116028, pcode error at 04116028: Unable to disassemble EXTERNAL block location: 04116028  
2026-07-09 15:26:18 WARN  (DecompileCallback) Decompiling 04116030, pcode error at 04116030: Unable to disassemble EXTERNAL block location: 04116030  
2026-07-09 15:26:18 WARN  (DecompileCallback) Decompiling 04116038, pcode error at 04116038: Unable to disassemble EXTERNAL block location: 04116038  
2026-07-09 15:26:18 WARN  (DecompileCallback) Decompiling 04116040, pcode error at 04116040: Unable to disassemble EXTERNAL block location: 04116040  
2026-07-09 15:26:18 WARN  (DecompileCallback) Decompiling 04116048, pcode error at 04116048: Unable to disassemble EXTERNAL block location: 04116048  
2026-07-09 15:26:18 WARN  (DecompileCallback) Decompiling 04116050, pcode error at 04116050: Unable to disassemble EXTERNAL block location: 04116050  
2026-07-09 15:26:18 WARN  (DecompileCallback) Decompiling 04116058, pcode error at 04116058: Unable to disassemble EXTERNAL block location: 04116058  
2026-07-09 15:26:18 WARN  (DecompileCallback) Decompiling 04116060, pcode error at 04116060: Unable to disassemble EXTERNAL block location: 04116060  
2026-07-09 15:26:18 WARN  (DecompileCallback) Decompiling 04116068, pcode error at 04116068: Unable to disassemble EXTERNAL block location: 04116068  
2026-07-09 15:26:18 WARN  (DecompileCallback) Decompiling 04116070, pcode error at 04116070: Unable to disassemble EXTERNAL block location: 04116070  
2026-07-09 15:26:18 WARN  (DecompileCallback) Decompiling 04116078, pcode error at 04116078: Unable to disassemble EXTERNAL block location: 04116078  
2026-07-09 15:26:18 WARN  (DecompileCallback) Decompiling 04116080, pcode error at 04116080: Unable to disassemble EXTERNAL block location: 04116080  
2026-07-09 15:26:18 WARN  (DecompileCallback) Decompiling 04116088, pcode error at 04116088: Unable to disassemble EXTERNAL block location: 04116088  
2026-07-09 15:26:18 WARN  (DecompileCallback) Decompiling 04116090, pcode error at 04116090: Unable to disassemble EXTERNAL block location: 04116090  
2026-07-09 15:26:18 WARN  (DecompileCallback) Decompiling 04116098, pcode error at 04116098: Unable to disassemble EXTERNAL block location: 04116098  
2026-07-09 15:26:18 WARN  (DecompileCallback) Decompiling 041160a0, pcode error at 041160a0: Unable to disassemble EXTERNAL block location: 041160a0  
2026-07-09 15:26:18 WARN  (DecompileCallback) Decompiling 041160a8, pcode error at 041160a8: Unable to disassemble EXTERNAL block location: 041160a8  
2026-07-09 15:26:18 WARN  (DecompileCallback) Decompiling 041160b0, pcode error at 041160b0: Unable to disassemble EXTERNAL block location: 041160b0  
2026-07-09 15:26:18 WARN  (DecompileCallback) Decompiling 041160b8, pcode error at 041160b8: Unable to disassemble EXTERNAL block location: 041160b8  
2026-07-09 15:26:18 WARN  (DecompileCallback) Decompiling 041160c0, pcode error at 041160c0: Unable to disassemble EXTERNAL block location: 041160c0  
2026-07-09 15:26:18 WARN  (DecompileCallback) Decompiling 041160c8, pcode error at 041160c8: Unable to disassemble EXTERNAL block location: 041160c8  
2026-07-09 15:26:18 WARN  (DecompileCallback) Decompiling 041160d0, pcode error at 041160d0: Unable to disassemble EXTERNAL block location: 041160d0  
2026-07-09 15:26:18 WARN  (DecompileCallback) Decompiling 041160d8, pcode error at 041160d8: Unable to disassemble EXTERNAL block location: 041160d8  
2026-07-09 15:26:18 WARN  (DecompileCallback) Decompiling 041160e0, pcode error at 041160e0: Unable to disassemble EXTERNAL block location: 041160e0  
2026-07-09 15:26:18 WARN  (DecompileCallback) Decompiling 041160e8, pcode error at 041160e8: Unable to disassemble EXTERNAL block location: 041160e8  
2026-07-09 15:26:18 WARN  (DecompileCallback) Decompiling 041160f0, pcode error at 041160f0: Unable to disassemble EXTERNAL block location: 041160f0  
2026-07-09 15:26:18 WARN  (DecompileCallback) Decompiling 041160f8, pcode error at 041160f8: Unable to disassemble EXTERNAL block location: 041160f8  
2026-07-09 15:26:18 WARN  (DecompileCallback) Decompiling 04116100, pcode error at 04116100: Unable to disassemble EXTERNAL block location: 04116100  
2026-07-09 15:26:18 WARN  (DecompileCallback) Decompiling 04116108, pcode error at 04116108: Unable to disassemble EXTERNAL block location: 04116108  
2026-07-09 15:26:18 WARN  (DecompileCallback) Decompiling 04116110, pcode error at 04116110: Unable to disassemble EXTERNAL block location: 04116110  
2026-07-09 15:26:18 WARN  (DecompileCallback) Decompiling 04116118, pcode error at 04116118: Unable to disassemble EXTERNAL block location: 04116118  
2026-07-09 15:26:18 WARN  (DecompileCallback) Decompiling 04116120, pcode error at 04116120: Unable to disassemble EXTERNAL block location: 04116120  
2026-07-09 15:26:18 WARN  (DecompileCallback) Decompiling 04116128, pcode error at 04116128: Unable to disassemble EXTERNAL block location: 04116128  
2026-07-09 15:26:18 WARN  (DecompileCallback) Decompiling 04116130, pcode error at 04116130: Unable to disassemble EXTERNAL block location: 04116130  
2026-07-09 15:26:18 WARN  (DecompileCallback) Decompiling 04116138, pcode error at 04116138: Unable to disassemble EXTERNAL block location: 04116138  
2026-07-09 15:26:18 WARN  (DecompileCallback) Decompiling 04116140, pcode error at 04116140: Unable to disassemble EXTERNAL block location: 04116140  
2026-07-09 15:26:18 WARN  (DecompileCallback) Decompiling 04116150, pcode error at 04116150: Unable to disassemble EXTERNAL block location: 04116150  
2026-07-09 15:26:18 WARN  (DecompileCallback) Decompiling 04116158, pcode error at 04116158: Unable to disassemble EXTERNAL block location: 04116158  
2026-07-09 15:26:18 WARN  (DecompileCallback) Decompiling 04116160, pcode error at 04116160: Unable to disassemble EXTERNAL block location: 04116160  
2026-07-09 15:26:18 WARN  (DecompileCallback) Decompiling 04116168, pcode error at 04116168: Unable to disassemble EXTERNAL block location: 04116168  
2026-07-09 15:26:18 WARN  (DecompileCallback) Decompiling 04116170, pcode error at 04116170: Unable to disassemble EXTERNAL block location: 04116170  
2026-07-09 15:26:18 WARN  (DecompileCallback) Decompiling 04116178, pcode error at 04116178: Unable to disassemble EXTERNAL block location: 04116178  
2026-07-09 15:26:18 WARN  (DecompileCallback) Decompiling 04116180, pcode error at 04116180: Unable to disassemble EXTERNAL block location: 04116180  
2026-07-09 15:26:18 WARN  (DecompileCallback) Decompiling 04116188, pcode error at 04116188: Unable to disassemble EXTERNAL block location: 04116188  
2026-07-09 15:26:18 WARN  (DecompileCallback) Decompiling 04116190, pcode error at 04116190: Unable to disassemble EXTERNAL block location: 04116190  
2026-07-09 15:26:18 WARN  (DecompileCallback) Decompiling 04116198, pcode error at 04116198: Unable to disassemble EXTERNAL block location: 04116198  
2026-07-09 15:26:18 WARN  (DecompileCallback) Decompiling 041161a0, pcode error at 041161a0: Unable to disassemble EXTERNAL block location: 041161a0  
2026-07-09 15:26:18 WARN  (DecompileCallback) Decompiling 041161a8, pcode error at 041161a8: Unable to disassemble EXTERNAL block location: 041161a8  
2026-07-09 15:26:18 WARN  (DecompileCallback) Decompiling 041161b0, pcode error at 041161b0: Unable to disassemble EXTERNAL block location: 041161b0  
2026-07-09 15:26:18 WARN  (DecompileCallback) Decompiling 041161b8, pcode error at 041161b8: Unable to disassemble EXTERNAL block location: 041161b8  
2026-07-09 15:26:18 WARN  (DecompileCallback) Decompiling 041161c0, pcode error at 041161c0: Unable to disassemble EXTERNAL block location: 041161c0  
2026-07-09 15:26:18 WARN  (DecompileCallback) Decompiling 041161c8, pcode error at 041161c8: Unable to disassemble EXTERNAL block location: 041161c8  
2026-07-09 15:26:18 WARN  (DecompileCallback) Decompiling 041161d0, pcode error at 041161d0: Unable to disassemble EXTERNAL block location: 041161d0  
2026-07-09 15:26:18 WARN  (DecompileCallback) Decompiling 041161d8, pcode error at 041161d8: Unable to disassemble EXTERNAL block location: 041161d8  
2026-07-09 15:26:18 WARN  (DecompileCallback) Decompiling 041161e0, pcode error at 041161e0: Unable to disassemble EXTERNAL block location: 041161e0  
2026-07-09 15:26:18 WARN  (DecompileCallback) Decompiling 041161e8, pcode error at 041161e8: Unable to disassemble EXTERNAL block location: 041161e8  
2026-07-09 15:26:18 WARN  (DecompileCallback) Decompiling 041161f0, pcode error at 041161f0: Unable to disassemble EXTERNAL block location: 041161f0  
2026-07-09 15:26:18 WARN  (DecompileCallback) Decompiling 041161f8, pcode error at 041161f8: Unable to disassemble EXTERNAL block location: 041161f8  
2026-07-09 15:26:18 WARN  (DecompileCallback) Decompiling 04116200, pcode error at 04116200: Unable to disassemble EXTERNAL block location: 04116200  
2026-07-09 15:26:18 WARN  (DecompileCallback) Decompiling 04116208, pcode error at 04116208: Unable to disassemble EXTERNAL block location: 04116208  
2026-07-09 15:26:18 WARN  (DecompileCallback) Decompiling 04116210, pcode error at 04116210: Unable to disassemble EXTERNAL block location: 04116210  
2026-07-09 15:26:18 WARN  (DecompileCallback) Decompiling 04116218, pcode error at 04116218: Unable to disassemble EXTERNAL block location: 04116218  
2026-07-09 15:26:18 WARN  (DecompileCallback) Decompiling 04116220, pcode error at 04116220: Unable to disassemble EXTERNAL block location: 04116220  
2026-07-09 15:26:18 WARN  (DecompileCallback) Decompiling 04116228, pcode error at 04116228: Unable to disassemble EXTERNAL block location: 04116228  
2026-07-09 15:26:18 WARN  (DecompileCallback) Decompiling 04116230, pcode error at 04116230: Unable to disassemble EXTERNAL block location: 04116230  
2026-07-09 15:26:18 WARN  (DecompileCallback) Decompiling 04116238, pcode error at 04116238: Unable to disassemble EXTERNAL block location: 04116238  
2026-07-09 15:26:18 WARN  (DecompileCallback) Decompiling 04116240, pcode error at 04116240: Unable to disassemble EXTERNAL block location: 04116240  
2026-07-09 15:26:18 WARN  (DecompileCallback) Decompiling 04116248, pcode error at 04116248: Unable to disassemble EXTERNAL block location: 04116248  
2026-07-09 15:26:18 WARN  (DecompileCallback) Decompiling 04116250, pcode error at 04116250: Unable to disassemble EXTERNAL block location: 04116250  
2026-07-09 15:26:18 WARN  (DecompileCallback) Decompiling 04116258, pcode error at 04116258: Unable to disassemble EXTERNAL block location: 04116258  
2026-07-09 15:26:18 WARN  (DecompileCallback) Decompiling 04116260, pcode error at 04116260: Unable to disassemble EXTERNAL block location: 04116260  
2026-07-09 15:26:18 WARN  (DecompileCallback) Decompiling 04116268, pcode error at 04116268: Unable to disassemble EXTERNAL block location: 04116268  
2026-07-09 15:26:18 WARN  (DecompileCallback) Decompiling 04116270, pcode error at 04116270: Unable to disassemble EXTERNAL block location: 04116270  
2026-07-09 15:26:18 WARN  (DecompileCallback) Decompiling 04116278, pcode error at 04116278: Unable to disassemble EXTERNAL block location: 04116278  
2026-07-09 15:26:18 WARN  (DecompileCallback) Decompiling 04116280, pcode error at 04116280: Unable to disassemble EXTERNAL block location: 04116280  
2026-07-09 15:26:18 WARN  (DecompileCallback) Decompiling 04116288, pcode error at 04116288: Unable to disassemble EXTERNAL block location: 04116288  
2026-07-09 15:26:18 WARN  (DecompileCallback) Decompiling 04116290, pcode error at 04116290: Unable to disassemble EXTERNAL block location: 04116290  
2026-07-09 15:26:18 WARN  (DecompileCallback) Decompiling 04116298, pcode error at 04116298: Unable to disassemble EXTERNAL block location: 04116298  
2026-07-09 15:26:18 WARN  (DecompileCallback) Decompiling 041162a0, pcode error at 041162a0: Unable to disassemble EXTERNAL block location: 041162a0  
2026-07-09 15:26:18 WARN  (DecompileCallback) Decompiling 041162a8, pcode error at 041162a8: Unable to disassemble EXTERNAL block location: 041162a8  
2026-07-09 15:26:18 WARN  (DecompileCallback) Decompiling 041162b0, pcode error at 041162b0: Unable to disassemble EXTERNAL block location: 041162b0  
2026-07-09 15:26:18 WARN  (DecompileCallback) Decompiling 041162b8, pcode error at 041162b8: Unable to disassemble EXTERNAL block location: 041162b8  
2026-07-09 15:26:18 WARN  (DecompileCallback) Decompiling 041162c0, pcode error at 041162c0: Unable to disassemble EXTERNAL block location: 041162c0  
2026-07-09 15:26:18 WARN  (DecompileCallback) Decompiling 041162c8, pcode error at 041162c8: Unable to disassemble EXTERNAL block location: 041162c8  
2026-07-09 15:26:18 WARN  (DecompileCallback) Decompiling 041162d0, pcode error at 041162d0: Unable to disassemble EXTERNAL block location: 041162d0  
2026-07-09 15:26:18 WARN  (DecompileCallback) Decompiling 041162d8, pcode error at 041162d8: Unable to disassemble EXTERNAL block location: 041162d8  
2026-07-09 15:26:18 WARN  (DecompileCallback) Decompiling 041162e0, pcode error at 041162e0: Unable to disassemble EXTERNAL block location: 041162e0  
2026-07-09 15:26:18 WARN  (DecompileCallback) Decompiling 041162e8, pcode error at 041162e8: Unable to disassemble EXTERNAL block location: 041162e8  
2026-07-09 15:26:18 WARN  (DecompileCallback) Decompiling 041162f0, pcode error at 041162f0: Unable to disassemble EXTERNAL block location: 041162f0  
2026-07-09 15:26:18 WARN  (DecompileCallback) Decompiling 041162f8, pcode error at 041162f8: Unable to disassemble EXTERNAL block location: 041162f8  
2026-07-09 15:26:18 WARN  (DecompileCallback) Decompiling 04116300, pcode error at 04116300: Unable to disassemble EXTERNAL block location: 04116300  
2026-07-09 15:26:18 WARN  (DecompileCallback) Decompiling 04116308, pcode error at 04116308: Unable to disassemble EXTERNAL block location: 04116308  
2026-07-09 15:26:18 WARN  (DecompileCallback) Decompiling 04116310, pcode error at 04116310: Unable to disassemble EXTERNAL block location: 04116310  
2026-07-09 15:26:18 WARN  (DecompileCallback) Decompiling 04116318, pcode error at 04116318: Unable to disassemble EXTERNAL block location: 04116318  
2026-07-09 15:26:18 WARN  (DecompileCallback) Decompiling 04116320, pcode error at 04116320: Unable to disassemble EXTERNAL block location: 04116320  
2026-07-09 15:26:18 WARN  (DecompileCallback) Decompiling 04116328, pcode error at 04116328: Unable to disassemble EXTERNAL block location: 04116328  
2026-07-09 15:26:18 WARN  (DecompileCallback) Decompiling 04116330, pcode error at 04116330: Unable to disassemble EXTERNAL block location: 04116330  
2026-07-09 15:26:18 WARN  (DecompileCallback) Decompiling 04116338, pcode error at 04116338: Unable to disassemble EXTERNAL block location: 04116338  
2026-07-09 15:26:18 WARN  (DecompileCallback) Decompiling 04116340, pcode error at 04116340: Unable to disassemble EXTERNAL block location: 04116340  
2026-07-09 15:26:18 WARN  (DecompileCallback) Decompiling 04116348, pcode error at 04116348: Unable to disassemble EXTERNAL block location: 04116348  
2026-07-09 15:26:18 WARN  (DecompileCallback) Decompiling 04116350, pcode error at 04116350: Unable to disassemble EXTERNAL block location: 04116350  
2026-07-09 15:26:18 WARN  (DecompileCallback) Decompiling 04116358, pcode error at 04116358: Unable to disassemble EXTERNAL block location: 04116358  
2026-07-09 15:26:18 WARN  (DecompileCallback) Decompiling 04116360, pcode error at 04116360: Unable to disassemble EXTERNAL block location: 04116360  
2026-07-09 15:26:18 WARN  (DecompileCallback) Decompiling 04116368, pcode error at 04116368: Unable to disassemble EXTERNAL block location: 04116368  
2026-07-09 15:26:18 WARN  (DecompileCallback) Decompiling 04116370, pcode error at 04116370: Unable to disassemble EXTERNAL block location: 04116370  
2026-07-09 15:26:18 WARN  (DecompileCallback) Decompiling 04116378, pcode error at 04116378: Unable to disassemble EXTERNAL block location: 04116378  
2026-07-09 15:26:18 WARN  (DecompileCallback) Decompiling 04116380, pcode error at 04116380: Unable to disassemble EXTERNAL block location: 04116380  
2026-07-09 15:26:18 WARN  (DecompileCallback) Decompiling 04116388, pcode error at 04116388: Unable to disassemble EXTERNAL block location: 04116388  
2026-07-09 15:26:18 WARN  (DecompileCallback) Decompiling 04116390, pcode error at 04116390: Unable to disassemble EXTERNAL block location: 04116390  
2026-07-09 15:26:19 WARN  (DecompileCallback) Decompiling 04116398, pcode error at 04116398: Unable to disassemble EXTERNAL block location: 04116398  
2026-07-09 15:26:19 WARN  (DecompileCallback) Decompiling 041163a0, pcode error at 041163a0: Unable to disassemble EXTERNAL block location: 041163a0  
2026-07-09 15:26:19 WARN  (DecompileCallback) Decompiling 041163a8, pcode error at 041163a8: Unable to disassemble EXTERNAL block location: 041163a8  
2026-07-09 15:26:19 WARN  (DecompileCallback) Decompiling 041163b0, pcode error at 041163b0: Unable to disassemble EXTERNAL block location: 041163b0  
2026-07-09 15:26:19 WARN  (DecompileCallback) Decompiling 041163b8, pcode error at 041163b8: Unable to disassemble EXTERNAL block location: 041163b8  
2026-07-09 15:26:19 WARN  (DecompileCallback) Decompiling 041163c0, pcode error at 041163c0: Unable to disassemble EXTERNAL block location: 041163c0  
2026-07-09 15:26:19 WARN  (DecompileCallback) Decompiling 041163c8, pcode error at 041163c8: Unable to disassemble EXTERNAL block location: 041163c8  
2026-07-09 15:26:19 WARN  (DecompileCallback) Decompiling 041163d0, pcode error at 041163d0: Unable to disassemble EXTERNAL block location: 041163d0  
2026-07-09 15:26:19 WARN  (DecompileCallback) Decompiling 041163d8, pcode error at 041163d8: Unable to disassemble EXTERNAL block location: 041163d8  
2026-07-09 15:26:19 WARN  (DecompileCallback) Decompiling 041163e0, pcode error at 041163e0: Unable to disassemble EXTERNAL block location: 041163e0  
2026-07-09 15:26:19 WARN  (DecompileCallback) Decompiling 041163e8, pcode error at 041163e8: Unable to disassemble EXTERNAL block location: 041163e8  
2026-07-09 15:26:19 WARN  (DecompileCallback) Decompiling 041163f0, pcode error at 041163f0: Unable to disassemble EXTERNAL block location: 041163f0  
2026-07-09 15:26:19 WARN  (DecompileCallback) Decompiling 041163f8, pcode error at 041163f8: Unable to disassemble EXTERNAL block location: 041163f8  
2026-07-09 15:26:19 WARN  (DecompileCallback) Decompiling 04116400, pcode error at 04116400: Unable to disassemble EXTERNAL block location: 04116400  
2026-07-09 15:26:19 WARN  (DecompileCallback) Decompiling 04116408, pcode error at 04116408: Unable to disassemble EXTERNAL block location: 04116408  
2026-07-09 15:26:19 WARN  (DecompileCallback) Decompiling 04116410, pcode error at 04116410: Unable to disassemble EXTERNAL block location: 04116410  
2026-07-09 15:26:19 WARN  (DecompileCallback) Decompiling 04116418, pcode error at 04116418: Unable to disassemble EXTERNAL block location: 04116418  
2026-07-09 15:26:19 WARN  (DecompileCallback) Decompiling 04116420, pcode error at 04116420: Unable to disassemble EXTERNAL block location: 04116420  
2026-07-09 15:26:19 WARN  (DecompileCallback) Decompiling 04116428, pcode error at 04116428: Unable to disassemble EXTERNAL block location: 04116428  
2026-07-09 15:26:19 WARN  (DecompileCallback) Decompiling 04116430, pcode error at 04116430: Unable to disassemble EXTERNAL block location: 04116430  
2026-07-09 15:26:19 WARN  (DecompileCallback) Decompiling 04116438, pcode error at 04116438: Unable to disassemble EXTERNAL block location: 04116438  
2026-07-09 15:26:19 WARN  (DecompileCallback) Decompiling 04116440, pcode error at 04116440: Unable to disassemble EXTERNAL block location: 04116440  
2026-07-09 15:26:19 WARN  (DecompileCallback) Decompiling 04116448, pcode error at 04116448: Unable to disassemble EXTERNAL block location: 04116448  
2026-07-09 15:26:19 WARN  (DecompileCallback) Decompiling 04116450, pcode error at 04116450: Unable to disassemble EXTERNAL block location: 04116450  
2026-07-09 15:26:19 WARN  (DecompileCallback) Decompiling 04116458, pcode error at 04116458: Unable to disassemble EXTERNAL block location: 04116458  
2026-07-09 15:26:19 WARN  (DecompileCallback) Decompiling 04116460, pcode error at 04116460: Unable to disassemble EXTERNAL block location: 04116460  
2026-07-09 15:26:19 WARN  (DecompileCallback) Decompiling 04116468, pcode error at 04116468: Unable to disassemble EXTERNAL block location: 04116468  
2026-07-09 15:26:19 WARN  (DecompileCallback) Decompiling 04116470, pcode error at 04116470: Unable to disassemble EXTERNAL block location: 04116470  
2026-07-09 15:26:19 WARN  (DecompileCallback) Decompiling 04116478, pcode error at 04116478: Unable to disassemble EXTERNAL block location: 04116478  
2026-07-09 15:26:19 WARN  (DecompileCallback) Decompiling 04116480, pcode error at 04116480: Unable to disassemble EXTERNAL block location: 04116480  
2026-07-09 15:26:19 WARN  (DecompileCallback) Decompiling 04116488, pcode error at 04116488: Unable to disassemble EXTERNAL block location: 04116488  
2026-07-09 15:26:19 WARN  (DecompileCallback) Decompiling 04116490, pcode error at 04116490: Unable to disassemble EXTERNAL block location: 04116490  
2026-07-09 15:26:19 WARN  (DecompileCallback) Decompiling 04116498, pcode error at 04116498: Unable to disassemble EXTERNAL block location: 04116498  
2026-07-09 15:26:19 WARN  (DecompileCallback) Decompiling 041164a0, pcode error at 041164a0: Unable to disassemble EXTERNAL block location: 041164a0  
2026-07-09 15:26:19 WARN  (DecompileCallback) Decompiling 041164a8, pcode error at 041164a8: Unable to disassemble EXTERNAL block location: 041164a8  
2026-07-09 15:26:19 WARN  (DecompileCallback) Decompiling 041164b0, pcode error at 041164b0: Unable to disassemble EXTERNAL block location: 041164b0  
2026-07-09 15:26:19 WARN  (DecompileCallback) Decompiling 041164b8, pcode error at 041164b8: Unable to disassemble EXTERNAL block location: 041164b8  
2026-07-09 15:26:19 WARN  (DecompileCallback) Decompiling 041164c0, pcode error at 041164c0: Unable to disassemble EXTERNAL block location: 041164c0  
2026-07-09 15:26:19 WARN  (DecompileCallback) Decompiling 041164c8, pcode error at 041164c8: Unable to disassemble EXTERNAL block location: 041164c8  
2026-07-09 15:26:19 WARN  (DecompileCallback) Decompiling 041164d0, pcode error at 041164d0: Unable to disassemble EXTERNAL block location: 041164d0  
2026-07-09 15:26:19 WARN  (DecompileCallback) Decompiling 041164d8, pcode error at 041164d8: Unable to disassemble EXTERNAL block location: 041164d8  
2026-07-09 15:26:19 WARN  (DecompileCallback) Decompiling 041164e0, pcode error at 041164e0: Unable to disassemble EXTERNAL block location: 041164e0  
2026-07-09 15:26:19 WARN  (DecompileCallback) Decompiling 041164e8, pcode error at 041164e8: Unable to disassemble EXTERNAL block location: 041164e8  
2026-07-09 15:26:19 WARN  (DecompileCallback) Decompiling 041164f0, pcode error at 041164f0: Unable to disassemble EXTERNAL block location: 041164f0  
2026-07-09 15:26:19 WARN  (DecompileCallback) Decompiling 041164f8, pcode error at 041164f8: Unable to disassemble EXTERNAL block location: 041164f8  
2026-07-09 15:26:19 WARN  (DecompileCallback) Decompiling 04116500, pcode error at 04116500: Unable to disassemble EXTERNAL block location: 04116500  
2026-07-09 15:26:19 WARN  (DecompileCallback) Decompiling 04116508, pcode error at 04116508: Unable to disassemble EXTERNAL block location: 04116508  
2026-07-09 15:26:19 WARN  (DecompileCallback) Decompiling 04116510, pcode error at 04116510: Unable to disassemble EXTERNAL block location: 04116510  
2026-07-09 15:26:19 WARN  (DecompileCallback) Decompiling 04116518, pcode error at 04116518: Unable to disassemble EXTERNAL block location: 04116518  
2026-07-09 15:26:19 WARN  (DecompileCallback) Decompiling 04116520, pcode error at 04116520: Unable to disassemble EXTERNAL block location: 04116520  
2026-07-09 15:26:19 WARN  (DecompileCallback) Decompiling 04116528, pcode error at 04116528: Unable to disassemble EXTERNAL block location: 04116528  
2026-07-09 15:26:19 WARN  (DecompileCallback) Decompiling 04116530, pcode error at 04116530: Unable to disassemble EXTERNAL block location: 04116530  
2026-07-09 15:26:19 WARN  (DecompileCallback) Decompiling 04116538, pcode error at 04116538: Unable to disassemble EXTERNAL block location: 04116538  
2026-07-09 15:26:19 WARN  (DecompileCallback) Decompiling 04116540, pcode error at 04116540: Unable to disassemble EXTERNAL block location: 04116540  
2026-07-09 15:26:19 WARN  (DecompileCallback) Decompiling 04116548, pcode error at 04116548: Unable to disassemble EXTERNAL block location: 04116548  
2026-07-09 15:26:19 WARN  (DecompileCallback) Decompiling 04116550, pcode error at 04116550: Unable to disassemble EXTERNAL block location: 04116550  
2026-07-09 15:26:19 WARN  (DecompileCallback) Decompiling 04116558, pcode error at 04116558: Unable to disassemble EXTERNAL block location: 04116558  
2026-07-09 15:26:19 WARN  (DecompileCallback) Decompiling 04116560, pcode error at 04116560: Unable to disassemble EXTERNAL block location: 04116560  
2026-07-09 15:26:19 WARN  (DecompileCallback) Decompiling 04116568, pcode error at 04116568: Unable to disassemble EXTERNAL block location: 04116568  
2026-07-09 15:26:19 WARN  (DecompileCallback) Decompiling 04116570, pcode error at 04116570: Unable to disassemble EXTERNAL block location: 04116570  
2026-07-09 15:26:19 WARN  (DecompileCallback) Decompiling 04116578, pcode error at 04116578: Unable to disassemble EXTERNAL block location: 04116578  
2026-07-09 15:26:19 WARN  (DecompileCallback) Decompiling 04116580, pcode error at 04116580: Unable to disassemble EXTERNAL block location: 04116580  
2026-07-09 15:26:19 WARN  (DecompileCallback) Decompiling 04116588, pcode error at 04116588: Unable to disassemble EXTERNAL block location: 04116588  
2026-07-09 15:26:19 WARN  (DecompileCallback) Decompiling 04116590, pcode error at 04116590: Unable to disassemble EXTERNAL block location: 04116590  
2026-07-09 15:26:19 WARN  (DecompileCallback) Decompiling 04116598, pcode error at 04116598: Unable to disassemble EXTERNAL block location: 04116598  
2026-07-09 15:26:19 WARN  (DecompileCallback) Decompiling 041165a0, pcode error at 041165a0: Unable to disassemble EXTERNAL block location: 041165a0  
2026-07-09 15:26:19 WARN  (DecompileCallback) Decompiling 041165a8, pcode error at 041165a8: Unable to disassemble EXTERNAL block location: 041165a8  
2026-07-09 15:26:19 WARN  (DecompileCallback) Decompiling 041165b0, pcode error at 041165b0: Unable to disassemble EXTERNAL block location: 041165b0  
2026-07-09 15:26:19 WARN  (DecompileCallback) Decompiling 041165b8, pcode error at 041165b8: Unable to disassemble EXTERNAL block location: 041165b8  
2026-07-09 15:26:19 WARN  (DecompileCallback) Decompiling 041165c0, pcode error at 041165c0: Unable to disassemble EXTERNAL block location: 041165c0  
2026-07-09 15:26:19 WARN  (DecompileCallback) Decompiling 041165c8, pcode error at 041165c8: Unable to disassemble EXTERNAL block location: 041165c8  
2026-07-09 15:26:19 WARN  (DecompileCallback) Decompiling 041165d0, pcode error at 041165d0: Unable to disassemble EXTERNAL block location: 041165d0  
2026-07-09 15:26:19 WARN  (DecompileCallback) Decompiling 041165d8, pcode error at 041165d8: Unable to disassemble EXTERNAL block location: 041165d8  
2026-07-09 15:26:19 WARN  (DecompileCallback) Decompiling 041165e0, pcode error at 041165e0: Unable to disassemble EXTERNAL block location: 041165e0  
2026-07-09 15:26:19 WARN  (DecompileCallback) Decompiling 041165e8, pcode error at 041165e8: Unable to disassemble EXTERNAL block location: 041165e8  
2026-07-09 15:26:19 WARN  (DecompileCallback) Decompiling 041165f0, pcode error at 041165f0: Unable to disassemble EXTERNAL block location: 041165f0  
2026-07-09 15:26:19 WARN  (DecompileCallback) Decompiling 041165f8, pcode error at 041165f8: Unable to disassemble EXTERNAL block location: 041165f8  
2026-07-09 15:26:19 WARN  (DecompileCallback) Decompiling 04116600, pcode error at 04116600: Unable to disassemble EXTERNAL block location: 04116600  
2026-07-09 15:26:19 WARN  (DecompileCallback) Decompiling 04116608, pcode error at 04116608: Unable to disassemble EXTERNAL block location: 04116608  
2026-07-09 15:26:19 WARN  (DecompileCallback) Decompiling 04116610, pcode error at 04116610: Unable to disassemble EXTERNAL block location: 04116610  
2026-07-09 15:26:19 WARN  (DecompileCallback) Decompiling 04116618, pcode error at 04116618: Unable to disassemble EXTERNAL block location: 04116618  
2026-07-09 15:26:19 WARN  (DecompileCallback) Decompiling 04116620, pcode error at 04116620: Unable to disassemble EXTERNAL block location: 04116620  
2026-07-09 15:26:19 WARN  (DecompileCallback) Decompiling 04116628, pcode error at 04116628: Unable to disassemble EXTERNAL block location: 04116628  
2026-07-09 15:26:19 WARN  (DecompileCallback) Decompiling 04116630, pcode error at 04116630: Unable to disassemble EXTERNAL block location: 04116630  
2026-07-09 15:26:19 WARN  (DecompileCallback) Decompiling 04116638, pcode error at 04116638: Unable to disassemble EXTERNAL block location: 04116638  
2026-07-09 15:26:19 WARN  (DecompileCallback) Decompiling 04116640, pcode error at 04116640: Unable to disassemble EXTERNAL block location: 04116640  
2026-07-09 15:26:19 WARN  (DecompileCallback) Decompiling 04116648, pcode error at 04116648: Unable to disassemble EXTERNAL block location: 04116648  
2026-07-09 15:26:19 WARN  (DecompileCallback) Decompiling 04116650, pcode error at 04116650: Unable to disassemble EXTERNAL block location: 04116650  
2026-07-09 15:26:19 WARN  (DecompileCallback) Decompiling 04116658, pcode error at 04116658: Unable to disassemble EXTERNAL block location: 04116658  
2026-07-09 15:26:19 WARN  (DecompileCallback) Decompiling 04116660, pcode error at 04116660: Unable to disassemble EXTERNAL block location: 04116660  
2026-07-09 15:26:19 WARN  (DecompileCallback) Decompiling 04116668, pcode error at 04116668: Unable to disassemble EXTERNAL block location: 04116668  
2026-07-09 15:26:19 WARN  (DecompileCallback) Decompiling 04116670, pcode error at 04116670: Unable to disassemble EXTERNAL block location: 04116670  
2026-07-09 15:26:19 WARN  (DecompileCallback) Decompiling 04116678, pcode error at 04116678: Unable to disassemble EXTERNAL block location: 04116678  
2026-07-09 15:26:19 WARN  (DecompileCallback) Decompiling 04116680, pcode error at 04116680: Unable to disassemble EXTERNAL block location: 04116680  
2026-07-09 15:26:19 WARN  (DecompileCallback) Decompiling 04116688, pcode error at 04116688: Unable to disassemble EXTERNAL block location: 04116688  
2026-07-09 15:26:19 WARN  (DecompileCallback) Decompiling 04116690, pcode error at 04116690: Unable to disassemble EXTERNAL block location: 04116690  
2026-07-09 15:26:19 WARN  (DecompileCallback) Decompiling 04116698, pcode error at 04116698: Unable to disassemble EXTERNAL block location: 04116698  
2026-07-09 15:26:19 WARN  (DecompileCallback) Decompiling 041166a0, pcode error at 041166a0: Unable to disassemble EXTERNAL block location: 041166a0  
2026-07-09 15:26:19 WARN  (DecompileCallback) Decompiling 041166a8, pcode error at 041166a8: Unable to disassemble EXTERNAL block location: 041166a8  
2026-07-09 15:26:19 WARN  (DecompileCallback) Decompiling 041166b0, pcode error at 041166b0: Unable to disassemble EXTERNAL block location: 041166b0  
2026-07-09 15:26:19 WARN  (DecompileCallback) Decompiling 041166b8, pcode error at 041166b8: Unable to disassemble EXTERNAL block location: 041166b8  
2026-07-09 15:26:19 WARN  (DecompileCallback) Decompiling 041166c0, pcode error at 041166c0: Unable to disassemble EXTERNAL block location: 041166c0  
2026-07-09 15:26:19 WARN  (DecompileCallback) Decompiling 041166c8, pcode error at 041166c8: Unable to disassemble EXTERNAL block location: 041166c8  
2026-07-09 15:26:19 WARN  (DecompileCallback) Decompiling 041166d0, pcode error at 041166d0: Unable to disassemble EXTERNAL block location: 041166d0  
2026-07-09 15:26:19 WARN  (DecompileCallback) Decompiling 041166d8, pcode error at 041166d8: Unable to disassemble EXTERNAL block location: 041166d8  
2026-07-09 15:26:19 WARN  (DecompileCallback) Decompiling 041166e0, pcode error at 041166e0: Unable to disassemble EXTERNAL block location: 041166e0  
2026-07-09 15:26:19 WARN  (DecompileCallback) Decompiling 041166e8, pcode error at 041166e8: Unable to disassemble EXTERNAL block location: 041166e8  
2026-07-09 15:26:19 WARN  (DecompileCallback) Decompiling 041166f0, pcode error at 041166f0: Unable to disassemble EXTERNAL block location: 041166f0  
2026-07-09 15:26:19 WARN  (DecompileCallback) Decompiling 041166f8, pcode error at 041166f8: Unable to disassemble EXTERNAL block location: 041166f8  
2026-07-09 15:26:19 WARN  (DecompileCallback) Decompiling 04116700, pcode error at 04116700: Unable to disassemble EXTERNAL block location: 04116700  
2026-07-09 15:26:19 WARN  (DecompileCallback) Decompiling 04116708, pcode error at 04116708: Unable to disassemble EXTERNAL block location: 04116708  
2026-07-09 15:26:19 WARN  (DecompileCallback) Decompiling 04116710, pcode error at 04116710: Unable to disassemble EXTERNAL block location: 04116710  
2026-07-09 15:26:19 WARN  (DecompileCallback) Decompiling 04116718, pcode error at 04116718: Unable to disassemble EXTERNAL block location: 04116718  
2026-07-09 15:26:19 WARN  (DecompileCallback) Decompiling 04116720, pcode error at 04116720: Unable to disassemble EXTERNAL block location: 04116720  
2026-07-09 15:26:19 WARN  (DecompileCallback) Decompiling 04116728, pcode error at 04116728: Unable to disassemble EXTERNAL block location: 04116728  
2026-07-09 15:26:19 WARN  (DecompileCallback) Decompiling 04116730, pcode error at 04116730: Unable to disassemble EXTERNAL block location: 04116730  
2026-07-09 15:26:19 WARN  (DecompileCallback) Decompiling 04116738, pcode error at 04116738: Unable to disassemble EXTERNAL block location: 04116738  
2026-07-09 15:26:19 WARN  (DecompileCallback) Decompiling 04116740, pcode error at 04116740: Unable to disassemble EXTERNAL block location: 04116740  
2026-07-09 15:26:19 WARN  (DecompileCallback) Decompiling 04116748, pcode error at 04116748: Unable to disassemble EXTERNAL block location: 04116748  
2026-07-09 15:26:19 WARN  (DecompileCallback) Decompiling 04116750, pcode error at 04116750: Unable to disassemble EXTERNAL block location: 04116750  
2026-07-09 15:26:19 WARN  (DecompileCallback) Decompiling 04116758, pcode error at 04116758: Unable to disassemble EXTERNAL block location: 04116758  
2026-07-09 15:26:19 WARN  (DecompileCallback) Decompiling 04116760, pcode error at 04116760: Unable to disassemble EXTERNAL block location: 04116760  
2026-07-09 15:26:19 WARN  (DecompileCallback) Decompiling 04116768, pcode error at 04116768: Unable to disassemble EXTERNAL block location: 04116768  
2026-07-09 15:26:19 WARN  (DecompileCallback) Decompiling 04116770, pcode error at 04116770: Unable to disassemble EXTERNAL block location: 04116770  
2026-07-09 15:26:19 WARN  (DecompileCallback) Decompiling 04116778, pcode error at 04116778: Unable to disassemble EXTERNAL block location: 04116778  
2026-07-09 15:26:19 WARN  (DecompileCallback) Decompiling 04116780, pcode error at 04116780: Unable to disassemble EXTERNAL block location: 04116780  
2026-07-09 15:26:19 WARN  (DecompileCallback) Decompiling 04116788, pcode error at 04116788: Unable to disassemble EXTERNAL block location: 04116788  
2026-07-09 15:26:19 WARN  (DecompileCallback) Decompiling 04116790, pcode error at 04116790: Unable to disassemble EXTERNAL block location: 04116790  
2026-07-09 15:26:19 WARN  (DecompileCallback) Decompiling 04116798, pcode error at 04116798: Unable to disassemble EXTERNAL block location: 04116798  
2026-07-09 15:26:19 WARN  (DecompileCallback) Decompiling 041167a0, pcode error at 041167a0: Unable to disassemble EXTERNAL block location: 041167a0  
2026-07-09 15:26:19 WARN  (DecompileCallback) Decompiling 041167a8, pcode error at 041167a8: Unable to disassemble EXTERNAL block location: 041167a8  
2026-07-09 15:26:19 WARN  (DecompileCallback) Decompiling 041167b0, pcode error at 041167b0: Unable to disassemble EXTERNAL block location: 041167b0  
2026-07-09 15:26:19 WARN  (DecompileCallback) Decompiling 041167b8, pcode error at 041167b8: Unable to disassemble EXTERNAL block location: 041167b8  
2026-07-09 15:26:19 WARN  (DecompileCallback) Decompiling 041167c0, pcode error at 041167c0: Unable to disassemble EXTERNAL block location: 041167c0  
2026-07-09 15:26:19 WARN  (DecompileCallback) Decompiling 041167c8, pcode error at 041167c8: Unable to disassemble EXTERNAL block location: 041167c8  
2026-07-09 15:26:19 WARN  (DecompileCallback) Decompiling 041167d0, pcode error at 041167d0: Unable to disassemble EXTERNAL block location: 041167d0  
2026-07-09 15:26:19 WARN  (DecompileCallback) Decompiling 041167e0, pcode error at 041167e0: Unable to disassemble EXTERNAL block location: 041167e0  
2026-07-09 15:26:19 WARN  (DecompileCallback) Decompiling 041167e8, pcode error at 041167e8: Unable to disassemble EXTERNAL block location: 041167e8  
2026-07-09 15:26:19 WARN  (DecompileCallback) Decompiling 041167f0, pcode error at 041167f0: Unable to disassemble EXTERNAL block location: 041167f0  
2026-07-09 15:26:19 WARN  (DecompileCallback) Decompiling 041167f8, pcode error at 041167f8: Unable to disassemble EXTERNAL block location: 041167f8  
2026-07-09 15:26:19 WARN  (DecompileCallback) Decompiling 04116800, pcode error at 04116800: Unable to disassemble EXTERNAL block location: 04116800  
2026-07-09 15:26:19 WARN  (DecompileCallback) Decompiling 04116808, pcode error at 04116808: Unable to disassemble EXTERNAL block location: 04116808  
2026-07-09 15:26:19 WARN  (DecompileCallback) Decompiling 04116810, pcode error at 04116810: Unable to disassemble EXTERNAL block location: 04116810  
2026-07-09 15:26:19 WARN  (DecompileCallback) Decompiling 04116818, pcode error at 04116818: Unable to disassemble EXTERNAL block location: 04116818  
2026-07-09 15:26:19 INFO  (GhidraScript) GeneralStructureEyePatternScan.java> General structure scan complete.  
2026-07-09 15:26:19 INFO  (GhidraScript) GeneralStructureEyePatternScan.java> Total functions scanned: 253489  
2026-07-09 15:26:19 INFO  (GhidraScript) GeneralStructureEyePatternScan.java> Exported functions: 86  
2026-07-09 15:26:19 INFO  (GhidraScript) GeneralStructureEyePatternScan.java> Decompile failures: 2  
2026-07-09 15:26:19 INFO  (GhidraScript) GeneralStructureEyePatternScan.java> Report CSV: C:\realDesktop\manifest-evaluations\summer-26\ghidra-pipeline\il2cpp-files\FruitBladeVR\general-structure-results\structure_scan_report.csv  
2026-07-09 15:26:19 INFO  (GhidraScript) GeneralStructureEyePatternScan.java> Report JSON: C:\realDesktop\manifest-evaluations\summer-26\ghidra-pipeline\il2cpp-files\FruitBladeVR\general-structure-results\structure_scan_report.json  
2026-07-09 15:26:19 INFO  (HeadlessAnalyzer) REPORT: Save succeeded for processed file: /FruitBladeVR-libil2cpp.so  
2026-07-09 16:04:05 INFO  (LoggingInitialization) Using log config file: jar:file:/C:/Users/kimgiordano27/Downloads/ghidra_12.1.2_PUBLIC_20260605/ghidra_12.1.2_PUBLIC/Ghidra/Framework/Generic/lib/Generic.jar!/generic.log4j.xml  
2026-07-09 16:04:05 INFO  (LoggingInitialization) Using log file: C:\realDesktop\manifest-evaluations\summer-26\ghidra-pipeline\il2cpp-files\FruitBladeVR\general-structure-ghidra.log  
2026-07-09 16:04:05 DEBUG (GhidraObjectInputFilter) Including serial input filter: FileSystem/data/client.rmi.serial.filter  
2026-07-09 16:04:05 INFO  (Preferences) Loading user preferences: C:\Users\kimgiordano27\AppData\Roaming\ghidra\ghidra_12.1.2_PUBLIC\preferences  
2026-07-09 16:04:05 INFO  (ClassSearcher) Searching for classes...  
2026-07-09 16:04:06 INFO  (ClassSearcher) Class search complete (526 ms)  
2026-07-09 16:04:06 INFO  (DefaultSSLContextInitializer) Initializing SSL Context  
2026-07-09 16:04:06 INFO  (SecureRandomFactory) Initializing Random Number Generator...  
2026-07-09 16:04:06 INFO  (SecureRandomFactory) Random Number Generator initialization complete: SHA1PRNG  
2026-07-09 16:04:06 INFO  (DefaultTrustManagerFactory) Trust manager disabled, cacerts have not been set  
2026-07-09 16:04:06 INFO  (AnalyzeHeadless) Headless startup complete (1543 ms)  
2026-07-09 16:04:06 INFO  (ClassSearcher) Class searcher loaded 59 extension points (20 false positives)  
2026-07-09 16:04:06 INFO  (HeadlessAnalyzer) HEADLESS Script Paths:
    C:\Users\kimgiordano27\Downloads\ghidra_12.1.2_PUBLIC_20260605\ghidra_12.1.2_PUBLIC\Ghidra\Features\DecompilerDependent\ghidra_scripts
    C:\Users\kimgiordano27\Downloads\ghidra_12.1.2_PUBLIC_20260605\ghidra_12.1.2_PUBLIC\Ghidra\Processors\Atmel\ghidra_scripts
    C:\Users\kimgiordano27\Downloads\ghidra_12.1.2_PUBLIC_20260605\ghidra_12.1.2_PUBLIC\Ghidra\Processors\PIC\ghidra_scripts
    C:\Users\kimgiordano27\Downloads\ghidra_12.1.2_PUBLIC_20260605\ghidra_12.1.2_PUBLIC\Ghidra\Features\VersionTracking\ghidra_scripts
    C:\Users\kimgiordano27\Downloads\ghidra_12.1.2_PUBLIC_20260605\ghidra_12.1.2_PUBLIC\Ghidra\Features\BytePatterns\ghidra_scripts
    C:\Users\kimgiordano27\ghidra_scripts
    C:\Users\kimgiordano27\Downloads\ghidra_12.1.2_PUBLIC_20260605\ghidra_12.1.2_PUBLIC\Ghidra\Features\BSim\ghidra_scripts
    C:\realDesktop\manifest-evaluations\summer-26\ghidra-pipeline\ghidra-export-scripts
    C:\Users\kimgiordano27\Downloads\ghidra_12.1.2_PUBLIC_20260605\ghidra_12.1.2_PUBLIC\Ghidra\Processors\JVM\ghidra_scripts
    C:\Users\kimgiordano27\Downloads\ghidra_12.1.2_PUBLIC_20260605\ghidra_12.1.2_PUBLIC\Ghidra\Features\Base\ghidra_scripts
    C:\Users\kimgiordano27\Downloads\ghidra_12.1.2_PUBLIC_20260605\ghidra_12.1.2_PUBLIC\Ghidra\Features\SwiftDemangler\ghidra_scripts
    C:\Users\kimgiordano27\Downloads\ghidra_12.1.2_PUBLIC_20260605\ghidra_12.1.2_PUBLIC\Ghidra\Features\WildcardAssembler\ghidra_scripts
    C:\Users\kimgiordano27\Downloads\ghidra_12.1.2_PUBLIC_20260605\ghidra_12.1.2_PUBLIC\Ghidra\Features\FileFormats\ghidra_scripts
    C:\Users\kimgiordano27\Downloads\ghidra_12.1.2_PUBLIC_20260605\ghidra_12.1.2_PUBLIC\Ghidra\Features\Decompiler\ghidra_scripts
    C:\Users\kimgiordano27\Downloads\ghidra_12.1.2_PUBLIC_20260605\ghidra_12.1.2_PUBLIC\Ghidra\Features\SystemEmulation\ghidra_scripts
    C:\Users\kimgiordano27\Downloads\ghidra_12.1.2_PUBLIC_20260605\ghidra_12.1.2_PUBLIC\Ghidra\Processors\8051\ghidra_scripts
    C:\Users\kimgiordano27\Downloads\ghidra_12.1.2_PUBLIC_20260605\ghidra_12.1.2_PUBLIC\Ghidra\Features\GnuDemangler\ghidra_scripts
    C:\Users\kimgiordano27\Downloads\ghidra_12.1.2_PUBLIC_20260605\ghidra_12.1.2_PUBLIC\Ghidra\Debug\Debugger\ghidra_scripts
    C:\Users\kimgiordano27\Downloads\ghidra_12.1.2_PUBLIC_20260605\ghidra_12.1.2_PUBLIC\Ghidra\Processors\DATA\ghidra_scripts
    C:\Users\kimgiordano27\Downloads\ghidra_12.1.2_PUBLIC_20260605\ghidra_12.1.2_PUBLIC\Ghidra\Debug\Debugger-rmi-trace\ghidra_scripts
    C:\Users\kimgiordano27\Downloads\ghidra_12.1.2_PUBLIC_20260605\ghidra_12.1.2_PUBLIC\Ghidra\Features\FunctionID\ghidra_scripts
    C:\Users\kimgiordano27\Downloads\ghidra_12.1.2_PUBLIC_20260605\ghidra_12.1.2_PUBLIC\Ghidra\Features\MicrosoftCodeAnalyzer\ghidra_scripts
    C:\Users\kimgiordano27\Downloads\ghidra_12.1.2_PUBLIC_20260605\ghidra_12.1.2_PUBLIC\Ghidra\Features\PDB\ghidra_scripts
    C:\Users\kimgiordano27\AppData\Roaming\ghidra\ghidra_12.1.2_PUBLIC\Extensions\Jython\ghidra_scripts
    C:\Users\kimgiordano27\Downloads\ghidra_12.1.2_PUBLIC_20260605\ghidra_12.1.2_PUBLIC\Ghidra\Features\PyGhidra\ghidra_scripts  
2026-07-09 16:04:06 INFO  (HeadlessAnalyzer) HEADLESS: execution starts  
2026-07-09 16:04:06 INFO  (HeadlessAnalyzer) Opening existing project: C:\realDesktop\manifest-evaluations\summer-26\ghidra-pipeline\il2cpp-files\FruitBladeVR\ghidra-project\FruitBladeVR  
2026-07-09 16:04:06 INFO  (HeadlessProject) Opening project: C:\realDesktop\manifest-evaluations\summer-26\ghidra-pipeline\il2cpp-files\FruitBladeVR\ghidra-project\FruitBladeVR  
2026-07-09 16:04:08 INFO  (HeadlessAnalyzer) REPORT: Processing project file: /FruitBladeVR-libil2cpp.so  
2026-07-09 16:04:08 INFO  (HeadlessAnalyzer) REPORT: Execute script: GeneralStructureEyePatternScan.java 'C:\realDesktop\manifest-evaluations\summer-26\ghidra-pipeline\il2cpp-files\FruitBladeVR\general-structure-results' '70' 'false'   
2026-07-09 16:04:08 INFO  (HeadlessAnalyzer) SCRIPT: C:\realDesktop\manifest-evaluations\summer-26\ghidra-pipeline\ghidra-export-scripts\GeneralStructureEyePatternScan.java  
2026-07-09 16:04:08 INFO  (GhidraScript) GeneralStructureEyePatternScan.java> General structure scan starting...  
2026-07-09 16:04:08 INFO  (GhidraScript) GeneralStructureEyePatternScan.java> Output: C:\realDesktop\manifest-evaluations\summer-26\ghidra-pipeline\il2cpp-files\FruitBladeVR\general-structure-results  
2026-07-09 16:04:08 INFO  (GhidraScript) GeneralStructureEyePatternScan.java> Minimum review score: 70  
2026-07-09 16:04:08 INFO  (GhidraScript) GeneralStructureEyePatternScan.java> Export all: false  
2026-07-09 16:04:26 INFO  (GhidraScript) GeneralStructureEyePatternScan.java> Scanned 10000 functions. Exported so far: 0  
2026-07-09 16:04:39 INFO  (GhidraScript) GeneralStructureEyePatternScan.java> Scanned 20000 functions. Exported so far: 0  
2026-07-09 16:04:52 INFO  (GhidraScript) GeneralStructureEyePatternScan.java> Scanned 30000 functions. Exported so far: 0  
2026-07-09 16:05:16 INFO  (GhidraScript) GeneralStructureEyePatternScan.java> Scanned 40000 functions. Exported so far: 0  
2026-07-09 16:05:41 INFO  (GhidraScript) GeneralStructureEyePatternScan.java> Scanned 50000 functions. Exported so far: 0  
2026-07-09 16:06:01 INFO  (GhidraScript) GeneralStructureEyePatternScan.java> Scanned 60000 functions. Exported so far: 0  
2026-07-09 16:06:17 INFO  (GhidraScript) GeneralStructureEyePatternScan.java> Scanned 70000 functions. Exported so far: 1  
2026-07-09 16:07:16 INFO  (GhidraScript) GeneralStructureEyePatternScan.java> Scanned 80000 functions. Exported so far: 13  
2026-07-09 16:09:16 INFO  (GhidraScript) GeneralStructureEyePatternScan.java> Scanned 90000 functions. Exported so far: 19  
2026-07-09 16:10:09 INFO  (GhidraScript) GeneralStructureEyePatternScan.java> Scanned 100000 functions. Exported so far: 20  
2026-07-09 16:11:08 INFO  (GhidraScript) GeneralStructureEyePatternScan.java> Scanned 110000 functions. Exported so far: 20  
2026-07-09 16:12:36 INFO  (GhidraScript) GeneralStructureEyePatternScan.java> Scanned 120000 functions. Exported so far: 20  
2026-07-09 16:13:40 INFO  (GhidraScript) GeneralStructureEyePatternScan.java> Scanned 130000 functions. Exported so far: 20  
2026-07-09 16:14:48 INFO  (GhidraScript) GeneralStructureEyePatternScan.java> Scanned 140000 functions. Exported so far: 20  
2026-07-09 16:15:44 INFO  (GhidraScript) GeneralStructureEyePatternScan.java> Scanned 150000 functions. Exported so far: 21  
2026-07-09 16:16:47 INFO  (GhidraScript) GeneralStructureEyePatternScan.java> Scanned 160000 functions. Exported so far: 21  
2026-07-09 16:17:41 INFO  (GhidraScript) GeneralStructureEyePatternScan.java> Scanned 170000 functions. Exported so far: 22  
2026-07-09 16:18:33 INFO  (GhidraScript) GeneralStructureEyePatternScan.java> Scanned 180000 functions. Exported so far: 22  
2026-07-09 16:20:09 INFO  (GhidraScript) GeneralStructureEyePatternScan.java> Scanned 190000 functions. Exported so far: 22  
2026-07-09 16:21:30 INFO  (GhidraScript) GeneralStructureEyePatternScan.java> Scanned 200000 functions. Exported so far: 23  
2026-07-09 16:22:35 INFO  (GhidraScript) GeneralStructureEyePatternScan.java> Scanned 210000 functions. Exported so far: 30  
2026-07-09 16:23:56 INFO  (GhidraScript) GeneralStructureEyePatternScan.java> Scanned 220000 functions. Exported so far: 40  
2026-07-09 16:26:40 INFO  (GhidraScript) GeneralStructureEyePatternScan.java> Scanned 230000 functions. Exported so far: 64  
2026-07-09 16:27:53 INFO  (GhidraScript) GeneralStructureEyePatternScan.java> Scanned 240000 functions. Exported so far: 85  
2026-07-09 16:29:53 INFO  (GhidraScript) GeneralStructureEyePatternScan.java> Scanned 250000 functions. Exported so far: 86  
2026-07-09 16:30:10 WARN  (DecompileCallback) Decompiling 04116000, pcode error at 04116000: Unable to disassemble EXTERNAL block location: 04116000  
2026-07-09 16:30:10 WARN  (DecompileCallback) Decompiling 04116008, pcode error at 04116008: Unable to disassemble EXTERNAL block location: 04116008  
2026-07-09 16:30:10 WARN  (DecompileCallback) Decompiling 04116010, pcode error at 04116010: Unable to disassemble EXTERNAL block location: 04116010  
2026-07-09 16:30:10 WARN  (DecompileCallback) Decompiling 04116018, pcode error at 04116018: Unable to disassemble EXTERNAL block location: 04116018  
2026-07-09 16:30:10 WARN  (DecompileCallback) Decompiling 04116020, pcode error at 04116020: Unable to disassemble EXTERNAL block location: 04116020  
2026-07-09 16:30:10 WARN  (DecompileCallback) Decompiling 04116028, pcode error at 04116028: Unable to disassemble EXTERNAL block location: 04116028  
2026-07-09 16:30:10 WARN  (DecompileCallback) Decompiling 04116030, pcode error at 04116030: Unable to disassemble EXTERNAL block location: 04116030  
2026-07-09 16:30:10 WARN  (DecompileCallback) Decompiling 04116038, pcode error at 04116038: Unable to disassemble EXTERNAL block location: 04116038  
2026-07-09 16:30:10 WARN  (DecompileCallback) Decompiling 04116040, pcode error at 04116040: Unable to disassemble EXTERNAL block location: 04116040  
2026-07-09 16:30:10 WARN  (DecompileCallback) Decompiling 04116048, pcode error at 04116048: Unable to disassemble EXTERNAL block location: 04116048  
2026-07-09 16:30:10 WARN  (DecompileCallback) Decompiling 04116050, pcode error at 04116050: Unable to disassemble EXTERNAL block location: 04116050  
2026-07-09 16:30:10 WARN  (DecompileCallback) Decompiling 04116058, pcode error at 04116058: Unable to disassemble EXTERNAL block location: 04116058  
2026-07-09 16:30:10 WARN  (DecompileCallback) Decompiling 04116060, pcode error at 04116060: Unable to disassemble EXTERNAL block location: 04116060  
2026-07-09 16:30:10 WARN  (DecompileCallback) Decompiling 04116068, pcode error at 04116068: Unable to disassemble EXTERNAL block location: 04116068  
2026-07-09 16:30:10 WARN  (DecompileCallback) Decompiling 04116070, pcode error at 04116070: Unable to disassemble EXTERNAL block location: 04116070  
2026-07-09 16:30:10 WARN  (DecompileCallback) Decompiling 04116078, pcode error at 04116078: Unable to disassemble EXTERNAL block location: 04116078  
2026-07-09 16:30:10 WARN  (DecompileCallback) Decompiling 04116080, pcode error at 04116080: Unable to disassemble EXTERNAL block location: 04116080  
2026-07-09 16:30:10 WARN  (DecompileCallback) Decompiling 04116088, pcode error at 04116088: Unable to disassemble EXTERNAL block location: 04116088  
2026-07-09 16:30:10 WARN  (DecompileCallback) Decompiling 04116090, pcode error at 04116090: Unable to disassemble EXTERNAL block location: 04116090  
2026-07-09 16:30:10 WARN  (DecompileCallback) Decompiling 04116098, pcode error at 04116098: Unable to disassemble EXTERNAL block location: 04116098  
2026-07-09 16:30:10 WARN  (DecompileCallback) Decompiling 041160a0, pcode error at 041160a0: Unable to disassemble EXTERNAL block location: 041160a0  
2026-07-09 16:30:10 WARN  (DecompileCallback) Decompiling 041160a8, pcode error at 041160a8: Unable to disassemble EXTERNAL block location: 041160a8  
2026-07-09 16:30:10 WARN  (DecompileCallback) Decompiling 041160b0, pcode error at 041160b0: Unable to disassemble EXTERNAL block location: 041160b0  
2026-07-09 16:30:10 WARN  (DecompileCallback) Decompiling 041160b8, pcode error at 041160b8: Unable to disassemble EXTERNAL block location: 041160b8  
2026-07-09 16:30:10 WARN  (DecompileCallback) Decompiling 041160c0, pcode error at 041160c0: Unable to disassemble EXTERNAL block location: 041160c0  
2026-07-09 16:30:10 WARN  (DecompileCallback) Decompiling 041160c8, pcode error at 041160c8: Unable to disassemble EXTERNAL block location: 041160c8  
2026-07-09 16:30:10 WARN  (DecompileCallback) Decompiling 041160d0, pcode error at 041160d0: Unable to disassemble EXTERNAL block location: 041160d0  
2026-07-09 16:30:10 WARN  (DecompileCallback) Decompiling 041160d8, pcode error at 041160d8: Unable to disassemble EXTERNAL block location: 041160d8  
2026-07-09 16:30:10 WARN  (DecompileCallback) Decompiling 041160e0, pcode error at 041160e0: Unable to disassemble EXTERNAL block location: 041160e0  
2026-07-09 16:30:10 WARN  (DecompileCallback) Decompiling 041160e8, pcode error at 041160e8: Unable to disassemble EXTERNAL block location: 041160e8  
2026-07-09 16:30:10 WARN  (DecompileCallback) Decompiling 041160f0, pcode error at 041160f0: Unable to disassemble EXTERNAL block location: 041160f0  
2026-07-09 16:30:10 WARN  (DecompileCallback) Decompiling 041160f8, pcode error at 041160f8: Unable to disassemble EXTERNAL block location: 041160f8  
2026-07-09 16:30:10 WARN  (DecompileCallback) Decompiling 04116100, pcode error at 04116100: Unable to disassemble EXTERNAL block location: 04116100  
2026-07-09 16:30:10 WARN  (DecompileCallback) Decompiling 04116108, pcode error at 04116108: Unable to disassemble EXTERNAL block location: 04116108  
2026-07-09 16:30:10 WARN  (DecompileCallback) Decompiling 04116110, pcode error at 04116110: Unable to disassemble EXTERNAL block location: 04116110  
2026-07-09 16:30:10 WARN  (DecompileCallback) Decompiling 04116118, pcode error at 04116118: Unable to disassemble EXTERNAL block location: 04116118  
2026-07-09 16:30:10 WARN  (DecompileCallback) Decompiling 04116120, pcode error at 04116120: Unable to disassemble EXTERNAL block location: 04116120  
2026-07-09 16:30:10 WARN  (DecompileCallback) Decompiling 04116128, pcode error at 04116128: Unable to disassemble EXTERNAL block location: 04116128  
2026-07-09 16:30:10 WARN  (DecompileCallback) Decompiling 04116130, pcode error at 04116130: Unable to disassemble EXTERNAL block location: 04116130  
2026-07-09 16:30:10 WARN  (DecompileCallback) Decompiling 04116138, pcode error at 04116138: Unable to disassemble EXTERNAL block location: 04116138  
2026-07-09 16:30:10 WARN  (DecompileCallback) Decompiling 04116140, pcode error at 04116140: Unable to disassemble EXTERNAL block location: 04116140  
2026-07-09 16:30:10 WARN  (DecompileCallback) Decompiling 04116150, pcode error at 04116150: Unable to disassemble EXTERNAL block location: 04116150  
2026-07-09 16:30:10 WARN  (DecompileCallback) Decompiling 04116158, pcode error at 04116158: Unable to disassemble EXTERNAL block location: 04116158  
2026-07-09 16:30:10 WARN  (DecompileCallback) Decompiling 04116160, pcode error at 04116160: Unable to disassemble EXTERNAL block location: 04116160  
2026-07-09 16:30:10 WARN  (DecompileCallback) Decompiling 04116168, pcode error at 04116168: Unable to disassemble EXTERNAL block location: 04116168  
2026-07-09 16:30:10 WARN  (DecompileCallback) Decompiling 04116170, pcode error at 04116170: Unable to disassemble EXTERNAL block location: 04116170  
2026-07-09 16:30:10 WARN  (DecompileCallback) Decompiling 04116178, pcode error at 04116178: Unable to disassemble EXTERNAL block location: 04116178  
2026-07-09 16:30:10 WARN  (DecompileCallback) Decompiling 04116180, pcode error at 04116180: Unable to disassemble EXTERNAL block location: 04116180  
2026-07-09 16:30:10 WARN  (DecompileCallback) Decompiling 04116188, pcode error at 04116188: Unable to disassemble EXTERNAL block location: 04116188  
2026-07-09 16:30:10 WARN  (DecompileCallback) Decompiling 04116190, pcode error at 04116190: Unable to disassemble EXTERNAL block location: 04116190  
2026-07-09 16:30:10 WARN  (DecompileCallback) Decompiling 04116198, pcode error at 04116198: Unable to disassemble EXTERNAL block location: 04116198  
2026-07-09 16:30:10 WARN  (DecompileCallback) Decompiling 041161a0, pcode error at 041161a0: Unable to disassemble EXTERNAL block location: 041161a0  
2026-07-09 16:30:10 WARN  (DecompileCallback) Decompiling 041161a8, pcode error at 041161a8: Unable to disassemble EXTERNAL block location: 041161a8  
2026-07-09 16:30:10 WARN  (DecompileCallback) Decompiling 041161b0, pcode error at 041161b0: Unable to disassemble EXTERNAL block location: 041161b0  
2026-07-09 16:30:10 WARN  (DecompileCallback) Decompiling 041161b8, pcode error at 041161b8: Unable to disassemble EXTERNAL block location: 041161b8  
2026-07-09 16:30:10 WARN  (DecompileCallback) Decompiling 041161c0, pcode error at 041161c0: Unable to disassemble EXTERNAL block location: 041161c0  
2026-07-09 16:30:10 WARN  (DecompileCallback) Decompiling 041161c8, pcode error at 041161c8: Unable to disassemble EXTERNAL block location: 041161c8  
2026-07-09 16:30:10 WARN  (DecompileCallback) Decompiling 041161d0, pcode error at 041161d0: Unable to disassemble EXTERNAL block location: 041161d0  
2026-07-09 16:30:10 WARN  (DecompileCallback) Decompiling 041161d8, pcode error at 041161d8: Unable to disassemble EXTERNAL block location: 041161d8  
2026-07-09 16:30:10 WARN  (DecompileCallback) Decompiling 041161e0, pcode error at 041161e0: Unable to disassemble EXTERNAL block location: 041161e0  
2026-07-09 16:30:10 WARN  (DecompileCallback) Decompiling 041161e8, pcode error at 041161e8: Unable to disassemble EXTERNAL block location: 041161e8  
2026-07-09 16:30:10 WARN  (DecompileCallback) Decompiling 041161f0, pcode error at 041161f0: Unable to disassemble EXTERNAL block location: 041161f0  
2026-07-09 16:30:10 WARN  (DecompileCallback) Decompiling 041161f8, pcode error at 041161f8: Unable to disassemble EXTERNAL block location: 041161f8  
2026-07-09 16:30:10 WARN  (DecompileCallback) Decompiling 04116200, pcode error at 04116200: Unable to disassemble EXTERNAL block location: 04116200  
2026-07-09 16:30:10 WARN  (DecompileCallback) Decompiling 04116208, pcode error at 04116208: Unable to disassemble EXTERNAL block location: 04116208  
2026-07-09 16:30:10 WARN  (DecompileCallback) Decompiling 04116210, pcode error at 04116210: Unable to disassemble EXTERNAL block location: 04116210  
2026-07-09 16:30:10 WARN  (DecompileCallback) Decompiling 04116218, pcode error at 04116218: Unable to disassemble EXTERNAL block location: 04116218  
2026-07-09 16:30:10 WARN  (DecompileCallback) Decompiling 04116220, pcode error at 04116220: Unable to disassemble EXTERNAL block location: 04116220  
2026-07-09 16:30:10 WARN  (DecompileCallback) Decompiling 04116228, pcode error at 04116228: Unable to disassemble EXTERNAL block location: 04116228  
2026-07-09 16:30:10 WARN  (DecompileCallback) Decompiling 04116230, pcode error at 04116230: Unable to disassemble EXTERNAL block location: 04116230  
2026-07-09 16:30:10 WARN  (DecompileCallback) Decompiling 04116238, pcode error at 04116238: Unable to disassemble EXTERNAL block location: 04116238  
2026-07-09 16:30:10 WARN  (DecompileCallback) Decompiling 04116240, pcode error at 04116240: Unable to disassemble EXTERNAL block location: 04116240  
2026-07-09 16:30:10 WARN  (DecompileCallback) Decompiling 04116248, pcode error at 04116248: Unable to disassemble EXTERNAL block location: 04116248  
2026-07-09 16:30:10 WARN  (DecompileCallback) Decompiling 04116250, pcode error at 04116250: Unable to disassemble EXTERNAL block location: 04116250  
2026-07-09 16:30:10 WARN  (DecompileCallback) Decompiling 04116258, pcode error at 04116258: Unable to disassemble EXTERNAL block location: 04116258  
2026-07-09 16:30:10 WARN  (DecompileCallback) Decompiling 04116260, pcode error at 04116260: Unable to disassemble EXTERNAL block location: 04116260  
2026-07-09 16:30:10 WARN  (DecompileCallback) Decompiling 04116268, pcode error at 04116268: Unable to disassemble EXTERNAL block location: 04116268  
2026-07-09 16:30:10 WARN  (DecompileCallback) Decompiling 04116270, pcode error at 04116270: Unable to disassemble EXTERNAL block location: 04116270  
2026-07-09 16:30:10 WARN  (DecompileCallback) Decompiling 04116278, pcode error at 04116278: Unable to disassemble EXTERNAL block location: 04116278  
2026-07-09 16:30:10 WARN  (DecompileCallback) Decompiling 04116280, pcode error at 04116280: Unable to disassemble EXTERNAL block location: 04116280  
2026-07-09 16:30:10 WARN  (DecompileCallback) Decompiling 04116288, pcode error at 04116288: Unable to disassemble EXTERNAL block location: 04116288  
2026-07-09 16:30:10 WARN  (DecompileCallback) Decompiling 04116290, pcode error at 04116290: Unable to disassemble EXTERNAL block location: 04116290  
2026-07-09 16:30:10 WARN  (DecompileCallback) Decompiling 04116298, pcode error at 04116298: Unable to disassemble EXTERNAL block location: 04116298  
2026-07-09 16:30:10 WARN  (DecompileCallback) Decompiling 041162a0, pcode error at 041162a0: Unable to disassemble EXTERNAL block location: 041162a0  
2026-07-09 16:30:10 WARN  (DecompileCallback) Decompiling 041162a8, pcode error at 041162a8: Unable to disassemble EXTERNAL block location: 041162a8  
2026-07-09 16:30:10 WARN  (DecompileCallback) Decompiling 041162b0, pcode error at 041162b0: Unable to disassemble EXTERNAL block location: 041162b0  
2026-07-09 16:30:10 WARN  (DecompileCallback) Decompiling 041162b8, pcode error at 041162b8: Unable to disassemble EXTERNAL block location: 041162b8  
2026-07-09 16:30:10 WARN  (DecompileCallback) Decompiling 041162c0, pcode error at 041162c0: Unable to disassemble EXTERNAL block location: 041162c0  
2026-07-09 16:30:10 WARN  (DecompileCallback) Decompiling 041162c8, pcode error at 041162c8: Unable to disassemble EXTERNAL block location: 041162c8  
2026-07-09 16:30:10 WARN  (DecompileCallback) Decompiling 041162d0, pcode error at 041162d0: Unable to disassemble EXTERNAL block location: 041162d0  
2026-07-09 16:30:10 WARN  (DecompileCallback) Decompiling 041162d8, pcode error at 041162d8: Unable to disassemble EXTERNAL block location: 041162d8  
2026-07-09 16:30:10 WARN  (DecompileCallback) Decompiling 041162e0, pcode error at 041162e0: Unable to disassemble EXTERNAL block location: 041162e0  
2026-07-09 16:30:10 WARN  (DecompileCallback) Decompiling 041162e8, pcode error at 041162e8: Unable to disassemble EXTERNAL block location: 041162e8  
2026-07-09 16:30:10 WARN  (DecompileCallback) Decompiling 041162f0, pcode error at 041162f0: Unable to disassemble EXTERNAL block location: 041162f0  
2026-07-09 16:30:10 WARN  (DecompileCallback) Decompiling 041162f8, pcode error at 041162f8: Unable to disassemble EXTERNAL block location: 041162f8  
2026-07-09 16:30:10 WARN  (DecompileCallback) Decompiling 04116300, pcode error at 04116300: Unable to disassemble EXTERNAL block location: 04116300  
2026-07-09 16:30:10 WARN  (DecompileCallback) Decompiling 04116308, pcode error at 04116308: Unable to disassemble EXTERNAL block location: 04116308  
2026-07-09 16:30:10 WARN  (DecompileCallback) Decompiling 04116310, pcode error at 04116310: Unable to disassemble EXTERNAL block location: 04116310  
2026-07-09 16:30:10 WARN  (DecompileCallback) Decompiling 04116318, pcode error at 04116318: Unable to disassemble EXTERNAL block location: 04116318  
2026-07-09 16:30:10 WARN  (DecompileCallback) Decompiling 04116320, pcode error at 04116320: Unable to disassemble EXTERNAL block location: 04116320  
2026-07-09 16:30:10 WARN  (DecompileCallback) Decompiling 04116328, pcode error at 04116328: Unable to disassemble EXTERNAL block location: 04116328  
2026-07-09 16:30:10 WARN  (DecompileCallback) Decompiling 04116330, pcode error at 04116330: Unable to disassemble EXTERNAL block location: 04116330  
2026-07-09 16:30:10 WARN  (DecompileCallback) Decompiling 04116338, pcode error at 04116338: Unable to disassemble EXTERNAL block location: 04116338  
2026-07-09 16:30:10 WARN  (DecompileCallback) Decompiling 04116340, pcode error at 04116340: Unable to disassemble EXTERNAL block location: 04116340  
2026-07-09 16:30:10 WARN  (DecompileCallback) Decompiling 04116348, pcode error at 04116348: Unable to disassemble EXTERNAL block location: 04116348  
2026-07-09 16:30:10 WARN  (DecompileCallback) Decompiling 04116350, pcode error at 04116350: Unable to disassemble EXTERNAL block location: 04116350  
2026-07-09 16:30:10 WARN  (DecompileCallback) Decompiling 04116358, pcode error at 04116358: Unable to disassemble EXTERNAL block location: 04116358  
2026-07-09 16:30:10 WARN  (DecompileCallback) Decompiling 04116360, pcode error at 04116360: Unable to disassemble EXTERNAL block location: 04116360  
2026-07-09 16:30:10 WARN  (DecompileCallback) Decompiling 04116368, pcode error at 04116368: Unable to disassemble EXTERNAL block location: 04116368  
2026-07-09 16:30:10 WARN  (DecompileCallback) Decompiling 04116370, pcode error at 04116370: Unable to disassemble EXTERNAL block location: 04116370  
2026-07-09 16:30:10 WARN  (DecompileCallback) Decompiling 04116378, pcode error at 04116378: Unable to disassemble EXTERNAL block location: 04116378  
2026-07-09 16:30:10 WARN  (DecompileCallback) Decompiling 04116380, pcode error at 04116380: Unable to disassemble EXTERNAL block location: 04116380  
2026-07-09 16:30:10 WARN  (DecompileCallback) Decompiling 04116388, pcode error at 04116388: Unable to disassemble EXTERNAL block location: 04116388  
2026-07-09 16:30:10 WARN  (DecompileCallback) Decompiling 04116390, pcode error at 04116390: Unable to disassemble EXTERNAL block location: 04116390  
2026-07-09 16:30:10 WARN  (DecompileCallback) Decompiling 04116398, pcode error at 04116398: Unable to disassemble EXTERNAL block location: 04116398  
2026-07-09 16:30:10 WARN  (DecompileCallback) Decompiling 041163a0, pcode error at 041163a0: Unable to disassemble EXTERNAL block location: 041163a0  
2026-07-09 16:30:10 WARN  (DecompileCallback) Decompiling 041163a8, pcode error at 041163a8: Unable to disassemble EXTERNAL block location: 041163a8  
2026-07-09 16:30:10 WARN  (DecompileCallback) Decompiling 041163b0, pcode error at 041163b0: Unable to disassemble EXTERNAL block location: 041163b0  
2026-07-09 16:30:10 WARN  (DecompileCallback) Decompiling 041163b8, pcode error at 041163b8: Unable to disassemble EXTERNAL block location: 041163b8  
2026-07-09 16:30:10 WARN  (DecompileCallback) Decompiling 041163c0, pcode error at 041163c0: Unable to disassemble EXTERNAL block location: 041163c0  
2026-07-09 16:30:10 WARN  (DecompileCallback) Decompiling 041163c8, pcode error at 041163c8: Unable to disassemble EXTERNAL block location: 041163c8  
2026-07-09 16:30:10 WARN  (DecompileCallback) Decompiling 041163d0, pcode error at 041163d0: Unable to disassemble EXTERNAL block location: 041163d0  
2026-07-09 16:30:10 WARN  (DecompileCallback) Decompiling 041163d8, pcode error at 041163d8: Unable to disassemble EXTERNAL block location: 041163d8  
2026-07-09 16:30:10 WARN  (DecompileCallback) Decompiling 041163e0, pcode error at 041163e0: Unable to disassemble EXTERNAL block location: 041163e0  
2026-07-09 16:30:10 WARN  (DecompileCallback) Decompiling 041163e8, pcode error at 041163e8: Unable to disassemble EXTERNAL block location: 041163e8  
2026-07-09 16:30:10 WARN  (DecompileCallback) Decompiling 041163f0, pcode error at 041163f0: Unable to disassemble EXTERNAL block location: 041163f0  
2026-07-09 16:30:10 WARN  (DecompileCallback) Decompiling 041163f8, pcode error at 041163f8: Unable to disassemble EXTERNAL block location: 041163f8  
2026-07-09 16:30:10 WARN  (DecompileCallback) Decompiling 04116400, pcode error at 04116400: Unable to disassemble EXTERNAL block location: 04116400  
2026-07-09 16:30:10 WARN  (DecompileCallback) Decompiling 04116408, pcode error at 04116408: Unable to disassemble EXTERNAL block location: 04116408  
2026-07-09 16:30:10 WARN  (DecompileCallback) Decompiling 04116410, pcode error at 04116410: Unable to disassemble EXTERNAL block location: 04116410  
2026-07-09 16:30:10 WARN  (DecompileCallback) Decompiling 04116418, pcode error at 04116418: Unable to disassemble EXTERNAL block location: 04116418  
2026-07-09 16:30:10 WARN  (DecompileCallback) Decompiling 04116420, pcode error at 04116420: Unable to disassemble EXTERNAL block location: 04116420  
2026-07-09 16:30:10 WARN  (DecompileCallback) Decompiling 04116428, pcode error at 04116428: Unable to disassemble EXTERNAL block location: 04116428  
2026-07-09 16:30:10 WARN  (DecompileCallback) Decompiling 04116430, pcode error at 04116430: Unable to disassemble EXTERNAL block location: 04116430  
2026-07-09 16:30:10 WARN  (DecompileCallback) Decompiling 04116438, pcode error at 04116438: Unable to disassemble EXTERNAL block location: 04116438  
2026-07-09 16:30:10 WARN  (DecompileCallback) Decompiling 04116440, pcode error at 04116440: Unable to disassemble EXTERNAL block location: 04116440  
2026-07-09 16:30:10 WARN  (DecompileCallback) Decompiling 04116448, pcode error at 04116448: Unable to disassemble EXTERNAL block location: 04116448  
2026-07-09 16:30:10 WARN  (DecompileCallback) Decompiling 04116450, pcode error at 04116450: Unable to disassemble EXTERNAL block location: 04116450  
2026-07-09 16:30:10 WARN  (DecompileCallback) Decompiling 04116458, pcode error at 04116458: Unable to disassemble EXTERNAL block location: 04116458  
2026-07-09 16:30:10 WARN  (DecompileCallback) Decompiling 04116460, pcode error at 04116460: Unable to disassemble EXTERNAL block location: 04116460  
2026-07-09 16:30:10 WARN  (DecompileCallback) Decompiling 04116468, pcode error at 04116468: Unable to disassemble EXTERNAL block location: 04116468  
2026-07-09 16:30:10 WARN  (DecompileCallback) Decompiling 04116470, pcode error at 04116470: Unable to disassemble EXTERNAL block location: 04116470  
2026-07-09 16:30:10 WARN  (DecompileCallback) Decompiling 04116478, pcode error at 04116478: Unable to disassemble EXTERNAL block location: 04116478  
2026-07-09 16:30:10 WARN  (DecompileCallback) Decompiling 04116480, pcode error at 04116480: Unable to disassemble EXTERNAL block location: 04116480  
2026-07-09 16:30:10 WARN  (DecompileCallback) Decompiling 04116488, pcode error at 04116488: Unable to disassemble EXTERNAL block location: 04116488  
2026-07-09 16:30:10 WARN  (DecompileCallback) Decompiling 04116490, pcode error at 04116490: Unable to disassemble EXTERNAL block location: 04116490  
2026-07-09 16:30:10 WARN  (DecompileCallback) Decompiling 04116498, pcode error at 04116498: Unable to disassemble EXTERNAL block location: 04116498  
2026-07-09 16:30:10 WARN  (DecompileCallback) Decompiling 041164a0, pcode error at 041164a0: Unable to disassemble EXTERNAL block location: 041164a0  
2026-07-09 16:30:10 WARN  (DecompileCallback) Decompiling 041164a8, pcode error at 041164a8: Unable to disassemble EXTERNAL block location: 041164a8  
2026-07-09 16:30:10 WARN  (DecompileCallback) Decompiling 041164b0, pcode error at 041164b0: Unable to disassemble EXTERNAL block location: 041164b0  
2026-07-09 16:30:10 WARN  (DecompileCallback) Decompiling 041164b8, pcode error at 041164b8: Unable to disassemble EXTERNAL block location: 041164b8  
2026-07-09 16:30:10 WARN  (DecompileCallback) Decompiling 041164c0, pcode error at 041164c0: Unable to disassemble EXTERNAL block location: 041164c0  
2026-07-09 16:30:10 WARN  (DecompileCallback) Decompiling 041164c8, pcode error at 041164c8: Unable to disassemble EXTERNAL block location: 041164c8  
2026-07-09 16:30:10 WARN  (DecompileCallback) Decompiling 041164d0, pcode error at 041164d0: Unable to disassemble EXTERNAL block location: 041164d0  
2026-07-09 16:30:10 WARN  (DecompileCallback) Decompiling 041164d8, pcode error at 041164d8: Unable to disassemble EXTERNAL block location: 041164d8  
2026-07-09 16:30:10 WARN  (DecompileCallback) Decompiling 041164e0, pcode error at 041164e0: Unable to disassemble EXTERNAL block location: 041164e0  
2026-07-09 16:30:10 WARN  (DecompileCallback) Decompiling 041164e8, pcode error at 041164e8: Unable to disassemble EXTERNAL block location: 041164e8  
2026-07-09 16:30:10 WARN  (DecompileCallback) Decompiling 041164f0, pcode error at 041164f0: Unable to disassemble EXTERNAL block location: 041164f0  
2026-07-09 16:30:10 WARN  (DecompileCallback) Decompiling 041164f8, pcode error at 041164f8: Unable to disassemble EXTERNAL block location: 041164f8  
2026-07-09 16:30:10 WARN  (DecompileCallback) Decompiling 04116500, pcode error at 04116500: Unable to disassemble EXTERNAL block location: 04116500  
2026-07-09 16:30:10 WARN  (DecompileCallback) Decompiling 04116508, pcode error at 04116508: Unable to disassemble EXTERNAL block location: 04116508  
2026-07-09 16:30:10 WARN  (DecompileCallback) Decompiling 04116510, pcode error at 04116510: Unable to disassemble EXTERNAL block location: 04116510  
2026-07-09 16:30:10 WARN  (DecompileCallback) Decompiling 04116518, pcode error at 04116518: Unable to disassemble EXTERNAL block location: 04116518  
2026-07-09 16:30:10 WARN  (DecompileCallback) Decompiling 04116520, pcode error at 04116520: Unable to disassemble EXTERNAL block location: 04116520  
2026-07-09 16:30:10 WARN  (DecompileCallback) Decompiling 04116528, pcode error at 04116528: Unable to disassemble EXTERNAL block location: 04116528  
2026-07-09 16:30:10 WARN  (DecompileCallback) Decompiling 04116530, pcode error at 04116530: Unable to disassemble EXTERNAL block location: 04116530  
2026-07-09 16:30:10 WARN  (DecompileCallback) Decompiling 04116538, pcode error at 04116538: Unable to disassemble EXTERNAL block location: 04116538  
2026-07-09 16:30:10 WARN  (DecompileCallback) Decompiling 04116540, pcode error at 04116540: Unable to disassemble EXTERNAL block location: 04116540  
2026-07-09 16:30:10 WARN  (DecompileCallback) Decompiling 04116548, pcode error at 04116548: Unable to disassemble EXTERNAL block location: 04116548  
2026-07-09 16:30:10 WARN  (DecompileCallback) Decompiling 04116550, pcode error at 04116550: Unable to disassemble EXTERNAL block location: 04116550  
2026-07-09 16:30:10 WARN  (DecompileCallback) Decompiling 04116558, pcode error at 04116558: Unable to disassemble EXTERNAL block location: 04116558  
2026-07-09 16:30:10 WARN  (DecompileCallback) Decompiling 04116560, pcode error at 04116560: Unable to disassemble EXTERNAL block location: 04116560  
2026-07-09 16:30:10 WARN  (DecompileCallback) Decompiling 04116568, pcode error at 04116568: Unable to disassemble EXTERNAL block location: 04116568  
2026-07-09 16:30:10 WARN  (DecompileCallback) Decompiling 04116570, pcode error at 04116570: Unable to disassemble EXTERNAL block location: 04116570  
2026-07-09 16:30:10 WARN  (DecompileCallback) Decompiling 04116578, pcode error at 04116578: Unable to disassemble EXTERNAL block location: 04116578  
2026-07-09 16:30:10 WARN  (DecompileCallback) Decompiling 04116580, pcode error at 04116580: Unable to disassemble EXTERNAL block location: 04116580  
2026-07-09 16:30:10 WARN  (DecompileCallback) Decompiling 04116588, pcode error at 04116588: Unable to disassemble EXTERNAL block location: 04116588  
2026-07-09 16:30:10 WARN  (DecompileCallback) Decompiling 04116590, pcode error at 04116590: Unable to disassemble EXTERNAL block location: 04116590  
2026-07-09 16:30:11 WARN  (DecompileCallback) Decompiling 04116598, pcode error at 04116598: Unable to disassemble EXTERNAL block location: 04116598  
2026-07-09 16:30:11 WARN  (DecompileCallback) Decompiling 041165a0, pcode error at 041165a0: Unable to disassemble EXTERNAL block location: 041165a0  
2026-07-09 16:30:11 WARN  (DecompileCallback) Decompiling 041165a8, pcode error at 041165a8: Unable to disassemble EXTERNAL block location: 041165a8  
2026-07-09 16:30:11 WARN  (DecompileCallback) Decompiling 041165b0, pcode error at 041165b0: Unable to disassemble EXTERNAL block location: 041165b0  
2026-07-09 16:30:11 WARN  (DecompileCallback) Decompiling 041165b8, pcode error at 041165b8: Unable to disassemble EXTERNAL block location: 041165b8  
2026-07-09 16:30:11 WARN  (DecompileCallback) Decompiling 041165c0, pcode error at 041165c0: Unable to disassemble EXTERNAL block location: 041165c0  
2026-07-09 16:30:11 WARN  (DecompileCallback) Decompiling 041165c8, pcode error at 041165c8: Unable to disassemble EXTERNAL block location: 041165c8  
2026-07-09 16:30:11 WARN  (DecompileCallback) Decompiling 041165d0, pcode error at 041165d0: Unable to disassemble EXTERNAL block location: 041165d0  
2026-07-09 16:30:11 WARN  (DecompileCallback) Decompiling 041165d8, pcode error at 041165d8: Unable to disassemble EXTERNAL block location: 041165d8  
2026-07-09 16:30:11 WARN  (DecompileCallback) Decompiling 041165e0, pcode error at 041165e0: Unable to disassemble EXTERNAL block location: 041165e0  
2026-07-09 16:30:11 WARN  (DecompileCallback) Decompiling 041165e8, pcode error at 041165e8: Unable to disassemble EXTERNAL block location: 041165e8  
2026-07-09 16:30:11 WARN  (DecompileCallback) Decompiling 041165f0, pcode error at 041165f0: Unable to disassemble EXTERNAL block location: 041165f0  
2026-07-09 16:30:11 WARN  (DecompileCallback) Decompiling 041165f8, pcode error at 041165f8: Unable to disassemble EXTERNAL block location: 041165f8  
2026-07-09 16:30:11 WARN  (DecompileCallback) Decompiling 04116600, pcode error at 04116600: Unable to disassemble EXTERNAL block location: 04116600  
2026-07-09 16:30:11 WARN  (DecompileCallback) Decompiling 04116608, pcode error at 04116608: Unable to disassemble EXTERNAL block location: 04116608  
2026-07-09 16:30:11 WARN  (DecompileCallback) Decompiling 04116610, pcode error at 04116610: Unable to disassemble EXTERNAL block location: 04116610  
2026-07-09 16:30:11 WARN  (DecompileCallback) Decompiling 04116618, pcode error at 04116618: Unable to disassemble EXTERNAL block location: 04116618  
2026-07-09 16:30:11 WARN  (DecompileCallback) Decompiling 04116620, pcode error at 04116620: Unable to disassemble EXTERNAL block location: 04116620  
2026-07-09 16:30:11 WARN  (DecompileCallback) Decompiling 04116628, pcode error at 04116628: Unable to disassemble EXTERNAL block location: 04116628  
2026-07-09 16:30:11 WARN  (DecompileCallback) Decompiling 04116630, pcode error at 04116630: Unable to disassemble EXTERNAL block location: 04116630  
2026-07-09 16:30:11 WARN  (DecompileCallback) Decompiling 04116638, pcode error at 04116638: Unable to disassemble EXTERNAL block location: 04116638  
2026-07-09 16:30:11 WARN  (DecompileCallback) Decompiling 04116640, pcode error at 04116640: Unable to disassemble EXTERNAL block location: 04116640  
2026-07-09 16:30:11 WARN  (DecompileCallback) Decompiling 04116648, pcode error at 04116648: Unable to disassemble EXTERNAL block location: 04116648  
2026-07-09 16:30:11 WARN  (DecompileCallback) Decompiling 04116650, pcode error at 04116650: Unable to disassemble EXTERNAL block location: 04116650  
2026-07-09 16:30:11 WARN  (DecompileCallback) Decompiling 04116658, pcode error at 04116658: Unable to disassemble EXTERNAL block location: 04116658  
2026-07-09 16:30:11 WARN  (DecompileCallback) Decompiling 04116660, pcode error at 04116660: Unable to disassemble EXTERNAL block location: 04116660  
2026-07-09 16:30:11 WARN  (DecompileCallback) Decompiling 04116668, pcode error at 04116668: Unable to disassemble EXTERNAL block location: 04116668  
2026-07-09 16:30:11 WARN  (DecompileCallback) Decompiling 04116670, pcode error at 04116670: Unable to disassemble EXTERNAL block location: 04116670  
2026-07-09 16:30:11 WARN  (DecompileCallback) Decompiling 04116678, pcode error at 04116678: Unable to disassemble EXTERNAL block location: 04116678  
2026-07-09 16:30:11 WARN  (DecompileCallback) Decompiling 04116680, pcode error at 04116680: Unable to disassemble EXTERNAL block location: 04116680  
2026-07-09 16:30:11 WARN  (DecompileCallback) Decompiling 04116688, pcode error at 04116688: Unable to disassemble EXTERNAL block location: 04116688  
2026-07-09 16:30:11 WARN  (DecompileCallback) Decompiling 04116690, pcode error at 04116690: Unable to disassemble EXTERNAL block location: 04116690  
2026-07-09 16:30:11 WARN  (DecompileCallback) Decompiling 04116698, pcode error at 04116698: Unable to disassemble EXTERNAL block location: 04116698  
2026-07-09 16:30:11 WARN  (DecompileCallback) Decompiling 041166a0, pcode error at 041166a0: Unable to disassemble EXTERNAL block location: 041166a0  
2026-07-09 16:30:11 WARN  (DecompileCallback) Decompiling 041166a8, pcode error at 041166a8: Unable to disassemble EXTERNAL block location: 041166a8  
2026-07-09 16:30:11 WARN  (DecompileCallback) Decompiling 041166b0, pcode error at 041166b0: Unable to disassemble EXTERNAL block location: 041166b0  
2026-07-09 16:30:11 WARN  (DecompileCallback) Decompiling 041166b8, pcode error at 041166b8: Unable to disassemble EXTERNAL block location: 041166b8  
2026-07-09 16:30:11 WARN  (DecompileCallback) Decompiling 041166c0, pcode error at 041166c0: Unable to disassemble EXTERNAL block location: 041166c0  
2026-07-09 16:30:11 WARN  (DecompileCallback) Decompiling 041166c8, pcode error at 041166c8: Unable to disassemble EXTERNAL block location: 041166c8  
2026-07-09 16:30:11 WARN  (DecompileCallback) Decompiling 041166d0, pcode error at 041166d0: Unable to disassemble EXTERNAL block location: 041166d0  
2026-07-09 16:30:11 WARN  (DecompileCallback) Decompiling 041166d8, pcode error at 041166d8: Unable to disassemble EXTERNAL block location: 041166d8  
2026-07-09 16:30:11 WARN  (DecompileCallback) Decompiling 041166e0, pcode error at 041166e0: Unable to disassemble EXTERNAL block location: 041166e0  
2026-07-09 16:30:11 WARN  (DecompileCallback) Decompiling 041166e8, pcode error at 041166e8: Unable to disassemble EXTERNAL block location: 041166e8  
2026-07-09 16:30:11 WARN  (DecompileCallback) Decompiling 041166f0, pcode error at 041166f0: Unable to disassemble EXTERNAL block location: 041166f0  
2026-07-09 16:30:11 WARN  (DecompileCallback) Decompiling 041166f8, pcode error at 041166f8: Unable to disassemble EXTERNAL block location: 041166f8  
2026-07-09 16:30:11 WARN  (DecompileCallback) Decompiling 04116700, pcode error at 04116700: Unable to disassemble EXTERNAL block location: 04116700  
2026-07-09 16:30:11 WARN  (DecompileCallback) Decompiling 04116708, pcode error at 04116708: Unable to disassemble EXTERNAL block location: 04116708  
2026-07-09 16:30:11 WARN  (DecompileCallback) Decompiling 04116710, pcode error at 04116710: Unable to disassemble EXTERNAL block location: 04116710  
2026-07-09 16:30:11 WARN  (DecompileCallback) Decompiling 04116718, pcode error at 04116718: Unable to disassemble EXTERNAL block location: 04116718  
2026-07-09 16:30:11 WARN  (DecompileCallback) Decompiling 04116720, pcode error at 04116720: Unable to disassemble EXTERNAL block location: 04116720  
2026-07-09 16:30:11 WARN  (DecompileCallback) Decompiling 04116728, pcode error at 04116728: Unable to disassemble EXTERNAL block location: 04116728  
2026-07-09 16:30:11 WARN  (DecompileCallback) Decompiling 04116730, pcode error at 04116730: Unable to disassemble EXTERNAL block location: 04116730  
2026-07-09 16:30:11 WARN  (DecompileCallback) Decompiling 04116738, pcode error at 04116738: Unable to disassemble EXTERNAL block location: 04116738  
2026-07-09 16:30:11 WARN  (DecompileCallback) Decompiling 04116740, pcode error at 04116740: Unable to disassemble EXTERNAL block location: 04116740  
2026-07-09 16:30:11 WARN  (DecompileCallback) Decompiling 04116748, pcode error at 04116748: Unable to disassemble EXTERNAL block location: 04116748  
2026-07-09 16:30:11 WARN  (DecompileCallback) Decompiling 04116750, pcode error at 04116750: Unable to disassemble EXTERNAL block location: 04116750  
2026-07-09 16:30:11 WARN  (DecompileCallback) Decompiling 04116758, pcode error at 04116758: Unable to disassemble EXTERNAL block location: 04116758  
2026-07-09 16:30:11 WARN  (DecompileCallback) Decompiling 04116760, pcode error at 04116760: Unable to disassemble EXTERNAL block location: 04116760  
2026-07-09 16:30:11 WARN  (DecompileCallback) Decompiling 04116768, pcode error at 04116768: Unable to disassemble EXTERNAL block location: 04116768  
2026-07-09 16:30:11 WARN  (DecompileCallback) Decompiling 04116770, pcode error at 04116770: Unable to disassemble EXTERNAL block location: 04116770  
2026-07-09 16:30:11 WARN  (DecompileCallback) Decompiling 04116778, pcode error at 04116778: Unable to disassemble EXTERNAL block location: 04116778  
2026-07-09 16:30:11 WARN  (DecompileCallback) Decompiling 04116780, pcode error at 04116780: Unable to disassemble EXTERNAL block location: 04116780  
2026-07-09 16:30:11 WARN  (DecompileCallback) Decompiling 04116788, pcode error at 04116788: Unable to disassemble EXTERNAL block location: 04116788  
2026-07-09 16:30:11 WARN  (DecompileCallback) Decompiling 04116790, pcode error at 04116790: Unable to disassemble EXTERNAL block location: 04116790  
2026-07-09 16:30:11 WARN  (DecompileCallback) Decompiling 04116798, pcode error at 04116798: Unable to disassemble EXTERNAL block location: 04116798  
2026-07-09 16:30:11 WARN  (DecompileCallback) Decompiling 041167a0, pcode error at 041167a0: Unable to disassemble EXTERNAL block location: 041167a0  
2026-07-09 16:30:11 WARN  (DecompileCallback) Decompiling 041167a8, pcode error at 041167a8: Unable to disassemble EXTERNAL block location: 041167a8  
2026-07-09 16:30:11 WARN  (DecompileCallback) Decompiling 041167b0, pcode error at 041167b0: Unable to disassemble EXTERNAL block location: 041167b0  
2026-07-09 16:30:11 WARN  (DecompileCallback) Decompiling 041167b8, pcode error at 041167b8: Unable to disassemble EXTERNAL block location: 041167b8  
2026-07-09 16:30:11 WARN  (DecompileCallback) Decompiling 041167c0, pcode error at 041167c0: Unable to disassemble EXTERNAL block location: 041167c0  
2026-07-09 16:30:11 WARN  (DecompileCallback) Decompiling 041167c8, pcode error at 041167c8: Unable to disassemble EXTERNAL block location: 041167c8  
2026-07-09 16:30:11 WARN  (DecompileCallback) Decompiling 041167d0, pcode error at 041167d0: Unable to disassemble EXTERNAL block location: 041167d0  
2026-07-09 16:30:11 WARN  (DecompileCallback) Decompiling 041167e0, pcode error at 041167e0: Unable to disassemble EXTERNAL block location: 041167e0  
2026-07-09 16:30:11 WARN  (DecompileCallback) Decompiling 041167e8, pcode error at 041167e8: Unable to disassemble EXTERNAL block location: 041167e8  
2026-07-09 16:30:11 WARN  (DecompileCallback) Decompiling 041167f0, pcode error at 041167f0: Unable to disassemble EXTERNAL block location: 041167f0  
2026-07-09 16:30:11 WARN  (DecompileCallback) Decompiling 041167f8, pcode error at 041167f8: Unable to disassemble EXTERNAL block location: 041167f8  
2026-07-09 16:30:11 WARN  (DecompileCallback) Decompiling 04116800, pcode error at 04116800: Unable to disassemble EXTERNAL block location: 04116800  
2026-07-09 16:30:11 WARN  (DecompileCallback) Decompiling 04116808, pcode error at 04116808: Unable to disassemble EXTERNAL block location: 04116808  
2026-07-09 16:30:11 WARN  (DecompileCallback) Decompiling 04116810, pcode error at 04116810: Unable to disassemble EXTERNAL block location: 04116810  
2026-07-09 16:30:11 WARN  (DecompileCallback) Decompiling 04116818, pcode error at 04116818: Unable to disassemble EXTERNAL block location: 04116818  
2026-07-09 16:30:11 INFO  (GhidraScript) GeneralStructureEyePatternScan.java> General structure scan complete.  
2026-07-09 16:30:11 INFO  (GhidraScript) GeneralStructureEyePatternScan.java> Total functions scanned: 253489  
2026-07-09 16:30:11 INFO  (GhidraScript) GeneralStructureEyePatternScan.java> Exported functions: 86  
2026-07-09 16:30:11 INFO  (GhidraScript) GeneralStructureEyePatternScan.java> Decompile failures: 2  
2026-07-09 16:30:11 INFO  (GhidraScript) GeneralStructureEyePatternScan.java> Report CSV: C:\realDesktop\manifest-evaluations\summer-26\ghidra-pipeline\il2cpp-files\FruitBladeVR\general-structure-results\structure_scan_report.csv  
2026-07-09 16:30:11 INFO  (GhidraScript) GeneralStructureEyePatternScan.java> Report JSON: C:\realDesktop\manifest-evaluations\summer-26\ghidra-pipeline\il2cpp-files\FruitBladeVR\general-structure-results\structure_scan_report.json  
2026-07-09 16:30:11 INFO  (HeadlessAnalyzer) REPORT: Save succeeded for processed file: /FruitBladeVR-libil2cpp.so  
