2026-06-29 17:46:19 INFO  (LoggingInitialization) Using log config file: jar:file:/C:/Users/kimgiordano27/Downloads/ghidra_12.1.2_PUBLIC_20260605/ghidra_12.1.2_PUBLIC/Ghidra/Framework/Generic/lib/Generic.jar!/generic.log4j.xml  
2026-06-29 17:46:19 INFO  (LoggingInitialization) Using log file: C:\realDesktop\manifest-evaluations\summer-26\ghidra-pipeline\il2cpp-files\FruitBladeVR\scan-eye-patterns-ghidra.log  
2026-06-29 17:46:19 DEBUG (GhidraObjectInputFilter) Including serial input filter: FileSystem/data/client.rmi.serial.filter  
2026-06-29 17:46:19 INFO  (Preferences) Loading user preferences: C:\Users\kimgiordano27\AppData\Roaming\ghidra\ghidra_12.1.2_PUBLIC\preferences  
2026-06-29 17:46:19 INFO  (ClassSearcher) Searching for classes...  
2026-06-29 17:46:19 INFO  (ClassSearcher) Class search complete (729 ms)  
2026-06-29 17:46:20 INFO  (DefaultSSLContextInitializer) Initializing SSL Context  
2026-06-29 17:46:20 INFO  (SecureRandomFactory) Initializing Random Number Generator...  
2026-06-29 17:46:20 INFO  (SecureRandomFactory) Random Number Generator initialization complete: SHA1PRNG  
2026-06-29 17:46:20 INFO  (DefaultTrustManagerFactory) Trust manager disabled, cacerts have not been set  
2026-06-29 17:46:20 INFO  (AnalyzeHeadless) Headless startup complete (7688 ms)  
2026-06-29 17:46:20 INFO  (ClassSearcher) Class searcher loaded 59 extension points (20 false positives)  
2026-06-29 17:46:20 INFO  (HeadlessAnalyzer) HEADLESS Script Paths:
    C:\Users\kimgiordano27\Downloads\ghidra_12.1.2_PUBLIC_20260605\ghidra_12.1.2_PUBLIC\Ghidra\Features\DecompilerDependent\ghidra_scripts
    C:\Users\kimgiordano27\Downloads\ghidra_12.1.2_PUBLIC_20260605\ghidra_12.1.2_PUBLIC\Ghidra\Processors\Atmel\ghidra_scripts
    C:\Users\kimgiordano27\Downloads\ghidra_12.1.2_PUBLIC_20260605\ghidra_12.1.2_PUBLIC\Ghidra\Processors\PIC\ghidra_scripts
    C:\Users\kimgiordano27\Downloads\ghidra_12.1.2_PUBLIC_20260605\ghidra_12.1.2_PUBLIC\Ghidra\Features\VersionTracking\ghidra_scripts
    C:\Users\kimgiordano27\Downloads\ghidra_12.1.2_PUBLIC_20260605\ghidra_12.1.2_PUBLIC\Ghidra\Features\BytePatterns\ghidra_scripts
    C:\Users\kimgiordano27\ghidra_scripts
    C:\Users\kimgiordano27\Downloads\ghidra_12.1.2_PUBLIC_20260605\ghidra_12.1.2_PUBLIC\Ghidra\Features\BSim\ghidra_scripts
    C:\realDesktop\manifest-evaluations\summer-26\ghidra-pipeline\ghidra-export-scripts
    C:\Users\kimgiordano27\Downloads\ghidra_12.1.2_PUBLIC_20260605\ghidra_12.1.2_PUBLIC\Ghidra\Processors\JVM\ghidra_scripts
    C:\Users\kimgiordano27\Downloads\ghidra_12.1.2_PUBLIC_20260605\ghidra_12.1.2_PUBLIC\Ghidra\Features\Base\ghidra_scripts
    C:\Users\kimgiordano27\Downloads\ghidra_12.1.2_PUBLIC_20260605\ghidra_12.1.2_PUBLIC\Ghidra\Features\SwiftDemangler\ghidra_scripts
    C:\Users\kimgiordano27\Downloads\ghidra_12.1.2_PUBLIC_20260605\ghidra_12.1.2_PUBLIC\Ghidra\Features\WildcardAssembler\ghidra_scripts
    C:\Users\kimgiordano27\Downloads\ghidra_12.1.2_PUBLIC_20260605\ghidra_12.1.2_PUBLIC\Ghidra\Features\FileFormats\ghidra_scripts
    C:\Users\kimgiordano27\Downloads\ghidra_12.1.2_PUBLIC_20260605\ghidra_12.1.2_PUBLIC\Ghidra\Features\Decompiler\ghidra_scripts
    C:\Users\kimgiordano27\Downloads\ghidra_12.1.2_PUBLIC_20260605\ghidra_12.1.2_PUBLIC\Ghidra\Features\SystemEmulation\ghidra_scripts
    C:\Users\kimgiordano27\Downloads\ghidra_12.1.2_PUBLIC_20260605\ghidra_12.1.2_PUBLIC\Ghidra\Processors\8051\ghidra_scripts
    C:\Users\kimgiordano27\Downloads\ghidra_12.1.2_PUBLIC_20260605\ghidra_12.1.2_PUBLIC\Ghidra\Features\GnuDemangler\ghidra_scripts
    C:\Users\kimgiordano27\Downloads\ghidra_12.1.2_PUBLIC_20260605\ghidra_12.1.2_PUBLIC\Ghidra\Debug\Debugger\ghidra_scripts
    C:\Users\kimgiordano27\Downloads\ghidra_12.1.2_PUBLIC_20260605\ghidra_12.1.2_PUBLIC\Ghidra\Processors\DATA\ghidra_scripts
    C:\Users\kimgiordano27\Downloads\ghidra_12.1.2_PUBLIC_20260605\ghidra_12.1.2_PUBLIC\Ghidra\Debug\Debugger-rmi-trace\ghidra_scripts
    C:\Users\kimgiordano27\Downloads\ghidra_12.1.2_PUBLIC_20260605\ghidra_12.1.2_PUBLIC\Ghidra\Features\FunctionID\ghidra_scripts
    C:\Users\kimgiordano27\Downloads\ghidra_12.1.2_PUBLIC_20260605\ghidra_12.1.2_PUBLIC\Ghidra\Features\MicrosoftCodeAnalyzer\ghidra_scripts
    C:\Users\kimgiordano27\Downloads\ghidra_12.1.2_PUBLIC_20260605\ghidra_12.1.2_PUBLIC\Ghidra\Features\PDB\ghidra_scripts
    C:\Users\kimgiordano27\AppData\Roaming\ghidra\ghidra_12.1.2_PUBLIC\Extensions\Jython\ghidra_scripts
    C:\Users\kimgiordano27\Downloads\ghidra_12.1.2_PUBLIC_20260605\ghidra_12.1.2_PUBLIC\Ghidra\Features\PyGhidra\ghidra_scripts  
2026-06-29 17:46:20 INFO  (HeadlessAnalyzer) HEADLESS: execution starts  
2026-06-29 17:46:20 INFO  (HeadlessAnalyzer) Opening existing project: C:\realDesktop\manifest-evaluations\summer-26\ghidra-pipeline\il2cpp-files\FruitBladeVR\ghidra-project\FruitBladeVR  
2026-06-29 17:46:20 INFO  (HeadlessProject) Opening project: C:\realDesktop\manifest-evaluations\summer-26\ghidra-pipeline\il2cpp-files\FruitBladeVR\ghidra-project\FruitBladeVR  
2026-06-29 17:46:20 ERROR (HeadlessAnalyzer) Abort due to Headless analyzer error: ghidra.framework.store.LockException: Unable to lock project! C:\realDesktop\manifest-evaluations\summer-26\ghidra-pipeline\il2cpp-files\FruitBladeVR\ghidra-project\FruitBladeVR java.io.IOException: ghidra.framework.store.LockException: Unable to lock project! C:\realDesktop\manifest-evaluations\summer-26\ghidra-pipeline\il2cpp-files\FruitBladeVR\ghidra-project\FruitBladeVR
	at ghidra.app.util.headless.HeadlessAnalyzer.openProject(HeadlessAnalyzer.java:1823)
	at ghidra.app.util.headless.HeadlessAnalyzer.processLocal(HeadlessAnalyzer.java:435)
	at ghidra.app.util.headless.AnalyzeHeadless.launch(AnalyzeHeadless.java:199)
	at ghidra.GhidraLauncher.launch(GhidraLauncher.java:81)
	at ghidra.Ghidra.main(Ghidra.java:54)
Caused by: ghidra.framework.store.LockException: Unable to lock project! C:\realDesktop\manifest-evaluations\summer-26\ghidra-pipeline\il2cpp-files\FruitBladeVR\ghidra-project\FruitBladeVR
	at ghidra.framework.data.DefaultProjectData.getProjectLock(DefaultProjectData.java:353)
	at ghidra.framework.data.DefaultProjectData.initLock(DefaultProjectData.java:323)
	at ghidra.framework.data.DefaultProjectData.init(DefaultProjectData.java:315)
	at ghidra.framework.data.DefaultProjectData.<init>(DefaultProjectData.java:120)
	at ghidra.framework.project.DefaultProject.<init>(DefaultProject.java:119)
	at ghidra.app.util.headless.HeadlessAnalyzer$HeadlessProject.<init>(HeadlessAnalyzer.java:1864)
	at ghidra.app.util.headless.HeadlessAnalyzer.openProject(HeadlessAnalyzer.java:1820)
	... 4 more
 
2026-06-29 17:49:20 INFO  (LoggingInitialization) Using log config file: jar:file:/C:/Users/kimgiordano27/Downloads/ghidra_12.1.2_PUBLIC_20260605/ghidra_12.1.2_PUBLIC/Ghidra/Framework/Generic/lib/Generic.jar!/generic.log4j.xml  
2026-06-29 17:49:20 INFO  (LoggingInitialization) Using log file: C:\realDesktop\manifest-evaluations\summer-26\ghidra-pipeline\il2cpp-files\FruitBladeVR\scan-eye-patterns-ghidra.log  
2026-06-29 17:49:20 DEBUG (GhidraObjectInputFilter) Including serial input filter: FileSystem/data/client.rmi.serial.filter  
2026-06-29 17:49:20 INFO  (Preferences) Loading user preferences: C:\Users\kimgiordano27\AppData\Roaming\ghidra\ghidra_12.1.2_PUBLIC\preferences  
2026-06-29 17:49:20 INFO  (ClassSearcher) Searching for classes...  
2026-06-29 17:49:20 INFO  (ClassSearcher) Class search complete (558 ms)  
2026-06-29 17:49:20 INFO  (DefaultSSLContextInitializer) Initializing SSL Context  
2026-06-29 17:49:20 INFO  (SecureRandomFactory) Initializing Random Number Generator...  
2026-06-29 17:49:20 INFO  (SecureRandomFactory) Random Number Generator initialization complete: SHA1PRNG  
2026-06-29 17:49:20 INFO  (DefaultTrustManagerFactory) Trust manager disabled, cacerts have not been set  
2026-06-29 17:49:21 INFO  (AnalyzeHeadless) Headless startup complete (1658 ms)  
2026-06-29 17:49:21 INFO  (ClassSearcher) Class searcher loaded 59 extension points (20 false positives)  
2026-06-29 17:49:21 INFO  (HeadlessAnalyzer) HEADLESS Script Paths:
    C:\Users\kimgiordano27\Downloads\ghidra_12.1.2_PUBLIC_20260605\ghidra_12.1.2_PUBLIC\Ghidra\Features\DecompilerDependent\ghidra_scripts
    C:\Users\kimgiordano27\Downloads\ghidra_12.1.2_PUBLIC_20260605\ghidra_12.1.2_PUBLIC\Ghidra\Processors\Atmel\ghidra_scripts
    C:\Users\kimgiordano27\Downloads\ghidra_12.1.2_PUBLIC_20260605\ghidra_12.1.2_PUBLIC\Ghidra\Processors\PIC\ghidra_scripts
    C:\Users\kimgiordano27\Downloads\ghidra_12.1.2_PUBLIC_20260605\ghidra_12.1.2_PUBLIC\Ghidra\Features\VersionTracking\ghidra_scripts
    C:\Users\kimgiordano27\Downloads\ghidra_12.1.2_PUBLIC_20260605\ghidra_12.1.2_PUBLIC\Ghidra\Features\BytePatterns\ghidra_scripts
    C:\Users\kimgiordano27\ghidra_scripts
    C:\Users\kimgiordano27\Downloads\ghidra_12.1.2_PUBLIC_20260605\ghidra_12.1.2_PUBLIC\Ghidra\Features\BSim\ghidra_scripts
    C:\realDesktop\manifest-evaluations\summer-26\ghidra-pipeline\ghidra-export-scripts
    C:\Users\kimgiordano27\Downloads\ghidra_12.1.2_PUBLIC_20260605\ghidra_12.1.2_PUBLIC\Ghidra\Processors\JVM\ghidra_scripts
    C:\Users\kimgiordano27\Downloads\ghidra_12.1.2_PUBLIC_20260605\ghidra_12.1.2_PUBLIC\Ghidra\Features\Base\ghidra_scripts
    C:\Users\kimgiordano27\Downloads\ghidra_12.1.2_PUBLIC_20260605\ghidra_12.1.2_PUBLIC\Ghidra\Features\SwiftDemangler\ghidra_scripts
    C:\Users\kimgiordano27\Downloads\ghidra_12.1.2_PUBLIC_20260605\ghidra_12.1.2_PUBLIC\Ghidra\Features\WildcardAssembler\ghidra_scripts
    C:\Users\kimgiordano27\Downloads\ghidra_12.1.2_PUBLIC_20260605\ghidra_12.1.2_PUBLIC\Ghidra\Features\FileFormats\ghidra_scripts
    C:\Users\kimgiordano27\Downloads\ghidra_12.1.2_PUBLIC_20260605\ghidra_12.1.2_PUBLIC\Ghidra\Features\Decompiler\ghidra_scripts
    C:\Users\kimgiordano27\Downloads\ghidra_12.1.2_PUBLIC_20260605\ghidra_12.1.2_PUBLIC\Ghidra\Features\SystemEmulation\ghidra_scripts
    C:\Users\kimgiordano27\Downloads\ghidra_12.1.2_PUBLIC_20260605\ghidra_12.1.2_PUBLIC\Ghidra\Processors\8051\ghidra_scripts
    C:\Users\kimgiordano27\Downloads\ghidra_12.1.2_PUBLIC_20260605\ghidra_12.1.2_PUBLIC\Ghidra\Features\GnuDemangler\ghidra_scripts
    C:\Users\kimgiordano27\Downloads\ghidra_12.1.2_PUBLIC_20260605\ghidra_12.1.2_PUBLIC\Ghidra\Debug\Debugger\ghidra_scripts
    C:\Users\kimgiordano27\Downloads\ghidra_12.1.2_PUBLIC_20260605\ghidra_12.1.2_PUBLIC\Ghidra\Processors\DATA\ghidra_scripts
    C:\Users\kimgiordano27\Downloads\ghidra_12.1.2_PUBLIC_20260605\ghidra_12.1.2_PUBLIC\Ghidra\Debug\Debugger-rmi-trace\ghidra_scripts
    C:\Users\kimgiordano27\Downloads\ghidra_12.1.2_PUBLIC_20260605\ghidra_12.1.2_PUBLIC\Ghidra\Features\FunctionID\ghidra_scripts
    C:\Users\kimgiordano27\Downloads\ghidra_12.1.2_PUBLIC_20260605\ghidra_12.1.2_PUBLIC\Ghidra\Features\MicrosoftCodeAnalyzer\ghidra_scripts
    C:\Users\kimgiordano27\Downloads\ghidra_12.1.2_PUBLIC_20260605\ghidra_12.1.2_PUBLIC\Ghidra\Features\PDB\ghidra_scripts
    C:\Users\kimgiordano27\AppData\Roaming\ghidra\ghidra_12.1.2_PUBLIC\Extensions\Jython\ghidra_scripts
    C:\Users\kimgiordano27\Downloads\ghidra_12.1.2_PUBLIC_20260605\ghidra_12.1.2_PUBLIC\Ghidra\Features\PyGhidra\ghidra_scripts  
2026-06-29 17:49:21 INFO  (HeadlessAnalyzer) HEADLESS: execution starts  
2026-06-29 17:49:21 INFO  (HeadlessAnalyzer) Opening existing project: C:\realDesktop\manifest-evaluations\summer-26\ghidra-pipeline\il2cpp-files\FruitBladeVR\ghidra-project\FruitBladeVR  
2026-06-29 17:49:21 INFO  (HeadlessProject) Opening project: C:\realDesktop\manifest-evaluations\summer-26\ghidra-pipeline\il2cpp-files\FruitBladeVR\ghidra-project\FruitBladeVR  
2026-06-29 17:49:23 INFO  (HeadlessAnalyzer) REPORT: Processing project file: /FruitBladeVR-libil2cpp.so  
2026-06-29 17:49:23 INFO  (HeadlessAnalyzer) REPORT: Execute script: ScanAndExportEyePatterns.py 'C:\realDesktop\manifest-evaluations\summer-26\ghidra-pipeline\il2cpp-files\FruitBladeVR\eye-pattern-results' '60'   
2026-06-29 17:49:23 ERROR (HeadlessAnalyzer) REPORT SCRIPT ERROR: ScanAndExportEyePatterns.py : Ghidra was not started with PyGhidra. Python is not available ghidra.app.script.GhidraScriptLoadException: Ghidra was not started with PyGhidra. Python is not available
	at ghidra.pyghidra.PyGhidraScriptProvider.getScriptInstance(PyGhidraScriptProvider.java:75)
	at ghidra.app.util.headless.HeadlessAnalyzer.runScriptsList(HeadlessAnalyzer.java:927)
	at ghidra.app.util.headless.HeadlessAnalyzer.analyzeProgram(HeadlessAnalyzer.java:1097)
	at ghidra.app.util.headless.HeadlessAnalyzer.processFileNoImport(HeadlessAnalyzer.java:1195)
	at ghidra.app.util.headless.HeadlessAnalyzer.processFolderNoImport(HeadlessAnalyzer.java:1367)
	at ghidra.app.util.headless.HeadlessAnalyzer.processNoImport(HeadlessAnalyzer.java:1396)
	at ghidra.app.util.headless.HeadlessAnalyzer.processLocal(HeadlessAnalyzer.java:461)
	at ghidra.app.util.headless.AnalyzeHeadless.launch(AnalyzeHeadless.java:199)
	at ghidra.GhidraLauncher.launch(GhidraLauncher.java:81)
	at ghidra.Ghidra.main(Ghidra.java:54)
 
2026-06-29 17:49:24 INFO  (HeadlessAnalyzer) REPORT: Save succeeded for processed file: /FruitBladeVR-libil2cpp.so  
2026-06-29 18:02:03 INFO  (LoggingInitialization) Using log config file: jar:file:/C:/Users/kimgiordano27/Downloads/ghidra_12.1.2_PUBLIC_20260605/ghidra_12.1.2_PUBLIC/Ghidra/Framework/Generic/lib/Generic.jar!/generic.log4j.xml  
2026-06-29 18:02:03 INFO  (LoggingInitialization) Using log file: C:\realDesktop\manifest-evaluations\summer-26\ghidra-pipeline\il2cpp-files\FruitBladeVR\scan-eye-patterns-ghidra.log  
2026-06-29 18:02:03 DEBUG (GhidraObjectInputFilter) Including serial input filter: FileSystem/data/client.rmi.serial.filter  
2026-06-29 18:02:03 INFO  (Preferences) Loading user preferences: C:\Users\kimgiordano27\AppData\Roaming\ghidra\ghidra_12.1.2_PUBLIC\preferences  
2026-06-29 18:02:03 INFO  (ClassSearcher) Searching for classes...  
2026-06-29 18:02:04 INFO  (ClassSearcher) Class search complete (691 ms)  
2026-06-29 18:02:04 INFO  (DefaultSSLContextInitializer) Initializing SSL Context  
2026-06-29 18:02:04 INFO  (SecureRandomFactory) Initializing Random Number Generator...  
2026-06-29 18:02:04 INFO  (SecureRandomFactory) Random Number Generator initialization complete: SHA1PRNG  
2026-06-29 18:02:04 INFO  (DefaultTrustManagerFactory) Trust manager disabled, cacerts have not been set  
2026-06-29 18:02:04 INFO  (AnalyzeHeadless) Headless startup complete (7759 ms)  
2026-06-29 18:02:04 INFO  (ClassSearcher) Class searcher loaded 59 extension points (20 false positives)  
2026-06-29 18:02:04 INFO  (HeadlessAnalyzer) HEADLESS Script Paths:
    C:\Users\kimgiordano27\Downloads\ghidra_12.1.2_PUBLIC_20260605\ghidra_12.1.2_PUBLIC\Ghidra\Features\DecompilerDependent\ghidra_scripts
    C:\Users\kimgiordano27\Downloads\ghidra_12.1.2_PUBLIC_20260605\ghidra_12.1.2_PUBLIC\Ghidra\Processors\Atmel\ghidra_scripts
    C:\Users\kimgiordano27\Downloads\ghidra_12.1.2_PUBLIC_20260605\ghidra_12.1.2_PUBLIC\Ghidra\Processors\PIC\ghidra_scripts
    C:\Users\kimgiordano27\Downloads\ghidra_12.1.2_PUBLIC_20260605\ghidra_12.1.2_PUBLIC\Ghidra\Features\VersionTracking\ghidra_scripts
    C:\Users\kimgiordano27\Downloads\ghidra_12.1.2_PUBLIC_20260605\ghidra_12.1.2_PUBLIC\Ghidra\Features\BytePatterns\ghidra_scripts
    C:\Users\kimgiordano27\ghidra_scripts
    C:\Users\kimgiordano27\Downloads\ghidra_12.1.2_PUBLIC_20260605\ghidra_12.1.2_PUBLIC\Ghidra\Features\BSim\ghidra_scripts
    C:\realDesktop\manifest-evaluations\summer-26\ghidra-pipeline\ghidra-export-scripts
    C:\Users\kimgiordano27\Downloads\ghidra_12.1.2_PUBLIC_20260605\ghidra_12.1.2_PUBLIC\Ghidra\Processors\JVM\ghidra_scripts
    C:\Users\kimgiordano27\Downloads\ghidra_12.1.2_PUBLIC_20260605\ghidra_12.1.2_PUBLIC\Ghidra\Features\Base\ghidra_scripts
    C:\Users\kimgiordano27\Downloads\ghidra_12.1.2_PUBLIC_20260605\ghidra_12.1.2_PUBLIC\Ghidra\Features\SwiftDemangler\ghidra_scripts
    C:\Users\kimgiordano27\Downloads\ghidra_12.1.2_PUBLIC_20260605\ghidra_12.1.2_PUBLIC\Ghidra\Features\WildcardAssembler\ghidra_scripts
    C:\Users\kimgiordano27\Downloads\ghidra_12.1.2_PUBLIC_20260605\ghidra_12.1.2_PUBLIC\Ghidra\Features\FileFormats\ghidra_scripts
    C:\Users\kimgiordano27\Downloads\ghidra_12.1.2_PUBLIC_20260605\ghidra_12.1.2_PUBLIC\Ghidra\Features\Decompiler\ghidra_scripts
    C:\Users\kimgiordano27\Downloads\ghidra_12.1.2_PUBLIC_20260605\ghidra_12.1.2_PUBLIC\Ghidra\Features\SystemEmulation\ghidra_scripts
    C:\Users\kimgiordano27\Downloads\ghidra_12.1.2_PUBLIC_20260605\ghidra_12.1.2_PUBLIC\Ghidra\Processors\8051\ghidra_scripts
    C:\Users\kimgiordano27\Downloads\ghidra_12.1.2_PUBLIC_20260605\ghidra_12.1.2_PUBLIC\Ghidra\Features\GnuDemangler\ghidra_scripts
    C:\Users\kimgiordano27\Downloads\ghidra_12.1.2_PUBLIC_20260605\ghidra_12.1.2_PUBLIC\Ghidra\Debug\Debugger\ghidra_scripts
    C:\Users\kimgiordano27\Downloads\ghidra_12.1.2_PUBLIC_20260605\ghidra_12.1.2_PUBLIC\Ghidra\Processors\DATA\ghidra_scripts
    C:\Users\kimgiordano27\Downloads\ghidra_12.1.2_PUBLIC_20260605\ghidra_12.1.2_PUBLIC\Ghidra\Debug\Debugger-rmi-trace\ghidra_scripts
    C:\Users\kimgiordano27\Downloads\ghidra_12.1.2_PUBLIC_20260605\ghidra_12.1.2_PUBLIC\Ghidra\Features\FunctionID\ghidra_scripts
    C:\Users\kimgiordano27\Downloads\ghidra_12.1.2_PUBLIC_20260605\ghidra_12.1.2_PUBLIC\Ghidra\Features\MicrosoftCodeAnalyzer\ghidra_scripts
    C:\Users\kimgiordano27\Downloads\ghidra_12.1.2_PUBLIC_20260605\ghidra_12.1.2_PUBLIC\Ghidra\Features\PDB\ghidra_scripts
    C:\Users\kimgiordano27\AppData\Roaming\ghidra\ghidra_12.1.2_PUBLIC\Extensions\Jython\ghidra_scripts
    C:\Users\kimgiordano27\Downloads\ghidra_12.1.2_PUBLIC_20260605\ghidra_12.1.2_PUBLIC\Ghidra\Features\PyGhidra\ghidra_scripts  
2026-06-29 18:02:04 INFO  (HeadlessAnalyzer) HEADLESS: execution starts  
2026-06-29 18:02:04 INFO  (HeadlessAnalyzer) Opening existing project: C:\realDesktop\manifest-evaluations\summer-26\ghidra-pipeline\il2cpp-files\FruitBladeVR\ghidra-project\FruitBladeVR  
2026-06-29 18:02:05 INFO  (HeadlessProject) Opening project: C:\realDesktop\manifest-evaluations\summer-26\ghidra-pipeline\il2cpp-files\FruitBladeVR\ghidra-project\FruitBladeVR  
2026-06-29 18:02:07 INFO  (HeadlessAnalyzer) REPORT: Processing project file: /FruitBladeVR-libil2cpp.so  
2026-06-29 18:02:07 INFO  (HeadlessAnalyzer) REPORT: Execute script: ScanAndExportEyePatterns.java 'C:\realDesktop\manifest-evaluations\summer-26\ghidra-pipeline\il2cpp-files\FruitBladeVR\eye-pattern-results' '60' ' '   
2026-06-29 18:02:08 INFO  (HeadlessAnalyzer) SCRIPT: C:\realDesktop\manifest-evaluations\summer-26\ghidra-pipeline\ghidra-export-scripts\ScanAndExportEyePatterns.java  
2026-06-29 18:02:08 INFO  (GhidraScript) ScanAndExportEyePatterns.java> Scanning functions for eye-tracking patterns...  
2026-06-29 18:02:08 INFO  (GhidraScript) ScanAndExportEyePatterns.java> Output: C:\realDesktop\manifest-evaluations\summer-26\ghidra-pipeline\il2cpp-files\FruitBladeVR\eye-pattern-results  
2026-06-29 18:02:08 INFO  (GhidraScript) ScanAndExportEyePatterns.java> Minimum score: 60  
2026-06-29 18:02:10 INFO  (GhidraScript) ScanAndExportEyePatterns.java> Scanned 500 functions. Matches so far: 0  
2026-06-29 18:02:11 INFO  (GhidraScript) ScanAndExportEyePatterns.java> Scanned 1000 functions. Matches so far: 0  
2026-06-29 18:02:12 INFO  (GhidraScript) ScanAndExportEyePatterns.java> Scanned 1500 functions. Matches so far: 0  
2026-06-29 18:02:12 INFO  (GhidraScript) ScanAndExportEyePatterns.java> Scanned 2000 functions. Matches so far: 0  
2026-06-29 18:02:13 INFO  (GhidraScript) ScanAndExportEyePatterns.java> Scanned 2500 functions. Matches so far: 0  
2026-06-29 18:02:14 INFO  (GhidraScript) ScanAndExportEyePatterns.java> Scanned 3000 functions. Matches so far: 0  
2026-06-29 18:02:14 INFO  (GhidraScript) ScanAndExportEyePatterns.java> Scanned 3500 functions. Matches so far: 0  
2026-06-29 18:02:15 INFO  (GhidraScript) ScanAndExportEyePatterns.java> Scanned 4000 functions. Matches so far: 0  
2026-06-29 18:02:15 INFO  (GhidraScript) ScanAndExportEyePatterns.java> Scanned 4500 functions. Matches so far: 0  
2026-06-29 18:02:16 INFO  (GhidraScript) ScanAndExportEyePatterns.java> Scanned 5000 functions. Matches so far: 0  
2026-06-29 18:02:16 INFO  (GhidraScript) ScanAndExportEyePatterns.java> Scanned 5500 functions. Matches so far: 0  
2026-06-29 18:02:17 INFO  (GhidraScript) ScanAndExportEyePatterns.java> Scanned 6000 functions. Matches so far: 0  
2026-06-29 18:02:18 INFO  (GhidraScript) ScanAndExportEyePatterns.java> Scanned 6500 functions. Matches so far: 0  
2026-06-29 18:02:18 INFO  (GhidraScript) ScanAndExportEyePatterns.java> Scanned 7000 functions. Matches so far: 0  
2026-06-29 18:02:18 INFO  (GhidraScript) ScanAndExportEyePatterns.java> Scanned 7500 functions. Matches so far: 0  
2026-06-29 18:02:19 INFO  (GhidraScript) ScanAndExportEyePatterns.java> Scanned 8000 functions. Matches so far: 0  
2026-06-29 18:02:19 INFO  (GhidraScript) ScanAndExportEyePatterns.java> Scanned 8500 functions. Matches so far: 0  
2026-06-29 18:02:20 INFO  (GhidraScript) ScanAndExportEyePatterns.java> Scanned 9000 functions. Matches so far: 0  
2026-06-29 18:02:20 INFO  (GhidraScript) ScanAndExportEyePatterns.java> Scanned 9500 functions. Matches so far: 0  
2026-06-29 18:02:21 INFO  (GhidraScript) ScanAndExportEyePatterns.java> Scanned 10000 functions. Matches so far: 0  
2026-06-29 18:02:21 INFO  (GhidraScript) ScanAndExportEyePatterns.java> Scanned 10500 functions. Matches so far: 0  
2026-06-29 18:02:22 INFO  (GhidraScript) ScanAndExportEyePatterns.java> Scanned 11000 functions. Matches so far: 0  
2026-06-29 18:02:22 INFO  (GhidraScript) ScanAndExportEyePatterns.java> Scanned 11500 functions. Matches so far: 0  
2026-06-29 18:02:22 INFO  (GhidraScript) ScanAndExportEyePatterns.java> Scanned 12000 functions. Matches so far: 0  
2026-06-29 18:02:23 INFO  (GhidraScript) ScanAndExportEyePatterns.java> Scanned 12500 functions. Matches so far: 0  
2026-06-29 18:02:23 INFO  (GhidraScript) ScanAndExportEyePatterns.java> Scanned 13000 functions. Matches so far: 0  
2026-06-29 18:02:24 INFO  (GhidraScript) ScanAndExportEyePatterns.java> Scanned 13500 functions. Matches so far: 0  
2026-06-29 18:02:25 INFO  (GhidraScript) ScanAndExportEyePatterns.java> Scanned 14000 functions. Matches so far: 0  
2026-06-29 18:02:26 INFO  (GhidraScript) ScanAndExportEyePatterns.java> Scanned 14500 functions. Matches so far: 0  
2026-06-29 18:02:26 INFO  (GhidraScript) ScanAndExportEyePatterns.java> Scanned 15000 functions. Matches so far: 0  
2026-06-29 18:02:27 INFO  (GhidraScript) ScanAndExportEyePatterns.java> Scanned 15500 functions. Matches so far: 0  
2026-06-29 18:02:27 INFO  (GhidraScript) ScanAndExportEyePatterns.java> Scanned 16000 functions. Matches so far: 0  
2026-06-29 18:02:27 INFO  (GhidraScript) ScanAndExportEyePatterns.java> Scanned 16500 functions. Matches so far: 0  
2026-06-29 18:02:28 INFO  (GhidraScript) ScanAndExportEyePatterns.java> Scanned 17000 functions. Matches so far: 0  
2026-06-29 18:02:28 INFO  (GhidraScript) ScanAndExportEyePatterns.java> Scanned 17500 functions. Matches so far: 0  
2026-06-29 18:02:29 INFO  (GhidraScript) ScanAndExportEyePatterns.java> Scanned 18000 functions. Matches so far: 0  
2026-06-29 18:02:29 INFO  (GhidraScript) ScanAndExportEyePatterns.java> Scanned 18500 functions. Matches so far: 0  
2026-06-29 18:02:29 INFO  (GhidraScript) ScanAndExportEyePatterns.java> Scanned 19000 functions. Matches so far: 0  
2026-06-29 18:02:30 INFO  (GhidraScript) ScanAndExportEyePatterns.java> Scanned 19500 functions. Matches so far: 0  
2026-06-29 18:02:30 INFO  (GhidraScript) ScanAndExportEyePatterns.java> Scanned 20000 functions. Matches so far: 0  
2026-06-29 18:02:30 INFO  (GhidraScript) ScanAndExportEyePatterns.java> Scanned 20500 functions. Matches so far: 0  
2026-06-29 18:02:31 INFO  (GhidraScript) ScanAndExportEyePatterns.java> Scanned 21000 functions. Matches so far: 0  
2026-06-29 18:02:31 INFO  (GhidraScript) ScanAndExportEyePatterns.java> Scanned 21500 functions. Matches so far: 0  
2026-06-29 18:02:31 INFO  (GhidraScript) ScanAndExportEyePatterns.java> Scanned 22000 functions. Matches so far: 0  
2026-06-29 18:02:32 INFO  (GhidraScript) ScanAndExportEyePatterns.java> Scanned 22500 functions. Matches so far: 0  
2026-06-29 18:02:32 INFO  (GhidraScript) ScanAndExportEyePatterns.java> Scanned 23000 functions. Matches so far: 0  
2026-06-29 18:02:32 INFO  (GhidraScript) ScanAndExportEyePatterns.java> Scanned 23500 functions. Matches so far: 0  
2026-06-29 18:02:33 INFO  (GhidraScript) ScanAndExportEyePatterns.java> Scanned 24000 functions. Matches so far: 0  
2026-06-29 18:02:33 INFO  (GhidraScript) ScanAndExportEyePatterns.java> Scanned 24500 functions. Matches so far: 0  
2026-06-29 18:02:33 INFO  (GhidraScript) ScanAndExportEyePatterns.java> Scanned 25000 functions. Matches so far: 0  
2026-06-29 18:02:34 INFO  (GhidraScript) ScanAndExportEyePatterns.java> Scanned 25500 functions. Matches so far: 0  
2026-06-29 18:02:34 INFO  (GhidraScript) ScanAndExportEyePatterns.java> Scanned 26000 functions. Matches so far: 0  
2026-06-29 18:02:35 INFO  (GhidraScript) ScanAndExportEyePatterns.java> Scanned 26500 functions. Matches so far: 0  
2026-06-29 18:02:35 INFO  (GhidraScript) ScanAndExportEyePatterns.java> Scanned 27000 functions. Matches so far: 0  
2026-06-29 18:02:36 INFO  (GhidraScript) ScanAndExportEyePatterns.java> Scanned 27500 functions. Matches so far: 0  
2026-06-29 18:02:37 INFO  (GhidraScript) ScanAndExportEyePatterns.java> Scanned 28000 functions. Matches so far: 0  
2026-06-29 18:02:37 INFO  (GhidraScript) ScanAndExportEyePatterns.java> Scanned 28500 functions. Matches so far: 0  
2026-06-29 18:02:38 INFO  (GhidraScript) ScanAndExportEyePatterns.java> Scanned 29000 functions. Matches so far: 0  
2026-06-29 18:02:39 INFO  (GhidraScript) ScanAndExportEyePatterns.java> Scanned 29500 functions. Matches so far: 0  
2026-06-29 18:02:40 INFO  (GhidraScript) ScanAndExportEyePatterns.java> Scanned 30000 functions. Matches so far: 0  
2026-06-29 18:02:41 INFO  (GhidraScript) ScanAndExportEyePatterns.java> Scanned 30500 functions. Matches so far: 0  
2026-06-29 18:02:42 INFO  (GhidraScript) ScanAndExportEyePatterns.java> Scanned 31000 functions. Matches so far: 0  
2026-06-29 18:02:43 INFO  (GhidraScript) ScanAndExportEyePatterns.java> Scanned 31500 functions. Matches so far: 0  
2026-06-29 18:02:43 INFO  (GhidraScript) ScanAndExportEyePatterns.java> Scanned 32000 functions. Matches so far: 0  
2026-06-29 18:02:44 INFO  (GhidraScript) ScanAndExportEyePatterns.java> Scanned 32500 functions. Matches so far: 0  
2026-06-29 18:02:45 INFO  (GhidraScript) ScanAndExportEyePatterns.java> Scanned 33000 functions. Matches so far: 0  
2026-06-29 18:02:46 INFO  (GhidraScript) ScanAndExportEyePatterns.java> Scanned 33500 functions. Matches so far: 0  
2026-06-29 18:02:47 INFO  (GhidraScript) ScanAndExportEyePatterns.java> Scanned 34000 functions. Matches so far: 0  
2026-06-29 18:02:48 INFO  (GhidraScript) ScanAndExportEyePatterns.java> Scanned 34500 functions. Matches so far: 0  
2026-06-29 18:02:49 INFO  (GhidraScript) ScanAndExportEyePatterns.java> Scanned 35000 functions. Matches so far: 0  
2026-06-29 18:02:50 INFO  (GhidraScript) ScanAndExportEyePatterns.java> Scanned 35500 functions. Matches so far: 0  
2026-06-29 18:02:50 INFO  (GhidraScript) ScanAndExportEyePatterns.java> Scanned 36000 functions. Matches so far: 0  
2026-06-29 18:02:51 INFO  (GhidraScript) ScanAndExportEyePatterns.java> Scanned 36500 functions. Matches so far: 0  
2026-06-29 18:02:52 INFO  (GhidraScript) ScanAndExportEyePatterns.java> Scanned 37000 functions. Matches so far: 0  
2026-06-29 18:02:53 INFO  (GhidraScript) ScanAndExportEyePatterns.java> Scanned 37500 functions. Matches so far: 0  
2026-06-29 18:02:54 INFO  (GhidraScript) ScanAndExportEyePatterns.java> Scanned 38000 functions. Matches so far: 0  
2026-06-29 18:02:54 INFO  (GhidraScript) ScanAndExportEyePatterns.java> Scanned 38500 functions. Matches so far: 0  
2026-06-29 18:02:55 INFO  (GhidraScript) ScanAndExportEyePatterns.java> Scanned 39000 functions. Matches so far: 0  
2026-06-29 18:02:56 INFO  (GhidraScript) ScanAndExportEyePatterns.java> Scanned 39500 functions. Matches so far: 0  
2026-06-29 18:02:57 INFO  (GhidraScript) ScanAndExportEyePatterns.java> Scanned 40000 functions. Matches so far: 0  
2026-06-29 18:02:58 INFO  (GhidraScript) ScanAndExportEyePatterns.java> Scanned 40500 functions. Matches so far: 0  
2026-06-29 18:02:58 INFO  (GhidraScript) ScanAndExportEyePatterns.java> Scanned 41000 functions. Matches so far: 0  
2026-06-29 18:02:59 INFO  (GhidraScript) ScanAndExportEyePatterns.java> Scanned 41500 functions. Matches so far: 0  
2026-06-29 18:03:00 INFO  (GhidraScript) ScanAndExportEyePatterns.java> Scanned 42000 functions. Matches so far: 0  
2026-06-29 18:03:01 INFO  (GhidraScript) ScanAndExportEyePatterns.java> Scanned 42500 functions. Matches so far: 0  
2026-06-29 18:03:01 INFO  (GhidraScript) ScanAndExportEyePatterns.java> Scanned 43000 functions. Matches so far: 0  
2026-06-29 18:03:02 INFO  (GhidraScript) ScanAndExportEyePatterns.java> Scanned 43500 functions. Matches so far: 0  
2026-06-29 18:03:03 INFO  (GhidraScript) ScanAndExportEyePatterns.java> Scanned 44000 functions. Matches so far: 0  
2026-06-29 18:03:05 INFO  (GhidraScript) ScanAndExportEyePatterns.java> Scanned 44500 functions. Matches so far: 0  
2026-06-29 18:03:06 INFO  (GhidraScript) ScanAndExportEyePatterns.java> Scanned 45000 functions. Matches so far: 0  
2026-06-29 18:03:07 INFO  (GhidraScript) ScanAndExportEyePatterns.java> Scanned 45500 functions. Matches so far: 0  
2026-06-29 18:03:08 INFO  (GhidraScript) ScanAndExportEyePatterns.java> Scanned 46000 functions. Matches so far: 0  
2026-06-29 18:03:09 INFO  (GhidraScript) ScanAndExportEyePatterns.java> Scanned 46500 functions. Matches so far: 0  
2026-06-29 18:03:10 INFO  (GhidraScript) ScanAndExportEyePatterns.java> Scanned 47000 functions. Matches so far: 0  
2026-06-29 18:03:11 INFO  (GhidraScript) ScanAndExportEyePatterns.java> Scanned 47500 functions. Matches so far: 0  
2026-06-29 18:03:12 INFO  (GhidraScript) ScanAndExportEyePatterns.java> Scanned 48000 functions. Matches so far: 0  
2026-06-29 18:03:13 INFO  (GhidraScript) ScanAndExportEyePatterns.java> Scanned 48500 functions. Matches so far: 0  
2026-06-29 18:03:14 INFO  (GhidraScript) ScanAndExportEyePatterns.java> Scanned 49000 functions. Matches so far: 0  
2026-06-29 18:03:14 INFO  (GhidraScript) ScanAndExportEyePatterns.java> Scanned 49500 functions. Matches so far: 0  
2026-06-29 18:03:16 INFO  (GhidraScript) ScanAndExportEyePatterns.java> Scanned 50000 functions. Matches so far: 0  
2026-06-29 18:03:16 INFO  (GhidraScript) ScanAndExportEyePatterns.java> Scanned 50500 functions. Matches so far: 0  
2026-06-29 18:03:17 INFO  (GhidraScript) ScanAndExportEyePatterns.java> Scanned 51000 functions. Matches so far: 0  
2026-06-29 18:03:18 INFO  (GhidraScript) ScanAndExportEyePatterns.java> Scanned 51500 functions. Matches so far: 0  
2026-06-29 18:03:19 INFO  (GhidraScript) ScanAndExportEyePatterns.java> Scanned 52000 functions. Matches so far: 0  
2026-06-29 18:03:20 INFO  (GhidraScript) ScanAndExportEyePatterns.java> Scanned 52500 functions. Matches so far: 0  
2026-06-29 18:03:20 INFO  (GhidraScript) ScanAndExportEyePatterns.java> Scanned 53000 functions. Matches so far: 0  
2026-06-29 18:03:21 INFO  (GhidraScript) ScanAndExportEyePatterns.java> Scanned 53500 functions. Matches so far: 0  
2026-06-29 18:03:22 INFO  (GhidraScript) ScanAndExportEyePatterns.java> Scanned 54000 functions. Matches so far: 0  
2026-06-29 18:03:23 INFO  (GhidraScript) ScanAndExportEyePatterns.java> Scanned 54500 functions. Matches so far: 0  
2026-06-29 18:03:24 INFO  (GhidraScript) ScanAndExportEyePatterns.java> Scanned 55000 functions. Matches so far: 0  
2026-06-29 18:03:25 INFO  (GhidraScript) ScanAndExportEyePatterns.java> Scanned 55500 functions. Matches so far: 0  
2026-06-29 18:03:26 INFO  (GhidraScript) ScanAndExportEyePatterns.java> Scanned 56000 functions. Matches so far: 0  
2026-06-29 18:03:27 INFO  (GhidraScript) ScanAndExportEyePatterns.java> Scanned 56500 functions. Matches so far: 0  
2026-06-29 18:03:28 INFO  (GhidraScript) ScanAndExportEyePatterns.java> Scanned 57000 functions. Matches so far: 0  
2026-06-29 18:03:28 INFO  (GhidraScript) ScanAndExportEyePatterns.java> Scanned 57500 functions. Matches so far: 0  
2026-06-29 18:03:29 INFO  (GhidraScript) ScanAndExportEyePatterns.java> Scanned 58000 functions. Matches so far: 0  
2026-06-29 18:03:30 INFO  (GhidraScript) ScanAndExportEyePatterns.java> Scanned 58500 functions. Matches so far: 0  
2026-06-29 18:03:30 INFO  (GhidraScript) ScanAndExportEyePatterns.java> Scanned 59000 functions. Matches so far: 0  
2026-06-29 18:03:31 INFO  (GhidraScript) ScanAndExportEyePatterns.java> Scanned 59500 functions. Matches so far: 0  
2026-06-29 18:03:32 INFO  (GhidraScript) ScanAndExportEyePatterns.java> Scanned 60000 functions. Matches so far: 0  
2026-06-29 18:03:32 INFO  (GhidraScript) ScanAndExportEyePatterns.java> Scanned 60500 functions. Matches so far: 0  
2026-06-29 18:03:33 INFO  (GhidraScript) ScanAndExportEyePatterns.java> Scanned 61000 functions. Matches so far: 0  
2026-06-29 18:03:33 INFO  (GhidraScript) ScanAndExportEyePatterns.java> Scanned 61500 functions. Matches so far: 0  
2026-06-29 18:03:34 INFO  (GhidraScript) ScanAndExportEyePatterns.java> Scanned 62000 functions. Matches so far: 0  
2026-06-29 18:03:34 INFO  (GhidraScript) ScanAndExportEyePatterns.java> Scanned 62500 functions. Matches so far: 0  
2026-06-29 18:03:35 INFO  (GhidraScript) ScanAndExportEyePatterns.java> Scanned 63000 functions. Matches so far: 0  
2026-06-29 18:03:36 INFO  (GhidraScript) ScanAndExportEyePatterns.java> Scanned 63500 functions. Matches so far: 0  
2026-06-29 18:03:36 INFO  (GhidraScript) ScanAndExportEyePatterns.java> Scanned 64000 functions. Matches so far: 0  
2026-06-29 18:03:36 INFO  (GhidraScript) ScanAndExportEyePatterns.java> Scanned 64500 functions. Matches so far: 0  
2026-06-29 18:03:37 INFO  (GhidraScript) ScanAndExportEyePatterns.java> Scanned 65000 functions. Matches so far: 0  
2026-06-29 18:03:37 INFO  (GhidraScript) ScanAndExportEyePatterns.java> Scanned 65500 functions. Matches so far: 0  
2026-06-29 18:03:38 INFO  (GhidraScript) ScanAndExportEyePatterns.java> Scanned 66000 functions. Matches so far: 0  
2026-06-29 18:03:39 INFO  (GhidraScript) ScanAndExportEyePatterns.java> Scanned 66500 functions. Matches so far: 0  
2026-06-29 18:03:39 INFO  (GhidraScript) ScanAndExportEyePatterns.java> Scanned 67000 functions. Matches so far: 0  
2026-06-29 18:03:40 INFO  (GhidraScript) ScanAndExportEyePatterns.java> Scanned 67500 functions. Matches so far: 0  
2026-06-29 18:03:41 INFO  (GhidraScript) ScanAndExportEyePatterns.java> Scanned 68000 functions. Matches so far: 0  
2026-06-29 18:03:41 INFO  (GhidraScript) ScanAndExportEyePatterns.java> Scanned 68500 functions. Matches so far: 0  
2026-06-29 18:03:42 INFO  (GhidraScript) ScanAndExportEyePatterns.java> Scanned 69000 functions. Matches so far: 0  
2026-06-29 18:03:43 INFO  (GhidraScript) ScanAndExportEyePatterns.java> Scanned 69500 functions. Matches so far: 0  
2026-06-29 18:03:43 INFO  (GhidraScript) ScanAndExportEyePatterns.java> Scanned 70000 functions. Matches so far: 0  
2026-06-29 18:03:44 INFO  (GhidraScript) ScanAndExportEyePatterns.java> Scanned 70500 functions. Matches so far: 0  
2026-06-29 18:03:44 INFO  (GhidraScript) ScanAndExportEyePatterns.java> Scanned 71000 functions. Matches so far: 0  
2026-06-29 18:03:45 INFO  (GhidraScript) ScanAndExportEyePatterns.java> Scanned 71500 functions. Matches so far: 0  
2026-06-29 18:03:46 INFO  (GhidraScript) ScanAndExportEyePatterns.java> Scanned 72000 functions. Matches so far: 0  
2026-06-29 18:03:46 INFO  (GhidraScript) ScanAndExportEyePatterns.java> Scanned 72500 functions. Matches so far: 0  
2026-06-29 18:03:48 INFO  (GhidraScript) ScanAndExportEyePatterns.java> Scanned 73000 functions. Matches so far: 0  
2026-06-29 18:03:50 INFO  (GhidraScript) ScanAndExportEyePatterns.java> Scanned 73500 functions. Matches so far: 0  
2026-06-29 18:03:52 INFO  (GhidraScript) ScanAndExportEyePatterns.java> Scanned 74000 functions. Matches so far: 0  
2026-06-29 18:03:54 INFO  (GhidraScript) ScanAndExportEyePatterns.java> Scanned 74500 functions. Matches so far: 0  
2026-06-29 18:03:56 INFO  (GhidraScript) ScanAndExportEyePatterns.java> Scanned 75000 functions. Matches so far: 0  
2026-06-29 18:03:58 INFO  (GhidraScript) ScanAndExportEyePatterns.java> Scanned 75500 functions. Matches so far: 0  
2026-06-29 18:04:01 INFO  (GhidraScript) ScanAndExportEyePatterns.java> Scanned 76000 functions. Matches so far: 0  
2026-06-29 18:04:04 INFO  (GhidraScript) ScanAndExportEyePatterns.java> Scanned 76500 functions. Matches so far: 0  
2026-06-29 18:04:08 INFO  (GhidraScript) ScanAndExportEyePatterns.java> Scanned 77000 functions. Matches so far: 0  
2026-06-29 18:04:12 INFO  (GhidraScript) ScanAndExportEyePatterns.java> Scanned 77500 functions. Matches so far: 0  
2026-06-29 18:04:16 INFO  (GhidraScript) ScanAndExportEyePatterns.java> Scanned 78000 functions. Matches so far: 0  
2026-06-29 18:04:18 INFO  (GhidraScript) ScanAndExportEyePatterns.java> Scanned 78500 functions. Matches so far: 0  
2026-06-29 18:04:21 INFO  (GhidraScript) ScanAndExportEyePatterns.java> Scanned 79000 functions. Matches so far: 0  
2026-06-29 18:04:28 INFO  (GhidraScript) ScanAndExportEyePatterns.java> Scanned 79500 functions. Matches so far: 0  
2026-06-29 18:04:31 INFO  (GhidraScript) ScanAndExportEyePatterns.java> Scanned 80000 functions. Matches so far: 0  
2026-06-29 18:04:32 INFO  (GhidraScript) ScanAndExportEyePatterns.java> Scanned 80500 functions. Matches so far: 0  
2026-06-29 18:04:34 INFO  (GhidraScript) ScanAndExportEyePatterns.java> Scanned 81000 functions. Matches so far: 0  
2026-06-29 18:04:38 INFO  (GhidraScript) ScanAndExportEyePatterns.java> Scanned 81500 functions. Matches so far: 0  
2026-06-29 18:04:42 INFO  (GhidraScript) ScanAndExportEyePatterns.java> Scanned 82000 functions. Matches so far: 0  
2026-06-29 18:04:47 INFO  (GhidraScript) ScanAndExportEyePatterns.java> Scanned 82500 functions. Matches so far: 0  
2026-06-29 18:04:55 INFO  (GhidraScript) ScanAndExportEyePatterns.java> Scanned 83000 functions. Matches so far: 0  
2026-06-29 18:05:00 INFO  (GhidraScript) ScanAndExportEyePatterns.java> Scanned 83500 functions. Matches so far: 0  
2026-06-29 18:05:02 INFO  (GhidraScript) ScanAndExportEyePatterns.java> Scanned 84000 functions. Matches so far: 0  
2026-06-29 18:05:09 INFO  (GhidraScript) ScanAndExportEyePatterns.java> Scanned 84500 functions. Matches so far: 0  
2026-06-29 18:05:13 INFO  (GhidraScript) ScanAndExportEyePatterns.java> Scanned 85000 functions. Matches so far: 0  
2026-06-29 18:05:17 INFO  (GhidraScript) ScanAndExportEyePatterns.java> Scanned 85500 functions. Matches so far: 0  
2026-06-29 18:05:22 INFO  (GhidraScript) ScanAndExportEyePatterns.java> Scanned 86000 functions. Matches so far: 0  
2026-06-29 18:05:23 INFO  (GhidraScript) ScanAndExportEyePatterns.java> Scanned 86500 functions. Matches so far: 0  
2026-06-29 18:05:33 INFO  (GhidraScript) ScanAndExportEyePatterns.java> Scanned 87000 functions. Matches so far: 0  
2026-06-29 18:05:35 INFO  (GhidraScript) ScanAndExportEyePatterns.java> Scanned 87500 functions. Matches so far: 0  
2026-06-29 18:05:36 INFO  (GhidraScript) ScanAndExportEyePatterns.java> Scanned 88000 functions. Matches so far: 0  
2026-06-29 18:05:43 INFO  (GhidraScript) ScanAndExportEyePatterns.java> Scanned 88500 functions. Matches so far: 0  
2026-06-29 18:05:48 INFO  (GhidraScript) ScanAndExportEyePatterns.java> Scanned 89000 functions. Matches so far: 0  
2026-06-29 18:05:52 INFO  (GhidraScript) ScanAndExportEyePatterns.java> Scanned 89500 functions. Matches so far: 0  
2026-06-29 18:06:02 INFO  (GhidraScript) ScanAndExportEyePatterns.java> Scanned 90000 functions. Matches so far: 0  
2026-06-29 18:06:02 INFO  (GhidraScript) ScanAndExportEyePatterns.java> Scanned 90500 functions. Matches so far: 0  
2026-06-29 18:06:02 INFO  (GhidraScript) ScanAndExportEyePatterns.java> Scanned 91000 functions. Matches so far: 0  
2026-06-29 18:06:03 INFO  (GhidraScript) ScanAndExportEyePatterns.java> Scanned 91500 functions. Matches so far: 0  
2026-06-29 18:06:04 INFO  (GhidraScript) ScanAndExportEyePatterns.java> Scanned 92000 functions. Matches so far: 0  
2026-06-29 18:06:04 INFO  (GhidraScript) ScanAndExportEyePatterns.java> Scanned 92500 functions. Matches so far: 0  
2026-06-29 18:06:08 INFO  (GhidraScript) ScanAndExportEyePatterns.java> Scanned 93000 functions. Matches so far: 0  
2026-06-29 18:06:12 INFO  (GhidraScript) ScanAndExportEyePatterns.java> Scanned 93500 functions. Matches so far: 0  
2026-06-29 18:06:16 INFO  (GhidraScript) ScanAndExportEyePatterns.java> Scanned 94000 functions. Matches so far: 0  
2026-06-29 18:06:17 INFO  (GhidraScript) ScanAndExportEyePatterns.java> Scanned 94500 functions. Matches so far: 0  
2026-06-29 18:06:18 INFO  (GhidraScript) ScanAndExportEyePatterns.java> Scanned 95000 functions. Matches so far: 0  
2026-06-29 18:06:19 INFO  (GhidraScript) ScanAndExportEyePatterns.java> Scanned 95500 functions. Matches so far: 0  
2026-06-29 18:06:22 INFO  (GhidraScript) ScanAndExportEyePatterns.java> Scanned 96000 functions. Matches so far: 0  
2026-06-29 18:06:24 INFO  (GhidraScript) ScanAndExportEyePatterns.java> Scanned 96500 functions. Matches so far: 0  
2026-06-29 18:06:26 INFO  (GhidraScript) ScanAndExportEyePatterns.java> Scanned 97000 functions. Matches so far: 0  
2026-06-29 18:06:29 INFO  (GhidraScript) ScanAndExportEyePatterns.java> Scanned 97500 functions. Matches so far: 0  
2026-06-29 18:06:30 INFO  (GhidraScript) ScanAndExportEyePatterns.java> Scanned 98000 functions. Matches so far: 0  
2026-06-29 18:06:32 INFO  (GhidraScript) ScanAndExportEyePatterns.java> Scanned 98500 functions. Matches so far: 0  
2026-06-29 18:06:35 INFO  (GhidraScript) ScanAndExportEyePatterns.java> Scanned 99000 functions. Matches so far: 0  
2026-06-29 18:06:38 INFO  (GhidraScript) ScanAndExportEyePatterns.java> Scanned 99500 functions. Matches so far: 0  
2026-06-29 18:06:40 INFO  (GhidraScript) ScanAndExportEyePatterns.java> Scanned 100000 functions. Matches so far: 0  
2026-06-29 18:06:42 INFO  (GhidraScript) ScanAndExportEyePatterns.java> Scanned 100500 functions. Matches so far: 0  
2026-06-29 18:06:43 INFO  (GhidraScript) ScanAndExportEyePatterns.java> Scanned 101000 functions. Matches so far: 0  
2026-06-29 18:06:44 INFO  (GhidraScript) ScanAndExportEyePatterns.java> Scanned 101500 functions. Matches so far: 0  
2026-06-29 18:06:45 INFO  (GhidraScript) ScanAndExportEyePatterns.java> Scanned 102000 functions. Matches so far: 0  
2026-06-29 18:06:46 INFO  (GhidraScript) ScanAndExportEyePatterns.java> Scanned 102500 functions. Matches so far: 0  
2026-06-29 18:06:48 INFO  (GhidraScript) ScanAndExportEyePatterns.java> Scanned 103000 functions. Matches so far: 0  
2026-06-29 18:06:49 INFO  (GhidraScript) ScanAndExportEyePatterns.java> Scanned 103500 functions. Matches so far: 0  
2026-06-29 18:06:51 INFO  (GhidraScript) ScanAndExportEyePatterns.java> Scanned 104000 functions. Matches so far: 0  
2026-06-29 18:06:53 INFO  (GhidraScript) ScanAndExportEyePatterns.java> Scanned 104500 functions. Matches so far: 0  
2026-06-29 18:06:54 INFO  (GhidraScript) ScanAndExportEyePatterns.java> Scanned 105000 functions. Matches so far: 0  
2026-06-29 18:06:56 INFO  (GhidraScript) ScanAndExportEyePatterns.java> Scanned 105500 functions. Matches so far: 0  
2026-06-29 18:06:57 INFO  (GhidraScript) ScanAndExportEyePatterns.java> Scanned 106000 functions. Matches so far: 0  
2026-06-29 18:07:01 INFO  (GhidraScript) ScanAndExportEyePatterns.java> Scanned 106500 functions. Matches so far: 0  
2026-06-29 18:07:02 INFO  (GhidraScript) ScanAndExportEyePatterns.java> Scanned 107000 functions. Matches so far: 0  
2026-06-29 18:07:04 INFO  (GhidraScript) ScanAndExportEyePatterns.java> Scanned 107500 functions. Matches so far: 0  
2026-06-29 18:07:06 INFO  (GhidraScript) ScanAndExportEyePatterns.java> Scanned 108000 functions. Matches so far: 0  
2026-06-29 18:07:12 INFO  (GhidraScript) ScanAndExportEyePatterns.java> Scanned 108500 functions. Matches so far: 0  
2026-06-29 18:07:17 INFO  (GhidraScript) ScanAndExportEyePatterns.java> Scanned 109000 functions. Matches so far: 0  
2026-06-29 18:07:21 INFO  (GhidraScript) ScanAndExportEyePatterns.java> Scanned 109500 functions. Matches so far: 0  
2026-06-29 18:07:24 INFO  (GhidraScript) ScanAndExportEyePatterns.java> Scanned 110000 functions. Matches so far: 0  
2026-06-29 18:07:25 INFO  (GhidraScript) ScanAndExportEyePatterns.java> Scanned 110500 functions. Matches so far: 0  
2026-06-29 18:07:29 INFO  (GhidraScript) ScanAndExportEyePatterns.java> Scanned 111000 functions. Matches so far: 0  
2026-06-29 18:07:33 INFO  (GhidraScript) ScanAndExportEyePatterns.java> Scanned 111500 functions. Matches so far: 0  
2026-06-29 18:07:35 INFO  (GhidraScript) ScanAndExportEyePatterns.java> Scanned 112000 functions. Matches so far: 0  
2026-06-29 18:07:37 INFO  (GhidraScript) ScanAndExportEyePatterns.java> Scanned 112500 functions. Matches so far: 0  
2026-06-29 18:07:41 INFO  (GhidraScript) ScanAndExportEyePatterns.java> Scanned 113000 functions. Matches so far: 0  
2026-06-29 18:07:42 INFO  (GhidraScript) ScanAndExportEyePatterns.java> Scanned 113500 functions. Matches so far: 0  
2026-06-29 18:07:44 INFO  (GhidraScript) ScanAndExportEyePatterns.java> Scanned 114000 functions. Matches so far: 0  
2026-06-29 18:07:45 INFO  (GhidraScript) ScanAndExportEyePatterns.java> Scanned 114500 functions. Matches so far: 0  
2026-06-29 18:07:48 INFO  (GhidraScript) ScanAndExportEyePatterns.java> Scanned 115000 functions. Matches so far: 0  
2026-06-29 18:07:50 INFO  (GhidraScript) ScanAndExportEyePatterns.java> Scanned 115500 functions. Matches so far: 0  
2026-06-29 18:07:52 INFO  (GhidraScript) ScanAndExportEyePatterns.java> Scanned 116000 functions. Matches so far: 0  
2026-06-29 18:07:54 INFO  (GhidraScript) ScanAndExportEyePatterns.java> Scanned 116500 functions. Matches so far: 0  
2026-06-29 18:07:57 INFO  (GhidraScript) ScanAndExportEyePatterns.java> Scanned 117000 functions. Matches so far: 0  
2026-06-29 18:08:04 INFO  (GhidraScript) ScanAndExportEyePatterns.java> Scanned 117500 functions. Matches so far: 0  
2026-06-29 18:08:13 INFO  (GhidraScript) ScanAndExportEyePatterns.java> Scanned 118000 functions. Matches so far: 0  
2026-06-29 18:08:19 INFO  (GhidraScript) ScanAndExportEyePatterns.java> Scanned 118500 functions. Matches so far: 0  
2026-06-29 18:08:21 INFO  (GhidraScript) ScanAndExportEyePatterns.java> Scanned 119000 functions. Matches so far: 0  
2026-06-29 18:08:25 INFO  (GhidraScript) ScanAndExportEyePatterns.java> Scanned 119500 functions. Matches so far: 0  
2026-06-29 18:08:28 INFO  (GhidraScript) ScanAndExportEyePatterns.java> Scanned 120000 functions. Matches so far: 0  
2026-06-29 18:08:30 INFO  (GhidraScript) ScanAndExportEyePatterns.java> Scanned 120500 functions. Matches so far: 0  
2026-06-29 18:08:33 INFO  (GhidraScript) ScanAndExportEyePatterns.java> Scanned 121000 functions. Matches so far: 0  
2026-06-29 18:08:37 INFO  (GhidraScript) ScanAndExportEyePatterns.java> Scanned 121500 functions. Matches so far: 0  
2026-06-29 18:08:41 INFO  (GhidraScript) ScanAndExportEyePatterns.java> Scanned 122000 functions. Matches so far: 0  
2026-06-29 18:08:44 INFO  (GhidraScript) ScanAndExportEyePatterns.java> Scanned 122500 functions. Matches so far: 0  
2026-06-29 18:08:48 INFO  (GhidraScript) ScanAndExportEyePatterns.java> Scanned 123000 functions. Matches so far: 0  
2026-06-29 18:08:51 INFO  (GhidraScript) ScanAndExportEyePatterns.java> Scanned 123500 functions. Matches so far: 0  
2026-06-29 18:08:55 INFO  (GhidraScript) ScanAndExportEyePatterns.java> Scanned 124000 functions. Matches so far: 0  
2026-06-29 18:08:59 INFO  (GhidraScript) ScanAndExportEyePatterns.java> Scanned 124500 functions. Matches so far: 0  
2026-06-29 18:09:02 INFO  (GhidraScript) ScanAndExportEyePatterns.java> Scanned 125000 functions. Matches so far: 0  
2026-06-29 18:09:04 INFO  (GhidraScript) ScanAndExportEyePatterns.java> Scanned 125500 functions. Matches so far: 0  
2026-06-29 18:09:05 INFO  (GhidraScript) ScanAndExportEyePatterns.java> Scanned 126000 functions. Matches so far: 0  
2026-06-29 18:09:05 INFO  (GhidraScript) ScanAndExportEyePatterns.java> Scanned 126500 functions. Matches so far: 0  
2026-06-29 18:09:06 INFO  (GhidraScript) ScanAndExportEyePatterns.java> Scanned 127000 functions. Matches so far: 0  
2026-06-29 18:09:09 INFO  (GhidraScript) ScanAndExportEyePatterns.java> Scanned 127500 functions. Matches so far: 0  
2026-06-29 18:09:11 INFO  (GhidraScript) ScanAndExportEyePatterns.java> Scanned 128000 functions. Matches so far: 0  
2026-06-29 18:09:11 INFO  (GhidraScript) ScanAndExportEyePatterns.java> Scanned 128500 functions. Matches so far: 0  
2026-06-29 18:09:12 INFO  (GhidraScript) ScanAndExportEyePatterns.java> Scanned 129000 functions. Matches so far: 0  
2026-06-29 18:09:13 INFO  (GhidraScript) ScanAndExportEyePatterns.java> Scanned 129500 functions. Matches so far: 0  
2026-06-29 18:09:13 INFO  (GhidraScript) ScanAndExportEyePatterns.java> Scanned 130000 functions. Matches so far: 0  
2026-06-29 18:09:14 INFO  (GhidraScript) ScanAndExportEyePatterns.java> Scanned 130500 functions. Matches so far: 0  
2026-06-29 18:09:15 INFO  (GhidraScript) ScanAndExportEyePatterns.java> Scanned 131000 functions. Matches so far: 0  
2026-06-29 18:09:17 INFO  (GhidraScript) ScanAndExportEyePatterns.java> Scanned 131500 functions. Matches so far: 0  
2026-06-29 18:09:18 INFO  (GhidraScript) ScanAndExportEyePatterns.java> Scanned 132000 functions. Matches so far: 0  
2026-06-29 18:09:19 INFO  (GhidraScript) ScanAndExportEyePatterns.java> Scanned 132500 functions. Matches so far: 0  
2026-06-29 18:09:20 INFO  (GhidraScript) ScanAndExportEyePatterns.java> Scanned 133000 functions. Matches so far: 0  
2026-06-29 18:09:21 INFO  (GhidraScript) ScanAndExportEyePatterns.java> Scanned 133500 functions. Matches so far: 0  
2026-06-29 18:09:23 INFO  (GhidraScript) ScanAndExportEyePatterns.java> Scanned 134000 functions. Matches so far: 0  
2026-06-29 18:09:25 INFO  (GhidraScript) ScanAndExportEyePatterns.java> Scanned 134500 functions. Matches so far: 0  
2026-06-29 18:09:26 INFO  (GhidraScript) ScanAndExportEyePatterns.java> Scanned 135000 functions. Matches so far: 0  
2026-06-29 18:09:28 INFO  (GhidraScript) ScanAndExportEyePatterns.java> Scanned 135500 functions. Matches so far: 0  
2026-06-29 18:09:29 INFO  (GhidraScript) ScanAndExportEyePatterns.java> Scanned 136000 functions. Matches so far: 0  
2026-06-29 18:09:31 INFO  (GhidraScript) ScanAndExportEyePatterns.java> Scanned 136500 functions. Matches so far: 0  
2026-06-29 18:09:32 INFO  (GhidraScript) ScanAndExportEyePatterns.java> Scanned 137000 functions. Matches so far: 0  
2026-06-29 18:09:36 INFO  (GhidraScript) ScanAndExportEyePatterns.java> Scanned 137500 functions. Matches so far: 0  
2026-06-29 18:09:42 INFO  (GhidraScript) ScanAndExportEyePatterns.java> Scanned 138000 functions. Matches so far: 0  
2026-06-29 18:09:48 INFO  (GhidraScript) ScanAndExportEyePatterns.java> Scanned 138500 functions. Matches so far: 0  
2026-06-29 18:09:54 INFO  (GhidraScript) ScanAndExportEyePatterns.java> Scanned 139000 functions. Matches so far: 0  
2026-06-29 18:10:00 INFO  (GhidraScript) ScanAndExportEyePatterns.java> Scanned 139500 functions. Matches so far: 0  
2026-06-29 18:10:03 INFO  (GhidraScript) ScanAndExportEyePatterns.java> Scanned 140000 functions. Matches so far: 0  
2026-06-29 18:10:06 INFO  (GhidraScript) ScanAndExportEyePatterns.java> Scanned 140500 functions. Matches so far: 0  
2026-06-29 18:10:10 INFO  (GhidraScript) ScanAndExportEyePatterns.java> Scanned 141000 functions. Matches so far: 0  
2026-06-29 18:10:13 INFO  (GhidraScript) ScanAndExportEyePatterns.java> Scanned 141500 functions. Matches so far: 0  
2026-06-29 18:10:14 INFO  (GhidraScript) ScanAndExportEyePatterns.java> Scanned 142000 functions. Matches so far: 0  
2026-06-29 18:10:15 INFO  (GhidraScript) ScanAndExportEyePatterns.java> Scanned 142500 functions. Matches so far: 0  
2026-06-29 18:10:19 INFO  (GhidraScript) ScanAndExportEyePatterns.java> Scanned 143000 functions. Matches so far: 0  
2026-06-29 18:10:21 INFO  (GhidraScript) ScanAndExportEyePatterns.java> Scanned 143500 functions. Matches so far: 0  
2026-06-29 18:10:26 INFO  (GhidraScript) ScanAndExportEyePatterns.java> Scanned 144000 functions. Matches so far: 0  
2026-06-29 18:10:29 INFO  (GhidraScript) ScanAndExportEyePatterns.java> Scanned 144500 functions. Matches so far: 0  
2026-06-29 18:10:32 INFO  (GhidraScript) ScanAndExportEyePatterns.java> Scanned 145000 functions. Matches so far: 0  
2026-06-29 18:10:35 INFO  (GhidraScript) ScanAndExportEyePatterns.java> Scanned 145500 functions. Matches so far: 0  
2026-06-29 18:10:36 INFO  (GhidraScript) ScanAndExportEyePatterns.java> Scanned 146000 functions. Matches so far: 0  
2026-06-29 18:10:37 INFO  (GhidraScript) ScanAndExportEyePatterns.java> Scanned 146500 functions. Matches so far: 0  
2026-06-29 18:10:38 INFO  (GhidraScript) ScanAndExportEyePatterns.java> Scanned 147000 functions. Matches so far: 0  
2026-06-29 18:10:39 INFO  (GhidraScript) ScanAndExportEyePatterns.java> Scanned 147500 functions. Matches so far: 0  
2026-06-29 18:10:40 INFO  (GhidraScript) ScanAndExportEyePatterns.java> Scanned 148000 functions. Matches so far: 0  
2026-06-29 18:10:41 INFO  (GhidraScript) ScanAndExportEyePatterns.java> Scanned 148500 functions. Matches so far: 0  
2026-06-29 18:10:42 INFO  (GhidraScript) ScanAndExportEyePatterns.java> Scanned 149000 functions. Matches so far: 0  
2026-06-29 18:10:43 INFO  (GhidraScript) ScanAndExportEyePatterns.java> Scanned 149500 functions. Matches so far: 0  
2026-06-29 18:10:44 INFO  (GhidraScript) ScanAndExportEyePatterns.java> Scanned 150000 functions. Matches so far: 0  
2026-06-29 18:10:46 INFO  (GhidraScript) ScanAndExportEyePatterns.java> Scanned 150500 functions. Matches so far: 0  
2026-06-29 18:10:51 INFO  (GhidraScript) ScanAndExportEyePatterns.java> Scanned 151000 functions. Matches so far: 0  
2026-06-29 18:10:52 INFO  (GhidraScript) ScanAndExportEyePatterns.java> Scanned 151500 functions. Matches so far: 0  
2026-06-29 18:10:54 INFO  (GhidraScript) ScanAndExportEyePatterns.java> Scanned 152000 functions. Matches so far: 0  
2026-06-29 18:10:55 INFO  (GhidraScript) ScanAndExportEyePatterns.java> Scanned 152500 functions. Matches so far: 0  
2026-06-29 18:10:57 INFO  (GhidraScript) ScanAndExportEyePatterns.java> Scanned 153000 functions. Matches so far: 0  
2026-06-29 18:10:59 INFO  (GhidraScript) ScanAndExportEyePatterns.java> Scanned 153500 functions. Matches so far: 0  
2026-06-29 18:11:01 INFO  (GhidraScript) ScanAndExportEyePatterns.java> Scanned 154000 functions. Matches so far: 0  
2026-06-29 18:11:03 INFO  (GhidraScript) ScanAndExportEyePatterns.java> Scanned 154500 functions. Matches so far: 0  
2026-06-29 18:11:05 INFO  (GhidraScript) ScanAndExportEyePatterns.java> Scanned 155000 functions. Matches so far: 0  
2026-06-29 18:11:07 INFO  (GhidraScript) ScanAndExportEyePatterns.java> Scanned 155500 functions. Matches so far: 0  
2026-06-29 18:11:09 INFO  (GhidraScript) ScanAndExportEyePatterns.java> Scanned 156000 functions. Matches so far: 0  
2026-06-29 18:11:11 INFO  (GhidraScript) ScanAndExportEyePatterns.java> Scanned 156500 functions. Matches so far: 0  
2026-06-29 18:11:14 INFO  (GhidraScript) ScanAndExportEyePatterns.java> Scanned 157000 functions. Matches so far: 0  
2026-06-29 18:11:16 INFO  (GhidraScript) ScanAndExportEyePatterns.java> Scanned 157500 functions. Matches so far: 0  
2026-06-29 18:11:20 INFO  (GhidraScript) ScanAndExportEyePatterns.java> Scanned 158000 functions. Matches so far: 0  
2026-06-29 18:11:22 INFO  (GhidraScript) ScanAndExportEyePatterns.java> Scanned 158500 functions. Matches so far: 0  
2026-06-29 18:11:25 INFO  (GhidraScript) ScanAndExportEyePatterns.java> Scanned 159000 functions. Matches so far: 0  
2026-06-29 18:11:27 INFO  (GhidraScript) ScanAndExportEyePatterns.java> Scanned 159500 functions. Matches so far: 0  
2026-06-29 18:11:29 INFO  (GhidraScript) ScanAndExportEyePatterns.java> Scanned 160000 functions. Matches so far: 0  
2026-06-29 18:11:31 INFO  (GhidraScript) ScanAndExportEyePatterns.java> Scanned 160500 functions. Matches so far: 0  
2026-06-29 18:11:33 INFO  (GhidraScript) ScanAndExportEyePatterns.java> Scanned 161000 functions. Matches so far: 0  
2026-06-29 18:11:36 INFO  (GhidraScript) ScanAndExportEyePatterns.java> Scanned 161500 functions. Matches so far: 0  
2026-06-29 18:11:38 INFO  (GhidraScript) ScanAndExportEyePatterns.java> Scanned 162000 functions. Matches so far: 0  
2026-06-29 18:11:40 INFO  (GhidraScript) ScanAndExportEyePatterns.java> Scanned 162500 functions. Matches so far: 0  
2026-06-29 18:11:43 INFO  (GhidraScript) ScanAndExportEyePatterns.java> Scanned 163000 functions. Matches so far: 0  
2026-06-29 18:11:45 INFO  (GhidraScript) ScanAndExportEyePatterns.java> Scanned 163500 functions. Matches so far: 0  
2026-06-29 18:11:47 INFO  (GhidraScript) ScanAndExportEyePatterns.java> Scanned 164000 functions. Matches so far: 0  
2026-06-29 18:11:51 INFO  (GhidraScript) ScanAndExportEyePatterns.java> Scanned 164500 functions. Matches so far: 0  
2026-06-29 18:11:53 INFO  (GhidraScript) ScanAndExportEyePatterns.java> Scanned 165000 functions. Matches so far: 0  
2026-06-29 18:11:54 INFO  (GhidraScript) ScanAndExportEyePatterns.java> Scanned 165500 functions. Matches so far: 0  
2026-06-29 18:11:55 INFO  (GhidraScript) ScanAndExportEyePatterns.java> Scanned 166000 functions. Matches so far: 0  
2026-06-29 18:11:57 INFO  (GhidraScript) ScanAndExportEyePatterns.java> Scanned 166500 functions. Matches so far: 0  
2026-06-29 18:11:58 INFO  (GhidraScript) ScanAndExportEyePatterns.java> Scanned 167000 functions. Matches so far: 0  
2026-06-29 18:12:00 INFO  (GhidraScript) ScanAndExportEyePatterns.java> Scanned 167500 functions. Matches so far: 0  
2026-06-29 18:12:01 INFO  (GhidraScript) ScanAndExportEyePatterns.java> Scanned 168000 functions. Matches so far: 0  
2026-06-29 18:12:03 INFO  (GhidraScript) ScanAndExportEyePatterns.java> Scanned 168500 functions. Matches so far: 0  
2026-06-29 18:12:04 INFO  (GhidraScript) ScanAndExportEyePatterns.java> Scanned 169000 functions. Matches so far: 0  
2026-06-29 18:12:05 INFO  (GhidraScript) ScanAndExportEyePatterns.java> Scanned 169500 functions. Matches so far: 0  
2026-06-29 18:12:06 INFO  (GhidraScript) ScanAndExportEyePatterns.java> Scanned 170000 functions. Matches so far: 0  
2026-06-29 18:12:08 INFO  (GhidraScript) ScanAndExportEyePatterns.java> Scanned 170500 functions. Matches so far: 0  
2026-06-29 18:12:09 INFO  (GhidraScript) ScanAndExportEyePatterns.java> Scanned 171000 functions. Matches so far: 0  
2026-06-29 18:12:11 INFO  (GhidraScript) ScanAndExportEyePatterns.java> Scanned 171500 functions. Matches so far: 0  
2026-06-29 18:12:12 INFO  (GhidraScript) ScanAndExportEyePatterns.java> Scanned 172000 functions. Matches so far: 0  
2026-06-29 18:12:14 INFO  (GhidraScript) ScanAndExportEyePatterns.java> Scanned 172500 functions. Matches so far: 0  
2026-06-29 18:12:15 INFO  (GhidraScript) ScanAndExportEyePatterns.java> Scanned 173000 functions. Matches so far: 0  
2026-06-29 18:12:17 INFO  (GhidraScript) ScanAndExportEyePatterns.java> Scanned 173500 functions. Matches so far: 0  
2026-06-29 18:12:20 INFO  (GhidraScript) ScanAndExportEyePatterns.java> Scanned 174000 functions. Matches so far: 0  
2026-06-29 18:12:23 INFO  (GhidraScript) ScanAndExportEyePatterns.java> Scanned 174500 functions. Matches so far: 0  
2026-06-29 18:12:25 INFO  (GhidraScript) ScanAndExportEyePatterns.java> Scanned 175000 functions. Matches so far: 0  
2026-06-29 18:12:27 INFO  (GhidraScript) ScanAndExportEyePatterns.java> Scanned 175500 functions. Matches so far: 0  
2026-06-29 18:12:28 INFO  (GhidraScript) ScanAndExportEyePatterns.java> Scanned 176000 functions. Matches so far: 0  
2026-06-29 18:12:30 INFO  (GhidraScript) ScanAndExportEyePatterns.java> Scanned 176500 functions. Matches so far: 0  
2026-06-29 18:12:32 INFO  (GhidraScript) ScanAndExportEyePatterns.java> Scanned 177000 functions. Matches so far: 0  
2026-06-29 18:12:35 INFO  (GhidraScript) ScanAndExportEyePatterns.java> Scanned 177500 functions. Matches so far: 0  
2026-06-29 18:12:38 INFO  (GhidraScript) ScanAndExportEyePatterns.java> Scanned 178000 functions. Matches so far: 0  
2026-06-29 18:12:41 INFO  (GhidraScript) ScanAndExportEyePatterns.java> Scanned 178500 functions. Matches so far: 0  
2026-06-29 18:12:43 INFO  (GhidraScript) ScanAndExportEyePatterns.java> Scanned 179000 functions. Matches so far: 0  
2026-06-29 18:12:44 INFO  (GhidraScript) ScanAndExportEyePatterns.java> Scanned 179500 functions. Matches so far: 0  
2026-06-29 18:12:45 INFO  (GhidraScript) ScanAndExportEyePatterns.java> Scanned 180000 functions. Matches so far: 0  
2026-06-29 18:12:46 INFO  (GhidraScript) ScanAndExportEyePatterns.java> Scanned 180500 functions. Matches so far: 0  
2026-06-29 18:12:48 INFO  (GhidraScript) ScanAndExportEyePatterns.java> Scanned 181000 functions. Matches so far: 0  
2026-06-29 18:12:50 INFO  (GhidraScript) ScanAndExportEyePatterns.java> Scanned 181500 functions. Matches so far: 0  
2026-06-29 18:12:51 INFO  (GhidraScript) ScanAndExportEyePatterns.java> Scanned 182000 functions. Matches so far: 0  
2026-06-29 18:12:53 INFO  (GhidraScript) ScanAndExportEyePatterns.java> Scanned 182500 functions. Matches so far: 0  
2026-06-29 18:12:55 INFO  (GhidraScript) ScanAndExportEyePatterns.java> Scanned 183000 functions. Matches so far: 0  
2026-06-29 18:12:57 INFO  (GhidraScript) ScanAndExportEyePatterns.java> Scanned 183500 functions. Matches so far: 0  
2026-06-29 18:12:59 INFO  (GhidraScript) ScanAndExportEyePatterns.java> Scanned 184000 functions. Matches so far: 0  
2026-06-29 18:13:01 INFO  (GhidraScript) ScanAndExportEyePatterns.java> Scanned 184500 functions. Matches so far: 0  
2026-06-29 18:13:04 INFO  (GhidraScript) ScanAndExportEyePatterns.java> Scanned 185000 functions. Matches so far: 0  
2026-06-29 18:13:06 INFO  (GhidraScript) ScanAndExportEyePatterns.java> Scanned 185500 functions. Matches so far: 0  
2026-06-29 18:13:11 INFO  (GhidraScript) ScanAndExportEyePatterns.java> Scanned 186000 functions. Matches so far: 0  
2026-06-29 18:13:13 INFO  (GhidraScript) ScanAndExportEyePatterns.java> Scanned 186500 functions. Matches so far: 0  
2026-06-29 18:13:16 INFO  (GhidraScript) ScanAndExportEyePatterns.java> Scanned 187000 functions. Matches so far: 0  
2026-06-29 18:13:18 INFO  (GhidraScript) ScanAndExportEyePatterns.java> Scanned 187500 functions. Matches so far: 0  
2026-06-29 18:13:20 INFO  (GhidraScript) ScanAndExportEyePatterns.java> Scanned 188000 functions. Matches so far: 0  
2026-06-29 18:13:25 INFO  (GhidraScript) ScanAndExportEyePatterns.java> Scanned 188500 functions. Matches so far: 0  
2026-06-29 18:13:58 INFO  (GhidraScript) ScanAndExportEyePatterns.java> Scanned 189000 functions. Matches so far: 0  
2026-06-29 18:14:01 INFO  (GhidraScript) ScanAndExportEyePatterns.java> Scanned 189500 functions. Matches so far: 0  
2026-06-29 18:14:06 INFO  (GhidraScript) ScanAndExportEyePatterns.java> Scanned 190000 functions. Matches so far: 0  
2026-06-29 18:14:07 INFO  (GhidraScript) ScanAndExportEyePatterns.java> Scanned 190500 functions. Matches so far: 0  
2026-06-29 18:14:12 INFO  (GhidraScript) ScanAndExportEyePatterns.java> Scanned 191000 functions. Matches so far: 0  
2026-06-29 18:14:17 INFO  (GhidraScript) ScanAndExportEyePatterns.java> Scanned 191500 functions. Matches so far: 0  
2026-06-29 18:14:20 INFO  (GhidraScript) ScanAndExportEyePatterns.java> Scanned 192000 functions. Matches so far: 0  
2026-06-29 18:14:22 INFO  (GhidraScript) ScanAndExportEyePatterns.java> Scanned 192500 functions. Matches so far: 0  
2026-06-29 18:14:26 INFO  (GhidraScript) ScanAndExportEyePatterns.java> Scanned 193000 functions. Matches so far: 0  
2026-06-29 18:14:52 INFO  (GhidraScript) ScanAndExportEyePatterns.java> Scanned 193500 functions. Matches so far: 0  
2026-06-29 18:14:55 INFO  (GhidraScript) ScanAndExportEyePatterns.java> Scanned 194000 functions. Matches so far: 0  
2026-06-29 18:14:56 INFO  (GhidraScript) ScanAndExportEyePatterns.java> Scanned 194500 functions. Matches so far: 0  
2026-06-29 18:14:57 INFO  (GhidraScript) ScanAndExportEyePatterns.java> Scanned 195000 functions. Matches so far: 0  
2026-06-29 18:14:57 INFO  (GhidraScript) ScanAndExportEyePatterns.java> Scanned 195500 functions. Matches so far: 0  
2026-06-29 18:14:58 INFO  (GhidraScript) ScanAndExportEyePatterns.java> Scanned 196000 functions. Matches so far: 0  
2026-06-29 18:14:59 INFO  (GhidraScript) ScanAndExportEyePatterns.java> Scanned 196500 functions. Matches so far: 0  
2026-06-29 18:15:00 INFO  (GhidraScript) ScanAndExportEyePatterns.java> Scanned 197000 functions. Matches so far: 0  
2026-06-29 18:15:02 INFO  (GhidraScript) ScanAndExportEyePatterns.java> Scanned 197500 functions. Matches so far: 0  
2026-06-29 18:15:03 INFO  (GhidraScript) ScanAndExportEyePatterns.java> Scanned 198000 functions. Matches so far: 0  
2026-06-29 18:15:05 INFO  (GhidraScript) ScanAndExportEyePatterns.java> Scanned 198500 functions. Matches so far: 0  
2026-06-29 18:15:07 INFO  (GhidraScript) ScanAndExportEyePatterns.java> Scanned 199000 functions. Matches so far: 0  
2026-06-29 18:15:10 INFO  (GhidraScript) ScanAndExportEyePatterns.java> Scanned 199500 functions. Matches so far: 0  
2026-06-29 18:15:13 INFO  (GhidraScript) ScanAndExportEyePatterns.java> Scanned 200000 functions. Matches so far: 0  
2026-06-29 18:15:15 INFO  (GhidraScript) ScanAndExportEyePatterns.java> Scanned 200500 functions. Matches so far: 0  
2026-06-29 18:15:18 INFO  (GhidraScript) ScanAndExportEyePatterns.java> Scanned 201000 functions. Matches so far: 0  
2026-06-29 18:15:30 INFO  (GhidraScript) ScanAndExportEyePatterns.java> Scanned 201500 functions. Matches so far: 0  
2026-06-29 18:15:35 INFO  (GhidraScript) ScanAndExportEyePatterns.java> Scanned 202000 functions. Matches so far: 0  
2026-06-29 18:15:40 INFO  (GhidraScript) ScanAndExportEyePatterns.java> Scanned 202500 functions. Matches so far: 0  
2026-06-29 18:15:43 INFO  (GhidraScript) ScanAndExportEyePatterns.java> Scanned 203000 functions. Matches so far: 0  
2026-06-29 18:15:46 INFO  (GhidraScript) ScanAndExportEyePatterns.java> Scanned 203500 functions. Matches so far: 0  
2026-06-29 18:15:48 INFO  (GhidraScript) ScanAndExportEyePatterns.java> Scanned 204000 functions. Matches so far: 0  
2026-06-29 18:15:50 INFO  (GhidraScript) ScanAndExportEyePatterns.java> Scanned 204500 functions. Matches so far: 0  
2026-06-29 18:15:52 INFO  (GhidraScript) ScanAndExportEyePatterns.java> Scanned 205000 functions. Matches so far: 0  
2026-06-29 18:15:53 INFO  (GhidraScript) ScanAndExportEyePatterns.java> Scanned 205500 functions. Matches so far: 0  
2026-06-29 18:15:54 INFO  (GhidraScript) ScanAndExportEyePatterns.java> Scanned 206000 functions. Matches so far: 0  
2026-06-29 18:15:56 INFO  (GhidraScript) ScanAndExportEyePatterns.java> Scanned 206500 functions. Matches so far: 0  
2026-06-29 18:15:56 INFO  (GhidraScript) ScanAndExportEyePatterns.java> Scanned 207000 functions. Matches so far: 0  
2026-06-29 18:15:58 INFO  (GhidraScript) ScanAndExportEyePatterns.java> Scanned 207500 functions. Matches so far: 0  
2026-06-29 18:16:00 INFO  (GhidraScript) ScanAndExportEyePatterns.java> Scanned 208000 functions. Matches so far: 0  
2026-06-29 18:16:00 INFO  (GhidraScript) ScanAndExportEyePatterns.java> Scanned 208500 functions. Matches so far: 0  
2026-06-29 18:16:02 INFO  (GhidraScript) ScanAndExportEyePatterns.java> Scanned 209000 functions. Matches so far: 0  
2026-06-29 18:16:03 INFO  (GhidraScript) ScanAndExportEyePatterns.java> Scanned 209500 functions. Matches so far: 0  
2026-06-29 18:16:04 INFO  (GhidraScript) ScanAndExportEyePatterns.java> Scanned 210000 functions. Matches so far: 0  
2026-06-29 18:16:05 INFO  (GhidraScript) ScanAndExportEyePatterns.java> Scanned 210500 functions. Matches so far: 0  
2026-06-29 18:16:06 INFO  (GhidraScript) ScanAndExportEyePatterns.java> Scanned 211000 functions. Matches so far: 0  
2026-06-29 18:16:07 INFO  (GhidraScript) ScanAndExportEyePatterns.java> Scanned 211500 functions. Matches so far: 0  
2026-06-29 18:16:08 INFO  (GhidraScript) ScanAndExportEyePatterns.java> Scanned 212000 functions. Matches so far: 0  
2026-06-29 18:16:09 INFO  (GhidraScript) ScanAndExportEyePatterns.java> Scanned 212500 functions. Matches so far: 0  
2026-06-29 18:16:11 INFO  (GhidraScript) ScanAndExportEyePatterns.java> Scanned 213000 functions. Matches so far: 0  
2026-06-29 18:16:14 INFO  (GhidraScript) ScanAndExportEyePatterns.java> Scanned 213500 functions. Matches so far: 0  
2026-06-29 18:16:17 INFO  (GhidraScript) ScanAndExportEyePatterns.java> Scanned 214000 functions. Matches so far: 0  
2026-06-29 18:16:17 INFO  (GhidraScript) ScanAndExportEyePatterns.java> Scanned 214500 functions. Matches so far: 0  
2026-06-29 18:16:21 INFO  (GhidraScript) ScanAndExportEyePatterns.java> Scanned 215000 functions. Matches so far: 0  
2026-06-29 18:16:32 INFO  (GhidraScript) ScanAndExportEyePatterns.java> Scanned 215500 functions. Matches so far: 0  
2026-06-29 18:16:37 INFO  (GhidraScript) ScanAndExportEyePatterns.java> Scanned 216000 functions. Matches so far: 0  
2026-06-29 18:16:40 INFO  (GhidraScript) ScanAndExportEyePatterns.java> Scanned 216500 functions. Matches so far: 0  
2026-06-29 18:16:43 INFO  (GhidraScript) ScanAndExportEyePatterns.java> Scanned 217000 functions. Matches so far: 0  
2026-06-29 18:16:46 INFO  (GhidraScript) ScanAndExportEyePatterns.java> Scanned 217500 functions. Matches so far: 0  
2026-06-29 18:16:53 INFO  (GhidraScript) ScanAndExportEyePatterns.java> Scanned 218000 functions. Matches so far: 0  
2026-06-29 18:16:57 INFO  (GhidraScript) ScanAndExportEyePatterns.java> Scanned 218500 functions. Matches so far: 0  
2026-06-29 18:16:59 INFO  (GhidraScript) ScanAndExportEyePatterns.java> Scanned 219000 functions. Matches so far: 0  
2026-06-29 18:17:03 INFO  (GhidraScript) ScanAndExportEyePatterns.java> Scanned 219500 functions. Matches so far: 0  
2026-06-29 18:17:09 INFO  (GhidraScript) ScanAndExportEyePatterns.java> Scanned 220000 functions. Matches so far: 0  
2026-06-29 18:17:18 INFO  (GhidraScript) ScanAndExportEyePatterns.java> Scanned 220500 functions. Matches so far: 0  
2026-06-29 18:17:24 INFO  (GhidraScript) ScanAndExportEyePatterns.java> Scanned 221000 functions. Matches so far: 0  
2026-06-29 18:17:56 INFO  (GhidraScript) ScanAndExportEyePatterns.java> Scanned 221500 functions. Matches so far: 0  
2026-06-29 18:18:32 INFO  (GhidraScript) ScanAndExportEyePatterns.java> Scanned 222000 functions. Matches so far: 0  
2026-06-29 18:18:40 INFO  (GhidraScript) ScanAndExportEyePatterns.java> Scanned 222500 functions. Matches so far: 0  
2026-06-29 18:18:43 INFO  (GhidraScript) ScanAndExportEyePatterns.java> Scanned 223000 functions. Matches so far: 0  
2026-06-29 18:18:56 INFO  (GhidraScript) ScanAndExportEyePatterns.java> Scanned 223500 functions. Matches so far: 0  
2026-06-29 18:19:00 INFO  (GhidraScript) ScanAndExportEyePatterns.java> Scanned 224000 functions. Matches so far: 0  
2026-06-29 18:19:02 INFO  (GhidraScript) ScanAndExportEyePatterns.java> Scanned 224500 functions. Matches so far: 0  
2026-06-29 18:19:04 INFO  (GhidraScript) ScanAndExportEyePatterns.java> Scanned 225000 functions. Matches so far: 0  
2026-06-29 18:19:07 INFO  (GhidraScript) ScanAndExportEyePatterns.java> Scanned 225500 functions. Matches so far: 0  
2026-06-29 18:19:10 INFO  (GhidraScript) ScanAndExportEyePatterns.java> Scanned 226000 functions. Matches so far: 0  
2026-06-29 18:19:12 INFO  (GhidraScript) ScanAndExportEyePatterns.java> Scanned 226500 functions. Matches so far: 0  
2026-06-29 18:19:15 INFO  (GhidraScript) ScanAndExportEyePatterns.java> Scanned 227000 functions. Matches so far: 0  
2026-06-29 18:19:17 INFO  (GhidraScript) ScanAndExportEyePatterns.java> Scanned 227500 functions. Matches so far: 0  
2026-06-29 18:19:19 INFO  (GhidraScript) ScanAndExportEyePatterns.java> Scanned 228000 functions. Matches so far: 0  
2026-06-29 18:19:22 INFO  (GhidraScript) ScanAndExportEyePatterns.java> Scanned 228500 functions. Matches so far: 0  
2026-06-29 18:19:24 INFO  (GhidraScript) ScanAndExportEyePatterns.java> Scanned 229000 functions. Matches so far: 0  
2026-06-29 18:19:27 INFO  (GhidraScript) ScanAndExportEyePatterns.java> Scanned 229500 functions. Matches so far: 0  
2026-06-29 18:19:29 INFO  (GhidraScript) ScanAndExportEyePatterns.java> Scanned 230000 functions. Matches so far: 0  
2026-06-29 18:19:32 INFO  (GhidraScript) ScanAndExportEyePatterns.java> Scanned 230500 functions. Matches so far: 0  
2026-06-29 18:19:33 INFO  (GhidraScript) ScanAndExportEyePatterns.java> Scanned 231000 functions. Matches so far: 0  
2026-06-29 18:19:35 INFO  (GhidraScript) ScanAndExportEyePatterns.java> Scanned 231500 functions. Matches so far: 0  
2026-06-29 18:19:40 INFO  (GhidraScript) ScanAndExportEyePatterns.java> Scanned 232000 functions. Matches so far: 0  
2026-06-29 18:19:54 INFO  (GhidraScript) ScanAndExportEyePatterns.java> Scanned 232500 functions. Matches so far: 0  
2026-06-29 18:19:57 INFO  (GhidraScript) ScanAndExportEyePatterns.java> Scanned 233000 functions. Matches so far: 0  
2026-06-29 18:19:58 INFO  (GhidraScript) ScanAndExportEyePatterns.java> Scanned 233500 functions. Matches so far: 0  
2026-06-29 18:20:00 INFO  (GhidraScript) ScanAndExportEyePatterns.java> Scanned 234000 functions. Matches so far: 0  
2026-06-29 18:20:02 INFO  (GhidraScript) ScanAndExportEyePatterns.java> Scanned 234500 functions. Matches so far: 0  
2026-06-29 18:20:04 INFO  (GhidraScript) ScanAndExportEyePatterns.java> Scanned 235000 functions. Matches so far: 0  
2026-06-29 18:20:06 INFO  (GhidraScript) ScanAndExportEyePatterns.java> Scanned 235500 functions. Matches so far: 0  
2026-06-29 18:20:08 INFO  (GhidraScript) ScanAndExportEyePatterns.java> Scanned 236000 functions. Matches so far: 0  
2026-06-29 18:20:10 INFO  (GhidraScript) ScanAndExportEyePatterns.java> Scanned 236500 functions. Matches so far: 0  
2026-06-29 18:20:12 INFO  (GhidraScript) ScanAndExportEyePatterns.java> Scanned 237000 functions. Matches so far: 0  
2026-06-29 18:20:14 INFO  (GhidraScript) ScanAndExportEyePatterns.java> Scanned 237500 functions. Matches so far: 0  
2026-06-29 18:20:16 INFO  (GhidraScript) ScanAndExportEyePatterns.java> Scanned 238000 functions. Matches so far: 0  
2026-06-29 18:20:18 INFO  (GhidraScript) ScanAndExportEyePatterns.java> Scanned 238500 functions. Matches so far: 0  
2026-06-29 18:20:21 INFO  (GhidraScript) ScanAndExportEyePatterns.java> Scanned 239000 functions. Matches so far: 0  
2026-06-29 18:20:23 INFO  (GhidraScript) ScanAndExportEyePatterns.java> Scanned 239500 functions. Matches so far: 0  
2026-06-29 18:20:27 INFO  (GhidraScript) ScanAndExportEyePatterns.java> Scanned 240000 functions. Matches so far: 0  
2026-06-29 18:20:29 INFO  (GhidraScript) ScanAndExportEyePatterns.java> Scanned 240500 functions. Matches so far: 0  
2026-06-29 18:20:44 INFO  (GhidraScript) ScanAndExportEyePatterns.java> Scanned 241000 functions. Matches so far: 0  
2026-06-29 18:20:48 INFO  (GhidraScript) ScanAndExportEyePatterns.java> Scanned 241500 functions. Matches so far: 0  
2026-06-29 18:20:52 INFO  (GhidraScript) ScanAndExportEyePatterns.java> Scanned 242000 functions. Matches so far: 0  
2026-06-29 18:20:55 INFO  (GhidraScript) ScanAndExportEyePatterns.java> Scanned 242500 functions. Matches so far: 0  
2026-06-29 18:20:58 INFO  (GhidraScript) ScanAndExportEyePatterns.java> Scanned 243000 functions. Matches so far: 0  
2026-06-29 18:21:01 INFO  (GhidraScript) ScanAndExportEyePatterns.java> Scanned 243500 functions. Matches so far: 0  
2026-06-29 18:21:03 INFO  (GhidraScript) ScanAndExportEyePatterns.java> Scanned 244000 functions. Matches so far: 0  
2026-06-29 18:21:04 INFO  (GhidraScript) ScanAndExportEyePatterns.java> Scanned 244500 functions. Matches so far: 0  
2026-06-29 18:21:07 INFO  (GhidraScript) ScanAndExportEyePatterns.java> Scanned 245000 functions. Matches so far: 0  
2026-06-29 18:21:14 INFO  (GhidraScript) ScanAndExportEyePatterns.java> Scanned 245500 functions. Matches so far: 0  
2026-06-29 18:21:18 INFO  (GhidraScript) ScanAndExportEyePatterns.java> Scanned 246000 functions. Matches so far: 0  
2026-06-29 18:21:23 INFO  (GhidraScript) ScanAndExportEyePatterns.java> Scanned 246500 functions. Matches so far: 0  
2026-06-29 18:21:31 INFO  (GhidraScript) ScanAndExportEyePatterns.java> Scanned 247000 functions. Matches so far: 0  
2026-06-29 18:21:35 INFO  (GhidraScript) ScanAndExportEyePatterns.java> Scanned 247500 functions. Matches so far: 0  
2026-06-29 18:21:39 INFO  (GhidraScript) ScanAndExportEyePatterns.java> Scanned 248000 functions. Matches so far: 0  
2026-06-29 18:21:43 INFO  (GhidraScript) ScanAndExportEyePatterns.java> Scanned 248500 functions. Matches so far: 0  
2026-06-29 18:21:47 INFO  (GhidraScript) ScanAndExportEyePatterns.java> Scanned 249000 functions. Matches so far: 0  
2026-06-29 18:21:48 INFO  (GhidraScript) ScanAndExportEyePatterns.java> Scanned 249500 functions. Matches so far: 0  
2026-06-29 18:22:05 INFO  (GhidraScript) ScanAndExportEyePatterns.java> Scanned 250000 functions. Matches so far: 0  
2026-06-29 18:22:07 INFO  (GhidraScript) ScanAndExportEyePatterns.java> Scanned 250500 functions. Matches so far: 0  
2026-06-29 18:22:10 INFO  (GhidraScript) ScanAndExportEyePatterns.java> Scanned 251000 functions. Matches so far: 0  
2026-06-29 18:22:13 INFO  (GhidraScript) ScanAndExportEyePatterns.java> Scanned 251500 functions. Matches so far: 0  
2026-06-29 18:22:15 INFO  (GhidraScript) ScanAndExportEyePatterns.java> Scanned 252000 functions. Matches so far: 0  
2026-06-29 18:22:17 INFO  (GhidraScript) ScanAndExportEyePatterns.java> Scanned 252500 functions. Matches so far: 0  
2026-06-29 18:22:18 INFO  (GhidraScript) ScanAndExportEyePatterns.java> Scanned 253000 functions. Matches so far: 0  
2026-06-29 18:22:18 WARN  (DecompileCallback) Decompiling 04116000, pcode error at 04116000: Unable to disassemble EXTERNAL block location: 04116000  
2026-06-29 18:22:18 WARN  (DecompileCallback) Decompiling 04116008, pcode error at 04116008: Unable to disassemble EXTERNAL block location: 04116008  
2026-06-29 18:22:18 WARN  (DecompileCallback) Decompiling 04116010, pcode error at 04116010: Unable to disassemble EXTERNAL block location: 04116010  
2026-06-29 18:22:18 WARN  (DecompileCallback) Decompiling 04116018, pcode error at 04116018: Unable to disassemble EXTERNAL block location: 04116018  
2026-06-29 18:22:18 WARN  (DecompileCallback) Decompiling 04116020, pcode error at 04116020: Unable to disassemble EXTERNAL block location: 04116020  
2026-06-29 18:22:18 WARN  (DecompileCallback) Decompiling 04116028, pcode error at 04116028: Unable to disassemble EXTERNAL block location: 04116028  
2026-06-29 18:22:18 WARN  (DecompileCallback) Decompiling 04116030, pcode error at 04116030: Unable to disassemble EXTERNAL block location: 04116030  
2026-06-29 18:22:18 WARN  (DecompileCallback) Decompiling 04116038, pcode error at 04116038: Unable to disassemble EXTERNAL block location: 04116038  
2026-06-29 18:22:18 WARN  (DecompileCallback) Decompiling 04116040, pcode error at 04116040: Unable to disassemble EXTERNAL block location: 04116040  
2026-06-29 18:22:18 WARN  (DecompileCallback) Decompiling 04116048, pcode error at 04116048: Unable to disassemble EXTERNAL block location: 04116048  
2026-06-29 18:22:18 WARN  (DecompileCallback) Decompiling 04116050, pcode error at 04116050: Unable to disassemble EXTERNAL block location: 04116050  
2026-06-29 18:22:18 WARN  (DecompileCallback) Decompiling 04116058, pcode error at 04116058: Unable to disassemble EXTERNAL block location: 04116058  
2026-06-29 18:22:18 WARN  (DecompileCallback) Decompiling 04116060, pcode error at 04116060: Unable to disassemble EXTERNAL block location: 04116060  
2026-06-29 18:22:18 WARN  (DecompileCallback) Decompiling 04116068, pcode error at 04116068: Unable to disassemble EXTERNAL block location: 04116068  
2026-06-29 18:22:18 WARN  (DecompileCallback) Decompiling 04116070, pcode error at 04116070: Unable to disassemble EXTERNAL block location: 04116070  
2026-06-29 18:22:18 WARN  (DecompileCallback) Decompiling 04116078, pcode error at 04116078: Unable to disassemble EXTERNAL block location: 04116078  
2026-06-29 18:22:18 WARN  (DecompileCallback) Decompiling 04116080, pcode error at 04116080: Unable to disassemble EXTERNAL block location: 04116080  
2026-06-29 18:22:18 WARN  (DecompileCallback) Decompiling 04116088, pcode error at 04116088: Unable to disassemble EXTERNAL block location: 04116088  
2026-06-29 18:22:18 WARN  (DecompileCallback) Decompiling 04116090, pcode error at 04116090: Unable to disassemble EXTERNAL block location: 04116090  
2026-06-29 18:22:18 WARN  (DecompileCallback) Decompiling 04116098, pcode error at 04116098: Unable to disassemble EXTERNAL block location: 04116098  
2026-06-29 18:22:18 WARN  (DecompileCallback) Decompiling 041160a0, pcode error at 041160a0: Unable to disassemble EXTERNAL block location: 041160a0  
2026-06-29 18:22:18 WARN  (DecompileCallback) Decompiling 041160a8, pcode error at 041160a8: Unable to disassemble EXTERNAL block location: 041160a8  
2026-06-29 18:22:18 WARN  (DecompileCallback) Decompiling 041160b0, pcode error at 041160b0: Unable to disassemble EXTERNAL block location: 041160b0  
2026-06-29 18:22:18 WARN  (DecompileCallback) Decompiling 041160b8, pcode error at 041160b8: Unable to disassemble EXTERNAL block location: 041160b8  
2026-06-29 18:22:18 WARN  (DecompileCallback) Decompiling 041160c0, pcode error at 041160c0: Unable to disassemble EXTERNAL block location: 041160c0  
2026-06-29 18:22:18 WARN  (DecompileCallback) Decompiling 041160c8, pcode error at 041160c8: Unable to disassemble EXTERNAL block location: 041160c8  
2026-06-29 18:22:18 WARN  (DecompileCallback) Decompiling 041160d0, pcode error at 041160d0: Unable to disassemble EXTERNAL block location: 041160d0  
2026-06-29 18:22:18 WARN  (DecompileCallback) Decompiling 041160d8, pcode error at 041160d8: Unable to disassemble EXTERNAL block location: 041160d8  
2026-06-29 18:22:18 WARN  (DecompileCallback) Decompiling 041160e0, pcode error at 041160e0: Unable to disassemble EXTERNAL block location: 041160e0  
2026-06-29 18:22:18 WARN  (DecompileCallback) Decompiling 041160e8, pcode error at 041160e8: Unable to disassemble EXTERNAL block location: 041160e8  
2026-06-29 18:22:18 WARN  (DecompileCallback) Decompiling 041160f0, pcode error at 041160f0: Unable to disassemble EXTERNAL block location: 041160f0  
2026-06-29 18:22:18 WARN  (DecompileCallback) Decompiling 041160f8, pcode error at 041160f8: Unable to disassemble EXTERNAL block location: 041160f8  
2026-06-29 18:22:18 WARN  (DecompileCallback) Decompiling 04116100, pcode error at 04116100: Unable to disassemble EXTERNAL block location: 04116100  
2026-06-29 18:22:18 WARN  (DecompileCallback) Decompiling 04116108, pcode error at 04116108: Unable to disassemble EXTERNAL block location: 04116108  
2026-06-29 18:22:18 WARN  (DecompileCallback) Decompiling 04116110, pcode error at 04116110: Unable to disassemble EXTERNAL block location: 04116110  
2026-06-29 18:22:18 WARN  (DecompileCallback) Decompiling 04116118, pcode error at 04116118: Unable to disassemble EXTERNAL block location: 04116118  
2026-06-29 18:22:18 WARN  (DecompileCallback) Decompiling 04116120, pcode error at 04116120: Unable to disassemble EXTERNAL block location: 04116120  
2026-06-29 18:22:18 WARN  (DecompileCallback) Decompiling 04116128, pcode error at 04116128: Unable to disassemble EXTERNAL block location: 04116128  
2026-06-29 18:22:18 WARN  (DecompileCallback) Decompiling 04116130, pcode error at 04116130: Unable to disassemble EXTERNAL block location: 04116130  
2026-06-29 18:22:18 WARN  (DecompileCallback) Decompiling 04116138, pcode error at 04116138: Unable to disassemble EXTERNAL block location: 04116138  
2026-06-29 18:22:18 WARN  (DecompileCallback) Decompiling 04116140, pcode error at 04116140: Unable to disassemble EXTERNAL block location: 04116140  
2026-06-29 18:22:18 WARN  (DecompileCallback) Decompiling 04116150, pcode error at 04116150: Unable to disassemble EXTERNAL block location: 04116150  
2026-06-29 18:22:18 WARN  (DecompileCallback) Decompiling 04116158, pcode error at 04116158: Unable to disassemble EXTERNAL block location: 04116158  
2026-06-29 18:22:18 WARN  (DecompileCallback) Decompiling 04116160, pcode error at 04116160: Unable to disassemble EXTERNAL block location: 04116160  
2026-06-29 18:22:18 WARN  (DecompileCallback) Decompiling 04116168, pcode error at 04116168: Unable to disassemble EXTERNAL block location: 04116168  
2026-06-29 18:22:18 WARN  (DecompileCallback) Decompiling 04116170, pcode error at 04116170: Unable to disassemble EXTERNAL block location: 04116170  
2026-06-29 18:22:18 WARN  (DecompileCallback) Decompiling 04116178, pcode error at 04116178: Unable to disassemble EXTERNAL block location: 04116178  
2026-06-29 18:22:18 WARN  (DecompileCallback) Decompiling 04116180, pcode error at 04116180: Unable to disassemble EXTERNAL block location: 04116180  
2026-06-29 18:22:18 WARN  (DecompileCallback) Decompiling 04116188, pcode error at 04116188: Unable to disassemble EXTERNAL block location: 04116188  
2026-06-29 18:22:18 WARN  (DecompileCallback) Decompiling 04116190, pcode error at 04116190: Unable to disassemble EXTERNAL block location: 04116190  
2026-06-29 18:22:18 WARN  (DecompileCallback) Decompiling 04116198, pcode error at 04116198: Unable to disassemble EXTERNAL block location: 04116198  
2026-06-29 18:22:18 WARN  (DecompileCallback) Decompiling 041161a0, pcode error at 041161a0: Unable to disassemble EXTERNAL block location: 041161a0  
2026-06-29 18:22:18 WARN  (DecompileCallback) Decompiling 041161a8, pcode error at 041161a8: Unable to disassemble EXTERNAL block location: 041161a8  
2026-06-29 18:22:18 WARN  (DecompileCallback) Decompiling 041161b0, pcode error at 041161b0: Unable to disassemble EXTERNAL block location: 041161b0  
2026-06-29 18:22:18 WARN  (DecompileCallback) Decompiling 041161b8, pcode error at 041161b8: Unable to disassemble EXTERNAL block location: 041161b8  
2026-06-29 18:22:18 WARN  (DecompileCallback) Decompiling 041161c0, pcode error at 041161c0: Unable to disassemble EXTERNAL block location: 041161c0  
2026-06-29 18:22:18 WARN  (DecompileCallback) Decompiling 041161c8, pcode error at 041161c8: Unable to disassemble EXTERNAL block location: 041161c8  
2026-06-29 18:22:18 WARN  (DecompileCallback) Decompiling 041161d0, pcode error at 041161d0: Unable to disassemble EXTERNAL block location: 041161d0  
2026-06-29 18:22:18 WARN  (DecompileCallback) Decompiling 041161d8, pcode error at 041161d8: Unable to disassemble EXTERNAL block location: 041161d8  
2026-06-29 18:22:18 WARN  (DecompileCallback) Decompiling 041161e0, pcode error at 041161e0: Unable to disassemble EXTERNAL block location: 041161e0  
2026-06-29 18:22:18 WARN  (DecompileCallback) Decompiling 041161e8, pcode error at 041161e8: Unable to disassemble EXTERNAL block location: 041161e8  
2026-06-29 18:22:18 WARN  (DecompileCallback) Decompiling 041161f0, pcode error at 041161f0: Unable to disassemble EXTERNAL block location: 041161f0  
2026-06-29 18:22:18 WARN  (DecompileCallback) Decompiling 041161f8, pcode error at 041161f8: Unable to disassemble EXTERNAL block location: 041161f8  
2026-06-29 18:22:18 WARN  (DecompileCallback) Decompiling 04116200, pcode error at 04116200: Unable to disassemble EXTERNAL block location: 04116200  
2026-06-29 18:22:18 WARN  (DecompileCallback) Decompiling 04116208, pcode error at 04116208: Unable to disassemble EXTERNAL block location: 04116208  
2026-06-29 18:22:18 WARN  (DecompileCallback) Decompiling 04116210, pcode error at 04116210: Unable to disassemble EXTERNAL block location: 04116210  
2026-06-29 18:22:18 WARN  (DecompileCallback) Decompiling 04116218, pcode error at 04116218: Unable to disassemble EXTERNAL block location: 04116218  
2026-06-29 18:22:18 WARN  (DecompileCallback) Decompiling 04116220, pcode error at 04116220: Unable to disassemble EXTERNAL block location: 04116220  
2026-06-29 18:22:18 WARN  (DecompileCallback) Decompiling 04116228, pcode error at 04116228: Unable to disassemble EXTERNAL block location: 04116228  
2026-06-29 18:22:18 WARN  (DecompileCallback) Decompiling 04116230, pcode error at 04116230: Unable to disassemble EXTERNAL block location: 04116230  
2026-06-29 18:22:18 WARN  (DecompileCallback) Decompiling 04116238, pcode error at 04116238: Unable to disassemble EXTERNAL block location: 04116238  
2026-06-29 18:22:18 WARN  (DecompileCallback) Decompiling 04116240, pcode error at 04116240: Unable to disassemble EXTERNAL block location: 04116240  
2026-06-29 18:22:18 WARN  (DecompileCallback) Decompiling 04116248, pcode error at 04116248: Unable to disassemble EXTERNAL block location: 04116248  
2026-06-29 18:22:18 WARN  (DecompileCallback) Decompiling 04116250, pcode error at 04116250: Unable to disassemble EXTERNAL block location: 04116250  
2026-06-29 18:22:18 WARN  (DecompileCallback) Decompiling 04116258, pcode error at 04116258: Unable to disassemble EXTERNAL block location: 04116258  
2026-06-29 18:22:18 WARN  (DecompileCallback) Decompiling 04116260, pcode error at 04116260: Unable to disassemble EXTERNAL block location: 04116260  
2026-06-29 18:22:18 WARN  (DecompileCallback) Decompiling 04116268, pcode error at 04116268: Unable to disassemble EXTERNAL block location: 04116268  
2026-06-29 18:22:18 WARN  (DecompileCallback) Decompiling 04116270, pcode error at 04116270: Unable to disassemble EXTERNAL block location: 04116270  
2026-06-29 18:22:18 WARN  (DecompileCallback) Decompiling 04116278, pcode error at 04116278: Unable to disassemble EXTERNAL block location: 04116278  
2026-06-29 18:22:18 WARN  (DecompileCallback) Decompiling 04116280, pcode error at 04116280: Unable to disassemble EXTERNAL block location: 04116280  
2026-06-29 18:22:18 WARN  (DecompileCallback) Decompiling 04116288, pcode error at 04116288: Unable to disassemble EXTERNAL block location: 04116288  
2026-06-29 18:22:18 WARN  (DecompileCallback) Decompiling 04116290, pcode error at 04116290: Unable to disassemble EXTERNAL block location: 04116290  
2026-06-29 18:22:18 WARN  (DecompileCallback) Decompiling 04116298, pcode error at 04116298: Unable to disassemble EXTERNAL block location: 04116298  
2026-06-29 18:22:18 WARN  (DecompileCallback) Decompiling 041162a0, pcode error at 041162a0: Unable to disassemble EXTERNAL block location: 041162a0  
2026-06-29 18:22:18 WARN  (DecompileCallback) Decompiling 041162a8, pcode error at 041162a8: Unable to disassemble EXTERNAL block location: 041162a8  
2026-06-29 18:22:18 WARN  (DecompileCallback) Decompiling 041162b0, pcode error at 041162b0: Unable to disassemble EXTERNAL block location: 041162b0  
2026-06-29 18:22:18 WARN  (DecompileCallback) Decompiling 041162b8, pcode error at 041162b8: Unable to disassemble EXTERNAL block location: 041162b8  
2026-06-29 18:22:18 WARN  (DecompileCallback) Decompiling 041162c0, pcode error at 041162c0: Unable to disassemble EXTERNAL block location: 041162c0  
2026-06-29 18:22:18 WARN  (DecompileCallback) Decompiling 041162c8, pcode error at 041162c8: Unable to disassemble EXTERNAL block location: 041162c8  
2026-06-29 18:22:18 WARN  (DecompileCallback) Decompiling 041162d0, pcode error at 041162d0: Unable to disassemble EXTERNAL block location: 041162d0  
2026-06-29 18:22:18 WARN  (DecompileCallback) Decompiling 041162d8, pcode error at 041162d8: Unable to disassemble EXTERNAL block location: 041162d8  
2026-06-29 18:22:18 WARN  (DecompileCallback) Decompiling 041162e0, pcode error at 041162e0: Unable to disassemble EXTERNAL block location: 041162e0  
2026-06-29 18:22:18 WARN  (DecompileCallback) Decompiling 041162e8, pcode error at 041162e8: Unable to disassemble EXTERNAL block location: 041162e8  
2026-06-29 18:22:18 WARN  (DecompileCallback) Decompiling 041162f0, pcode error at 041162f0: Unable to disassemble EXTERNAL block location: 041162f0  
2026-06-29 18:22:18 WARN  (DecompileCallback) Decompiling 041162f8, pcode error at 041162f8: Unable to disassemble EXTERNAL block location: 041162f8  
2026-06-29 18:22:18 WARN  (DecompileCallback) Decompiling 04116300, pcode error at 04116300: Unable to disassemble EXTERNAL block location: 04116300  
2026-06-29 18:22:18 WARN  (DecompileCallback) Decompiling 04116308, pcode error at 04116308: Unable to disassemble EXTERNAL block location: 04116308  
2026-06-29 18:22:18 WARN  (DecompileCallback) Decompiling 04116310, pcode error at 04116310: Unable to disassemble EXTERNAL block location: 04116310  
2026-06-29 18:22:18 WARN  (DecompileCallback) Decompiling 04116318, pcode error at 04116318: Unable to disassemble EXTERNAL block location: 04116318  
2026-06-29 18:22:18 WARN  (DecompileCallback) Decompiling 04116320, pcode error at 04116320: Unable to disassemble EXTERNAL block location: 04116320  
2026-06-29 18:22:18 WARN  (DecompileCallback) Decompiling 04116328, pcode error at 04116328: Unable to disassemble EXTERNAL block location: 04116328  
2026-06-29 18:22:18 WARN  (DecompileCallback) Decompiling 04116330, pcode error at 04116330: Unable to disassemble EXTERNAL block location: 04116330  
2026-06-29 18:22:18 WARN  (DecompileCallback) Decompiling 04116338, pcode error at 04116338: Unable to disassemble EXTERNAL block location: 04116338  
2026-06-29 18:22:18 WARN  (DecompileCallback) Decompiling 04116340, pcode error at 04116340: Unable to disassemble EXTERNAL block location: 04116340  
2026-06-29 18:22:18 WARN  (DecompileCallback) Decompiling 04116348, pcode error at 04116348: Unable to disassemble EXTERNAL block location: 04116348  
2026-06-29 18:22:18 WARN  (DecompileCallback) Decompiling 04116350, pcode error at 04116350: Unable to disassemble EXTERNAL block location: 04116350  
2026-06-29 18:22:18 WARN  (DecompileCallback) Decompiling 04116358, pcode error at 04116358: Unable to disassemble EXTERNAL block location: 04116358  
2026-06-29 18:22:18 WARN  (DecompileCallback) Decompiling 04116360, pcode error at 04116360: Unable to disassemble EXTERNAL block location: 04116360  
2026-06-29 18:22:18 WARN  (DecompileCallback) Decompiling 04116368, pcode error at 04116368: Unable to disassemble EXTERNAL block location: 04116368  
2026-06-29 18:22:18 WARN  (DecompileCallback) Decompiling 04116370, pcode error at 04116370: Unable to disassemble EXTERNAL block location: 04116370  
2026-06-29 18:22:18 WARN  (DecompileCallback) Decompiling 04116378, pcode error at 04116378: Unable to disassemble EXTERNAL block location: 04116378  
2026-06-29 18:22:18 WARN  (DecompileCallback) Decompiling 04116380, pcode error at 04116380: Unable to disassemble EXTERNAL block location: 04116380  
2026-06-29 18:22:18 WARN  (DecompileCallback) Decompiling 04116388, pcode error at 04116388: Unable to disassemble EXTERNAL block location: 04116388  
2026-06-29 18:22:18 WARN  (DecompileCallback) Decompiling 04116390, pcode error at 04116390: Unable to disassemble EXTERNAL block location: 04116390  
2026-06-29 18:22:18 WARN  (DecompileCallback) Decompiling 04116398, pcode error at 04116398: Unable to disassemble EXTERNAL block location: 04116398  
2026-06-29 18:22:18 WARN  (DecompileCallback) Decompiling 041163a0, pcode error at 041163a0: Unable to disassemble EXTERNAL block location: 041163a0  
2026-06-29 18:22:18 WARN  (DecompileCallback) Decompiling 041163a8, pcode error at 041163a8: Unable to disassemble EXTERNAL block location: 041163a8  
2026-06-29 18:22:18 WARN  (DecompileCallback) Decompiling 041163b0, pcode error at 041163b0: Unable to disassemble EXTERNAL block location: 041163b0  
2026-06-29 18:22:18 WARN  (DecompileCallback) Decompiling 041163b8, pcode error at 041163b8: Unable to disassemble EXTERNAL block location: 041163b8  
2026-06-29 18:22:18 WARN  (DecompileCallback) Decompiling 041163c0, pcode error at 041163c0: Unable to disassemble EXTERNAL block location: 041163c0  
2026-06-29 18:22:18 WARN  (DecompileCallback) Decompiling 041163c8, pcode error at 041163c8: Unable to disassemble EXTERNAL block location: 041163c8  
2026-06-29 18:22:18 WARN  (DecompileCallback) Decompiling 041163d0, pcode error at 041163d0: Unable to disassemble EXTERNAL block location: 041163d0  
2026-06-29 18:22:18 WARN  (DecompileCallback) Decompiling 041163d8, pcode error at 041163d8: Unable to disassemble EXTERNAL block location: 041163d8  
2026-06-29 18:22:18 WARN  (DecompileCallback) Decompiling 041163e0, pcode error at 041163e0: Unable to disassemble EXTERNAL block location: 041163e0  
2026-06-29 18:22:18 WARN  (DecompileCallback) Decompiling 041163e8, pcode error at 041163e8: Unable to disassemble EXTERNAL block location: 041163e8  
2026-06-29 18:22:18 WARN  (DecompileCallback) Decompiling 041163f0, pcode error at 041163f0: Unable to disassemble EXTERNAL block location: 041163f0  
2026-06-29 18:22:18 WARN  (DecompileCallback) Decompiling 041163f8, pcode error at 041163f8: Unable to disassemble EXTERNAL block location: 041163f8  
2026-06-29 18:22:18 WARN  (DecompileCallback) Decompiling 04116400, pcode error at 04116400: Unable to disassemble EXTERNAL block location: 04116400  
2026-06-29 18:22:18 WARN  (DecompileCallback) Decompiling 04116408, pcode error at 04116408: Unable to disassemble EXTERNAL block location: 04116408  
2026-06-29 18:22:18 WARN  (DecompileCallback) Decompiling 04116410, pcode error at 04116410: Unable to disassemble EXTERNAL block location: 04116410  
2026-06-29 18:22:18 WARN  (DecompileCallback) Decompiling 04116418, pcode error at 04116418: Unable to disassemble EXTERNAL block location: 04116418  
2026-06-29 18:22:18 WARN  (DecompileCallback) Decompiling 04116420, pcode error at 04116420: Unable to disassemble EXTERNAL block location: 04116420  
2026-06-29 18:22:18 WARN  (DecompileCallback) Decompiling 04116428, pcode error at 04116428: Unable to disassemble EXTERNAL block location: 04116428  
2026-06-29 18:22:18 WARN  (DecompileCallback) Decompiling 04116430, pcode error at 04116430: Unable to disassemble EXTERNAL block location: 04116430  
2026-06-29 18:22:18 WARN  (DecompileCallback) Decompiling 04116438, pcode error at 04116438: Unable to disassemble EXTERNAL block location: 04116438  
2026-06-29 18:22:18 WARN  (DecompileCallback) Decompiling 04116440, pcode error at 04116440: Unable to disassemble EXTERNAL block location: 04116440  
2026-06-29 18:22:18 WARN  (DecompileCallback) Decompiling 04116448, pcode error at 04116448: Unable to disassemble EXTERNAL block location: 04116448  
2026-06-29 18:22:18 WARN  (DecompileCallback) Decompiling 04116450, pcode error at 04116450: Unable to disassemble EXTERNAL block location: 04116450  
2026-06-29 18:22:18 WARN  (DecompileCallback) Decompiling 04116458, pcode error at 04116458: Unable to disassemble EXTERNAL block location: 04116458  
2026-06-29 18:22:18 WARN  (DecompileCallback) Decompiling 04116460, pcode error at 04116460: Unable to disassemble EXTERNAL block location: 04116460  
2026-06-29 18:22:18 WARN  (DecompileCallback) Decompiling 04116468, pcode error at 04116468: Unable to disassemble EXTERNAL block location: 04116468  
2026-06-29 18:22:18 WARN  (DecompileCallback) Decompiling 04116470, pcode error at 04116470: Unable to disassemble EXTERNAL block location: 04116470  
2026-06-29 18:22:18 WARN  (DecompileCallback) Decompiling 04116478, pcode error at 04116478: Unable to disassemble EXTERNAL block location: 04116478  
2026-06-29 18:22:18 WARN  (DecompileCallback) Decompiling 04116480, pcode error at 04116480: Unable to disassemble EXTERNAL block location: 04116480  
2026-06-29 18:22:18 WARN  (DecompileCallback) Decompiling 04116488, pcode error at 04116488: Unable to disassemble EXTERNAL block location: 04116488  
2026-06-29 18:22:18 WARN  (DecompileCallback) Decompiling 04116490, pcode error at 04116490: Unable to disassemble EXTERNAL block location: 04116490  
2026-06-29 18:22:18 WARN  (DecompileCallback) Decompiling 04116498, pcode error at 04116498: Unable to disassemble EXTERNAL block location: 04116498  
2026-06-29 18:22:18 WARN  (DecompileCallback) Decompiling 041164a0, pcode error at 041164a0: Unable to disassemble EXTERNAL block location: 041164a0  
2026-06-29 18:22:18 WARN  (DecompileCallback) Decompiling 041164a8, pcode error at 041164a8: Unable to disassemble EXTERNAL block location: 041164a8  
2026-06-29 18:22:18 WARN  (DecompileCallback) Decompiling 041164b0, pcode error at 041164b0: Unable to disassemble EXTERNAL block location: 041164b0  
2026-06-29 18:22:18 WARN  (DecompileCallback) Decompiling 041164b8, pcode error at 041164b8: Unable to disassemble EXTERNAL block location: 041164b8  
2026-06-29 18:22:18 WARN  (DecompileCallback) Decompiling 041164c0, pcode error at 041164c0: Unable to disassemble EXTERNAL block location: 041164c0  
2026-06-29 18:22:18 WARN  (DecompileCallback) Decompiling 041164c8, pcode error at 041164c8: Unable to disassemble EXTERNAL block location: 041164c8  
2026-06-29 18:22:18 WARN  (DecompileCallback) Decompiling 041164d0, pcode error at 041164d0: Unable to disassemble EXTERNAL block location: 041164d0  
2026-06-29 18:22:18 WARN  (DecompileCallback) Decompiling 041164d8, pcode error at 041164d8: Unable to disassemble EXTERNAL block location: 041164d8  
2026-06-29 18:22:18 WARN  (DecompileCallback) Decompiling 041164e0, pcode error at 041164e0: Unable to disassemble EXTERNAL block location: 041164e0  
2026-06-29 18:22:18 WARN  (DecompileCallback) Decompiling 041164e8, pcode error at 041164e8: Unable to disassemble EXTERNAL block location: 041164e8  
2026-06-29 18:22:18 WARN  (DecompileCallback) Decompiling 041164f0, pcode error at 041164f0: Unable to disassemble EXTERNAL block location: 041164f0  
2026-06-29 18:22:18 WARN  (DecompileCallback) Decompiling 041164f8, pcode error at 041164f8: Unable to disassemble EXTERNAL block location: 041164f8  
2026-06-29 18:22:18 WARN  (DecompileCallback) Decompiling 04116500, pcode error at 04116500: Unable to disassemble EXTERNAL block location: 04116500  
2026-06-29 18:22:18 WARN  (DecompileCallback) Decompiling 04116508, pcode error at 04116508: Unable to disassemble EXTERNAL block location: 04116508  
2026-06-29 18:22:18 WARN  (DecompileCallback) Decompiling 04116510, pcode error at 04116510: Unable to disassemble EXTERNAL block location: 04116510  
2026-06-29 18:22:18 WARN  (DecompileCallback) Decompiling 04116518, pcode error at 04116518: Unable to disassemble EXTERNAL block location: 04116518  
2026-06-29 18:22:18 WARN  (DecompileCallback) Decompiling 04116520, pcode error at 04116520: Unable to disassemble EXTERNAL block location: 04116520  
2026-06-29 18:22:18 WARN  (DecompileCallback) Decompiling 04116528, pcode error at 04116528: Unable to disassemble EXTERNAL block location: 04116528  
2026-06-29 18:22:18 WARN  (DecompileCallback) Decompiling 04116530, pcode error at 04116530: Unable to disassemble EXTERNAL block location: 04116530  
2026-06-29 18:22:18 WARN  (DecompileCallback) Decompiling 04116538, pcode error at 04116538: Unable to disassemble EXTERNAL block location: 04116538  
2026-06-29 18:22:18 WARN  (DecompileCallback) Decompiling 04116540, pcode error at 04116540: Unable to disassemble EXTERNAL block location: 04116540  
2026-06-29 18:22:19 WARN  (DecompileCallback) Decompiling 04116548, pcode error at 04116548: Unable to disassemble EXTERNAL block location: 04116548  
2026-06-29 18:22:19 WARN  (DecompileCallback) Decompiling 04116550, pcode error at 04116550: Unable to disassemble EXTERNAL block location: 04116550  
2026-06-29 18:22:19 WARN  (DecompileCallback) Decompiling 04116558, pcode error at 04116558: Unable to disassemble EXTERNAL block location: 04116558  
2026-06-29 18:22:19 WARN  (DecompileCallback) Decompiling 04116560, pcode error at 04116560: Unable to disassemble EXTERNAL block location: 04116560  
2026-06-29 18:22:19 WARN  (DecompileCallback) Decompiling 04116568, pcode error at 04116568: Unable to disassemble EXTERNAL block location: 04116568  
2026-06-29 18:22:19 WARN  (DecompileCallback) Decompiling 04116570, pcode error at 04116570: Unable to disassemble EXTERNAL block location: 04116570  
2026-06-29 18:22:19 WARN  (DecompileCallback) Decompiling 04116578, pcode error at 04116578: Unable to disassemble EXTERNAL block location: 04116578  
2026-06-29 18:22:19 WARN  (DecompileCallback) Decompiling 04116580, pcode error at 04116580: Unable to disassemble EXTERNAL block location: 04116580  
2026-06-29 18:22:19 WARN  (DecompileCallback) Decompiling 04116588, pcode error at 04116588: Unable to disassemble EXTERNAL block location: 04116588  
2026-06-29 18:22:19 WARN  (DecompileCallback) Decompiling 04116590, pcode error at 04116590: Unable to disassemble EXTERNAL block location: 04116590  
2026-06-29 18:22:19 WARN  (DecompileCallback) Decompiling 04116598, pcode error at 04116598: Unable to disassemble EXTERNAL block location: 04116598  
2026-06-29 18:22:19 WARN  (DecompileCallback) Decompiling 041165a0, pcode error at 041165a0: Unable to disassemble EXTERNAL block location: 041165a0  
2026-06-29 18:22:19 WARN  (DecompileCallback) Decompiling 041165a8, pcode error at 041165a8: Unable to disassemble EXTERNAL block location: 041165a8  
2026-06-29 18:22:19 WARN  (DecompileCallback) Decompiling 041165b0, pcode error at 041165b0: Unable to disassemble EXTERNAL block location: 041165b0  
2026-06-29 18:22:19 WARN  (DecompileCallback) Decompiling 041165b8, pcode error at 041165b8: Unable to disassemble EXTERNAL block location: 041165b8  
2026-06-29 18:22:19 WARN  (DecompileCallback) Decompiling 041165c0, pcode error at 041165c0: Unable to disassemble EXTERNAL block location: 041165c0  
2026-06-29 18:22:19 WARN  (DecompileCallback) Decompiling 041165c8, pcode error at 041165c8: Unable to disassemble EXTERNAL block location: 041165c8  
2026-06-29 18:22:19 WARN  (DecompileCallback) Decompiling 041165d0, pcode error at 041165d0: Unable to disassemble EXTERNAL block location: 041165d0  
2026-06-29 18:22:19 WARN  (DecompileCallback) Decompiling 041165d8, pcode error at 041165d8: Unable to disassemble EXTERNAL block location: 041165d8  
2026-06-29 18:22:19 WARN  (DecompileCallback) Decompiling 041165e0, pcode error at 041165e0: Unable to disassemble EXTERNAL block location: 041165e0  
2026-06-29 18:22:19 WARN  (DecompileCallback) Decompiling 041165e8, pcode error at 041165e8: Unable to disassemble EXTERNAL block location: 041165e8  
2026-06-29 18:22:19 WARN  (DecompileCallback) Decompiling 041165f0, pcode error at 041165f0: Unable to disassemble EXTERNAL block location: 041165f0  
2026-06-29 18:22:19 WARN  (DecompileCallback) Decompiling 041165f8, pcode error at 041165f8: Unable to disassemble EXTERNAL block location: 041165f8  
2026-06-29 18:22:19 WARN  (DecompileCallback) Decompiling 04116600, pcode error at 04116600: Unable to disassemble EXTERNAL block location: 04116600  
2026-06-29 18:22:19 WARN  (DecompileCallback) Decompiling 04116608, pcode error at 04116608: Unable to disassemble EXTERNAL block location: 04116608  
2026-06-29 18:22:19 WARN  (DecompileCallback) Decompiling 04116610, pcode error at 04116610: Unable to disassemble EXTERNAL block location: 04116610  
2026-06-29 18:22:19 WARN  (DecompileCallback) Decompiling 04116618, pcode error at 04116618: Unable to disassemble EXTERNAL block location: 04116618  
2026-06-29 18:22:19 WARN  (DecompileCallback) Decompiling 04116620, pcode error at 04116620: Unable to disassemble EXTERNAL block location: 04116620  
2026-06-29 18:22:19 WARN  (DecompileCallback) Decompiling 04116628, pcode error at 04116628: Unable to disassemble EXTERNAL block location: 04116628  
2026-06-29 18:22:19 WARN  (DecompileCallback) Decompiling 04116630, pcode error at 04116630: Unable to disassemble EXTERNAL block location: 04116630  
2026-06-29 18:22:19 WARN  (DecompileCallback) Decompiling 04116638, pcode error at 04116638: Unable to disassemble EXTERNAL block location: 04116638  
2026-06-29 18:22:19 WARN  (DecompileCallback) Decompiling 04116640, pcode error at 04116640: Unable to disassemble EXTERNAL block location: 04116640  
2026-06-29 18:22:19 WARN  (DecompileCallback) Decompiling 04116648, pcode error at 04116648: Unable to disassemble EXTERNAL block location: 04116648  
2026-06-29 18:22:19 WARN  (DecompileCallback) Decompiling 04116650, pcode error at 04116650: Unable to disassemble EXTERNAL block location: 04116650  
2026-06-29 18:22:19 WARN  (DecompileCallback) Decompiling 04116658, pcode error at 04116658: Unable to disassemble EXTERNAL block location: 04116658  
2026-06-29 18:22:19 WARN  (DecompileCallback) Decompiling 04116660, pcode error at 04116660: Unable to disassemble EXTERNAL block location: 04116660  
2026-06-29 18:22:19 WARN  (DecompileCallback) Decompiling 04116668, pcode error at 04116668: Unable to disassemble EXTERNAL block location: 04116668  
2026-06-29 18:22:19 WARN  (DecompileCallback) Decompiling 04116670, pcode error at 04116670: Unable to disassemble EXTERNAL block location: 04116670  
2026-06-29 18:22:19 WARN  (DecompileCallback) Decompiling 04116678, pcode error at 04116678: Unable to disassemble EXTERNAL block location: 04116678  
2026-06-29 18:22:19 WARN  (DecompileCallback) Decompiling 04116680, pcode error at 04116680: Unable to disassemble EXTERNAL block location: 04116680  
2026-06-29 18:22:19 WARN  (DecompileCallback) Decompiling 04116688, pcode error at 04116688: Unable to disassemble EXTERNAL block location: 04116688  
2026-06-29 18:22:19 WARN  (DecompileCallback) Decompiling 04116690, pcode error at 04116690: Unable to disassemble EXTERNAL block location: 04116690  
2026-06-29 18:22:19 WARN  (DecompileCallback) Decompiling 04116698, pcode error at 04116698: Unable to disassemble EXTERNAL block location: 04116698  
2026-06-29 18:22:19 WARN  (DecompileCallback) Decompiling 041166a0, pcode error at 041166a0: Unable to disassemble EXTERNAL block location: 041166a0  
2026-06-29 18:22:19 WARN  (DecompileCallback) Decompiling 041166a8, pcode error at 041166a8: Unable to disassemble EXTERNAL block location: 041166a8  
2026-06-29 18:22:19 WARN  (DecompileCallback) Decompiling 041166b0, pcode error at 041166b0: Unable to disassemble EXTERNAL block location: 041166b0  
2026-06-29 18:22:19 WARN  (DecompileCallback) Decompiling 041166b8, pcode error at 041166b8: Unable to disassemble EXTERNAL block location: 041166b8  
2026-06-29 18:22:19 WARN  (DecompileCallback) Decompiling 041166c0, pcode error at 041166c0: Unable to disassemble EXTERNAL block location: 041166c0  
2026-06-29 18:22:19 WARN  (DecompileCallback) Decompiling 041166c8, pcode error at 041166c8: Unable to disassemble EXTERNAL block location: 041166c8  
2026-06-29 18:22:19 WARN  (DecompileCallback) Decompiling 041166d0, pcode error at 041166d0: Unable to disassemble EXTERNAL block location: 041166d0  
2026-06-29 18:22:19 WARN  (DecompileCallback) Decompiling 041166d8, pcode error at 041166d8: Unable to disassemble EXTERNAL block location: 041166d8  
2026-06-29 18:22:19 WARN  (DecompileCallback) Decompiling 041166e0, pcode error at 041166e0: Unable to disassemble EXTERNAL block location: 041166e0  
2026-06-29 18:22:19 WARN  (DecompileCallback) Decompiling 041166e8, pcode error at 041166e8: Unable to disassemble EXTERNAL block location: 041166e8  
2026-06-29 18:22:19 WARN  (DecompileCallback) Decompiling 041166f0, pcode error at 041166f0: Unable to disassemble EXTERNAL block location: 041166f0  
2026-06-29 18:22:19 WARN  (DecompileCallback) Decompiling 041166f8, pcode error at 041166f8: Unable to disassemble EXTERNAL block location: 041166f8  
2026-06-29 18:22:19 WARN  (DecompileCallback) Decompiling 04116700, pcode error at 04116700: Unable to disassemble EXTERNAL block location: 04116700  
2026-06-29 18:22:19 WARN  (DecompileCallback) Decompiling 04116708, pcode error at 04116708: Unable to disassemble EXTERNAL block location: 04116708  
2026-06-29 18:22:19 WARN  (DecompileCallback) Decompiling 04116710, pcode error at 04116710: Unable to disassemble EXTERNAL block location: 04116710  
2026-06-29 18:22:19 WARN  (DecompileCallback) Decompiling 04116718, pcode error at 04116718: Unable to disassemble EXTERNAL block location: 04116718  
2026-06-29 18:22:19 WARN  (DecompileCallback) Decompiling 04116720, pcode error at 04116720: Unable to disassemble EXTERNAL block location: 04116720  
2026-06-29 18:22:19 WARN  (DecompileCallback) Decompiling 04116728, pcode error at 04116728: Unable to disassemble EXTERNAL block location: 04116728  
2026-06-29 18:22:19 WARN  (DecompileCallback) Decompiling 04116730, pcode error at 04116730: Unable to disassemble EXTERNAL block location: 04116730  
2026-06-29 18:22:19 WARN  (DecompileCallback) Decompiling 04116738, pcode error at 04116738: Unable to disassemble EXTERNAL block location: 04116738  
2026-06-29 18:22:19 WARN  (DecompileCallback) Decompiling 04116740, pcode error at 04116740: Unable to disassemble EXTERNAL block location: 04116740  
2026-06-29 18:22:19 WARN  (DecompileCallback) Decompiling 04116748, pcode error at 04116748: Unable to disassemble EXTERNAL block location: 04116748  
2026-06-29 18:22:19 WARN  (DecompileCallback) Decompiling 04116750, pcode error at 04116750: Unable to disassemble EXTERNAL block location: 04116750  
2026-06-29 18:22:19 WARN  (DecompileCallback) Decompiling 04116758, pcode error at 04116758: Unable to disassemble EXTERNAL block location: 04116758  
2026-06-29 18:22:19 WARN  (DecompileCallback) Decompiling 04116760, pcode error at 04116760: Unable to disassemble EXTERNAL block location: 04116760  
2026-06-29 18:22:19 WARN  (DecompileCallback) Decompiling 04116768, pcode error at 04116768: Unable to disassemble EXTERNAL block location: 04116768  
2026-06-29 18:22:19 WARN  (DecompileCallback) Decompiling 04116770, pcode error at 04116770: Unable to disassemble EXTERNAL block location: 04116770  
2026-06-29 18:22:19 WARN  (DecompileCallback) Decompiling 04116778, pcode error at 04116778: Unable to disassemble EXTERNAL block location: 04116778  
2026-06-29 18:22:19 WARN  (DecompileCallback) Decompiling 04116780, pcode error at 04116780: Unable to disassemble EXTERNAL block location: 04116780  
2026-06-29 18:22:19 WARN  (DecompileCallback) Decompiling 04116788, pcode error at 04116788: Unable to disassemble EXTERNAL block location: 04116788  
2026-06-29 18:22:19 WARN  (DecompileCallback) Decompiling 04116790, pcode error at 04116790: Unable to disassemble EXTERNAL block location: 04116790  
2026-06-29 18:22:19 WARN  (DecompileCallback) Decompiling 04116798, pcode error at 04116798: Unable to disassemble EXTERNAL block location: 04116798  
2026-06-29 18:22:19 WARN  (DecompileCallback) Decompiling 041167a0, pcode error at 041167a0: Unable to disassemble EXTERNAL block location: 041167a0  
2026-06-29 18:22:19 WARN  (DecompileCallback) Decompiling 041167a8, pcode error at 041167a8: Unable to disassemble EXTERNAL block location: 041167a8  
2026-06-29 18:22:19 WARN  (DecompileCallback) Decompiling 041167b0, pcode error at 041167b0: Unable to disassemble EXTERNAL block location: 041167b0  
2026-06-29 18:22:19 WARN  (DecompileCallback) Decompiling 041167b8, pcode error at 041167b8: Unable to disassemble EXTERNAL block location: 041167b8  
2026-06-29 18:22:19 WARN  (DecompileCallback) Decompiling 041167c0, pcode error at 041167c0: Unable to disassemble EXTERNAL block location: 041167c0  
2026-06-29 18:22:19 WARN  (DecompileCallback) Decompiling 041167c8, pcode error at 041167c8: Unable to disassemble EXTERNAL block location: 041167c8  
2026-06-29 18:22:19 WARN  (DecompileCallback) Decompiling 041167d0, pcode error at 041167d0: Unable to disassemble EXTERNAL block location: 041167d0  
2026-06-29 18:22:19 WARN  (DecompileCallback) Decompiling 041167e0, pcode error at 041167e0: Unable to disassemble EXTERNAL block location: 041167e0  
2026-06-29 18:22:19 WARN  (DecompileCallback) Decompiling 041167e8, pcode error at 041167e8: Unable to disassemble EXTERNAL block location: 041167e8  
2026-06-29 18:22:19 WARN  (DecompileCallback) Decompiling 041167f0, pcode error at 041167f0: Unable to disassemble EXTERNAL block location: 041167f0  
2026-06-29 18:22:19 WARN  (DecompileCallback) Decompiling 041167f8, pcode error at 041167f8: Unable to disassemble EXTERNAL block location: 041167f8  
2026-06-29 18:22:19 WARN  (DecompileCallback) Decompiling 04116800, pcode error at 04116800: Unable to disassemble EXTERNAL block location: 04116800  
2026-06-29 18:22:19 WARN  (DecompileCallback) Decompiling 04116808, pcode error at 04116808: Unable to disassemble EXTERNAL block location: 04116808  
2026-06-29 18:22:19 WARN  (DecompileCallback) Decompiling 04116810, pcode error at 04116810: Unable to disassemble EXTERNAL block location: 04116810  
2026-06-29 18:22:19 WARN  (DecompileCallback) Decompiling 04116818, pcode error at 04116818: Unable to disassemble EXTERNAL block location: 04116818  
2026-06-29 18:22:19 INFO  (GhidraScript) ScanAndExportEyePatterns.java> Scan/export complete.  
2026-06-29 18:22:19 INFO  (GhidraScript) ScanAndExportEyePatterns.java> Total functions scanned: 253489  
2026-06-29 18:22:19 INFO  (GhidraScript) ScanAndExportEyePatterns.java> Matches exported: 0  
2026-06-29 18:22:19 INFO  (GhidraScript) ScanAndExportEyePatterns.java> Decompile failures: 2  
2026-06-29 18:22:19 INFO  (GhidraScript) ScanAndExportEyePatterns.java> Report CSV: C:\realDesktop\manifest-evaluations\summer-26\ghidra-pipeline\il2cpp-files\FruitBladeVR\eye-pattern-results\eye_pattern_report.csv  
2026-06-29 18:22:19 INFO  (GhidraScript) ScanAndExportEyePatterns.java> Report JSON: C:\realDesktop\manifest-evaluations\summer-26\ghidra-pipeline\il2cpp-files\FruitBladeVR\eye-pattern-results\eye_pattern_report.json  
2026-06-29 18:22:19 INFO  (HeadlessAnalyzer) REPORT: Save succeeded for processed file: /FruitBladeVR-libil2cpp.so  
2026-07-06 11:19:04 INFO  (LoggingInitialization) Using log config file: jar:file:/C:/Users/kimgiordano27/Downloads/ghidra_12.1.2_PUBLIC_20260605/ghidra_12.1.2_PUBLIC/Ghidra/Framework/Generic/lib/Generic.jar!/generic.log4j.xml  
2026-07-06 11:19:04 INFO  (LoggingInitialization) Using log file: C:\realDesktop\manifest-evaluations\summer-26\ghidra-pipeline\il2cpp-files\FruitBladeVR\scan-eye-patterns-ghidra.log  
2026-07-06 11:19:04 DEBUG (GhidraObjectInputFilter) Including serial input filter: FileSystem/data/client.rmi.serial.filter  
2026-07-06 11:19:04 INFO  (Preferences) Loading user preferences: C:\Users\kimgiordano27\AppData\Roaming\ghidra\ghidra_12.1.2_PUBLIC\preferences  
2026-07-06 11:19:04 INFO  (ClassSearcher) Searching for classes...  
2026-07-06 11:19:05 INFO  (ClassSearcher) Class search complete (715 ms)  
2026-07-06 11:19:05 INFO  (DefaultSSLContextInitializer) Initializing SSL Context  
2026-07-06 11:19:05 INFO  (SecureRandomFactory) Initializing Random Number Generator...  
2026-07-06 11:19:05 INFO  (SecureRandomFactory) Random Number Generator initialization complete: SHA1PRNG  
2026-07-06 11:19:05 INFO  (DefaultTrustManagerFactory) Trust manager disabled, cacerts have not been set  
2026-07-06 11:19:05 INFO  (FileCacheMaintenanceDaemon) Starting cache cleanup: C:\Users\kimgiordano27\AppData\Local\ghidra\fscache2  
2026-07-06 11:19:05 INFO  (FileCacheMaintenanceDaemon) Finished cache cleanup, estimated storage used: 0  
2026-07-06 11:19:05 INFO  (AnalyzeHeadless) Headless startup complete (6849 ms)  
2026-07-06 11:19:06 INFO  (ClassSearcher) Class searcher loaded 59 extension points (20 false positives)  
2026-07-06 11:19:06 INFO  (HeadlessAnalyzer) HEADLESS Script Paths:
    C:\Users\kimgiordano27\Downloads\ghidra_12.1.2_PUBLIC_20260605\ghidra_12.1.2_PUBLIC\Ghidra\Features\DecompilerDependent\ghidra_scripts
    C:\Users\kimgiordano27\Downloads\ghidra_12.1.2_PUBLIC_20260605\ghidra_12.1.2_PUBLIC\Ghidra\Processors\Atmel\ghidra_scripts
    C:\Users\kimgiordano27\Downloads\ghidra_12.1.2_PUBLIC_20260605\ghidra_12.1.2_PUBLIC\Ghidra\Processors\PIC\ghidra_scripts
    C:\Users\kimgiordano27\Downloads\ghidra_12.1.2_PUBLIC_20260605\ghidra_12.1.2_PUBLIC\Ghidra\Features\VersionTracking\ghidra_scripts
    C:\Users\kimgiordano27\Downloads\ghidra_12.1.2_PUBLIC_20260605\ghidra_12.1.2_PUBLIC\Ghidra\Features\BytePatterns\ghidra_scripts
    C:\Users\kimgiordano27\ghidra_scripts
    C:\Users\kimgiordano27\Downloads\ghidra_12.1.2_PUBLIC_20260605\ghidra_12.1.2_PUBLIC\Ghidra\Features\BSim\ghidra_scripts
    C:\realDesktop\manifest-evaluations\summer-26\ghidra-pipeline\ghidra-export-scripts
    C:\Users\kimgiordano27\Downloads\ghidra_12.1.2_PUBLIC_20260605\ghidra_12.1.2_PUBLIC\Ghidra\Processors\JVM\ghidra_scripts
    C:\Users\kimgiordano27\Downloads\ghidra_12.1.2_PUBLIC_20260605\ghidra_12.1.2_PUBLIC\Ghidra\Features\Base\ghidra_scripts
    C:\Users\kimgiordano27\Downloads\ghidra_12.1.2_PUBLIC_20260605\ghidra_12.1.2_PUBLIC\Ghidra\Features\SwiftDemangler\ghidra_scripts
    C:\Users\kimgiordano27\Downloads\ghidra_12.1.2_PUBLIC_20260605\ghidra_12.1.2_PUBLIC\Ghidra\Features\WildcardAssembler\ghidra_scripts
    C:\Users\kimgiordano27\Downloads\ghidra_12.1.2_PUBLIC_20260605\ghidra_12.1.2_PUBLIC\Ghidra\Features\FileFormats\ghidra_scripts
    C:\Users\kimgiordano27\Downloads\ghidra_12.1.2_PUBLIC_20260605\ghidra_12.1.2_PUBLIC\Ghidra\Features\Decompiler\ghidra_scripts
    C:\Users\kimgiordano27\Downloads\ghidra_12.1.2_PUBLIC_20260605\ghidra_12.1.2_PUBLIC\Ghidra\Features\SystemEmulation\ghidra_scripts
    C:\Users\kimgiordano27\Downloads\ghidra_12.1.2_PUBLIC_20260605\ghidra_12.1.2_PUBLIC\Ghidra\Processors\8051\ghidra_scripts
    C:\Users\kimgiordano27\Downloads\ghidra_12.1.2_PUBLIC_20260605\ghidra_12.1.2_PUBLIC\Ghidra\Features\GnuDemangler\ghidra_scripts
    C:\Users\kimgiordano27\Downloads\ghidra_12.1.2_PUBLIC_20260605\ghidra_12.1.2_PUBLIC\Ghidra\Debug\Debugger\ghidra_scripts
    C:\Users\kimgiordano27\Downloads\ghidra_12.1.2_PUBLIC_20260605\ghidra_12.1.2_PUBLIC\Ghidra\Processors\DATA\ghidra_scripts
    C:\Users\kimgiordano27\Downloads\ghidra_12.1.2_PUBLIC_20260605\ghidra_12.1.2_PUBLIC\Ghidra\Debug\Debugger-rmi-trace\ghidra_scripts
    C:\Users\kimgiordano27\Downloads\ghidra_12.1.2_PUBLIC_20260605\ghidra_12.1.2_PUBLIC\Ghidra\Features\FunctionID\ghidra_scripts
    C:\Users\kimgiordano27\Downloads\ghidra_12.1.2_PUBLIC_20260605\ghidra_12.1.2_PUBLIC\Ghidra\Features\MicrosoftCodeAnalyzer\ghidra_scripts
    C:\Users\kimgiordano27\Downloads\ghidra_12.1.2_PUBLIC_20260605\ghidra_12.1.2_PUBLIC\Ghidra\Features\PDB\ghidra_scripts
    C:\Users\kimgiordano27\AppData\Roaming\ghidra\ghidra_12.1.2_PUBLIC\Extensions\Jython\ghidra_scripts
    C:\Users\kimgiordano27\Downloads\ghidra_12.1.2_PUBLIC_20260605\ghidra_12.1.2_PUBLIC\Ghidra\Features\PyGhidra\ghidra_scripts  
2026-07-06 11:19:06 INFO  (HeadlessAnalyzer) HEADLESS: execution starts  
2026-07-06 11:19:06 INFO  (HeadlessAnalyzer) Opening existing project: C:\realDesktop\manifest-evaluations\summer-26\ghidra-pipeline\il2cpp-files\FruitBladeVR\ghidra-project\FruitBladeVR  
2026-07-06 11:19:06 INFO  (HeadlessProject) Opening project: C:\realDesktop\manifest-evaluations\summer-26\ghidra-pipeline\il2cpp-files\FruitBladeVR\ghidra-project\FruitBladeVR  
2026-07-06 11:19:08 INFO  (HeadlessAnalyzer) REPORT: Processing project file: /FruitBladeVR-libil2cpp.so  
2026-07-06 11:19:08 INFO  (HeadlessAnalyzer) REPORT: Execute script: ScanAndExportEyePatterns.java 'C:\realDesktop\manifest-evaluations\summer-26\ghidra-pipeline\il2cpp-files\FruitBladeVR\eye-pattern-results' '60' ' '   
2026-07-06 11:19:09 INFO  (HeadlessAnalyzer) SCRIPT: C:\realDesktop\manifest-evaluations\summer-26\ghidra-pipeline\ghidra-export-scripts\ScanAndExportEyePatterns.java  
2026-07-06 11:19:09 INFO  (GhidraScript) ScanAndExportEyePatterns.java> Scanning functions for eye-tracking patterns...  
2026-07-06 11:19:09 INFO  (GhidraScript) ScanAndExportEyePatterns.java> Output: C:\realDesktop\manifest-evaluations\summer-26\ghidra-pipeline\il2cpp-files\FruitBladeVR\eye-pattern-results  
2026-07-06 11:19:09 INFO  (GhidraScript) ScanAndExportEyePatterns.java> Minimum score: 60  
2026-07-06 11:19:10 INFO  (GhidraScript) ScanAndExportEyePatterns.java> Scanned 500 functions. Matches so far: 0  
2026-07-06 11:19:11 INFO  (GhidraScript) ScanAndExportEyePatterns.java> Scanned 1000 functions. Matches so far: 0  
2026-07-06 11:19:12 INFO  (GhidraScript) ScanAndExportEyePatterns.java> Scanned 1500 functions. Matches so far: 0  
2026-07-06 11:19:13 INFO  (GhidraScript) ScanAndExportEyePatterns.java> Scanned 2000 functions. Matches so far: 0  
2026-07-06 11:19:14 INFO  (GhidraScript) ScanAndExportEyePatterns.java> Scanned 2500 functions. Matches so far: 0  
2026-07-06 11:19:14 INFO  (GhidraScript) ScanAndExportEyePatterns.java> Scanned 3000 functions. Matches so far: 0  
2026-07-06 11:19:15 INFO  (GhidraScript) ScanAndExportEyePatterns.java> Scanned 3500 functions. Matches so far: 0  
2026-07-06 11:19:16 INFO  (GhidraScript) ScanAndExportEyePatterns.java> Scanned 4000 functions. Matches so far: 0  
2026-07-06 11:19:16 INFO  (GhidraScript) ScanAndExportEyePatterns.java> Scanned 4500 functions. Matches so far: 0  
2026-07-06 11:19:17 INFO  (GhidraScript) ScanAndExportEyePatterns.java> Scanned 5000 functions. Matches so far: 0  
2026-07-06 11:19:17 INFO  (GhidraScript) ScanAndExportEyePatterns.java> Scanned 5500 functions. Matches so far: 0  
2026-07-06 11:19:18 INFO  (GhidraScript) ScanAndExportEyePatterns.java> Scanned 6000 functions. Matches so far: 0  
2026-07-06 11:19:19 INFO  (GhidraScript) ScanAndExportEyePatterns.java> Scanned 6500 functions. Matches so far: 0  
2026-07-06 11:19:20 INFO  (GhidraScript) ScanAndExportEyePatterns.java> Scanned 7000 functions. Matches so far: 0  
2026-07-06 11:19:21 INFO  (GhidraScript) ScanAndExportEyePatterns.java> Scanned 7500 functions. Matches so far: 0  
2026-07-06 11:19:21 INFO  (GhidraScript) ScanAndExportEyePatterns.java> Scanned 8000 functions. Matches so far: 0  
2026-07-06 11:19:22 INFO  (GhidraScript) ScanAndExportEyePatterns.java> Scanned 8500 functions. Matches so far: 0  
2026-07-06 11:19:23 INFO  (GhidraScript) ScanAndExportEyePatterns.java> Scanned 9000 functions. Matches so far: 0  
2026-07-06 11:19:24 INFO  (GhidraScript) ScanAndExportEyePatterns.java> Scanned 9500 functions. Matches so far: 0  
2026-07-06 11:19:25 INFO  (GhidraScript) ScanAndExportEyePatterns.java> Scanned 10000 functions. Matches so far: 0  
2026-07-06 11:19:26 INFO  (GhidraScript) ScanAndExportEyePatterns.java> Scanned 10500 functions. Matches so far: 0  
2026-07-06 11:19:26 INFO  (GhidraScript) ScanAndExportEyePatterns.java> Scanned 11000 functions. Matches so far: 0  
2026-07-06 11:19:27 INFO  (GhidraScript) ScanAndExportEyePatterns.java> Scanned 11500 functions. Matches so far: 0  
2026-07-06 11:19:27 INFO  (GhidraScript) ScanAndExportEyePatterns.java> Scanned 12000 functions. Matches so far: 0  
2026-07-06 11:19:27 INFO  (GhidraScript) ScanAndExportEyePatterns.java> Scanned 12500 functions. Matches so far: 0  
2026-07-06 11:19:29 INFO  (GhidraScript) ScanAndExportEyePatterns.java> Scanned 13000 functions. Matches so far: 0  
2026-07-06 11:19:30 INFO  (GhidraScript) ScanAndExportEyePatterns.java> Scanned 13500 functions. Matches so far: 0  
2026-07-06 11:19:31 INFO  (GhidraScript) ScanAndExportEyePatterns.java> Scanned 14000 functions. Matches so far: 0  
2026-07-06 11:19:33 INFO  (GhidraScript) ScanAndExportEyePatterns.java> Scanned 14500 functions. Matches so far: 0  
2026-07-06 11:19:34 INFO  (GhidraScript) ScanAndExportEyePatterns.java> Scanned 15000 functions. Matches so far: 0  
2026-07-06 11:19:35 INFO  (GhidraScript) ScanAndExportEyePatterns.java> Scanned 15500 functions. Matches so far: 0  
2026-07-06 11:19:35 INFO  (GhidraScript) ScanAndExportEyePatterns.java> Scanned 16000 functions. Matches so far: 0  
2026-07-06 11:19:36 INFO  (GhidraScript) ScanAndExportEyePatterns.java> Scanned 16500 functions. Matches so far: 0  
2026-07-06 11:19:36 INFO  (GhidraScript) ScanAndExportEyePatterns.java> Scanned 17000 functions. Matches so far: 0  
2026-07-06 11:19:37 INFO  (GhidraScript) ScanAndExportEyePatterns.java> Scanned 17500 functions. Matches so far: 0  
2026-07-06 11:19:38 INFO  (GhidraScript) ScanAndExportEyePatterns.java> Scanned 18000 functions. Matches so far: 0  
2026-07-06 11:19:38 INFO  (GhidraScript) ScanAndExportEyePatterns.java> Scanned 18500 functions. Matches so far: 0  
2026-07-06 11:19:39 INFO  (GhidraScript) ScanAndExportEyePatterns.java> Scanned 19000 functions. Matches so far: 0  
2026-07-06 11:19:39 INFO  (GhidraScript) ScanAndExportEyePatterns.java> Scanned 19500 functions. Matches so far: 0  
2026-07-06 11:19:40 INFO  (GhidraScript) ScanAndExportEyePatterns.java> Scanned 20000 functions. Matches so far: 0  
2026-07-06 11:19:40 INFO  (GhidraScript) ScanAndExportEyePatterns.java> Scanned 20500 functions. Matches so far: 0  
2026-07-06 11:19:41 INFO  (GhidraScript) ScanAndExportEyePatterns.java> Scanned 21000 functions. Matches so far: 0  
2026-07-06 11:19:42 INFO  (GhidraScript) ScanAndExportEyePatterns.java> Scanned 21500 functions. Matches so far: 0  
2026-07-06 11:19:42 INFO  (GhidraScript) ScanAndExportEyePatterns.java> Scanned 22000 functions. Matches so far: 0  
2026-07-06 11:19:43 INFO  (GhidraScript) ScanAndExportEyePatterns.java> Scanned 22500 functions. Matches so far: 0  
2026-07-06 11:19:43 INFO  (GhidraScript) ScanAndExportEyePatterns.java> Scanned 23000 functions. Matches so far: 0  
2026-07-06 11:19:44 INFO  (GhidraScript) ScanAndExportEyePatterns.java> Scanned 23500 functions. Matches so far: 0  
2026-07-06 11:19:44 INFO  (GhidraScript) ScanAndExportEyePatterns.java> Scanned 24000 functions. Matches so far: 0  
2026-07-06 11:19:45 INFO  (GhidraScript) ScanAndExportEyePatterns.java> Scanned 24500 functions. Matches so far: 0  
2026-07-06 11:19:45 INFO  (GhidraScript) ScanAndExportEyePatterns.java> Scanned 25000 functions. Matches so far: 0  
2026-07-06 11:19:46 INFO  (GhidraScript) ScanAndExportEyePatterns.java> Scanned 25500 functions. Matches so far: 0  
2026-07-06 11:19:46 INFO  (GhidraScript) ScanAndExportEyePatterns.java> Scanned 26000 functions. Matches so far: 0  
2026-07-06 11:19:47 INFO  (GhidraScript) ScanAndExportEyePatterns.java> Scanned 26500 functions. Matches so far: 0  
2026-07-06 11:19:48 INFO  (GhidraScript) ScanAndExportEyePatterns.java> Scanned 27000 functions. Matches so far: 0  
2026-07-06 11:19:49 INFO  (GhidraScript) ScanAndExportEyePatterns.java> Scanned 27500 functions. Matches so far: 0  
2026-07-06 11:19:49 INFO  (GhidraScript) ScanAndExportEyePatterns.java> Scanned 28000 functions. Matches so far: 0  
2026-07-06 11:19:50 INFO  (GhidraScript) ScanAndExportEyePatterns.java> Scanned 28500 functions. Matches so far: 0  
2026-07-06 11:19:50 INFO  (GhidraScript) ScanAndExportEyePatterns.java> Scanned 29000 functions. Matches so far: 0  
2026-07-06 11:19:51 INFO  (GhidraScript) ScanAndExportEyePatterns.java> Scanned 29500 functions. Matches so far: 0  
2026-07-06 11:19:52 INFO  (GhidraScript) ScanAndExportEyePatterns.java> Scanned 30000 functions. Matches so far: 0  
2026-07-06 11:19:53 INFO  (GhidraScript) ScanAndExportEyePatterns.java> Scanned 30500 functions. Matches so far: 0  
2026-07-06 11:19:55 INFO  (GhidraScript) ScanAndExportEyePatterns.java> Scanned 31000 functions. Matches so far: 0  
2026-07-06 11:19:56 INFO  (GhidraScript) ScanAndExportEyePatterns.java> Scanned 31500 functions. Matches so far: 0  
2026-07-06 11:19:57 INFO  (GhidraScript) ScanAndExportEyePatterns.java> Scanned 32000 functions. Matches so far: 0  
2026-07-06 11:19:58 INFO  (GhidraScript) ScanAndExportEyePatterns.java> Scanned 32500 functions. Matches so far: 0  
2026-07-06 11:19:59 INFO  (GhidraScript) ScanAndExportEyePatterns.java> Scanned 33000 functions. Matches so far: 0  
2026-07-06 11:20:00 INFO  (GhidraScript) ScanAndExportEyePatterns.java> Scanned 33500 functions. Matches so far: 0  
2026-07-06 11:20:01 INFO  (GhidraScript) ScanAndExportEyePatterns.java> Scanned 34000 functions. Matches so far: 0  
2026-07-06 11:20:02 INFO  (GhidraScript) ScanAndExportEyePatterns.java> Scanned 34500 functions. Matches so far: 0  
2026-07-06 11:20:03 INFO  (GhidraScript) ScanAndExportEyePatterns.java> Scanned 35000 functions. Matches so far: 0  
2026-07-06 11:20:04 INFO  (GhidraScript) ScanAndExportEyePatterns.java> Scanned 35500 functions. Matches so far: 0  
2026-07-06 11:20:04 INFO  (GhidraScript) ScanAndExportEyePatterns.java> Scanned 36000 functions. Matches so far: 0  
2026-07-06 11:20:05 INFO  (GhidraScript) ScanAndExportEyePatterns.java> Scanned 36500 functions. Matches so far: 0  
2026-07-06 11:20:06 INFO  (GhidraScript) ScanAndExportEyePatterns.java> Scanned 37000 functions. Matches so far: 0  
2026-07-06 11:20:07 INFO  (GhidraScript) ScanAndExportEyePatterns.java> Scanned 37500 functions. Matches so far: 0  
2026-07-06 11:20:08 INFO  (GhidraScript) ScanAndExportEyePatterns.java> Scanned 38000 functions. Matches so far: 0  
2026-07-06 11:20:09 INFO  (GhidraScript) ScanAndExportEyePatterns.java> Scanned 38500 functions. Matches so far: 0  
2026-07-06 11:20:10 INFO  (GhidraScript) ScanAndExportEyePatterns.java> Scanned 39000 functions. Matches so far: 0  
2026-07-06 11:20:11 INFO  (GhidraScript) ScanAndExportEyePatterns.java> Scanned 39500 functions. Matches so far: 0  
2026-07-06 11:20:12 INFO  (GhidraScript) ScanAndExportEyePatterns.java> Scanned 40000 functions. Matches so far: 0  
2026-07-06 11:20:12 INFO  (GhidraScript) ScanAndExportEyePatterns.java> Scanned 40500 functions. Matches so far: 0  
2026-07-06 11:20:13 INFO  (GhidraScript) ScanAndExportEyePatterns.java> Scanned 41000 functions. Matches so far: 0  
2026-07-06 11:20:14 INFO  (GhidraScript) ScanAndExportEyePatterns.java> Scanned 41500 functions. Matches so far: 0  
2026-07-06 11:20:15 INFO  (GhidraScript) ScanAndExportEyePatterns.java> Scanned 42000 functions. Matches so far: 0  
2026-07-06 11:20:16 INFO  (GhidraScript) ScanAndExportEyePatterns.java> Scanned 42500 functions. Matches so far: 0  
2026-07-06 11:20:16 INFO  (GhidraScript) ScanAndExportEyePatterns.java> Scanned 43000 functions. Matches so far: 0  
2026-07-06 11:20:17 INFO  (GhidraScript) ScanAndExportEyePatterns.java> Scanned 43500 functions. Matches so far: 0  
2026-07-06 11:20:18 INFO  (GhidraScript) ScanAndExportEyePatterns.java> Scanned 44000 functions. Matches so far: 0  
2026-07-06 11:20:20 INFO  (GhidraScript) ScanAndExportEyePatterns.java> Scanned 44500 functions. Matches so far: 0  
2026-07-06 11:20:21 INFO  (GhidraScript) ScanAndExportEyePatterns.java> Scanned 45000 functions. Matches so far: 0  
2026-07-06 11:20:23 INFO  (GhidraScript) ScanAndExportEyePatterns.java> Scanned 45500 functions. Matches so far: 0  
2026-07-06 11:20:24 INFO  (GhidraScript) ScanAndExportEyePatterns.java> Scanned 46000 functions. Matches so far: 0  
2026-07-06 11:20:25 INFO  (GhidraScript) ScanAndExportEyePatterns.java> Scanned 46500 functions. Matches so far: 0  
2026-07-06 11:20:26 INFO  (GhidraScript) ScanAndExportEyePatterns.java> Scanned 47000 functions. Matches so far: 0  
2026-07-06 11:20:27 INFO  (GhidraScript) ScanAndExportEyePatterns.java> Scanned 47500 functions. Matches so far: 0  
2026-07-06 11:20:28 INFO  (GhidraScript) ScanAndExportEyePatterns.java> Scanned 48000 functions. Matches so far: 0  
2026-07-06 11:20:29 INFO  (GhidraScript) ScanAndExportEyePatterns.java> Scanned 48500 functions. Matches so far: 0  
2026-07-06 11:20:29 INFO  (GhidraScript) ScanAndExportEyePatterns.java> Scanned 49000 functions. Matches so far: 0  
2026-07-06 11:20:30 INFO  (GhidraScript) ScanAndExportEyePatterns.java> Scanned 49500 functions. Matches so far: 0  
2026-07-06 11:20:32 INFO  (GhidraScript) ScanAndExportEyePatterns.java> Scanned 50000 functions. Matches so far: 0  
2026-07-06 11:20:33 INFO  (GhidraScript) ScanAndExportEyePatterns.java> Scanned 50500 functions. Matches so far: 0  
2026-07-06 11:20:33 INFO  (GhidraScript) ScanAndExportEyePatterns.java> Scanned 51000 functions. Matches so far: 0  
2026-07-06 11:20:34 INFO  (GhidraScript) ScanAndExportEyePatterns.java> Scanned 51500 functions. Matches so far: 0  
2026-07-06 11:20:35 INFO  (GhidraScript) ScanAndExportEyePatterns.java> Scanned 52000 functions. Matches so far: 0  
2026-07-06 11:20:36 INFO  (GhidraScript) ScanAndExportEyePatterns.java> Scanned 52500 functions. Matches so far: 0  
2026-07-06 11:20:37 INFO  (GhidraScript) ScanAndExportEyePatterns.java> Scanned 53000 functions. Matches so far: 0  
2026-07-06 11:20:37 INFO  (GhidraScript) ScanAndExportEyePatterns.java> Scanned 53500 functions. Matches so far: 0  
2026-07-06 11:20:38 INFO  (GhidraScript) ScanAndExportEyePatterns.java> Scanned 54000 functions. Matches so far: 0  
2026-07-06 11:20:39 INFO  (GhidraScript) ScanAndExportEyePatterns.java> Scanned 54500 functions. Matches so far: 0  
2026-07-06 11:20:40 INFO  (GhidraScript) ScanAndExportEyePatterns.java> Scanned 55000 functions. Matches so far: 0  
2026-07-06 11:20:41 INFO  (GhidraScript) ScanAndExportEyePatterns.java> Scanned 55500 functions. Matches so far: 0  
2026-07-06 11:20:42 INFO  (GhidraScript) ScanAndExportEyePatterns.java> Scanned 56000 functions. Matches so far: 0  
2026-07-06 11:20:43 INFO  (GhidraScript) ScanAndExportEyePatterns.java> Scanned 56500 functions. Matches so far: 0  
2026-07-06 11:20:44 INFO  (GhidraScript) ScanAndExportEyePatterns.java> Scanned 57000 functions. Matches so far: 0  
2026-07-06 11:20:45 INFO  (GhidraScript) ScanAndExportEyePatterns.java> Scanned 57500 functions. Matches so far: 0  
2026-07-06 11:20:46 INFO  (GhidraScript) ScanAndExportEyePatterns.java> Scanned 58000 functions. Matches so far: 0  
2026-07-06 11:20:46 INFO  (GhidraScript) ScanAndExportEyePatterns.java> Scanned 58500 functions. Matches so far: 0  
2026-07-06 11:20:47 INFO  (GhidraScript) ScanAndExportEyePatterns.java> Scanned 59000 functions. Matches so far: 0  
2026-07-06 11:20:48 INFO  (GhidraScript) ScanAndExportEyePatterns.java> Scanned 59500 functions. Matches so far: 0  
2026-07-06 11:20:49 INFO  (GhidraScript) ScanAndExportEyePatterns.java> Scanned 60000 functions. Matches so far: 0  
2026-07-06 11:20:49 INFO  (GhidraScript) ScanAndExportEyePatterns.java> Scanned 60500 functions. Matches so far: 0  
2026-07-06 11:20:50 INFO  (GhidraScript) ScanAndExportEyePatterns.java> Scanned 61000 functions. Matches so far: 0  
2026-07-06 11:20:50 INFO  (GhidraScript) ScanAndExportEyePatterns.java> Scanned 61500 functions. Matches so far: 0  
2026-07-06 11:20:51 INFO  (GhidraScript) ScanAndExportEyePatterns.java> Scanned 62000 functions. Matches so far: 0  
2026-07-06 11:20:51 INFO  (GhidraScript) ScanAndExportEyePatterns.java> Scanned 62500 functions. Matches so far: 0  
2026-07-06 11:20:52 INFO  (GhidraScript) ScanAndExportEyePatterns.java> Scanned 63000 functions. Matches so far: 0  
2026-07-06 11:20:53 INFO  (GhidraScript) ScanAndExportEyePatterns.java> Scanned 63500 functions. Matches so far: 0  
2026-07-06 11:20:53 INFO  (GhidraScript) ScanAndExportEyePatterns.java> Scanned 64000 functions. Matches so far: 0  
2026-07-06 11:20:54 INFO  (GhidraScript) ScanAndExportEyePatterns.java> Scanned 64500 functions. Matches so far: 0  
2026-07-06 11:20:54 INFO  (GhidraScript) ScanAndExportEyePatterns.java> Scanned 65000 functions. Matches so far: 0  
2026-07-06 11:20:55 INFO  (GhidraScript) ScanAndExportEyePatterns.java> Scanned 65500 functions. Matches so far: 0  
2026-07-06 11:20:55 INFO  (GhidraScript) ScanAndExportEyePatterns.java> Scanned 66000 functions. Matches so far: 0  
2026-07-06 11:20:56 INFO  (GhidraScript) ScanAndExportEyePatterns.java> Scanned 66500 functions. Matches so far: 0  
2026-07-06 11:20:57 INFO  (GhidraScript) ScanAndExportEyePatterns.java> Scanned 67000 functions. Matches so far: 0  
2026-07-06 11:20:58 INFO  (GhidraScript) ScanAndExportEyePatterns.java> Scanned 67500 functions. Matches so far: 0  
2026-07-06 11:20:58 INFO  (GhidraScript) ScanAndExportEyePatterns.java> Scanned 68000 functions. Matches so far: 0  
2026-07-06 11:20:59 INFO  (GhidraScript) ScanAndExportEyePatterns.java> Scanned 68500 functions. Matches so far: 0  
2026-07-06 11:21:00 INFO  (GhidraScript) ScanAndExportEyePatterns.java> Scanned 69000 functions. Matches so far: 0  
2026-07-06 11:21:01 INFO  (GhidraScript) ScanAndExportEyePatterns.java> Scanned 69500 functions. Matches so far: 0  
2026-07-06 11:21:02 INFO  (GhidraScript) ScanAndExportEyePatterns.java> Scanned 70000 functions. Matches so far: 0  
2026-07-06 11:21:02 INFO  (GhidraScript) ScanAndExportEyePatterns.java> Scanned 70500 functions. Matches so far: 0  
2026-07-06 11:21:03 INFO  (GhidraScript) ScanAndExportEyePatterns.java> Scanned 71000 functions. Matches so far: 0  
2026-07-06 11:21:04 INFO  (GhidraScript) ScanAndExportEyePatterns.java> Scanned 71500 functions. Matches so far: 0  
2026-07-06 11:21:05 INFO  (GhidraScript) ScanAndExportEyePatterns.java> Scanned 72000 functions. Matches so far: 0  
2026-07-06 11:21:05 INFO  (GhidraScript) ScanAndExportEyePatterns.java> Scanned 72500 functions. Matches so far: 0  
2026-07-06 11:21:07 INFO  (GhidraScript) ScanAndExportEyePatterns.java> Scanned 73000 functions. Matches so far: 0  
2026-07-06 11:21:09 INFO  (GhidraScript) ScanAndExportEyePatterns.java> Scanned 73500 functions. Matches so far: 0  
2026-07-06 11:21:12 INFO  (GhidraScript) ScanAndExportEyePatterns.java> Scanned 74000 functions. Matches so far: 0  
2026-07-06 11:21:14 INFO  (GhidraScript) ScanAndExportEyePatterns.java> Scanned 74500 functions. Matches so far: 0  
2026-07-06 11:21:16 INFO  (GhidraScript) ScanAndExportEyePatterns.java> Scanned 75000 functions. Matches so far: 0  
2026-07-06 11:21:19 INFO  (GhidraScript) ScanAndExportEyePatterns.java> Scanned 75500 functions. Matches so far: 0  
2026-07-06 11:21:22 INFO  (GhidraScript) ScanAndExportEyePatterns.java> Scanned 76000 functions. Matches so far: 0  
2026-07-06 11:21:25 INFO  (GhidraScript) ScanAndExportEyePatterns.java> Scanned 76500 functions. Matches so far: 0  
2026-07-06 11:21:30 INFO  (GhidraScript) ScanAndExportEyePatterns.java> Scanned 77000 functions. Matches so far: 0  
2026-07-06 11:21:34 INFO  (GhidraScript) ScanAndExportEyePatterns.java> Scanned 77500 functions. Matches so far: 0  
2026-07-06 11:21:38 INFO  (GhidraScript) ScanAndExportEyePatterns.java> Scanned 78000 functions. Matches so far: 0  
2026-07-06 11:21:41 INFO  (GhidraScript) ScanAndExportEyePatterns.java> Scanned 78500 functions. Matches so far: 0  
2026-07-06 11:21:43 INFO  (GhidraScript) ScanAndExportEyePatterns.java> Scanned 79000 functions. Matches so far: 0  
2026-07-06 11:21:51 INFO  (GhidraScript) ScanAndExportEyePatterns.java> Scanned 79500 functions. Matches so far: 0  
2026-07-06 11:21:55 INFO  (GhidraScript) ScanAndExportEyePatterns.java> Scanned 80000 functions. Matches so far: 0  
2026-07-06 11:21:56 INFO  (GhidraScript) ScanAndExportEyePatterns.java> Scanned 80500 functions. Matches so far: 0  
2026-07-06 11:21:59 INFO  (GhidraScript) ScanAndExportEyePatterns.java> Scanned 81000 functions. Matches so far: 0  
2026-07-06 11:22:03 INFO  (GhidraScript) ScanAndExportEyePatterns.java> Scanned 81500 functions. Matches so far: 0  
2026-07-06 11:22:09 INFO  (GhidraScript) ScanAndExportEyePatterns.java> Scanned 82000 functions. Matches so far: 0  
2026-07-06 11:22:14 INFO  (GhidraScript) ScanAndExportEyePatterns.java> Scanned 82500 functions. Matches so far: 0  
2026-07-06 11:22:23 INFO  (GhidraScript) ScanAndExportEyePatterns.java> Scanned 83000 functions. Matches so far: 0  
2026-07-06 11:22:29 INFO  (GhidraScript) ScanAndExportEyePatterns.java> Scanned 83500 functions. Matches so far: 0  
2026-07-06 11:22:31 INFO  (GhidraScript) ScanAndExportEyePatterns.java> Scanned 84000 functions. Matches so far: 0  
2026-07-06 11:22:39 INFO  (GhidraScript) ScanAndExportEyePatterns.java> Scanned 84500 functions. Matches so far: 0  
2026-07-06 11:22:43 INFO  (GhidraScript) ScanAndExportEyePatterns.java> Scanned 85000 functions. Matches so far: 0  
2026-07-06 11:22:48 INFO  (GhidraScript) ScanAndExportEyePatterns.java> Scanned 85500 functions. Matches so far: 0  
2026-07-06 11:22:54 INFO  (GhidraScript) ScanAndExportEyePatterns.java> Scanned 86000 functions. Matches so far: 0  
2026-07-06 11:22:56 INFO  (GhidraScript) ScanAndExportEyePatterns.java> Scanned 86500 functions. Matches so far: 0  
2026-07-06 11:23:07 INFO  (GhidraScript) ScanAndExportEyePatterns.java> Scanned 87000 functions. Matches so far: 0  
2026-07-06 11:23:09 INFO  (GhidraScript) ScanAndExportEyePatterns.java> Scanned 87500 functions. Matches so far: 0  
2026-07-06 11:23:10 INFO  (GhidraScript) ScanAndExportEyePatterns.java> Scanned 88000 functions. Matches so far: 0  
2026-07-06 11:23:17 INFO  (GhidraScript) ScanAndExportEyePatterns.java> Scanned 88500 functions. Matches so far: 0  
2026-07-06 11:23:23 INFO  (GhidraScript) ScanAndExportEyePatterns.java> Scanned 89000 functions. Matches so far: 0  
2026-07-06 11:23:27 INFO  (GhidraScript) ScanAndExportEyePatterns.java> Scanned 89500 functions. Matches so far: 0  
2026-07-06 11:23:39 INFO  (GhidraScript) ScanAndExportEyePatterns.java> Scanned 90000 functions. Matches so far: 0  
2026-07-06 11:23:39 INFO  (GhidraScript) ScanAndExportEyePatterns.java> Scanned 90500 functions. Matches so far: 0  
2026-07-06 11:23:39 INFO  (GhidraScript) ScanAndExportEyePatterns.java> Scanned 91000 functions. Matches so far: 0  
2026-07-06 11:23:40 INFO  (GhidraScript) ScanAndExportEyePatterns.java> Scanned 91500 functions. Matches so far: 0  
2026-07-06 11:23:40 INFO  (GhidraScript) ScanAndExportEyePatterns.java> Scanned 92000 functions. Matches so far: 0  
2026-07-06 11:23:41 INFO  (GhidraScript) ScanAndExportEyePatterns.java> Scanned 92500 functions. Matches so far: 0  
2026-07-06 11:23:45 INFO  (GhidraScript) ScanAndExportEyePatterns.java> Scanned 93000 functions. Matches so far: 0  
2026-07-06 11:23:50 INFO  (GhidraScript) ScanAndExportEyePatterns.java> Scanned 93500 functions. Matches so far: 0  
2026-07-06 11:23:54 INFO  (GhidraScript) ScanAndExportEyePatterns.java> Scanned 94000 functions. Matches so far: 0  
2026-07-06 11:23:55 INFO  (GhidraScript) ScanAndExportEyePatterns.java> Scanned 94500 functions. Matches so far: 0  
2026-07-06 11:23:57 INFO  (GhidraScript) ScanAndExportEyePatterns.java> Scanned 95000 functions. Matches so far: 0  
2026-07-06 11:23:58 INFO  (GhidraScript) ScanAndExportEyePatterns.java> Scanned 95500 functions. Matches so far: 0  
2026-07-06 11:24:01 INFO  (GhidraScript) ScanAndExportEyePatterns.java> Scanned 96000 functions. Matches so far: 0  
2026-07-06 11:24:03 INFO  (GhidraScript) ScanAndExportEyePatterns.java> Scanned 96500 functions. Matches so far: 0  
2026-07-06 11:24:06 INFO  (GhidraScript) ScanAndExportEyePatterns.java> Scanned 97000 functions. Matches so far: 0  
2026-07-06 11:24:09 INFO  (GhidraScript) ScanAndExportEyePatterns.java> Scanned 97500 functions. Matches so far: 0  
2026-07-06 11:24:11 INFO  (GhidraScript) ScanAndExportEyePatterns.java> Scanned 98000 functions. Matches so far: 0  
2026-07-06 11:24:12 INFO  (GhidraScript) ScanAndExportEyePatterns.java> Scanned 98500 functions. Matches so far: 0  
2026-07-06 11:24:16 INFO  (GhidraScript) ScanAndExportEyePatterns.java> Scanned 99000 functions. Matches so far: 0  
2026-07-06 11:24:19 INFO  (GhidraScript) ScanAndExportEyePatterns.java> Scanned 99500 functions. Matches so far: 0  
2026-07-06 11:24:21 INFO  (GhidraScript) ScanAndExportEyePatterns.java> Scanned 100000 functions. Matches so far: 0  
2026-07-06 11:24:23 INFO  (GhidraScript) ScanAndExportEyePatterns.java> Scanned 100500 functions. Matches so far: 0  
2026-07-06 11:24:25 INFO  (GhidraScript) ScanAndExportEyePatterns.java> Scanned 101000 functions. Matches so far: 0  
2026-07-06 11:24:27 INFO  (GhidraScript) ScanAndExportEyePatterns.java> Scanned 101500 functions. Matches so far: 0  
2026-07-06 11:24:28 INFO  (GhidraScript) ScanAndExportEyePatterns.java> Scanned 102000 functions. Matches so far: 0  
2026-07-06 11:24:29 INFO  (GhidraScript) ScanAndExportEyePatterns.java> Scanned 102500 functions. Matches so far: 0  
2026-07-06 11:24:31 INFO  (GhidraScript) ScanAndExportEyePatterns.java> Scanned 103000 functions. Matches so far: 0  
2026-07-06 11:24:32 INFO  (GhidraScript) ScanAndExportEyePatterns.java> Scanned 103500 functions. Matches so far: 0  
2026-07-06 11:24:35 INFO  (GhidraScript) ScanAndExportEyePatterns.java> Scanned 104000 functions. Matches so far: 0  
2026-07-06 11:24:37 INFO  (GhidraScript) ScanAndExportEyePatterns.java> Scanned 104500 functions. Matches so far: 0  
2026-07-06 11:24:39 INFO  (GhidraScript) ScanAndExportEyePatterns.java> Scanned 105000 functions. Matches so far: 0  
2026-07-06 11:24:40 INFO  (GhidraScript) ScanAndExportEyePatterns.java> Scanned 105500 functions. Matches so far: 0  
2026-07-06 11:24:41 INFO  (GhidraScript) ScanAndExportEyePatterns.java> Scanned 106000 functions. Matches so far: 0  
2026-07-06 11:24:46 INFO  (GhidraScript) ScanAndExportEyePatterns.java> Scanned 106500 functions. Matches so far: 0  
2026-07-06 11:24:48 INFO  (GhidraScript) ScanAndExportEyePatterns.java> Scanned 107000 functions. Matches so far: 0  
2026-07-06 11:24:49 INFO  (GhidraScript) ScanAndExportEyePatterns.java> Scanned 107500 functions. Matches so far: 0  
2026-07-06 11:24:51 INFO  (GhidraScript) ScanAndExportEyePatterns.java> Scanned 108000 functions. Matches so far: 0  
2026-07-06 11:24:59 INFO  (GhidraScript) ScanAndExportEyePatterns.java> Scanned 108500 functions. Matches so far: 0  
2026-07-06 11:25:05 INFO  (GhidraScript) ScanAndExportEyePatterns.java> Scanned 109000 functions. Matches so far: 0  
2026-07-06 11:25:09 INFO  (GhidraScript) ScanAndExportEyePatterns.java> Scanned 109500 functions. Matches so far: 0  
2026-07-06 11:25:13 INFO  (GhidraScript) ScanAndExportEyePatterns.java> Scanned 110000 functions. Matches so far: 0  
2026-07-06 11:25:15 INFO  (GhidraScript) ScanAndExportEyePatterns.java> Scanned 110500 functions. Matches so far: 0  
2026-07-06 11:25:19 INFO  (GhidraScript) ScanAndExportEyePatterns.java> Scanned 111000 functions. Matches so far: 0  
2026-07-06 11:25:23 INFO  (GhidraScript) ScanAndExportEyePatterns.java> Scanned 111500 functions. Matches so far: 0  
2026-07-06 11:25:25 INFO  (GhidraScript) ScanAndExportEyePatterns.java> Scanned 112000 functions. Matches so far: 0  
2026-07-06 11:25:27 INFO  (GhidraScript) ScanAndExportEyePatterns.java> Scanned 112500 functions. Matches so far: 0  
2026-07-06 11:25:31 INFO  (GhidraScript) ScanAndExportEyePatterns.java> Scanned 113000 functions. Matches so far: 0  
2026-07-06 11:25:33 INFO  (GhidraScript) ScanAndExportEyePatterns.java> Scanned 113500 functions. Matches so far: 0  
2026-07-06 11:25:35 INFO  (GhidraScript) ScanAndExportEyePatterns.java> Scanned 114000 functions. Matches so far: 0  
2026-07-06 11:25:37 INFO  (GhidraScript) ScanAndExportEyePatterns.java> Scanned 114500 functions. Matches so far: 0  
2026-07-06 11:25:39 INFO  (GhidraScript) ScanAndExportEyePatterns.java> Scanned 115000 functions. Matches so far: 0  
2026-07-06 11:25:42 INFO  (GhidraScript) ScanAndExportEyePatterns.java> Scanned 115500 functions. Matches so far: 0  
2026-07-06 11:25:44 INFO  (GhidraScript) ScanAndExportEyePatterns.java> Scanned 116000 functions. Matches so far: 0  
2026-07-06 11:25:46 INFO  (GhidraScript) ScanAndExportEyePatterns.java> Scanned 116500 functions. Matches so far: 0  
2026-07-06 11:25:49 INFO  (GhidraScript) ScanAndExportEyePatterns.java> Scanned 117000 functions. Matches so far: 0  
2026-07-06 11:25:57 INFO  (GhidraScript) ScanAndExportEyePatterns.java> Scanned 117500 functions. Matches so far: 0  
2026-07-06 11:26:08 INFO  (GhidraScript) ScanAndExportEyePatterns.java> Scanned 118000 functions. Matches so far: 0  
2026-07-06 11:26:15 INFO  (GhidraScript) ScanAndExportEyePatterns.java> Scanned 118500 functions. Matches so far: 0  
2026-07-06 11:26:17 INFO  (GhidraScript) ScanAndExportEyePatterns.java> Scanned 119000 functions. Matches so far: 0  
2026-07-06 11:26:22 INFO  (GhidraScript) ScanAndExportEyePatterns.java> Scanned 119500 functions. Matches so far: 0  
2026-07-06 11:26:25 INFO  (GhidraScript) ScanAndExportEyePatterns.java> Scanned 120000 functions. Matches so far: 0  
2026-07-06 11:26:27 INFO  (GhidraScript) ScanAndExportEyePatterns.java> Scanned 120500 functions. Matches so far: 0  
2026-07-06 11:26:30 INFO  (GhidraScript) ScanAndExportEyePatterns.java> Scanned 121000 functions. Matches so far: 0  
2026-07-06 11:26:34 INFO  (GhidraScript) ScanAndExportEyePatterns.java> Scanned 121500 functions. Matches so far: 0  
2026-07-06 11:26:38 INFO  (GhidraScript) ScanAndExportEyePatterns.java> Scanned 122000 functions. Matches so far: 0  
2026-07-06 11:26:42 INFO  (GhidraScript) ScanAndExportEyePatterns.java> Scanned 122500 functions. Matches so far: 0  
2026-07-06 11:26:46 INFO  (GhidraScript) ScanAndExportEyePatterns.java> Scanned 123000 functions. Matches so far: 0  
2026-07-06 11:26:50 INFO  (GhidraScript) ScanAndExportEyePatterns.java> Scanned 123500 functions. Matches so far: 0  
2026-07-06 11:26:54 INFO  (GhidraScript) ScanAndExportEyePatterns.java> Scanned 124000 functions. Matches so far: 0  
2026-07-06 11:26:59 INFO  (GhidraScript) ScanAndExportEyePatterns.java> Scanned 124500 functions. Matches so far: 0  
2026-07-06 11:27:02 INFO  (GhidraScript) ScanAndExportEyePatterns.java> Scanned 125000 functions. Matches so far: 0  
2026-07-06 11:27:04 INFO  (GhidraScript) ScanAndExportEyePatterns.java> Scanned 125500 functions. Matches so far: 0  
2026-07-06 11:27:04 INFO  (GhidraScript) ScanAndExportEyePatterns.java> Scanned 126000 functions. Matches so far: 0  
2026-07-06 11:27:05 INFO  (GhidraScript) ScanAndExportEyePatterns.java> Scanned 126500 functions. Matches so far: 0  
2026-07-06 11:27:06 INFO  (GhidraScript) ScanAndExportEyePatterns.java> Scanned 127000 functions. Matches so far: 0  
2026-07-06 11:27:09 INFO  (GhidraScript) ScanAndExportEyePatterns.java> Scanned 127500 functions. Matches so far: 0  
2026-07-06 11:27:11 INFO  (GhidraScript) ScanAndExportEyePatterns.java> Scanned 128000 functions. Matches so far: 0  
2026-07-06 11:27:12 INFO  (GhidraScript) ScanAndExportEyePatterns.java> Scanned 128500 functions. Matches so far: 0  
2026-07-06 11:27:12 INFO  (GhidraScript) ScanAndExportEyePatterns.java> Scanned 129000 functions. Matches so far: 0  
2026-07-06 11:27:13 INFO  (GhidraScript) ScanAndExportEyePatterns.java> Scanned 129500 functions. Matches so far: 0  
2026-07-06 11:27:14 INFO  (GhidraScript) ScanAndExportEyePatterns.java> Scanned 130000 functions. Matches so far: 0  
2026-07-06 11:27:15 INFO  (GhidraScript) ScanAndExportEyePatterns.java> Scanned 130500 functions. Matches so far: 0  
2026-07-06 11:27:15 INFO  (GhidraScript) ScanAndExportEyePatterns.java> Scanned 131000 functions. Matches so far: 0  
2026-07-06 11:27:17 INFO  (GhidraScript) ScanAndExportEyePatterns.java> Scanned 131500 functions. Matches so far: 0  
2026-07-06 11:27:19 INFO  (GhidraScript) ScanAndExportEyePatterns.java> Scanned 132000 functions. Matches so far: 0  
2026-07-06 11:27:20 INFO  (GhidraScript) ScanAndExportEyePatterns.java> Scanned 132500 functions. Matches so far: 0  
2026-07-06 11:27:21 INFO  (GhidraScript) ScanAndExportEyePatterns.java> Scanned 133000 functions. Matches so far: 0  
2026-07-06 11:27:22 INFO  (GhidraScript) ScanAndExportEyePatterns.java> Scanned 133500 functions. Matches so far: 0  
2026-07-06 11:27:24 INFO  (GhidraScript) ScanAndExportEyePatterns.java> Scanned 134000 functions. Matches so far: 0  
2026-07-06 11:27:27 INFO  (GhidraScript) ScanAndExportEyePatterns.java> Scanned 134500 functions. Matches so far: 0  
2026-07-06 11:27:28 INFO  (GhidraScript) ScanAndExportEyePatterns.java> Scanned 135000 functions. Matches so far: 0  
2026-07-06 11:27:29 INFO  (GhidraScript) ScanAndExportEyePatterns.java> Scanned 135500 functions. Matches so far: 0  
2026-07-06 11:27:31 INFO  (GhidraScript) ScanAndExportEyePatterns.java> Scanned 136000 functions. Matches so far: 0  
2026-07-06 11:27:33 INFO  (GhidraScript) ScanAndExportEyePatterns.java> Scanned 136500 functions. Matches so far: 0  
2026-07-06 11:27:35 INFO  (GhidraScript) ScanAndExportEyePatterns.java> Scanned 137000 functions. Matches so far: 0  
2026-07-06 11:27:39 INFO  (GhidraScript) ScanAndExportEyePatterns.java> Scanned 137500 functions. Matches so far: 0  
2026-07-06 11:27:45 INFO  (GhidraScript) ScanAndExportEyePatterns.java> Scanned 138000 functions. Matches so far: 0  
2026-07-06 11:27:51 INFO  (GhidraScript) ScanAndExportEyePatterns.java> Scanned 138500 functions. Matches so far: 0  
2026-07-06 11:27:58 INFO  (GhidraScript) ScanAndExportEyePatterns.java> Scanned 139000 functions. Matches so far: 0  
2026-07-06 11:28:05 INFO  (GhidraScript) ScanAndExportEyePatterns.java> Scanned 139500 functions. Matches so far: 0  
2026-07-06 11:28:08 INFO  (GhidraScript) ScanAndExportEyePatterns.java> Scanned 140000 functions. Matches so far: 0  
2026-07-06 11:28:11 INFO  (GhidraScript) ScanAndExportEyePatterns.java> Scanned 140500 functions. Matches so far: 0  
2026-07-06 11:28:15 INFO  (GhidraScript) ScanAndExportEyePatterns.java> Scanned 141000 functions. Matches so far: 0  
2026-07-06 11:28:18 INFO  (GhidraScript) ScanAndExportEyePatterns.java> Scanned 141500 functions. Matches so far: 0  
2026-07-06 11:28:20 INFO  (GhidraScript) ScanAndExportEyePatterns.java> Scanned 142000 functions. Matches so far: 0  
2026-07-06 11:28:21 INFO  (GhidraScript) ScanAndExportEyePatterns.java> Scanned 142500 functions. Matches so far: 0  
2026-07-06 11:28:25 INFO  (GhidraScript) ScanAndExportEyePatterns.java> Scanned 143000 functions. Matches so far: 0  
2026-07-06 11:28:28 INFO  (GhidraScript) ScanAndExportEyePatterns.java> Scanned 143500 functions. Matches so far: 0  
2026-07-06 11:28:33 INFO  (GhidraScript) ScanAndExportEyePatterns.java> Scanned 144000 functions. Matches so far: 0  
2026-07-06 11:28:36 INFO  (GhidraScript) ScanAndExportEyePatterns.java> Scanned 144500 functions. Matches so far: 0  
2026-07-06 11:28:40 INFO  (GhidraScript) ScanAndExportEyePatterns.java> Scanned 145000 functions. Matches so far: 0  
2026-07-06 11:28:43 INFO  (GhidraScript) ScanAndExportEyePatterns.java> Scanned 145500 functions. Matches so far: 0  
2026-07-06 11:28:44 INFO  (GhidraScript) ScanAndExportEyePatterns.java> Scanned 146000 functions. Matches so far: 0  
2026-07-06 11:28:46 INFO  (GhidraScript) ScanAndExportEyePatterns.java> Scanned 146500 functions. Matches so far: 0  
2026-07-06 11:28:47 INFO  (GhidraScript) ScanAndExportEyePatterns.java> Scanned 147000 functions. Matches so far: 0  
2026-07-06 11:28:48 INFO  (GhidraScript) ScanAndExportEyePatterns.java> Scanned 147500 functions. Matches so far: 0  
2026-07-06 11:28:49 INFO  (GhidraScript) ScanAndExportEyePatterns.java> Scanned 148000 functions. Matches so far: 0  
2026-07-06 11:28:50 INFO  (GhidraScript) ScanAndExportEyePatterns.java> Scanned 148500 functions. Matches so far: 0  
2026-07-06 11:28:52 INFO  (GhidraScript) ScanAndExportEyePatterns.java> Scanned 149000 functions. Matches so far: 0  
2026-07-06 11:28:53 INFO  (GhidraScript) ScanAndExportEyePatterns.java> Scanned 149500 functions. Matches so far: 0  
2026-07-06 11:28:54 INFO  (GhidraScript) ScanAndExportEyePatterns.java> Scanned 150000 functions. Matches so far: 0  
2026-07-06 11:28:57 INFO  (GhidraScript) ScanAndExportEyePatterns.java> Scanned 150500 functions. Matches so far: 0  
2026-07-06 11:29:02 INFO  (GhidraScript) ScanAndExportEyePatterns.java> Scanned 151000 functions. Matches so far: 0  
2026-07-06 11:29:03 INFO  (GhidraScript) ScanAndExportEyePatterns.java> Scanned 151500 functions. Matches so far: 0  
2026-07-06 11:29:05 INFO  (GhidraScript) ScanAndExportEyePatterns.java> Scanned 152000 functions. Matches so far: 0  
2026-07-06 11:29:07 INFO  (GhidraScript) ScanAndExportEyePatterns.java> Scanned 152500 functions. Matches so far: 0  
2026-07-06 11:29:09 INFO  (GhidraScript) ScanAndExportEyePatterns.java> Scanned 153000 functions. Matches so far: 0  
2026-07-06 11:29:11 INFO  (GhidraScript) ScanAndExportEyePatterns.java> Scanned 153500 functions. Matches so far: 0  
2026-07-06 11:29:13 INFO  (GhidraScript) ScanAndExportEyePatterns.java> Scanned 154000 functions. Matches so far: 0  
2026-07-06 11:29:16 INFO  (GhidraScript) ScanAndExportEyePatterns.java> Scanned 154500 functions. Matches so far: 0  
2026-07-06 11:29:18 INFO  (GhidraScript) ScanAndExportEyePatterns.java> Scanned 155000 functions. Matches so far: 0  
2026-07-06 11:29:21 INFO  (GhidraScript) ScanAndExportEyePatterns.java> Scanned 155500 functions. Matches so far: 0  
2026-07-06 11:29:23 INFO  (GhidraScript) ScanAndExportEyePatterns.java> Scanned 156000 functions. Matches so far: 0  
2026-07-06 11:29:26 INFO  (GhidraScript) ScanAndExportEyePatterns.java> Scanned 156500 functions. Matches so far: 0  
2026-07-06 11:29:28 INFO  (GhidraScript) ScanAndExportEyePatterns.java> Scanned 157000 functions. Matches so far: 0  
2026-07-06 11:29:31 INFO  (GhidraScript) ScanAndExportEyePatterns.java> Scanned 157500 functions. Matches so far: 0  
2026-07-06 11:29:36 INFO  (GhidraScript) ScanAndExportEyePatterns.java> Scanned 158000 functions. Matches so far: 0  
2026-07-06 11:29:38 INFO  (GhidraScript) ScanAndExportEyePatterns.java> Scanned 158500 functions. Matches so far: 0  
2026-07-06 11:29:41 INFO  (GhidraScript) ScanAndExportEyePatterns.java> Scanned 159000 functions. Matches so far: 0  
2026-07-06 11:29:44 INFO  (GhidraScript) ScanAndExportEyePatterns.java> Scanned 159500 functions. Matches so far: 0  
2026-07-06 11:29:46 INFO  (GhidraScript) ScanAndExportEyePatterns.java> Scanned 160000 functions. Matches so far: 0  
2026-07-06 11:29:49 INFO  (GhidraScript) ScanAndExportEyePatterns.java> Scanned 160500 functions. Matches so far: 0  
2026-07-06 11:29:51 INFO  (GhidraScript) ScanAndExportEyePatterns.java> Scanned 161000 functions. Matches so far: 0  
2026-07-06 11:29:54 INFO  (GhidraScript) ScanAndExportEyePatterns.java> Scanned 161500 functions. Matches so far: 0  
2026-07-06 11:29:56 INFO  (GhidraScript) ScanAndExportEyePatterns.java> Scanned 162000 functions. Matches so far: 0  
2026-07-06 11:29:59 INFO  (GhidraScript) ScanAndExportEyePatterns.java> Scanned 162500 functions. Matches so far: 0  
2026-07-06 11:30:02 INFO  (GhidraScript) ScanAndExportEyePatterns.java> Scanned 163000 functions. Matches so far: 0  
2026-07-06 11:30:05 INFO  (GhidraScript) ScanAndExportEyePatterns.java> Scanned 163500 functions. Matches so far: 0  
2026-07-06 11:30:07 INFO  (GhidraScript) ScanAndExportEyePatterns.java> Scanned 164000 functions. Matches so far: 0  
2026-07-06 11:30:12 INFO  (GhidraScript) ScanAndExportEyePatterns.java> Scanned 164500 functions. Matches so far: 0  
2026-07-06 11:30:14 INFO  (GhidraScript) ScanAndExportEyePatterns.java> Scanned 165000 functions. Matches so far: 0  
